ticker,fwd_days,n_bars,sp_mean,sp_std,thresh_lo,thresh_hi,baseline_trough_n,baseline_trough_mean,baseline_trough_median,baseline_trough_winrate,P1_ExtremeLow_n,P1_ExtremeLow_mean,P1_ExtremeLow_median,P1_ExtremeLow_winrate,P1b_ModerateLow_n,P1b_ModerateLow_mean,P1b_ModerateLow_median,P1b_ModerateLow_winrate,P2_BullDominant_n,P2_BullDominant_mean,P2_BullDominant_median,P2_BullDominant_winrate,P3_POCDivergence_n,P3_POCDivergence_mean,P3_POCDivergence_median,P3_POCDivergence_winrate,P4_P1andP2_n,P4_P1andP2_mean,P4_P1andP2_median,P4_P1andP2_winrate,P5_VW_ExtremeLow_n,P5_VW_ExtremeLow_mean,P5_VW_ExtremeLow_median,P5_VW_ExtremeLow_winrate,baseline_peak_n,baseline_peak_mean,baseline_peak_median,baseline_peak_winrate,P1_ExtremeHigh_n,P1_ExtremeHigh_mean,P1_ExtremeHigh_median,P1_ExtremeHigh_winrate,P2p_BearDominant_n,P2p_BearDominant_mean,P2p_BearDominant_median,P2p_BearDominant_winrate
A,10,1255,-1.7782,10.5762,-22.9305,19.3742,36,5.215193281078924,4.743191785307581,100.0,2,8.564561661679635,8.564561661679635,100.0,11,5.760428625716956,5.761900505851952,100.0,18,5.776462331344425,4.743191785307581,100.0,6,5.461125803586917,4.801715898078356,100.0,0,,,,2,8.564561661679635,8.564561661679635,100.0,36,5.46310454810737,4.925390387913203,100.0,0,,,,10,6.4721679992080965,6.726667383744587,100.0
A,20,1255,-1.7782,10.5762,-22.9305,19.3742,36,5.864414735663511,5.622922047969703,80.55555555555556,2,11.124357419411387,11.124357419411387,100.0,11,5.974995110317827,5.821010059717505,90.9090909090909,18,7.153141252293384,6.918640414799278,83.33333333333334,6,3.089370236326299,5.808144572902639,66.66666666666666,0,,,,2,11.124357419411387,11.124357419411387,100.0,36,4.751699884299522,5.540833593078341,80.55555555555556,0,,,,10,5.4232751997375575,6.578130275070235,80.0
A,30,1255,-1.7782,10.5762,-22.9305,19.3742,36,4.997213296771301,5.727619012331262,63.888888888888886,2,5.149415340846969,5.149415340846969,100.0,11,5.916855629943745,5.490783696091348,72.72727272727273,18,6.017400814836954,5.970292783505407,61.111111111111114,6,4.504678724845552,4.988038167278178,66.66666666666666,0,,,,2,5.149415340846969,5.149415340846969,100.0,36,4.694923173845392,5.311524975474583,69.44444444444444,0,,,,10,4.89500322325184,5.01632200808695,60.0
A,60,1255,-1.7782,10.5762,-22.9305,19.3742,36,5.078926857512984,3.080064712573191,55.55555555555556,2,19.415274288089034,19.415274288089034,100.0,11,5.956696135641835,-0.2914696845577427,45.45454545454545,18,4.370120886270481,3.080064712573191,61.111111111111114,6,3.6704897111969355,4.513945411421286,50.0,0,,,,2,19.415274288089034,19.415274288089034,100.0,36,5.5014439765196235,7.4922344898481095,63.888888888888886,0,,,,10,2.5894951914489805,-0.7101262455286287,50.0
AAPL,10,1255,2.3875,8.9815,-15.5756,20.3506,30,7.601701715705897,6.917520236766776,100.0,5,8.943841781123565,6.819920146568926,100.0,14,8.12836295586889,7.703558423850253,100.0,19,7.3257718832567535,7.015120326964626,100.0,6,7.564805620221375,6.302158105754382,100.0,0,,,,4,10.402091381008136,8.549133948071471,100.0,31,5.179025494739564,5.354472626885398,100.0,1,6.822257709828768,6.822257709828768,100.0,7,4.5720393574075855,4.106495447857715,100.0
AAPL,20,1255,2.3875,8.9815,-15.5756,20.3506,30,7.628907466535641,7.2039322753772055,93.33333333333333,5,9.72601809217611,13.078596910674408,80.0,14,7.673404972199575,8.69768368763837,85.71428571428571,19,6.80339296912786,6.924914821405586,94.73684210526315,6,1.8933218623805343,0.3681476403913038,66.66666666666666,0,,,,4,11.56604435335916,13.449741136905958,75.0,31,4.201484951199857,5.230623662584737,74.19354838709677,1,5.661316612030639,5.661316612030639,100.0,7,1.587870334369047,5.230623662584737,57.14285714285714
AAPL,30,1255,2.3875,8.9815,-15.5756,20.3506,30,8.40767560284198,7.603304530696809,80.0,5,13.873893564327227,17.361674842318443,100.0,14,9.061451685663636,7.1125741823265525,78.57142857142857,19,6.432760241286975,6.618472715508411,73.68421052631578,6,4.890801152673627,3.5840831781634863,66.66666666666666,0,,,,4,16.703690692231916,19.784238334515386,100.0,31,3.550766449718485,3.6580709752966394,67.74193548387096,1,2.7791916722998713,2.7791916722998713,100.0,7,-2.733382619146592,-5.139266123848604,42.857142857142854
AAPL,60,1255,2.3875,8.9815,-15.5756,20.3506,30,12.827678520655546,14.665304584177864,80.0,5,20.67964886171665,21.92628660855523,100.0,14,15.221967996542231,16.285522943176897,78.57142857142857,19,7.353740777896412,7.267578012538024,68.42105263157895,6,11.129094642173117,14.672770586210849,66.66666666666666,0,,,,4,24.911129870302137,24.039334022004084,100.0,31,-0.45213902339082135,0.8311234196869377,54.83870967741935,1,2.135392182035337,2.135392182035337,100.0,7,-15.722442591671921,-17.075644069796393,14.285714285714285
ABBV,10,1255,4.1962,7.4304,-10.6647,19.057,30,5.742590748585842,5.277015657861432,100.0,3,3.2518527240111585,1.9326805585572784,100.0,13,6.918087477372221,5.986862631722251,100.0,13,6.270503807817071,6.56916019547663,100.0,8,6.1553427734085755,6.229450062799619,100.0,0,,,,3,3.2518527240111585,1.9326805585572784,100.0,33,4.908406568118215,3.8529091748256223,100.0,1,9.906008771115536,9.906008771115536,100.0,4,4.8085063919867626,2.90666062412275,100.0
ABBV,20,1255,4.1962,7.4304,-10.6647,19.057,30,5.451445814265551,5.077147124843618,76.66666666666667,3,6.895422071016202,6.1430700885356275,100.0,13,7.086530057149204,8.442299102582348,84.61538461538461,13,5.261688631564988,5.854875629338717,84.61538461538461,8,3.3890184619534773,2.959611115968392,75.0,0,,,,3,6.895422071016202,6.1430700885356275,100.0,33,3.55508563967924,3.1803399799231498,72.72727272727273,1,12.98409236389878,12.98409236389878,100.0,4,0.8587879157612109,-1.7966174516914468,50.0
ABBV,30,1255,4.1962,7.4304,-10.6647,19.057,30,7.837704876205056,8.457890785575204,83.33333333333334,3,8.362624015551921,7.373363423464872,100.0,13,9.877386886912472,9.831960029611452,100.0,13,7.0746889822035905,9.212302174587505,76.92307692307693,8,6.6319412197945375,7.5478912417177835,87.5,0,,,,3,8.362624015551921,7.373363423464872,100.0,33,2.9480366254529407,3.3137958512081145,69.6969696969697,1,14.673002302962693,14.673002302962693,100.0,4,-0.11533220151414181,-4.677654295393534,25.0
ABBV,60,1255,4.1962,7.4304,-10.6647,19.057,30,11.611916697608669,12.311772425837319,80.0,3,16.05778657977333,16.544644162335427,100.0,13,15.683699571435868,16.544644162335427,100.0,13,14.129450594217813,13.45387784743391,84.61538461538461,8,9.488503377753764,7.715694775306858,75.0,0,,,,3,16.05778657977333,16.544644162335427,100.0,33,-0.12926990222178436,4.088891706946054,60.60606060606061,1,12.384609703117192,12.384609703117192,100.0,4,-2.40735266031769,-3.717336420727805,50.0
ABNB,10,1255,-2.2457,13.7372,-29.7201,25.2288,35,9.036129003141868,6.673219572999846,100.0,4,11.573269218780556,11.382204973025015,100.0,10,13.16534579997969,13.35021326700329,100.0,15,7.988935941366929,6.405837964319152,100.0,11,7.581428869802171,5.296743029700747,100.0,0,,,,6,13.527157746107179,14.206283996858819,100.0,31,9.996909964919478,9.574541004178903,100.0,1,9.81924759131223,9.81924759131223,100.0,8,12.478668263083787,11.125405723720302,100.0
ABNB,20,1255,-2.2457,13.7372,-29.7201,25.2288,35,9.29077227956258,7.582402666762311,85.71428571428571,4,14.505070085219868,13.686004736360417,75.0,10,15.753878398584936,13.34653571717728,90.0,15,6.333864616449525,4.8663514341582985,80.0,11,7.304619892749366,5.211292153569809,90.9090909090909,0,,,,6,18.17263561439293,20.53813529381126,83.33333333333334,31,9.431550805048577,9.115120976364604,93.54838709677419,1,15.256058615989945,15.256058615989945,100.0,8,11.723781139206826,11.37704115763307,87.5
ABNB,30,1255,-2.2457,13.7372,-29.7201,25.2288,35,8.443390573648374,4.395601702535151,74.28571428571429,4,19.328250137484645,22.953804732452166,75.0,10,17.41084655638442,20.027228818331068,80.0,15,4.210615361652155,3.0080672233335433,73.33333333333333,11,7.752790073293036,3.981428676054782,72.72727272727273,0,,,,6,21.20801332237353,24.96753969215131,83.33333333333334,31,8.388561297186163,8.929896749236905,83.87096774193549,1,10.773201004396507,10.773201004396507,100.0,8,9.816510835809872,6.588688017922055,100.0
ABNB,60,1255,-2.2457,13.7372,-29.7201,25.2288,35,7.88022160048342,5.203924172258806,65.71428571428571,4,21.528837671825677,17.578611022777444,100.0,10,18.76194242413458,19.791197062612184,90.0,15,5.031666405798936,2.1612905686901462,60.0,11,8.27294687301029,15.948887769988524,63.63636363636363,0,,,,6,17.40657891283956,17.578611022777444,83.33333333333334,31,11.640037880959442,11.10714323301981,74.19354838709677,1,24.128532370861468,24.128532370861468,100.0,8,14.702580032902823,10.260324155051151,62.5
ABT,10,1255,-0.238,6.8873,-14.0125,13.5366,35,4.686454949521799,4.202255091858585,100.0,3,6.377136469973668,6.944434217825232,100.0,13,5.192287107936216,4.398837469467272,100.0,20,4.2964707022214625,3.025190020351464,100.0,11,5.38474005108683,4.3238047522853655,100.0,0,,,,3,6.377136469973668,6.944434217825232,100.0,33,4.0777260027065445,3.170607480495049,100.0,1,8.971618829991245,8.971618829991245,100.0,5,4.233872969700089,2.471719980696619,100.0
ABT,20,1255,-0.238,6.8873,-14.0125,13.5366,35,5.245452059071093,4.889559549846159,85.71428571428571,3,5.17734808817577,5.315640197420307,100.0,13,6.00464314794419,5.315640197420307,92.3076923076923,20,5.37559504131122,4.826362764023615,85.0,11,5.5755232538138655,3.8915873920957953,72.72727272727273,0,,,,3,5.17734808817577,5.315640197420307,100.0,33,3.811054938194649,3.0902194797265032,84.84848484848484,1,5.398668278751062,5.398668278751062,100.0,5,2.9619817367711985,4.652113665258099,80.0
ABT,30,1255,-0.238,6.8873,-14.0125,13.5366,35,5.491935509077483,4.527078102582092,77.14285714285715,3,8.415285989230654,7.775823006488267,100.0,13,7.072657673436527,7.775823006488267,92.3076923076923,20,4.720719242538974,3.498319702459316,70.0,11,7.529982812254755,5.672992424029008,72.72727272727273,0,,,,3,8.415285989230654,7.775823006488267,100.0,33,4.443659763288701,4.985290955063889,78.78787878787878,1,8.74340896427421,8.74340896427421,100.0,5,2.249493263329897,2.8896505362145843,60.0
ABT,60,1255,-0.238,6.8873,-14.0125,13.5366,35,3.917508839439227,2.6366266055890044,62.857142857142854,3,10.863179169277805,4.154441755629315,100.0,13,8.715761986284146,10.007476527041343,84.61538461538461,20,1.8025340819011149,0.18037727326220016,50.0,11,6.450495976765281,10.007476527041343,72.72727272727273,0,,,,3,10.863179169277805,4.154441755629315,100.0,33,6.362303354058033,6.730989098614009,81.81818181818183,1,5.411816537227642,5.411816537227642,100.0,5,5.814520305589253,10.390973853206775,60.0
ACGL,10,1255,3.8163,7.1256,-10.4349,18.0676,36,5.747224420064611,5.735044697172098,100.0,5,5.8280315403593494,7.042251971907024,100.0,14,5.9284824474357025,6.0404155690773464,100.0,26,5.908088528547296,6.021137317754921,100.0,7,5.732773717090761,6.898117434070867,100.0,2,7.92557726545793,7.92557726545793,100.0,7,5.966074377111113,7.042251971907024,100.0,30,4.490260002692101,4.61973515217897,100.0,1,0.9722309668096436,0.9722309668096436,100.0,3,3.4345201792461926,2.655738038443477,100.0
ACGL,20,1255,3.8163,7.1256,-10.4349,18.0676,36,7.211042810523476,7.292838429326279,94.44444444444444,5,5.55026278887506,6.95524544315463,100.0,14,6.926185854441513,7.040289717624217,100.0,26,7.414200542507926,7.932142224149312,92.3076923076923,7,8.485869797000953,9.079769879228714,100.0,2,1.7335485038681284,1.7335485038681284,100.0,7,5.934929773525498,6.95524544315463,100.0,30,4.229218337666789,5.154224098613847,86.66666666666667,1,-5.524678649568247,-5.524678649568247,0.0,3,6.108196118403101,6.392455847011822,100.0
ACGL,30,1255,3.8163,7.1256,-10.4349,18.0676,36,7.493336149681626,7.897858963526014,83.33333333333334,5,4.049465277897134,2.9836689712353386,100.0,14,7.17645721973452,3.937072385270519,85.71428571428571,26,8.57827066177279,8.911701768751989,84.61538461538461,7,10.678302984856339,13.365100252771125,100.0,2,1.5916461240955324,1.5916461240955324,100.0,7,4.390247704448312,2.9836689712353386,85.71428571428571,30,2.401059657494021,3.136273176424913,73.33333333333333,1,-5.524678649568247,-5.524678649568247,0.0,3,3.7652478071485542,2.939918722561728,100.0
ACGL,60,1255,3.8163,7.1256,-10.4349,18.0676,36,9.896130827552279,7.845929590158807,83.33333333333334,5,7.870150991167103,5.050167290236999,80.0,14,9.451082072042357,7.172685329290706,85.71428571428571,26,11.080739131728542,10.502977485953995,80.76923076923077,7,12.407846761850411,11.413689914979628,100.0,2,3.6274393480021123,3.6274393480021123,50.0,7,7.467054031090307,5.050167290236999,85.71428571428571,30,-0.9616512701135914,1.1660968296370378,56.666666666666664,1,-10.617278722781338,-10.617278722781338,0.0,3,2.4514369714443878,2.1092899510117826,100.0
ACN,10,1255,-2.0754,10.5387,-23.1528,19.0019,35,7.1113827908305,7.73384985021564,100.0,2,9.41612216239544,9.41612216239544,100.0,13,6.714101500783117,7.377985670682656,100.0,16,6.564999776911654,7.744740780802125,100.0,8,4.864508219986078,4.3797429387835205,100.0,0,,,,2,9.41612216239544,9.41612216239544,100.0,31,4.990651828567342,4.379450939297063,100.0,0,,,,12,5.261013903101114,4.809622009636618,100.0
ACN,20,1255,-2.0754,10.5387,-23.1528,19.0019,35,6.452311816487694,7.172807899986243,77.14285714285715,2,1.4248913809023442,1.4248913809023442,100.0,13,4.081303654639078,5.790106740186976,69.23076923076923,16,7.348778182612971,6.292063307000678,81.25,8,2.690990633398485,0.23519234930161304,50.0,0,,,,2,1.4248913809023442,1.4248913809023442,100.0,31,4.240454092717791,3.558061376951111,80.64516129032258,0,,,,12,2.708060099461331,2.531506163682714,83.33333333333334
ACN,30,1255,-2.0754,10.5387,-23.1528,19.0019,35,5.598194889317536,6.349405437474205,82.85714285714286,2,0.5394238633621848,0.5394238633621848,100.0,13,5.922242885066605,6.828477393921317,84.61538461538461,16,3.76951573567078,4.4008260641080685,81.25,8,6.205777664482962,6.26758795426386,75.0,0,,,,2,0.5394238633621848,0.5394238633621848,100.0,31,4.364864591944563,4.703926993145532,61.29032258064516,0,,,,12,4.451389542588912,5.602790673735231,66.66666666666666
ACN,60,1255,-2.0754,10.5387,-23.1528,19.0019,35,5.96423409699698,4.977788667778695,65.71428571428571,2,10.919914537304061,10.919914537304061,100.0,13,7.338904205428793,4.977788667778695,84.61538461538461,16,3.0248206994804128,3.290737579149079,56.25,8,6.27500272401776,3.4690819156562505,62.5,0,,,,2,10.919914537304061,10.919914537304061,100.0,31,7.384459307292636,6.289185957296636,70.96774193548387,0,,,,12,6.329928146153928,4.84543477428693,58.333333333333336
ADBE,10,1255,-5.1894,13.9942,-33.1778,22.7991,35,6.899891369322792,4.9371128546275544,100.0,4,5.623304821085115,4.808563825546276,100.0,12,7.070057790431911,4.916868443691213,100.0,14,6.587444517550525,5.85568066331527,100.0,7,5.0641046787404,3.4358261159435197,100.0,1,4.987770939875989,4.987770939875989,100.0,5,6.0825766691303755,4.987770939875989,100.0,29,7.772800916001251,5.53632575679262,100.0,2,3.7748676492038653,3.7748676492038653,100.0,6,9.661024751612876,7.164496341081279,100.0
ADBE,20,1255,-5.1894,13.9942,-33.1778,22.7991,35,7.419097864731831,5.574727203257912,74.28571428571429,4,8.90475065388467,9.400599075261768,75.0,12,8.810294300804216,9.312464010424339,75.0,14,4.922373849897839,2.959624194814496,71.42857142857143,7,0.9404622505146131,-1.2210100222660079,42.857142857142854,1,-1.525210880047494,-1.525210880047494,0.0,5,10.122394840932468,13.226470947265625,80.0,29,10.344392124776503,10.526814275664746,93.10344827586206,2,-2.9643399829079056,-2.9643399829079056,50.0,6,14.944924991805777,14.613601409848002,100.0
ADBE,30,1255,-5.1894,13.9942,-33.1778,22.7991,35,6.131172245133279,2.558400384759433,57.14285714285714,4,11.548573777558088,12.619209973133284,75.0,12,7.53586697695577,6.350349097019265,58.333333333333336,14,5.961923449472278,5.437289986894643,64.28571428571429,7,-0.6252219514690535,-3.0339945946858107,28.57142857142857,1,3.464890893532193,3.464890893532193,100.0,5,8.624387823228147,3.464890893532193,60.0,29,10.798470577122245,10.565580181288697,86.20689655172413,2,-5.850604311541442,-5.850604311541442,0.0,6,12.002575888409396,13.79350187552276,83.33333333333334
ADBE,60,1255,-5.1894,13.9942,-33.1778,22.7991,35,3.7995910521790304,0.5095196277925551,51.42857142857142,4,7.167925175246622,7.5378067118028795,75.0,12,8.826450784044964,10.515045710546055,75.0,14,1.2732055508280913,-0.6936893665910975,50.0,7,-6.2950865827250775,-9.50133161354388,14.285714285714285,1,-8.16626064206795,-8.16626064206795,0.0,5,8.582765077408784,10.861762551700384,80.0,29,10.80317195335082,13.927729669917511,79.3103448275862,2,-3.348845809808254,-3.348845809808254,50.0,6,15.138826856538692,17.031346309750596,83.33333333333334
ADI,10,1255,2.9473,7.9962,-13.0451,18.9397,34,6.496087929964666,4.620072003237781,100.0,4,9.151814123316194,7.896956110797143,100.0,15,8.560250327751229,6.312258120378876,100.0,22,6.450423100320793,4.620072003237781,100.0,11,7.401677128047949,5.631982611103637,100.0,1,14.85269898887065,14.85269898887065,100.0,4,9.151814123316194,7.896956110797143,100.0,39,5.715097091099954,5.469942092248843,100.0,2,3.110901552408755,3.110901552408755,100.0,8,8.123206396907028,7.450855761656479,100.0
ADI,20,1255,2.9473,7.9962,-13.0451,18.9397,34,6.984194640739026,6.471386302889132,79.41176470588235,4,15.998670627201896,18.757311937895125,100.0,15,9.288321913636002,6.584209071169232,86.66666666666667,22,6.369807876341955,6.593909688127856,77.27272727272727,11,6.6066495765698425,5.382733688932968,81.81818181818183,1,6.358563534609033,6.358563534609033,100.0,4,15.998670627201896,18.757311937895125,100.0,39,4.990500850793431,4.4252436863866444,87.17948717948718,2,3.917934163720142,3.917934163720142,100.0,8,3.9561568192743106,4.1557555750771975,75.0
ADI,30,1255,2.9473,7.9962,-13.0451,18.9397,34,9.054134497318953,6.023717135131399,79.41176470588235,4,21.096435304492516,21.519949731496716,100.0,15,11.797963315359793,7.014554106518468,80.0,22,8.074181619753364,6.945308641042249,77.27272727272727,11,8.464020556546863,3.396953729407219,90.9090909090909,1,4.930309506870253,4.930309506870253,100.0,4,21.096435304492516,21.519949731496716,100.0,39,4.187375935501289,4.824601419918742,76.92307692307693,2,1.4983858659146654,1.4983858659146654,100.0,8,4.085994575213398,3.633555207970809,87.5
ADI,60,1255,2.9473,7.9962,-13.0451,18.9397,34,12.128034777792367,7.444924122601746,85.29411764705883,4,28.29450024377507,24.86392536488676,100.0,15,15.468922119181661,7.96146492178745,93.33333333333333,22,10.35432757942836,6.523001066579384,81.81818181818183,11,15.02515350444803,10.684153899771474,90.9090909090909,1,13.835237660810073,13.835237660810073,100.0,4,28.29450024377507,24.86392536488676,100.0,39,2.4317852242476596,5.357830587714058,64.1025641025641,2,6.535635120693309,6.535635120693309,100.0,8,2.273505501672485,0.9705079995667729,50.0
ADM,10,1255,0.1903,10.7475,-21.3046,21.6852,37,4.906148659471817,4.182185105724968,100.0,1,3.5390949086902608,3.5390949086902608,100.0,12,5.284112239050451,3.9911965692294356,100.0,20,5.410571716717287,4.635006790943736,100.0,7,3.4346450663641126,2.071169066174173,100.0,0,,,,1,3.5390949086902608,3.5390949086902608,100.0,29,5.30791058370036,4.607374583680763,100.0,2,5.172029102206968,5.172029102206968,100.0,9,6.455763785795053,5.4959309132348295,100.0
ADM,20,1255,0.1903,10.7475,-21.3046,21.6852,37,4.663654798793393,4.738012627572143,72.97297297297297,1,5.012609858124399,5.012609858124399,100.0,12,6.096225977747868,5.335332486136224,91.66666666666666,20,7.462750641893801,7.513953147088591,80.0,7,2.811376769426731,2.912910563948486,57.14285714285714,0,,,,1,5.012609858124399,5.012609858124399,100.0,29,5.422262861998955,4.281995517244615,89.65517241379311,2,9.498814493822788,9.498814493822788,100.0,9,5.66325567032642,5.490766333432512,88.88888888888889
ADM,30,1255,0.1903,10.7475,-21.3046,21.6852,37,5.9727527947137,5.326543424204483,70.27027027027027,1,7.684596839667897,7.684596839667897,100.0,12,7.6156967336246595,6.846275156651686,75.0,20,9.137806590970559,10.224455985723628,80.0,7,5.425070446584779,3.489825854418255,57.14285714285714,0,,,,1,7.684596839667897,7.684596839667897,100.0,29,4.492721510316887,3.660062188310097,75.86206896551724,2,5.369390106541834,5.369390106541834,100.0,9,7.032268017974731,4.09009889725557,88.88888888888889
ADM,60,1255,0.1903,10.7475,-21.3046,21.6852,37,7.129004638974247,8.520318491620953,64.86486486486487,1,22.79304935021262,22.79304935021262,100.0,12,6.445918332547635,7.49796863400389,66.66666666666666,20,11.531380938923899,13.289946236494377,75.0,7,5.344464876443916,-3.37381325645585,42.857142857142854,0,,,,1,22.79304935021262,22.79304935021262,100.0,29,3.9001056304866055,4.952496076928135,68.96551724137932,2,15.37362440167056,15.37362440167056,100.0,9,3.3551622021606757,5.699963121681751,66.66666666666666
ADP,10,1255,0.3096,7.8978,-15.486,16.1053,36,4.050518924488974,4.156912195230249,100.0,1,5.0469873012586834,5.0469873012586834,100.0,13,4.504401203300527,4.643129710780781,100.0,21,3.866680239316121,3.5672114390559284,100.0,10,4.12958441387811,4.0722576252498275,100.0,0,,,,1,5.0469873012586834,5.0469873012586834,100.0,30,3.687885277911851,2.889445385967626,100.0,0,,,,7,4.202064326158483,2.9508958985646885,100.0
ADP,20,1255,0.3096,7.8978,-15.486,16.1053,36,3.527587155359597,2.9369632761135933,80.55555555555556,1,4.234865942187792,4.234865942187792,100.0,13,3.4766709122223096,3.174298135046373,84.61538461538461,21,3.2154715069376385,2.6996284171808136,76.19047619047619,10,4.070577837252031,2.2643227834480135,80.0,0,,,,1,4.234865942187792,4.234865942187792,100.0,30,4.8547554986155115,3.498446657803159,96.66666666666667,0,,,,7,4.124486016488182,4.265663401827436,85.71428571428571
ADP,30,1255,0.3096,7.8978,-15.486,16.1053,36,5.144704385162235,3.4382521223151725,80.55555555555556,1,5.519922236490471,5.519922236490471,100.0,13,6.071069054954732,3.7050786208453,84.61538461538461,21,4.913882461498784,2.6861409070654343,76.19047619047619,10,5.723902587700001,4.799315529518549,70.0,0,,,,1,5.519922236490471,5.519922236490471,100.0,30,3.847778121025375,4.406993522130812,73.33333333333333,0,,,,7,5.09900951883637,5.602875076316809,71.42857142857143
ADP,60,1255,0.3096,7.8978,-15.486,16.1053,36,5.554365007586675,5.617173469461781,66.66666666666666,1,-12.725425117650893,-12.725425117650893,0.0,13,7.521741093480917,11.989072172360165,76.92307692307693,21,3.1133045357432603,4.118584229789242,57.14285714285714,10,5.518817093811096,5.070789770724094,50.0,0,,,,1,-12.725425117650893,-12.725425117650893,0.0,30,3.5466256180950215,3.332824754142756,60.0,0,,,,7,2.7083677397649484,2.5907345493477973,57.14285714285714
ADSK,10,1255,-1.67,11.344,-24.358,21.0179,34,7.858329535694984,7.979094947917501,100.0,4,6.098842589159532,5.062132748352381,100.0,12,9.347934832245095,9.597162808839334,100.0,13,7.110850269074861,7.232631547168461,100.0,7,7.588695086032125,8.81608900563614,100.0,1,4.312079267225796,4.312079267225796,100.0,4,6.098842589159532,5.062132748352381,100.0,36,7.574840043339581,6.355615599769221,100.0,0,,,,7,10.343763934813998,7.739879397526854,100.0
ADSK,20,1255,-1.67,11.344,-24.358,21.0179,34,7.7253662231922196,4.7731567155848555,88.23529411764706,4,3.183956589103308,4.4160981651778055,75.0,12,9.8760387651325,6.665700308479217,83.33333333333334,13,5.9415064049179875,4.57570092583277,84.61538461538461,7,5.901528929175673,4.045689486197818,85.71428571428571,1,-3.9534717047762578,-3.9534717047762578,0.0,4,3.183956589103308,4.4160981651778055,75.0,36,6.6396761414894705,6.507960788884102,77.77777777777779,0,,,,7,7.5672491514099685,5.615873479893732,71.42857142857143
ADSK,30,1255,-1.67,11.344,-24.358,21.0179,34,8.202354054528694,5.660824172197021,85.29411764705883,4,5.825150819461895,3.2181625137004444,50.0,12,11.812548191551727,8.699412477206778,83.33333333333334,13,3.3393363834472662,4.201386198202436,69.23076923076923,7,9.305595645038947,7.582757037557844,100.0,1,-15.896967340746654,-15.896967340746654,0.0,4,5.825150819461895,3.2181625137004444,50.0,36,6.798828698803825,5.52853034072954,75.0,0,,,,7,10.26365545152388,12.068212803673383,85.71428571428571
ADSK,60,1255,-1.67,11.344,-24.358,21.0179,34,9.43818999535491,9.513229396446771,79.41176470588235,4,6.700569683515917,8.2048215749016,75.0,12,13.758459404655804,18.132916294937484,83.33333333333334,13,-2.1991536023425127,-2.85232869773613,46.15384615384615,7,9.446588832620348,10.863615348012074,71.42857142857143,1,-16.404272354098904,-16.404272354098904,0.0,4,6.700569683515917,8.2048215749016,75.0,36,7.311818030182511,5.847951556956142,75.0,0,,,,7,0.6060213133956422,0.8935437056249934,57.14285714285714
AEE,10,1255,1.5696,5.5009,-9.4322,12.5715,39,3.896484676907161,3.729182138829027,100.0,4,7.4334166020906025,7.10365771793674,100.0,13,5.100989747877766,4.635937652918231,100.0,23,4.10916598377441,3.729182138829027,100.0,9,4.815116763522896,4.669417718165645,100.0,1,8.109100394048815,8.109100394048815,100.0,4,7.4334166020906025,7.10365771793674,100.0,33,4.046980446370804,3.2055105285843126,100.0,3,2.834652669005927,2.135833846541044,100.0,10,4.717874325702522,2.804141323173951,100.0
AEE,20,1255,1.5696,5.5009,-9.4322,12.5715,39,4.065510222932385,5.099392461655489,82.05128205128204,4,7.019929311844446,6.8678250954431705,100.0,13,4.735386528741602,5.49698853662899,84.61538461538461,23,4.706858565383755,5.427860402935844,86.95652173913044,9,5.33435666060152,5.635137594922314,88.88888888888889,1,6.241541596358334,6.241541596358334,100.0,4,7.019929311844446,6.8678250954431705,100.0,33,3.344722805921532,2.240086941669705,75.75757575757575,3,1.1544420532599264,2.456433908697965,66.66666666666666,10,4.016850682337193,3.181338189297126,60.0
AEE,30,1255,1.5696,5.5009,-9.4322,12.5715,39,4.97256401980959,4.887726105833757,79.48717948717949,4,10.734384096992324,10.09600270591892,100.0,13,5.469689221275744,5.131432968322574,76.92307692307693,23,5.655420136185387,5.738164480293542,82.6086956521739,9,7.418394455233768,7.184749967031215,88.88888888888889,1,13.687195351713594,13.687195351713594,100.0,4,10.734384096992324,10.09600270591892,100.0,33,3.6592884474757095,3.9395318700109496,69.6969696969697,3,1.8442012303163258,3.8068940796485657,66.66666666666666,10,4.7043103954021515,4.644975308684851,70.0
AEE,60,1255,1.5696,5.5009,-9.4322,12.5715,39,6.21803210773586,6.026650026338481,84.61538461538461,4,11.86050446831633,12.850375480100594,100.0,13,3.342928930358193,0.6500659260060627,76.92307692307693,23,6.855670335626497,6.744852446733845,86.95652173913044,9,8.512475971213393,6.120967141377987,88.88888888888889,1,15.897392046266884,15.897392046266884,100.0,4,11.86050446831633,12.850375480100594,100.0,33,1.5947123965728442,1.4744605364329681,57.57575757575758,3,-1.1789213336098445,-5.426630284827369,33.33333333333333,10,4.238225957119669,3.8484667873429523,80.0
AEP,10,1255,2.2089,6.0572,-9.9056,14.3234,37,4.982713514984344,5.17957208838607,100.0,5,5.268328261842138,5.342108468027022,100.0,15,5.506599477803428,5.84774708664438,100.0,25,5.347119778433946,5.667457267799871,100.0,13,5.581668204271428,5.84774708664438,100.0,1,8.043630511896152,8.043630511896152,100.0,5,5.268328261842138,5.342108468027022,100.0,36,3.8083145776073684,2.9979999463054514,100.0,1,2.268194454558595,2.268194454558595,100.0,7,3.269517893621111,3.050509195274496,100.0
AEP,20,1255,2.2089,6.0572,-9.9056,14.3234,37,5.721756099048382,6.121648783626578,83.78378378378379,5,4.312907446014196,6.433659689726756,60.0,15,5.4112720164675805,5.8590733179083685,80.0,25,6.743036839926929,6.355402953605467,96.0,13,7.433540183492015,7.589931432961111,100.0,1,6.433659689726756,6.433659689726756,100.0,5,4.312907446014196,6.433659689726756,60.0,36,3.491557982999007,3.565011757159067,77.77777777777779,1,4.62245574844192,4.62245574844192,100.0,7,4.93282263238652,5.788653751152522,100.0
AEP,30,1255,2.2089,6.0572,-9.9056,14.3234,37,6.833148774134596,6.712311488503446,83.78378378378379,5,8.565159576139036,9.356832729415848,80.0,15,7.975462109605465,7.8445392489931915,93.33333333333333,25,7.441018643425359,7.546930285345613,88.0,13,9.567404805458375,11.090612071394325,92.3076923076923,1,9.356832729415848,9.356832729415848,100.0,5,8.565159576139036,9.356832729415848,80.0,36,3.181876496355488,4.8380179260632925,69.44444444444444,1,4.468032757837466,4.468032757837466,100.0,7,3.5639060400480274,5.462757046633661,85.71428571428571
AEP,60,1255,2.2089,6.0572,-9.9056,14.3234,37,8.032501546166365,8.274415973262618,78.37837837837837,5,9.76778986107997,7.136880693379724,80.0,15,9.105934737130863,8.274415973262618,73.33333333333333,25,8.30464543693741,9.23371426776792,84.0,13,14.513099582301482,16.766348450359725,92.3076923076923,1,7.136880693379724,7.136880693379724,100.0,5,9.76778986107997,7.136880693379724,80.0,36,0.7734474240152607,0.08288557117422861,52.77777777777778,1,9.734653464676608,9.734653464676608,100.0,7,1.0861573506379811,1.4510241776350388,85.71428571428571
AES,10,1255,-2.8874,14.2977,-31.4828,25.7079,32,8.846739595960443,7.264597099958823,100.0,4,9.095953519941691,9.556492760759916,100.0,10,9.299280004772715,9.556492760759916,100.0,16,9.308233452823515,5.979220987127475,100.0,8,12.054336537531467,10.525890459329947,100.0,0,,,,4,9.095953519941691,9.556492760759916,100.0,30,7.736644955037163,6.873574972501622,100.0,0,,,,8,9.358735525794154,9.269399961425776,100.0
AES,20,1255,-2.8874,14.2977,-31.4828,25.7079,32,10.249391161553534,6.108450802125035,90.625,4,14.83247345227915,16.743357661301378,75.0,10,11.403459866472424,7.444673893426957,90.0,16,9.51259150796007,4.705532793588058,93.75,8,7.554190927851916,6.094551737441414,87.5,0,,,,4,14.83247345227915,16.743357661301378,75.0,30,6.177367286614771,6.546652725661491,76.66666666666667,0,,,,8,10.13115591864403,8.694932895056684,100.0
AES,30,1255,-2.8874,14.2977,-31.4828,25.7079,32,10.852256992983172,9.960480543006991,78.125,4,10.435580101918951,9.000414991684206,50.0,10,10.486084669682324,9.852634671199056,80.0,16,11.265153070487894,10.427766682727489,81.25,8,9.461403156147343,9.236488625375843,87.5,0,,,,4,10.435580101918951,9.000414991684206,50.0,30,5.938173904832496,7.525745909474241,66.66666666666666,0,,,,8,11.257150230210048,13.707607656547573,75.0
AES,60,1255,-2.8874,14.2977,-31.4828,25.7079,32,12.015817894164808,9.180990284485546,71.875,4,19.51300505532505,18.057484841727216,75.0,10,21.312354164394065,26.047516047310104,70.0,16,10.858810147393875,11.889442532323006,75.0,8,3.3140439434081523,1.4772543936396019,62.5,0,,,,4,19.51300505532505,18.057484841727216,75.0,30,6.639455601231373,6.299284765178735,66.66666666666666,0,,,,8,6.834869404572836,9.446010762488033,75.0
AFL,10,1255,3.6732,5.9824,-8.2916,15.6381,40,4.968183701722677,5.211759465213293,100.0,4,6.004520943326161,5.824886884759083,100.0,17,4.888154582236656,5.209999242344713,100.0,25,5.101958351871398,5.213519688081872,100.0,10,4.418441563344102,5.095198301382127,100.0,2,6.184155001893239,6.184155001893239,100.0,4,6.004520943326161,5.824886884759083,100.0,35,4.366552283120089,3.802951393742514,100.0,2,2.4440894101864403,2.4440894101864403,100.0,3,4.157967717823976,3.802951393742514,100.0
AFL,20,1255,3.6732,5.9824,-8.2916,15.6381,40,5.227696441788403,4.41341954769202,87.5,4,6.498156029446213,5.225415273203702,75.0,17,5.608442594821135,5.99779740292846,88.23529411764706,25,5.3571603455335435,4.446137586604682,84.0,10,4.912440568714084,4.45486904815348,70.0,2,3.305372622897878,3.305372622897878,50.0,4,6.498156029446213,5.225415273203702,75.0,35,3.4667748356951638,3.8134887057821283,74.28571428571429,2,-1.1752195975608712,-1.1752195975608712,50.0,3,5.896717780967346,5.611420904562278,100.0
AFL,30,1255,3.6732,5.9824,-8.2916,15.6381,40,6.9942073256097785,6.610409070906835,85.0,4,9.790121599123086,10.209354423380777,100.0,17,8.313861552223097,7.341762354307075,94.11764705882352,25,7.082687215571144,6.366445803023284,80.0,10,6.465592129272854,7.223226087985223,70.0,2,7.490912927646924,7.490912927646924,100.0,4,9.790121599123086,10.209354423380777,100.0,35,2.4676254462597185,0.99199142643188,74.28571428571429,2,-1.4155122759099188,-1.4155122759099188,50.0,3,1.9731028183652812,0.7335877966002791,100.0
AFL,60,1255,3.6732,5.9824,-8.2916,15.6381,40,9.758288351572109,10.834265474263155,87.5,4,13.34612211482779,14.38068096258102,100.0,17,10.380655088501427,11.520755239280655,88.23529411764706,25,10.806201408660678,11.557209977744222,88.0,10,10.231557690804228,10.156412202208498,90.0,2,14.667391927019345,14.667391927019345,100.0,4,13.34612211482779,14.38068096258102,100.0,35,0.15379927820418296,-0.3792375571648232,48.57142857142857,2,0.9574169466984921,0.9574169466984921,50.0,3,1.4258413530464287,1.9675799179542721,66.66666666666666
AIG,10,1255,2.4491,7.4931,-12.5371,17.4354,36,5.783420917552411,5.288939859160701,100.0,5,6.408313284278695,6.802850167349914,100.0,16,6.154906541344964,6.0725165560960725,100.0,28,5.366345503948234,4.405976334192696,100.0,6,7.925518748093754,6.952958743181801,100.0,2,4.022639518526133,4.022639518526133,100.0,4,5.790065706277149,5.538984512554672,100.0,34,5.053517476354071,5.029032361153781,100.0,0,,,,1,3.422984852662989,3.422984852662989,100.0
AIG,20,1255,2.4491,7.4931,-12.5371,17.4354,36,6.906505905250753,7.876131201050843,86.11111111111111,5,11.885560792821849,10.665606566607485,100.0,16,7.483035888332098,7.876131201050843,87.5,28,6.513769397920744,7.876131201050843,82.14285714285714,6,6.800070693720809,8.837642853605052,83.33333333333334,2,9.912079826691041,9.912079826691041,100.0,4,12.19054934937544,12.822490407620823,100.0,34,5.154407430264132,4.726136869574214,73.52941176470588,0,,,,1,-1.0720275272910043,-1.0720275272910043,0.0
AIG,30,1255,2.4491,7.4931,-12.5371,17.4354,36,7.115029594489903,7.712913823880182,83.33333333333334,5,15.098468639104306,14.126388829640613,100.0,16,7.422304840749655,4.988063150964256,81.25,28,6.627243160371906,6.546949044681083,82.14285714285714,6,8.361953084313782,9.769338014779954,83.33333333333334,2,9.311174247135915,9.311174247135915,100.0,4,14.967808631242912,14.092449110951614,100.0,34,3.5113905485907906,4.201955033335927,61.76470588235294,0,,,,1,-1.0720275272910043,-1.0720275272910043,0.0
AIG,60,1255,2.4491,7.4931,-12.5371,17.4354,36,8.739205721737557,7.667938140326523,86.11111111111111,5,17.913479815954123,19.685943261990946,100.0,16,10.963692218378272,8.431338565986023,93.75,28,7.900320534436366,7.260739450695688,85.71428571428571,6,10.212796116687192,8.12272238078467,100.0,2,6.994029880903286,6.994029880903286,100.0,4,16.93285119849611,15.200035793610013,100.0,34,2.497011496507636,1.6653516606528171,61.76470588235294,0,,,,1,-11.87416393349145,-11.87416393349145,0.0
AIZ,10,1255,1.5023,9.008,-16.5137,19.5182,36,5.831650076463955,4.465611558407051,100.0,5,6.065515526073083,4.7792547607299705,100.0,11,6.098068587503291,5.2765193925189156,100.0,24,5.727741671931447,4.268634454442764,100.0,9,5.782858000688823,5.2765193925189156,100.0,0,,,,6,6.940815169350553,5.544362019674088,100.0,37,3.897295648644619,3.3169143516068895,100.0,0,,,,4,5.706667076496101,3.774259647806341,100.0
AIZ,20,1255,1.5023,9.008,-16.5137,19.5182,36,5.92256698999665,5.516076122214137,91.66666666666666,5,5.8256908277247135,7.700207104196516,80.0,11,5.514377843111944,5.620652227132117,90.9090909090909,24,5.330477179580846,3.485206051022878,91.66666666666666,9,3.850150544834212,3.2724304505888986,88.88888888888889,0,,,,6,5.400147431535411,6.660429665664317,83.33333333333334,37,3.0819269515538683,3.6898291701326267,70.27027027027027,0,,,,4,6.51308312010476,5.113643430081705,75.0
AIZ,30,1255,1.5023,9.008,-16.5137,19.5182,36,6.18695886735641,4.72527333970922,83.33333333333334,5,4.762738593035114,7.177428423012529,80.0,11,5.724483127377854,4.475132386148572,81.81818181818183,24,6.1179165906666455,4.018094860096782,87.5,9,5.714041211470536,4.349324865299182,77.77777777777779,0,,,,6,4.217871056346997,4.41544845223638,83.33333333333334,37,2.7029025316525987,3.0556980130856046,67.56756756756756,0,,,,4,4.76230993304184,2.759800939267375,50.0
AIZ,60,1255,1.5023,9.008,-16.5137,19.5182,36,8.488548557790958,10.945834972008587,77.77777777777779,5,4.205077070544627,6.991617647160273,60.0,11,7.833376952977266,11.298254626260682,63.63636363636363,24,7.869387001254377,11.029752268626769,75.0,9,3.9599971955865434,6.991617647160273,55.55555555555556,0,,,,6,1.1934432606075691,-0.703121964828124,50.0,37,1.8868112256220189,2.8932293596376906,51.35135135135135,0,,,,4,2.4529903122764116,0.15872228038373803,50.0
AJG,10,1255,1.9783,7.8994,-13.8206,17.7771,34,5.274571582266669,4.9629102869754025,100.0,3,6.102102589621744,6.7207188168821625,100.0,9,6.661673226766106,6.7207188168821625,100.0,28,5.261167590653509,4.9629102869754025,100.0,7,4.776098607751756,6.348358137458626,100.0,0,,,,3,6.102102589621744,6.7207188168821625,100.0,35,4.3223891127019405,3.7881511125019336,100.0,0,,,,2,7.159382661259929,7.159382661259929,100.0
AJG,20,1255,1.9783,7.8994,-13.8206,17.7771,34,6.279410263801165,6.4971560975695155,91.17647058823529,3,5.3136028122799095,6.5383249053488885,100.0,9,7.2368054689333325,7.9096719287179695,100.0,28,6.23408033230944,6.483481515012045,89.28571428571429,7,7.751895395936808,7.9096719287179695,85.71428571428571,0,,,,3,5.3136028122799095,6.5383249053488885,100.0,35,3.772443111341649,2.5686750900993194,65.71428571428571,0,,,,2,11.150672104521222,11.150672104521222,100.0
AJG,30,1255,1.9783,7.8994,-13.8206,17.7771,34,7.188109451738313,7.197493117868746,91.17647058823529,3,3.7696124002098315,3.979410296657973,100.0,9,8.9214060150698,7.337234456843586,88.88888888888889,28,7.222356254674666,7.696467018774196,89.28571428571429,7,8.44360569576567,7.337234456843586,100.0,0,,,,3,3.7696124002098315,3.979410296657973,100.0,35,2.107758016740608,0.12299029227523155,51.42857142857142,0,,,,2,8.786279149342452,8.786279149342452,50.0
AJG,60,1255,1.9783,7.8994,-13.8206,17.7771,34,7.460272972285243,6.177174417124181,73.52941176470588,3,-0.8324278908497368,-1.6063141583427736,33.33333333333333,9,7.896952954915144,9.834117347404316,66.66666666666666,28,8.26009301138532,9.115102416158779,75.0,7,10.646767038700885,15.61583805475711,71.42857142857143,0,,,,3,-0.8324278908497368,-1.6063141583427736,33.33333333333333,35,1.9159453824958141,2.1347718823687845,60.0,0,,,,2,18.343442403809696,18.343442403809696,100.0
AKAM,10,1255,-1.2586,10.6131,-22.4848,19.9676,36,7.253372033304564,6.588210712086854,100.0,5,8.024351933846784,6.266287568608357,100.0,14,7.505859394169313,7.104877174114801,100.0,21,7.062975945658009,6.6124354390942495,100.0,5,5.909092193143183,5.497900935572784,100.0,2,12.646158720648577,12.646158720648577,100.0,5,8.024351933846784,6.266287568608357,100.0,35,6.975653146398279,4.823232123759573,100.0,0,,,,7,7.475041128972099,6.484502948222628,100.0
AKAM,20,1255,-1.2586,10.6131,-22.4848,19.9676,36,7.62086556947833,7.433427943032285,83.33333333333334,5,6.963082808419782,5.617095490722774,80.0,14,7.8315069751114255,7.549411129194863,85.71428571428571,21,7.831688698708614,6.2881783858306175,80.95238095238095,5,5.61916085617811,5.536330740523219,80.0,2,13.547443598252432,13.547443598252432,100.0,5,6.963082808419782,5.617095490722774,80.0,35,6.792594154150745,5.840648639847281,80.0,0,,,,7,7.174885902133029,8.860116516285336,71.42857142857143
AKAM,30,1255,-1.2586,10.6131,-22.4848,19.9676,36,6.042215899457383,6.446167478824414,69.44444444444444,5,3.76465547403575,4.974503557675283,60.0,14,6.496161511963992,8.990733704408346,71.42857142857143,21,5.720983299020326,6.154137313928772,57.14285714285714,5,1.5276544251321749,-0.6638607804881793,40.0,2,4.037205812038738,4.037205812038738,50.0,5,3.76465547403575,4.974503557675283,60.0,35,5.856239945669505,5.79545014489107,74.28571428571429,0,,,,7,6.677553108816939,7.217271159545052,71.42857142857143
AKAM,60,1255,-1.2586,10.6131,-22.4848,19.9676,36,7.636380554654833,7.005318757199382,72.22222222222221,5,6.835579683849957,2.515440888024546,100.0,14,6.58134370690042,2.052762065583613,78.57142857142857,21,7.931089884384846,6.549023820587525,71.42857142857143,5,4.534293459292039,0.6605821907041236,60.0,2,8.69624241803208,8.69624241803208,100.0,5,6.835579683849957,2.515440888024546,100.0,35,6.591890877830562,8.184252291944528,74.28571428571429,0,,,,7,7.0596448062011286,8.184252291944528,85.71428571428571
ALB,10,1255,-3.6258,20.8919,-45.4096,38.158,35,12.92104574345705,11.95909482761314,100.0,4,17.698162363392125,15.205006043621125,100.0,14,12.523370634635151,11.882058740652592,100.0,11,13.686150186785035,11.95909482761314,100.0,5,13.051111880243031,14.384591632253633,100.0,0,,,,4,17.698162363392125,15.205006043621125,100.0,31,9.999975048422458,9.556249107840326,100.0,0,,,,12,9.209649807398542,9.862550842691189,100.0
ALB,20,1255,-3.6258,20.8919,-45.4096,38.158,35,13.188617030181113,13.350347901139289,77.14285714285715,4,16.081182508655004,16.200471921861954,100.0,14,12.605434308655399,12.564534546041251,78.57142857142857,11,16.668509694958008,24.941269486697895,81.81818181818183,5,10.636454878387372,-3.2872082688897795,40.0,0,,,,4,16.081182508655004,16.200471921861954,100.0,31,10.115641444122765,11.279805136195062,77.41935483870968,0,,,,12,8.787014534475547,10.650156983780917,66.66666666666666
ALB,30,1255,-3.6258,20.8919,-45.4096,38.158,35,13.44425735291032,12.060459920885114,74.28571428571429,4,18.877495646131624,21.164465058424117,100.0,14,13.598601227118108,17.751652997113165,78.57142857142857,11,17.456079049386936,18.692206684518478,72.72727272727273,5,5.871393079574091,3.948506665453123,60.0,0,,,,4,18.877495646131624,21.164465058424117,100.0,31,9.477292369838747,12.63026906008084,74.19354838709677,0,,,,12,7.596303703915393,12.359860094858702,66.66666666666666
ALB,60,1255,-3.6258,20.8919,-45.4096,38.158,35,13.905262871654307,9.765447538855788,62.857142857142854,4,21.827122848495367,23.911408781600578,100.0,14,17.19008964751043,13.868423690977892,85.71428571428571,11,24.16409936050874,10.209149378978942,63.63636363636363,5,-8.23949924324837,-3.1929301296252475,20.0,0,,,,4,21.827122848495367,23.911408781600578,100.0,31,10.39568371577354,16.508764346694694,74.19354838709677,0,,,,12,11.666134623947906,19.26649696994061,66.66666666666666
ALGN,10,1255,-10.4024,22.8443,-56.0911,35.2862,29,9.66186343108768,8.697521078627767,100.0,4,10.58145032386858,9.957481667751207,100.0,11,11.668039322313497,11.926199467287452,100.0,6,10.047349800374116,9.294569874908127,100.0,2,7.303317655272322,7.303317655272322,100.0,0,,,,4,10.58145032386858,9.957481667751207,100.0,35,9.049113075943724,7.56096991489312,100.0,1,9.36700872449279,9.36700872449279,100.0,20,8.707465807264247,7.611781378908329,100.0
ALGN,20,1255,-10.4024,22.8443,-56.0911,35.2862,29,9.368316340404617,9.238874998447768,89.65517241379311,4,9.53127865730782,9.456942374574425,100.0,11,9.831098609814338,9.394629014835242,90.9090909090909,6,11.24317976083397,10.503166305780155,100.0,2,11.2065615392532,11.2065615392532,100.0,0,,,,4,9.53127865730782,9.456942374574425,100.0,35,10.532896474797532,11.233994591922867,80.0,1,7.0356804992441155,7.0356804992441155,100.0,20,11.482105326336168,11.337986440562556,80.0
ALGN,30,1255,-10.4024,22.8443,-56.0911,35.2862,29,8.339911447173879,7.6084168291034215,68.96551724137932,4,14.984671425039574,12.04616926532486,75.0,11,12.081220456717274,14.229650724775853,81.81818181818183,6,11.312524253807831,11.339086301902228,83.33333333333334,2,5.868197446777684,5.868197446777684,50.0,0,,,,4,14.984671425039574,12.04616926532486,75.0,35,11.958678211105026,12.081304031127644,80.0,1,10.839726919067873,10.839726919067873,100.0,20,11.594494160667365,12.787942569874598,80.0
ALGN,60,1255,-10.4024,22.8443,-56.0911,35.2862,29,9.370917167930678,7.7106938872779915,65.51724137931035,4,9.667292449619156,10.96445925655881,75.0,11,17.807369234062794,12.72194808285016,81.81818181818183,6,11.20557323495364,8.790293433726308,66.66666666666666,2,17.436664784409906,17.436664784409906,100.0,0,,,,4,9.667292449619156,10.96445925655881,75.0,35,17.47210711749353,22.21850933588991,80.0,1,11.823390500509305,11.823390500509305,100.0,20,19.482367105916452,26.284437417431473,80.0
ALL,10,1255,2.3288,7.4994,-12.67,17.3276,32,6.621202564523104,6.17477032592406,100.0,4,9.825553847135653,8.556583286633137,100.0,11,8.076401254345962,7.070538870662811,100.0,17,6.806049940994955,6.740705567501401,100.0,9,8.008413211777146,7.40597065839306,100.0,1,16.766159511793287,16.766159511793287,100.0,4,9.825553847135653,8.556583286633137,100.0,34,5.201312883701502,4.508995813975334,100.0,1,4.135471921328696,4.135471921328696,100.0,9,6.215440740968659,7.042382042584529,100.0
ALL,20,1255,2.3288,7.4994,-12.67,17.3276,32,7.113893031215061,7.4189091989654,93.75,4,8.55323096224603,8.536436888488929,100.0,11,7.100225844921088,7.768341483644672,90.9090909090909,17,6.089971248481546,5.250005121122201,94.11764705882352,9,6.759854331751382,7.292181333712619,88.88888888888889,1,7.292181333712619,7.292181333712619,100.0,4,8.55323096224603,8.536436888488929,100.0,34,4.1583372345468455,4.0992706750236785,76.47058823529412,1,-4.163228844552273,-4.163228844552273,0.0,9,4.674799061760394,4.520078877084838,66.66666666666666
ALL,30,1255,2.3288,7.4994,-12.67,17.3276,32,6.688945729163885,7.053670469838633,78.125,4,11.106840265276272,12.308479160963138,100.0,11,7.651294723901347,10.227374381784246,72.72727272727273,17,6.141227573142626,6.518824583872792,76.47058823529412,9,8.108486900566938,9.366149324708985,88.88888888888889,1,14.389583940142028,14.389583940142028,100.0,4,11.106840265276272,12.308479160963138,100.0,34,2.2968787716560897,3.759577013292725,73.52941176470588,1,-9.704926212477147,-9.704926212477147,0.0,9,4.7402914104631275,4.414003320777686,88.88888888888889
ALL,60,1255,2.3288,7.4994,-12.67,17.3276,32,8.041139935544994,8.143250715822795,90.625,4,12.338403338788437,12.750180420227384,100.0,11,8.276050238887391,10.206750226086886,90.9090909090909,17,6.244305772244292,6.235048699639126,94.11764705882352,9,6.4025459731503425,8.004949391051621,88.88888888888889,1,11.711489845086467,11.711489845086467,100.0,4,12.338403338788437,12.750180420227384,100.0,34,1.609822633072864,2.0790518936282636,64.70588235294117,1,-11.435166738934194,-11.435166738934194,0.0,9,5.331565842627567,5.602068718073543,77.77777777777779
ALLE,10,1255,0.258,8.8659,-17.4737,17.9897,35,5.153538494722126,4.736345830516701,100.0,2,5.228140551445684,5.228140551445684,100.0,16,5.7698607119555945,5.395476388958645,100.0,14,5.348767962861049,5.361983981166638,100.0,8,4.692080781054097,4.779464292759608,100.0,0,,,,2,5.830463760526266,5.830463760526266,100.0,35,5.61593329036117,5.42361933826486,100.0,0,,,,13,7.1483462426574755,5.891398433538491,100.0
ALLE,20,1255,0.258,8.8659,-17.4737,17.9897,35,5.008089732204977,4.731983309613585,74.28571428571429,2,5.280461750269696,5.280461750269696,100.0,16,6.369771686081112,6.79137328405176,81.25,14,4.227677930530734,4.089307192403675,71.42857142857143,8,2.833967205186589,1.8457408243575557,62.5,0,,,,2,7.655869902352973,7.655869902352973,100.0,35,4.497601344840358,5.554571103871678,85.71428571428571,0,,,,13,6.594540342506432,7.331626414402582,92.3076923076923
ALLE,30,1255,0.258,8.8659,-17.4737,17.9897,35,5.4823799633734005,2.9323172136814035,71.42857142857143,2,3.4410684552798676,3.4410684552798676,50.0,16,7.467314838076695,5.0786161593576225,81.25,14,4.561145170948282,1.6947210760630922,64.28571428571429,8,3.0405064802413837,1.124842450575079,50.0,0,,,,2,8.88311469437811,8.88311469437811,100.0,35,4.035199347301857,6.15271678287999,77.14285714285715,0,,,,13,6.144221234258105,6.364621635994416,92.3076923076923
ALLE,60,1255,0.258,8.8659,-17.4737,17.9897,35,4.8687401160870705,0.047727978940838425,51.42857142857142,2,-0.962677624887394,-0.962677624887394,0.0,16,9.770756139073857,9.245729315544898,56.25,14,4.627684704605928,1.4519144509392556,50.0,8,6.944005158332347,6.1697988668456745,50.0,0,,,,2,13.848754566772435,13.848754566772435,50.0,35,2.4512503452857675,6.730226934344962,60.0,0,,,,13,4.994334575862463,9.742945620041692,61.53846153846154
AMAT,10,1255,2.9594,14.6002,-26.241,32.1598,33,9.823004076570257,8.82934226624081,100.0,4,11.08700797544906,10.501575962281997,100.0,11,9.972112341377697,9.935572978023318,100.0,24,9.737415971850846,9.570911413909027,100.0,10,10.950282811838914,10.56270198943988,100.0,0,,,,4,11.08700797544906,10.501575962281997,100.0,37,8.430981886998376,7.590398284093198,100.0,0,,,,6,10.99513553065374,11.027833568986825,100.0
AMAT,20,1255,2.9594,14.6002,-26.241,32.1598,33,10.826468768674104,10.637039030672842,87.87878787878788,4,22.98357340604496,21.934755393893845,100.0,11,11.188731259895183,8.572368554557368,81.81818181818183,24,10.104513008743847,9.604703792615105,91.66666666666666,10,11.806938976059119,9.604703792615105,100.0,0,,,,4,22.98357340604496,21.934755393893845,100.0,37,6.961488781636949,7.782596497077933,83.78378378378379,0,,,,6,6.745694336944187,1.2485089816080621,83.33333333333334
AMAT,30,1255,2.9594,14.6002,-26.241,32.1598,33,13.065221222501776,10.516677678141404,78.78787878787878,4,22.469181407455068,28.432027346117266,75.0,11,9.519695855180238,6.643773380899537,54.54545454545454,24,11.736219139142442,10.461681247076786,79.16666666666666,10,14.143974477882583,13.21524543532831,80.0,0,,,,4,22.469181407455068,28.432027346117266,75.0,37,6.653305843156127,7.404233634424445,64.86486486486487,0,,,,6,9.84252116667865,16.65420391135043,66.66666666666666
AMAT,60,1255,2.9594,14.6002,-26.241,32.1598,33,16.196411655464555,9.751320259408,81.81818181818183,4,25.707421682739472,26.23762636477128,100.0,11,10.428404588143694,1.9147270132404568,81.81818181818183,24,15.061257276330329,7.6383189928861706,75.0,10,16.531606482903562,16.18730814368746,80.0,0,,,,4,25.707421682739472,26.23762636477128,100.0,37,4.4757187280934305,8.62487592885358,59.45945945945946,0,,,,6,4.350703507867335,3.2174990554500003,50.0
AMCR,10,1255,-1.104,6.4593,-14.0227,11.8146,36,4.730632475330908,4.62508781585518,100.0,7,6.122053899965847,5.394184602192861,100.0,15,5.901816642475448,6.209446472042375,100.0,11,4.05095558844975,4.319850008214033,100.0,8,4.376755930774809,5.529114234024307,100.0,0,,,,7,6.122053899965847,5.394184602192861,100.0,43,3.9182111386075693,2.990583289336868,100.0,2,6.670166946562677,6.670166946562677,100.0,14,2.8139502040352324,2.5286430829256172,100.0
AMCR,20,1255,-1.104,6.4593,-14.0227,11.8146,36,4.635822004885777,4.868502443387917,83.33333333333334,7,4.640906072341143,5.115092724566227,85.71428571428571,15,5.787523071687961,5.492537144902898,93.33333333333333,11,1.6806115842298843,1.259447048975822,63.63636363636363,8,6.079435027553156,6.857186839383527,75.0,0,,,,7,4.640906072341143,5.115092724566227,85.71428571428571,43,4.290529831281086,3.898310377304628,86.04651162790698,2,3.0362801701096367,3.0362801701096367,50.0,14,2.686958530796708,3.672504353694659,71.42857142857143
AMCR,30,1255,-1.104,6.4593,-14.0227,11.8146,36,4.964429759893128,5.111759099354845,77.77777777777779,7,6.603041705358215,5.154644994681813,100.0,15,6.299300918062254,5.154644994681813,86.66666666666667,11,1.5347115020641993,-0.5677175272018766,45.45454545454545,8,5.103028716776975,7.106634241078902,75.0,0,,,,7,6.603041705358215,5.154644994681813,100.0,43,4.672438330767448,5.987408078915573,76.74418604651163,2,3.6221776672164196,3.6221776672164196,50.0,14,0.7410098968913076,0.5477181557267653,57.14285714285714
AMCR,60,1255,-1.104,6.4593,-14.0227,11.8146,36,5.470596062562129,5.055906070593655,66.66666666666666,7,9.879783453907063,12.585988422659497,85.71428571428571,15,7.612261751024886,9.590800094098482,73.33333333333333,11,2.0332855738507933,-4.65797324180424,45.45454545454545,8,6.924503175362938,5.39193113413103,75.0,0,,,,7,9.879783453907063,12.585988422659497,85.71428571428571,43,5.366144231342085,6.277615548593089,74.4186046511628,2,8.584703669051994,8.584703669051994,100.0,14,0.8591566485601045,1.7855307665035969,57.14285714285714
AMD,10,1255,0.5133,19.7006,-38.8879,39.9145,30,13.539523935563146,13.200194580347427,100.0,4,10.1256886384289,10.692187298954519,100.0,11,13.004720489780055,12.417772559591409,100.0,17,13.670585799347629,13.599419733497534,100.0,7,14.660759584656503,13.599419733497534,100.0,0,,,,5,11.664661789385216,10.850911411939252,100.0,30,11.142558223424723,10.101442671652507,100.0,0,,,,7,13.961613593613356,11.207004065505279,100.0
AMD,20,1255,0.5133,19.7006,-38.8879,39.9145,30,13.496656208452075,9.256774379966505,83.33333333333334,4,24.544276343821153,28.84597564854904,100.0,11,12.57985399572194,9.115531185901318,72.72727272727273,17,9.787660254731717,6.314909655305477,88.23529411764706,7,10.978165588104405,15.58189163499607,71.42857142857143,0,,,,5,16.946815417809,28.321188831565188,80.0,30,12.755511178291103,12.89199762738188,90.0,0,,,,7,14.677023077992887,12.931454987315771,85.71428571428571
AMD,30,1255,0.5133,19.7006,-38.8879,39.9145,30,16.081928341647302,16.22539384185157,80.0,4,31.89686804811895,33.97403372965094,100.0,11,13.601463026900495,16.358495808011323,72.72727272727273,17,8.942221227865485,5.251758756267124,70.58823529411765,7,11.611297040671877,10.833845679040419,85.71428571428571,0,,,,5,23.371164021038652,30.83661823055735,80.0,30,8.389420649361977,12.931780470872843,73.33333333333333,0,,,,7,7.6620660446195545,12.586009281001495,71.42857142857143
AMD,60,1255,0.5133,19.7006,-38.8879,39.9145,30,18.43565296358748,8.853672302986713,56.666666666666664,4,22.52111115366644,13.275546467755897,75.0,11,13.595301813441626,3.097393875854454,54.54545454545454,17,6.837093415142903,-1.0164941488778256,35.294117647058826,7,19.143852945409794,-0.34229679620644865,42.857142857142854,0,,,,5,22.55999255566358,22.715518163652142,80.0,30,8.242715632191757,11.81133777087171,70.0,0,,,,7,-1.6185580188022055,-1.2237596434990097,42.857142857142854
AME,10,1255,2.5289,6.9051,-11.2814,16.3392,39,4.862671101357953,4.733853714684753,100.0,5,7.1320574878121805,6.514325347849627,100.0,14,6.492436513431069,5.796274411041944,100.0,31,4.6120790379275345,4.26852467189349,100.0,10,4.971750550842382,4.7475855017761805,100.0,1,12.172312466096285,12.172312466096285,100.0,5,7.1320574878121805,6.514325347849627,100.0,33,4.308040162968853,3.6556276791334845,100.0,0,,,,1,12.099581870560137,12.099581870560137,100.0
AME,20,1255,2.5289,6.9051,-11.2814,16.3392,39,5.275562667346168,5.376149630511238,79.48717948717949,5,8.273584545350673,11.987683569759994,80.0,14,7.072932445611499,8.376168073332932,78.57142857142857,31,5.100346191195195,4.692261352344728,80.64516129032258,10,2.977942356961308,4.869057437861783,60.0,1,18.744277712284646,18.744277712284646,100.0,5,8.273584545350673,11.987683569759994,80.0,33,3.691600433900824,2.979390482129268,87.87878787878788,0,,,,1,8.13025314141801,8.13025314141801,100.0
AME,30,1255,2.5289,6.9051,-11.2814,16.3392,39,7.005124683582663,6.127064035280357,84.61538461538461,5,10.39589023941361,11.778185476406454,80.0,14,10.104329427103803,12.12132567661796,85.71428571428571,31,6.420082439886764,5.86036017874075,83.87096774193549,10,5.575519811918562,4.302817493269767,80.0,1,11.778185476406454,11.778185476406454,100.0,5,10.39589023941361,11.778185476406454,80.0,33,3.04179261286585,3.1273616034386706,72.72727272727273,0,,,,1,6.331892443938517,6.331892443938517,100.0
AME,60,1255,2.5289,6.9051,-11.2814,16.3392,39,9.103157107889023,9.359118962722507,76.92307692307693,5,12.619126550951574,11.527487472405095,100.0,14,12.264395576332989,13.293060034913012,85.71428571428571,31,8.961502371178979,7.234193379106879,77.41935483870968,10,9.573473666590806,12.067564046251892,80.0,1,5.646129105059464,5.646129105059464,100.0,5,12.619126550951574,11.527487472405095,100.0,33,1.1318530099031303,2.443581281756043,60.60606060606061,0,,,,1,2.443581281756043,2.443581281756043,100.0
AMGN,10,1255,2.242,7.6294,-13.0167,17.5007,35,5.4243880561894535,5.2701971164618975,100.0,3,3.349603015315491,3.3632242452716095,100.0,12,5.44136921657229,5.847564648449468,100.0,24,5.179440679213074,4.960221830533497,100.0,7,4.93950447085608,4.170011030426637,100.0,0,,,,4,3.3215856972427433,3.300378994148054,100.0,31,4.863263693418044,4.812703123285371,100.0,0,,,,5,3.6018233551596417,3.911262253106916,100.0
AMGN,20,1255,2.242,7.6294,-13.0167,17.5007,35,6.581326153037882,5.8440368747042895,80.0,3,10.030824565923417,6.194443415874252,100.0,12,10.920647639593755,11.728654121018764,100.0,24,5.010086498421214,5.1317137107410975,70.83333333333334,7,10.215157987111061,10.572027866676361,100.0,0,,,,4,10.571304810883772,9.193594480819543,100.0,31,3.6001287993677242,3.8949294496254736,77.41935483870968,0,,,,5,1.5757113605639508,-1.2670749733748519,40.0
AMGN,30,1255,2.242,7.6294,-13.0167,17.5007,35,7.98191678836901,8.252545951623622,85.71428571428571,3,9.995961295127428,11.685602303321508,100.0,12,11.844219785115206,10.9154771099327,100.0,24,6.209696173895952,7.025554212774893,79.16666666666666,7,11.470903009107996,11.002844777476465,100.0,0,,,,4,9.497725101634309,9.844309412238232,100.0,31,3.116039865758066,3.4921084574842323,64.51612903225806,0,,,,5,-0.48163022606867745,-2.8967560838297244,20.0
AMGN,60,1255,2.242,7.6294,-13.0167,17.5007,35,9.956574389693678,10.961571845758282,82.85714285714286,3,18.752989132161833,20.790953394930938,100.0,12,15.19993756030865,17.259350404140665,91.66666666666666,24,7.814308125310544,10.056111293578931,83.33333333333334,7,11.058778602780139,13.781427108292698,71.42857142857143,0,,,,4,13.863618166779943,16.629189554414637,75.0,31,0.11146268947904346,1.9296271509727392,51.61290322580645,0,,,,5,-3.0344524702710034,-5.004813289760336,40.0
AMP,10,1255,3.0633,8.5265,-13.9898,20.1164,30,6.86630682947574,6.032851109223488,100.0,5,10.31586593250184,9.30785576479179,100.0,11,8.88896694957299,8.647331773909823,100.0,20,6.315238397604951,5.649357849427814,100.0,10,8.656430104546116,8.77583570539576,100.0,1,17.632657670877737,17.632657670877737,100.0,5,10.31586593250184,9.30785576479179,100.0,32,5.284552444728947,3.801206008583006,100.0,1,1.0626803061709824,1.0626803061709824,100.0,2,8.491595650803658,8.491595650803658,100.0
AMP,20,1255,3.0633,8.5265,-13.9898,20.1164,30,8.326903161659652,6.7483912196213325,86.66666666666667,5,11.511143226986988,14.212477155743649,100.0,11,10.39924908780698,11.590144066506436,90.9090909090909,20,6.300977240831836,5.764058059130254,85.0,10,7.54346457499725,10.296363311207013,80.0,1,14.212477155743649,14.212477155743649,100.0,5,11.511143226986988,14.212477155743649,100.0,32,4.809121940400207,6.595155099912775,81.25,1,0.3912417870310346,0.3912417870310346,100.0,2,-0.32404664368298164,-0.32404664368298164,50.0
AMP,30,1255,3.0633,8.5265,-13.9898,20.1164,30,10.366018537911748,10.110916861373793,80.0,5,15.553691191445045,15.092366458155167,80.0,11,12.889871640362417,15.092366458155167,81.81818181818183,20,7.145472217352113,6.392581570372415,75.0,10,9.620580415368554,9.40088140457517,80.0,1,15.092366458155167,15.092366458155167,100.0,5,15.553691191445045,15.092366458155167,80.0,32,4.974390905977751,5.352649062811483,81.25,1,7.343636860489802,7.343636860489802,100.0,2,0.5882110184533023,0.5882110184533023,50.0
AMP,60,1255,3.0633,8.5265,-13.9898,20.1164,30,11.1304914211656,9.345692589720256,80.0,5,16.93156535737146,18.779466997202938,100.0,11,18.08078686093122,18.779466997202938,100.0,20,6.051946944634808,5.261131192722531,70.0,10,12.920994399938817,11.729762509638936,90.0,1,5.92926558827162,5.92926558827162,100.0,5,16.93156535737146,18.779466997202938,100.0,32,2.0116437198301154,0.6006731400323931,50.0,1,5.1354431711661785,5.1354431711661785,100.0,2,-6.559618864010583,-6.559618864010583,0.0
AMT,10,1255,-2.1417,8.9929,-20.1276,15.8442,31,4.940118741869482,3.685180089241126,100.0,3,6.409128225288001,7.1440041649794646,100.0,15,4.966239689846654,3.5644097605348,100.0,12,5.7068199184502655,4.45088517573523,100.0,4,4.217794106799764,4.2173808706228355,100.0,0,,,,3,6.409128225288001,7.1440041649794646,100.0,32,5.723328523917715,6.063759360118784,100.0,3,5.085550995207379,6.303278924017124,100.0,10,4.950892240617547,5.538879678560287,100.0
AMT,20,1255,-2.1417,8.9929,-20.1276,15.8442,31,5.145916086972705,6.143609550885162,77.41935483870968,3,7.684189389882062,9.385716434314803,100.0,15,5.462546909464141,4.346419185326559,73.33333333333333,12,5.349217224384525,7.344091057256033,75.0,4,5.389335501240744,5.774791009374464,75.0,0,,,,3,7.684189389882062,9.385716434314803,100.0,32,6.78670809591606,6.727910415207742,90.625,3,7.577548349686718,7.639088238196578,100.0,10,4.4592472601781985,5.367048165029363,80.0
AMT,30,1255,-2.1417,8.9929,-20.1276,15.8442,31,6.096106117762867,5.4210272192275495,67.74193548387096,3,13.87763894127822,17.462234950821035,100.0,15,8.309143549435625,5.4210272192275495,73.33333333333333,12,4.554673373987728,4.745789319178945,58.333333333333336,4,5.75323352959321,6.786496692280911,50.0,0,,,,3,13.87763894127822,17.462234950821035,100.0,32,7.709490518928526,7.085295895000736,84.375,3,6.524294595654145,8.136851387489909,66.66666666666666,10,5.184758198217738,3.845335104769445,90.0
AMT,60,1255,-2.1417,8.9929,-20.1276,15.8442,31,5.422118726548172,3.4169731736654283,64.51612903225806,3,19.56283752437381,20.20361196274659,100.0,15,11.64717647008456,10.352833856300716,80.0,12,-1.6459300479084902,-2.1337103502093853,50.0,4,2.5423930781263495,-2.586476320635946,50.0,0,,,,3,19.56283752437381,20.20361196274659,100.0,32,6.797911151872569,7.145121927996143,84.375,3,9.409874850539827,9.697897515484392,100.0,10,3.3121089661854723,5.868916817784825,70.0
AMZN,10,1255,0.2385,12.9875,-25.7364,26.2134,32,8.855336497867484,8.105896500577366,100.0,5,11.991118059497534,11.373414981044139,100.0,8,12.906384619781603,11.379002536151008,100.0,18,7.583782730275228,7.509467522709736,100.0,5,11.938244254336274,11.373414981044139,100.0,0,,,,5,11.991118059497534,11.373414981044139,100.0,33,7.57293090549993,5.812902465067834,100.0,0,,,,8,11.542580623815414,12.079073757207036,100.0
AMZN,20,1255,0.2385,12.9875,-25.7364,26.2134,32,9.823750561637954,8.099605190656716,96.875,5,13.840258605781202,8.132147290942177,100.0,8,13.02123094016099,8.795298376383553,100.0,18,8.038317922991938,6.589627958584332,94.44444444444444,5,14.453598285234156,10.162415432578161,100.0,0,,,,5,13.840258605781202,8.132147290942177,100.0,33,5.792139777518143,5.267672433558475,72.72727272727273,0,,,,8,9.032879548895265,11.959479161428852,62.5
AMZN,30,1255,0.2385,12.9875,-25.7364,26.2134,32,11.37804729837704,11.073472000928565,90.625,5,14.004589974187827,19.298461225154696,80.0,8,14.430182823620758,16.098378181400797,87.5,18,9.636200826804288,9.589584662644533,88.88888888888889,5,17.796007351637833,16.901861469478142,100.0,0,,,,5,14.004589974187827,19.298461225154696,80.0,33,5.906774736848951,4.231684671176531,63.63636363636363,0,,,,8,6.238631075789758,10.775069104101302,62.5
AMZN,60,1255,0.2385,12.9875,-25.7364,26.2134,32,11.567478793899143,10.60037460868014,75.0,5,27.042768141688292,30.260978841423707,100.0,8,16.95909270490947,19.181796872337557,75.0,18,7.7353529771658,7.62232450966488,77.77777777777779,5,23.514745765894617,22.979476733160826,100.0,0,,,,5,27.042768141688292,30.260978841423707,100.0,33,5.588067111279586,4.228778723964797,60.60606060606061,0,,,,8,10.516713978409598,3.104511999112775,50.0
ANET,10,1255,7.0423,14.6411,-22.2399,36.3244,33,11.512708592582532,11.792209461696148,100.0,4,6.158158516687207,4.248526682599268,100.0,11,10.492569802792538,9.946351251657946,100.0,26,12.774650291287749,12.074803210569936,100.0,8,13.268943899276266,13.207484028019223,100.0,0,,,,4,6.158158516687207,4.248526682599268,100.0,35,8.163205397528477,6.861330307316496,100.0,0,,,,1,14.810628708404023,14.810628708404023,100.0
ANET,20,1255,7.0423,14.6411,-22.2399,36.3244,33,14.674660487733798,15.338926029080477,87.87878787878788,4,8.79831147793432,3.4464949594727505,50.0,11,14.639920330285854,15.074674341817888,81.81818181818183,26,15.293923568272627,15.363318937620033,92.3076923076923,8,13.429557350650372,18.02642533949488,75.0,0,,,,4,8.79831147793432,3.4464949594727505,50.0,35,6.835649657341309,5.5404947183499,65.71428571428571,0,,,,1,11.993589410912119,11.993589410912119,100.0
ANET,30,1255,7.0423,14.6411,-22.2399,36.3244,33,16.89069714026626,19.014951056657843,87.87878787878788,4,18.038557528567782,16.695537243716924,75.0,11,20.478168058922133,25.471806530503592,90.9090909090909,26,15.375585064382218,14.821348985776336,88.46153846153845,8,12.862328816968581,11.672776082357451,87.5,0,,,,4,18.038557528567782,16.695537243716924,75.0,35,3.4127545534305104,0.18295791399661943,51.42857142857142,0,,,,1,5.238362154292609,5.238362154292609,100.0
ANET,60,1255,7.0423,14.6411,-22.2399,36.3244,33,23.759770216179753,23.44960539633365,87.87878787878788,4,35.63639453006333,31.51488798910777,100.0,11,33.67161477455679,30.40424999127546,100.0,26,19.688047514696294,19.065009758282784,84.61538461538461,8,20.432891817861936,19.154814654298534,87.5,0,,,,4,35.63639453006333,31.51488798910777,100.0,35,0.8179933918645053,0.5876119157909292,51.42857142857142,0,,,,1,-14.546827332007762,-14.546827332007762,0.0
AON,10,1255,0.9763,6.4736,-11.971,13.9236,32,4.714644263097934,4.194433296961724,100.0,5,6.675835429391318,5.291303139247332,100.0,14,7.283573138416894,6.6948931243890115,100.0,20,3.6791350850661324,3.2305818844470346,100.0,9,6.184732848925575,5.721467532145199,100.0,3,6.060441299493387,4.457605044745919,100.0,3,7.87675632098778,9.906550109229094,100.0,37,4.437090721169989,4.213593384641982,100.0,3,2.629205591814026,1.0340084843788633,100.0,2,1.7199354337069328,1.7199354337069328,100.0
AON,20,1255,0.9763,6.4736,-11.971,13.9236,32,5.135205545092417,5.863470347342467,81.25,5,4.164658151970424,3.828020850778314,80.0,14,7.951770532829611,7.779741661895986,92.85714285714286,20,3.8106996521377132,3.960730757796821,75.0,9,6.55013117674122,8.139349658416897,77.77777777777779,3,1.6398411654227065,0.46076901990530095,66.66666666666666,3,5.511500296389502,7.484914509938225,66.66666666666666,37,3.8628687431609414,4.904583982848546,70.27027027027027,3,0.3440339689373288,-0.8289170509940644,33.33333333333333,2,2.9290643364201747,2.9290643364201747,50.0
AON,30,1255,0.9763,6.4736,-11.971,13.9236,32,6.693644470145637,7.204842811772185,84.375,5,9.385463452140742,7.321098073343195,100.0,14,9.926020685020447,7.830381732461753,100.0,20,5.402754153701816,6.928212724823662,80.0,9,8.089046190058774,7.572185537843157,88.88888888888889,3,8.87330943321932,7.157904818731967,100.0,3,10.81610478954285,12.986290887702555,100.0,37,4.103227867960963,4.275865572379766,75.67567567567568,3,0.28807679353479604,-1.447065154555409,33.33333333333333,2,7.872074412625476,7.872074412625476,100.0
AON,60,1255,0.9763,6.4736,-11.971,13.9236,32,5.803024643037252,4.591152821025726,75.0,5,17.10109274378558,16.105919150455687,100.0,14,9.504177195477913,9.100317637175088,85.71428571428571,20,6.01740653305299,5.831268973903223,75.0,9,8.723698870076726,8.037316986261876,88.88888888888889,3,15.474731730663175,14.565758985929635,100.0,3,17.353994842785184,14.565758985929635,100.0,37,2.989340092852983,3.8330439048081333,75.67567567567568,3,3.4126114733255055,2.7623498594395985,66.66666666666666,2,7.960897222207142,7.960897222207142,100.0
AOS,10,1255,-0.2003,9.8323,-19.8649,19.4642,38,5.948902691255512,4.916839927364689,100.0,3,4.808258219758105,2.799450734597034,100.0,13,5.826514570630166,6.653791312576028,100.0,18,4.9181496910104014,4.227823612065377,100.0,10,6.003346208127631,5.438820472736962,100.0,0,,,,4,5.269641492962586,4.726621023586532,100.0,36,4.979911314214826,4.139123373625014,100.0,1,3.8068349335350145,3.8068349335350145,100.0,11,5.4241872615575355,4.654487393709851,100.0
AOS,20,1255,-0.2003,9.8323,-19.8649,19.4642,38,6.316649147314819,6.701022659443467,84.21052631578947,3,3.6523974084286617,5.996166123248868,66.66666666666666,13,7.648598704909282,7.525703026177891,76.92307692307693,18,4.518157142936572,3.0213533368139847,88.88888888888889,10,4.207903188714701,4.775422762957355,70.0,0,,,,4,2.75799455339694,3.0354760557753213,75.0,36,4.438881666428495,3.905826083636723,69.44444444444444,1,3.224453694259234,3.224453694259234,100.0,11,2.7086255908612533,-0.3562954153273949,45.45454545454545
AOS,30,1255,-0.2003,9.8323,-19.8649,19.4642,38,7.802116243635263,6.998696897304787,71.05263157894737,3,2.4457328051316005,-2.7017492062677038,33.33333333333333,13,9.044264493895064,8.537556450288278,61.53846153846154,18,4.033311821941767,3.64805494400627,72.22222222222221,10,6.126869445569012,8.624051465680662,70.0,0,,,,4,1.360384805485555,-2.2987041998601434,25.0,36,3.853181578922145,3.702520653908988,77.77777777777779,1,7.002858571227135,7.002858571227135,100.0,11,0.004293994306656062,1.8408500142740079,54.54545454545454
AOS,60,1255,-0.2003,9.8323,-19.8649,19.4642,38,6.928927457745774,6.2526828606637,65.78947368421053,3,1.1524529145430118,0.5216300527230576,66.66666666666666,13,8.662049438756053,4.073105832957963,61.53846153846154,18,1.946455439183488,2.7154422070730515,61.111111111111114,10,8.215771980299477,7.635052534930738,80.0,0,,,,4,0.3456404577195773,-0.7765834300138343,50.0,36,3.554283633638853,4.791358856699736,61.111111111111114,1,-0.07541289964602062,-0.07541289964602062,0.0,11,4.158455933777088,7.1572018272488425,63.63636363636363
APA,10,1255,0.7057,16.4931,-32.2804,33.6918,40,10.64213435990225,10.515307768658538,100.0,3,11.643890021002965,13.375312844701067,100.0,14,11.493122229536402,12.720489202183403,100.0,21,11.135791620132945,11.034155866772341,100.0,10,10.143441210890659,10.653808447881197,100.0,0,,,,3,11.643890021002965,13.375312844701067,100.0,35,9.474749965707916,7.804864362658955,100.0,0,,,,15,8.906655042159707,7.389723970282009,100.0
APA,20,1255,0.7057,16.4931,-32.2804,33.6918,40,11.91016061863308,11.119478861354889,85.0,3,17.290323770310533,15.310076444596088,100.0,14,14.180304004120101,13.353432977617945,92.85714285714286,21,11.650131706460147,9.830411999324125,80.95238095238095,10,10.518432234876034,8.820297547036404,70.0,0,,,,3,17.290323770310533,15.310076444596088,100.0,35,8.383253155703743,9.467389852726168,80.0,0,,,,15,7.512506740166574,9.385105552081368,73.33333333333333
APA,30,1255,0.7057,16.4931,-32.2804,33.6918,40,10.842204371168568,9.361392198915446,70.0,3,22.356937259508996,21.05441799983844,100.0,14,13.77033707238508,13.257981631388517,71.42857142857143,21,9.176447012896144,5.9136113918087085,71.42857142857143,10,10.993116009275388,5.3256856507174675,70.0,0,,,,3,22.356937259508996,21.05441799983844,100.0,35,5.860255987310861,5.054170309770591,68.57142857142857,0,,,,15,2.959335260140072,2.1276686928286574,53.333333333333336
APA,60,1255,0.7057,16.4931,-32.2804,33.6918,40,15.618580538291829,13.71685008987931,65.0,3,22.380401485970854,19.631212721060077,100.0,14,14.994692303087467,5.707522902492489,71.42857142857143,21,18.720937230412233,25.419622359820977,61.904761904761905,10,17.11330752964239,2.614370634819716,50.0,0,,,,3,22.380401485970854,19.631212721060077,100.0,35,5.906200338709853,9.533669607661206,62.857142857142854,0,,,,15,5.1661168786828595,3.8444853778754022,60.0
APD,10,1255,-0.3491,9.0478,-18.4447,17.7464,33,6.01085239377943,6.306786448865559,100.0,3,9.2450923752058,7.484453302199598,100.0,12,5.421085480306284,6.18901961250695,100.0,16,6.624654632633719,7.095133321981859,100.0,8,7.966097868176263,6.887979401985903,100.0,0,,,,3,9.2450923752058,7.484453302199598,100.0,34,5.238182982441301,5.060086100010393,100.0,1,4.799376383157651,4.799376383157651,100.0,7,4.839830427881246,4.186503869968005,100.0
APD,20,1255,-0.3491,9.0478,-18.4447,17.7464,33,7.7500071275885904,8.02052445087342,90.9090909090909,3,11.821146138167158,13.831380187298226,100.0,12,8.654369997766242,9.47220872980757,91.66666666666666,16,7.863050356837653,6.856222543730077,100.0,8,8.632877731556102,8.210614291365406,100.0,0,,,,3,11.821146138167158,13.831380187298226,100.0,34,4.836217155772652,5.53295466518615,79.41176470588235,1,4.12538086504481,4.12538086504481,100.0,7,5.37450535506357,5.363146248159025,100.0
APD,30,1255,-0.3491,9.0478,-18.4447,17.7464,33,9.290872323707289,8.471107441210378,93.93939393939394,3,8.818929962665175,8.648692133594011,100.0,12,7.474501475977878,6.925554667921595,100.0,16,10.720485205015018,8.958885495794465,87.5,8,8.400989856320873,8.559899787402195,87.5,0,,,,3,8.818929962665175,8.648692133594011,100.0,34,5.610092608911766,5.110559542813702,85.29411764705883,1,2.907658645659571,2.907658645659571,100.0,7,9.21162797593566,5.771211698376505,100.0
APD,60,1255,-0.3491,9.0478,-18.4447,17.7464,33,10.585760648323252,11.126085032088627,81.81818181818183,3,16.12085518326838,16.37208614891857,100.0,12,11.130903196907964,15.68286430618182,83.33333333333334,16,9.400198452673926,7.097463173722124,68.75,8,8.943354897921465,12.715408197276764,75.0,0,,,,3,16.12085518326838,16.37208614891857,100.0,34,3.2149077763072786,4.915427759327162,64.70588235294117,1,13.156237880867591,13.156237880867591,100.0,7,1.239007900122893,4.178492063651371,57.14285714285714
APH,10,1255,6.0008,9.3871,-12.7735,24.7751,31,6.010391200802466,6.319875948754492,100.0,5,5.285031631818966,4.867564352475229,100.0,13,5.925780941732351,6.319875948754492,100.0,22,6.719313065877341,6.357330837037718,100.0,10,6.396918689379641,6.4246422285325675,100.0,1,10.916264275482408,10.916264275482408,100.0,5,5.285031631818966,4.867564352475229,100.0,36,5.388205815169883,4.2867136153405925,100.0,2,1.2185972069949167,1.2185972069949167,100.0,3,8.003914219464995,8.074134389292889,100.0
APH,20,1255,6.0008,9.3871,-12.7735,24.7751,31,5.419963096145674,4.342955738917864,77.41935483870968,5,7.737834566042959,4.342955738917864,80.0,13,6.8025547430596305,4.533261080991599,84.61538461538461,22,5.329202636797517,4.380618316787549,81.81818181818183,10,6.373444366873428,4.681838369277417,80.0,1,4.342955738917864,4.342955738917864,100.0,5,7.737834566042959,4.342955738917864,80.0,36,3.3099524014690807,2.8966651843301414,69.44444444444444,2,-2.853701398764337,-2.853701398764337,50.0,3,5.028601878727719,2.650831269507423,100.0
APH,30,1255,6.0008,9.3871,-12.7735,24.7751,31,8.598488992953234,6.68378010582284,74.19354838709677,5,18.042955159803828,22.80529894330322,80.0,13,12.649459331641385,13.009818731117825,76.92307692307693,22,8.028694799758483,9.269936271397489,77.27272727272727,10,9.296247967967513,8.280504073374098,80.0,1,23.412025549431092,23.412025549431092,100.0,5,18.042955159803828,22.80529894330322,80.0,36,1.8831574473388482,3.378312909689045,58.333333333333336,2,-9.624313084650343,-9.624313084650343,0.0,3,9.80977983578345,9.100646106619632,100.0
APH,60,1255,6.0008,9.3871,-12.7735,24.7751,31,13.246564932282928,13.38783420594438,83.87096774193549,5,31.527742977136437,19.081999816918064,100.0,13,20.030783947624283,18.102370280700434,84.61538461538461,22,11.472461309236662,13.274264415440722,77.27272727272727,10,14.547457544431136,13.860135835193557,80.0,1,51.25092189361621,51.25092189361621,100.0,5,31.527742977136437,19.081999816918064,100.0,36,-0.9655900283498985,0.026590316157110827,50.0,2,-12.70454297962456,-12.70454297962456,0.0,3,-1.648224454613005,-3.8214666510102404,33.33333333333333
APO,10,1255,3.4663,12.5215,-21.5766,28.5092,32,7.776713358584459,7.09210378995393,100.0,4,11.356907475624363,11.17889445025639,100.0,11,8.915086751361736,9.820816420243212,100.0,23,7.70335047204246,6.961696637955683,100.0,10,9.936055680250234,9.989567320601818,100.0,0,,,,4,11.356907475624363,11.17889445025639,100.0,28,7.820825611848858,4.983053526704822,100.0,0,,,,6,9.31283206688502,8.82487533723734,100.0
APO,20,1255,3.4663,12.5215,-21.5766,28.5092,32,8.318259385142108,9.180069631992733,75.0,4,10.560070132005565,14.896696601936643,75.0,11,12.749242452609387,12.733957881092408,90.9090909090909,23,6.836811174247652,5.484085167524134,69.56521739130434,10,6.056382862668785,7.090985397698994,70.0,0,,,,4,10.560070132005565,14.896696601936643,75.0,28,8.125750040018616,8.471958911363679,85.71428571428571,0,,,,6,9.447466045670966,8.773356926124368,83.33333333333334
APO,30,1255,3.4663,12.5215,-21.5766,28.5092,32,11.460892154066315,11.621328856611665,78.125,4,13.504814511787949,12.078998582800825,75.0,11,16.822517029050363,14.131105702160859,90.9090909090909,23,9.977537388903764,11.10716104175164,73.91304347826086,10,5.669233709747618,4.604142767767919,60.0,0,,,,4,13.504814511787949,12.078998582800825,75.0,28,8.106452185255344,10.019430351170488,75.0,0,,,,6,11.222735354513425,14.495409307810945,83.33333333333334
APO,60,1255,3.4663,12.5215,-21.5766,28.5092,32,13.854799205402792,13.68202403794072,75.0,4,18.86337899906829,19.91899299032788,100.0,11,24.101471352698116,22.522095163885,90.9090909090909,23,13.17344984448097,13.006072627496515,69.56521739130434,10,13.495277740117123,9.900874203880743,70.0,0,,,,4,18.86337899906829,19.91899299032788,100.0,28,6.696182764264963,6.3774351518888075,64.28571428571429,0,,,,6,14.533354448858583,12.527730008690977,100.0
APP,10,1252,0.0266,39.409,-78.7915,78.8447,29,17.86908153876981,13.76278889499703,100.0,3,22.607116380900653,21.293986902554966,100.0,7,17.372954225363962,15.698924819394083,100.0,18,17.24435364395105,12.055357516739068,100.0,8,20.180489916098814,16.687813848514622,100.0,0,,,,2,23.2636811200735,23.2636811200735,100.0,28,15.216234473689324,13.578465426166517,100.0,0,,,,8,17.585924860213883,16.482605368775097,100.0
APP,20,1252,0.0266,39.409,-78.7915,78.8447,29,20.896033553585333,16.23264842248026,79.3103448275862,3,29.654872461005244,27.956982521201034,100.0,7,20.881326859778653,13.280368649578959,85.71428571428571,18,17.987352547009476,15.23160287404665,72.22222222222221,8,15.275868861143937,12.390183163052116,62.5,0,,,,2,37.84212436671839,37.84212436671839,100.0,28,15.864944612857672,16.80089021255064,85.71428571428571,0,,,,8,19.34680796571724,24.87391263020976,87.5
APP,30,1252,0.0266,39.409,-78.7915,78.8447,29,22.685107063392586,21.653832742625077,79.3103448275862,3,35.374921523901534,45.27126125592611,66.66666666666666,7,21.288342867981044,11.55729384646223,57.14285714285714,18,21.29306709107304,20.644152640647278,83.33333333333334,8,16.192659731740868,1.7474791129936276,62.5,0,,,,2,59.24853535887462,59.24853535887462,100.0,28,15.92102962770503,16.393798946987495,78.57142857142857,0,,,,8,23.138063648306677,34.17334682958361,87.5
APP,60,1252,0.0266,39.409,-78.7915,78.8447,29,40.93743893755831,23.734433344948023,68.96551724137932,3,32.941767689350065,47.140756522408516,66.66666666666666,7,10.042383698247173,-0.6810425476878301,42.857142857142854,18,41.3025107977115,17.015184920404234,72.22222222222221,8,28.31821477137069,18.859947417783648,62.5,0,,,,2,49.75317280786902,49.75317280786902,100.0,28,13.767842596080515,24.855325873051605,67.85714285714286,0,,,,8,28.263876597110453,42.665871916772716,75.0
APTV,10,1255,-4.8492,12.9807,-30.8105,21.1121,38,7.8506644010485065,7.122733032769,100.0,5,10.118026883033295,8.25177353040821,100.0,11,10.476161326181598,11.511956158363404,100.0,8,9.41763950070259,7.122733032769,100.0,4,13.293200865762222,13.485590560459812,100.0,0,,,,5,10.118026883033295,8.25177353040821,100.0,36,8.373586191900056,5.970994559938978,100.0,1,4.989030149405825,4.989030149405825,100.0,14,9.62762595325704,7.555215084531621,100.0
APTV,20,1255,-4.8492,12.9807,-30.8105,21.1121,38,5.98362776891696,5.536704095834234,76.31578947368422,5,12.707283711716011,9.641538947740793,100.0,11,11.836578833620631,14.543593656099679,90.9090909090909,8,6.855056968113466,4.435068983978456,75.0,4,10.996798779449279,12.970432482117367,75.0,0,,,,5,12.707283711716011,9.641538947740793,100.0,36,8.497484219261842,7.710635076636092,80.55555555555556,1,8.856749453894162,8.856749453894162,100.0,14,9.407668204376543,8.628594991694014,92.85714285714286
APTV,30,1255,-4.8492,12.9807,-30.8105,21.1121,38,7.891630286541587,6.787477289984755,68.42105263157895,5,16.40784414391754,16.158123335874038,100.0,11,17.9972256432338,16.158123335874038,90.9090909090909,8,6.000804320543024,-1.7474315003620102,37.5,4,15.667379602817082,21.788631836424585,75.0,0,,,,5,16.40784414391754,16.158123335874038,100.0,36,10.242923533628803,10.505192957753717,86.11111111111111,1,10.701225482735728,10.701225482735728,100.0,14,12.737567814724475,12.221764538273472,92.85714285714286
APTV,60,1255,-4.8492,12.9807,-30.8105,21.1121,38,4.183199922872994,4.924348828931345,65.78947368421053,5,15.251056170997805,12.649360518191093,100.0,11,12.284424205925559,12.616056934974113,81.81818181818183,8,8.658775320164143,12.11584465458834,62.5,4,8.287499497982406,12.652312951543683,75.0,0,,,,5,15.251056170997805,12.649360518191093,100.0,36,11.827410289728636,12.973429150910427,77.77777777777779,1,24.685136368530948,24.685136368530948,100.0,14,15.100104205404872,15.002644639665508,100.0
ARE,10,1255,-6.4492,13.1794,-32.8081,19.9097,31,6.088297711629335,5.248337430003191,100.0,3,8.094108874323908,8.116524610828561,100.0,11,7.798325651345801,7.584487829954699,100.0,6,4.659385889321405,3.2241107668336486,100.0,6,3.942048818170065,3.2241107668336486,100.0,0,,,,3,8.094108874323908,8.116524610828561,100.0,32,7.119223824117559,6.02481798410195,100.0,1,4.776654186840298,4.776654186840298,100.0,14,7.480356137335804,6.938267712636707,100.0
ARE,20,1255,-6.4492,13.1794,-32.8081,19.9097,31,5.150280498183556,7.3299441778034495,70.96774193548387,3,8.880841914011638,9.566414188419213,66.66666666666666,11,7.5950268656828595,9.566414188419213,81.81818181818183,6,6.815954597031094,8.529253160514742,83.33333333333334,6,3.7456520743839157,5.604955353048553,66.66666666666666,0,,,,3,8.880841914011638,9.566414188419213,66.66666666666666,32,8.730691850686073,7.686286344859347,93.75,1,4.934390731970739,4.934390731970739,100.0,14,7.092494745527429,6.951097193783516,85.71428571428571
ARE,30,1255,-6.4492,13.1794,-32.8081,19.9097,31,6.720588682514677,7.5892405023444995,74.19354838709677,3,16.319281876004315,26.913502847120508,66.66666666666666,11,12.084311903455506,15.148578226857973,72.72727272727273,6,6.065276459552244,7.546565222301785,83.33333333333334,6,2.4165498387556963,2.5114247947319157,66.66666666666666,0,,,,3,16.319281876004315,26.913502847120508,66.66666666666666,32,9.690699594059232,8.63129388192002,78.125,1,8.960555548202779,8.960555548202779,100.0,14,5.56042802465763,7.033445609777061,71.42857142857143
ARE,60,1255,-6.4492,13.1794,-32.8081,19.9097,31,1.520306684636195,1.0451660682550274,54.83870967741935,3,12.818308190182783,14.474629488364643,100.0,11,9.692784506558276,5.246041611047693,81.81818181818183,6,2.5424000070846047,2.026738193231988,50.0,6,-2.007761323389223,-2.024939544289702,50.0,0,,,,3,12.818308190182783,14.474629488364643,100.0,32,11.775573933057569,9.718424916723094,93.75,1,5.963476850038887,5.963476850038887,100.0,14,8.331245684913446,7.387486316533854,92.85714285714286
ARES,10,1255,2.664,12.7374,-22.8107,28.1387,36,8.495271899595473,7.345614387478289,100.0,3,10.608508821867844,9.011364054728134,100.0,8,11.63932472484423,10.791757176102657,100.0,26,7.10339081468762,6.8551921210104965,100.0,7,9.879549260848686,6.684032452463372,100.0,1,6.684032452463372,6.684032452463372,100.0,3,10.608508821867844,9.011364054728134,100.0,33,7.177081578233379,6.074058536442211,100.0,0,,,,0,,,
ARES,20,1255,2.664,12.7374,-22.8107,28.1387,36,10.033605414221851,10.258324871287291,86.11111111111111,3,15.491568006859305,12.679201451350266,66.66666666666666,8,14.819407728421407,12.24156100144127,87.5,26,8.346397178097916,8.881455545982707,88.46153846153845,7,9.325628097725595,8.476332240324831,85.71428571428571,1,-2.3956145344280517,-2.3956145344280517,0.0,3,15.491568006859305,12.679201451350266,66.66666666666666,33,6.522927167005016,4.804730304298257,75.75757575757575,0,,,,0,,,
ARES,30,1255,2.664,12.7374,-22.8107,28.1387,36,11.288939798729192,11.939861741167554,83.33333333333334,3,29.65909096579101,35.48687188149112,100.0,8,16.027495920851983,12.569105549855905,75.0,26,9.887879505499818,11.347936651569263,88.46153846153845,7,10.697614359383177,10.623577659494021,85.71428571428571,1,10.623577659494021,10.623577659494021,100.0,3,29.65909096579101,35.48687188149112,100.0,33,4.6047428771745675,3.4192509920870098,69.6969696969697,0,,,,0,,,
ARES,60,1255,2.664,12.7374,-22.8107,28.1387,36,14.093622831080713,16.634811742105953,86.11111111111111,3,39.12373794675204,41.705457688368014,100.0,8,21.004063162605075,19.790061852634203,87.5,26,12.8951303702808,15.305427700682209,84.61538461538461,7,15.205466071638767,10.027265291582856,100.0,1,23.865627999790032,23.865627999790032,100.0,3,39.12373794675204,41.705457688368014,100.0,33,4.444063139640002,0.24888307345336397,51.515151515151516,0,,,,0,,,
ATO,10,1255,3.3624,5.3533,-7.3443,14.0691,37,4.63521450632941,3.793522624737248,100.0,5,8.573620134832849,9.173380404181737,100.0,13,6.286073930140985,4.9849279244343405,100.0,24,4.3705015217071095,3.1700804802259226,100.0,9,4.6393660755810835,4.347036432083956,100.0,2,10.90900885370132,10.90900885370132,100.0,5,8.573620134832849,9.173380404181737,100.0,39,3.1261447095727166,2.8223967364123435,100.0,2,4.4798223468901135,4.4798223468901135,100.0,7,1.9499014340914347,1.312727017054041,100.0
ATO,20,1255,3.3624,5.3533,-7.3443,14.0691,37,4.930527830291941,4.7105560493529435,86.48648648648648,5,9.823957632968185,9.622244456418361,100.0,13,7.644612570093619,7.642149843035055,92.3076923076923,24,3.819275837956669,4.260338847865567,83.33333333333334,9,3.422158953718762,4.6793586702775105,77.77777777777779,2,12.124678598425177,12.124678598425177,100.0,5,9.823957632968185,9.622244456418361,100.0,39,1.795119108156424,1.1142062476407797,64.1025641025641,2,2.153332357218207,2.153332357218207,50.0,7,-0.5018215965770075,0.30768356008096104,57.14285714285714
ATO,30,1255,3.3624,5.3533,-7.3443,14.0691,37,5.61849140851025,6.716331631295444,75.67567567567568,5,12.789068128324129,11.241953745219766,100.0,13,10.018298144795041,8.253881449266757,100.0,24,3.9148901980836506,3.8801219593009475,70.83333333333334,9,6.505583871824248,8.622237523262358,77.77777777777779,2,13.634688247632162,13.634688247632162,100.0,5,12.789068128324129,11.241953745219766,100.0,39,1.283644185238796,1.3621968835061413,58.97435897435898,2,0.7047899084014895,0.7047899084014895,50.0,7,-1.8732873625800568,-0.5726610083289689,42.857142857142854
ATO,60,1255,3.3624,5.3533,-7.3443,14.0691,37,9.152002120214645,8.12006638102508,94.5945945945946,5,15.949567260540126,14.041768547384944,100.0,13,12.819265258103266,13.716394691146466,100.0,24,7.09226227676562,7.629747301287146,91.66666666666666,9,9.706294411858648,11.15608790598586,100.0,2,13.879081619265705,13.879081619265705,100.0,5,15.949567260540126,14.041768547384944,100.0,39,-0.6783961386775409,0.20734525527655376,51.28205128205128,2,3.74065414546063,3.74065414546063,50.0,7,-8.224220966779201,-10.917610673520366,14.285714285714285
AVB,10,1255,-0.846,7.9363,-16.7185,15.0265,32,4.985838942559733,4.236551408806167,100.0,7,6.982829256776864,6.197340488371699,100.0,11,6.165152753671439,6.000743829922079,100.0,10,4.946975635017543,4.958758167610148,100.0,6,4.059654931424229,3.692160801583502,100.0,0,,,,7,6.982829256776864,6.197340488371699,100.0,39,4.269795872863891,2.884614498104232,100.0,0,,,,19,5.490759728077512,4.012005472162734,100.0
AVB,20,1255,-0.846,7.9363,-16.7185,15.0265,32,5.023949539242626,5.677954972389113,81.25,7,6.11925932927469,6.680107039152632,71.42857142857143,11,6.26800783347959,5.713772564845965,81.81818181818183,10,6.7936830460417355,6.812640263948097,100.0,6,2.9815424347526243,3.0445125340739647,66.66666666666666,0,,,,7,6.11925932927469,6.680107039152632,71.42857142857143,39,4.0879028406245626,4.61912515056652,76.92307692307693,0,,,,19,5.024374477101876,5.070810497521417,84.21052631578947
AVB,30,1255,-0.846,7.9363,-16.7185,15.0265,32,4.981725222574786,5.300681462840889,78.125,7,6.9586035153514105,7.749829080513298,71.42857142857143,11,7.447185658812241,7.749829080513298,81.81818181818183,10,6.0787561185414365,6.117242271178213,90.0,6,2.206748312693809,3.9259278710240135,66.66666666666666,0,,,,7,6.9586035153514105,7.749829080513298,71.42857142857143,39,5.122284569442298,4.65191212097348,82.05128205128204,0,,,,19,6.0732017108482275,5.971888585528719,89.47368421052632
AVB,60,1255,-0.846,7.9363,-16.7185,15.0265,32,4.454497715986068,3.7815640451480945,71.875,7,7.248671971315511,9.068275836023679,85.71428571428571,11,7.989469194847817,9.068275836023679,90.9090909090909,10,3.0396551623808348,3.7815640451480945,70.0,6,0.6113479062402393,0.4652954161416558,50.0,0,,,,7,7.248671971315511,9.068275836023679,85.71428571428571,39,5.220263402126164,5.07973040978161,82.05128205128204,0,,,,19,5.177165342943907,4.60449036915135,84.21052631578947
AVGO,10,1255,8.4285,11.499,-14.5695,31.4265,31,11.967808513256381,10.23646067208112,100.0,3,10.401895289919603,10.723489040396089,100.0,10,10.75830046072231,7.3586859183205835,100.0,22,11.981992278044983,9.995231272222847,100.0,7,7.391416054333716,6.501274770717099,100.0,0,,,,3,10.401895289919603,10.723489040396089,100.0,36,7.1125990834288535,7.731722781651532,100.0,2,7.523061374026707,7.523061374026707,100.0,5,7.389737900289541,8.01130170815858,100.0
AVGO,20,1255,8.4285,11.499,-14.5695,31.4265,31,13.020788996000798,10.946524623196963,90.32258064516128,3,23.346505093269986,21.304170777485645,100.0,10,9.74406102196258,9.807358561533253,70.0,22,11.298248891007322,9.529870248491754,95.45454545454545,7,9.790435075093257,8.086303197625707,85.71428571428571,0,,,,3,23.346505093269986,21.304170777485645,100.0,36,4.0421095368465245,4.129847477315951,63.888888888888886,2,7.17145796124301,7.17145796124301,100.0,5,8.721686389055629,9.895147622889858,80.0
AVGO,30,1255,8.4285,11.499,-14.5695,31.4265,31,13.289611016892703,9.95667291751325,80.64516129032258,3,31.913753854257546,22.268811504176515,100.0,10,12.489710042834266,8.787703855062366,60.0,22,11.059341950310392,9.267727879661704,86.36363636363636,7,10.412908951538244,7.026999626198313,71.42857142857143,0,,,,3,31.913753854257546,22.268811504176515,100.0,36,2.8240818611320284,-0.01250168800893646,50.0,2,9.508549273570706,9.508549273570706,100.0,5,8.843079468481687,12.987545582862433,80.0
AVGO,60,1255,8.4285,11.499,-14.5695,31.4265,31,21.051885249457282,18.75774166557928,83.87096774193549,3,40.02458923519304,36.493557294150406,66.66666666666666,10,21.32748725988393,14.483991784097512,70.0,22,20.58545996879381,18.630408285686237,86.36363636363636,7,28.736796095622733,29.886225445232174,71.42857142857143,0,,,,3,40.02458923519304,36.493557294150406,66.66666666666666,36,-3.2458375482560133,-3.4009195927680755,41.66666666666667,2,9.35699699299758,9.35699699299758,50.0,5,-0.9264691031009817,-0.22098616275766514,40.0
AVY,10,1255,-0.8732,7.2631,-15.3994,13.653,36,5.327443023423184,4.930732477871206,100.0,4,7.703010987534129,7.4733850172826735,100.0,15,6.332988488268511,6.686307466749934,100.0,15,4.432091583619466,4.264801398799127,100.0,6,5.550360221559974,5.776125287196458,100.0,0,,,,4,7.703010987534129,7.4733850172826735,100.0,35,4.990566107956013,3.4386711862813315,100.0,1,9.783453449481241,9.783453449481241,100.0,15,4.864143930516686,3.347239330160802,100.0
AVY,20,1255,-0.8732,7.2631,-15.3994,13.653,36,5.395662073547363,5.573519246971218,83.33333333333334,4,7.7765580733110475,7.682272757412621,100.0,15,5.6250734318077065,7.45480074019628,80.0,15,3.82635709587147,2.6604959155551064,80.0,6,5.596490118968247,6.827882802233565,83.33333333333334,0,,,,4,7.7765580733110475,7.682272757412621,100.0,35,3.9210973604672525,4.8644829396292035,82.85714285714286,1,11.365087138921806,11.365087138921806,100.0,15,2.4674945577564014,4.871086534114146,66.66666666666666
AVY,30,1255,-0.8732,7.2631,-15.3994,13.653,36,5.664335387925799,5.986633847477487,75.0,4,12.308399368853646,9.730518614575647,100.0,15,6.635394115929187,6.413096441005306,86.66666666666667,15,3.9736713337387486,4.3411666139327325,73.33333333333333,6,5.525557277284638,4.636484956887937,66.66666666666666,0,,,,4,12.308399368853646,9.730518614575647,100.0,35,3.973346649693814,3.2026113874324205,65.71428571428571,1,18.020437152509146,18.020437152509146,100.0,15,2.1486437250946513,1.9047094383624237,53.333333333333336
AVY,60,1255,-0.8732,7.2631,-15.3994,13.653,36,5.731595864544107,6.306366638528582,69.44444444444444,4,11.118930060594113,11.594631715946006,100.0,15,8.57859814258604,9.610886960455773,80.0,15,2.687005510336154,4.135405183225473,60.0,6,-0.3866708597296635,1.8128772422424129,66.66666666666666,0,,,,4,11.118930060594113,11.594631715946006,100.0,35,3.1588395303902645,3.0513496261178488,62.857142857142854,1,16.08235768119827,16.08235768119827,100.0,15,0.1773001465336429,1.524026796428578,53.333333333333336
AWK,10,1255,-1.0177,6.6509,-14.3194,12.284,37,4.726243232414269,3.726713850582371,100.0,7,7.818408743825802,5.912943659591196,100.0,11,6.886507944576081,6.003010560034248,100.0,12,4.730965068969301,4.71331748227095,100.0,10,4.670659199035943,4.71331748227095,100.0,0,,,,6,8.550247114386341,8.185908041526236,100.0,34,5.048341222105414,4.134142443010891,100.0,3,2.990492563979673,2.821887759369226,100.0,14,5.568256013121723,4.421045589876343,100.0
AWK,20,1255,-1.0177,6.6509,-14.3194,12.284,37,4.590921375500571,4.6043098430635885,81.08108108108108,7,7.857549643221579,7.615046827685627,100.0,11,8.671117500676138,7.615046827685627,100.0,12,4.4052210732974935,4.311782731021733,75.0,10,3.6342880875981836,3.1860372244881496,70.0,0,,,,6,8.000298261775447,9.228509022043893,100.0,34,4.618336202495664,4.011610558961546,82.35294117647058,3,3.7807330218061903,3.1916263596197356,100.0,14,4.660648439123096,3.7506254375773,85.71428571428571
AWK,30,1255,-1.0177,6.6509,-14.3194,12.284,37,4.9978024812247765,3.063809732298352,89.1891891891892,7,13.198129472355632,13.151983587959135,100.0,11,11.06046405003779,12.303560251755034,100.0,12,2.2335687180094586,2.2486283880842466,83.33333333333334,10,2.966846441021748,2.8636619930645155,70.0,0,,,,6,15.278223827263595,13.778384499369675,100.0,34,5.111900812904879,5.29399391906737,79.41176470588235,3,4.433915727721563,5.622185811171449,66.66666666666666,14,4.314327069775985,4.54332691820079,78.57142857142857
AWK,60,1255,-1.0177,6.6509,-14.3194,12.284,37,5.1597838322673235,3.954960191466224,70.27027027027027,7,13.009144897924733,14.313450152876928,100.0,11,11.80451247366119,9.110355934587725,100.0,12,-0.6354896080872874,-1.5591640067150245,50.0,10,0.2202547594608708,0.10923084974398264,60.0,0,,,,6,13.77364192738443,14.946574022368978,100.0,34,5.236154229882952,5.887514727197927,85.29411764705883,3,7.825220244479605,5.622185811171449,100.0,14,2.4189826235478837,5.843357288318683,71.42857142857143
AXON,10,1255,3.4795,18.9697,-34.46,41.4189,36,10.637019878980709,9.0741214560075,100.0,3,10.209308165699746,11.357172028204545,100.0,11,12.081337231893015,12.310887101326106,100.0,21,9.356945191840984,6.728866684582285,100.0,9,11.288085870757714,8.494262349948217,100.0,0,,,,3,10.209308165699746,11.357172028204545,100.0,38,7.772404361435972,6.821659503884059,100.0,1,10.742560450268092,10.742560450268092,100.0,10,8.88729624647102,8.279008482030733,100.0
AXON,20,1255,3.4795,18.9697,-34.46,41.4189,36,11.424621697637749,10.55234756492419,86.11111111111111,3,18.887254429932554,19.75820508032476,100.0,11,13.12586947864698,14.355002590068,81.81818181818183,21,8.844281328209783,5.429750682727852,80.95238095238095,9,6.057608579438868,7.3636942466156405,77.77777777777779,0,,,,3,18.887254429932554,19.75820508032476,100.0,38,6.049121052289405,6.3423578186325145,73.68421052631578,1,17.2620259020245,17.2620259020245,100.0,10,6.69420475209516,6.556472549806166,70.0
AXON,30,1255,3.4795,18.9697,-34.46,41.4189,36,11.506597661753066,10.093494247861557,72.22222222222221,3,24.2477811982201,20.60007353208924,100.0,11,14.250122921352261,13.974162062007252,72.72727272727273,21,7.675215134893017,3.5364855615958146,61.904761904761905,9,1.8484853076449612,-1.214428136996995,44.44444444444444,0,,,,3,24.2477811982201,20.60007353208924,100.0,38,5.115808187116102,9.084500546935402,68.42105263157895,1,11.913950856870628,11.913950856870628,100.0,10,6.529531505483296,7.821416363198722,70.0
AXON,60,1255,3.4795,18.9697,-34.46,41.4189,36,16.859435103868787,19.290213358251197,58.333333333333336,3,21.65691388302854,37.762237256347916,66.66666666666666,11,11.479641590884183,-2.0558473722679955,45.45454545454545,21,10.75197634893938,8.232013430603766,52.38095238095239,9,13.010479282967829,8.232013430603766,55.55555555555556,0,,,,3,21.65691388302854,37.762237256347916,66.66666666666666,38,0.44338718378270864,8.149248770699252,52.63157894736842,1,27.613155447894925,27.613155447894925,100.0,10,5.712524930506683,-4.908066789032809,40.0
AXP,10,1255,3.0561,9.7936,-16.531,22.6433,33,8.063543110573606,7.948742729076925,100.0,3,8.796771634821386,11.474198869888424,100.0,14,8.477125538214581,8.562681715378151,100.0,17,8.500991652976168,7.882728617516591,100.0,7,7.585046523224564,8.116790734687424,100.0,0,,,,3,8.796771634821386,11.474198869888424,100.0,40,4.9314825868373955,3.2754434992495196,100.0,0,,,,3,11.425661381568085,13.744099143843716,100.0
AXP,20,1255,3.0561,9.7936,-16.531,22.6433,33,8.780549254379338,10.743460367678763,81.81818181818183,3,14.235685860234318,19.38287216511099,100.0,14,8.29190767002056,10.666643260559571,78.57142857142857,17,8.758477624892844,10.743460367678763,88.23529411764706,7,5.637593679907277,9.396240519145417,71.42857142857143,0,,,,3,14.235685860234318,19.38287216511099,100.0,40,2.8791258482431688,1.6322781052236668,60.0,0,,,,3,11.186041834539871,15.352433787671854,100.0
AXP,30,1255,3.0561,9.7936,-16.531,22.6433,33,9.277387915896336,10.985586314608472,81.81818181818183,3,18.132702369837755,18.86722975089877,100.0,14,11.400488912748576,14.471904799950996,85.71428571428571,17,8.853871474644881,10.344825855698346,88.23529411764706,7,8.833937744367349,11.898989665059212,85.71428571428571,0,,,,3,18.132702369837755,18.86722975089877,100.0,40,3.8062783946080243,2.6728177679412086,67.5,0,,,,3,15.70045738094804,17.118921205115917,100.0
AXP,60,1255,3.0561,9.7936,-16.531,22.6433,33,12.93921688549023,13.404598804994494,87.87878787878788,3,18.359217930868923,13.404598804994494,100.0,14,17.74638676448875,14.837412827685771,100.0,17,11.327976931565306,12.639899859404988,88.23529411764706,7,19.860574257989033,16.27022685037705,100.0,0,,,,3,18.359217930868923,13.404598804994494,100.0,40,1.9683506544765117,-1.298519607390187,50.0,0,,,,3,7.08782485786885,5.822212761931792,100.0
AZO,10,1255,3.7233,6.0014,-8.2796,15.7262,35,6.02273011353942,5.686615170245974,100.0,4,11.289231164402754,10.478350813854638,100.0,12,7.780236709424273,6.932284477992686,100.0,28,5.651724574351111,4.920744740989784,100.0,12,7.113876605830761,6.05968301834341,100.0,3,10.66843003381092,7.805067071531019,100.0,4,11.289231164402754,10.478350813854638,100.0,38,4.546892095497203,4.580352963908821,100.0,2,3.7352699579119295,3.7352699579119295,100.0,0,,,
AZO,20,1255,3.7233,6.0014,-8.2796,15.7262,35,7.39246308390219,7.723139673333687,91.42857142857143,4,10.856292230066025,10.858301399073083,100.0,12,10.122250656639874,10.00327776212355,100.0,28,7.015259783758991,7.391800134216451,89.28571428571429,12,9.297064990575366,9.190179204699529,91.66666666666666,3,9.589675572405715,7.060460595099214,100.0,4,10.856292230066025,10.858301399073083,100.0,38,3.400941078509302,3.081357694140828,65.78947368421053,2,8.950852561556642,8.950852561556642,100.0,0,,,
AZO,30,1255,3.7233,6.0014,-8.2796,15.7262,35,8.450088340513773,8.437568979738309,82.85714285714286,4,9.972539376942185,10.992349601604536,75.0,12,10.943656553544697,13.151699016437167,91.66666666666666,28,7.739108512817966,7.219526852549448,78.57142857142857,12,10.877779957846661,10.897507321242276,91.66666666666666,3,8.154629580903299,6.558430438150227,66.66666666666666,4,9.972539376942185,10.992349601604536,75.0,38,1.9079989362043805,2.7817774706078495,68.42105263157895,2,8.101694445579437,8.101694445579437,100.0,0,,,
AZO,60,1255,3.7233,6.0014,-8.2796,15.7262,35,11.005056269455185,11.591414266557836,97.14285714285714,4,12.508468167663384,7.507911839743603,100.0,12,10.748988217564255,8.77715967314562,100.0,28,10.95608133040692,11.249316283092988,96.42857142857143,12,13.05756484841797,13.24565113889752,100.0,3,15.079355013686481,10.220016049893111,100.0,4,12.508468167663384,7.507911839743603,100.0,38,-0.3759217206646451,-1.0238306753854867,39.473684210526315,2,6.0002125815423355,6.0002125815423355,100.0,0,,,
BA,10,1255,-1.0721,13.617,-28.3062,26.162,36,8.319455939687035,7.342897182958257,100.0,3,15.468391368506204,16.943051171191918,100.0,14,10.661548361572903,9.929033487497943,100.0,17,7.801678461658666,5.171277484694958,100.0,11,8.747134092094482,7.055462927973025,100.0,0,,,,3,15.468391368506204,16.943051171191918,100.0,33,7.168887607542709,6.177214262329027,100.0,0,,,,10,6.4292966686227135,5.4175568796373135,100.0
BA,20,1255,-1.0721,13.617,-28.3062,26.162,36,8.140731502116715,6.25432217905181,80.55555555555556,3,16.601573817231998,13.357266904194805,100.0,14,15.196776921463547,14.265647127771228,92.85714285714286,17,4.9340802039265865,3.081246177549756,64.70588235294117,11,8.308745924234445,5.643348215112207,63.63636363636363,0,,,,3,16.601573817231998,13.357266904194805,100.0,33,6.858360873328129,5.938712999810736,84.84848484848484,0,,,,10,4.300729409374557,2.538776295262945,80.0
BA,30,1255,-1.0721,13.617,-28.3062,26.162,36,9.644725430933915,6.709837564339513,72.22222222222221,3,22.560699365684417,16.485118989861306,100.0,14,20.655917886970883,17.73030884181655,85.71428571428571,17,5.3227132774082255,0.9518606440130152,58.82352941176471,11,11.858684812265977,9.6996361579449,72.72727272727273,0,,,,3,22.560699365684417,16.485118989861306,100.0,33,6.20555287358082,6.540593664310304,72.72727272727273,0,,,,10,0.9500094238200969,3.1003029503583464,50.0
BA,60,1255,-1.0721,13.617,-28.3062,26.162,36,9.319484010513113,5.775474984189451,61.111111111111114,3,27.168477232665044,36.19022307517146,100.0,14,20.247479984804354,18.329312813097562,92.85714285714286,17,9.299349303838687,7.634719837340466,64.70588235294117,11,18.08856663704231,12.148247036181003,90.9090909090909,0,,,,3,27.168477232665044,36.19022307517146,100.0,33,8.291739393484919,7.6035709967471306,72.72727272727273,0,,,,10,5.799373518190704,7.18680155662909,70.0
BAC,10,1255,1.2639,10.7487,-20.2335,22.7614,33,7.154152876892938,7.35680127792092,100.0,5,5.9639174447813055,7.35680127792092,100.0,13,8.148513781009727,7.378070170566366,100.0,16,6.664130031163404,7.076999134203227,100.0,6,7.750585876094886,7.837758245147798,100.0,0,,,,6,6.9261112799467375,7.367435724243643,100.0,36,5.846317991911952,5.538411731980025,100.0,0,,,,8,7.521960056000974,6.288020174891669,100.0
BAC,20,1255,1.2639,10.7487,-20.2335,22.7614,33,7.926873813596259,7.599643357895037,87.87878787878788,5,8.570848012324262,10.752702475116527,60.0,13,8.430759173887166,7.221559319755136,76.92307692307693,16,8.382983740908678,8.736951564041583,100.0,6,4.967961637603849,8.623613985030396,83.33333333333334,0,,,,6,8.224794259427597,8.623613985030396,66.66666666666666,36,4.981270453821391,5.826497637559311,75.0,0,,,,8,6.735548039719308,7.41384157434235,87.5
BAC,30,1255,1.2639,10.7487,-20.2335,22.7614,33,9.50152813250145,9.019760413109553,87.87878787878788,5,9.497719560780268,5.9122650015026545,80.0,13,10.604772458739022,9.01418424546506,84.61538461538461,16,9.024112137795697,9.274475490612783,87.5,6,7.02280318418223,5.91215929094101,83.33333333333334,0,,,,6,8.449451944998481,4.560189433796102,83.33333333333334,36,3.4851926463212144,2.877915736155502,58.333333333333336,0,,,,8,4.805996417252169,7.7209995568566985,62.5
BAC,60,1255,1.2639,10.7487,-20.2335,22.7614,33,11.067562072451127,12.042427498583965,84.84848484848484,5,14.609546458785843,8.150360916801006,100.0,13,14.88251857042849,11.793415033225365,92.3076923076923,16,9.95021167298409,12.904028496552566,87.5,6,13.973509964996667,14.421311218137083,83.33333333333334,0,,,,6,11.44866190379507,8.02470862084279,83.33333333333334,36,2.1337156328886326,2.3812277333894856,52.77777777777778,0,,,,8,-1.9068722608585689,0.27381241918686916,50.0
BALL,10,1255,-2.6065,11.7727,-26.1518,20.9389,37,5.96540695051859,5.21439792822988,100.0,5,6.868684063273584,4.509052511736473,100.0,10,8.548096689481465,8.306163862517753,100.0,9,4.625186322744589,4.859744050930944,100.0,7,4.980323429377145,5.97362765193688,100.0,0,,,,5,6.868684063273584,4.509052511736473,100.0,34,6.45452952352941,5.824082122736552,100.0,0,,,,21,7.0318525335213495,4.9639366821181525,100.0
BALL,20,1255,-2.6065,11.7727,-26.1518,20.9389,37,4.772396569524968,4.9517392890756895,72.97297297297297,5,7.946238723245537,5.891624820996019,100.0,10,6.85159841450548,6.002012240849984,80.0,9,4.652853577911525,4.993949077656661,77.77777777777779,7,4.404572100341936,2.4999836293612554,71.42857142857143,0,,,,5,7.946238723245537,5.891624820996019,100.0,34,5.716787924316615,5.8889613874878055,85.29411764705883,0,,,,21,5.937201033292881,6.188712169611493,85.71428571428571
BALL,30,1255,-2.6065,11.7727,-26.1518,20.9389,37,5.123243386617035,4.343752963301734,72.97297297297297,5,8.700749146688093,6.695451444177382,80.0,10,8.822896950592469,6.884952815128733,70.0,9,2.4594361743565463,4.176383271530368,77.77777777777779,7,6.261600605086423,4.176383271530368,100.0,0,,,,5,8.700749146688093,6.695451444177382,80.0,34,7.214558603375245,5.965114988631113,76.47058823529412,0,,,,21,6.544461952679939,6.333502889318897,71.42857142857143
BALL,60,1255,-2.6065,11.7727,-26.1518,20.9389,37,3.3951713295156667,2.853805715946553,56.75675675675676,5,-1.2164595287321127,-7.144311270176357,40.0,10,2.49799459429416,1.049936987409469,50.0,9,0.520990249225934,2.853805715946553,55.55555555555556,7,9.527008610280292,5.924027484287539,100.0,0,,,,5,-1.2164595287321127,-7.144311270176357,40.0,34,7.6642384671021055,9.673093393148939,76.47058823529412,0,,,,21,5.283520653133211,2.7780322997156293,66.66666666666666
BAX,10,1255,-7.7417,11.1334,-30.0084,14.525,38,5.3413864615157935,4.38664182489142,100.0,3,7.060496187557575,6.4857081228577975,100.0,15,5.458136494427683,4.8747141167046655,100.0,7,3.3958344067646387,3.531808512467082,100.0,5,3.270742494877625,3.1335712046375863,100.0,0,,,,3,7.060496187557575,6.4857081228577975,100.0,34,7.608511901223001,6.872568749697003,100.0,1,4.180939655460148,4.180939655460148,100.0,19,7.9514940830980505,7.919911065197023,100.0
BAX,20,1255,-7.7417,11.1334,-30.0084,14.525,38,4.310986522453951,4.455819013318452,76.31578947368422,3,8.187454267841227,8.897996708383276,100.0,15,5.269381740117371,6.0555664558498705,80.0,7,0.9970642286988876,0.7800355122764666,71.42857142857143,5,1.444969577178841,3.5320167273046605,60.0,0,,,,3,8.187454267841227,8.897996708383276,100.0,34,7.999542595626616,8.175166615279695,82.35294117647058,1,3.4726988955046707,3.4726988955046707,100.0,19,7.9844605983266055,9.103844909633573,78.94736842105263
BAX,30,1255,-7.7417,11.1334,-30.0084,14.525,38,1.762236490364222,1.8067580516067223,55.26315789473685,3,14.214625689674003,13.591948546972517,100.0,15,3.6403756197916213,6.753901975575398,66.66666666666666,7,-6.320951353428437,-5.970378471246497,14.285714285714285,5,-0.41130198488079783,-5.126820901702081,40.0,0,,,,3,14.214625689674003,13.591948546972517,100.0,34,10.088380092025721,10.081903049403062,88.23529411764706,1,7.699332673528827,7.699332673528827,100.0,19,10.531532287418017,11.679991573719354,84.21052631578947
BAX,60,1255,-7.7417,11.1334,-30.0084,14.525,38,-0.11916409742046905,-1.934214787660135,44.73684210526316,3,19.451551874246324,22.567686828184424,100.0,15,4.83953075627887,-0.8340481257285083,46.666666666666664,7,-12.00134533417552,-12.994614511485528,0.0,5,6.232006290492127,-2.911442973020007,40.0,0,,,,3,19.451551874246324,22.567686828184424,100.0,34,14.49840575227592,17.699283879482852,82.35294117647058,1,23.25475298689727,23.25475298689727,100.0,19,13.795471549400705,17.247020314395638,84.21052631578947
BBY,10,1255,-2.5981,10.9421,-24.4822,19.2861,30,7.299803817276739,6.235776789365319,100.0,5,11.27194078599924,11.167360638335063,100.0,13,8.142902783194234,8.980472326934375,100.0,8,7.540369374047581,5.7095587619684665,100.0,6,10.72536709959081,7.88957923585327,100.0,1,14.79183840671362,14.79183840671362,100.0,4,12.126232680185154,12.08181563090297,100.0,37,7.930956614878082,6.793507442112347,100.0,2,3.816145781400926,3.816145781400926,100.0,13,9.496122402326684,6.399788198759363,100.0
BBY,20,1255,-2.5981,10.9421,-24.4822,19.2861,30,7.629051975822944,5.261836860144779,73.33333333333333,5,6.890119873565749,9.955582433956899,60.0,13,7.160540614874762,3.930445348819342,76.92307692307693,8,5.187747822267909,4.033380420645376,75.0,6,13.319670473266926,11.703650329944317,83.33333333333334,1,9.955582433956899,9.955582433956899,100.0,4,12.094276189005065,14.028263317548346,75.0,37,7.618598047977906,6.405742442743885,89.1891891891892,2,5.008171544440545,5.008171544440545,50.0,13,8.793578978575662,11.47498509791952,84.61538461538461
BBY,30,1255,-2.5981,10.9421,-24.4822,19.2861,30,9.359353433934121,7.293211245452136,70.0,5,9.02458276136691,3.660351695490869,60.0,13,10.467186306549072,5.349975735100008,69.23076923076923,8,5.883499815173844,4.5051637152954385,75.0,6,9.865991956914437,7.293211245452136,83.33333333333334,1,3.660351695490869,3.660351695490869,100.0,4,11.895638146180797,13.419374010364358,75.0,37,8.553210025317767,8.120233923823317,91.8918918918919,2,7.987577653411996,7.987577653411996,100.0,13,10.484372529308931,8.133567928894964,84.61538461538461
BBY,60,1255,-2.5981,10.9421,-24.4822,19.2861,30,7.375404153961995,10.564579104462652,70.0,5,6.408662026335231,4.800783551183814,80.0,13,5.923226511293777,4.800783551183814,69.23076923076923,8,-3.376806781883044,-1.1910099550304454,37.5,6,5.299845025859914,8.444892466048588,66.66666666666666,1,-16.53437409559617,-16.53437409559617,0.0,4,6.810631645123086,8.252400410902084,75.0,37,8.630644522917027,10.5222817544085,72.97297297297297,2,13.263418983493297,13.263418983493297,100.0,13,10.055001280021807,15.04823615168765,76.92307692307693
BDX,10,1255,-0.8878,7.2538,-15.3954,13.6198,34,4.82164385704933,4.435583552950149,100.0,3,3.9573019294442298,2.689712726975141,100.0,11,5.4018080954107965,4.163811500370618,100.0,9,4.746081433219759,4.4862717818789495,100.0,7,4.892619146395046,4.375273345133761,100.0,0,,,,4,3.6838300520114067,2.7765635733440392,100.0,36,4.120791191214362,3.1133836151091083,100.0,0,,,,17,4.265854951363555,3.0011517346325323,100.0
BDX,20,1255,-0.8878,7.2538,-15.3954,13.6198,34,4.509642207477033,4.361676806189151,85.29411764705883,3,4.37445205311532,4.102840136481125,100.0,11,4.8948087253072705,3.5059113278272087,90.9090909090909,9,5.116329206751455,4.161590902829727,77.77777777777779,7,4.887238983210202,4.161590902829727,85.71428571428571,0,,,,4,3.389472671619105,3.804375732154167,100.0,36,4.093205062306042,3.5964715074547566,72.22222222222221,0,,,,17,3.5483030761112846,2.7918952996623894,64.70588235294117
BDX,30,1255,-0.8878,7.2538,-15.3954,13.6198,34,4.771335525619207,4.338339580842708,82.35294117647058,3,4.930742459129088,5.870937183997662,100.0,11,6.354345056850872,5.870937183997662,100.0,9,3.4523911584193887,4.01137116019285,77.77777777777779,7,4.710380546438803,4.272831210042466,85.71428571428571,0,,,,4,4.963220562977549,5.465796029260298,100.0,36,3.9198194247911626,3.0797463851215507,80.55555555555556,0,,,,17,3.3387851819665015,1.4221610626316,76.47058823529412
BDX,60,1255,-0.8878,7.2538,-15.3954,13.6198,34,5.3808119876551945,5.131871394689737,79.41176470588235,3,11.548641450859657,11.163799157673875,100.0,11,7.6767961539610665,7.438039691525356,90.9090909090909,9,4.009211462755489,3.8733197315594685,77.77777777777779,7,6.39959705626264,4.822362803945907,85.71428571428571,0,,,,4,9.546179223789462,9.300919424599616,100.0,36,3.5141330679432454,2.9450278890217154,66.66666666666666,0,,,,17,5.283903391553717,3.8275235389735616,70.58823529411765
BEN,10,1255,-0.5721,9.9498,-20.4717,19.3274,33,5.865607792709328,5.762008738701659,100.0,3,9.375019938420623,10.384150784448067,100.0,13,8.02713264607269,7.641633579735291,100.0,8,4.09066677220781,3.475869800250588,100.0,8,6.275814899120144,5.749500207767774,100.0,0,,,,2,8.8704545154069,8.8704545154069,100.0,34,5.878641978562786,5.296696559540296,100.0,1,7.746908076427821,7.746908076427821,100.0,13,6.205969181913888,5.499988091805816,100.0
BEN,20,1255,-0.5721,9.9498,-20.4717,19.3274,33,6.882344923766867,5.999256822854415,84.84848484848484,3,11.946733404315642,7.412063841917783,100.0,13,9.337330031581324,8.26873638114412,92.3076923076923,8,4.731141665829295,3.2475588428236257,87.5,8,5.182788167527452,1.52410186401658,75.0,0,,,,2,6.515543505417522,6.515543505417522,100.0,34,5.7554326804246,7.565780616910271,79.41176470588235,1,12.50740694531033,12.50740694531033,100.0,13,5.933787433903904,8.760939729838636,76.92307692307693
BEN,30,1255,-0.5721,9.9498,-20.4717,19.3274,33,9.546720012210557,6.235493671411947,81.81818181818183,3,15.788730851412273,11.540385750493181,100.0,13,14.064747005856136,11.540385750493181,84.61538461538461,8,4.329371766775619,1.964548144398408,75.0,8,8.052783048200494,2.239920781798334,75.0,0,,,,2,8.827149795333428,8.827149795333428,100.0,34,7.390276263752416,9.939397533595663,79.41176470588235,1,22.32407846325072,22.32407846325072,100.0,13,8.863321490635615,10.127393061497662,92.3076923076923
BEN,60,1255,-0.5721,9.9498,-20.4717,19.3274,33,8.747295700216677,7.137475259482125,66.66666666666666,3,27.52912170579347,18.01148393024267,100.0,13,17.086585058242886,18.01148393024267,84.61538461538461,8,4.934451093757405,4.637526200169941,62.5,8,10.478179385543442,7.977719356942174,87.5,0,,,,2,16.596193131369958,16.596193131369958,100.0,34,7.59588199917657,9.534170405752509,79.41176470588235,1,21.85436286109132,21.85436286109132,100.0,13,7.860824621278334,9.676224612300466,84.61538461538461
BF-B,10,1255,-5.0256,8.5662,-22.158,12.1067,29,4.795362453137318,4.681646497745964,100.0,2,9.055017427349759,9.055017427349759,100.0,9,5.303803903717171,5.584897421196682,100.0,9,5.173710768253727,4.402725517121214,100.0,4,5.561955677122387,4.993811469158947,100.0,0,,,,5,5.9287006843791135,5.584897421196682,100.0,31,6.038007910512158,6.386809230026127,100.0,2,6.5091280663632585,6.5091280663632585,100.0,14,5.416510071734903,4.250464197195245,100.0
BF-B,20,1255,-5.0256,8.5662,-22.158,12.1067,29,6.237955072471746,7.281716811418221,86.20689655172413,2,13.424627240427391,13.424627240427391,100.0,9,6.149174660205795,7.132528101158571,77.77777777777779,9,8.15692688010334,8.710733635903532,100.0,4,8.56667374645185,9.430836304601858,100.0,0,,,,5,8.622760892551423,10.150938973300184,80.0,31,7.493399779503087,5.758920929108466,90.32258064516128,2,9.053444713742103,9.053444713742103,100.0,14,7.968647720817264,6.696949717140514,92.85714285714286
BF-B,30,1255,-5.0256,8.5662,-22.158,12.1067,29,6.260974383706279,7.301213254837581,79.3103448275862,2,12.666396739796188,12.666396739796188,100.0,9,4.567574036912934,7.301213254837581,77.77777777777779,9,8.53537402383044,8.267632382586386,88.88888888888889,4,13.060126895123565,15.323895303269538,100.0,0,,,,5,9.37922049504596,12.08577373994672,100.0,31,7.6395655771054125,8.561647392336408,80.64516129032258,2,13.520394445234626,13.520394445234626,100.0,14,6.0216102179697275,7.512004540947734,71.42857142857143
BF-B,60,1255,-5.0256,8.5662,-22.158,12.1067,29,3.963370148338781,5.2241186639503505,68.96551724137932,2,10.654666071117912,10.654666071117912,100.0,9,2.775555482807031,6.45311975648527,66.66666666666666,9,4.923544553191778,5.536793288417978,77.77777777777779,4,5.219598905155179,5.380455976184164,100.0,0,,,,5,10.000793900341652,7.504123605562688,100.0,31,7.85393934899672,7.907664232532312,80.64516129032258,2,9.963610345060562,9.963610345060562,100.0,14,2.98770384815097,4.996302761732831,64.28571428571429
BG,10,1255,1.9389,10.2874,-18.6359,22.5138,37,5.879943162040613,4.616986617388182,100.0,6,6.742703275926395,6.398808353729741,100.0,9,7.020758261076527,7.08471995334702,100.0,20,3.536627628949488,3.700564916437897,100.0,11,6.630345945355007,4.858307898192351,100.0,0,,,,5,6.276506687257231,5.712896754112463,100.0,33,5.188528453819927,4.399950308858826,100.0,0,,,,6,5.16664042740473,4.552225314102007,100.0
BG,20,1255,1.9389,10.2874,-18.6359,22.5138,37,6.914092609309312,5.887185611063356,83.78378378378379,6,8.492448815479191,8.114113383098605,100.0,9,9.040432789648605,8.646473673781632,100.0,20,3.5855089426318565,4.517563357682311,75.0,11,10.387362158429813,7.384889785730953,90.9090909090909,0,,,,5,8.713960621428837,8.646473673781632,100.0,33,7.216449231549256,8.077392522285514,90.9090909090909,0,,,,6,10.04642091000967,8.13138195187065,100.0
BG,30,1255,1.9389,10.2874,-18.6359,22.5138,37,7.090380998062156,4.1114087156773715,75.67567567567568,6,10.619933842821347,13.698477549068723,66.66666666666666,9,10.647300865293337,13.475940766199649,77.77777777777779,20,2.043227659704994,1.7044163465270057,65.0,11,11.01663321964758,5.370148900871232,90.9090909090909,0,,,,5,9.631713010082297,11.835917091620859,60.0,33,5.657294494115954,5.089754075750342,78.78787878787878,0,,,,6,5.74200305084972,6.398094035765387,66.66666666666666
BG,60,1255,1.9389,10.2874,-18.6359,22.5138,37,9.5669226233119,8.61476192405077,75.67567567567568,6,7.399498576535315,6.78878120362386,83.33333333333334,9,6.928741793555851,8.61476192405077,77.77777777777779,20,7.126550828799391,4.087217622272788,60.0,11,11.11255846556534,11.21676368017113,81.81818181818183,0,,,,5,5.059053265867648,0.4990337237594912,80.0,33,4.793390851168159,6.254805784730739,72.72727272727273,0,,,,6,2.8781288030183343,2.0472009907841233,83.33333333333334
BIIB,10,1255,-3.8483,12.729,-29.3063,21.6096,37,6.231405007656581,5.166600862734069,100.0,3,4.7937353949392145,4.815663447467647,100.0,14,5.126010299159042,4.688159647578017,100.0,5,5.872125700033176,5.793937914299242,100.0,5,3.672346890236665,3.866121373326385,100.0,0,,,,4,4.80380273804364,4.824834107412281,100.0,29,6.641548210147564,6.480536939210989,100.0,3,5.810486213023675,4.750263193216007,100.0,15,6.954773385859033,6.86370716983867,100.0
BIIB,20,1255,-3.8483,12.729,-29.3063,21.6096,37,6.1029852410385805,4.7647882268899515,67.56756756756756,3,2.565323644348286,4.22473190294858,66.66666666666666,14,4.09103046977972,4.566837738665917,57.14285714285714,5,1.6852320528598976,3.801210345643953,60.0,5,9.558343875859203,3.2511704058096607,60.0,0,,,,4,3.151228626857028,4.566837738665917,75.0,29,5.756516808145611,5.049915363351211,86.20689655172413,3,2.6608786726369673,2.8886784626407436,66.66666666666666,15,7.233997847113975,6.8866820025723365,86.66666666666667
BIIB,30,1255,-3.8483,12.729,-29.3063,21.6096,37,5.749958896328397,5.171257988479116,62.16216216216216,3,4.436075303001851,4.416755747821375,66.66666666666666,14,3.0994902860012163,4.7940068681502455,64.28571428571429,5,2.114799040907715,4.031540637447552,60.0,5,7.352924256231772,-0.09072668800594877,40.0,0,,,,4,4.6198709743711674,4.7940068681502455,75.0,29,7.152163780649511,10.37927764898893,79.3103448275862,3,2.9922562045029317,2.0813846792000787,66.66666666666666,15,8.51455828182311,11.109555693445067,86.66666666666667
BIIB,60,1255,-3.8483,12.729,-29.3063,21.6096,37,6.715678794652976,3.688667026273229,59.45945945945946,3,-0.6481636337009308,-7.203467762911725,33.33333333333333,14,-0.29677058218770686,-2.9062593317885694,42.857142857142854,5,11.784741422610617,7.297977534709214,60.0,5,9.507631131438597,-2.0320393334047915,40.0,0,,,,4,-3.345298949604037,-9.320086330112538,25.0,29,3.2653343616444594,7.7368050827245725,62.06896551724138,3,2.213293393391842,-1.4460793940305976,33.33333333333333,15,7.8488679261434315,13.501185598621902,80.0
BK,10,1255,3.8847,10.0874,-16.29,24.0595,32,5.434964784706928,4.7766526014207376,100.0,5,4.932894349545039,4.458116019783229,100.0,11,5.132458820487903,4.458116019783229,100.0,22,5.363042542362476,4.7766526014207376,100.0,6,4.842143740480016,3.0988100608965436,100.0,1,4.080003605973989,4.080003605973989,100.0,5,4.932894349545039,4.458116019783229,100.0,29,5.431801588551599,3.7132091805025302,100.0,0,,,,6,6.7132876858704025,7.89114029477154,100.0
BK,20,1255,3.8847,10.0874,-16.29,24.0595,32,6.538285061144352,7.437121623548105,81.25,5,2.594893847459656,-0.394106577978028,40.0,11,5.234624009826136,6.232505577737105,63.63636363636363,22,6.904857728621036,7.437121623548105,86.36363636363636,6,8.977982614998663,11.673358449575677,83.33333333333334,1,-4.480002783318326,-4.480002783318326,0.0,5,2.594893847459656,-0.394106577978028,40.0,29,4.54006116435839,2.4390196750580695,75.86206896551724,0,,,,6,6.967626095723438,5.987536654758037,83.33333333333334
BK,30,1255,3.8847,10.0874,-16.29,24.0595,32,7.675703612734722,8.820743483165506,75.0,5,-1.7715875065283648,-1.4027759992326794,40.0,11,5.161779310022632,6.894854794132713,54.54545454545454,22,8.959678069399395,11.65888795786307,81.81818181818183,6,10.41818712688667,13.35467715991921,83.33333333333334,1,-11.580001035175043,-11.580001035175043,0.0,5,-1.7715875065283648,-1.4027759992326794,40.0,29,3.7594349811129386,1.356164324904512,55.172413793103445,0,,,,6,8.174684258894262,12.659174494262887,66.66666666666666
BK,60,1255,3.8847,10.0874,-16.29,24.0595,32,10.537299346588938,10.6458342741459,78.125,5,-0.6033771364704043,-1.5359700689871498,40.0,11,8.113879644371945,4.589680980091,72.72727272727273,22,11.358034028022425,13.95253903373681,81.81818181818183,6,14.015114052065385,18.86522159961136,66.66666666666666,1,-7.371971641688213,-7.371971641688213,0.0,5,-0.6033771364704043,-1.5359700689871498,40.0,29,-1.1209475731310563,-2.779170211186791,37.93103448275862,0,,,,6,2.9809415482777872,5.76957206694661,66.66666666666666
BKNG,10,1255,2.8501,10.0982,-17.3463,23.0465,29,7.697652245652177,7.354487027642801,100.0,5,15.026172688323559,14.279142818705662,100.0,12,9.728931375699796,11.864391537048649,100.0,19,6.667531143013242,6.459320984486755,100.0,7,8.871839204484896,9.755740585753916,100.0,0,,,,4,15.379383112625272,14.480779553987857,100.0,38,6.332238308977847,5.051916812773399,100.0,0,,,,3,7.779219805552475,5.566406589698726,100.0
BKNG,20,1255,2.8501,10.0982,-17.3463,23.0465,29,9.47671867835152,8.595764030078302,89.65517241379311,5,22.084702434375615,23.289774881903043,100.0,12,12.761750756822329,14.694527130255157,83.33333333333334,19,7.56711156671935,7.881575080981699,94.73684210526315,7,12.515153892165616,13.59611371408713,100.0,0,,,,4,21.40959736726279,20.601267393419278,100.0,38,5.7062500958657045,4.650772455289149,78.94736842105263,0,,,,3,10.128574131498246,9.515513886811442,100.0
BKNG,30,1255,2.8501,10.0982,-17.3463,23.0465,29,9.039952914604862,9.260549123719407,79.3103448275862,5,21.274552896976974,19.99092994947167,100.0,12,12.280895992425565,17.942246381338947,66.66666666666666,19,8.491678467732658,8.588837788947933,89.47368421052632,7,15.654687760533397,18.963141645676547,85.71428571428571,0,,,,4,19.814137904133464,19.550035931243105,100.0,38,5.157768487804476,4.990051188993808,73.68421052631578,0,,,,3,3.1883828257477753,4.517409677460499,66.66666666666666
BKNG,60,1255,2.8501,10.0982,-17.3463,23.0465,29,11.766442944979453,7.881667333970464,75.86206896551724,5,16.939295523604006,23.190562717443303,80.0,12,13.45778263621166,11.051419409845103,75.0,19,12.125630278468885,11.23147899528889,73.68421052631578,7,22.221323697082877,23.190562717443303,100.0,0,,,,4,11.197236639431514,11.931322436044935,75.0,38,3.737256957697511,3.682109136212568,63.1578947368421,0,,,,3,4.313958173621742,3.032576582405426,66.66666666666666
BKR,10,1255,3.541,12.4947,-21.4485,28.5305,38,7.9639960400520735,7.699126519686507,97.36842105263158,4,6.422624445879833,6.879449867623029,100.0,8,5.907833590773381,6.426112812210759,100.0,27,8.46723815679376,8.292676311115327,96.29629629629629,9,7.436601051245238,7.785178617062632,100.0,0,,,,4,6.422624445879833,6.879449867623029,100.0,30,6.769623644181452,5.118616611110138,100.0,1,3.0991452294163153,3.0991452294163153,100.0,1,5.253264628662014,5.253264628662014,100.0
BKR,20,1255,3.541,12.4947,-21.4485,28.5305,38,9.607719976573668,9.622522311428888,89.47368421052632,4,10.72709929325983,5.3685664560555315,100.0,8,10.293529892399377,5.390845959604421,100.0,27,9.164936610713326,9.832500532465556,85.18518518518519,9,5.082860588269692,4.535750932813267,88.88888888888889,0,,,,4,10.72709929325983,5.3685664560555315,100.0,30,6.687886905491653,7.711223127000954,73.33333333333333,1,20.60949917491956,20.60949917491956,100.0,1,18.461523412116687,18.461523412116687,100.0
BKR,30,1255,3.541,12.4947,-21.4485,28.5305,38,11.505319072626033,12.133594295970402,78.94736842105263,4,16.76624736227011,7.59265631005068,100.0,8,12.470206849113609,7.692910326283943,87.5,27,10.12984424542866,5.574273374473392,74.07407407407408,9,7.343994576764719,5.373765342006866,77.77777777777779,0,,,,4,16.76624736227011,7.59265631005068,100.0,30,3.896234630628951,3.6638813118663642,66.66666666666666,1,22.39151282134238,22.39151282134238,100.0,1,14.146341198316406,14.146341198316406,100.0
BKR,60,1255,3.541,12.4947,-21.4485,28.5305,38,14.641518761785425,12.611458792881983,81.57894736842105,4,25.710734344110715,24.039772448893316,100.0,8,19.350919504316465,15.910520524204154,87.5,27,12.334362414639262,11.556815047067586,77.77777777777779,9,13.834179360988992,12.389096923953685,77.77777777777779,0,,,,4,25.710734344110715,24.039772448893316,100.0,30,-1.0692737623643156,-1.3686647822748075,46.666666666666664,1,23.38862073879299,23.38862073879299,100.0,1,-10.044898397113574,-10.044898397113574,0.0
BLDR,10,1255,1.2668,17.3437,-33.4207,35.9543,32,11.2873764530651,9.814736877316808,100.0,4,14.596254172313731,17.569242171382463,100.0,12,13.178483314947094,13.479368863652205,100.0,14,9.863828945037111,9.256343765346863,100.0,6,13.312202197897596,12.99490698290926,100.0,0,,,,4,14.596254172313731,17.569242171382463,100.0,31,8.20145591612331,8.191224139177235,100.0,0,,,,8,10.542582580927307,9.174855179556399,100.0
BLDR,20,1255,1.2668,17.3437,-33.4207,35.9543,32,10.343383989701962,12.2781265047337,81.25,4,15.61248818132096,12.084495562219102,100.0,12,12.195285271854578,13.001967748481096,83.33333333333334,14,7.703962125601949,11.437512230649567,71.42857142857143,6,8.829205117441104,8.797235652567286,83.33333333333334,0,,,,4,15.61248818132096,12.084495562219102,100.0,31,7.069939500568388,8.23045267489712,77.41935483870968,0,,,,8,8.346907190202971,8.401317292842869,87.5
BLDR,30,1255,1.2668,17.3437,-33.4207,35.9543,32,11.78762043261525,14.795654134532116,75.0,4,22.17779647582869,19.40842045691842,100.0,12,16.305065969811448,18.292651528465573,91.66666666666666,14,6.660162477882038,12.518314144171434,57.14285714285714,6,7.092957569482759,2.498082798427265,66.66666666666666,0,,,,4,22.17779647582869,19.40842045691842,100.0,31,7.389726513427102,6.324201886810137,70.96774193548387,0,,,,8,9.719312408939938,4.878149572600676,75.0
BLDR,60,1255,1.2668,17.3437,-33.4207,35.9543,32,16.749917914311084,13.499093718595917,75.0,4,23.845099745094345,19.202810910826265,100.0,12,15.650420207965418,14.900154994667531,75.0,14,18.19276056152237,7.510676900796781,71.42857142857143,6,6.6822718081039225,-2.6678755050564105,50.0,0,,,,4,23.845099745094345,19.202810910826265,100.0,31,4.5576309428820725,10.5351604075781,61.29032258064516,0,,,,8,5.784074324979228,3.1887502316660252,50.0
BLK,10,1255,0.676,9.6092,-18.5424,19.8944,30,6.4458875738400625,4.645721745217102,100.0,5,12.95476597218531,12.672157987329285,100.0,12,9.479738794463623,8.983633074563574,100.0,15,5.011363703779898,4.256262696833265,100.0,9,5.462657731682504,3.8255197995530428,100.0,0,,,,5,12.95476597218531,12.672157987329285,100.0,29,5.573614571359157,4.476633324964343,100.0,0,,,,6,5.466573408635437,3.675440922919902,100.0
BLK,20,1255,0.676,9.6092,-18.5424,19.8944,30,6.903247826679883,6.394479528058836,83.33333333333334,5,12.364912468009406,12.827931453546062,80.0,12,9.341004723568586,8.439417436842717,66.66666666666666,15,4.526989829660865,3.925651058667936,86.66666666666667,9,4.541516794290071,4.782325917838969,66.66666666666666,0,,,,5,12.364912468009406,12.827931453546062,80.0,29,5.997225479492971,5.601192314208826,79.3103448275862,0,,,,6,8.26698145780479,6.6388845133734495,100.0
BLK,30,1255,0.676,9.6092,-18.5424,19.8944,30,7.433047505690171,6.7029735573809655,80.0,5,16.54074037472111,14.409388657456606,100.0,12,12.39391304844928,12.051961825304119,91.66666666666666,15,4.382293374703451,3.309247820381045,73.33333333333333,9,5.562652108512619,5.102484919845957,77.77777777777779,0,,,,5,16.54074037472111,14.409388657456606,100.0,29,5.508415448173652,5.4566628617496535,65.51724137931035,0,,,,6,10.910849995221772,10.488476138143474,100.0
BLK,60,1255,0.676,9.6092,-18.5424,19.8944,30,8.269295329167695,8.205340394370834,66.66666666666666,5,23.779370562294293,28.616755872402482,100.0,12,16.717400632564324,12.720281759255567,83.33333333333334,15,5.370984721220001,5.280239699491639,66.66666666666666,9,9.98485618709913,9.473179384415184,66.66666666666666,0,,,,5,23.779370562294293,28.616755872402482,100.0,29,5.35566296272507,6.346586363543716,72.41379310344827,0,,,,6,8.933914129853141,6.7663186074676425,83.33333333333334
BMY,10,1255,-0.4634,10.3989,-21.2612,20.3344,34,5.088327480163275,4.249829121347711,100.0,3,5.62552467708074,5.366451957361878,100.0,12,5.496364059559372,5.250046703201565,100.0,6,3.0993146786595624,3.5192908774339267,100.0,7,5.741286227100523,6.426955901005203,100.0,0,,,,3,5.62552467708074,5.366451957361878,100.0,35,5.2507694763043515,5.091481208185618,100.0,1,1.7385578936398198,1.7385578936398198,100.0,24,5.518687614098887,5.092173795626634,100.0
BMY,20,1255,-0.4634,10.3989,-21.2612,20.3344,34,5.305199802885292,3.5187199467556844,79.41176470588235,3,7.067246126336847,3.180121225130312,100.0,12,6.705639486764997,5.261871191046537,91.66666666666666,6,2.5068676584203406,1.7935087881482006,66.66666666666666,7,6.060353271785661,5.4082390426826015,85.71428571428571,0,,,,3,7.067246126336847,3.180121225130312,100.0,35,4.61106378759015,4.527287177066299,85.71428571428571,1,2.8418703217339374,2.8418703217339374,100.0,24,4.789797501442491,4.582768417056382,87.5
BMY,30,1255,-0.4634,10.3989,-21.2612,20.3344,34,4.9449347854263825,4.351622336501914,70.58823529411765,3,2.79096100191466,2.0501907577870444,100.0,12,6.613126668126962,5.096792092265325,91.66666666666666,6,1.8978120100903115,0.6246250360281496,50.0,7,4.750481661493076,5.054398047384124,85.71428571428571,0,,,,3,2.79096100191466,2.0501907577870444,100.0,35,4.068983713466147,4.901026993519717,74.28571428571429,1,3.4436814552570154,3.4436814552570154,100.0,24,4.0409557030216465,5.926635717325171,70.83333333333334
BMY,60,1255,-0.4634,10.3989,-21.2612,20.3344,34,7.069461344087583,4.757757127107061,58.82352941176471,3,16.164701335135234,21.345390769229482,100.0,12,11.074256697795434,8.64023419841432,83.33333333333334,6,4.319183012777736,2.9744873515251444,50.0,7,2.3617721340227598,0.47020767303822586,57.14285714285714,0,,,,3,16.164701335135234,21.345390769229482,100.0,35,3.3900880818284014,5.5969567544234415,62.857142857142854,1,6.1468944151869325,6.1468944151869325,100.0,24,2.553740316720458,6.977179586073748,62.5
BR,10,1255,0.4,8.7321,-17.0641,17.8641,37,5.085524501036002,5.1082297657745235,100.0,3,5.42723677915847,4.386385952146058,100.0,9,6.47121337555031,7.045267432165275,100.0,25,4.379796492308644,4.076238757497063,100.0,10,5.80634920059421,6.134561191132987,100.0,0,,,,3,5.42723677915847,4.386385952146058,100.0,33,3.7415982571399415,3.1862135047659397,100.0,1,5.0376807803141554,5.0376807803141554,100.0,7,6.199422815089281,6.092982704319207,100.0
BR,20,1255,0.4,8.7321,-17.0641,17.8641,37,6.270336250951493,6.680767189138346,89.1891891891892,3,6.993334727958005,7.338576323050264,100.0,9,8.160907460925664,7.338576323050264,100.0,25,5.7575244045717,4.8666869784138065,88.0,10,7.630102819892606,7.706922148165294,100.0,0,,,,3,6.993334727958005,7.338576323050264,100.0,33,3.3939058954633694,3.3189080544452207,75.75757575757575,1,5.556164692234533,5.556164692234533,100.0,7,5.181175096709484,4.824738406019092,71.42857142857143
BR,30,1255,0.4,8.7321,-17.0641,17.8641,37,6.4786019276103755,6.269880975993764,86.48648648648648,3,8.127103049896274,8.413780311952397,100.0,9,8.886261773923811,8.149127937271599,100.0,25,6.020789402597585,6.198989989414697,84.0,10,6.489622023114661,6.027146526297017,90.0,0,,,,3,8.127103049896274,8.413780311952397,100.0,33,2.729026106776229,3.0109692629557974,69.6969696969697,1,16.01785909762315,16.01785909762315,100.0,7,4.57183374653283,3.2387121500504024,71.42857142857143
BR,60,1255,0.4,8.7321,-17.0641,17.8641,37,7.363631084782721,8.261160578790347,81.08108108108108,3,8.233623994154335,1.5211961564278662,66.66666666666666,9,7.660839890516495,3.7314357264924394,77.77777777777779,25,7.223904201721624,8.261160578790347,84.0,10,3.9783140133856043,5.372587804429086,70.0,0,,,,3,8.233623994154335,1.5211961564278662,66.66666666666666,33,1.8217122566417225,1.4855787119335777,54.54545454545454,1,25.725626911228034,25.725626911228034,100.0,7,1.4105111623301982,-0.09997325404894379,42.857142857142854
BRK-B,10,1255,2.4098,5.7978,-9.1857,14.0054,34,4.112695815374451,3.3543339361977447,100.0,4,4.869595670225161,4.601537078245984,100.0,10,4.481751721071751,4.601537078245984,100.0,25,4.168016225477315,3.405333318359031,100.0,10,4.08793742402046,4.252666673528575,100.0,1,4.975328239084792,4.975328239084792,100.0,4,4.869595670225161,4.601537078245984,100.0,33,3.3154941659651906,2.9525020263936104,100.0,1,2.0997352829094944,2.0997352829094944,100.0,2,2.6017506396321783,2.6017506396321783,100.0
BRK-B,20,1255,2.4098,5.7978,-9.1857,14.0054,34,5.114690466051435,4.799622831604415,94.11764705882352,4,8.533908047475268,8.958391584646698,100.0,10,5.5185854355027,7.821918900321332,90.0,25,4.843548962752149,4.635308115497605,92.0,10,2.767363144539696,3.2942049394931185,80.0,1,6.881730120424202,6.881730120424202,100.0,4,8.533908047475268,8.958391584646698,100.0,33,2.3496312465951843,2.1986718533602825,75.75757575757575,1,8.042943749103534,8.042943749103534,100.0,2,1.609166934883894,1.609166934883894,50.0
BRK-B,30,1255,2.4098,5.7978,-9.1857,14.0054,34,5.690051642874432,4.68823840016381,88.23529411764706,4,11.418321923901544,9.482134004411698,100.0,10,7.836487879894295,8.409555414653019,90.0,25,5.08575039273862,4.44973961590011,88.0,10,4.745722074959454,3.98220414801001,90.0,1,9.176891192714658,9.176891192714658,100.0,4,11.418321923901544,9.482134004411698,100.0,33,1.5715359901290815,2.0141732716605043,60.60606060606061,1,13.08229484849848,13.08229484849848,100.0,2,-0.43904513469894213,-0.43904513469894213,50.0
BRK-B,60,1255,2.4098,5.7978,-9.1857,14.0054,34,7.957523068502515,8.421835945759728,94.11764705882352,4,10.727683080551667,9.55960339711424,100.0,10,9.870792528174322,9.992528769359073,100.0,25,7.822146304442763,9.885911673548957,92.0,10,8.474104071854228,9.01955880244857,100.0,1,4.272586596426345,4.272586596426345,100.0,4,10.727683080551667,9.55960339711424,100.0,33,-0.5403664183375104,-0.9423865221439638,48.484848484848484,1,25.60002681968599,25.60002681968599,100.0,2,-0.8947028359629645,-0.8947028359629645,50.0
BRO,10,1255,0.7827,9.5806,-18.3785,19.9439,35,5.2190428226915095,4.280196922977689,100.0,5,6.291844736450439,4.280196922977689,100.0,11,4.743977082695998,4.187388772063596,100.0,26,5.65020976329317,4.760482595831667,100.0,10,6.267210164891306,5.684203871391804,100.0,2,9.360613289160668,9.360613289160668,100.0,5,6.291844736450439,4.280196922977689,100.0,29,4.665667593675159,4.595897758008458,100.0,0,,,,5,5.252241347072987,5.819572448898805,100.0
BRO,20,1255,0.7827,9.5806,-18.3785,19.9439,35,6.189873520494666,5.980836255720005,85.71428571428571,5,4.027709939348815,4.038191824544677,80.0,11,4.205610663296699,5.342201974597261,81.81818181818183,26,6.877795549803462,6.684475922875929,88.46153846153845,10,7.179921876911008,7.038541890682238,90.0,2,4.036812294715834,4.036812294715834,50.0,5,4.027709939348815,4.038191824544677,80.0,29,5.218148151845007,5.152580011706973,86.20689655172413,0,,,,5,8.095637137290197,5.152580011706973,100.0
BRO,30,1255,0.7827,9.5806,-18.3785,19.9439,35,6.165133605418866,6.074237434751307,77.14285714285715,5,7.649424642197772,4.920181056691037,100.0,11,5.048166359823117,4.232948187882,81.81818181818183,26,7.070909759698429,7.659176444620239,80.76923076923077,10,7.465892034714544,7.780308205484143,80.0,2,14.033723688940858,14.033723688940858,100.0,5,7.649424642197772,4.920181056691037,100.0,29,5.097984084503771,5.916435091340445,72.41379310344827,0,,,,5,10.113887207751532,9.408432228158176,100.0
BRO,60,1255,0.7827,9.5806,-18.3785,19.9439,35,6.496678554111142,8.353630683531891,60.0,5,4.993039394050467,-2.904822157880754,40.0,11,2.776145138504384,-2.7140509277145894,45.45454545454545,26,9.096632342662106,10.27942306796918,69.23076923076923,10,9.065992026407836,11.445255118678885,60.0,2,21.36168641603463,21.36168641603463,100.0,5,4.993039394050467,-2.904822157880754,40.0,29,3.547199444141281,2.6353265653243616,62.06896551724138,0,,,,5,9.392804378937052,16.54096077049717,80.0
BSX,10,1255,2.1889,9.8997,-17.6106,21.9884,34,4.9854392318280665,4.252083884187359,97.05882352941177,1,7.2644649167483495,7.2644649167483495,100.0,8,7.0334514139117275,7.283399783803416,100.0,22,4.717961955888559,4.089431921252,95.45454545454545,8,5.103151159745774,5.480817869795748,100.0,0,,,,1,7.2644649167483495,7.2644649167483495,100.0,33,4.510308074276081,4.258882083004889,100.0,0,,,,2,5.280367037703207,5.280367037703207,100.0
BSX,20,1255,2.1889,9.8997,-17.6106,21.9884,34,5.932634695609463,5.690853843800429,88.23529411764706,1,4.17138858113078,4.17138858113078,100.0,8,7.819029363255158,6.006508426065496,100.0,22,5.883344400665456,5.6222068657460325,86.36363636363636,8,7.816295056856116,5.971813709043536,100.0,0,,,,1,4.17138858113078,4.17138858113078,100.0,33,4.239363096105309,3.0297418052608363,84.84848484848484,0,,,,2,5.593319681923013,5.593319681923013,100.0
BSX,30,1255,2.1889,9.8997,-17.6106,21.9884,34,6.581649816363926,5.952266627440821,79.41176470588235,1,16.799085944887153,16.799085944887153,100.0,8,8.567095718628154,9.361169568066611,87.5,22,6.336726173405153,6.700012811713363,72.72727272727273,8,8.29443232569974,5.952266627440821,87.5,0,,,,1,16.799085944887153,16.799085944887153,100.0,33,3.2507881249926367,2.8408084611456097,66.66666666666666,0,,,,2,4.6158869781656,4.6158869781656,50.0
BSX,60,1255,2.1889,9.8997,-17.6106,21.9884,34,7.786504448302118,8.91611163643666,79.41176470588235,1,21.850160560427042,21.850160560427042,100.0,8,8.687803681585324,10.116204643975284,87.5,22,8.755900161225178,8.91611163643666,77.27272727272727,8,9.446213833478522,7.345795789579411,87.5,0,,,,1,21.850160560427042,21.850160560427042,100.0,33,1.9341609879497337,1.448624307231151,57.57575757575758,0,,,,2,-3.3277330807532595,-3.3277330807532595,50.0
BX,10,1255,0.2041,12.8582,-25.5124,25.9206,33,8.315057482345809,6.385697305932801,100.0,3,9.053693831987083,5.771622666323414,100.0,11,10.267453385603192,10.979282701953265,100.0,15,6.96119778536342,5.611702226015688,100.0,8,9.265107097775083,9.051868979536085,100.0,1,3.5125157071954303,3.5125157071954303,100.0,3,5.040566150721367,5.771622666323414,100.0,32,8.809163858379186,8.515050999709022,100.0,1,6.882694114120117,6.882694114120117,100.0,11,7.974645973465055,6.5100710026480755,100.0
BX,20,1255,0.2041,12.8582,-25.5124,25.9206,33,9.474592381853437,10.211106845875365,81.81818181818183,3,16.965364649739346,14.183121377135102,100.0,11,13.0831015209831,12.39559478116978,90.9090909090909,15,8.364922552292704,8.370564389528205,80.0,8,5.305871180647404,5.016732531493412,62.5,1,3.8693242266684016,3.8693242266684016,100.0,3,3.80063104425992,3.8693242266684016,66.66666666666666,32,8.235564878628363,7.88209819908961,81.25,1,13.494106125712001,13.494106125712001,100.0,11,5.626265322215331,7.326041572464667,63.63636363636363
BX,30,1255,0.2041,12.8582,-25.5124,25.9206,33,10.727641402860703,11.357961530373316,81.81818181818183,3,20.70856291370767,16.564986771899296,100.0,11,11.963156385994097,15.315394160734519,81.81818181818183,15,10.927392560251658,10.681799222651742,80.0,8,5.887288208818763,3.1150789340037854,62.5,1,16.564986771899296,16.564986771899296,100.0,3,9.730776413412931,15.315394160734519,66.66666666666666,32,9.44442151585151,5.335184411901171,87.5,1,12.599852103527532,12.599852103527532,100.0,11,8.775738352006394,4.951070883409484,81.81818181818183
BX,60,1255,0.2041,12.8582,-25.5124,25.9206,33,10.628732228225674,11.258869977693909,75.75757575757575,3,17.53603941462553,17.74241959886062,100.0,11,8.929299739943913,7.7285817971196895,72.72727272727273,15,7.621433272066527,6.3522071060191045,73.33333333333333,8,8.287712911463721,7.2542583311363,75.0,1,6.550166636206854,6.550166636206854,100.0,3,12.705115109864886,6.550166636206854,100.0,32,8.764610272315764,9.283919172692668,78.125,1,20.417132007594684,20.417132007594684,100.0,11,6.371969511886894,9.611504186064508,63.63636363636363
BXP,10,1255,-3.1318,13.449,-30.0298,23.7662,36,5.737557133338418,4.415335808302134,100.0,5,6.104525035783333,4.204983844102761,100.0,11,6.43455201725283,4.204983844102761,100.0,11,5.04584306829259,2.7130669562878564,100.0,10,3.6692838342771,2.153447058633798,100.0,0,,,,3,7.632161854356343,5.270547689860571,100.0,34,6.170663499329326,5.131352755073731,100.0,2,10.85272307734977,10.85272307734977,100.0,13,7.653656547549291,7.892015278336191,100.0
BXP,20,1255,-3.1318,13.449,-30.0298,23.7662,36,6.415829421120045,4.794274477938913,83.33333333333334,5,5.488435847141436,4.849848531292027,80.0,11,5.4367538816747745,4.70053547751153,81.81818181818183,11,4.529612373184574,4.13008964445892,81.81818181818183,10,4.794197757790705,4.550453998387386,80.0,0,,,,3,5.655446934665704,4.849848531292027,100.0,34,6.101828407515949,6.336467289670285,91.17647058823529,2,8.279086790484515,8.279086790484515,100.0,13,6.759857682837078,6.385258428079715,92.3076923076923
BXP,30,1255,-3.1318,13.449,-30.0298,23.7662,36,6.631247629391836,2.595020608364338,75.0,5,5.866402397344148,2.1797175872035934,60.0,11,5.905633632202441,4.451315462201083,72.72727272727273,11,1.758093440956163,0.0499073963226129,63.63636363636363,10,7.519670958857171,1.4910064287231302,80.0,0,,,,3,4.05696088960342,2.1797175872035934,66.66666666666666,34,7.048658622225858,6.426579351856677,91.17647058823529,2,7.937189693802911,7.937189693802911,100.0,13,7.594800468393738,6.562994078188844,92.3076923076923
BXP,60,1255,-3.1318,13.449,-30.0298,23.7662,36,6.68001549274862,3.9415575753906733,55.55555555555556,5,7.188467916707998,-3.516596941772484,40.0,11,4.9978726806046625,-1.1708254585057147,45.45454545454545,11,-1.933691455374722,-3.8637410520533293,36.36363636363637,10,8.910697858527314,11.141605357202916,60.0,0,,,,3,-0.9085701974527467,-3.516596941772484,33.33333333333333,34,7.292132962891821,8.424127027001662,73.52941176470588,2,20.037893382120124,20.037893382120124,100.0,13,4.2565170907227134,4.105795954769474,61.53846153846154
C,10,1255,2.6171,10.5497,-18.4824,23.7165,36,6.532394059923018,6.690865456433977,100.0,6,8.482209544551957,8.477840776275588,100.0,16,7.031146096644239,7.358200322902455,100.0,17,6.360445304833197,6.871923138094674,100.0,6,6.753111065845321,7.860933162017652,100.0,1,7.844477507710236,7.844477507710236,100.0,7,9.888758279002388,9.11120404484094,100.0,36,6.1352210237989935,5.154455482339955,100.0,0,,,,11,6.300640972715109,6.319037485318852,100.0
C,20,1255,2.6171,10.5497,-18.4824,23.7165,36,6.8627576080333705,6.526918696744171,77.77777777777779,6,8.942849029005336,7.233705234521497,83.33333333333334,16,6.679682725134215,3.6806708939475037,68.75,17,8.005094639528313,9.05289254360833,82.35294117647058,6,6.615461429478866,6.300018048369022,66.66666666666666,1,21.798849931599975,21.798849931599975,100.0,7,11.028778763054971,10.226487675183536,85.71428571428571,36,4.491564633519688,3.884049839652937,75.0,0,,,,11,4.57798054423554,5.5632183908045985,72.72727272727273
C,30,1255,2.6171,10.5497,-18.4824,23.7165,36,8.177490966158315,9.113158530001645,75.0,6,14.464427992511366,14.108773240879753,100.0,16,9.717823574812835,10.516442531145916,75.0,17,10.397874891018473,9.823242577003214,88.23529411764706,6,9.631383021831352,6.958933739467382,83.33333333333334,1,32.01235576846037,32.01235576846037,100.0,7,15.127497385671543,14.576489706688328,100.0,36,3.7839784924607702,4.9967714173872455,66.66666666666666,0,,,,11,5.923580433352298,8.22951940604535,81.81818181818183
C,60,1255,2.6171,10.5497,-18.4824,23.7165,36,10.210473224128053,10.895958795665694,69.44444444444444,6,14.049984720316914,11.635780731905552,66.66666666666666,16,14.973648497779987,13.672495099682695,75.0,17,14.306321613604858,14.364646443102385,82.35294117647058,6,17.53826360285633,15.783454102562082,83.33333333333334,1,50.44517582219738,50.44517582219738,100.0,7,11.546377675967582,10.291217707548098,57.14285714285714,36,1.7763922987066467,5.040707724040269,61.111111111111114,0,,,,11,1.9272641895757092,7.208039255226188,72.72727272727273
CAG,10,1255,-2.3007,7.8392,-17.979,13.3776,30,4.6136755241047025,4.30540215318029,100.0,2,5.470028788533368,5.470028788533368,100.0,10,3.7364017944424943,3.6220205600239286,100.0,12,4.541543392888895,4.168685895915322,100.0,5,3.612670032409491,3.1721975392545176,100.0,0,,,,2,5.470028788533368,5.470028788533368,100.0,33,4.1080080272976565,3.4007931144155865,100.0,1,8.618160335603111,8.618160335603111,100.0,15,4.475547607266529,4.982900755736671,100.0
CAG,20,1255,-2.3007,7.8392,-17.979,13.3776,30,4.34367731289953,2.7262016423578173,80.0,2,5.352324922073523,5.352324922073523,100.0,10,4.047800692127671,2.7262016423578173,70.0,12,4.2319061471282255,4.135387881918369,83.33333333333334,5,4.478551684017319,3.3610308788165915,80.0,0,,,,2,5.352324922073523,5.352324922073523,100.0,33,5.175439354476374,5.444076073784853,87.87878787878788,1,9.073189188482084,9.073189188482084,100.0,15,5.4895355588155725,5.885749922550224,93.33333333333333
CAG,30,1255,-2.3007,7.8392,-17.979,13.3776,30,4.573361300734392,4.592021353549253,73.33333333333333,2,7.191522982291465,7.191522982291465,100.0,10,4.125825074829744,4.239177912013845,70.0,12,3.5990174941368687,6.253141207784926,66.66666666666666,5,5.703809142801793,8.29297325855654,80.0,0,,,,2,7.191522982291465,7.191522982291465,100.0,33,4.865196203521595,5.489942002068427,78.78787878787878,1,10.428087748049785,10.428087748049785,100.0,15,6.011881467336016,7.1708721625501575,86.66666666666667
CAG,60,1255,-2.3007,7.8392,-17.979,13.3776,30,3.8950477669098573,1.41265469788932,66.66666666666666,2,7.6064800780099775,7.6064800780099775,100.0,10,0.582862067951665,-0.9970936180353154,50.0,12,3.159175369785673,3.067249456117885,58.333333333333336,5,5.829423523842456,12.12796084077353,60.0,0,,,,2,7.6064800780099775,7.6064800780099775,100.0,33,6.089248891422142,7.07603703172097,78.78787878787878,1,7.4226668234960655,7.4226668234960655,100.0,15,6.652444452231066,6.7237526437192345,73.33333333333333
CAH,10,1255,6.4222,7.9118,-9.4014,22.2458,34,6.874359999144815,5.65958704194246,100.0,6,7.38064855359573,6.099848576931304,100.0,8,6.652227390249955,5.8036815035883444,100.0,30,6.735964811712908,5.553991462213586,100.0,7,8.018259448898311,5.347350141021243,100.0,3,5.134521523302493,4.736511305315232,100.0,6,7.38064855359573,6.099848576931304,100.0,30,4.021894116028838,3.376085907927089,100.0,2,5.64359035301218,5.64359035301218,100.0,2,7.020727284049345,7.020727284049345,100.0
CAH,20,1255,6.4222,7.9118,-9.4014,22.2458,34,8.42378869088524,7.076767417830078,91.17647058823529,6,9.483888300918537,8.416132195946215,100.0,8,8.721522599605635,7.187936415142729,100.0,30,8.1959936764971,6.901284713648405,90.0,7,9.871805904676709,9.450135210507723,100.0,3,7.844705265695178,7.382129181384708,100.0,6,9.483888300918537,8.416132195946215,100.0,30,1.589038761630816,2.9322356858391396,70.0,2,2.4236372500364904,2.4236372500364904,100.0,2,4.400164756994695,4.400164756994695,100.0
CAH,30,1255,6.4222,7.9118,-9.4014,22.2458,34,11.134208304600032,8.474523747259266,88.23529411764706,6,12.711502818755315,15.949472977050865,100.0,8,14.161844777861232,15.949472977050865,100.0,30,11.211401503610254,8.474523747259266,86.66666666666667,7,11.39397281170649,8.87013574921571,85.71428571428571,3,12.582180411270322,16.929814055291914,100.0,6,12.711502818755315,15.949472977050865,100.0,30,0.18428748555098057,1.4703388871391545,60.0,2,3.699451121123757,3.699451121123757,100.0,2,0.02282780272517193,0.02282780272517193,50.0
CAH,60,1255,6.4222,7.9118,-9.4014,22.2458,34,15.681894412567189,15.120690888713032,88.23529411764706,6,21.923879827539455,19.77895692913126,100.0,8,26.044490720608902,26.891104193175924,100.0,30,14.933106339486645,14.207484360044734,86.66666666666667,7,24.939003891733858,21.889239934529073,100.0,3,23.822885210158603,20.693407225470118,100.0,6,21.923879827539455,19.77895692913126,100.0,30,-6.12623492939829,-5.795295488764691,23.333333333333332,2,-1.8809069238721274,-1.8809069238721274,50.0,2,-5.795295488764691,-5.795295488764691,0.0
CARR,10,1255,-0.58,10.9339,-22.4478,21.2878,40,7.0036285474981295,7.041021055172203,100.0,5,6.422244202205064,6.261126792330534,100.0,14,7.63584600796233,7.542166049983811,100.0,22,6.968798146979657,7.041021055172203,100.0,13,6.302746848286702,6.261126792330534,100.0,0,,,,4,6.207676132178856,5.875837619523467,100.0,36,7.0846449335800825,6.245617899407762,100.0,1,7.34113445283627,7.34113445283627,100.0,9,9.54512448242807,9.296553534009911,100.0
CARR,20,1255,-0.58,10.9339,-22.4478,21.2878,40,6.459974093552281,4.887321484778894,77.5,5,6.170286464390993,6.771247418731649,60.0,14,8.984948902542515,7.002035124317562,71.42857142857143,22,6.238852024911645,4.401591832690393,86.36363636363636,13,3.7669214691582207,1.8460860527798681,61.53846153846154,0,,,,4,9.573132448772746,7.628487490472749,75.0,36,6.416185862404093,7.374145164650608,80.55555555555556,1,5.083607786095275,5.083607786095275,100.0,9,8.913957552003438,8.69113591504758,88.88888888888889
CARR,30,1255,-0.58,10.9339,-22.4478,21.2878,40,7.22958638619544,6.001241807199349,67.5,5,9.609536525109199,6.2351119440312175,60.0,14,11.643328964341721,13.735584223909633,71.42857142857143,22,6.695717197593501,3.8543738435278145,72.72727272727273,13,2.983857228210547,-1.3727754969921342,46.15384615384615,0,,,,4,12.81832834270219,12.08861855639064,75.0,36,6.258347534039504,5.527090761824612,75.0,1,7.625418276432905,7.625418276432905,100.0,9,7.084720210823983,8.051013212882209,77.77777777777779
CARR,60,1255,-0.58,10.9339,-22.4478,21.2878,40,9.42958087087529,8.680604959565262,65.0,5,19.24837966260329,19.3819465462036,80.0,14,13.04200664081237,16.34520506022812,71.42857142857143,22,9.727428785609758,8.208060582128674,68.18181818181817,13,7.16375114464779,5.067807200079528,53.84615384615385,0,,,,4,19.21498794170322,21.373594052712555,75.0,36,5.5221727517225325,6.015883970610418,58.333333333333336,1,21.33779318934044,21.33779318934044,100.0,9,8.27917130323514,11.356947914346442,66.66666666666666
CASY,10,1255,5.4369,6.2247,-7.0125,17.8863,36,5.2385981087819165,4.435221899155669,100.0,9,4.999080739894182,4.4142342156796435,100.0,15,5.030450717815878,4.531239351781979,100.0,25,5.557589303620127,3.7581100558261644,100.0,9,7.1663624673085655,5.218340162931121,100.0,3,4.852239313591646,3.7581100558261644,100.0,9,4.999080739894182,4.4142342156796435,100.0,35,3.6787777346676114,3.568105706426604,100.0,0,,,,6,2.2867968217006194,2.1006663893027078,100.0
CASY,20,1255,5.4369,6.2247,-7.0125,17.8863,36,7.306610884989079,8.456068402730935,86.11111111111111,9,7.859847877122882,8.863293219303499,100.0,15,8.690642663504832,9.97596829825497,100.0,25,7.337287894833493,9.447594484776202,80.0,9,8.87824519233976,9.97596829825497,100.0,3,7.641464590236173,9.447594484776202,100.0,9,7.859847877122882,8.863293219303499,100.0,35,4.191559521068069,4.056081429071289,91.42857142857143,0,,,,6,2.440628498523276,1.8726310036594334,83.33333333333334
CASY,30,1255,5.4369,6.2247,-7.0125,17.8863,36,8.269044823867894,7.994539821792539,80.55555555555556,9,10.321202816862353,8.106397294099587,88.88888888888889,15,10.691207472158965,9.631072982849101,93.33333333333333,25,8.800155140028036,9.640326902483414,80.0,9,10.7711089676878,12.337633831461742,100.0,3,13.314286464931323,12.337633831461742,100.0,9,10.321202816862353,8.106397294099587,88.88888888888889,35,2.615321245806096,2.8306767842217453,71.42857142857143,0,,,,6,3.2371803123598695,3.274154204662532,66.66666666666666
CASY,60,1255,5.4369,6.2247,-7.0125,17.8863,36,11.838038199482318,11.348107175699095,94.44444444444444,9,10.72756174237244,10.644290905176456,88.88888888888889,15,12.274261346462692,11.933397661711776,93.33333333333333,25,11.808256472013333,11.342802660557735,96.0,9,13.045176651719677,15.563373239119818,100.0,3,15.62721525807531,17.81370021445404,100.0,9,10.72756174237244,10.644290905176456,88.88888888888889,35,-3.0534735358498257,-3.842298739608264,37.142857142857146,0,,,,6,-1.3288664960919512,-2.4984072400927624,50.0
CAT,10,1255,5.1088,11.2085,-17.3082,27.5258,31,7.719544388871803,6.499481682052524,100.0,3,10.149318334911223,10.656210831520019,100.0,14,8.957807572507438,8.639900655179915,100.0,19,7.4885812713662645,6.432254487903598,100.0,9,8.949905031648704,8.791043622149514,100.0,0,,,,4,8.374035672015637,9.572484259865167,100.0,31,5.659194130559016,4.648987223239538,100.0,1,2.1298340821100665,2.1298340821100665,100.0,4,11.648595364231637,10.099792318510483,100.0
CAT,20,1255,5.1088,11.2085,-17.3082,27.5258,31,8.996743212690816,7.950542722317729,90.32258064516128,3,17.72805594478285,17.48273134876684,100.0,14,10.52058917455454,8.809172365914796,100.0,19,8.04015824023134,7.3990116538596915,94.73684210526315,9,7.0287921219443,4.757915490606935,88.88888888888889,0,,,,4,13.588314829605029,16.217886141514963,100.0,31,4.982055480860489,5.075971850649311,70.96774193548387,1,2.008573211472689,2.008573211472689,100.0,4,16.094570859380084,17.58972540788392,100.0
CAT,30,1255,5.1088,11.2085,-17.3082,27.5258,31,10.884584243581381,11.644593576635385,77.41935483870968,3,28.632685249870956,25.633044591704518,100.0,14,13.560747598836949,14.744615300307409,85.71428571428571,19,10.515389695201913,11.644593576635385,78.94736842105263,9,3.898748056209377,3.239384439291102,66.66666666666666,0,,,,4,18.925163080243045,21.738840807841974,75.0,31,3.7366551389875933,4.410163776043432,67.74193548387096,1,-6.852383358640858,-6.852383358640858,0.0,4,12.67141124038894,14.524528860378794,75.0
CAT,60,1255,5.1088,11.2085,-17.3082,27.5258,31,15.604404558156459,15.032427461725838,80.64516129032258,3,32.87320902396706,43.606310326497024,100.0,14,17.737270517584538,16.358053409312657,85.71428571428571,19,16.375178841522892,19.883526770036074,84.21052631578947,9,10.655826146598304,14.77247528411716,77.77777777777779,0,,,,4,26.700343452877796,25.894028533053522,100.0,31,0.5988136993958925,2.8600189638542397,51.61290322580645,1,-9.379301077628273,-9.379301077628273,0.0,4,-4.013671531564874,-8.684323165751334,25.0
CB,10,1255,3.2632,5.8146,-8.3659,14.8923,38,4.475826003538539,4.208341322868418,100.0,6,4.318320027774953,4.531673872246229,100.0,14,3.7393728283848673,3.0048507518109666,100.0,26,4.810628300237456,4.859511588436311,100.0,8,3.348649176427827,3.404867944453975,100.0,1,7.2872561614552955,7.2872561614552955,100.0,7,4.09386622427079,3.2625581003761175,100.0,38,3.9185336686595313,3.552584373460847,100.0,0,,,,5,5.224875697529667,3.2860620020127342,100.0
CB,20,1255,3.2632,5.8146,-8.3659,14.8923,38,5.184322117225022,4.687187587212094,81.57894736842105,6,6.214526186354422,5.801357064301351,83.33333333333334,14,5.524086094452286,4.038771538904622,71.42857142857143,26,4.696575607156446,4.469218851174113,84.61538461538461,8,3.1424917660279417,3.3036923622750107,62.5,1,3.4418460196988923,3.4418460196988923,100.0,7,7.356958649876479,8.160868108903811,85.71428571428571,38,2.5627817188774493,2.439949512603375,65.78947368421053,0,,,,5,2.4154175130182542,2.7237184173475115,60.0
CB,30,1255,3.2632,5.8146,-8.3659,14.8923,38,5.500829905320853,5.396904754468263,89.47368421052632,6,7.163909873355338,6.503072746691027,83.33333333333334,14,6.08081842471668,5.097883178868851,92.85714285714286,26,5.069341869753912,5.58198697004468,88.46153846153845,8,2.2426617824832222,2.344371949640068,75.0,1,7.659780567799065,7.659780567799065,100.0,7,7.429855052315958,6.945872178121797,85.71428571428571,38,2.3690653179536802,1.2204378124661859,57.89473684210527,0,,,,5,0.43049470606943296,-0.017668463880163455,40.0
CB,60,1255,3.2632,5.8146,-8.3659,14.8923,38,7.187994824040761,8.200505228521425,78.94736842105263,6,8.297258600333317,5.710580486814898,100.0,14,8.925162052455322,8.611198675284648,100.0,26,6.333358688743525,7.617730962801799,69.23076923076923,8,3.6086536934482685,3.7235578600482837,75.0,1,7.0427877669449925,7.0427877669449925,100.0,7,9.355127076638057,7.0427877669449925,100.0,38,0.19486980491262704,-1.2172963522416733,47.368421052631575,0,,,,5,-1.9925182419120957,-4.2808102088882,40.0
CBOE,10,1255,3.9211,5.8719,-7.8226,15.6649,38,4.850791465711473,4.365585947852505,100.0,6,5.637608980865568,5.304488887100694,100.0,14,6.515497097475191,5.78862227963325,100.0,28,4.37761319575988,3.6408492686151446,100.0,13,5.047397904775595,4.891580832687926,100.0,2,4.11051918275579,4.11051918275579,100.0,7,6.073770391984411,5.533773170493079,100.0,34,3.651393783328881,3.3333530011296784,100.0,1,5.439373810757906,5.439373810757906,100.0,5,4.852634100578259,5.256967191988515,100.0
CBOE,20,1255,3.9211,5.8719,-7.8226,15.6649,38,5.1710374290770424,4.748171775531601,84.21052631578947,6,2.952232965032915,2.9486599141686645,66.66666666666666,14,6.152518603004242,5.66383841471748,78.57142857142857,28,4.8269640248505485,4.748171775531601,85.71428571428571,13,5.383771913775969,3.2205446276347693,92.3076923076923,2,5.800149041894223,5.800149041894223,100.0,7,4.961013004235059,3.1324731548210507,71.42857142857143,34,3.084889844371073,2.5187870218556534,82.35294117647058,1,1.992435854102829,1.992435854102829,100.0,5,4.204730853643324,3.0451381896084775,100.0
CBOE,30,1255,3.9211,5.8719,-7.8226,15.6649,38,6.468286360210321,7.574964707316353,81.57894736842105,6,5.296781345747088,6.921759159666767,66.66666666666666,14,8.247474710427504,10.050686791863846,71.42857142857143,28,5.948937007225588,7.729746153610896,82.14285714285714,13,7.027655855360767,7.606891624447693,76.92307692307693,2,11.066073672926787,11.066073672926787,100.0,7,7.713852252462035,9.867791783252883,71.42857142857143,34,2.6716708110792884,3.4830750638009267,73.52941176470588,1,-0.8178268057571603,-0.8178268057571603,0.0,5,3.845285605197854,3.984586453833361,80.0
CBOE,60,1255,3.9211,5.8719,-7.8226,15.6649,38,8.911932287652656,7.672696865249971,86.8421052631579,6,9.622535982785768,7.5622437338662545,100.0,14,10.645692409551652,10.51444575272659,92.85714285714286,28,8.28248094955005,7.474014854218591,82.14285714285714,13,9.07063070812949,7.580253834393007,84.61538461538461,2,19.885705000732266,19.885705000732266,100.0,7,11.970499273270264,13.049384580271337,100.0,34,0.3879513438715905,0.4803892260600538,50.0,1,-7.7634065747648435,-7.7634065747648435,0.0,5,3.72880405884636,6.4014630338110905,60.0
CBRE,10,1255,2.0451,11.0759,-20.1067,24.1969,31,7.003463570336994,6.639447109163708,100.0,3,6.839788318988606,7.931648176736507,100.0,9,6.320500812500055,7.117781671561872,100.0,21,7.075198392418152,6.639447109163708,100.0,10,8.79855876383004,8.572219103900991,100.0,1,7.931648176736507,7.931648176736507,100.0,4,8.235831926414825,9.497739529825834,100.0,35,5.464779049825235,4.744393512992037,100.0,1,0.49603578508995855,0.49603578508995855,100.0,3,8.662869639320363,4.643888622389774,100.0
CBRE,20,1255,2.0451,11.0759,-20.1067,24.1969,31,7.7224022510410215,7.502938754654583,83.87096774193549,3,5.888128747634963,7.153800593968848,66.66666666666666,9,7.170662918675494,7.153800593968848,77.77777777777779,21,6.7808311504543815,7.153800593968848,80.95238095238095,10,8.431129276503071,8.636011558446823,90.0,1,7.153800593968848,7.153800593968848,100.0,4,9.244258260726049,10.708228985958925,75.0,35,4.19882106739028,3.490137812861209,68.57142857142857,1,-5.624455179488557,-5.624455179488557,0.0,3,3.8690680563739708,1.4218678779217315,66.66666666666666
CBRE,30,1255,2.0451,11.0759,-20.1067,24.1969,31,9.335912516963443,9.511550831682074,87.09677419354838,3,7.084470961654486,3.276368685079898,66.66666666666666,9,10.324656795147595,7.830534476728284,77.77777777777779,21,7.868712015691779,8.951241960056763,85.71428571428571,10,7.869750450612147,7.723576369310713,80.0,1,3.276368685079898,3.276368685079898,100.0,4,11.738231938119682,13.80252877381534,75.0,35,3.6379535473563855,3.414265611253347,62.857142857142854,1,-8.448680189192396,-8.448680189192396,0.0,3,-0.48498940750280006,-2.204532652334101,33.33333333333333
CBRE,60,1255,2.0451,11.0759,-20.1067,24.1969,31,7.780215405384961,6.925838542113939,67.74193548387096,3,6.550629678094779,7.260860627789091,66.66666666666666,9,15.33401713354655,13.301726327038264,88.88888888888889,21,5.801001934432364,3.5654622383835717,61.904761904761905,10,5.703681510651007,2.72081579644797,60.0,1,-2.781379673296462,-2.781379673296462,0.0,4,12.767289229970718,11.2166343537904,75.0,35,1.5436733932797058,3.0379707483760288,57.14285714285714,1,-4.512366681684563,-4.512366681684563,0.0,3,-6.567700561947073,-7.605696792562171,33.33333333333333
CCI,10,1255,-3.5435,9.2978,-22.1391,15.052,34,5.38231301558782,4.504829607461689,100.0,3,8.469703989168234,9.605115114838398,100.0,14,6.884714216075776,7.09955696271658,100.0,9,5.163841758419348,3.960891543653941,100.0,5,2.4553019752374174,2.3428327336207984,100.0,0,,,,2,7.820121201005631,7.820121201005631,100.0,31,5.48778105965902,4.652142334794523,100.0,3,3.9498859254079774,3.539688623580418,100.0,16,4.00699196998968,3.390434490120647,100.0
CCI,20,1255,-3.5435,9.2978,-22.1391,15.052,34,5.730786991296235,4.957714232888943,82.35294117647058,3,9.664604712546883,9.056009133017035,100.0,14,8.340068326969767,8.988404578766994,92.85714285714286,9,5.173540312082152,4.782030186522141,88.88888888888889,5,3.2793042623634334,2.2830564417297134,80.0,0,,,,2,9.968902502311806,9.968902502311806,100.0,31,6.284942173503248,6.83576227585981,80.64516129032258,3,4.773764979189406,6.83576227585981,100.0,16,3.816629040819488,4.832985711664803,75.0
CCI,30,1255,-3.5435,9.2978,-22.1391,15.052,34,7.0298143364124845,6.4598208284950385,82.35294117647058,3,10.054176944265587,10.672353338302862,100.0,14,10.75662348396319,9.45988286070375,78.57142857142857,9,5.019181028608973,5.731328361975917,88.88888888888889,5,2.332712641423882,5.731328361975917,80.0,0,,,,2,11.387635600537692,11.387635600537692,100.0,31,7.583544355648453,7.325347955571088,80.64516129032258,3,8.613864706082689,9.277987907412356,100.0,16,4.125909293070137,5.59493513829726,75.0
CCI,60,1255,-3.5435,9.2978,-22.1391,15.052,34,4.785085241303783,4.593422037574419,58.82352941176471,3,17.167833152519567,14.886950489137893,100.0,14,11.462256901851266,13.117827014214779,78.57142857142857,9,-3.9642018858053802,-3.715368328901695,22.22222222222222,5,-2.7796682798986803,-4.905347713976504,20.0,0,,,,2,18.308274484210408,18.308274484210408,100.0,31,6.923892420572923,8.784459704939351,77.41935483870968,3,10.112183843161974,7.943617098015472,100.0,16,2.8276896585222615,2.8060357627038544,62.5
CCL,10,1255,-2.5855,23.3082,-49.202,44.031,30,13.528884289442914,10.987825719835417,100.0,4,14.582024672892214,10.680373559142733,100.0,10,14.023229441758314,11.890372694867011,100.0,10,11.458508397553004,9.582667325413883,100.0,6,8.468399244855732,7.728116021840146,100.0,0,,,,4,14.582024672892214,10.680373559142733,100.0,34,10.409993195887296,9.96083588915791,100.0,0,,,,10,14.399328151921873,12.206085251793876,100.0
CCL,20,1255,-2.5855,23.3082,-49.202,44.031,30,12.588999193192365,14.824295543878476,76.66666666666667,4,12.375149842392185,15.069353679031574,75.0,10,11.62002607791237,18.385667752989,70.0,10,8.718258452716633,12.639678470470344,70.0,6,10.601482021448296,9.50418114554719,66.66666666666666,0,,,,4,12.375149842392185,15.069353679031574,75.0,34,11.794190767135854,12.00369095846419,91.17647058823529,0,,,,10,18.857850050164128,17.13018738274439,100.0
CCL,30,1255,-2.5855,23.3082,-49.202,44.031,30,13.738502031113066,10.797433519691763,63.33333333333333,4,12.206815304493588,13.06506025219161,75.0,10,17.493815326892936,21.866442004705803,70.0,10,9.19072540276793,5.313738419959078,60.0,6,13.041738319346882,5.937869855885998,66.66666666666666,0,,,,4,12.206815304493588,13.06506025219161,75.0,34,11.44636452564221,14.315634012570914,79.41176470588235,0,,,,10,21.133424510510206,22.273567681672446,100.0
CCL,60,1255,-2.5855,23.3082,-49.202,44.031,30,18.173049917568594,15.282394224526694,63.33333333333333,4,1.4913203216721325,-9.122705112548836,25.0,10,18.040271479059545,11.896954455532889,50.0,10,25.333180895313298,20.428811146462635,80.0,6,25.56522440962975,24.16127040224501,100.0,0,,,,4,1.4913203216721325,-9.122705112548836,25.0,34,11.155189994603427,17.415657768634915,73.52941176470588,0,,,,10,28.610066936011588,26.79423555714117,90.0
CDNS,10,1255,2.4117,9.909,-17.4064,22.2298,36,8.858852195128959,7.661757556648905,100.0,6,13.052052118410343,14.207008958231263,100.0,13,11.361708048159507,12.213062616472772,100.0,27,8.473545253219326,7.116131597123601,100.0,10,11.409707463289065,12.859861412212494,100.0,4,12.375373725699315,12.817431241378044,100.0,5,12.312362377508896,14.186179787218292,100.0,37,6.952909282904105,5.9051838757497075,100.0,1,5.9051838757497075,5.9051838757497075,100.0,4,11.341592346898416,10.948751970091621,100.0
CDNS,20,1255,2.4117,9.909,-17.4064,22.2298,36,8.247975737195386,7.575921064570063,83.33333333333334,6,12.313062852649608,10.257281607099573,83.33333333333334,13,11.089876373982749,10.477149645997418,84.61538461538461,27,7.317603122715632,7.275926962049649,85.18518518518519,10,9.449024064497875,5.951349102928692,80.0,4,9.235578139107913,10.257281607099573,75.0,5,12.680245493980047,10.037413568201728,80.0,37,6.602025721038377,6.372102868326913,78.37837837837837,1,6.508906011896287,6.508906011896287,100.0,4,0.6463304578408235,1.3806447260533,75.0
CDNS,30,1255,2.4117,9.909,-17.4064,22.2298,36,10.425717964099583,11.732104431579717,86.11111111111111,6,15.957383461366149,10.831248940601405,100.0,13,13.161893752002861,11.32312940434962,100.0,27,7.915093806458031,10.339368476853188,81.48148148148148,10,11.18624707200589,10.831248940601405,90.0,4,11.833363486177909,9.61779766837553,100.0,5,17.369614781659802,11.32312940434962,100.0,37,3.5907466681535523,2.1552198127065196,67.56756756756756,1,4.401257748966907,4.401257748966907,100.0,4,-0.4026582127733178,1.1163391046442666,50.0
CDNS,60,1255,2.4117,9.909,-17.4064,22.2298,36,13.998885568759198,17.78305717809194,77.77777777777779,6,18.143292472080702,15.080927376210877,100.0,13,18.29591230984525,15.236597158937549,84.61538461538461,27,10.828895891529001,14.25568308410299,74.07407407407408,10,13.504831651976067,13.618497165216636,80.0,4,13.837063309237578,11.822972280899718,100.0,5,18.786899447800003,15.236597158937549,100.0,37,2.8327523388419373,0.42259184386439713,54.054054054054056,1,9.098997352423455,9.098997352423455,100.0,4,-6.467134906270656,-6.848521797149043,0.0
CDW,10,1255,-2.4283,8.9933,-20.4149,15.5584,33,5.687188688564601,6.116709327494366,100.0,2,2.754602355381892,2.754602355381892,100.0,12,5.070102271431991,4.426058503112606,100.0,13,5.492402311503578,6.116709327494366,100.0,6,7.171992061269286,7.631559032341872,100.0,0,,,,2,2.754602355381892,2.754602355381892,100.0,34,5.472485831549907,4.993698744420191,100.0,1,5.617327978502924,5.617327978502924,100.0,12,6.149392072439729,5.588134089151241,100.0
CDW,20,1255,-2.4283,8.9933,-20.4149,15.5584,33,3.4474336605154434,3.393689873392749,69.6969696969697,2,6.794151852558517,6.794151852558517,50.0,12,3.485142433515952,2.8928090140863367,58.333333333333336,13,3.7758723839705053,4.108051471188213,84.61538461538461,6,2.5967955039148944,2.0066669275188063,50.0,0,,,,2,6.794151852558517,6.794151852558517,50.0,34,5.83083127321917,6.052182070367975,76.47058823529412,1,11.974090269301799,11.974090269301799,100.0,12,8.21551338870146,9.837739005641748,91.66666666666666
CDW,30,1255,-2.4283,8.9933,-20.4149,15.5584,33,5.4127872448502155,4.209059879814415,72.72727272727273,2,15.297359333600378,15.297359333600378,100.0,12,6.850293792115669,5.652470264841757,75.0,13,5.097848220136948,5.16390618017082,84.61538461538461,6,5.630768029768155,3.5620392157803145,66.66666666666666,0,,,,2,15.297359333600378,15.297359333600378,100.0,34,5.380733593537363,6.374899773745874,76.47058823529412,1,8.772297299156854,8.772297299156854,100.0,12,6.397749316181053,7.239257248555393,91.66666666666666
CDW,60,1255,-2.4283,8.9933,-20.4149,15.5584,33,4.614771388536881,7.220424806066901,63.63636363636363,2,19.55776443575673,19.55776443575673,100.0,12,7.497342164782374,8.05570962411433,75.0,13,6.060239857818551,8.102513837680556,76.92307692307693,6,7.416443517426095,9.558736273911208,66.66666666666666,0,,,,2,19.55776443575673,19.55776443575673,100.0,34,7.72815830377171,8.759178751730925,85.29411764705883,1,19.763254570177864,19.763254570177864,100.0,12,11.230164882114456,11.119514579886781,100.0
CEG,10,1059,8.0291,14.7604,-21.4916,37.5498,29,12.481243333860455,9.920564290095255,100.0,2,12.86222857665949,12.86222857665949,100.0,8,13.056228074564057,9.108984805149719,100.0,21,12.231675646291066,9.920564290095255,100.0,6,16.244434085230036,13.489233332352551,100.0,0,,,,2,12.86222857665949,12.86222857665949,100.0,27,7.136427476875411,4.791336309327323,100.0,0,,,,3,8.104579721719924,9.399861060826387,100.0
CEG,20,1059,8.0291,14.7604,-21.4916,37.5498,29,12.187147550509762,6.6969811875276815,86.20689655172413,2,17.066807826181225,17.066807826181225,50.0,8,16.967224720543108,6.185937554300367,87.5,21,10.362109280617332,7.925125470769897,85.71428571428571,6,10.905680450162636,9.761811114683223,83.33333333333334,0,,,,2,17.066807826181225,17.066807826181225,50.0,27,6.426427006324434,7.761796957077811,66.66666666666666,0,,,,3,2.245907722014811,1.8471225465217043,66.66666666666666
CEG,30,1059,8.0291,14.7604,-21.4916,37.5498,29,14.133158797909767,9.149367590277421,75.86206896551724,2,35.77947871274874,35.77947871274874,50.0,8,21.300789972298478,10.753810873158185,75.0,21,9.826242513302484,9.149367590277421,76.19047619047619,6,13.734408837557597,11.852108605513738,66.66666666666666,0,,,,2,35.77947871274874,35.77947871274874,50.0,27,3.32961401400157,1.6686410679240111,51.85185185185185,0,,,,3,-10.206120719517484,-2.618984932383523,33.33333333333333
CEG,60,1059,8.0291,14.7604,-21.4916,37.5498,29,20.374157054718925,20.381956698631484,72.41379310344827,2,63.969131742416266,63.969131742416266,100.0,8,36.38225580138295,36.202871245963465,87.5,21,13.959166209253764,9.071417667717512,66.66666666666666,6,13.01674534587758,-1.5887162728659086,50.0,0,,,,2,63.969131742416266,63.969131742416266,100.0,27,-0.26251523715820746,0.8823797287837699,51.85185185185185,0,,,,3,-7.196365920690714,-14.557294161956227,33.33333333333333
CF,10,1255,2.7521,11.9271,-21.102,26.6062,32,7.637748818040769,6.888433991997779,100.0,4,9.201365523202377,8.600248827433376,100.0,11,6.8898877485811845,5.018132808977277,100.0,17,8.205457421181393,7.55191761097932,100.0,6,5.912827588563822,6.825708108258843,100.0,0,,,,4,9.201365523202377,8.600248827433376,100.0,31,7.334184108499109,6.942981036025706,100.0,2,6.773660714538192,6.773660714538192,100.0,8,7.102492108995186,5.760616514748854,100.0
CF,20,1255,2.7521,11.9271,-21.102,26.6062,32,7.158845129286204,5.474310236667643,81.25,4,11.199416723256425,11.443472302932808,100.0,11,8.064613817049791,5.725295453407075,90.9090909090909,17,6.459826562899967,5.053023159441672,76.47058823529412,6,6.187703458243064,5.474310236667643,100.0,0,,,,4,11.199416723256425,11.443472302932808,100.0,31,7.448217471020522,7.396519618074001,80.64516129032258,2,8.054363147092545,8.054363147092545,100.0,8,5.596134400360591,3.5774447983447883,62.5
CF,30,1255,2.7521,11.9271,-21.102,26.6062,32,8.26964058084283,6.616235883648345,65.625,4,13.929064991200413,13.469867707196153,75.0,11,12.849232803091907,17.680615554282813,63.63636363636363,17,8.041996888553456,6.47030271403754,64.70588235294117,6,5.8082237286547285,3.3156677338632283,83.33333333333334,0,,,,4,13.929064991200413,13.469867707196153,75.0,31,6.608758376581702,9.523199377074969,74.19354838709677,2,13.443887261213012,13.443887261213012,100.0,8,3.602344972116353,3.621874126364051,62.5
CF,60,1255,2.7521,11.9271,-21.102,26.6062,32,13.402557912536615,5.873502190396927,71.875,4,14.86851196727465,15.75924244731641,75.0,11,16.117636750374427,25.679057626456924,72.72727272727273,17,12.772479077976218,5.907577112617957,70.58823529411765,6,8.710068150053429,7.361192363517251,83.33333333333334,0,,,,4,14.86851196727465,15.75924244731641,75.0,31,5.131435264145278,8.486174285056771,67.74193548387096,2,22.596888872912274,22.596888872912274,100.0,8,0.6539246552640519,1.6082341293256115,50.0
CFG,10,1255,1.1635,13.9174,-26.6713,28.9983,35,6.846666010353422,6.483297967685996,100.0,6,4.544709633421862,3.9557291170113533,100.0,11,5.582709370048755,4.829227833038382,100.0,20,7.399112898761608,7.055151229874478,100.0,6,7.805387126977251,6.742215713445294,100.0,0,,,,6,4.96441713159844,5.214851611541089,100.0,31,7.394628465312058,6.5661930381202005,100.0,0,,,,11,9.445403829502592,8.356183085051953,100.0
CFG,20,1255,1.1635,13.9174,-26.6713,28.9983,35,8.200107801011246,10.334686706439388,80.0,6,9.901663536851723,12.378927228999327,83.33333333333334,11,8.689813330034003,14.00078408248104,72.72727272727273,20,8.737535448326122,9.385467998687421,85.0,6,2.9203974786292406,1.8445022680151961,50.0,0,,,,6,4.617510230309221,8.301487517465484,66.66666666666666,31,6.399407649197522,7.15823966962055,93.54838709677419,0,,,,11,8.465505318695438,9.500512153792045,100.0
CFG,30,1255,1.1635,13.9174,-26.6713,28.9983,35,9.006725282705808,6.805369118989575,77.14285714285715,6,9.686341385004011,6.804876882779401,83.33333333333334,11,10.315542365999729,8.448466184384298,72.72727272727273,20,9.111015114452904,9.808149430032298,80.0,6,5.293241817940127,4.875649802677267,50.0,0,,,,6,4.657394044605602,4.112902260719595,66.66666666666666,31,4.847445010031051,4.973450754569882,64.51612903225806,0,,,,11,6.35536698608891,7.404811161453296,72.72727272727273
CFG,60,1255,1.1635,13.9174,-26.6713,28.9983,35,11.502499088059125,11.074378213539815,80.0,6,16.864172671736785,17.124989049185665,83.33333333333334,11,16.679718942091565,9.235283741854065,90.9090909090909,20,7.3577237897875065,10.696242453547729,70.0,6,7.874312709532075,8.95166436189713,66.66666666666666,0,,,,6,16.579779316259735,16.27180898275452,83.33333333333334,31,1.1659398847526794,0.046154943311065656,54.83870967741935,0,,,,11,0.3042380721905284,0.046154943311065656,63.63636363636363
CHD,10,1255,0.5928,7.3859,-14.179,15.3646,38,4.019787645680243,3.363972684294066,100.0,4,7.42529500768807,6.25763855681147,100.0,15,4.243032058167434,3.4926540921156457,100.0,14,3.1808866791650128,2.97253111829066,100.0,7,2.882649608689164,2.520153812577792,100.0,0,,,,4,7.42529500768807,6.25763855681147,100.0,35,3.769886136303164,3.924547008710139,100.0,0,,,,9,4.662131532530598,4.484512341468752,100.0
CHD,20,1255,0.5928,7.3859,-14.179,15.3646,38,4.237479585971182,3.6473531269831865,84.21052631578947,4,9.841856423383293,10.564906000405507,100.0,15,3.6285735716302754,2.7941109303014584,80.0,14,4.443233924005739,4.857738605152248,92.85714285714286,7,-0.7766871935754099,0.9419625487170399,71.42857142857143,0,,,,4,9.841856423383293,10.564906000405507,100.0,35,4.155854634035333,3.669402287632985,77.14285714285715,0,,,,9,1.628954986256917,-0.21135519940170994,44.44444444444444
CHD,30,1255,0.5928,7.3859,-14.179,15.3646,38,5.061240843304799,5.983098984689713,78.94736842105263,4,8.4654101312359,8.190789060284443,100.0,15,3.626147001406852,5.192766074136506,73.33333333333333,14,5.283390923914675,6.204922473098662,78.57142857142857,7,4.992914792759558,7.651343229779366,85.71428571428571,0,,,,4,8.4654101312359,8.190789060284443,100.0,35,3.3397263288505834,1.7425620884490896,65.71428571428571,0,,,,9,0.42883721939138675,-2.841794231395556,33.33333333333333
CHD,60,1255,0.5928,7.3859,-14.179,15.3646,38,4.719962476239668,4.209297216192898,65.78947368421053,4,8.05443843768117,6.755688067383657,100.0,15,5.940635938921514,1.3364992935164295,66.66666666666666,14,3.9155982277860173,2.757594140362069,57.14285714285714,7,0.8023869913880226,0.4530667378438519,57.14285714285714,0,,,,4,8.05443843768117,6.755688067383657,100.0,35,3.0406099940961724,5.072431144771908,68.57142857142857,0,,,,9,-0.21957582229111555,-2.031380964836747,44.44444444444444
CHRW,10,1255,2.9626,10.3401,-17.7176,23.6428,33,5.87283486870703,5.251235994177749,100.0,2,4.7182921626119,4.7182921626119,100.0,13,4.510322129482275,4.330754370281878,100.0,17,6.588940666707602,7.163902421997896,100.0,9,5.268472907072635,5.251235994177749,100.0,0,,,,2,4.7182921626119,4.7182921626119,100.0,33,5.077254128532532,4.536311038378386,100.0,2,1.8856706654686746,1.8856706654686746,100.0,10,4.318087086626208,3.589586213984638,100.0
CHRW,20,1255,2.9626,10.3401,-17.7176,23.6428,33,7.752686997582889,6.660620961353297,84.84848484848484,2,6.681823016268948,6.681823016268948,100.0,13,7.437507509440952,6.660620961353297,84.61538461538461,17,8.114943128898123,6.6579586917648745,82.35294117647058,9,7.833692446083069,7.372959923873348,77.77777777777779,0,,,,2,6.681823016268948,6.681823016268948,100.0,33,5.642770315532821,6.613532126945118,72.72727272727273,2,2.7603461680942525,2.7603461680942525,50.0,10,6.707289203766658,6.918430012466912,80.0
CHRW,30,1255,2.9626,10.3401,-17.7176,23.6428,33,8.734694575760301,8.373780519549035,78.78787878787878,2,9.93601637164986,9.93601637164986,100.0,13,7.614840279464259,8.132357004463154,76.92307692307693,17,9.841763681798724,8.777048309889986,82.35294117647058,9,7.936619375004308,8.132357004463154,66.66666666666666,0,,,,2,9.93601637164986,9.93601637164986,100.0,33,4.676092329668219,5.374356865274344,75.75757575757575,2,-7.40485149348859,-7.40485149348859,0.0,10,8.38152763891931,9.721622005621754,80.0
CHRW,60,1255,2.9626,10.3401,-17.7176,23.6428,33,9.638409440124397,6.568682341178395,72.72727272727273,2,13.127400077643049,13.127400077643049,100.0,13,9.231118602785605,8.442526241334077,61.53846153846154,17,8.309311041282108,4.158907854338581,76.47058823529412,9,5.498986729617006,6.568682341178395,66.66666666666666,0,,,,2,13.127400077643049,13.127400077643049,100.0,33,2.1841323820614655,4.962817832011208,63.63636363636363,2,-17.253071606393792,-17.253071606393792,0.0,10,7.417762041350931,7.206147354318629,80.0
CHTR,10,1255,-8.201,16.6878,-41.5766,25.1746,36,7.590018429658309,6.722418176428125,100.0,4,5.92155735131886,6.2658666029029035,100.0,11,8.11715755845002,8.188790056624693,100.0,14,6.8089286175124775,5.380518562727051,100.0,6,7.391011680982018,7.105653685413292,100.0,1,8.188790056624693,8.188790056624693,100.0,5,6.922763962874493,6.579855300305117,100.0,36,7.521457248289552,6.280376929796451,100.0,1,6.805546460376874,6.805546460376874,100.0,17,7.995210548437088,6.756094225579112,100.0
CHTR,20,1255,-8.201,16.6878,-41.5766,25.1746,36,5.192214541823609,3.6005231149658616,80.55555555555556,4,7.745131375208935,4.5859250493194725,100.0,11,9.187852097527426,6.322726136399526,90.9090909090909,14,2.0633365552997227,2.836242310215173,78.57142857142857,6,7.322143016509627,3.079114766259135,100.0,1,2.8491239622394193,2.8491239622394193,100.0,5,9.474147042083796,6.322726136399526,100.0,36,7.155640393490406,5.632998859172815,91.66666666666666,1,5.821395015056053,5.821395015056053,100.0,17,6.315480753442597,5.444602703289577,88.23529411764706
CHTR,30,1255,-8.201,16.6878,-41.5766,25.1746,36,5.2478943806003935,2.958328651829809,63.888888888888886,4,11.175428950534236,5.92801490372973,100.0,11,7.79908435338558,3.726077595076461,81.81818181818183,14,0.2816296949176343,-0.6000957909055493,50.0,6,8.105738046386945,4.287950308650881,100.0,1,3.726077595076461,3.726077595076461,100.0,5,10.038975985531161,5.493164125518868,100.0,36,8.897752413659893,9.037767006418985,75.0,1,14.527369105507642,14.527369105507642,100.0,17,7.125902562660379,8.807035085224884,70.58823529411765
CHTR,60,1255,-8.201,16.6878,-41.5766,25.1746,36,0.053743976891022074,-3.202741332587647,41.66666666666667,4,3.874745841960081,2.883265678960476,50.0,11,1.7938288706511665,1.5224874443560763,54.54545454545454,14,-9.81936281748474,-9.787377560331047,14.285714285714285,6,1.8281995996527565,-2.3661088226335485,33.33333333333333,1,-13.395957982159759,-13.395957982159759,0.0,5,3.4042941624392795,1.5224874443560763,60.0,36,9.842027562942523,10.00823526236989,69.44444444444444,1,13.274337622699283,13.274337622699283,100.0,17,4.87433613876324,7.537753932997653,58.82352941176471
CI,10,1255,1.1075,8.415,-15.7226,17.9375,34,6.356323350322491,5.201814838008392,100.0,5,7.198102291857564,5.252578630345977,100.0,11,8.597206637190572,10.265049615372334,100.0,19,5.385628725896186,4.6686891646784066,100.0,10,6.568558639940349,4.544670361003916,100.0,0,,,,6,8.120246392835242,7.791789540380938,100.0,41,4.966902145943993,3.8916047535895624,100.0,0,,,,6,3.1304634254120374,3.61805957854362,100.0
CI,20,1255,1.1075,8.415,-15.7226,17.9375,34,7.692898653229755,8.373313405313588,82.35294117647058,5,7.522311952083369,6.927980728358167,80.0,11,10.70509374823046,8.685075046700453,90.9090909090909,19,6.867077367048776,8.383645743863323,84.21052631578947,10,6.702706425813441,7.195694992555257,70.0,0,,,,6,8.562266744354053,9.42937493950191,83.33333333333334,41,4.461896614467284,3.4559817240348725,75.60975609756098,0,,,,6,3.6279472243236817,0.7399751006419885,66.66666666666666
CI,30,1255,1.1075,8.415,-15.7226,17.9375,34,7.240717214843156,7.666075440933821,85.29411764705883,5,10.244005377013718,10.835273597050257,100.0,11,10.654545649184605,10.835273597050257,90.9090909090909,19,7.434004941546117,6.782169205072278,94.73684210526315,10,6.234169285681878,4.810054590161803,70.0,0,,,,6,10.507368092671289,11.329727634004703,100.0,41,3.475539116291553,2.0935549324664544,65.85365853658537,0,,,,6,1.3795217974698935,-1.0272812966147016,50.0
CI,60,1255,1.1075,8.415,-15.7226,17.9375,34,8.515951769323173,9.150122364828981,76.47058823529412,5,16.66422243603459,18.499615918422137,100.0,11,15.256915600448929,16.9255335952607,90.9090909090909,19,8.408959261284714,8.867539711773047,84.21052631578947,10,8.330388355315279,9.150122364828981,70.0,0,,,,6,16.707774295905608,17.71257475684142,100.0,41,2.7529688166460753,2.5794847473559517,56.09756097560976,0,,,,6,-3.796977687599987,-6.8317872006468825,33.33333333333333
CIEN,10,1255,5.5343,18.1421,-30.7498,41.8184,38,10.09890860294991,8.337709537554868,100.0,2,8.337709537554868,8.337709537554868,100.0,10,7.330038926706595,7.432280105138739,100.0,21,11.852791877748615,12.231404507059501,100.0,5,9.39902264122553,9.664827712916543,100.0,1,8.11214981792129,8.11214981792129,100.0,2,8.337709537554868,8.337709537554868,100.0,34,6.336710970145409,5.1158924565213395,100.0,2,2.34500111755032,2.34500111755032,100.0,11,4.756115009391796,5.48362727154071,100.0
CIEN,20,1255,5.5343,18.1421,-30.7498,41.8184,38,12.013381220440042,12.246971194406239,81.57894736842105,2,24.158265324622995,24.158265324622995,100.0,10,10.892781583733145,11.029406683504133,90.0,21,13.744367231700327,13.658003661327164,76.19047619047619,5,3.037910653662512,2.621575535455183,80.0,1,36.280380676839954,36.280380676839954,100.0,2,24.158265324622995,24.158265324622995,100.0,34,3.197662661582668,3.8873095735555006,70.58823529411765,2,-6.166282727152394,-6.166282727152394,50.0,11,4.816739414220144,5.381477514334998,81.81818181818183
CIEN,30,1255,5.5343,18.1421,-30.7498,41.8184,38,15.111203082480335,15.34817483902825,78.94736842105263,2,37.22821922398522,37.22821922398522,100.0,10,13.560027164415771,10.83962291621824,90.0,21,19.224682326386205,16.365066227091088,76.19047619047619,5,-0.1904040240971172,3.165736943737052,60.0,1,51.38317357713931,51.38317357713931,100.0,2,37.22821922398522,37.22821922398522,100.0,34,0.7798974130111221,2.5780944315007965,55.88235294117647,2,-8.737109198077281,-8.737109198077281,0.0,11,4.064909886856871,3.103914870840467,72.72727272727273
CIEN,60,1255,5.5343,18.1421,-30.7498,41.8184,38,22.797581427099942,16.616236218024213,71.05263157894737,2,24.971891865700847,24.971891865700847,100.0,10,14.797496706174126,16.01895063870118,80.0,21,32.11667033957478,30.039098349753324,71.42857142857143,5,0.14973780600898473,-3.592127455263742,40.0,1,48.635507744049356,48.635507744049356,100.0,2,24.971891865700847,24.971891865700847,100.0,34,-8.573959995648071,-4.557155267570712,44.11764705882353,2,-41.41236241713715,-41.41236241713715,0.0,11,-1.862721991960946,0.13479625344281385,54.54545454545454
CINF,10,1255,1.7416,7.0977,-12.4539,15.937,37,5.53833431988394,4.746332723029843,100.0,5,6.730666029820807,5.015788017849667,100.0,13,5.830758294172238,5.015788017849667,100.0,22,5.468250870888212,4.889972878095014,100.0,10,4.19521263837932,3.5501901655545485,100.0,0,,,,6,6.329278858280744,4.669065509215046,100.0,33,4.59407176983748,4.0825522222585064,100.0,2,4.345723564459902,4.345723564459902,100.0,6,5.476063486045073,3.9629098514398593,100.0
CINF,20,1255,1.7416,7.0977,-12.4539,15.937,37,5.756816250113184,5.04202211711379,86.48648648648648,5,6.188441173082628,4.153890665372726,80.0,13,4.869719137347198,4.508695439952746,76.92307692307693,22,5.478857587466701,4.540242891864015,90.9090909090909,10,3.943284108073796,3.698119940877323,80.0,0,,,,6,6.3902444906696845,5.7765758719888485,83.33333333333334,33,3.660246016872608,3.7277840900476304,78.78787878787878,2,9.777466072190222,9.777466072190222,100.0,6,1.6562228521001778,1.1391075362108503,50.0
CINF,30,1255,1.7416,7.0977,-12.4539,15.937,37,6.76720061589724,6.115322699103134,83.78378378378379,5,10.789006781059559,5.908462496456702,100.0,13,6.716900835399768,6.069212483382012,84.61538461538461,22,5.755838915873241,5.753873800931833,81.81818181818183,10,5.726714095877518,7.143064246203629,80.0,0,,,,6,11.08224066036803,9.228436276683535,100.0,33,3.2188526261341814,2.2110329362092287,63.63636363636363,2,14.414364718770127,14.414364718770127,100.0,6,0.944212071486787,-0.8910958659834506,33.33333333333333
CINF,60,1255,1.7416,7.0977,-12.4539,15.937,37,7.046827992094355,7.851623176099119,81.08108108108108,5,12.223719579374478,12.455866088555489,100.0,13,9.591408157733586,12.455866088555489,84.61538461538461,22,4.053893899136039,6.97737176872552,72.72727272727273,10,7.519175980319689,9.011903972808202,80.0,0,,,,6,12.315382416313646,12.614781344782486,100.0,33,1.0695947937527763,-1.7308830055118458,48.484848484848484,2,13.117499241462468,13.117499241462468,100.0,6,-7.7403110333063525,-8.196019322633086,0.0
CL,10,1255,0.3936,6.5869,-12.7803,13.5675,31,5.098081897955337,5.071846538323358,100.0,4,4.741931462542643,5.485434625019656,100.0,11,4.392212353681038,4.423443354721075,100.0,10,5.541574452141861,5.79532503101049,100.0,6,4.0178025264427015,3.724506758338206,100.0,1,5.862845214326654,5.862845214326654,100.0,4,4.741931462542643,5.485434625019656,100.0,28,4.022445503671082,4.48937994445855,100.0,0,,,,8,4.012831488069963,4.35715439868477,100.0
CL,20,1255,0.3936,6.5869,-12.7803,13.5675,31,5.284615734520232,5.121363559349363,87.09677419354838,4,3.9699465071863624,3.8701788798255086,100.0,11,5.480174467999239,5.121363559349363,100.0,10,7.165600521788235,7.225399077843139,100.0,6,4.684117401589642,5.389963938410737,83.33333333333334,1,8.038289239706854,8.038289239706854,100.0,4,3.9699465071863624,3.8701788798255086,100.0,28,3.0233438297764907,2.488034514575997,75.0,0,,,,8,3.0275553736807046,2.1338533033747966,87.5
CL,30,1255,0.3936,6.5869,-12.7803,13.5675,31,5.86883676194018,5.282852240556052,80.64516129032258,4,7.345031470808278,6.383617829175645,100.0,11,6.651085396218151,5.294736416438839,90.9090909090909,10,6.135335514401066,5.844268287512321,80.0,6,5.122197101567144,3.8654100133453055,83.33333333333334,1,13.065392176100115,13.065392176100115,100.0,4,7.345031470808278,6.383617829175645,100.0,28,2.5563058062121535,2.7710988674976518,67.85714285714286,0,,,,8,0.8593666879744342,1.6161686662134565,62.5
CL,60,1255,0.3936,6.5869,-12.7803,13.5675,31,6.2200389525168776,5.9277734480155315,74.19354838709677,4,11.383962838668838,10.6021192309877,100.0,11,9.03554042583289,6.498045833587283,81.81818181818183,10,6.10316701932654,5.492502147125535,70.0,6,3.924376783500696,5.060742112809956,66.66666666666666,1,15.446641258679788,15.446641258679788,100.0,4,11.383962838668838,10.6021192309877,100.0,28,1.4118184722455496,5.144235250800829,57.14285714285714,0,,,,8,-3.9589078013560264,-4.831401764404061,25.0
CLX,10,1255,-1.5094,8.9871,-19.4836,16.4649,32,5.494427422845478,4.844227576094212,100.0,5,8.836117329317089,7.228200035336652,100.0,11,7.716653518547394,6.999903803864392,100.0,12,4.039727003951043,3.233294790153971,100.0,6,5.189808528814672,5.266488446472719,100.0,1,8.627170722533442,8.627170722533442,100.0,6,10.26381336946037,7.927685378935047,100.0,34,3.7388176642326405,3.7410113296810796,100.0,1,1.425413745499301,1.425413745499301,100.0,13,3.8985156673513117,3.95549115343491,100.0
CLX,20,1255,-1.5094,8.9871,-19.4836,16.4649,32,5.842048172500977,5.430979095466647,84.375,5,12.623101894394933,11.278671345794685,100.0,11,10.255045812024143,11.278671345794685,90.9090909090909,12,2.6284165108718436,3.87376028121038,75.0,6,4.156837112569287,4.816442064744551,83.33333333333334,1,15.773355033783282,15.773355033783282,100.0,6,13.668476137558537,13.526013189788983,100.0,34,5.095797720908802,4.651710316589768,82.35294117647058,1,4.300180559299093,4.300180559299093,100.0,13,3.3729302398149588,3.0229023109338558,84.61538461538461
CLX,30,1255,-1.5094,8.9871,-19.4836,16.4649,32,7.486497534435182,5.507008756018585,78.125,5,13.233536229980942,15.493392608193327,100.0,11,11.778226767073058,15.493392608193327,81.81818181818183,12,4.827065572108224,4.989181089260192,66.66666666666666,6,5.102107642051049,4.25513249644065,66.66666666666666,1,15.493392608193327,15.493392608193327,100.0,6,14.276367807468327,17.11578339553555,100.0,34,4.080864666687966,4.507925854171477,70.58823529411765,1,4.671500902796495,4.671500902796495,100.0,13,2.1209310671990282,3.2388421658546775,61.53846153846154
CLX,60,1255,-1.5094,8.9871,-19.4836,16.4649,32,7.184350171313407,9.353621347826643,75.0,5,16.30235517764725,18.85591758323706,100.0,11,13.680179301138958,15.262829243416146,90.9090909090909,12,5.211104854917763,7.262131351014677,83.33333333333334,6,4.715549137293123,7.250285882260465,66.66666666666666,1,6.065690173863637,6.065690173863637,100.0,6,16.656891356800205,18.642744917901005,100.0,34,4.841560687816937,6.55418786495785,61.76470588235294,1,-1.1103768945925918,-1.1103768945925918,0.0,13,2.3569177854134673,9.610120916429217,53.84615384615385
CMCSA,10,1255,-2.6416,8.8895,-20.4206,15.1373,39,5.050718271559164,4.9346373751140415,100.0,5,5.20508141231561,4.325930464298549,100.0,17,5.402537476116101,4.9634724389711415,100.0,16,4.34092132573877,3.7933927933728677,100.0,4,3.956320943423983,3.0940462841691545,100.0,1,9.520944056673484,9.520944056673484,100.0,4,6.194560101030417,6.923437260486017,100.0,41,4.993132192980287,4.227424874667314,100.0,2,1.9563556131999857,1.9563556131999857,100.0,8,7.538852114104898,7.86017863166355,100.0
CMCSA,20,1255,-2.6416,8.8895,-20.4206,15.1373,39,5.017435177877213,6.09426089134411,79.48717948717949,5,8.087480298596597,11.03553169384013,100.0,17,6.511874627106302,7.218303777246679,88.23529411764706,16,3.5853585770077947,4.735157103301738,81.25,4,4.162818155919576,4.549404496210966,75.0,1,6.9599333420438505,6.9599333420438505,100.0,4,7.3504674497857145,9.013153696485983,100.0,41,5.603475937539483,5.206021772639081,87.8048780487805,2,6.675238554886063,6.675238554886063,100.0,8,6.304545824613565,6.799879198911663,75.0
CMCSA,30,1255,-2.6416,8.8895,-20.4206,15.1373,39,4.515123886848613,4.3105859036408924,71.7948717948718,5,11.187541042953097,10.192736080622307,100.0,17,5.016951437819534,6.358035706874943,70.58823529411765,16,2.85666634141714,3.778499301168702,75.0,4,4.3730001070056215,5.206690431376978,75.0,1,8.496544937704522,8.496544937704522,100.0,4,10.545206608235254,9.344640509163415,100.0,41,4.621592166509488,5.166921970155052,70.73170731707317,2,8.761990230060444,8.761990230060444,100.0,8,5.523592661452351,4.434810572736469,62.5
CMCSA,60,1255,-2.6416,8.8895,-20.4206,15.1373,39,4.221878357708194,2.186729979094146,58.97435897435898,5,19.002212567169792,19.033992694421826,100.0,17,6.63641017368351,3.9775245761170135,58.82352941176471,16,2.022660007859138,1.7165518272314606,62.5,4,5.327328116716858,3.250179778894945,100.0,1,3.9775245761170135,3.9775245761170135,100.0,4,16.49194807522383,14.424680344228547,100.0,41,6.026356110631786,6.958470642631455,78.04878048780488,2,4.534344909183164,4.534344909183164,50.0,8,6.809896401589762,10.044964342720847,75.0
CME,10,1255,2.0334,6.9235,-11.8136,15.8805,37,4.718185943480608,3.9825756734336415,100.0,5,5.183484398855298,5.1195364398828564,100.0,10,4.841994752583647,4.551056056658249,100.0,23,4.902496797807986,3.8900810267940096,100.0,7,4.322590012507853,3.744969226663482,100.0,0,,,,4,4.640095272649894,4.230272790089291,100.0,38,3.0753697731646343,2.718259045197403,100.0,0,,,,8,2.9101005417520813,1.9000483468108622,100.0
CME,20,1255,2.0334,6.9235,-11.8136,15.8805,37,5.463983621753366,5.838761191090997,83.78378378378379,5,6.670554972737634,5.979751686872289,100.0,10,6.210370431622024,6.103542826444352,90.0,23,5.602909522035859,5.34943226263815,86.95652173913044,7,4.114967428175377,4.424649542621984,100.0,0,,,,4,2.531441025050662,0.9545621204137705,75.0,38,2.1132213790816143,2.343126790193236,71.05263157894737,0,,,,8,2.349643110458857,0.652052923873631,75.0
CME,30,1255,2.0334,6.9235,-11.8136,15.8805,37,5.468272359424975,4.736697365927622,91.8918918918919,5,6.754335492577221,4.154382468528978,100.0,10,6.509157309923593,5.889001585487954,90.0,23,5.197825982368478,4.163856968598431,91.30434782608695,7,5.550160020838108,4.736697365927622,100.0,0,,,,4,3.616526101818744,2.946592967751815,75.0,38,1.6612744361007714,1.348530462505574,57.89473684210527,0,,,,8,3.4951214891843545,0.7323078307058367,50.0
CME,60,1255,2.0334,6.9235,-11.8136,15.8805,37,7.25416632763304,7.803227571786454,81.08108108108108,5,8.967498158061295,7.39458277113114,100.0,10,8.66933915957138,7.631061636900577,90.0,23,7.006522270904185,7.803227571786454,78.26086956521739,7,7.7153180792962095,7.867540502670013,85.71428571428571,0,,,,4,1.1817287102333742,3.3002029653904277,75.0,38,0.3447201344743362,-1.5436697839631721,44.73684210526316,0,,,,8,3.5449369797265167,2.1574433717927453,62.5
CMG,10,1255,-1.0471,13.7312,-28.5095,26.4153,35,6.509149383156514,5.762203299817448,100.0,3,10.925205218266655,12.042945737178103,100.0,12,9.667947246226543,8.047805904580851,100.0,15,5.283917251135126,4.7437709847867024,100.0,7,6.8659015916036195,5.762203299817448,100.0,0,,,,3,10.925205218266655,12.042945737178103,100.0,34,6.571926817120497,5.288265742817126,100.0,0,,,,11,9.208395980849575,7.715979892419536,100.0
CMG,20,1255,-1.0471,13.7312,-28.5095,26.4153,35,7.063538703444429,6.1911980188779605,80.0,3,10.38580697634548,11.289534814884151,100.0,12,7.034177336699948,6.899972811723881,83.33333333333334,15,4.4980084269776315,5.384921269720806,73.33333333333333,7,7.334674073469988,6.1911980188779605,85.71428571428571,0,,,,3,10.38580697634548,11.289534814884151,100.0,34,7.363440720494655,5.253474565373914,76.47058823529412,0,,,,11,10.39411881054955,8.684438819880084,81.81818181818183
CMG,30,1255,-1.0471,13.7312,-28.5095,26.4153,35,8.012461206337054,8.9504293007935,77.14285714285715,3,14.417081808223791,9.684494266674196,100.0,12,9.40422800201404,9.317461783733847,83.33333333333334,15,3.7433837427776635,2.324434766587488,66.66666666666666,7,5.848586158953379,2.324434766587488,85.71428571428571,0,,,,3,14.417081808223791,9.684494266674196,100.0,34,5.197313129832733,5.98513678835223,67.64705882352942,0,,,,11,5.837334256278192,9.400543377801753,72.72727272727273
CMG,60,1255,-1.0471,13.7312,-28.5095,26.4153,35,8.178870186203472,6.48670938425088,60.0,3,10.979507939425675,12.702024096026799,66.66666666666666,12,12.511847238233678,12.701445121386016,75.0,15,2.7752006202567014,-3.6460740072112285,46.666666666666664,7,13.668556890497573,19.807342101548265,71.42857142857143,0,,,,3,10.979507939425675,12.702024096026799,66.66666666666666,34,6.213923284073767,12.038794791484369,61.76470588235294,0,,,,11,8.296651782941614,12.714574570008544,63.63636363636363
CMI,10,1255,3.9325,9.4123,-14.8921,22.7572,29,6.40322693365596,6.1957202003536285,100.0,3,6.095491893269627,6.1957202003536285,100.0,11,6.916300734829464,6.3058212397106574,100.0,17,5.772238863682586,5.126042467971556,100.0,6,4.0189194909460895,2.775176895855299,100.0,1,3.3618749556080836,3.3618749556080836,100.0,3,6.095491893269627,6.1957202003536285,100.0,30,4.650497572170989,3.739976857838352,100.0,0,,,,9,5.05079640463282,3.7908008559946644,100.0
CMI,20,1255,3.9325,9.4123,-14.8921,22.7572,29,8.067399749962716,9.374147028947517,89.65517241379311,3,2.7566287720811964,6.693028465556932,66.66666666666666,11,7.3406206006656936,9.374147028947517,90.9090909090909,17,6.75408569869742,8.29316980576893,82.35294117647058,6,2.442725335943644,3.8974078439399897,66.66666666666666,1,-9.961024518245264,-9.961024518245264,0.0,3,2.7566287720811964,6.693028465556932,66.66666666666666,30,3.647967778332966,3.2442611947896447,70.0,0,,,,9,6.862043326269478,6.494446872875553,88.88888888888889
CMI,30,1255,3.9325,9.4123,-14.8921,22.7572,29,9.800288985921782,10.281375057142297,79.3103448275862,3,6.958540301433291,6.160335230187567,66.66666666666666,11,9.898333247130923,10.156025781490586,81.81818181818183,17,7.488007084555347,9.055098833525353,64.70588235294117,6,3.5456793536532474,4.027514611718063,50.0,1,-6.282756267393578,-6.282756267393578,0.0,3,6.958540301433291,6.160335230187567,66.66666666666666,30,3.1333924105323834,4.181086845128677,66.66666666666666,0,,,,9,4.805450505585416,4.241356401915406,88.88888888888889
CMI,60,1255,3.9325,9.4123,-14.8921,22.7572,29,10.958477086137439,10.40968635488851,79.3103448275862,3,12.837538219930439,10.40968635488851,100.0,11,9.281210959246557,11.23486212012595,81.81818181818183,17,10.703078192445874,9.580333605018843,82.35294117647058,6,7.823864916586913,9.5042738675916,100.0,1,4.669706757554821,4.669706757554821,100.0,3,12.837538219930439,10.40968635488851,100.0,30,-0.8144815830724276,-0.6830239111789163,46.666666666666664,0,,,,9,-0.18217602734526908,7.266520048267711,55.55555555555556
CMS,10,1255,1.2375,5.2185,-9.1995,11.6745,38,4.2303480881308895,4.27014108763061,100.0,4,6.456865757205828,6.48689299980119,100.0,14,4.8184507234503515,5.077780689737027,100.0,9,4.74192096930837,4.47758363811652,100.0,11,4.259267549644804,4.71577433328783,100.0,0,,,,4,6.456865757205828,6.48689299980119,100.0,35,3.8101551684103647,3.205435950843187,100.0,1,0.9788064928747132,0.9788064928747132,100.0,9,3.4394767827447175,3.205435950843187,100.0
CMS,20,1255,1.2375,5.2185,-9.1995,11.6745,38,4.1385977773852325,4.689029837667007,81.57894736842105,4,7.24448530418219,6.588527393610622,100.0,14,5.517400218904159,6.274185872891666,92.85714285714286,9,4.745908778108109,5.356889490672363,77.77777777777779,11,5.144868060244024,5.356889490672363,100.0,0,,,,4,7.24448530418219,6.588527393610622,100.0,35,3.755721530530783,3.4432451850435384,77.14285714285715,1,7.6482634027168315,7.6482634027168315,100.0,9,3.8620852796135003,4.00126545023104,88.88888888888889
CMS,30,1255,1.2375,5.2185,-9.1995,11.6745,38,4.73259238744085,4.566368599999776,78.94736842105263,4,11.972656144005356,11.506241367592247,100.0,14,6.727278336162702,7.351180633801787,85.71428571428571,9,3.576160862087754,1.5717679985101491,77.77777777777779,11,5.6215514097860755,6.906848588757654,90.9090909090909,0,,,,4,11.972656144005356,11.506241367592247,100.0,35,3.436958118674866,3.6157223019087548,74.28571428571429,1,5.280635112941979,5.280635112941979,100.0,9,2.7651607833443332,2.9522999045278295,77.77777777777779
CMS,60,1255,1.2375,5.2185,-9.1995,11.6745,38,5.449899483150542,4.105218686257729,81.57894736842105,4,14.684916637887495,13.854486826104937,100.0,14,6.909496265894636,8.636751323755492,85.71428571428571,9,3.0259613540782175,2.5224056013859344,66.66666666666666,11,6.2488544521520515,7.121342049112829,81.81818181818183,0,,,,4,14.684916637887495,13.854486826104937,100.0,35,1.5696028407924647,1.1630477410517663,57.14285714285714,1,9.52319751054833,9.52319751054833,100.0,9,0.7025858347837727,0.9254231688766946,55.55555555555556
CNC,10,1255,-4.4073,18.6815,-41.7704,32.9558,33,7.210109027459101,6.505630070033723,100.0,1,16.62039145665152,16.62039145665152,100.0,3,7.400146011375003,4.52489093324917,100.0,18,6.228675009637031,5.710527804239966,100.0,7,8.081458236209997,7.159124509097758,100.0,0,,,,1,16.62039145665152,16.62039145665152,100.0,32,7.1600064497632445,5.816273160927697,100.0,0,,,,10,9.136215086619549,4.675633311125827,100.0
CNC,20,1255,-4.4073,18.6815,-41.7704,32.9558,33,7.302027782968489,6.647303908218309,84.84848484848484,1,13.645381431911222,13.645381431911222,100.0,3,8.81783131067768,9.832130753309105,100.0,18,6.646456411500509,5.685098474560755,88.88888888888889,7,10.913140816961192,12.459320154354563,100.0,0,,,,1,13.645381431911222,13.645381431911222,100.0,32,5.679879371616309,3.9952614870818692,71.875,0,,,,10,8.712915109574874,5.408788836528055,70.0
CNC,30,1255,-4.4073,18.6815,-41.7704,32.9558,33,7.212845795283308,7.492797347521036,78.78787878787878,1,27.608089397985975,27.608089397985975,100.0,3,14.242070077348023,9.688251714159088,100.0,18,5.422895064898583,6.388600957468039,77.77777777777779,7,11.49711488861917,12.078585805477367,85.71428571428571,0,,,,1,27.608089397985975,27.608089397985975,100.0,32,6.065086103948951,5.316820813135281,65.625,0,,,,10,6.423619353683904,2.6519457824216564,50.0
CNC,60,1255,-4.4073,18.6815,-41.7704,32.9558,33,5.863891308521588,6.796122212343371,72.72727272727273,1,38.91313657100921,38.91313657100921,100.0,3,16.310695777484767,11.06315278664706,66.66666666666666,18,4.278066340583241,6.49902993214918,72.22222222222221,7,11.558765212862292,13.43741490784242,85.71428571428571,0,,,,1,38.91313657100921,38.91313657100921,100.0,32,6.070120886826003,2.384593609157852,65.625,0,,,,10,7.115019794896459,1.6344059398170219,60.0
CNP,10,1255,2.8694,5.0781,-7.2868,13.0257,41,4.1758180074098785,3.3873428912948036,100.0,4,6.215609592177952,7.0256907489329965,100.0,15,5.287590504082105,6.037326971768261,100.0,28,4.3285631178629265,3.3025833919387493,100.0,13,4.992061104932263,5.085850990479212,100.0,2,7.095672391588918,7.095672391588918,100.0,6,5.418476169928319,6.102598595349363,100.0,33,3.9811278215391575,3.6516707563403155,100.0,3,2.9833752662025854,4.1094409051553935,100.0,3,6.962702923442685,5.430447657479985,100.0
CNP,20,1255,2.8694,5.0781,-7.2868,13.0257,41,4.415372252794106,5.4832977582430305,80.48780487804879,4,8.123556656714307,8.867187627854292,100.0,15,6.549115365884072,8.576633478982314,93.33333333333333,28,4.968838304460981,6.210364638070551,85.71428571428571,13,5.301287740036293,6.75723884097204,84.61538461538461,2,9.454650783047414,9.454650783047414,100.0,6,5.731955470655247,7.029965618612673,83.33333333333334,33,2.9435898525959296,2.5586134272719794,75.75757575757575,3,2.1973824703261493,5.114206327464597,66.66666666666666,3,3.6878382772491975,4.699823396977868,100.0
CNP,30,1255,2.8694,5.0781,-7.2868,13.0257,41,5.906612809816197,6.9458466730683535,82.92682926829268,4,12.989984848785324,13.408632151455937,100.0,15,9.421820545158335,8.667601819479554,100.0,28,6.842750363826123,7.9800558540521465,85.71428571428571,13,8.77506454148315,8.667601819479554,92.3076923076923,2,18.515127245002773,18.515127245002773,100.0,6,10.637770677299079,10.379273791551661,100.0,33,2.976814203426897,2.449487370091018,63.63636363636363,3,2.7790053459845563,1.4506891026395579,66.66666666666666,3,4.929322131189902,7.5827612284430534,66.66666666666666
CNP,60,1255,2.8694,5.0781,-7.2868,13.0257,41,7.856693541228851,6.274269322923533,87.8048780487805,4,16.829026243783396,18.05778712483915,100.0,15,8.790719370423346,7.14561494798773,86.66666666666667,28,9.348234395231598,7.720808872559408,89.28571428571429,13,11.437404449240802,12.070406806214343,100.0,2,20.09117036563599,20.09117036563599,100.0,6,12.328101143402057,13.566882121930806,100.0,33,-0.3659517847223655,-0.9220809819149699,39.39393939393939,3,3.33894691378628,1.6567916045361981,66.66666666666666,3,0.975598791337191,-0.24430003253562735,33.33333333333333
COF,10,1255,0.8892,11.4304,-21.9716,23.7499,34,7.5195959449819325,7.374276117922002,100.0,4,6.419596098200385,7.0358937333112035,100.0,15,8.23874934424476,8.276585533351689,100.0,19,7.028865354068345,7.232883398919861,100.0,11,8.03323149495536,9.244403483289462,100.0,0,,,,6,6.253443116143742,6.168502577831326,100.0,37,6.597015452919157,5.129030860718907,100.0,2,3.6007007846499204,3.6007007846499204,100.0,7,9.063336271017736,7.093620231213565,100.0
COF,20,1255,0.8892,11.4304,-21.9716,23.7499,34,8.528267483958093,8.936094778398168,85.29411764705883,4,8.624935240035377,7.5316665473283315,75.0,15,9.78015256196007,9.051395802539371,86.66666666666667,19,5.177352089736128,5.504811080235681,78.94736842105263,11,10.918322148263805,11.28514843971266,90.9090909090909,0,,,,6,8.676559301846806,7.5316665473283315,83.33333333333334,37,5.4489551886948195,5.140833793042909,81.08108108108108,2,2.565046890599862,2.565046890599862,100.0,7,7.026660680219284,5.140833793042909,85.71428571428571
COF,30,1255,0.8892,11.4304,-21.9716,23.7499,34,10.490265909999636,10.467354175944944,79.41176470588235,4,11.851552772833694,11.091615992147458,75.0,15,13.675050743963698,13.45351261182994,86.66666666666667,19,6.0327085206377635,7.340462432097042,68.42105263157895,11,14.13580764312087,14.663403055262322,90.9090909090909,0,,,,6,11.891577877330596,11.97162808632439,83.33333333333334,37,5.668598418640259,6.433104391047604,67.56756756756756,2,3.7308055143116947,3.7308055143116947,50.0,7,8.355873525451207,7.269641822093852,71.42857142857143
COF,60,1255,0.8892,11.4304,-21.9716,23.7499,34,10.475734260645014,2.9743358446399952,70.58823529411765,4,11.284700707693483,0.9826256583558892,50.0,15,13.807932856529385,2.599337661706948,66.66666666666666,19,6.535657070732947,2.1589796863426605,68.42105263157895,11,20.68277251404628,18.06654693913301,90.9090909090909,0,,,,6,6.174634860127834,0.08398492826599055,50.0,37,4.044117896867083,2.113507562070477,56.75675675675676,2,-7.073173483664405,-7.073173483664405,0.0,7,0.7814347946149921,0.06693643405064588,57.14285714285714
COHR,10,1255,2.248,22.5691,-42.8903,47.3863,35,13.166618799237966,10.871666296321608,100.0,5,9.850580464709008,8.814102348569666,100.0,11,13.867737003050923,10.555048266273959,100.0,22,14.202016772584953,11.004840128225695,100.0,10,12.215621044271641,9.684575307421813,100.0,0,,,,6,10.964678497748936,10.319977426880868,100.0,33,11.031431915044129,9.91783347946741,100.0,0,,,,5,20.1607727031638,20.369217250859016,100.0
COHR,20,1255,2.248,22.5691,-42.8903,47.3863,35,14.584997316871577,17.19282435793415,71.42857142857143,5,16.22974670246678,15.72620689312594,80.0,11,22.777706272753598,17.341148351695946,90.9090909090909,22,14.729976377098335,17.266986354815046,68.18181818181817,10,5.025903083271392,0.44759752690508636,50.0,0,,,,6,17.589968333272058,20.058641690212195,83.33333333333334,33,7.18866349642299,6.71033114570214,75.75757575757575,0,,,,5,16.707827792876195,24.418240904941367,80.0
COHR,30,1255,2.248,22.5691,-42.8903,47.3863,35,18.28951967990898,16.764125487177914,74.28571428571429,5,19.333661340991707,12.353925438018305,100.0,11,25.653817371183127,18.38297742478391,90.9090909090909,22,17.977901027274218,16.62398332199386,68.18181818181817,10,7.16496161202666,4.165543283008054,60.0,0,,,,6,23.372676058481417,14.55902546259811,100.0,33,8.674294251265273,9.020985857821543,72.72727272727273,0,,,,5,13.023771981841609,16.574182884038084,80.0
COHR,60,1255,2.248,22.5691,-42.8903,47.3863,35,25.994856139640127,27.842747226428216,74.28571428571429,5,45.36200449303003,42.570950501533964,100.0,11,33.68532309859336,30.112180218031952,90.9090909090909,22,26.669437047222345,32.20779079111245,72.72727272727273,10,29.11120302165915,40.851387544931335,80.0,0,,,,6,48.42488377097964,47.08077268668234,100.0,33,5.251744196209477,10.476007261269867,63.63636363636363,0,,,,5,11.115698571584073,3.59375263874719,60.0
COIN,10,1253,-9.5992,43.7047,-97.0085,77.8102,34,21.01421881231537,14.889273146529684,100.0,4,37.81521709982115,35.60499528740085,100.0,8,29.314730289882732,26.82177474759375,100.0,13,17.371409587889595,13.430737684352136,100.0,6,18.63197477025824,14.263020079217519,100.0,0,,,,3,28.536039954718575,25.037223832114698,100.0,33,17.529023509068,17.285099372635106,100.0,0,,,,16,18.838320855726003,19.186006111860934,100.0
COIN,20,1253,-9.5992,43.7047,-97.0085,77.8102,34,23.00233996925843,17.999102055493367,85.29411764705883,4,43.93152235251634,34.18998283227752,100.0,8,24.331318877858585,24.228881791260648,87.5,13,23.703048966440274,21.34614848352173,92.3076923076923,6,17.537443184781676,9.650369484058018,66.66666666666666,0,,,,3,47.082196126941675,33.900464635314705,100.0,33,15.474107637334313,19.361304792212998,84.84848484848484,0,,,,16,11.704589321102832,16.917796745965248,75.0
COIN,30,1253,-9.5992,43.7047,-97.0085,77.8102,34,26.896671019899287,14.544939049725032,73.52941176470588,4,53.40709141583272,52.22171667633537,100.0,8,30.373334154428264,22.839402435336044,62.5,13,21.424434950409896,11.878734011451014,76.92307692307693,6,25.471676528973436,14.996213279168948,83.33333333333334,0,,,,3,61.56149275087004,75.49954594195,100.0,33,14.536536957139985,20.958179355127314,81.81818181818183,0,,,,16,11.418475884751818,19.835312093845666,75.0
COIN,60,1253,-9.5992,43.7047,-97.0085,77.8102,34,28.004032130666577,22.97937626443252,61.76470588235294,4,56.63907387577744,57.45944595903242,100.0,8,43.12789885475794,45.295771962788045,75.0,13,28.482306740150598,16.987146137819554,53.84615384615385,6,51.51792807343463,53.178309706305555,83.33333333333334,0,,,,3,69.05740219624558,82.46462102701987,100.0,33,10.063902399849711,25.951347970031417,66.66666666666666,0,,,,16,5.543721906457412,22.057177446567138,62.5
COO,10,1255,-2.0305,10.04,-22.1105,18.0494,33,6.096168780685405,6.121857136502027,100.0,7,8.994682454500412,9.327157708598365,100.0,15,7.243008076884143,7.299267967959726,100.0,8,3.876667628064526,3.736214254277826,100.0,4,7.465165968624636,6.948677783631725,100.0,0,,,,7,8.994682454500412,9.327157708598365,100.0,35,5.853756307195963,4.5594575937952895,100.0,0,,,,17,6.866953389665451,4.93032744997394,100.0
COO,20,1255,-2.0305,10.04,-22.1105,18.0494,33,6.447653251714116,7.0539061714350355,72.72727272727273,7,11.491096553788767,11.520818810654836,85.71428571428571,15,6.5089545949757435,6.902988903097793,73.33333333333333,8,2.9722407344635404,2.204457843825213,50.0,4,4.211571654145359,5.026590544763285,75.0,0,,,,7,11.491096553788767,11.520818810654836,85.71428571428571,35,5.621721679355606,4.8129016306416155,85.71428571428571,0,,,,17,6.252191518726207,7.965087758014423,82.35294117647058
COO,30,1255,-2.0305,10.04,-22.1105,18.0494,33,5.2589466585669715,7.023869597462669,72.72727272727273,7,8.971066343541654,8.85962293074395,85.71428571428571,15,5.254136564826939,8.17786405657234,73.33333333333333,8,1.0463485903607799,-2.0381344972948305,50.0,4,2.9879569066402576,3.9383752268678496,75.0,0,,,,7,8.971066343541654,8.85962293074395,85.71428571428571,35,6.423970214528328,6.410898291660705,77.14285714285715,0,,,,17,6.670823099084909,6.79340671021568,70.58823529411765
COO,60,1255,-2.0305,10.04,-22.1105,18.0494,33,5.301409318159171,3.8475730761591618,66.66666666666666,7,3.6072225342038626,-3.2920185231492267,42.857142857142854,15,6.9775379620237095,2.9213120721275674,60.0,8,-2.7823007721470385,-3.765246721559646,50.0,4,-3.7686748775103553,-4.582526880151779,50.0,0,,,,7,3.6072225342038626,-3.2920185231492267,42.857142857142854,35,7.058760563561783,8.135590758863179,74.28571428571429,0,,,,17,6.576022401936633,8.135590758863179,70.58823529411765
COP,10,1255,3.5159,10.2624,-17.0088,24.0406,36,6.692122466697644,5.670060745905591,100.0,3,9.936002145442794,8.795073658289647,100.0,14,7.6565339203288385,7.257818131621541,100.0,19,7.167641772841178,6.886023756692477,100.0,12,7.639279708783779,6.405459792231099,100.0,1,15.255506061532737,15.255506061532737,100.0,4,11.320511740458052,12.025289859911192,100.0,37,6.416193881425376,6.6477251163839775,100.0,2,5.250396497334686,5.250396497334686,100.0,10,8.601210774946091,9.46178041559585,100.0
COP,20,1255,3.5159,10.2624,-17.0088,24.0406,36,8.163504510111114,6.000805375784111,97.22222222222221,3,13.88810790931471,12.579811492854986,100.0,14,7.789277119098748,6.784875888995153,100.0,19,9.55847472951553,5.980142528904999,94.73684210526315,12,12.67218046397346,9.192323308338482,100.0,1,22.97515509354798,22.97515509354798,100.0,4,12.292494870730211,10.042733623915852,100.0,37,4.699540816801773,3.923677031670524,72.97297297297297,2,14.238772963796688,14.238772963796688,100.0,10,5.206443070340529,5.838718883137443,90.0
COP,30,1255,3.5159,10.2624,-17.0088,24.0406,36,9.838703436330679,7.6641235212615655,91.66666666666666,3,17.859837914460698,9.296541054853074,100.0,14,8.580159943675048,7.050337345919715,100.0,19,12.224710700989709,7.7298513158540585,84.21052631578947,12,16.20828464802072,8.811873297910395,91.66666666666666,1,37.953780946535744,37.953780946535744,100.0,4,13.502104443216485,7.812866398423176,100.0,37,4.481042218108295,4.494920091835425,75.67567567567568,2,12.755302195846433,12.755302195846433,100.0,10,4.153119751826488,3.5034908022583977,80.0
COP,60,1255,3.5159,10.2624,-17.0088,24.0406,36,10.29647085344953,6.075643069273333,61.111111111111114,3,23.89539264373141,12.917566654635538,100.0,14,11.256490416017764,9.410662114422845,64.28571428571429,19,12.28483529066498,8.018362484707477,63.1578947368421,12,15.093083755745377,12.744998527954243,66.66666666666666,1,47.96564953242047,47.96564953242047,100.0,4,17.599323194716725,11.860264199386876,75.0,37,4.202081422956177,5.00501631625077,70.27027027027027,2,15.929497865546509,15.929497865546509,100.0,10,1.0268132294881493,0.9861391986825682,60.0
COR,10,1255,5.1182,6.2246,-7.331,17.5673,34,5.097763199352311,5.349608332504667,100.0,4,5.42415529979992,4.94599341646043,100.0,12,5.481403233995038,6.164454159469308,100.0,27,5.01214633335511,4.576574662740965,100.0,11,5.6801831429517655,7.214705851503346,100.0,3,5.934140620278423,5.607581431174101,100.0,4,5.42415529979992,4.94599341646043,100.0,30,3.6403684459283983,3.6162669543777586,100.0,2,7.228174391096042,7.228174391096042,100.0,2,3.6159661016088602,3.6159661016088602,100.0
COR,20,1255,5.1182,6.2246,-7.331,17.5673,34,6.444153878558161,6.249751759462368,82.35294117647058,4,10.097730057239712,9.010124405754986,100.0,12,9.198786658855152,8.25096487174869,100.0,27,5.758940296626086,5.708757268914032,81.48148148148148,11,6.647718784123382,5.767100132405735,81.81818181818183,3,7.5570813395932985,5.767100132405735,100.0,4,10.097730057239712,9.010124405754986,100.0,30,3.8986749173985293,4.478030988861207,73.33333333333333,2,8.911122500717795,8.911122500717795,100.0,2,-0.2489801016099128,-0.2489801016099128,50.0
COR,30,1255,5.1182,6.2246,-7.331,17.5673,34,6.956070901801426,7.0589421350647825,85.29411764705883,4,8.621687395720448,10.089407635312488,100.0,12,7.928888501231327,8.333334873790703,100.0,27,6.46880028684061,6.8877124502890785,85.18518518518519,11,6.104692707001816,4.3685210137444095,90.9090909090909,3,7.024889914205765,6.8877124502890785,100.0,4,8.621687395720448,10.089407635312488,100.0,30,2.4230622182627757,2.3720812283633883,56.666666666666664,2,10.361082856208018,10.361082856208018,100.0,2,-3.6188543231018877,-3.6188543231018877,0.0
COR,60,1255,5.1182,6.2246,-7.331,17.5673,34,10.170753225065186,10.116450530958481,79.41176470588235,4,13.99665484672248,14.917228966431043,100.0,12,12.333463977661928,13.041977485452549,83.33333333333334,27,8.625984470854302,8.359351168506368,74.07407407407408,11,11.153961259449702,11.516050600397978,81.81818181818183,3,10.240878873092912,12.507439291288067,100.0,4,13.99665484672248,14.917228966431043,100.0,30,-0.4434622014614343,-0.20314399450756782,50.0,2,8.813390635601609,8.813390635601609,100.0,2,-13.635503049012513,-13.635503049012513,0.0
COST,10,1255,3.5328,7.0951,-10.6574,17.723,36,4.731396304664892,4.5733858169013715,100.0,3,9.803189038438079,9.306220911979434,100.0,15,5.62144698249045,5.404094875108045,100.0,25,4.8226498284819055,4.966326302554173,100.0,9,5.857383953803551,6.472794315867829,100.0,1,9.306220911979434,9.306220911979434,100.0,3,9.803189038438079,9.306220911979434,100.0,26,4.431852725539582,3.9026774728610976,100.0,1,5.477412851164997,5.477412851164997,100.0,3,4.37812451848621,4.457636237845792,100.0
COST,20,1255,3.5328,7.0951,-10.6574,17.723,36,6.045123321894091,4.816791090933327,86.11111111111111,3,14.074563883285101,14.550797819465325,100.0,15,6.725247303072311,4.815981558183708,80.0,25,6.196909841597313,4.815981558183708,88.0,9,6.613358616499222,8.274016178182716,88.88888888888889,1,16.4633144457987,16.4633144457987,100.0,3,14.074563883285101,14.550797819465325,100.0,26,5.855538873328986,5.5259689026190575,84.61538461538461,1,9.148540294421622,9.148540294421622,100.0,3,5.042011906516406,4.156786440673633,100.0
COST,30,1255,3.5328,7.0951,-10.6574,17.723,36,7.987340317231311,8.857764108362918,86.11111111111111,3,17.699657834025285,18.303208297689118,100.0,15,9.335434829223846,9.716818408333198,93.33333333333333,25,8.414256857818192,10.711832979541889,84.0,9,10.20486233476252,10.711832979541889,88.88888888888889,1,21.87379088650047,21.87379088650047,100.0,3,17.699657834025285,18.303208297689118,100.0,26,3.9247683610919397,3.942347999761771,65.38461538461539,1,9.684433582646063,9.684433582646063,100.0,3,-0.2939311857830118,-1.1569342187881737,33.33333333333333
COST,60,1255,3.5328,7.0951,-10.6574,17.723,36,9.896021041883412,10.991751039788664,77.77777777777779,3,19.447233438316687,13.921705562045492,100.0,15,9.590244544993833,9.805330761625559,80.0,25,9.41477396667549,10.620692798184786,72.0,9,16.175498576771453,13.122420134417611,88.88888888888889,1,13.921705562045492,13.921705562045492,100.0,3,19.447233438316687,13.921705562045492,100.0,26,-0.5076033454577573,0.952271830451692,53.84615384615385,1,-3.959936113187801,-3.959936113187801,0.0,3,-5.815147884614127,-9.131789084612281,33.33333333333333
CPAY,10,1255,0.4123,9.7739,-19.1355,19.96,30,8.038621107187062,7.577261617671898,100.0,5,9.573903553081433,11.027449065563726,100.0,15,8.817553893999749,9.77460690791703,100.0,7,8.374162024396913,9.382398125531862,100.0,4,6.845578326765027,6.357114817821061,100.0,0,,,,5,9.573903553081433,11.027449065563726,100.0,32,6.501368319912515,6.268225914099341,100.0,0,,,,13,7.130230303094735,6.5158722892640135,100.0
CPAY,20,1255,0.4123,9.7739,-19.1355,19.96,30,8.885919397026543,11.561676245850833,83.33333333333334,5,14.087543436851746,14.47561310558786,100.0,15,9.882652671734832,12.358707284337513,93.33333333333333,7,9.622068893699767,12.652334403229018,85.71428571428571,4,5.0241225554645315,7.65143991443245,75.0,0,,,,5,14.087543436851746,14.47561310558786,100.0,32,5.8845861461914275,6.294413441011676,71.875,0,,,,13,5.978798902693229,6.297306123236734,76.92307692307693
CPAY,30,1255,0.4123,9.7739,-19.1355,19.96,30,9.068867447814586,13.671428034610788,76.66666666666667,5,18.93386868042052,18.04878420946073,100.0,15,12.047139532382742,15.8723960551285,80.0,7,6.5306545293309615,9.135881644920659,71.42857142857143,4,11.73964745729332,15.424157286479781,75.0,0,,,,5,18.93386868042052,18.04878420946073,100.0,32,6.7135366228027875,6.300521654354676,75.0,0,,,,13,9.14861270952397,8.11115444034107,84.61538461538461
CPAY,60,1255,0.4123,9.7739,-19.1355,19.96,30,8.054099003672302,11.02225135990928,73.33333333333333,5,17.521763470531646,16.969513311618712,100.0,15,10.455644732259938,12.905109604877435,80.0,7,6.7779215215425515,2.7016603724596333,71.42857142857143,4,17.846343769585452,18.506051459839792,100.0,0,,,,5,17.521763470531646,16.969513311618712,100.0,32,5.661648016346719,9.00028958691825,68.75,0,,,,13,7.664101783420877,11.007938687763504,69.23076923076923
CPB,10,1255,-2.4809,8.7144,-19.9096,14.9478,36,4.617578785435597,4.182895183269767,100.0,3,3.9675714987561217,5.4974423644561465,100.0,10,3.867947579309972,3.5519975375384476,100.0,12,3.9552986473239025,3.6666846125706005,100.0,5,4.568680701120241,4.203320282798812,100.0,0,,,,2,3.2026360659061086,3.2026360659061086,100.0,35,4.192161067140412,4.080559184610845,100.0,0,,,,15,3.7595574452847154,2.870577441855979,100.0
CPB,20,1255,-2.4809,8.7144,-19.9096,14.9478,36,3.4999678260146463,3.213456979728712,69.44444444444444,3,4.7598304595202885,6.704209211426064,66.66666666666666,10,2.153419708261412,0.7379752134354931,50.0,12,3.9394932696050553,4.834366335470686,66.66666666666666,5,3.4688335417588236,2.5415189997396768,60.0,0,,,,2,3.787641083567401,3.787641083567401,50.0,35,3.7236458617396195,2.7619296283077306,77.14285714285715,0,,,,15,3.6763426972818984,2.7619296283077306,73.33333333333333
CPB,30,1255,-2.4809,8.7144,-19.9096,14.9478,36,3.317076290495202,3.7037806081360207,63.888888888888886,3,6.087554115523822,6.02543832375641,100.0,10,1.1168076065919241,0.41849244355056836,50.0,12,4.249682018879052,4.825710660546934,66.66666666666666,5,4.327420822698427,8.626580304604115,60.0,0,,,,2,8.206149820784912,8.206149820784912,100.0,35,3.9019798329483018,5.004862502258471,68.57142857142857,0,,,,15,4.480652224212215,5.004862502258471,73.33333333333333
CPB,60,1255,-2.4809,8.7144,-19.9096,14.9478,36,1.9274572186869108,2.5857384105739833,55.55555555555556,3,2.358009400111069,-1.4620993940075218,33.33333333333333,10,-1.6110899064795248,-2.4957099270304033,20.0,12,3.049924980218865,5.94676452589277,75.0,5,4.896288577418678,10.560416198895973,60.0,0,,,,2,4.973591291249289,4.973591291249289,50.0,35,4.292725178803099,4.031532863014271,74.28571428571429,0,,,,15,6.271643291555342,6.667614840862434,80.0
CPRT,10,1255,-0.7007,10.2069,-21.1145,19.7132,34,6.736418656243775,6.005395731205937,100.0,3,9.965586674765431,9.507270730435561,100.0,11,6.162623182433641,5.694996640517265,100.0,20,7.280120106884654,6.005395731205937,100.0,7,5.620575497519723,6.315794821894609,100.0,1,17.01424394311225,17.01424394311225,100.0,1,17.01424394311225,17.01424394311225,100.0,28,6.136919073501074,6.038251477506541,100.0,0,,,,5,7.654877137144311,7.528610912599499,100.0
CPRT,20,1255,-0.7007,10.2069,-21.1145,19.7132,34,5.868565051359103,5.550328727274596,79.41176470588235,3,6.694529945906019,7.544668058235858,66.66666666666666,11,2.7518262212031064,2.6170687591713824,54.54545454545454,20,6.731044886509904,5.819742480926379,90.0,7,3.1870787368873463,2.1116882882078145,85.71428571428571,1,16.0771706433791,16.0771706433791,100.0,1,16.0771706433791,16.0771706433791,100.0,28,6.052181277687245,6.110278626524346,82.14285714285714,0,,,,5,5.762697219318575,6.718659528027556,80.0
CPRT,30,1255,-0.7007,10.2069,-21.1145,19.7132,34,6.289151476330134,5.236370833582994,73.52941176470588,3,7.037227837939003,6.772555858846277,100.0,11,4.0311229108072775,3.3974612984563204,54.54545454545454,20,5.885238724500937,4.699397533813707,75.0,7,6.028172446848068,5.305957884159001,85.71428571428571,1,10.941666356514412,10.941666356514412,100.0,1,10.941666356514412,10.941666356514412,100.0,28,6.29452910567511,6.164718557503144,82.14285714285714,0,,,,5,3.3960059935315137,4.661926752583482,60.0
CPRT,60,1255,-0.7007,10.2069,-21.1145,19.7132,34,6.490110484396028,5.629945076943383,67.64705882352942,3,9.68549404643035,7.193387175762103,66.66666666666666,11,1.7987585835593187,-1.4780541729066798,45.45454545454545,20,6.356560398269018,5.629945076943383,70.0,7,6.134098637912323,4.635093835428899,71.42857142857143,1,7.193387175762103,7.193387175762103,100.0,1,7.193387175762103,7.193387175762103,100.0,28,4.707498131213449,5.4646443665368665,60.71428571428571,0,,,,5,0.951569428613832,-1.5379124436902494,40.0
CPT,10,1255,-1.0378,8.2165,-17.4708,15.3952,36,5.376953075513691,5.057672468362265,100.0,5,5.102168731077931,4.028997180106163,100.0,14,5.226016924283663,4.934556182782304,100.0,15,5.781958614289234,5.310811998473026,100.0,5,5.425366065690517,5.310811998473026,100.0,0,,,,6,5.634949507882712,5.530592980571729,100.0,34,4.749043549679301,3.9268601658288373,100.0,1,2.0616139488746996,2.0616139488746996,100.0,14,5.435451229879177,3.644542167998231,100.0
CPT,20,1255,-1.0378,8.2165,-17.4708,15.3952,36,5.386542811437157,6.779601333297466,83.33333333333334,5,2.871007068420442,4.298836086742634,80.0,14,5.028704395691074,6.901145457324683,78.57142857142857,15,6.327314568509598,7.85170226122133,86.66666666666667,5,8.694355797537227,11.680342704585751,80.0,0,,,,6,4.034907638602138,5.276415511656286,83.33333333333334,34,3.9860418022915716,2.7677740030302815,70.58823529411765,1,2.3464980425039488,2.3464980425039488,100.0,14,4.956965642073935,4.053752079585909,71.42857142857143
CPT,30,1255,-1.0378,8.2165,-17.4708,15.3952,36,4.893143595702879,5.861155106716174,77.77777777777779,5,5.6843877193713315,4.092869438016633,80.0,14,5.475307637532423,6.323079850001456,78.57142857142857,15,5.7353728946681315,6.622164555489945,80.0,5,6.518370024420859,5.82958688632118,100.0,0,,,,6,5.719110320661304,4.992796382563901,83.33333333333334,34,4.915076621222035,4.158856574088246,73.52941176470588,1,4.680303962182096,4.680303962182096,100.0,14,5.819672559164294,2.1941249243364913,64.28571428571429
CPT,60,1255,-1.0378,8.2165,-17.4708,15.3952,36,4.4713002742823145,6.87519549366413,69.44444444444444,5,10.360148099005398,7.767464970209861,100.0,14,4.945058760215986,7.568251158893336,64.28571428571429,15,6.958407273553595,7.402665723608888,80.0,5,8.008433635920273,7.402665723608888,100.0,0,,,,6,6.512059194250679,7.750650782193823,83.33333333333334,34,4.684997225450558,5.268293914765078,70.58823529411765,1,-0.17051339250660158,-0.17051339250660158,0.0,14,6.165007749334317,3.197093304729732,71.42857142857143
CRH,10,1255,3.8472,10.6264,-17.4055,25.1,31,7.969413824293973,7.613313397008185,100.0,6,9.772935716057322,8.760149384051541,100.0,10,9.639403302647162,8.760149384051541,100.0,18,8.03734468171016,6.757817491446829,100.0,8,8.95551517407276,9.396081193914135,100.0,1,21.114850302557386,21.114850302557386,100.0,5,10.08033893907238,9.284379167121044,100.0,30,5.569099767558681,3.6877095940691773,100.0,0,,,,2,8.925889528028572,8.925889528028572,100.0
CRH,20,1255,3.8472,10.6264,-17.4055,25.1,31,8.340206986558254,7.672242814547377,87.09677419354838,6,9.331175710536034,9.80345579438319,100.0,10,11.607817585277266,9.80345579438319,100.0,18,7.043084574513866,6.97822644316417,83.33333333333334,8,8.13274670182314,14.542708972063313,75.0,1,9.261053829616452,9.261053829616452,100.0,5,10.076266008916637,10.345857759149926,100.0,30,4.444017890663034,3.534936396120121,76.66666666666667,0,,,,2,12.451740697402869,12.451740697402869,100.0
CRH,30,1255,3.8472,10.6264,-17.4055,25.1,31,10.80646954425767,11.774984744328412,83.87096774193549,6,9.734662840200317,12.311624755928811,83.33333333333334,10,11.949777199825089,13.553634254416913,90.0,18,10.50709522398484,11.194809399463502,83.33333333333334,8,11.251949258030079,17.007928358608567,75.0,1,7.660662271652606,7.660662271652606,100.0,5,12.94620664779761,16.962587240205018,100.0,30,3.302288199104842,3.7216780543942365,60.0,0,,,,2,8.92090205048418,8.92090205048418,100.0
CRH,60,1255,3.8472,10.6264,-17.4055,25.1,31,13.98394391754498,15.79772552881217,74.19354838709677,6,7.394212050409297,7.145714641709798,66.66666666666666,10,15.611674190952053,16.150635169873727,80.0,18,15.918004862609585,17.21945212214918,83.33333333333334,8,17.271201205899473,19.19984629191583,75.0,1,10.99706800539051,10.99706800539051,100.0,5,8.214182204885338,10.99706800539051,60.0,30,1.872219021649244,2.1074828055042687,53.333333333333336,0,,,,2,13.771724884580664,13.771724884580664,100.0
CRL,10,1255,-5.3217,14.5173,-34.3562,23.7128,31,7.29658664613189,7.119827815927028,100.0,4,8.908822007846407,9.870286923182539,100.0,10,8.957104136508237,8.573969156239118,100.0,10,6.63794463756773,4.47546171597389,100.0,7,5.403780641756431,3.3491334571757347,100.0,0,,,,4,8.908822007846407,9.870286923182539,100.0,33,9.683486957438816,8.78607964798792,100.0,1,7.435170653122852,7.435170653122852,100.0,13,10.652093845718465,9.555385576695166,100.0
CRL,20,1255,-5.3217,14.5173,-34.3562,23.7128,31,8.714244659348266,7.622491613938048,70.96774193548387,4,17.361843564038317,12.2396879528076,100.0,10,13.036007463196091,12.2396879528076,90.0,10,7.186051088967221,4.568004964682572,70.0,7,7.169810385972986,-1.0273822696156512,42.857142857142854,0,,,,4,17.361843564038317,12.2396879528076,100.0,33,10.381936398540166,8.467493570250705,87.87878787878788,1,17.061037613309473,17.061037613309473,100.0,13,10.582955015430912,8.64542407068864,84.61538461538461
CRL,30,1255,-5.3217,14.5173,-34.3562,23.7128,31,6.545995757379996,3.247386978475471,64.51612903225806,4,12.70900782056626,10.58445066207088,75.0,10,9.488009519951078,4.7040802300486755,70.0,10,4.61676554886613,-0.6657020099464591,50.0,7,6.532625033969667,3.462413410170987,57.14285714285714,0,,,,4,12.70900782056626,10.58445066207088,75.0,33,10.114712641483681,10.85255364861629,81.81818181818183,1,14.61434097409371,14.61434097409371,100.0,13,12.30483384682579,12.820771376252038,76.92307692307693
CRL,60,1255,-5.3217,14.5173,-34.3562,23.7128,31,4.554572402023508,-1.600672414830201,38.70967741935484,4,13.791701304909926,-0.80995061181925,25.0,10,10.486739219673407,-0.80995061181925,40.0,10,2.76854904784261,-2.183869381271111,40.0,7,9.079352005853698,8.296418896025122,57.14285714285714,0,,,,4,13.791701304909926,-0.80995061181925,25.0,33,11.252592293348052,13.19950675728005,69.6969696969697,1,23.77939171097779,23.77939171097779,100.0,13,15.826376619150361,13.347171953240714,92.3076923076923
CRM,10,1255,-2.4216,14.2814,-30.9844,26.1411,33,7.175057918599064,5.916856283223053,100.0,3,13.618037545993957,15.394068076176449,100.0,10,8.421585956020406,5.574539145305014,100.0,14,6.440872274362812,6.837714064197023,100.0,7,5.05449269273742,5.054816359009025,100.0,0,,,,4,11.477232249247724,11.008681626022721,100.0,34,6.802546657435511,5.841796835677794,100.0,0,,,,12,7.886228763664626,9.336823270119794,100.0
CRM,20,1255,-2.4216,14.2814,-30.9844,26.1411,33,5.625173241732217,5.283556003863108,75.75757575757575,3,12.48716882355827,10.795634974161723,100.0,10,7.139382143780365,7.912672656683758,70.0,14,5.326010201963577,5.894992351463275,78.57142857142857,7,0.6781503307916225,0.5004040577783109,57.14285714285714,0,,,,4,13.8479712276907,14.363006707124857,100.0,34,7.499703152654659,8.823767848451041,79.41176470588235,0,,,,12,8.934210792003848,9.626437777104655,83.33333333333334
CRM,30,1255,-2.4216,14.2814,-30.9844,26.1411,33,7.00030467014417,6.327456324594192,69.6969696969697,3,9.334597236887602,10.668362876877328,100.0,10,8.653926623248676,9.366652229086402,70.0,14,5.599325735816647,5.716052078191369,57.14285714285714,7,4.159151743717242,-0.5200004709254787,42.857142857142854,0,,,,4,11.04246328811218,11.304299421302948,100.0,34,7.399765635209975,7.159140179941414,70.58823529411765,0,,,,12,8.836333580736076,6.456087575550116,91.66666666666666
CRM,60,1255,-2.4216,14.2814,-30.9844,26.1411,33,7.383564794481371,7.679974075147753,63.63636363636363,3,4.559666972903178,10.171891935644846,66.66666666666666,10,8.890028165391646,6.028136255282098,70.0,14,5.423547469114324,6.2413879649172905,64.28571428571429,7,11.787549639396625,4.8028018546868285,71.42857142857143,0,,,,4,8.887727522236586,16.008168228740626,75.0,34,6.845335706757547,12.352638682711053,67.64705882352942,0,,,,12,7.950348941021904,14.42663494996757,75.0
CRWD,10,1255,0.9465,18.9109,-36.8752,38.7683,32,13.72446313961558,12.747981644520841,100.0,6,17.641741799394854,13.975221886844139,100.0,10,15.832920101621884,12.768174588438299,100.0,18,13.04570479226736,12.74684427679487,100.0,5,11.382006353701827,9.754449256215052,100.0,0,,,,6,17.641741799394854,13.975221886844139,100.0,33,8.167961095929455,6.821802281700496,100.0,0,,,,6,9.547979561270592,8.915613377708683,100.0
CRWD,20,1255,0.9465,18.9109,-36.8752,38.7683,32,13.976505949414396,13.171568532841016,78.125,6,17.466775532025995,20.914736876938886,83.33333333333334,10,13.184972927300759,14.376976329720598,70.0,18,14.753910740320205,12.894308337926608,83.33333333333334,5,9.717056109140191,5.018455201426301,60.0,0,,,,6,17.466775532025995,20.914736876938886,83.33333333333334,33,7.634475004660013,4.326105624790816,63.63636363636363,0,,,,6,9.020917956122043,4.72535398105412,50.0
CRWD,30,1255,0.9465,18.9109,-36.8752,38.7683,32,13.863387218510672,15.036632536435171,81.25,6,18.366343630458317,20.803926919564,83.33333333333334,10,13.636681006648724,16.609802366071314,70.0,18,13.116209169037292,11.627835709714033,88.88888888888889,5,6.599890132078937,9.21666658748624,60.0,0,,,,6,18.366343630458317,20.803926919564,83.33333333333334,33,4.9172942079239865,-0.07353681377127028,48.484848484848484,0,,,,6,9.194311130615178,6.41381091841752,50.0
CRWD,60,1255,0.9465,18.9109,-36.8752,38.7683,32,17.95373426144699,16.191169123898547,68.75,6,26.281274529876153,35.127699490075145,83.33333333333334,10,17.940131729493736,24.365611710869793,70.0,18,15.137073035931317,14.889917895878241,66.66666666666666,5,19.432842037750294,25.58023777450595,60.0,0,,,,6,26.281274529876153,35.127699490075145,83.33333333333334,33,3.935941128977765,4.121948447320665,54.54545454545454,0,,,,6,8.516581976961138,13.16445685660865,66.66666666666666
CSCO,10,1255,1.7791,7.8669,-13.9547,17.5128,32,4.132886874815142,3.967384239859533,100.0,2,6.6972118143168196,6.6972118143168196,100.0,11,4.596232479689224,4.402512330779546,100.0,23,3.6721946205948113,3.3941768247127886,100.0,9,4.054472709026414,4.402512330779546,100.0,0,,,,2,6.6972118143168196,6.6972118143168196,100.0,34,3.6145924314271576,3.045963025022316,100.0,0,,,,1,0.26197873034244795,0.26197873034244795,100.0
CSCO,20,1255,1.7791,7.8669,-13.9547,17.5128,32,4.95958940872641,5.107400728444653,81.25,2,5.528598957947743,5.528598957947743,100.0,11,5.9604661872553315,5.192632179154749,90.9090909090909,23,4.609209494996941,5.192632179154749,78.26086956521739,9,6.166685139095418,5.827605996928125,88.88888888888889,0,,,,2,5.528598957947743,5.528598957947743,100.0,34,4.076264884927392,4.113154427152445,85.29411764705883,0,,,,1,-6.14431044329179,-6.14431044329179,0.0
CSCO,30,1255,1.7791,7.8669,-13.9547,17.5128,32,6.565630216135762,6.626959826042887,87.5,2,6.471887626017162,6.471887626017162,100.0,11,8.22178076660899,6.5808840003133335,90.9090909090909,23,5.251133495330461,6.5808840003133335,82.6086956521739,9,7.913575124920736,6.5808840003133335,88.88888888888889,0,,,,2,6.471887626017162,6.471887626017162,100.0,34,2.0756012168274425,3.0053876197681175,64.70588235294117,0,,,,1,-5.715655339282706,-5.715655339282706,0.0
CSCO,60,1255,1.7791,7.8669,-13.9547,17.5128,32,7.916986959915304,7.950722391019216,78.125,2,5.8179472351980435,5.8179472351980435,50.0,11,6.272191293438341,3.521257197155103,63.63636363636363,23,7.204864141879421,6.96415929577722,82.6086956521739,9,7.472454830871158,3.521257197155103,88.88888888888889,0,,,,2,5.8179472351980435,5.8179472351980435,50.0,34,0.768960579307918,2.433792016229803,55.88235294117647,0,,,,1,-13.455596088824162,-13.455596088824162,0.0
CSGP,10,1255,-3.9748,13.8682,-31.7112,23.7616,38,6.5756290260554655,5.572372281538589,100.0,2,16.82627499394728,16.82627499394728,100.0,7,8.925986485016342,6.1075610174797985,100.0,12,3.692028282419768,3.9337790610106174,100.0,11,5.403637660718385,5.27735073869842,100.0,0,,,,2,16.82627499394728,16.82627499394728,100.0,36,6.755690204555621,6.32773047381817,100.0,0,,,,16,6.674269073524938,5.209000986643897,100.0
CSGP,20,1255,-3.9748,13.8682,-31.7112,23.7616,38,5.199852908532086,3.3488845557495797,73.68421052631578,2,7.0508909429982225,7.0508909429982225,50.0,7,2.846243686866504,-0.3772365102151083,42.857142857142854,12,1.6123602524738374,0.19076746168439657,50.0,11,4.917278187208631,3.4923596437462097,81.81818181818183,0,,,,2,7.0508909429982225,7.0508909429982225,50.0,36,6.559263257569161,7.107260034483366,83.33333333333334,0,,,,16,5.611303038238589,4.541988898121673,81.25
CSGP,30,1255,-3.9748,13.8682,-31.7112,23.7616,38,5.498032173275445,4.045568459717835,71.05263157894737,2,1.4581934157309036,1.4581934157309036,50.0,7,0.983325756517112,2.564103161250033,57.14285714285714,12,-0.032745463800053644,-0.6970613073509219,41.66666666666667,11,7.514125433059763,6.063516883220966,81.81818181818183,0,,,,2,1.4581934157309036,1.4581934157309036,50.0,36,7.481096067759751,8.10107691205117,75.0,0,,,,16,7.375446233651778,6.648533826256452,62.5
CSGP,60,1255,-3.9748,13.8682,-31.7112,23.7616,38,4.9675617547804665,4.756099126089703,63.1578947368421,2,-9.343470025774213,-9.343470025774213,50.0,7,-5.808340756634357,-4.816162539719043,42.857142857142854,12,-0.2700844863204936,-5.593836122875719,41.66666666666667,11,3.889573404544491,8.911873071814636,72.72727272727273,0,,,,2,-9.343470025774213,-9.343470025774213,50.0,36,6.774379769124374,6.073003134960098,69.44444444444444,0,,,,16,6.317152616765352,5.630502053854924,75.0
CSX,10,1255,0.8037,7.6914,-14.5791,16.1865,35,4.2575187645507295,3.8092192435892147,100.0,4,6.774506187233341,5.929704351218142,100.0,14,5.019961561556591,4.687369881531209,100.0,17,3.8666293299401153,3.475854595299969,100.0,12,3.478748986803049,2.6963265764346187,100.0,0,,,,4,6.774506187233341,5.929704351218142,100.0,32,4.958539870515578,3.817989090194141,100.0,0,,,,2,5.924767646071142,5.924767646071142,100.0
CSX,20,1255,0.8037,7.6914,-14.5791,16.1865,35,5.3880785915165985,4.887009599706011,82.85714285714286,4,9.02688449919469,9.69194392289096,75.0,14,6.675243911775105,5.7755069108853725,85.71428571428571,17,5.2717712718703105,5.256508653187517,82.35294117647058,12,4.334746259148404,3.1521551653573976,91.66666666666666,0,,,,4,9.02688449919469,9.69194392289096,75.0,32,5.278739794658829,4.7897375355921845,84.375,0,,,,2,7.93401507613487,7.93401507613487,100.0
CSX,30,1255,0.8037,7.6914,-14.5791,16.1865,35,6.489260638684524,6.171685316390455,80.0,4,12.699621259746698,17.322463973931686,75.0,14,7.972090645409176,6.470950817984921,78.57142857142857,17,6.1558962219173665,6.678268175144854,76.47058823529412,12,4.688434090012321,3.8960929949617924,75.0,0,,,,4,12.699621259746698,17.322463973931686,75.0,32,5.921729815349174,6.168212743265221,78.125,0,,,,2,8.208703890724797,8.208703890724797,100.0
CSX,60,1255,0.8037,7.6914,-14.5791,16.1865,35,5.561648904374934,3.5262320113003733,71.42857142857143,4,12.92978461096462,16.043914555446744,75.0,14,9.216390966661661,10.017148129114236,78.57142857142857,17,2.434114491749653,0.17126757722056402,52.94117647058824,12,3.747634459635935,2.37925479563934,66.66666666666666,0,,,,4,12.92978461096462,16.043914555446744,75.0,32,5.486214096748088,5.783055923934117,75.0,0,,,,2,0.9253597814308264,0.9253597814308264,50.0
CTAS,10,1255,3.1073,6.9746,-10.8419,17.0564,31,5.556813710219701,4.694767513626438,100.0,6,5.445929875684887,5.440264280375379,100.0,12,6.001475894628274,6.882448341574107,100.0,22,5.591402109624422,4.679612719590654,100.0,6,5.8175946942496894,4.913137806703122,100.0,3,6.596069864842779,8.063913111415989,100.0,5,6.426421476277547,8.063913111415989,100.0,32,3.7832620177615874,2.966002718952515,100.0,0,,,,3,3.9401070238894556,2.7553526602866456,100.0
CTAS,20,1255,3.1073,6.9746,-10.8419,17.0564,31,5.910048681021227,5.627826013160516,90.32258064516128,6,6.022576069903366,7.475857311792968,83.33333333333334,12,5.8257531045154165,5.520746187994252,83.33333333333334,22,6.822091232477868,6.845658156911343,95.45454545454545,6,5.1916292131612565,4.556922389006629,83.33333333333334,3,10.88690221692884,11.0494786114075,100.0,5,6.293847036133874,10.285493384835117,80.0,32,3.4940838461775403,2.7328260115693204,65.625,0,,,,3,2.29606767301564,-0.037333195835782235,33.33333333333333
CTAS,30,1255,3.1073,6.9746,-10.8419,17.0564,31,7.446875933616672,6.925043355761558,87.09677419354838,6,10.866387222286336,8.625918306389886,100.0,12,9.121411670834572,7.511716672171392,83.33333333333334,22,7.663712924180376,7.851238693009765,86.36363636363636,6,6.391231865429052,6.748568496879471,66.66666666666666,3,17.42971660237561,18.47709721034226,100.0,5,12.150339118939469,12.101959908974424,100.0,32,2.2716503074477647,-0.04067097661680123,50.0,0,,,,3,2.162065574768199,-1.1042201847724735,33.33333333333333
CTAS,60,1255,3.1073,6.9746,-10.8419,17.0564,31,9.927725651569837,13.420025351509002,77.41935483870968,6,11.152776229509504,11.750793847863665,83.33333333333334,12,9.399787017526203,11.750793847863665,75.0,22,9.764987550444856,13.36313078652974,77.27272727272727,6,10.014332095128749,11.59252668710808,83.33333333333334,3,9.84228467205551,14.374365019942545,66.66666666666666,5,11.557886940254445,14.374365019942545,80.0,32,1.0189044449956954,-0.6060195648926352,46.875,0,,,,3,2.0428640071056123,6.37404225028088,66.66666666666666
CTRA,10,1255,3.2405,9.9366,-16.6327,23.1136,39,8.026170029036576,6.308876040416914,100.0,4,8.602198174618422,7.829570112600232,100.0,17,7.590598011382002,6.308876040416914,100.0,21,8.172471858531859,5.5642985664444495,100.0,12,8.311388524092072,7.747370660282173,100.0,2,10.883225293155105,10.883225293155105,100.0,5,7.889717665403607,6.333466071746565,100.0,40,6.26537363039504,4.8962482786381205,100.0,5,8.47332855033046,4.408281039314279,100.0,11,4.579256939531588,4.178377801810535,100.0
CTRA,20,1255,3.2405,9.9366,-16.6327,23.1136,39,7.408546963505548,5.730287650750595,84.61538461538461,4,9.988803054446059,8.286875162561781,100.0,17,7.475789771505896,7.371958791649067,88.23529411764706,21,7.2123640324818625,4.212844126556731,80.95238095238095,12,6.9578894886947795,6.169245476116766,83.33333333333334,2,15.216369590060246,15.216369590060246,100.0,5,9.591397246247052,8.001774013451014,100.0,40,5.252229202144709,4.7913243252659505,77.5,5,5.502270878565929,2.9192890878094757,80.0,11,3.393382565440873,4.4058211413440596,72.72727272727273
CTRA,30,1255,3.2405,9.9366,-16.6327,23.1136,39,8.94123759511383,7.306910773133632,84.61538461538461,4,11.038974155044535,11.957852097011001,75.0,17,8.653808297885574,8.128118384963345,88.23529411764706,21,9.33450983255791,7.306910773133632,80.95238095238095,12,8.558840033020212,7.332034481290393,75.0,2,18.472409720632665,18.472409720632665,100.0,5,9.626934102400963,7.367510046642511,80.0,40,3.130630319426905,3.3335523169624155,72.5,5,9.245610257399772,9.513630974895836,80.0,11,0.5723675818336255,0.22065243791675426,54.54545454545454
CTRA,60,1255,3.2405,9.9366,-16.6327,23.1136,39,11.567139729215278,8.710028520091335,76.92307692307693,4,3.8054531285430837,4.659245752189473,75.0,17,7.2704454709378865,6.825779989446951,82.35294117647058,21,10.57674368739174,4.891716536442281,66.66666666666666,12,13.501778861136726,7.589791277763055,75.0,2,2.9516605048966955,2.9516605048966955,50.0,5,5.893081316206337,6.003618218134118,80.0,40,0.554398580179625,5.271977862461924,57.49999999999999,5,9.095784269186254,8.710311737630843,100.0,11,-4.220264517357389,-6.167135169560199,18.181818181818183
CTSH,10,1255,-0.3351,9.4764,-19.2879,18.6176,36,6.093220339208024,5.589115942716049,100.0,5,7.212932116941798,6.860245886413346,100.0,11,6.910437951799691,5.602058673936275,100.0,18,5.743095504405331,5.4574971498943725,100.0,7,6.084806181913955,6.860245886413346,100.0,1,7.146934415832303,7.146934415832303,100.0,5,7.212932116941798,6.860245886413346,100.0,35,4.421929827114845,3.8210890931983608,100.0,0,,,,7,5.701302389002156,6.544830821052148,100.0
CTSH,20,1255,-0.3351,9.4764,-19.2879,18.6176,36,6.696650305626133,7.175513242293266,83.33333333333334,5,7.492315906048082,6.60874538060034,60.0,11,6.545184954325833,6.60874538060034,63.63636363636363,18,6.687921430165989,6.987692076520604,88.88888888888889,7,8.147121543854377,9.208054593316959,71.42857142857143,1,-5.960550015579911,-5.960550015579911,0.0,5,7.492315906048082,6.60874538060034,60.0,35,3.9245199907688977,4.105695637870701,80.0,0,,,,7,5.627366488776262,5.775856180552369,71.42857142857143
CTSH,30,1255,-0.3351,9.4764,-19.2879,18.6176,36,7.006987770807767,6.927030260576998,75.0,5,6.5270703848246985,4.396078389109608,80.0,11,9.429869390685232,6.262676334931622,72.72727272727273,18,4.773571410841467,6.382372387557399,66.66666666666666,7,8.465022143525607,8.520365551126465,71.42857142857143,1,-2.7586895314494018,-2.7586895314494018,0.0,5,6.5270703848246985,4.396078389109608,80.0,35,3.067983182705832,3.2700450096324247,65.71428571428571,0,,,,7,5.990121986354394,8.103620624035733,71.42857142857143
CTSH,60,1255,-0.3351,9.4764,-19.2879,18.6176,36,5.800905378098765,6.786068899909312,63.888888888888886,5,8.240271126618115,-0.3716299513834764,40.0,11,11.53242455263365,9.047729824745335,72.72727272727273,18,0.8781236896501059,0.7647064182061,50.0,7,11.97112908996188,12.400229998154309,85.71428571428571,1,-0.3716299513834764,-0.3716299513834764,0.0,5,8.240271126618115,-0.3716299513834764,40.0,35,3.973793436675822,1.5639373288842116,60.0,0,,,,7,5.9123131078898865,9.66183053147454,57.14285714285714
CTVA,10,1255,2.8268,7.9199,-13.013,18.6665,38,6.03245956761997,4.990806973748835,100.0,5,3.44171980932303,1.294186814196087,100.0,15,6.57384118004557,6.535960371752402,100.0,20,6.380010208265319,4.316617136673845,100.0,13,4.8146683272082305,3.534267389139062,100.0,1,0.7157950562451383,0.7157950562451383,100.0,5,3.44171980932303,1.294186814196087,100.0,33,4.801443974314657,3.9080133311201024,100.0,1,0.25088866533197424,0.25088866533197424,100.0,9,4.367128666229366,3.7001736429396934,100.0
CTVA,20,1255,2.8268,7.9199,-13.013,18.6665,38,7.408745632466986,6.895213180420515,84.21052631578947,5,6.130017603065949,5.5375982972317415,100.0,15,8.158515803613543,7.870597203909051,93.33333333333333,20,7.080469665386522,6.557042407804108,75.0,13,6.6825808370486515,6.723854997991982,92.3076923076923,1,2.814374174028047,2.814374174028047,100.0,5,6.130017603065949,5.5375982972317415,100.0,33,4.903699594627112,4.792154224881691,81.81818181818183,1,4.1645933029653,4.1645933029653,100.0,9,4.859766621398368,6.025472069222161,77.77777777777779
CTVA,30,1255,2.8268,7.9199,-13.013,18.6665,38,7.365021178724865,6.937776578059191,89.47368421052632,5,7.021220138847163,8.150317398359329,100.0,15,9.535790040022968,8.567404124881554,93.33333333333333,20,7.713988039569385,6.532913622309529,85.0,13,8.313971848216458,8.150317398359329,92.3076923076923,1,8.150317398359329,8.150317398359329,100.0,5,7.021220138847163,8.150317398359329,100.0,33,4.704721469074948,5.549801073294428,75.75757575757575,1,11.222603121616432,11.222603121616432,100.0,9,4.502496016741372,5.042634279977602,77.77777777777779
CTVA,60,1255,2.8268,7.9199,-13.013,18.6665,38,10.608728540237568,11.622184948259472,76.31578947368422,5,12.872845137788286,13.170772234349126,80.0,15,13.279450679353722,15.95916404156356,80.0,20,11.004051233815204,10.797347560937588,80.0,13,10.591682160454983,10.005533555968572,76.92307692307693,1,10.005533555968572,10.005533555968572,100.0,5,12.872845137788286,13.170772234349126,80.0,33,1.4093993502644055,4.981443552831042,60.60606060606061,1,10.403196464017277,10.403196464017277,100.0,9,0.44939702037552426,8.780526652898294,55.55555555555556
CVNA,10,1255,-24.765,95.4345,-215.634,166.1039,26,21.178192325764787,15.088515707690448,100.0,4,26.36664459575441,23.574331698508107,100.0,4,26.36664459575441,23.574331698508107,100.0,12,17.535883164056656,13.353083367938993,100.0,4,20.155593658574887,20.6110459279879,100.0,0,,,,4,26.36664459575441,23.574331698508107,100.0,29,14.243747848592939,10.91598466245427,100.0,0,,,,10,20.136256655154504,17.41796819316265,100.0
CVNA,20,1255,-24.765,95.4345,-215.634,166.1039,26,33.693463015360294,27.710272060250965,88.46153846153845,4,58.594202167859265,44.937391447333596,75.0,4,58.594202167859265,44.937391447333596,75.0,12,27.902141374316404,27.710272060250965,100.0,4,15.82719197027543,24.453436943907924,75.0,0,,,,4,58.594202167859265,44.937391447333596,75.0,29,9.696396270075473,10.48531677779883,68.96551724137932,0,,,,10,19.749503943782607,24.632122392804057,80.0
CVNA,30,1255,-24.765,95.4345,-215.634,166.1039,26,48.84231509211607,32.53956941573422,80.76923076923077,4,107.22235815446902,88.86468096329473,100.0,4,107.22235815446902,88.86468096329473,100.0,12,25.709456708087686,15.789471925811881,91.66666666666666,4,44.01854445315615,50.9562437521068,75.0,0,,,,4,107.22235815446902,88.86468096329473,100.0,29,2.9829120633265624,7.278884444389172,51.724137931034484,0,,,,10,9.443000777077293,5.116366241654217,50.0
CVNA,60,1255,-24.765,95.4345,-215.634,166.1039,26,61.752982250792236,45.48358683325863,69.23076923076923,4,80.57936077380123,97.60453637622217,75.0,4,80.57936077380123,97.60453637622217,75.0,12,34.41396484112891,24.939798958063026,75.0,4,38.960812596549005,52.65009214112883,75.0,0,,,,4,80.57936077380123,97.60453637622217,75.0,29,-7.752933845188102,-5.574829984843699,44.827586206896555,0,,,,10,8.449982050167694,25.889765165913147,60.0
CVS,10,1255,-0.5288,10.5981,-21.7251,20.6674,35,5.918167831419183,4.607544384432282,100.0,5,5.934942389718389,4.659654760656071,100.0,11,5.1434787214540085,4.659654760656071,100.0,18,6.387056300099832,5.232562469755381,100.0,9,4.362777482586822,3.8399910401644934,100.0,0,,,,5,5.934942389718389,4.659654760656071,100.0,36,5.452937831726564,4.921302364012213,100.0,1,5.101759935462676,5.101759935462676,100.0,9,4.724261079349017,4.829199468023207,100.0
CVS,20,1255,-0.5288,10.5981,-21.7251,20.6674,35,6.849462701860181,6.83999750158433,85.71428571428571,5,9.175418843735926,10.98160078743339,80.0,11,7.1378185352401,7.096746144831336,81.81818181818183,18,6.700879999488739,6.665164941176428,88.88888888888889,9,6.472021779467853,6.83999750158433,88.88888888888889,0,,,,5,9.175418843735926,10.98160078743339,80.0,36,5.546088967380333,5.643550297518096,80.55555555555556,1,2.323339174542066,2.323339174542066,100.0,9,5.0380377747108165,6.733573133097631,77.77777777777779
CVS,30,1255,-0.5288,10.5981,-21.7251,20.6674,35,5.980704011009403,4.218888025836336,71.42857142857143,5,10.013394027708904,8.539988046378095,80.0,11,7.512786021278128,8.193669683925275,81.81818181818183,18,5.260717813684566,3.256845927451865,61.111111111111114,9,6.661603403232807,4.799993928316598,66.66666666666666,0,,,,5,10.013394027708904,8.539988046378095,80.0,36,5.433062659503232,5.861811431047727,72.22222222222221,1,13.307465660656057,13.307465660656057,100.0,9,4.7057143891629,5.107725686187134,66.66666666666666
CVS,60,1255,-0.5288,10.5981,-21.7251,20.6674,35,8.36559642081725,6.469938771362823,77.14285714285715,5,16.457510325481667,8.879066540809031,80.0,11,9.19630838816326,6.469938771362823,81.81818181818183,18,3.997424542177501,4.287730603606735,66.66666666666666,9,8.754462322384672,8.202987863094616,77.77777777777779,0,,,,5,16.457510325481667,8.879066540809031,80.0,36,5.794639851807836,7.767990938272462,69.44444444444444,1,3.633361995772525,3.633361995772525,100.0,9,2.5351742808760522,8.137395867276927,66.66666666666666
CVX,10,1255,3.2524,8.7263,-14.2003,20.705,34,5.1811309736211735,4.287817480201898,100.0,2,5.976632525852344,5.976632525852344,100.0,14,5.288270237657893,4.287817480201898,100.0,20,5.39609566474053,4.378912175244961,100.0,10,4.2290574473068565,3.5211803158442017,100.0,0,,,,3,6.351939370505953,7.10255305981317,100.0,34,5.177047649744401,3.7831664808841685,100.0,2,4.5309736285278825,4.5309736285278825,100.0,3,4.649492017381242,4.574116270137234,100.0
CVX,20,1255,3.2524,8.7263,-14.2003,20.705,34,7.591482542926163,6.676153783315972,91.17647058823529,2,11.120131694515294,11.120131694515294,100.0,14,8.271218922525732,7.727076725442098,92.85714285714286,20,6.5735413657147514,4.878482978140885,85.0,10,6.612748930447102,4.465482543746644,90.0,0,,,,3,11.478896052282037,12.196424767815518,100.0,34,3.8513393657657815,2.3676797425457226,67.64705882352942,2,0.5368259922570985,0.5368259922570985,100.0,3,-0.7942842933541382,-0.6806714801091461,33.33333333333333
CVX,30,1255,3.2524,8.7263,-14.2003,20.705,34,8.33825507131361,7.550796158945186,85.29411764705883,2,13.910478240751507,13.910478240751507,100.0,14,10.375023810354831,8.22935215265132,92.85714285714286,20,6.729392282281431,7.081569475487808,75.0,10,8.940153794105871,6.738475154816747,100.0,0,,,,3,12.533907005906004,9.780764536215,100.0,34,3.6171922642148395,4.189219647370332,61.76470588235294,2,3.288790432872953,3.288790432872953,50.0,3,-2.0384314426300065,-2.6177944423175887,0.0
CVX,60,1255,3.2524,8.7263,-14.2003,20.705,34,9.574859809843826,7.480604963948457,76.47058823529412,2,16.683871396926886,16.683871396926886,100.0,14,11.644772672448658,11.933160330491706,92.85714285714286,20,7.199958768678718,2.9250050003979178,60.0,10,9.964866306287206,6.986624564503355,80.0,0,,,,3,12.81225916584667,14.577030579864362,100.0,34,1.7325564043419757,4.8977531643626975,55.88235294117647,2,7.43590566340486,7.43590566340486,50.0,3,-0.9601399157499545,-4.681308658963926,33.33333333333333
D,10,1255,-0.338,7.9445,-16.227,15.551,34,5.92510719724884,5.069581409734851,100.0,4,7.276302962369092,5.3261245504333825,100.0,10,7.181146502526526,7.254021200315414,100.0,16,4.852169879844627,4.265849511620942,100.0,4,6.155956796706305,6.216586235389819,100.0,0,,,,5,8.057733845838229,7.1177919721744605,100.0,36,4.511213836589111,3.154137508040325,100.0,0,,,,11,4.846955915753213,2.334147940738016,100.0
D,20,1255,-0.338,7.9445,-16.227,15.551,34,5.336636504439348,5.801814931373551,82.35294117647058,4,6.282729386505118,5.650636821422473,75.0,10,5.0903235676989125,5.801814931373551,80.0,16,5.401996614964213,5.447035988320405,87.5,4,7.318338381935972,6.8949986444618006,100.0,0,,,,5,7.128823897603357,6.672383716216046,80.0,36,4.805960441223708,4.151498142419847,80.55555555555556,0,,,,11,5.533555135138775,4.010853976010598,81.81818181818183
D,30,1255,-0.338,7.9445,-16.227,15.551,34,5.571979720100893,6.531869524683221,73.52941176470588,4,8.0135819070336,7.889767538528865,75.0,10,5.5766956233547305,7.6937654521897,70.0,16,4.817961218107358,4.488396177369164,75.0,4,11.141593847447076,13.241094331809144,100.0,0,,,,5,8.04625287093039,8.17693672651755,80.0,36,5.168519734628697,4.874173217098435,75.0,0,,,,11,6.163866144624179,4.65088521933092,81.81818181818183
D,60,1255,-0.338,7.9445,-16.227,15.551,34,6.056485663128322,6.109792987880702,79.41176470588235,4,3.7388454555463664,1.6200194260866045,50.0,10,4.3742162498683586,1.6467871406472885,60.0,16,6.229936224314547,6.109792987880702,87.5,4,9.211072189968892,9.019022186791087,100.0,0,,,,5,3.6291047081484806,3.1901417185569367,60.0,36,3.5215005880453925,1.5987953540508846,58.333333333333336,0,,,,11,2.2142185322005346,0.5942140401498079,54.54545454545454
DAL,10,1255,0.8225,14.5233,-28.224,29.8691,27,8.846535459640362,7.349346596317551,100.0,5,11.062848301256492,11.125618526076696,100.0,10,9.115806898957954,7.598743434289228,100.0,8,7.2087868193050655,6.213383212686946,100.0,6,9.600246302442793,9.329823878168241,100.0,1,5.077419829056342,5.077419829056342,100.0,5,11.062848301256492,11.125618526076696,100.0,32,7.691349761364494,7.170436876981716,100.0,0,,,,4,7.643431322693648,5.864127942196299,100.0
DAL,20,1255,0.8225,14.5233,-28.224,29.8691,27,9.802660192658887,11.698470469496188,81.48148148148148,5,14.68541617673912,16.933106377676904,80.0,10,12.093939396312887,14.714363611575813,80.0,8,3.8543728453990815,0.40801932988738887,50.0,6,10.410329340990657,12.470991241584155,66.66666666666666,1,-10.38251659197304,-10.38251659197304,0.0,5,14.68541617673912,16.933106377676904,80.0,32,7.629686705794279,7.596332300677555,84.375,0,,,,4,4.541344309727843,8.161570641399214,75.0
DAL,30,1255,0.8225,14.5233,-28.224,29.8691,27,11.172088732089852,13.303070338925597,77.77777777777779,5,24.760120314485913,32.169649438274526,80.0,10,20.17010595060156,21.384501041852438,90.0,8,2.605803100349018,1.3949168852170812,50.0,6,14.39001323686494,16.772560303313924,66.66666666666666,1,-5.327868852459016,-5.327868852459016,0.0,5,24.760120314485913,32.169649438274526,80.0,32,6.589720491891597,6.722776299012363,68.75,0,,,,4,-1.435120978045039,-3.3788974508303484,25.0
DAL,60,1255,0.8225,14.5233,-28.224,29.8691,27,15.501097365117102,18.54301228030749,70.37037037037037,5,23.16282184250507,31.092984501774556,80.0,10,25.33787516370612,25.07525393313849,90.0,8,4.708876891088629,6.946163725111328,50.0,6,21.580290769420454,27.61297835721754,83.33333333333334,1,16.918537113933933,16.918537113933933,100.0,5,23.16282184250507,31.092984501774556,80.0,32,5.150779550760342,5.456878911915283,62.5,0,,,,4,-5.46689467401224,-2.6362198790585154,25.0
DASH,10,1255,-3.9296,25.6573,-55.2441,47.385,27,13.351607481348614,11.874505253970113,100.0,6,20.090421339225387,15.304620509190967,100.0,9,20.662194502615108,15.536135173318133,100.0,14,9.869234310395878,9.350923651193867,100.0,5,11.9907650015472,7.897884189624098,100.0,0,,,,6,20.090421339225387,15.304620509190967,100.0,29,9.460641939569568,7.160932809842525,100.0,0,,,,7,15.517132043466276,16.272303354468644,100.0
DASH,20,1255,-3.9296,25.6573,-55.2441,47.385,27,13.996231465547828,15.686647305328073,74.07407407407408,6,23.94315633058027,23.48406788906432,83.33333333333334,9,20.22638070924813,22.884543595787942,77.77777777777779,14,9.66064569518451,9.173356489781188,71.42857142857143,5,20.927332984269405,25.88869164397084,80.0,0,,,,6,23.94315633058027,23.48406788906432,83.33333333333334,29,9.445090895698984,8.908072253879602,75.86206896551724,0,,,,7,17.10065902675796,11.596920074905707,100.0
DASH,30,1255,-3.9296,25.6573,-55.2441,47.385,27,14.47007720232926,22.186123743230674,77.77777777777779,6,20.700235452173015,22.85885091100889,100.0,9,17.639193939315973,22.33641120632317,88.88888888888889,14,12.398428155519843,11.63364748622573,71.42857142857143,5,18.903273592118346,23.915168017818257,80.0,0,,,,6,20.700235452173015,22.85885091100889,100.0,29,11.197788959879592,9.386919180452178,72.41379310344827,0,,,,7,20.334645023536662,21.725062332111243,100.0
DASH,60,1255,-3.9296,25.6573,-55.2441,47.385,27,15.596102607276087,20.297254029329228,70.37037037037037,6,6.8882396829267725,3.973963090746341,66.66666666666666,9,2.7886802942572952,1.6272708899594466,55.55555555555556,14,19.526138066160883,24.45538874892,78.57142857142857,5,19.32978547267369,46.35940039955656,60.0,0,,,,6,6.8882396829267725,3.973963090746341,66.66666666666666,29,6.880484221496369,6.1330660600463975,58.620689655172406,0,,,,7,19.022871125372443,17.889607179466736,100.0
DD,10,1255,1.6798,10.74,-19.8003,23.1599,38,6.176550582198234,5.674801031345622,100.0,3,11.313075132855616,13.04121744997922,100.0,11,7.808320061301242,6.00594974690128,100.0,23,5.105745299457421,4.74031621679922,100.0,11,5.2951243403579245,5.447034625937219,100.0,0,,,,3,11.313075132855616,13.04121744997922,100.0,35,5.1291187675965375,4.091318189046092,100.0,0,,,,8,7.107394788296279,5.335411009280557,100.0
DD,20,1255,1.6798,10.74,-19.8003,23.1599,38,6.482279914115554,7.786431124336106,86.8421052631579,3,11.645737274065695,16.895097292405215,100.0,11,9.447830597212079,8.126509619891245,100.0,23,5.858344428117097,5.869474318151247,82.6086956521739,11,5.969069160982036,5.3293846911822875,81.81818181818183,0,,,,3,11.645737274065695,16.895097292405215,100.0,35,4.458752024757692,3.918675407886843,77.14285714285715,0,,,,8,5.165645974956169,4.026230868711531,75.0
DD,30,1255,1.6798,10.74,-19.8003,23.1599,38,8.0539479981812,8.156822092390103,76.31578947368422,3,9.518452020269267,13.905987799376915,66.66666666666666,11,12.228441889765746,12.627244112921796,90.9090909090909,23,7.161436676152233,2.709114927950376,69.56521739130434,11,5.093399978884159,2.709114927950376,72.72727272727273,0,,,,3,9.518452020269267,13.905987799376915,66.66666666666666,35,4.971378781129419,4.589818696686453,68.57142857142857,0,,,,8,9.155812487936918,5.267207837064532,87.5
DD,60,1255,1.6798,10.74,-19.8003,23.1599,38,7.919276899235716,5.319612982741745,68.42105263157895,3,8.430534999192188,-1.5659851484652525,33.33333333333333,11,10.568759191738364,16.77295288065319,63.63636363636363,23,7.947793942172719,5.327765808071235,69.56521739130434,11,5.035852283933769,1.7637683341477226,72.72727272727273,0,,,,3,8.430534999192188,-1.5659851484652525,33.33333333333333,35,2.5489761489146154,0.5406865008371877,51.42857142857142,0,,,,8,-0.459884206530921,0.7418183986972224,50.0
DDOG,10,1255,-1.8827,18.4786,-38.8399,35.0744,32,12.725192870799223,10.83254138776746,100.0,5,16.19724657784169,12.035102932129943,100.0,12,18.350412641806194,17.134058257305952,100.0,19,9.533571669252646,7.052243846273957,100.0,9,14.018832085994031,8.834519724529976,100.0,0,,,,5,15.069799174061107,12.035102932129943,100.0,37,10.706901236256689,9.49410119229824,100.0,0,,,,10,12.85497764950465,12.150414744678647,100.0
DDOG,20,1255,-1.8827,18.4786,-38.8399,35.0744,32,12.720047064257118,11.4484861479113,81.25,5,17.077128452762203,17.235754965997135,100.0,12,15.463386033726337,15.493085426716808,83.33333333333334,19,10.047541598868593,11.433838087473697,78.94736842105263,9,12.14565696582195,11.433838087473697,66.66666666666666,0,,,,5,10.935642863214259,11.037935464756131,80.0,37,11.847043387851954,12.437874898980205,89.1891891891892,0,,,,10,10.870747359839758,11.214809848555507,90.0
DDOG,30,1255,-1.8827,18.4786,-38.8399,35.0744,32,13.258452176029621,10.907892240581532,84.375,5,23.50844945685455,26.173923214548108,100.0,12,17.387983928143743,12.842700589615484,91.66666666666666,19,9.451875723172055,9.169426399051837,78.94736842105263,9,10.632298998910192,3.274021579375589,88.88888888888889,0,,,,5,18.890346490458956,26.173923214548108,100.0,37,9.299929675816268,9.70110136132885,72.97297297297297,0,,,,10,5.267689904532531,6.1871106793828865,60.0
DDOG,60,1255,-1.8827,18.4786,-38.8399,35.0744,32,15.703495005805399,10.4347722962891,68.75,5,29.40668274105652,19.48824492149283,100.0,12,17.295432460024553,14.5735857487523,66.66666666666666,19,8.457834791587494,5.825068155646383,63.1578947368421,9,11.152340244168407,0.8910045439656183,55.55555555555556,0,,,,5,31.706582969333663,22.790836840512192,100.0,37,10.272283842130067,10.7493325077684,72.97297297297297,0,,,,10,2.077769922498317,4.417270739454782,60.0
DE,10,1255,2.1142,8.3316,-14.5491,18.7774,36,6.691668155482797,5.939058621654411,100.0,3,13.412764447033581,15.339049460628734,100.0,16,7.263497590347894,6.969548398574162,100.0,25,6.859216735051895,5.376573388708452,100.0,15,7.821952848074587,7.437552942547954,100.0,2,15.585010640860954,15.585010640860954,100.0,3,13.412764447033581,15.339049460628734,100.0,37,5.231962997895474,4.328643271607551,100.0,1,3.2584584330924313,3.2584584330924313,100.0,3,3.8696448291161096,3.9619996382892695,100.0
DE,20,1255,2.1142,8.3316,-14.5491,18.7774,36,5.743275471557457,4.593736847863633,77.77777777777779,3,12.640335573131367,16.383075274606647,100.0,16,6.307453488287411,6.135132605354755,81.25,25,4.447230023165618,2.2419757727534115,72.0,15,5.854895681891224,4.444336115538032,73.33333333333333,2,10.768965722393723,10.768965722393723,100.0,3,12.640335573131367,16.383075274606647,100.0,37,4.734125838142418,4.518100435926866,83.78378378378379,1,4.518100435926866,4.518100435926866,100.0,3,3.83305990688987,1.8283393502655958,100.0
DE,30,1255,2.1142,8.3316,-14.5491,18.7774,36,6.552025046905877,2.335094532409972,69.44444444444444,3,12.98685992755073,20.207227011207525,66.66666666666666,16,8.452002243229705,8.367542143020657,75.0,25,4.0285286797367945,0.5847810409758815,60.0,15,4.367089689574057,0.5847810409758815,60.0,2,6.415683696317393,6.415683696317393,50.0,3,12.98685992755073,20.207227011207525,66.66666666666666,37,4.812506158435308,4.637996985162565,78.37837837837837,1,4.135534034669155,4.135534034669155,100.0,3,2.5154364580020294,4.0233504836457215,66.66666666666666
DE,60,1255,2.1142,8.3316,-14.5491,18.7774,36,9.272473190243204,8.76309000530351,77.77777777777779,3,16.093856534013074,16.82609874611827,100.0,16,13.245701483035194,13.788184095386875,100.0,25,6.152331921201401,5.885110036240681,68.0,15,8.176880342006013,8.30460543132063,73.33333333333333,2,14.979538966875541,14.979538966875541,100.0,3,16.093856534013074,16.82609874611827,100.0,37,2.7491940659320586,2.919877435179943,62.16216216216216,1,5.181971154312341,5.181971154312341,100.0,3,0.7652272429999405,0.40207887122374947,66.66666666666666
DECK,10,1255,0.9302,17.9717,-35.0131,36.8736,28,10.036985474655193,8.446596927265233,100.0,4,9.464167743561209,7.293148963424034,100.0,9,9.60559767947705,5.654199411809341,100.0,12,10.354277651927497,8.446596927265233,100.0,4,12.12277189873552,6.921309126319678,100.0,0,,,,4,9.464167743561209,7.293148963424034,100.0,31,8.42901387100841,6.843679369147422,100.0,0,,,,10,8.425768163884342,7.173892327905239,100.0
DECK,20,1255,0.9302,17.9717,-35.0131,36.8736,28,11.534198030365008,13.715889249976641,85.71428571428571,4,11.112816088309971,10.57345574064591,100.0,9,7.504545807934467,8.833401380510596,77.77777777777779,12,11.395910746476138,12.487151269936913,83.33333333333334,4,13.78649600411966,13.196514155278527,75.0,0,,,,4,11.112816088309971,10.57345574064591,100.0,31,7.780917374579759,5.949479898298462,80.64516129032258,0,,,,10,8.82844378282217,6.784860493645603,100.0
DECK,30,1255,0.9302,17.9717,-35.0131,36.8736,28,16.652328962434446,14.985741601454745,89.28571428571429,4,14.930711629354786,14.554368429892886,100.0,9,12.617526360196356,15.838443873941502,77.77777777777779,12,16.7345695452299,14.048091548893971,91.66666666666666,4,19.795847233436486,18.59048125792425,75.0,0,,,,4,14.930711629354786,14.554368429892886,100.0,31,5.923785243313308,3.37479624056302,64.51612903225806,0,,,,10,6.882615583674368,4.379347265800001,80.0
DECK,60,1255,0.9302,17.9717,-35.0131,36.8736,28,18.77803455526854,17.952826985513912,89.28571428571429,4,9.197305894032095,7.8301516707091405,100.0,9,13.915736793443733,6.567354339354206,88.88888888888889,12,23.206484003345988,22.664000804148095,91.66666666666666,4,27.289008830149726,24.88715747297009,100.0,0,,,,4,9.197305894032095,7.8301516707091405,100.0,31,3.9787939052015884,2.2047364639193723,54.83870967741935,0,,,,10,6.426499515993558,10.151004828065894,70.0
DELL,10,1255,3.6119,15.8439,-28.0759,35.2997,32,11.035985120939905,9.22619145966114,100.0,5,18.104903387902095,15.021659721596906,100.0,10,15.581516871404315,15.108868399159498,100.0,22,10.812306359933206,8.581718893105611,100.0,7,13.81348575518643,11.982655492659651,100.0,1,27.090679877476486,27.090679877476486,100.0,6,17.620099002705427,15.108868399159498,100.0,35,8.607112045757352,7.282939497580443,100.0,2,20.283862308067544,20.283862308067544,100.0,4,11.36600184572063,9.26578190044468,100.0
DELL,20,1255,3.6119,15.8439,-28.0759,35.2997,32,10.536327000431687,8.636725006088147,90.625,5,15.606722650549182,21.925133022876096,80.0,10,10.401062541734316,12.636602486191116,80.0,22,11.381433841915788,10.13394155523611,95.45454545454545,7,8.704323814078318,8.134316469971516,85.71428571428571,1,21.925133022876096,21.925133022876096,100.0,6,16.01540542293103,19.991976153858182,83.33333333333334,35,8.231635683739462,7.036374199525032,74.28571428571429,2,13.085230451503072,13.085230451503072,100.0,4,9.84025631940937,8.692627217647269,75.0
DELL,30,1255,3.6119,15.8439,-28.0759,35.2997,32,13.505705431656104,10.516598868861106,78.125,5,25.39489800506341,33.37637560044938,80.0,10,16.505523957436285,9.891012598698186,70.0,22,13.921916140060182,12.576431239964716,77.27272727272727,7,9.462313274969365,6.495132603673697,71.42857142857143,1,33.99704533178725,33.99704533178725,100.0,6,25.159146413244752,28.678382027300422,83.33333333333334,35,6.262109295397435,5.441864204729276,65.71428571428571,2,13.780582194324555,13.780582194324555,100.0,4,9.245426952763689,8.311210630578595,75.0
DELL,60,1255,3.6119,15.8439,-28.0759,35.2997,32,16.33135685698233,11.291833668362518,75.0,5,37.39367316221741,26.410089549705013,100.0,10,18.998533731158965,22.08125954748906,80.0,22,16.5285763637673,9.871851015316631,77.27272727272727,7,13.536370715233522,3.435914597983547,71.42857142857143,1,41.1643562923983,41.1643562923983,100.0,6,35.12989336507694,25.980532849024968,100.0,35,2.5264537951900015,4.551412622896129,57.14285714285714,2,1.730743107357803,1.730743107357803,50.0,4,7.368006817025999,8.249810755398812,75.0
DG,10,1255,-3.3634,17.3136,-37.9906,31.2638,37,6.747049243088407,5.207344541693824,100.0,4,9.396437487626976,8.569584457728206,100.0,7,7.465883481025472,7.573672676483592,100.0,16,6.4377684259412025,5.4857422171133186,100.0,8,7.4880814959584185,4.569252199213653,100.0,0,,,,3,11.968572472083041,9.565496238972822,100.0,29,6.071881823591929,4.865543604442565,100.0,0,,,,11,8.022819947957963,5.987805535655134,100.0
DG,20,1255,-3.3634,17.3136,-37.9906,31.2638,37,6.435563124928198,4.454314655930618,81.08108108108108,4,6.199445158778632,6.634466326189375,75.0,7,4.693482199460329,1.8778728964314009,85.71428571428571,16,6.516515987336844,5.446497307480926,87.5,8,11.585252428506003,5.431686335953484,100.0,0,,,,3,9.716112292495612,11.39105975594735,100.0,29,6.382127617978852,4.747543692450042,86.20689655172413,0,,,,11,9.17588143412194,7.298993826290336,100.0
DG,30,1255,-3.3634,17.3136,-37.9906,31.2638,37,6.0139285867736545,2.5708736374029546,67.56756756756756,4,7.450754921265045,5.276240247161262,75.0,7,-0.1155177125645644,2.5708736374029546,57.14285714285714,16,6.732581528097004,4.266191493461886,81.25,8,11.003651973716917,4.146691796935592,75.0,0,,,,3,11.25914935286953,7.981606856919568,100.0,29,7.480922240558543,6.660629788869395,75.86206896551724,0,,,,11,12.670276627366796,8.830871271116713,90.9090909090909
DG,60,1255,-3.3634,17.3136,-37.9906,31.2638,37,3.140524997655446,-1.4057209641606168,45.94594594594595,4,1.1692518275953123,-6.528954915512864,25.0,7,-7.769848969569475,-9.830208867090267,28.57142857142857,16,4.998153192453312,1.4376811799987546,50.0,8,12.155181045766174,6.612377732367974,62.5,0,,,,3,4.8357387258238385,-3.227700963935462,33.33333333333333,29,8.381264633130119,10.681882437607628,79.3103448275862,0,,,,11,17.013233747889046,13.941914895399531,81.81818181818183
DGX,10,1255,1.3189,6.0682,-10.8174,13.4553,27,4.490520736106071,5.011728677795516,100.0,3,3.144505489145606,2.242842799068101,100.0,8,5.223624988920812,5.257040303666542,100.0,16,4.010838407122808,4.184854135029198,100.0,10,4.420926626167187,4.407889646843881,100.0,1,5.027508238066352,5.027508238066352,100.0,3,3.144505489145606,2.242842799068101,100.0,39,4.294782655365463,2.7883786180175147,100.0,1,2.2429174035182475,2.2429174035182475,100.0,8,5.328216450182601,4.0750985704018925,100.0
DGX,20,1255,1.3189,6.0682,-10.8174,13.4553,27,5.046817050878299,5.057866164559432,85.18518518518519,3,8.142573238462884,7.653584012410608,100.0,8,6.908891878414675,6.857193271937893,100.0,16,5.024403967373271,5.50617815627984,87.5,10,5.998270764453936,7.29340383776001,90.0,1,10.279652135305637,10.279652135305637,100.0,3,8.142573238462884,7.653584012410608,100.0,39,3.7596425042393378,4.124161782160388,76.92307692307693,1,2.3806048401670656,2.3806048401670656,100.0,8,4.694300958391838,5.714133457273628,87.5
DGX,30,1255,1.3189,6.0682,-10.8174,13.4553,27,5.805150847832814,6.572248051921367,77.77777777777779,3,3.5697223366727404,4.650037244207715,66.66666666666666,8,8.327672676752334,7.50101381159635,87.5,16,6.089631883561881,4.499543894749444,81.25,10,7.219576597769267,7.474326017622246,90.0,1,4.650037244207715,4.650037244207715,100.0,3,3.5697223366727404,4.650037244207715,66.66666666666666,39,3.6686142914689674,4.12792798459833,74.35897435897436,1,-2.5118143821488097,-2.5118143821488097,0.0,8,3.6579496319630427,6.220575839561567,62.5
DGX,60,1255,1.3189,6.0682,-10.8174,13.4553,27,6.661469880028227,6.527813334867025,77.77777777777779,3,8.690073154151188,9.040596540118246,100.0,8,9.367778877847673,6.748195434381477,100.0,16,5.625284793729495,7.402709078502495,75.0,10,8.107837568737864,9.109063578712213,90.0,1,9.040596540118246,9.040596540118246,100.0,3,8.690073154151188,9.040596540118246,100.0,39,1.5830323033953784,-0.132980482723025,48.717948717948715,1,3.6361902815063503,3.6361902815063503,100.0,8,1.3698715568041815,3.177105585163286,50.0
DHI,10,1255,0.8605,13.6217,-26.383,28.1039,35,7.326583886170201,5.783214047388786,100.0,5,7.3749000426409435,6.382971184117752,100.0,13,8.316358846224844,6.382971184117752,100.0,15,6.640139548823169,5.1511316047192865,100.0,8,8.353173035743797,4.940317561243285,100.0,0,,,,4,7.251878405885847,3.963847195749459,100.0,35,6.356615466870651,6.668179623019692,100.0,0,,,,7,8.923864169153845,8.667845620188986,100.0
DHI,20,1255,0.8605,13.6217,-26.383,28.1039,35,7.63365179517619,7.060594101051019,74.28571428571429,5,7.681728263517885,7.060594101051019,60.0,13,7.957449042895556,7.0046819941374165,69.23076923076923,15,5.47314923034757,6.772359066056673,66.66666666666666,8,8.927780923398096,5.763258677781254,75.0,0,,,,4,10.68741269975567,10.15225965218858,75.0,35,5.379482481381837,8.114834353309234,71.42857142857143,0,,,,7,8.491888072258009,8.184740354954968,85.71428571428571
DHI,30,1255,0.8605,13.6217,-26.383,28.1039,35,7.597491908165403,4.36322076743991,65.71428571428571,5,4.615833212965887,1.2241055888805923,60.0,13,7.039945439725102,1.2241055888805923,53.84615384615385,15,4.460893580555416,3.9353278489434116,66.66666666666666,8,6.487267501941133,3.2263832993942687,62.5,0,,,,4,6.506089827197688,2.793663178160251,75.0,35,5.948914555413263,6.445514193925347,74.28571428571429,0,,,,7,11.74143660908527,14.400392319365249,100.0
DHI,60,1255,0.8605,13.6217,-26.383,28.1039,35,11.039502227064466,5.6053460881286785,62.857142857142854,5,3.3640922102387707,2.668737949346567,60.0,13,7.24398077953599,2.020122688712131,53.84615384615385,15,7.595489951341678,4.984951535009601,60.0,8,9.094127116805803,-0.9104475637973122,50.0,0,,,,4,8.06551861076122,8.476029643938181,75.0,35,3.573769785195365,5.1001219316567665,57.14285714285714,0,,,,7,6.946895907410806,5.757681145171347,71.42857142857143
DHR,10,1255,-1.0063,8.3603,-17.7269,15.7143,36,6.136541328545409,5.51799481195304,100.0,4,6.93401994866927,5.724563285032041,100.0,13,6.866726897658633,5.877887100045756,100.0,10,3.6367985570754784,3.0384971053238443,100.0,7,7.114883281890629,7.53872390968644,100.0,0,,,,3,7.286064231543775,5.571239470018327,100.0,37,5.328425908985159,4.071102088969883,100.0,1,1.8423787096309634,1.8423787096309634,100.0,13,5.524983496591165,4.783401523510281,100.0
DHR,20,1255,-1.0063,8.3603,-17.7269,15.7143,36,6.344639260915539,6.065102550741538,88.88888888888889,4,9.884169445859333,9.847675907198646,100.0,13,6.562484372021322,7.296863234922839,92.3076923076923,10,2.50971817765298,1.9958663806220174,80.0,7,11.255301241601826,13.590435167081827,100.0,0,,,,3,7.117310988656672,9.130761382038429,100.0,37,5.331192872479848,4.754323830606308,75.67567567567568,1,3.8965036625350344,3.8965036625350344,100.0,13,5.80853848556239,5.470032243158531,84.61538461538461
DHR,30,1255,-1.0063,8.3603,-17.7269,15.7143,36,5.18394607629032,6.003736269936576,75.0,4,9.6187352234011,7.697826390498026,100.0,13,6.177517775886654,6.968615917986988,76.92307692307693,10,2.1757892146033053,4.140684072539591,60.0,7,8.948203171995083,8.536974935729381,85.71428571428571,0,,,,3,6.585114258156925,6.968615917986988,100.0,37,5.194673296407611,4.425529277975728,67.56756756756756,1,6.084765333430823,6.084765333430823,100.0,13,5.795723077769883,6.893884601457215,76.92307692307693
DHR,60,1255,-1.0063,8.3603,-17.7269,15.7143,36,3.817887251388479,2.936050121865949,58.333333333333336,4,14.608398916335993,17.825554862690808,75.0,13,7.794831066536771,10.909677002480798,61.53846153846154,10,-1.7181084004719793,-2.924224825449781,50.0,7,9.499404209390738,10.909677002480798,71.42857142857143,0,,,,3,10.808609465201572,14.491297829650133,66.66666666666666,37,6.848572773346118,7.928437168634112,75.67567567567568,1,-0.007184279854652772,-0.007184279854652772,0.0,13,4.876799086738644,5.986202522301242,69.23076923076923
DIS,10,1255,-3.5751,12.0896,-27.7543,20.6041,32,6.320234962644774,5.997661737551108,96.875,4,7.421762476805171,6.2379834174543385,100.0,11,8.934602058224769,6.815953078536683,100.0,7,4.012384728192586,4.578435690586495,100.0,5,4.959928172407949,5.719113858413283,100.0,0,,,,4,7.421762476805171,6.2379834174543385,100.0,37,6.9786187796604295,5.34897020649456,100.0,1,0.4446431188159906,0.4446431188159906,100.0,17,8.57960320137876,8.10509095105355,100.0
DIS,20,1255,-3.5751,12.0896,-27.7543,20.6041,32,5.999042460817291,3.4288179376155696,81.25,4,14.170261843673693,17.855072459724223,75.0,11,11.086079123568172,9.693971557763712,90.9090909090909,7,3.105244664415081,3.68006256727777,71.42857142857143,5,4.010741095404222,1.4195419937756986,80.0,0,,,,4,14.170261843673693,17.855072459724223,75.0,37,6.308287241762208,6.751542053546354,83.78378378378379,1,0.4446431188159906,0.4446431188159906,100.0,17,7.975803369236649,10.498202558144804,82.35294117647058
DIS,30,1255,-3.5751,12.0896,-27.7543,20.6041,32,6.416251850724997,3.171921400490091,62.5,4,18.571570498919826,22.378871744446453,75.0,11,9.888249826186977,9.349274111544064,63.63636363636363,7,5.507759263584025,0.11562170578225943,57.14285714285714,5,2.499293344873957,0.11562170578225943,60.0,0,,,,4,18.571570498919826,22.378871744446453,75.0,37,6.986672264187193,7.687622401777613,78.37837837837837,1,-8.07469882570387,-8.07469882570387,0.0,17,10.18797990947138,11.113202518719307,88.23529411764706
DIS,60,1255,-3.5751,12.0896,-27.7543,20.6041,32,7.4103738094010065,4.27276628800775,59.375,4,23.535520853379445,18.498477956168294,100.0,11,11.21150931466127,13.603439513208793,72.72727272727273,7,4.879055038704904,-0.27572538546831094,42.857142857142854,5,9.712326331761329,4.106546265359302,60.0,0,,,,4,23.535520853379445,18.498477956168294,100.0,37,6.212615740210535,7.290758456845614,70.27027027027027,1,5.887061879921785,5.887061879921785,100.0,17,8.889504352019793,12.938558251715204,64.70588235294117
DLR,10,1255,0.4932,9.9334,-19.3735,20.3599,33,7.6246913945197194,7.069037753461678,100.0,5,11.689036674064628,11.373145717877868,100.0,13,9.961883965231225,10.436607790984906,100.0,17,7.738219638946407,7.069037753461678,100.0,7,5.949522094871035,7.4524334142702875,100.0,1,7.670660322894701,7.670660322894701,100.0,5,11.689036674064628,11.373145717877868,100.0,34,6.275685344419659,5.138016276825258,100.0,2,2.330846896689523,2.330846896689523,100.0,5,6.043347763961532,5.870563623328442,100.0
DLR,20,1255,0.4932,9.9334,-19.3735,20.3599,33,7.339280188687453,7.902388750357376,87.87878787878788,5,9.162201205915911,8.820880003666883,80.0,13,9.632132134145907,8.820880003666883,84.61538461538461,17,6.094271657767393,6.735006927402877,82.35294117647058,7,5.449487467027313,6.548800876191592,85.71428571428571,1,-5.361439173397219,-5.361439173397219,0.0,5,9.162201205915911,8.820880003666883,80.0,34,5.881470741784788,6.881706826388758,76.47058823529412,2,3.812049111570281,3.812049111570281,50.0,5,6.925367803566755,8.923318886249078,80.0
DLR,30,1255,0.4932,9.9334,-19.3735,20.3599,33,9.754578762263518,10.147024673861573,87.87878787878788,5,13.668092039484254,11.89424302111421,100.0,13,13.825499545230151,11.89424302111421,100.0,17,7.279995997188146,5.0142384372443685,76.47058823529412,7,7.754168830451912,8.023399651564944,100.0,1,3.100412885992509,3.100412885992509,100.0,5,13.668092039484254,11.89424302111421,100.0,34,5.414607579139846,5.542545192991772,64.70588235294117,2,0.19384845976892784,0.19384845976892784,50.0,5,6.862446158604736,9.366609945386738,80.0
DLR,60,1255,0.4932,9.9334,-19.3735,20.3599,33,10.927546580376047,8.97395300586321,75.75757575757575,5,18.745029730405584,21.87301850010673,100.0,13,13.57478529518191,17.361869621335092,69.23076923076923,17,8.551447093468214,8.18009881938644,76.47058823529412,7,14.876145861038486,18.46041608722024,71.42857142857143,1,21.87301850010673,21.87301850010673,100.0,5,18.745029730405584,21.87301850010673,100.0,34,4.636586060647218,3.6776173961732557,67.64705882352942,2,-0.7048526858218815,-0.7048526858218815,50.0,5,9.752348944037253,10.35482425788489,80.0
DLTR,10,1255,-0.3692,16.1311,-32.6313,31.8929,26,9.701021508936703,8.628376628974317,100.0,3,14.79062172017189,14.000979942831268,100.0,8,10.345601010500907,12.6595035887513,100.0,15,8.511899436222784,7.052331204850636,100.0,4,3.5685554083907824,3.7085494762277587,100.0,0,,,,3,14.79062172017189,14.000979942831268,100.0,32,6.694492612558097,5.632242580415079,100.0,0,,,,8,7.310965877355526,5.667940303738213,100.0
DLTR,20,1255,-0.3692,16.1311,-32.6313,31.8929,26,8.662148944142054,10.044628592000107,80.76923076923077,3,11.817641376595907,9.32976142598134,100.0,8,5.571895946241126,8.259051396180723,75.0,15,10.037314337280408,11.216956387484135,80.0,4,2.5609214662194595,0.4115068085290434,50.0,0,,,,3,11.817641376595907,9.32976142598134,100.0,32,6.690556203398824,6.543752551679338,78.125,0,,,,8,7.2965189270375115,6.526540339525518,75.0
DLTR,30,1255,-0.3692,16.1311,-32.6313,31.8929,26,10.024296898209762,9.190028571924657,76.92307692307693,3,13.170104830363094,12.610960798721937,100.0,8,8.636492542330178,9.813972511862366,75.0,15,9.552745115973831,8.612581615962704,73.33333333333333,4,1.1094893034227293,0.3901746268942565,50.0,0,,,,3,13.170104830363094,12.610960798721937,100.0,32,7.3189615642240895,9.127506696234992,75.0,0,,,,8,6.3320515758960125,4.872294478942248,62.5
DLTR,60,1255,-0.3692,16.1311,-32.6313,31.8929,26,9.372922356714932,2.6403226534580764,61.53846153846154,3,23.483745669904962,20.666560553973078,100.0,8,16.208411341439565,16.57934577034374,75.0,15,10.100736774253612,3.043222283127271,60.0,4,5.892719266726052,-0.23770094749333737,50.0,0,,,,3,23.483745669904962,20.666560553973078,100.0,32,4.830034659012214,5.683532879269767,68.75,0,,,,8,6.638778659406814,5.683532879269767,75.0
DOC,10,1255,-2.9845,8.3789,-19.7422,13.7733,32,5.139610473885441,5.250105135050677,100.0,5,7.494355984836636,7.313301155091823,100.0,11,6.316115979115062,6.426647571396775,100.0,16,4.494470226411599,4.385505419802854,100.0,6,4.7555021892730265,5.137203642988433,100.0,2,6.746121324188661,6.746121324188661,100.0,5,7.494355984836636,7.313301155091823,100.0,31,5.2263275847283985,4.328820186576773,100.0,0,,,,10,5.44881695954127,4.322488091511155,100.0
DOC,20,1255,-2.9845,8.3789,-19.7422,13.7733,32,5.431383313008194,5.489718246105905,78.125,5,8.588631225429573,10.196220965837572,100.0,11,7.154446055787897,8.802413695465457,81.81818181818183,16,4.339382478565685,3.581501715390876,75.0,6,3.186706602241271,4.050386469146311,66.66666666666666,2,3.581501715390876,3.581501715390876,100.0,5,8.588631225429573,10.196220965837572,100.0,31,6.349281764471629,5.370199091203893,87.09677419354838,0,,,,10,6.335394468360221,3.7383144726136157,80.0
DOC,30,1255,-2.9845,8.3789,-19.7422,13.7733,32,6.546166153854199,7.359814625579821,84.375,5,15.208590778259893,17.278143724309597,100.0,11,9.961812736146728,8.903103777207663,90.9090909090909,16,4.420915650211333,4.338252656081387,81.25,6,1.9763129461561757,1.8955088346069624,66.66666666666666,2,7.562241836213038,7.562241836213038,100.0,5,15.208590778259893,17.278143724309597,100.0,31,6.783935584680707,6.648674772650609,77.41935483870968,0,,,,10,5.448796112919429,5.5799132453010785,60.0
DOC,60,1255,-2.9845,8.3789,-19.7422,13.7733,32,3.5826320340166298,3.900382309179343,56.25,5,14.684354066424248,18.040956479989067,100.0,11,8.068248929983934,4.939794985185178,90.9090909090909,16,1.3800005763078556,-1.4181784129618253,43.75,6,-1.2916373697487336,-2.6089803970081924,33.33333333333333,2,3.967946008914059,3.967946008914059,100.0,5,14.684354066424248,18.040956479989067,100.0,31,7.585918224858347,7.357107151032246,87.09677419354838,0,,,,10,7.075611315253968,8.080999992755466,90.0
DOV,10,1255,0.7431,8.5229,-16.3027,17.789,35,5.3632376382891485,5.186687766298584,100.0,4,7.696180870840311,7.601969738838233,100.0,11,6.157948426591985,5.140429432720376,100.0,22,4.8576728127267295,4.279740001786697,100.0,8,6.753797602483134,7.792787443511819,100.0,0,,,,4,7.696180870840311,7.601969738838233,100.0,33,5.319499582927187,3.6451063089021725,100.0,0,,,,8,7.881414448926273,9.370127107855083,100.0
DOV,20,1255,0.7431,8.5229,-16.3027,17.789,35,5.474775159125114,7.7658677513824035,80.0,4,7.155979418384992,9.97060515814757,75.0,11,6.90723726963183,8.490188533415152,81.81818181818183,22,5.195301967262706,8.01779890694385,81.81818181818183,8,4.835035261179982,6.8889169194613835,75.0,0,,,,4,7.155979418384992,9.97060515814757,75.0,33,5.159403779190647,5.847112324003382,81.81818181818183,0,,,,8,8.007300430500557,8.373554634329777,87.5
DOV,30,1255,0.7431,8.5229,-16.3027,17.789,35,7.639815553672783,9.29952293766423,82.85714285714286,4,9.897915227607635,13.124530392852456,75.0,11,10.399805159295854,13.565595053848334,81.81818181818183,22,8.113082771014142,9.31366736836517,90.9090909090909,8,7.239564779636627,8.657603828658004,87.5,0,,,,4,9.897915227607635,13.124530392852456,75.0,33,4.71759878985568,5.326149629438519,75.75757575757575,0,,,,8,6.458406599983155,6.338629305069901,87.5
DOV,60,1255,0.7431,8.5229,-16.3027,17.789,35,7.7721586036604,7.005162549359191,82.85714285714286,4,11.171685359928617,8.793077899696002,100.0,11,11.286151142238142,8.825354197108783,90.9090909090909,22,9.260121771083142,8.228282603578162,90.9090909090909,8,4.710073692796266,7.525714397113289,75.0,0,,,,4,11.171685359928617,8.793077899696002,100.0,33,3.950104943698676,2.8463697556410184,72.72727272727273,0,,,,8,4.953728693414271,6.155440458982779,62.5
DOW,10,1255,-3.1206,13.0637,-29.2481,23.0069,36,6.8296542814124575,5.946089059675103,100.0,3,10.939962005981286,12.359546838392511,100.0,14,8.900006956522175,7.918040010744331,100.0,11,5.417334023742071,3.9998071496567547,100.0,4,5.410163216740724,5.890210805832005,100.0,0,,,,2,15.882697857907273,15.882697857907273,100.0,33,5.803319841358185,4.6036942881761025,100.0,0,,,,18,7.391944097454665,5.8773082818533435,100.0
DOW,20,1255,-3.1206,13.0637,-29.2481,23.0069,36,6.236463889119667,6.063008006198287,88.88888888888889,3,9.695942096243371,10.228588038302185,100.0,14,5.440626250002926,6.170437610316249,78.57142857142857,11,6.150602282311732,5.548992848108341,90.9090909090909,4,8.0033860901992,8.631282238262255,100.0,0,,,,2,13.784261102257304,13.784261102257304,100.0,33,3.685811446466942,2.9617509351892664,69.6969696969697,0,,,,18,5.004679615713485,3.0717576953238384,72.22222222222221
DOW,30,1255,-3.1206,13.0637,-29.2481,23.0069,36,5.046468771089961,5.8349451461512905,77.77777777777779,3,7.505093497223553,11.11809381909749,100.0,14,4.576195631646227,5.480978031469229,78.57142857142857,11,3.7151797932272044,7.84050077549593,72.72727272727273,4,8.406482157648124,8.693582212445458,100.0,0,,,,2,11.254515814218824,11.254515814218824,100.0,33,5.549111117495259,4.550965166951834,81.81818181818183,0,,,,18,5.995065340566538,4.966758289228093,88.88888888888889
DOW,60,1255,-3.1206,13.0637,-29.2481,23.0069,36,3.874025350147563,3.066548347452431,55.55555555555556,3,-1.0973687587551513,9.123583317671507,66.66666666666666,14,1.0071475299573183,-6.305355987240079,42.857142857142854,11,2.8837745784421362,7.735594552169259,63.63636363636363,4,6.260634669760529,9.033052870955695,75.0,0,,,,2,9.464633269788049,9.464633269788049,100.0,33,5.554717988192045,6.511127044302565,57.57575757575758,0,,,,18,5.776032245194423,4.653029764804446,55.55555555555556
DPZ,10,1255,-1.2544,10.4663,-22.1869,19.6782,32,5.242776671629914,4.921047612850754,100.0,3,5.870541977838058,6.713924447300896,100.0,9,4.643475151749547,4.871609155090651,100.0,16,5.489878380786896,4.966469425220861,100.0,7,4.386704071845387,2.5846538761565765,100.0,1,2.4579816990236214,2.4579816990236214,100.0,3,5.870541977838058,6.713924447300896,100.0,31,4.948224513008875,4.288547518281308,100.0,1,1.0382994437794275,1.0382994437794275,100.0,7,3.383117539516641,3.500127137069671,100.0
DPZ,20,1255,-1.2544,10.4663,-22.1869,19.6782,32,7.950047372909541,7.857069322969378,90.625,3,11.06964305824529,12.188481735580242,100.0,9,7.544726954961279,9.585067788146205,77.77777777777779,16,7.269600557560587,8.866086428709675,93.75,7,6.5823496413048215,5.966741971420664,85.71428571428571,1,2.470974023403295,2.470974023403295,100.0,3,11.06964305824529,12.188481735580242,100.0,31,5.803423316801283,5.9201483001977,74.19354838709677,1,5.891992680519195,5.891992680519195,100.0,7,3.5053295938538436,3.987512026717149,71.42857142857143
DPZ,30,1255,-1.2544,10.4663,-22.1869,19.6782,32,8.146771269025713,9.049897766567105,71.875,3,16.763293455957243,22.31698857996534,66.66666666666666,9,7.820140251911809,6.2707614587700755,66.66666666666666,16,8.045497791955786,9.805253041575194,68.75,7,4.820216731557034,6.2707614587700755,71.42857142857143,1,-1.8454720281714525,-1.8454720281714525,0.0,3,16.763293455957243,22.31698857996534,66.66666666666666,31,5.980630206014257,6.660286344922152,64.51612903225806,1,3.778109891636032,3.778109891636032,100.0,7,1.1300067451151752,-0.5296373497051988,42.857142857142854
DPZ,60,1255,-1.2544,10.4663,-22.1869,19.6782,32,4.957562527851649,4.6869640017689775,65.625,3,10.930728132314888,10.98155835292059,100.0,9,5.856791112744601,4.769140452265138,88.88888888888889,16,3.136132627304252,4.735790945638644,62.5,7,7.442132206205555,6.311381377576386,71.42857142857143,1,0.00257497971888938,0.00257497971888938,100.0,3,10.930728132314888,10.98155835292059,100.0,31,5.716203334757234,8.382691583056186,77.41935483870968,1,13.370156939579578,13.370156939579578,100.0,7,3.50009027283173,1.1058578156777341,71.42857142857143
DRI,10,1255,1.9838,8.0447,-14.1057,18.0732,39,6.304414392048775,5.93235796544272,100.0,6,5.723774169083048,5.682543359077945,100.0,16,5.658543213567118,5.682543359077945,100.0,14,5.707915392074064,4.821521659659907,100.0,8,7.04787026638047,5.455036402339877,100.0,1,2.244272445006251,2.244272445006251,100.0,6,5.723774169083048,5.682543359077945,100.0,35,4.788162469645954,4.3227843582298435,100.0,0,,,,10,4.286302154907518,2.4982813520975506,100.0
DRI,20,1255,1.9838,8.0447,-14.1057,18.0732,39,6.350155347694212,6.882783824463125,92.3076923076923,6,7.39266959719708,8.327875229662,100.0,16,5.908950886292744,4.700373918761535,93.75,14,6.935509582582919,7.09775393608588,100.0,8,7.432934932139611,7.084476089979663,100.0,1,5.194684350022656,5.194684350022656,100.0,6,7.39266959719708,8.327875229662,100.0,35,3.6683542825074897,3.5663563076353544,77.14285714285715,0,,,,10,3.178202571579642,3.0100515494844196,80.0
DRI,30,1255,1.9838,8.0447,-14.1057,18.0732,39,7.553975020870746,8.66676899053937,79.48717948717949,6,13.252107622436462,14.334634200210814,100.0,16,6.076690723378368,5.785964105536591,68.75,14,7.073327689894362,9.476956173844115,85.71428571428571,8,6.330567251813748,5.785964105536591,62.5,1,12.711825208033204,12.711825208033204,100.0,6,13.252107622436462,14.334634200210814,100.0,35,2.741465071247473,2.291447581154829,62.857142857142854,0,,,,10,4.468865634239664,7.156747959983466,70.0
DRI,60,1255,1.9838,8.0447,-14.1057,18.0732,39,9.783295283702534,10.919674799078571,84.61538461538461,6,16.871137205634405,16.75704265827938,100.0,16,9.499401222567617,8.664603789600323,81.25,14,9.4259376897556,13.219829472822495,78.57142857142857,8,8.910906060800304,4.400145862497556,87.5,1,16.28969747841702,16.28969747841702,100.0,6,16.871137205634405,16.75704265827938,100.0,35,1.4048934500471817,-0.3877933694173752,48.57142857142857,0,,,,10,4.031802019466799,5.127487030568943,60.0
DTE,10,1255,1.2181,5.6866,-10.1551,12.5913,38,4.1195574993993285,3.5022483938290128,100.0,4,5.612024319282096,4.42583072573843,100.0,15,4.386605396995957,3.445933680711592,100.0,17,3.8999444549583404,3.4915529697439234,100.0,9,5.086080320817448,6.539287089747088,100.0,0,,,,5,5.7974768733750945,6.038261177464839,100.0,36,3.7651016284337047,3.2163823568257204,100.0,2,5.133795737702872,5.133795737702872,100.0,12,3.9045233243552837,2.9202510694266453,100.0
DTE,20,1255,1.2181,5.6866,-10.1551,12.5913,38,3.9987003211583394,4.910895405765707,78.94736842105263,4,7.5902594877134515,7.361501781565968,100.0,15,5.147584308146107,6.143773593253512,86.66666666666667,17,3.2962474391524412,3.9181205015664764,70.58823529411765,9,4.7677775885455,7.139574066792169,77.77777777777779,0,,,,5,5.573366224598912,7.189762202712247,80.0,36,3.090762379148415,3.441726805080896,77.77777777777779,2,5.007090151213698,5.007090151213698,100.0,12,3.290321867927675,3.877645481523822,83.33333333333334
DTE,30,1255,1.2181,5.6866,-10.1551,12.5913,38,4.932703329236052,6.579864977678207,76.31578947368422,4,10.599588730126294,10.780829166383803,100.0,15,6.032474192996287,9.69214322702392,73.33333333333333,17,4.085845551297395,4.109979906889085,82.35294117647058,9,4.749112455060395,6.31462458402914,66.66666666666666,0,,,,5,8.215178979153134,10.422758734344116,80.0,36,3.1574063284039733,4.088747725424937,75.0,2,2.7840167402433234,2.7840167402433234,100.0,12,3.0948030009142777,2.8814441605758265,83.33333333333334
DTE,60,1255,1.2181,5.6866,-10.1551,12.5913,38,6.76399639937826,6.5694425192536325,78.94736842105263,4,14.678046026380818,14.539326703069309,100.0,15,10.688405012081628,13.39632848388,93.33333333333333,17,5.41731326997495,5.666007416343409,82.35294117647058,9,7.709557450138735,5.666007416343409,88.88888888888889,0,,,,5,12.601624566503792,11.195352669742913,100.0,36,1.1864751677722953,1.1236428245024956,55.55555555555556,2,7.365228894586314,7.365228894586314,100.0,12,-1.363589767812319,-1.2038306620729717,41.66666666666667
DUK,10,1255,2.0229,4.9832,-7.9435,11.9894,40,4.231591422694585,3.8847432285900494,100.0,3,5.821447969292024,5.629853003362451,100.0,17,5.019083989494454,4.7050487560554535,100.0,26,4.28697268341711,3.8847432285900494,100.0,12,4.96753140540969,4.611143399750057,100.0,1,8.709858945305344,8.709858945305344,100.0,3,5.821447969292024,5.629853003362451,100.0,34,3.3826889756153173,3.033032260575809,100.0,2,1.2709424549401773,1.2709424549401773,100.0,4,3.183252815196087,2.028212342619998,100.0
DUK,20,1255,2.0229,4.9832,-7.9435,11.9894,40,4.417388742092794,4.740441262340548,80.0,3,5.943752906154631,7.892052929354707,100.0,17,5.248350118730998,5.017994475581382,88.23529411764706,26,4.537180781139568,4.73422780958885,80.76923076923077,12,5.775409100859516,5.238625361625955,100.0,1,7.892052929354707,7.892052929354707,100.0,3,5.943752906154631,7.892052929354707,100.0,34,3.641977295186654,4.298123373825645,73.52941176470588,2,0.6292129487940678,0.6292129487940678,50.0,4,4.575409944645129,4.575728395504807,100.0
DUK,30,1255,2.0229,4.9832,-7.9435,11.9894,40,5.659400530207309,5.790050025271089,85.0,3,11.29825401943733,12.062968371947937,100.0,17,7.836333519052842,7.793389633420144,100.0,26,5.192497892349582,4.930347725049067,80.76923076923077,12,8.323077512411034,7.18938868413942,100.0,1,12.062968371947937,12.062968371947937,100.0,3,11.29825401943733,12.062968371947937,100.0,34,3.3707693696050334,3.3658796062875527,73.52941176470588,2,-1.8689016704755426,-1.8689016704755426,50.0,4,3.3127076736711585,3.290226642637558,75.0
DUK,60,1255,2.0229,4.9832,-7.9435,11.9894,40,6.5629360413704045,6.033915129497656,82.5,3,13.255117036618254,12.734587295332894,100.0,17,8.665840910254346,7.332640705195488,88.23529411764706,26,5.412335438900277,4.5143944228980795,76.92307692307693,12,10.57923639959926,13.207245726292822,91.66666666666666,1,12.734587295332894,12.734587295332894,100.0,3,13.255117036618254,12.734587295332894,100.0,34,1.488377320349762,1.947731211752946,61.76470588235294,2,0.4923211195013453,0.4923211195013453,50.0,4,1.064909353040709,1.6276783355790734,50.0
DVA,10,1255,-0.6071,12.253,-25.113,23.8988,37,6.4196732480961325,6.297338033036024,100.0,3,6.962651781358345,5.509526158940597,100.0,11,6.041069037784312,5.509526158940597,100.0,21,7.482897223641668,7.998070575174519,100.0,6,7.405766700605212,7.19227805173847,100.0,1,10.501380218385885,10.501380218385885,100.0,3,6.962651781358345,5.509526158940597,100.0,38,6.398457485108881,4.914901625608943,100.0,1,2.8446279167320214,2.8446279167320214,100.0,9,6.553001884970606,5.663146310253881,100.0
DVA,20,1255,-0.6071,12.253,-25.113,23.8988,37,5.813337662674515,6.945005680754425,78.37837837837837,3,13.729207546178367,13.374318748195574,100.0,11,8.913877670659973,10.207138061523438,90.9090909090909,21,6.683272166453933,8.222976026483577,85.71428571428571,6,9.135238270615025,10.611857669477931,83.33333333333334,1,14.506275999360913,14.506275999360913,100.0,3,13.729207546178367,13.374318748195574,100.0,38,5.592928174519937,4.507107138179697,78.94736842105263,1,5.136131607241134,5.136131607241134,100.0,9,7.100547400869449,6.561703244384247,100.0
DVA,30,1255,-0.6071,12.253,-25.113,23.8988,37,6.9658392907507505,4.287333209032372,81.08108108108108,3,19.842749005886592,12.24396569921152,100.0,11,10.109501762052071,4.32259311085162,90.9090909090909,21,8.59883458992538,9.241111790686213,85.71428571428571,6,11.215616620742294,11.53486390335108,83.33333333333334,1,12.24396569921152,12.24396569921152,100.0,3,19.842749005886592,12.24396569921152,100.0,38,5.885417080906703,5.334662387496564,81.57894736842105,1,4.6476552752429585,4.6476552752429585,100.0,9,8.47481839200164,8.70618492986947,100.0
DVA,60,1255,-0.6071,12.253,-25.113,23.8988,37,7.66806324833481,7.2358037130156285,67.56756756756756,3,33.76569359843512,29.51697604472677,100.0,11,14.839567067456903,10.1242561421097,81.81818181818183,21,9.961920142310777,9.33781113805767,80.95238095238095,6,16.774496741509402,11.471414649548286,83.33333333333334,1,29.51697604472677,29.51697604472677,100.0,3,33.76569359843512,29.51697604472677,100.0,38,4.640566654417722,4.618868927118021,57.89473684210527,1,-3.3259028810622335,-3.3259028810622335,0.0,9,6.521666627265875,11.205781261716979,77.77777777777779
DVN,10,1255,2.3517,13.7459,-25.1401,29.8434,38,8.970711190320964,7.203030959009345,100.0,3,12.301185020772825,10.583233456298155,100.0,19,10.970724268915783,10.350166358692778,100.0,10,9.267740706060433,7.499688460292365,100.0,9,10.906169431306292,10.18276137918667,100.0,0,,,,3,12.301185020772825,10.583233456298155,100.0,35,8.062053688297585,6.870379022007081,100.0,1,6.754305878508131,6.754305878508131,100.0,16,9.137175925974498,8.785403949918944,100.0
DVN,20,1255,2.3517,13.7459,-25.1401,29.8434,38,10.203291181083216,7.839142468259249,84.21052631578947,3,18.289931347346286,19.462658644992622,100.0,19,9.747528859274292,6.511042364680376,89.47368421052632,10,14.48937969392043,16.93911794040681,80.0,9,12.661136792503298,11.176446989359299,88.88888888888889,0,,,,3,18.289931347346286,19.462658644992622,100.0,35,9.092884777497673,9.07435725197376,80.0,1,-2.266543638478687,-2.266543638478687,0.0,16,11.693936297249222,10.828907007413829,87.5
DVN,30,1255,2.3517,13.7459,-25.1401,29.8434,38,11.379286813140258,11.054292457760841,81.57894736842105,3,15.066897452446776,15.802308196812803,100.0,19,9.964877341232496,8.298771095346764,78.94736842105263,10,20.152860951950572,19.454169878379815,90.0,9,17.124281486236214,19.28167015876909,77.77777777777779,0,,,,3,15.066897452446776,15.802308196812803,100.0,35,7.051516565034123,7.733393485222647,82.85714285714286,1,4.584312998234962,4.584312998234962,100.0,16,8.516168826964865,9.246103187662612,87.5
DVN,60,1255,2.3517,13.7459,-25.1401,29.8434,38,11.03086678155769,8.907293101526193,68.42105263157895,3,17.5181647675235,19.228235765722538,100.0,19,8.712515373850797,9.911902115314696,68.42105263157895,10,21.13815157576641,27.701694383643073,70.0,9,13.23618854500294,8.873642317211408,66.66666666666666,0,,,,3,17.5181647675235,19.228235765722538,100.0,35,6.2837776540052985,11.211739651792257,77.14285714285715,1,-22.4396973835112,-22.4396973835112,0.0,16,9.19537275029008,13.823319893602742,75.0
DXCM,10,1255,-4.4113,19.9545,-44.3203,35.4976,37,8.532914743855322,7.418199274858825,100.0,4,8.826896847296506,8.209101306359466,100.0,11,11.022362488093092,9.547977175436799,100.0,15,7.180997820499865,6.292870375251877,100.0,10,7.25513491499238,6.258193665026586,100.0,1,7.418199274858825,7.418199274858825,100.0,5,10.125243055796881,9.000003337860107,100.0,34,9.660629908237423,8.034586861834168,100.0,0,,,,14,11.3884066909636,9.163174019006942,100.0
DXCM,20,1255,-4.4113,19.9545,-44.3203,35.4976,37,8.525686011457733,7.424200572146924,81.08108108108108,4,15.138711231091756,14.485807854887774,100.0,11,14.885920652674866,15.734374523162842,90.9090909090909,15,5.6082326027993625,5.821864325025303,73.33333333333333,10,1.2543996198990621,0.8639507157857387,60.0,1,22.40032340791086,22.40032340791086,100.0,5,13.561741206460377,13.237241186612708,100.0,34,8.314439308703427,7.3083480929155,79.41176470588235,0,,,,14,9.38457771878109,8.346015033568397,85.71428571428571
DXCM,30,1255,-4.4113,19.9545,-44.3203,35.4976,37,8.888799798771075,10.508670777339775,70.27027027027027,4,23.272895313015916,17.27362046963376,100.0,11,19.73579328768805,13.702801397963412,90.9090909090909,15,5.431095392394371,3.935188607084741,53.333333333333336,10,-3.259884924365828,-2.8759039061087592,50.0,1,49.622466743307626,49.622466743307626,100.0,5,18.969798360604017,11.249690615727987,100.0,34,8.50779455066985,5.945760883210524,73.52941176470588,0,,,,14,8.882792647961788,8.740406415777004,64.28571428571429
DXCM,60,1255,-4.4113,19.9545,-44.3203,35.4976,37,6.646042778373891,9.739146016497903,64.86486486486487,4,33.904704838623296,25.17742835459037,100.0,11,18.883130637973203,18.7576121156829,81.81818181818183,15,4.165947395343598,1.7039362998083833,66.66666666666666,10,0.48261712112446065,8.69327964023343,60.0,1,71.81083669163813,71.81083669163813,100.0,5,30.19896218702088,19.20321533449823,100.0,34,8.166292206924853,4.063467726600535,61.76470588235294,0,,,,14,8.269346049405701,5.814125999080376,57.14285714285714
EA,10,1255,1.6703,7.5331,-13.3959,16.7364,29,6.651274647772415,5.047613037369674,100.0,3,14.754279552488747,14.434054922383238,100.0,14,7.849676585666854,7.417438760924245,100.0,14,5.665840332779098,3.3888846102953876,100.0,6,8.1209336633194,4.812068954991835,100.0,0,,,,5,12.150775728507488,9.011809917378814,100.0,31,4.3869374979514895,3.443597624144898,100.0,3,0.34338937917478174,0.11948987308482617,100.0,11,6.088706150364235,5.094034977488189,100.0
EA,20,1255,1.6703,7.5331,-13.3959,16.7364,29,8.880108153387152,9.44956234363432,93.10344827586206,3,16.54921908725675,12.743071752144711,100.0,14,9.846251966156993,9.658503561938108,100.0,14,8.509320530305684,6.761166925671892,92.85714285714286,6,7.453441049567071,6.129691284621755,100.0,0,,,,5,13.518165190497765,12.743071752144711,100.0,31,3.381283849328659,3.250970749106668,77.41935483870968,3,-0.024766337883946554,0.07468687952021368,66.66666666666666,11,6.177256914663385,5.9237904626600235,81.81818181818183
EA,30,1255,1.6703,7.5331,-13.3959,16.7364,29,8.263128154571108,8.391268245561381,82.75862068965517,3,13.887811589908928,15.712215680535094,100.0,14,8.968819900543089,10.594349855761589,85.71428571428571,14,7.861883052227699,4.098801454072409,85.71428571428571,6,8.984382964037119,10.625819095844909,83.33333333333334,0,,,,5,12.97250875796372,15.712215680535094,100.0,31,2.1200256360550953,2.3710909261798725,61.29032258064516,3,-0.8628461349717268,-1.4341981721809642,33.33333333333333,11,6.660204283350742,8.10649658944208,81.81818181818183
EA,60,1255,1.6703,7.5331,-13.3959,16.7364,29,11.183390898772474,12.27568985962704,75.86206896551724,3,17.641010399334746,18.9423992330728,100.0,14,12.07656388861585,16.1699075462737,85.71428571428571,14,12.771618329477826,12.23969969108234,78.57142857142857,6,15.159970087402328,14.595749252965716,83.33333333333334,0,,,,5,17.311873615927897,17.022364509065138,100.0,31,1.499711626883866,0.42548718565965926,51.61290322580645,3,-1.1440453643697868,-1.1933418907114757,0.0,11,4.742144453583933,6.509174566312965,72.72727272727273
EBAY,10,1255,0.6922,10.9164,-21.1407,22.525,32,4.969608134173653,4.322733857391473,100.0,5,6.3947784503747105,4.406003770898309,100.0,8,4.911904472895088,4.063678168368579,100.0,14,4.205566987707213,3.7616441828142926,100.0,7,4.745030194343124,3.766723923223761,100.0,0,,,,5,6.3947784503747105,4.406003770898309,100.0,32,5.529833602797246,4.492275415973534,100.0,1,7.045759126150091,7.045759126150091,100.0,13,6.9598871684407175,5.129888021668902,100.0
EBAY,20,1255,0.6922,10.9164,-21.1407,22.525,32,6.995207931440366,6.8709524311268835,87.5,5,3.9142743160855686,6.110025537398862,60.0,8,1.5590827479833886,1.905757059804678,50.0,14,7.7708785406306635,7.774127410697912,100.0,7,7.777560487620025,8.84441474963047,85.71428571428571,0,,,,5,3.9142743160855686,6.110025537398862,60.0,32,5.222270511395525,4.14448265177259,75.0,1,7.958876930941676,7.958876930941676,100.0,13,8.02831989531747,11.255796509657712,84.61538461538461
EBAY,30,1255,0.6922,10.9164,-21.1407,22.525,32,7.525846929920014,8.846035066319837,81.25,5,7.871893036889607,7.131457894748534,60.0,8,2.7720039523227866,2.609732965642143,50.0,14,8.973418702742787,9.70748342637441,92.85714285714286,7,6.981648505546554,10.604035323771864,85.71428571428571,0,,,,5,7.871893036889607,7.131457894748534,60.0,32,4.979925776539072,4.5188250955231375,65.625,1,7.311824832365897,7.311824832365897,100.0,13,5.603313383320913,8.729341984699888,76.92307692307693
EBAY,60,1255,0.6922,10.9164,-21.1407,22.525,32,7.041410589002166,8.279230606460466,71.875,5,2.2902317005993256,4.680716721882395,60.0,8,-0.8815539261388041,0.008236897418374856,50.0,14,9.046487821093292,12.188847017950131,71.42857142857143,7,5.696090973838145,6.244837744807373,57.14285714285714,0,,,,5,2.2902317005993256,4.680716721882395,60.0,32,1.6359846490208514,0.9672140394925904,50.0,1,19.51628240603907,19.51628240603907,100.0,13,5.683270804916875,4.286031814831852,69.23076923076923
ECL,10,1255,1.0278,8.7987,-16.5695,18.6252,36,6.515745441778009,5.5517616439728155,100.0,5,9.409452812057632,10.831577546561993,100.0,10,9.473223771224092,10.471479241541111,100.0,19,5.028843351866544,4.813531561043216,100.0,9,5.1553649873386584,5.448742007534843,100.0,0,,,,5,9.409452812057632,10.831577546561993,100.0,30,4.385280023236995,3.785860078175424,100.0,0,,,,7,6.101882863311142,5.493051365100865,100.0
ECL,20,1255,1.0278,8.7987,-16.5695,18.6252,36,5.699228110670171,6.058871345530502,77.77777777777779,5,5.317278716663381,4.54106566197265,60.0,10,9.252994709992402,12.142281368002791,80.0,19,4.119658984375665,5.334621735981158,78.94736842105263,9,6.238833242984966,7.060765181000413,77.77777777777779,0,,,,5,5.317278716663381,4.54106566197265,60.0,30,4.137139627097733,4.503544078708314,76.66666666666667,0,,,,7,3.841641350654211,4.23493161210689,71.42857142857143
ECL,30,1255,1.0278,8.7987,-16.5695,18.6252,36,6.405103596999813,7.0574673151278375,86.11111111111111,5,5.858165776383208,9.668833041815024,80.0,10,9.361629953082383,11.246850681751928,90.0,19,5.170979281801869,6.765665662651033,84.21052631578947,9,6.090539404109269,4.453088277296981,77.77777777777779,0,,,,5,5.858165776383208,9.668833041815024,80.0,30,3.0336545511450383,1.027457112776949,63.33333333333333,0,,,,7,2.5942587144323968,1.6203220744371718,57.14285714285714
ECL,60,1255,1.0278,8.7987,-16.5695,18.6252,36,7.597198504255603,10.161256545702578,80.55555555555556,5,10.767189083098362,13.424527266293657,80.0,10,11.588890074060698,12.191241281333944,80.0,19,5.453849421536724,8.447963345481945,78.94736842105263,9,9.897283978586009,10.866277968876057,77.77777777777779,0,,,,5,10.767189083098362,13.424527266293657,80.0,30,0.8794282581550088,-1.8186014169481077,43.333333333333336,0,,,,7,-1.5674508556679523,-3.707915071005557,42.857142857142854
ED,10,1255,2.2037,5.5825,-8.9613,13.3686,37,4.608333795369922,4.525269909264779,100.0,4,5.016955210727966,5.513070221680418,100.0,15,4.725046959335412,4.561731878966586,100.0,15,5.107426293374478,5.324211474689966,100.0,10,4.893934902527788,5.1932545980481635,100.0,1,7.889767434757382,7.889767434757382,100.0,4,5.016955210727966,5.513070221680418,100.0,33,4.03538629287918,3.6112794912831307,100.0,1,0.5500393469779555,0.5500393469779555,100.0,11,3.2489475765547198,3.4681104084891388,100.0
ED,20,1255,2.2037,5.5825,-8.9613,13.3686,37,4.631767040821776,4.810241170686228,81.08108108108108,4,7.7033341719351185,7.805724041293474,100.0,15,4.563136483335251,5.307243603823173,86.66666666666667,15,4.813002757352081,4.523028854422552,86.66666666666667,10,4.376789050750103,4.417077203802155,80.0,1,10.318367967618082,10.318367967618082,100.0,4,7.7033341719351185,7.805724041293474,100.0,33,3.744037385270923,3.7796685367193232,72.72727272727273,1,2.3864461463987356,2.3864461463987356,100.0,11,2.9159362663526838,3.7796685367193232,72.72727272727273
ED,30,1255,2.2037,5.5825,-8.9613,13.3686,37,5.376271832267554,5.7070039823745855,78.37837837837837,4,12.613589254281047,10.464580435835261,100.0,15,6.577911244689116,6.7964420406619155,86.66666666666667,15,5.278409796009609,4.85741005079199,66.66666666666666,10,4.869068100393688,5.8722658282712095,60.0,1,22.728754104791747,22.728754104791747,100.0,4,12.613589254281047,10.464580435835261,100.0,33,3.542566250392902,3.565543548757142,63.63636363636363,1,6.690154316672271,6.690154316672271,100.0,11,1.259088392377851,1.363242564838809,54.54545454545454
ED,60,1255,2.2037,5.5825,-8.9613,13.3686,37,7.16968114651459,4.926612028798344,78.37837837837837,4,20.61917160871005,23.048481816263795,100.0,15,10.695268051996774,11.039874333803585,93.33333333333333,15,4.924819487662687,4.87941330375435,60.0,10,7.545720961795017,5.623117421087036,80.0,1,24.061793991794694,24.061793991794694,100.0,4,20.61917160871005,23.048481816263795,100.0,33,2.1187757604013027,3.0443936973705865,66.66666666666666,1,9.830596414294629,9.830596414294629,100.0,11,0.12694496625184357,2.1412301062853354,54.54545454545454
EFX,10,1255,-2.0356,11.2747,-24.5849,20.5137,36,6.470386511861506,5.699353822547968,100.0,5,9.222345911860366,8.493191889791479,100.0,8,8.926748604686885,8.303568249834353,100.0,17,5.266534680985578,5.018510921493805,100.0,9,5.101708141246214,3.4931091410094846,100.0,0,,,,6,11.238412505052267,9.001513909121835,100.0,36,6.633990720788033,6.400789043244721,100.0,1,3.027026752432683,3.027026752432683,100.0,13,8.210043510899673,8.974207761338143,100.0
EFX,20,1255,-2.0356,11.2747,-24.5849,20.5137,36,6.544002700927576,4.900624850687757,77.77777777777779,5,15.94435574772431,13.672165755523338,80.0,8,13.7963230605009,13.09378173441583,75.0,17,4.51526992278209,5.036735644562775,76.47058823529412,9,1.7600111271132721,3.8280841397632965,66.66666666666666,0,,,,6,18.198561568498103,21.570878213945207,83.33333333333334,36,7.181095869010083,7.840895427915248,80.55555555555556,1,1.713178877106684,1.713178877106684,100.0,13,7.449783957328553,8.58426176804983,76.92307692307693
EFX,30,1255,-2.0356,11.2747,-24.5849,20.5137,36,7.000376251830099,7.1155441767864325,66.66666666666666,5,21.50060096838545,23.73349086933564,80.0,8,17.577066249071315,15.65829115878234,75.0,17,3.237105561562945,4.033360090633406,58.82352941176471,9,-1.3157432492615893,-2.4355845656557253,33.33333333333333,0,,,,6,22.217246370702185,24.766982125810753,83.33333333333334,36,7.219848192605081,9.616146386657652,80.55555555555556,1,0.491185991206528,0.491185991206528,100.0,13,5.077603108851021,9.844697536936495,69.23076923076923
EFX,60,1255,-2.0356,11.2747,-24.5849,20.5137,36,6.3112626423424025,3.3937841648579656,55.55555555555556,5,23.96861798778025,17.33141241116585,80.0,8,16.564629087770165,14.939088344861897,62.5,17,2.3618994926069066,-3.4826069788658445,41.17647058823529,9,1.196449366531255,-2.919183713169631,33.33333333333333,0,,,,6,24.765592783025095,23.04093958520759,83.33333333333334,36,6.718937441672064,9.503585632404072,72.22222222222221,1,-4.411461782916063,-4.411461782916063,0.0,13,5.667535187141572,5.604999359228832,69.23076923076923
EG,10,1255,1.4831,6.3255,-11.1678,14.134,40,5.423711620220045,5.865881231735278,100.0,4,6.012295164453524,5.58799700101522,100.0,21,5.4648161732517195,6.115363157436211,100.0,18,5.5559171954031354,6.025534075494482,100.0,10,6.413636234771674,6.5771535451193035,100.0,0,,,,3,7.472113892497902,6.401881945543185,100.0,35,4.927705254218732,4.3030156584776,100.0,4,5.47444803164808,3.3080912287193236,100.0,7,4.466061546992341,4.3030156584776,100.0
EG,20,1255,1.4831,6.3255,-11.1678,14.134,40,5.560351478867331,5.95838193922269,90.0,4,6.455113726402197,7.030680862849586,100.0,21,5.49701011707391,5.566098872988387,90.47619047619048,18,6.373174277603688,7.091265942523652,88.88888888888889,10,5.386150517318242,8.008623051958939,80.0,0,,,,3,5.730219816825842,5.4315662705679095,100.0,35,4.824426002103473,4.629981373879718,85.71428571428571,4,2.3525155150301194,0.7147946087422008,100.0,7,5.556695375733576,5.319853092340633,100.0
EG,30,1255,1.4831,6.3255,-11.1678,14.134,40,5.530898324542611,4.490765648483605,80.0,4,9.236169079340247,10.20923734854118,100.0,21,5.758549496295286,4.3125878663727155,76.19047619047619,18,6.445541504991307,4.0846811530450955,83.33333333333334,10,4.869701163178049,3.342525145393819,90.0,0,,,,3,9.327908609638287,11.457524208636235,100.0,35,3.842212284429089,3.8988979877653596,82.85714285714286,4,-0.2498781174101925,-0.8446578217246694,50.0,7,3.9315023780077776,3.8988979877653596,85.71428571428571
EG,60,1255,1.4831,6.3255,-11.1678,14.134,40,7.239881398740819,5.827136431820671,82.5,4,9.72749755651857,9.858651373676038,100.0,21,7.147977336307393,6.101565052316387,80.95238095238095,18,8.09830429784846,4.147991847125269,83.33333333333334,10,6.580250326781036,6.199679742214418,80.0,0,,,,3,8.823413502127691,7.277553027660866,100.0,35,2.5574067923219284,4.713038281724664,74.28571428571429,4,-2.623367422003538,-2.175273674916089,25.0,7,3.568840647399876,4.508903758854968,85.71428571428571
EIX,10,1255,1.2341,11.4391,-21.6441,24.1124,36,5.564272010906788,5.352129970921114,100.0,2,10.594223225710937,10.594223225710937,100.0,7,7.293707742944457,6.388797695726884,100.0,19,5.101885169353989,4.026192268340659,100.0,7,4.172013871107642,4.4028023229498015,100.0,0,,,,2,10.594223225710937,10.594223225710937,100.0,32,4.6984711222893125,4.325395137908183,100.0,0,,,,6,3.9793276129293553,4.444830572223809,100.0
EIX,20,1255,1.2341,11.4391,-21.6441,24.1124,36,5.576857505870994,5.944816367468809,86.11111111111111,2,11.984566632734154,11.984566632734154,100.0,7,7.709310195329659,6.016449565016078,100.0,19,4.568055667214506,5.744348848581423,84.21052631578947,7,0.15649826385734603,4.617297770885545,57.14285714285714,0,,,,2,11.984566632734154,11.984566632734154,100.0,32,4.387692692685614,4.26060119510135,81.25,0,,,,6,5.392422170379601,5.682008723852732,100.0
EIX,30,1255,1.2341,11.4391,-21.6441,24.1124,36,7.4973783409375905,8.959154074149598,77.77777777777779,2,13.077945003408697,13.077945003408697,100.0,7,10.865216232580703,10.284875660572029,85.71428571428571,19,6.532835024296483,8.92504202348929,73.68421052631578,7,2.4918620722627134,4.915049738132268,57.14285714285714,0,,,,2,13.077945003408697,13.077945003408697,100.0,32,4.211512809689626,2.106020777656652,71.875,0,,,,6,4.3243328922360424,1.7668668206884517,83.33333333333334
EIX,60,1255,1.2341,11.4391,-21.6441,24.1124,36,7.963715080195588,9.281548045767993,75.0,2,5.849155163100428,5.849155163100428,50.0,7,12.93104040495284,16.845197311811393,71.42857142857143,19,4.866097733417739,7.676135557240501,68.42105263157895,7,-1.5819865412016927,-1.0383510886296827,42.857142857142854,0,,,,2,5.849155163100428,5.849155163100428,50.0,32,2.9885229823372157,1.4009574416962165,53.125,0,,,,6,4.035915226110944,5.915885259810016,66.66666666666666
EL,10,1255,-7.8644,16.5168,-40.898,25.1692,31,10.236138685376805,9.941638246355817,100.0,4,15.320302894918747,15.511408998434732,100.0,13,11.741694797523923,11.733598470504198,100.0,11,8.656423995087403,6.775517844060695,100.0,6,6.986733515042574,6.958932395995563,100.0,1,14.382729520836577,14.382729520836577,100.0,4,15.320302894918747,15.511408998434732,100.0,28,9.099128327671737,8.288002625161077,100.0,1,5.787196781319166,5.787196781319166,100.0,14,7.644171591532509,7.459827298920594,100.0
EL,20,1255,-7.8644,16.5168,-40.898,25.1692,31,7.597417284000949,7.0489252991013345,74.19354838709677,4,17.688731371418527,20.600423229978347,75.0,13,10.380021844772594,9.273208195647657,76.92307692307693,11,6.517395057535057,7.0489252991013345,72.72727272727273,6,2.5706059987726486,2.486621605193128,66.66666666666666,1,18.377939907178977,18.377939907178977,100.0,4,17.688731371418527,20.600423229978347,75.0,28,9.61355487734269,10.985079318263722,92.85714285714286,1,0.9554747030086715,0.9554747030086715,100.0,14,9.932974839605297,10.404745918897504,100.0
EL,30,1255,-7.8644,16.5168,-40.898,25.1692,31,7.374895096529493,5.248129734451307,67.74193548387096,4,23.814527113081724,23.63836937405364,100.0,13,9.159756177477894,5.261271261680744,76.92307692307693,11,6.350076706467283,2.934038994445386,63.63636363636363,6,0.14684577514903255,-2.66316407027118,50.0,1,27.16739346713357,27.16739346713357,100.0,4,23.814527113081724,23.63836937405364,100.0,28,12.274190971817987,12.432031212765388,89.28571428571429,1,4.755687676364897,4.755687676364897,100.0,14,12.548267799359296,12.089289496026993,85.71428571428571
EL,60,1255,-7.8644,16.5168,-40.898,25.1692,31,4.282420959754745,3.3992331124292674,51.61290322580645,4,22.880371327584882,21.152307318497392,75.0,13,9.836140114794794,3.3992331124292674,53.84615384615385,11,8.605248875642102,6.0407525304695335,63.63636363636363,6,-10.459466904869114,-15.70760739895201,16.666666666666664,1,72.2522912814059,72.2522912814059,100.0,4,22.880371327584882,21.152307318497392,75.0,28,15.916099724898567,17.043028511218807,92.85714285714286,1,4.063917795432711,4.063917795432711,100.0,14,16.083819239274156,15.089212159693918,100.0
ELV,10,1255,-0.8246,9.5378,-19.9003,18.2511,37,5.6698157791842805,5.2816272869023715,100.0,4,4.961093154305498,3.4093180238240826,100.0,8,6.06409150397752,4.5931396663757145,100.0,16,5.963735787346296,5.92420273336721,100.0,6,6.980027024880001,7.174948725286283,100.0,0,,,,4,4.961093154305498,3.4093180238240826,100.0,39,4.498669251945284,3.7384427146044965,100.0,0,,,,13,4.442589751529567,3.6718081174520716,100.0
ELV,20,1255,-0.8246,9.5378,-19.9003,18.2511,37,5.283700116395406,3.824593159580646,78.37837837837837,4,5.084672481459509,5.515123788589602,75.0,8,7.259788418534231,10.893386036471526,87.5,16,5.417915779395584,6.5593969993067756,81.25,6,4.8458710577761535,2.9264164872519753,100.0,0,,,,4,5.084672481459509,5.515123788589602,75.0,39,3.891583100199723,2.883714411161038,74.35897435897436,0,,,,13,4.973477116167211,2.763004279840746,76.92307692307693
ELV,30,1255,-0.8246,9.5378,-19.9003,18.2511,37,5.858433502107009,6.261261991320295,81.08108108108108,4,1.4821324803519924,-0.40321089760724327,50.0,8,6.035059829853288,7.7944412396047955,75.0,16,7.128098464153197,6.260532617655684,93.75,6,4.862060518659219,5.166252707169164,83.33333333333334,0,,,,4,1.4821324803519924,-0.40321089760724327,50.0,39,3.893568424765434,3.5875703051598617,74.35897435897436,0,,,,13,6.9200351091821934,5.739441791606685,69.23076923076923
ELV,60,1255,-0.8246,9.5378,-19.9003,18.2511,37,6.049256256441472,6.084333395861089,78.37837837837837,4,10.684038606445831,9.272168657019627,50.0,8,7.173833083496324,3.6564864056091375,50.0,16,8.209623668697159,6.933884709757137,93.75,6,1.8261222604944145,2.572358676370531,66.66666666666666,0,,,,4,10.684038606445831,9.272168657019627,50.0,39,3.477422837175942,3.234045538206315,58.97435897435898,0,,,,13,4.779720935274505,3.234045538206315,61.53846153846154
EME,10,1255,7.3076,11.2232,-15.1388,29.754,35,7.7363174145081155,7.053809431619565,100.0,4,7.684175681020047,6.586262037300145,100.0,13,7.833249646293051,7.071616775884344,100.0,23,8.234496855463957,7.863843452503545,100.0,11,7.100447563198872,8.191466002612852,100.0,1,14.312222063129324,14.312222063129324,100.0,4,7.684175681020047,6.586262037300145,100.0,30,5.193472599790755,4.4773257690436346,100.0,1,3.538072742409399,3.538072742409399,100.0,6,4.997836527779562,4.191181748225074,100.0
EME,20,1255,7.3076,11.2232,-15.1388,29.754,35,8.0434914220873,6.922517382530553,85.71428571428571,4,9.777438442099061,7.2542504842554365,75.0,13,9.334958257955027,6.922517382530553,84.61538461538461,23,7.200115103187728,5.405640926582899,82.6086956521739,11,4.885809588796099,5.2764506472992645,81.81818181818183,1,-2.9571267969183093,-2.9571267969183093,0.0,4,9.777438442099061,7.2542504842554365,75.0,30,3.9923734501214194,2.990206512679666,73.33333333333333,1,2.397824600378493,2.397824600378493,100.0,6,3.9943244622283984,3.6874387212531063,66.66666666666666
EME,30,1255,7.3076,11.2232,-15.1388,29.754,35,10.836871718961035,9.988803722043022,82.85714285714286,4,16.325603446169485,12.197640761262246,100.0,13,13.96861531789597,11.931284123582643,92.3076923076923,23,9.742374961337957,9.113747280249566,82.6086956521739,11,7.258104719917855,6.277765352301196,81.81818181818183,1,3.401309279051492,3.401309279051492,100.0,4,16.325603446169485,12.197640761262246,100.0,30,2.54063394541694,2.3024629325241217,60.0,1,-0.10479087121100636,-0.10479087121100636,0.0,6,1.9341937470167665,1.037283647124864,66.66666666666666
EME,60,1255,7.3076,11.2232,-15.1388,29.754,35,17.770878039821778,15.704789580563826,80.0,4,32.29811965605614,28.509094259471404,100.0,13,21.04484120574868,21.316855411969282,84.61538461538461,23,15.786106864207536,15.647967453999659,82.6086956521739,11,17.06643837677601,19.657754462939593,72.72727272727273,1,33.72349102807779,33.72349102807779,100.0,4,32.29811965605614,28.509094259471404,100.0,30,-2.6830243825331825,-1.5467129291815598,43.333333333333336,1,-8.948171425098513,-8.948171425098513,0.0,6,-1.050465469229071,-4.626270883022479,33.33333333333333
EMR,10,1255,1.7224,8.3618,-15.0012,18.446,31,6.895300356553726,6.761565119706137,100.0,2,5.526119459991024,5.526119459991024,100.0,15,6.62680163969675,6.761565119706137,100.0,14,6.751626356184588,5.372824180477627,100.0,8,5.798793142942757,5.3674859238945345,100.0,0,,,,2,5.526119459991024,5.526119459991024,100.0,34,5.5851941125257145,5.198603596549021,100.0,1,11.287837179889863,11.287837179889863,100.0,7,6.506617274775759,5.663286314188317,100.0
EMR,20,1255,1.7224,8.3618,-15.0012,18.446,31,7.351493366555054,6.826043063946575,90.32258064516128,2,11.756094579126692,11.756094579126692,100.0,15,7.7412647049199075,6.826043063946575,93.33333333333333,14,7.5820416684766405,6.823688605611844,100.0,8,2.434304696497021,3.8372215040331428,75.0,0,,,,2,11.756094579126692,11.756094579126692,100.0,34,4.876371150830469,5.797368554956081,76.47058823529412,1,10.24679638268824,10.24679638268824,100.0,7,4.3215690536443825,3.083714873647602,71.42857142857143
EMR,30,1255,1.7224,8.3618,-15.0012,18.446,31,8.764305887315997,9.05431067435534,80.64516129032258,2,20.054238069956355,20.054238069956355,100.0,15,11.449155062743397,12.475815194231158,86.66666666666667,14,6.622303682758826,3.4056747537223653,78.57142857142857,8,6.556587922131447,5.376265185485508,75.0,0,,,,2,20.054238069956355,20.054238069956355,100.0,34,4.436969459200909,5.199287511391606,76.47058823529412,1,10.944584173574649,10.944584173574649,100.0,7,5.782626243941359,7.683537372293987,71.42857142857143
EMR,60,1255,1.7224,8.3618,-15.0012,18.446,31,9.198225368016109,6.936630668955647,74.19354838709677,2,25.290028573123923,25.290028573123923,100.0,15,15.81854250938266,9.320660944391063,100.0,14,3.740536500584614,2.795444014052332,57.14285714285714,8,9.18299747667414,8.473429371070566,100.0,0,,,,2,25.290028573123923,25.290028573123923,100.0,34,3.8435721779884973,5.740776223806232,67.64705882352942,1,12.541446084505578,12.541446084505578,100.0,7,-1.4768304517083404,-0.38428002232259223,42.857142857142854
EOG,10,1255,3.1005,10.0636,-17.0267,23.2277,37,6.609273633619747,5.648853215833611,100.0,4,13.054341432757724,11.968072591073486,100.0,16,7.926762367692389,6.306987993929557,100.0,16,7.345056515115203,6.632026956980749,100.0,11,8.776441980353738,7.142225270872506,100.0,0,,,,4,13.054341432757724,11.968072591073486,100.0,36,5.947807849607492,4.975667495553758,100.0,2,6.471366116722995,6.471366116722995,100.0,8,5.391737810274657,5.902756119207011,100.0
EOG,20,1255,3.1005,10.0636,-17.0267,23.2277,37,8.515804802401515,6.828570682460959,89.1891891891892,4,16.45433863598838,19.144530833163216,100.0,16,10.170307001386695,7.012060092422736,87.5,16,8.933997040086513,7.920479193596423,87.5,11,12.564841768437022,11.077197066128766,90.9090909090909,0,,,,4,16.45433863598838,19.144530833163216,100.0,36,6.042939497703455,5.456826321301971,86.11111111111111,2,3.2023436627166544,3.2023436627166544,50.0,8,4.415541105597356,3.299207471956107,100.0
EOG,30,1255,3.1005,10.0636,-17.0267,23.2277,37,10.470770755585102,8.249638197770977,83.78378378378379,4,19.007728655803366,19.048976618491437,100.0,16,13.88307229087994,12.635524928278896,87.5,16,12.029371622503618,6.65041656531721,87.5,11,11.591846807310455,6.554396337827714,81.81818181818183,0,,,,4,19.007728655803366,19.048976618491437,100.0,36,4.431798242874496,4.347266592649206,69.44444444444444,2,-2.9822762506954312,-2.9822762506954312,0.0,8,0.9960637852298833,1.2581979451178837,50.0
EOG,60,1255,3.1005,10.0636,-17.0267,23.2277,37,11.704119931264849,10.250587488641214,67.56756756756756,4,26.237697774606566,26.614618756953437,100.0,16,21.138061219290446,19.28198195870951,100.0,16,7.727220545274456,-0.15736392679063288,50.0,11,10.230687927629564,10.250587488641214,81.81818181818183,0,,,,4,26.237697774606566,26.614618756953437,100.0,36,2.660468219687674,3.0980851545398838,61.111111111111114,2,5.812364842342886,5.812364842342886,50.0,8,-8.799952719259533,-6.46530710656873,0.0
EPAM,10,1255,-9.9153,27.5883,-65.092,45.2614,32,11.180240413943517,9.896122731510678,100.0,2,41.5602037593815,41.5602037593815,100.0,8,16.251529607216483,8.757148306829642,100.0,9,12.0836438374348,11.718820589315778,100.0,6,9.064942162873274,10.229544976641954,100.0,0,,,,1,62.49999017955526,62.49999017955526,100.0,33,8.456573230307084,6.8675644434339045,100.0,0,,,,11,10.074767842500176,7.668583674801874,100.0
EPAM,20,1255,-9.9153,27.5883,-65.092,45.2614,32,11.555878272757202,10.166406259254995,81.25,2,43.50486511458706,43.50486511458706,100.0,8,15.097700690569736,12.80657636318499,62.5,9,13.036167682232287,15.238013308596809,88.88888888888889,6,9.582462571803143,11.099495050736625,66.66666666666666,0,,,,1,70.4462226772313,70.4462226772313,100.0,33,9.522705020060101,9.813298666556145,81.81818181818183,0,,,,11,11.12747713351558,8.033292464542454,90.9090909090909
EPAM,30,1255,-9.9153,27.5883,-65.092,45.2614,32,9.16123138930235,7.22398696239801,75.0,2,47.635491066088676,47.635491066088676,100.0,8,14.883755912809232,23.85480957402938,75.0,9,7.341706231804622,10.727210717173708,66.66666666666666,6,3.083446526068663,6.042077780790649,83.33333333333334,0,,,,1,70.46911086042546,70.46911086042546,100.0,33,10.304271704588759,9.547171519093084,81.81818181818183,0,,,,11,9.633189086795864,8.60836778651578,81.81818181818183
EPAM,60,1255,-9.9153,27.5883,-65.092,45.2614,32,7.718086616304865,5.998543964588448,65.625,2,54.33411676059828,54.33411676059828,100.0,8,20.117734269847972,20.29388119227822,87.5,9,-2.9529976931183324,3.2108540114715938,55.55555555555556,6,6.128752373502542,15.39429068234385,66.66666666666666,0,,,,1,86.65903494445949,86.65903494445949,100.0,33,14.514612375519892,14.924379584780084,75.75757575757575,0,,,,11,6.309495662729356,9.609574573385938,72.72727272727273
EQIX,10,1255,0.7283,8.1024,-15.4765,16.9331,35,5.568444069718676,5.140271611105731,100.0,6,8.765141120184403,9.948525589689122,100.0,12,7.949385086468165,8.973458494095254,100.0,11,4.191903109559696,3.5334642313015516,100.0,7,6.874234238550241,5.952810616440087,100.0,0,,,,6,8.765141120184403,9.948525589689122,100.0,31,4.654808737317576,3.2099723874047768,100.0,0,,,,13,4.408753925393397,3.0928807821949342,100.0
EQIX,20,1255,0.7283,8.1024,-15.4765,16.9331,35,6.241066311906431,5.482563916864742,94.28571428571428,6,12.562715274011177,8.355606959590688,100.0,12,9.20934624414023,6.911842519271012,91.66666666666666,11,3.857523392788537,5.482563916864742,90.9090909090909,7,6.120735460297948,6.325662800128333,85.71428571428571,0,,,,6,12.562715274011177,8.355606959590688,100.0,31,4.346753478581455,3.1110083923544343,64.51612903225806,0,,,,13,3.3201472665730276,2.639699349731175,53.84615384615385
EQIX,30,1255,0.7283,8.1024,-15.4765,16.9331,35,7.776566144291633,8.003137653430104,88.57142857142857,6,14.442320262242715,12.632966719863942,100.0,12,11.03551772452684,10.988239483745438,91.66666666666666,11,6.075076012359051,7.874366533273988,81.81818181818183,7,9.192698284826763,11.030560259305304,85.71428571428571,0,,,,6,14.442320262242715,12.632966719863942,100.0,31,4.623358332574034,4.474113574186617,64.51612903225806,0,,,,13,4.709833514024354,6.05243185291075,61.53846153846154
EQIX,60,1255,0.7283,8.1024,-15.4765,16.9331,35,7.973288644911937,7.700385054246282,77.14285714285715,6,12.628411572633214,11.076022667033078,83.33333333333334,12,11.737880343971241,10.531349989865566,83.33333333333334,11,8.559283428971561,10.411447767957267,72.72727272727273,7,12.477662940552747,11.50079312229229,85.71428571428571,0,,,,6,12.628411572633214,11.076022667033078,83.33333333333334,31,4.3203977819552755,4.669782398645378,61.29032258064516,0,,,,13,4.452225541763955,4.669782398645378,53.84615384615385
EQR,10,1255,-1.2291,7.5351,-16.2994,13.8412,34,5.039990366497782,4.715014012981423,100.0,7,5.91627516085967,5.132559323670998,100.0,13,6.007772660999024,5.132559323670998,100.0,15,5.00960352076074,5.3281806928979245,100.0,8,4.6227510938741,4.715014012981423,100.0,0,,,,7,5.91627516085967,5.132559323670998,100.0,37,4.782000669017522,3.6848792134828146,100.0,1,4.430822164893253,4.430822164893253,100.0,15,5.355715164986241,4.311454930785978,100.0
EQR,20,1255,-1.2291,7.5351,-16.2994,13.8412,34,5.421935725578443,6.0132563088055475,82.35294117647058,7,6.316906520121973,5.0770615296509245,100.0,13,6.445642255044036,5.867407427615535,92.3076923076923,15,6.130961622424087,7.778469221644999,80.0,8,4.534912744929265,4.464777719825731,75.0,0,,,,7,6.316906520121973,5.0770615296509245,100.0,37,4.8939918100097515,4.908616337842359,86.48648648648648,1,5.567775174503158,5.567775174503158,100.0,15,5.912745875791604,6.336237387925937,86.66666666666667
EQR,30,1255,-1.2291,7.5351,-16.2994,13.8412,34,5.752033023175777,6.122640625249657,76.47058823529412,7,7.746215654703299,10.92077728446955,71.42857142857143,13,7.6160241652019725,8.957886687274415,76.92307692307693,15,5.8419930037059995,6.278930684627866,86.66666666666667,8,2.8693778779112984,3.050182563132386,50.0,0,,,,7,7.746215654703299,10.92077728446955,71.42857142857143,37,4.828629003314039,4.304411447032623,75.67567567567568,1,3.5264210442766197,3.5264210442766197,100.0,15,5.608973608310222,5.550681152669909,80.0
EQR,60,1255,-1.2291,7.5351,-16.2994,13.8412,34,3.892537517375586,4.803741337521105,67.64705882352942,7,4.573229787110372,5.013877539840865,85.71428571428571,13,5.310000580464786,8.656132627960545,76.92307692307693,15,3.2551123119732868,4.90949138577429,66.66666666666666,8,-0.5938505185830208,1.1280385749718829,50.0,0,,,,7,4.573229787110372,5.013877539840865,85.71428571428571,37,4.832055485160627,4.096773654848856,72.97297297297297,1,4.831336361792364,4.831336361792364,100.0,15,3.5322756901804935,2.5903823636950385,66.66666666666666
EQT,10,1255,3.9534,13.4714,-22.9895,30.8962,37,10.622885735023331,10.400330419791315,100.0,4,9.134794117497593,9.297037876915184,100.0,10,10.40075753134625,9.947779473722083,100.0,20,10.610827552439938,10.465798475826695,100.0,12,11.896938556309742,11.064914113228168,100.0,1,12.194032846180678,12.194032846180678,100.0,4,9.134794117497593,9.297037876915184,100.0,35,7.6744674524278045,6.491607590236635,100.0,2,15.24273352308192,15.24273352308192,100.0,11,7.754126184235847,5.11669728519433,100.0
EQT,20,1255,3.9534,13.4714,-22.9895,30.8962,37,10.218071664862073,9.941049689609589,83.78378378378379,4,7.144653360081943,7.581270729035106,75.0,10,7.832647439950817,8.533964483676787,90.0,20,10.648834229966408,9.736647653945347,80.0,12,9.886950405371794,9.736647653945347,83.33333333333334,1,9.532245618281106,9.532245618281106,100.0,4,7.144653360081943,7.581270729035106,75.0,35,5.964622472262831,6.213948048767167,80.0,2,21.61960333232538,21.61960333232538,100.0,11,4.474955852104434,4.148798140665425,81.81818181818183
EQT,30,1255,3.9534,13.4714,-22.9895,30.8962,37,11.602792104957603,10.44193441163005,83.78378378378379,4,5.698116277559306,5.113271706618977,50.0,10,7.651381221266253,9.810687535278532,60.0,20,11.412778468471211,10.429214826429963,90.0,12,11.601973791308739,9.683260316573719,75.0,1,10.69678884903968,10.69678884903968,100.0,4,5.698116277559306,5.113271706618977,50.0,35,3.9530856845675033,5.132934515845462,54.285714285714285,2,10.613422290163975,10.613422290163975,50.0,11,1.0912811845954933,3.858356268398485,54.54545454545454
EQT,60,1255,3.9534,13.4714,-22.9895,30.8962,37,15.221361855404473,14.029362195119116,75.67567567567568,4,16.57803052570706,16.58661318039838,75.0,10,14.790575535431733,15.802136448473071,70.0,20,11.895505011267613,12.867836828831308,75.0,12,9.454769532627159,8.91956024202269,66.66666666666666,1,24.13877942411334,24.13877942411334,100.0,4,16.57803052570706,16.58661318039838,75.0,35,0.9371056322554231,5.147721660879057,54.285714285714285,2,10.124457053192144,10.124457053192144,50.0,11,-4.643483356380184,-5.037323502586956,36.36363636363637
ERIE,10,1255,1.327,12.0811,-22.8351,25.4892,35,5.03268887689792,4.415266741227978,100.0,0,,,,15,4.558925477954137,3.272716134597243,100.0,13,5.059067863768009,3.3172685711595915,100.0,4,5.63034126990847,4.830403883924455,100.0,0,,,,0,,,,27,6.301820950899012,4.9246519740381745,100.0,0,,,,12,6.681012220225843,5.104209440431456,100.0
ERIE,20,1255,1.327,12.0811,-22.8351,25.4892,35,5.51299510188729,3.357781455031182,80.0,0,,,,15,5.248360004472967,2.5393722696791783,73.33333333333333,13,5.201804944464708,5.301912958359109,84.61538461538461,4,2.8859683105970313,2.6597106428187685,75.0,0,,,,0,,,,27,6.909396965673062,7.578559034314386,88.88888888888889,0,,,,12,6.768854865099988,7.3185213205261235,91.66666666666666
ERIE,30,1255,1.327,12.0811,-22.8351,25.4892,35,7.034734986893803,3.7313198877907903,68.57142857142857,0,,,,15,6.346846041515144,3.7313198877907903,80.0,13,6.903548902320158,5.426087040436363,61.53846153846154,4,7.263219843573844,1.7386191741479182,75.0,0,,,,0,,,,27,8.031938488385329,8.85857291823534,85.18518518518519,0,,,,12,8.837544513180125,9.950740943494285,100.0
ERIE,60,1255,1.327,12.0811,-22.8351,25.4892,35,10.035918242774557,4.171286154251025,60.0,0,,,,15,4.497784369752337,3.2504586579301566,66.66666666666666,13,12.19377525182317,10.805231453827972,69.23076923076923,4,12.690510308085365,5.972373380793276,75.0,0,,,,0,,,,27,6.530488798531653,11.354153875951765,74.07407407407408,0,,,,12,9.219678445988317,12.798990277622245,83.33333333333334
ES,10,1255,0.04,6.8946,-13.7492,13.8293,33,5.409294300567092,4.969464398404151,100.0,5,7.034084415013761,6.305803422866872,100.0,12,5.39812994854212,4.922226048881118,100.0,15,5.697860927590868,5.0196790380243845,100.0,7,5.504814692976856,5.836881095461372,100.0,0,,,,6,6.213955010480011,5.596327984746198,100.0,35,5.369372269102319,5.1607624665751235,100.0,0,,,,10,6.297813248618955,6.004696126411178,100.0
ES,20,1255,0.04,6.8946,-13.7492,13.8293,33,6.0006448417051335,6.758162793244016,81.81818181818183,5,5.816295075946153,8.956476263255485,80.0,12,6.861644489074556,8.846380587504061,83.33333333333334,15,6.858362530109809,6.468542182132129,86.66666666666667,7,4.57527126585527,6.758162793244016,57.14285714285714,0,,,,6,5.860370209298229,8.846380587504061,66.66666666666666,35,5.782644701884309,5.56214940151654,85.71428571428571,0,,,,10,7.836627507624752,8.98134040875335,90.0
ES,30,1255,0.04,6.8946,-13.7492,13.8293,33,6.698172822140807,7.263681933844425,75.75757575757575,5,9.263287626624829,14.7350521661484,80.0,12,9.714916216135832,13.103401555536777,83.33333333333334,15,6.374606447427508,6.288538188646607,73.33333333333333,7,7.877784925985215,7.263681933844425,71.42857142857143,0,,,,6,9.706812281248114,14.71067777438843,83.33333333333334,35,6.274321837237031,7.972669254188905,80.0,0,,,,10,6.333559392944386,8.465684142506191,80.0
ES,60,1255,0.04,6.8946,-13.7492,13.8293,33,5.1046196195647235,4.999995261326784,69.6969696969697,5,2.897269759635691,2.9042631727357615,60.0,12,5.10179991329211,3.8474099675963425,58.333333333333336,15,6.363170566788794,6.687420279027247,80.0,7,9.962233074339661,14.143470065036933,85.71428571428571,0,,,,6,5.08840681553831,3.8474099675963425,66.66666666666666,35,3.9378201995694977,4.655790949874381,71.42857142857143,0,,,,10,3.420576602019428,5.677792094144513,70.0
ESS,10,1255,-1.022,8.4133,-17.8486,15.8046,40,4.947161251196997,5.113588715933355,100.0,5,2.4297531123803098,2.180004214417913,100.0,11,4.427889206016913,3.32589508791545,100.0,19,5.987405707289756,5.614795162298876,100.0,9,5.9424457704700355,5.667010641848318,100.0,0,,,,5,2.4297531123803098,2.180004214417913,100.0,40,4.303369687825203,3.2151651421553016,100.0,1,5.474383063519241,5.474383063519241,100.0,15,4.361667216629761,2.2760057758378034,100.0
ESS,20,1255,-1.022,8.4133,-17.8486,15.8046,40,4.671816365573119,5.618431129951189,85.0,5,0.09714056393943338,3.1590763999426943,60.0,11,4.9079414234052825,5.2687703012096865,81.81818181818183,19,6.083513898217168,6.832604698933166,89.47368421052632,9,8.67209316774023,9.791664067970922,100.0,0,,,,5,0.09714056393943338,3.1590763999426943,60.0,40,3.7039065023486186,1.9879518527681084,72.5,1,6.776675094601179,6.776675094601179,100.0,15,2.8805487596523944,2.4836629393400993,73.33333333333333
ESS,30,1255,-1.022,8.4133,-17.8486,15.8046,40,5.752386227031915,6.626173649051117,82.5,5,2.8877431433940424,0.7668419245032312,60.0,11,7.53157422769394,9.102691997551359,81.81818181818183,19,7.455556046825723,7.971966960677761,89.47368421052632,9,10.218497062398596,9.13870724595009,100.0,0,,,,5,2.8877431433940424,0.7668419245032312,60.0,40,3.7456082666407085,3.54293435628931,72.5,1,4.114524999124422,4.114524999124422,100.0,15,1.850299676853188,2.222983151557997,66.66666666666666
ESS,60,1255,-1.022,8.4133,-17.8486,15.8046,40,5.0215573297292,2.52880593087307,70.0,5,5.093333270757066,6.471183799422718,80.0,11,6.713052073032316,6.881392244133975,81.81818181818183,19,6.9512018324024565,8.190058780282767,73.68421052631578,9,8.159835217436758,12.376522407801051,77.77777777777779,0,,,,5,5.093333270757066,6.471183799422718,80.0,40,4.847269948257501,4.4714843616353255,77.5,1,4.767267201339267,4.767267201339267,100.0,15,3.7503896118096174,4.1757015219313836,80.0
ETN,10,1255,3.527,9.839,-16.151,23.205,37,5.9023595072180335,5.702778264192358,100.0,3,4.348461660137641,5.253123074020777,100.0,13,6.426522144354727,5.253123074020777,100.0,25,6.152440301887194,6.084889867963901,100.0,9,5.667139588788712,6.431468027323923,100.0,0,,,,4,5.511640834087309,6.060612550194003,100.0,30,6.637782570438174,5.393047855524475,100.0,0,,,,6,8.58410944779932,9.516505422881664,100.0
ETN,20,1255,3.527,9.839,-16.151,23.205,37,5.4989684316433936,5.40153425513871,70.27027027027027,3,7.089507865865102,5.40153425513871,66.66666666666666,13,4.652586309014468,4.084151516522581,61.53846153846154,25,5.817824005044641,6.3151276051610985,76.0,9,2.410408676075883,-2.6177340238161233,44.44444444444444,0,,,,4,6.895912800689101,5.858330930149904,75.0,30,4.571318801827231,5.170035375154265,70.0,0,,,,6,8.047591200357118,8.257229207930257,100.0
ETN,30,1255,3.527,9.839,-16.151,23.205,37,8.285311056680698,7.395632204528408,78.37837837837837,3,15.898621963759235,16.62681996643663,66.66666666666666,13,8.466021339233087,3.975165184826375,76.92307692307693,25,8.253583641443033,7.669875638095655,80.0,9,5.589296899532946,3.975165184826375,66.66666666666666,0,,,,4,15.52095315407483,15.50738334572912,75.0,30,3.011750135328158,4.07296816184598,70.0,0,,,,6,5.010574525165531,5.7696890870504465,83.33333333333334
ETN,60,1255,3.527,9.839,-16.151,23.205,37,9.641158178803495,7.905060402646533,70.27027027027027,3,25.379344682779386,15.706075647998002,100.0,13,12.535746674355686,14.627466392698937,76.92307692307693,25,9.399691353490516,5.533715928538423,68.0,9,12.483621426743802,14.969981906966717,88.88888888888889,0,,,,4,25.734015573344937,21.2520519465198,100.0,30,0.25723540473544854,-0.33233352898746304,50.0,0,,,,6,0.7956904444840497,0.7871814185197303,50.0
ETR,10,1255,3.3727,6.1011,-8.8296,15.5749,37,4.874617916902901,4.335107004299423,97.2972972972973,3,7.558564566284869,7.124726517342536,100.0,15,6.316657735320062,6.926445884861196,100.0,22,4.654185578634171,4.590264157340221,95.45454545454545,7,5.160756419014062,5.9856652853097145,100.0,1,7.124726517342536,7.124726517342536,100.0,3,7.558564566284869,7.124726517342536,100.0,37,3.9886444295066203,3.477633717867459,100.0,3,3.924229964429978,4.230542628706095,100.0,10,4.049514188083288,3.7840181692241552,100.0
ETR,20,1255,3.3727,6.1011,-8.8296,15.5749,37,4.815531882524154,6.108814981836925,75.67567567567568,3,8.375263623157792,7.573695301762435,100.0,15,5.7253011575962685,6.638875455160166,80.0,22,5.620148807614836,7.408172412441641,81.81818181818183,7,7.314206892590993,7.424058899308047,100.0,1,7.573695301762435,7.573695301762435,100.0,3,8.375263623157792,7.573695301762435,100.0,37,2.602509537839798,2.8718764494161775,75.67567567567568,3,-1.2621669796164983,-1.715974980220583,33.33333333333333,10,3.39626577813918,3.5001341082029733,90.0
ETR,30,1255,3.3727,6.1011,-8.8296,15.5749,37,6.327505643940961,6.646893591316952,83.78378378378379,3,12.91343160304398,12.34627476698527,100.0,15,6.722612223427303,8.072047941685664,93.33333333333333,22,7.3844356634804305,9.020734115577389,86.36363636363636,7,9.77293180898464,8.072047941685664,100.0,1,12.34627476698527,12.34627476698527,100.0,3,12.91343160304398,12.34627476698527,100.0,37,2.4070962794295467,3.027163601158376,70.27027027027027,3,0.7082398996421464,0.8184176639195575,66.66666666666666,10,2.936989754653665,3.5709018940807056,70.0
ETR,60,1255,3.3727,6.1011,-8.8296,15.5749,37,9.408440813056936,10.264631699470133,91.8918918918919,3,14.82929680949753,14.208556276314496,100.0,15,6.681411813180179,6.184327632883942,86.66666666666667,22,11.213543482404544,12.047777671887882,90.9090909090909,7,14.360135683997626,14.34266178330123,100.0,1,16.845593363533006,16.845593363533006,100.0,3,14.82929680949753,14.208556276314496,100.0,37,-0.4246410142119294,-0.8095401152737878,48.64864864864865,3,-4.8864751194569385,-5.747622869984123,33.33333333333333,10,0.7533155725088793,1.606246369728725,60.0
EVRG,10,1255,1.5882,5.726,-9.8639,13.0402,46,4.181878919716331,4.223966983870456,100.0,8,4.737638647505508,5.12279799459402,100.0,17,4.977403955871148,4.960841650632932,100.0,27,4.702247599608174,4.960841650632932,100.0,10,5.888892366139159,5.748928187671289,100.0,3,5.41404638156287,6.434990484061948,100.0,7,4.495159813711731,4.844102034931887,100.0,37,3.9929252470293806,3.676831902141795,97.2972972972973,0,,,,12,4.829449719620915,4.334027711276118,100.0
EVRG,20,1255,1.5882,5.726,-9.8639,13.0402,46,4.857641987672909,5.935814886939767,82.6086956521739,8,5.105127216645583,6.669202150923582,87.5,17,5.108807430193367,6.32144980971287,88.23529411764706,27,6.453950445162946,7.234613283111332,88.88888888888889,10,7.691834840588511,7.98805252202529,90.0,3,9.135850641003627,9.109065238093251,100.0,7,4.832009034432908,6.32144980971287,85.71428571428571,37,3.877870472045185,4.330564235310112,83.78378378378379,0,,,,12,4.606474027769134,4.524990810582773,100.0
EVRG,30,1255,1.5882,5.726,-9.8639,13.0402,46,5.5125838103835045,6.019592477566018,82.6086956521739,8,6.002751136867701,7.946048502663038,75.0,17,6.033245798865217,7.5371857536488385,82.35294117647058,27,7.320338438279213,6.945615504185485,88.88888888888889,10,9.144600730120377,10.326737226690106,100.0,3,10.420490974418671,11.246343816004675,100.0,7,4.993213641696536,7.348616850232258,71.42857142857143,37,2.9103807880110475,2.763213513507322,64.86486486486487,0,,,,12,3.035942687798434,2.7479287498460856,58.333333333333336
EVRG,60,1255,1.5882,5.726,-9.8639,13.0402,46,7.013310755564624,6.867301675335577,84.78260869565217,8,7.974040696649361,6.590273060157567,87.5,17,4.9934709069779535,5.734508497087494,76.47058823529412,27,7.614574011545245,8.78561666801254,88.88888888888889,10,10.889803927257887,12.183381858376864,90.0,3,14.006949397726913,16.72012764514354,100.0,7,6.724599704007336,5.734508497087494,85.71428571428571,37,1.1558375743071645,-0.16927172413636266,48.64864864864865,0,,,,12,3.1063268454683874,1.2818153990169259,58.333333333333336
EW,10,1255,-2.4074,11.8721,-26.1517,21.3369,36,5.859453488118705,4.911320043108995,100.0,5,6.431343562857944,6.013400513750898,100.0,13,5.293933141121015,4.32135770715106,100.0,9,5.852337739502229,5.641487483002953,100.0,10,5.886771430912925,5.086238302622233,100.0,0,,,,4,7.641365153276196,7.748456831996432,100.0,34,5.811704652652902,5.3477535837719365,100.0,0,,,,14,7.180913608621024,6.011625027373732,100.0
EW,20,1255,-2.4074,11.8721,-26.1517,21.3369,36,6.7186068275457504,6.705504780776591,86.11111111111111,5,10.414136902569378,8.831639375292161,100.0,13,3.5405006300301642,4.026572294560306,69.23076923076923,9,8.365783767384627,7.071240626061245,100.0,10,5.443435903376147,4.115106382801386,80.0,0,,,,4,12.011028054571646,10.433162844934737,100.0,34,6.452472666881933,3.9257483207130286,85.29411764705883,0,,,,14,4.024512093827774,3.4195305086326777,85.71428571428571
EW,30,1255,-2.4074,11.8721,-26.1517,21.3369,36,8.602036429464682,8.266457531628808,86.11111111111111,5,13.345695105752,11.909542219081576,100.0,13,6.133138745834675,7.134519002524023,76.92307692307693,9,5.455298467791683,6.374450168063321,88.88888888888889,10,7.676606286281027,10.074652053187418,90.0,0,,,,4,14.253723767156313,12.922846463381628,100.0,34,4.708509238154614,4.66520977510751,67.64705882352942,0,,,,14,2.8674506025867132,2.830804488201589,64.28571428571429
EW,60,1255,-2.4074,11.8721,-26.1517,21.3369,36,7.51672479434168,9.909843524298779,77.77777777777779,5,16.33105798620875,17.70518550259147,100.0,13,9.960445172210576,12.427745664739884,84.61538461538461,9,-0.3874540113417784,3.664428549198806,66.66666666666666,10,8.000444522214721,13.359990606007475,80.0,0,,,,4,18.154929888320126,18.445854899199666,100.0,34,6.554023200690781,5.027964362798405,76.47058823529412,0,,,,14,2.894832812279042,1.4984429793181056,64.28571428571429
EXC,10,1255,1.6628,6.59,-11.5172,14.8428,36,4.966394286480618,4.429191226259811,100.0,5,5.074007918592812,5.021775977167097,100.0,11,4.795598670711261,4.498838617102389,100.0,22,4.854592694624002,4.289152188825674,100.0,9,4.699139514770858,4.359543835417234,100.0,1,6.624311775779895,6.624311775779895,100.0,4,4.686431954296042,4.5086307252997155,100.0,33,4.3398606942661875,3.6402565811591328,100.0,1,4.636816359936267,4.636816359936267,100.0,5,7.347086365720097,5.979618233940897,100.0
EXC,20,1255,1.6628,6.59,-11.5172,14.8428,36,5.005837128358215,4.0147311345567145,86.11111111111111,5,8.519608056818743,6.819838644369848,100.0,11,7.45045958727687,6.819838644369848,100.0,22,4.673782018283389,3.5460245866586826,86.36363636363636,9,4.038283013794993,4.055934711447917,77.77777777777779,1,6.819838644369848,6.819838644369848,100.0,4,8.944550409930969,7.7081364270126205,100.0,33,3.604951024593653,3.4105120474917676,72.72727272727273,1,5.538483571322958,5.538483571322958,100.0,5,8.66316562336336,7.5769952658354525,80.0
EXC,30,1255,1.6628,6.59,-11.5172,14.8428,36,6.7085315877971805,6.8334835773242695,88.88888888888889,5,11.531123237972938,12.02639890645196,100.0,11,9.542648989698819,10.661709317057783,100.0,22,6.01396591194694,6.274908144835285,86.36363636363636,9,6.877601539048317,9.31121331545501,88.88888888888889,1,12.02639890645196,12.02639890645196,100.0,4,11.407304320853184,13.164371907661332,100.0,33,3.4435247693667845,2.0374788231165355,69.6969696969697,1,1.8105213965412066,1.8105213965412066,100.0,5,7.902275429187076,5.232175701236631,80.0
EXC,60,1255,1.6628,6.59,-11.5172,14.8428,36,6.768170660869661,5.790828010305718,69.44444444444444,5,12.46774435453712,12.476993760668842,100.0,11,10.019471615716457,12.476993760668842,81.81818181818183,22,5.798943218604151,4.216400759996314,68.18181818181817,9,10.909192514586353,9.216464448358117,88.88888888888889,1,9.216464448358117,9.216464448358117,100.0,4,13.28056433108187,13.117591590597119,100.0,33,2.302033643275367,3.7491385758347406,66.66666666666666,1,12.292897928933275,12.292897928933275,100.0,5,2.890659297459158,1.9194052896217801,80.0
EXE,10,1255,3.391,10.5005,-17.6101,24.3921,36,7.404689108723916,6.121678307469475,100.0,4,6.575642009873601,4.561996377053237,100.0,12,7.020216611040905,5.191256292751657,100.0,23,8.41971779574248,6.631667100918349,100.0,9,8.089508967683516,6.912275425673292,100.0,0,,,,3,4.050317600583706,4.309580683681625,100.0,42,5.2596778238183495,4.63691369702709,100.0,3,9.305191822339365,9.481318537070544,100.0,8,5.108634143263146,3.4537102385347502,100.0
EXE,20,1255,3.391,10.5005,-17.6101,24.3921,36,8.199914275559788,6.1401510433064,80.55555555555556,4,7.948670151353248,6.376695832473318,75.0,12,9.876546209065411,9.954449541735283,83.33333333333334,23,8.663933200572206,6.110561825507321,82.6086956521739,9,4.510259553758327,4.752409539674247,66.66666666666666,0,,,,3,3.425233333165768,0.3755088443259745,66.66666666666666,42,3.962506073610855,4.765833479304,69.04761904761905,3,5.558171920329598,6.205238490161742,66.66666666666666,8,2.543894304906849,2.27189739664912,50.0
EXE,30,1255,3.391,10.5005,-17.6101,24.3921,36,10.30935610215776,9.516777257820578,75.0,4,9.902764684453574,9.173012159409565,75.0,12,12.076334069008885,11.145795455046276,83.33333333333334,23,11.257676579252529,11.418564331392085,73.91304347826086,9,9.258194982733762,7.088160048411608,66.66666666666666,0,,,,3,5.883722198481226,6.205347761538835,66.66666666666666,42,2.7472655614036876,3.1557366022308697,57.14285714285714,3,2.640090113214059,-5.31531945544378,33.33333333333333,8,-1.0936053091248596,-0.3874399776734532,50.0
EXE,60,1255,3.391,10.5005,-17.6101,24.3921,36,13.315143091066874,13.479546395849322,80.55555555555556,4,20.790129815332804,19.799962774200235,100.0,12,17.056711256684444,15.601277120050252,91.66666666666666,23,14.053479796087592,13.902978685691359,82.6086956521739,9,15.585455646557243,24.45747865346597,66.66666666666666,0,,,,3,14.322582281879713,13.168398781679805,100.0,42,0.635267910495932,1.4856088714109201,52.38095238095239,3,-2.6772782461296907,-3.0752680213809813,33.33333333333333,8,-7.56541700951349,-5.82266378863379,25.0
EXPD,10,1255,0.4471,7.7653,-15.0835,15.9777,39,4.868737498996784,4.136836222838204,100.0,3,4.567704342690282,3.445477757727595,100.0,13,5.721506272061718,5.710880978515479,100.0,22,4.243338392789571,3.515735432952127,100.0,12,3.937947750146407,3.3066079264152797,100.0,1,6.946441754128653,6.946441754128653,100.0,3,4.567704342690282,3.445477757727595,100.0,32,4.043210936275532,3.3951567501747375,100.0,1,0.509736477270019,0.509736477270019,100.0,4,4.281268835664757,3.3155013623104432,100.0
EXPD,20,1255,0.4471,7.7653,-15.0835,15.9777,39,4.932604517099099,5.00778654613682,82.05128205128204,3,6.600626038482358,7.881986473506483,66.66666666666666,13,6.231044643223151,6.272544844814814,84.61538461538461,22,3.477854179904702,3.916607203982312,81.81818181818183,12,6.08768697153648,5.428163716060313,91.66666666666666,1,-1.2833401476706991,-1.2833401476706991,0.0,3,6.600626038482358,7.881986473506483,66.66666666666666,32,4.7684340366286335,4.292508741493126,87.5,1,-5.293419565133498,-5.293419565133498,0.0,4,4.026468314788001,2.5049492124797865,75.0
EXPD,30,1255,0.4471,7.7653,-15.0835,15.9777,39,5.0535202499318785,5.156751293612472,76.92307692307693,3,6.055582653983404,7.629230540684344,100.0,13,7.999060376092126,8.60757714095921,92.3076923076923,22,3.282755386189251,1.546806114940972,72.72727272727273,12,7.3866751251821325,8.307757973665067,83.33333333333334,1,0.22408639302516223,0.22408639302516223,100.0,3,6.055582653983404,7.629230540684344,100.0,32,4.808239267383438,5.8214499045358945,78.125,1,-3.5028103912530106,-3.5028103912530106,0.0,4,3.115410010816513,-0.8416235759108551,50.0
EXPD,60,1255,0.4471,7.7653,-15.0835,15.9777,39,5.787770164156975,4.82994640880809,76.92307692307693,3,10.114461773810808,5.650945861278571,100.0,13,7.564300411070241,6.5803356220686435,76.92307692307693,22,4.726659034632769,4.64307508281148,81.81818181818183,12,9.407545984112318,8.573691504847918,83.33333333333334,1,5.650945861278571,5.650945861278571,100.0,3,10.114461773810808,5.650945861278571,100.0,32,3.258319396232751,4.501016093465649,71.875,1,7.979353269476171,7.979353269476171,100.0,4,10.416806989661447,11.239911130890992,100.0
EXPE,10,1255,0.7695,17.1358,-33.5021,35.041,38,10.300436295584861,10.545399840418575,100.0,2,14.321244179521742,14.321244179521742,100.0,10,10.463094562113834,10.937485884858255,100.0,17,9.972238792889842,7.053821558854273,100.0,8,14.903307662284753,15.699247045322865,100.0,0,,,,3,10.66244468670519,10.885583242604145,100.0,38,7.813870258238703,6.152840623521987,100.0,0,,,,12,8.635026092737185,5.889397113477612,100.0
EXPE,20,1255,0.7695,17.1358,-33.5021,35.041,38,10.577184921861846,12.875273053197159,78.94736842105263,2,1.8353765451666355,1.8353765451666355,50.0,10,12.765674070219557,14.474937934025704,90.0,17,9.48512840664875,4.922441085608975,70.58823529411765,8,14.296442705276839,16.387115147254264,75.0,0,,,,3,3.5166650291090114,6.879241996993763,66.66666666666666,38,5.707353779441038,4.9301062968352625,76.31578947368422,0,,,,12,6.849395706365119,6.471988381811004,75.0
EXPE,30,1255,0.7695,17.1358,-33.5021,35.041,38,9.592575369309415,8.313361671745103,76.31578947368422,2,1.2433126604695346,1.2433126604695346,50.0,10,9.145546494977449,12.448533238548205,70.0,17,11.317046973009113,6.595916398088677,70.58823529411765,8,13.819675014257204,10.675193561228856,87.5,0,,,,3,0.7917017520453057,-0.11152006480315207,33.33333333333333,38,4.967483037128947,5.434763175502326,63.1578947368421,0,,,,12,8.855299026312892,6.973053507314821,66.66666666666666
EXPE,60,1255,0.7695,17.1358,-33.5021,35.041,38,13.28389227720636,9.971305250767912,71.05263157894737,2,-0.9026426687587765,-0.9026426687587765,50.0,10,10.8687263011267,7.175749881308782,80.0,17,14.742440797019247,10.00575153147346,58.82352941176471,8,12.271672090742218,10.786141218776415,62.5,0,,,,3,-2.1181006531604587,-4.5490166219638235,33.33333333333333,38,0.44543420251669635,0.26890076593509105,50.0,0,,,,12,0.11809996549973405,-9.343859454537505,41.66666666666667
EXR,10,1255,-1.2339,9.9524,-21.1386,18.6708,35,5.7781784022301155,5.374085608749185,100.0,5,8.949595181257584,8.261063467245776,100.0,14,6.131936256792462,5.31837359107076,100.0,14,5.021597474479667,4.868276597235928,100.0,4,5.1171833752873646,5.233363142601168,100.0,0,,,,4,10.462506527845227,9.931819610853108,100.0,38,6.336592295359085,5.773353656188888,100.0,2,10.0347053640562,10.0347053640562,100.0,10,5.740467375651467,4.475921107572743,100.0
EXR,20,1255,-1.2339,9.9524,-21.1386,18.6708,35,6.601316630308526,5.924387829248276,82.85714285714286,5,13.471183695653064,15.662237974446189,100.0,14,8.20114049292669,6.188405512558315,85.71428571428571,14,6.609981519340443,5.94069102231713,85.71428571428571,4,8.20450744887746,6.3631077236834805,100.0,0,,,,4,15.27195980055469,15.974232323017858,100.0,38,4.908837487988611,4.542361132029729,78.94736842105263,2,12.364381649097169,12.364381649097169,100.0,10,2.507199165980296,3.006269167644625,80.0
EXR,30,1255,-1.2339,9.9524,-21.1386,18.6708,35,6.368512623169622,4.784210088467539,74.28571428571429,5,14.656267497041847,14.585047640467863,80.0,14,9.27278622045263,9.37888285146644,78.57142857142857,14,4.52381579927454,4.659370401091274,71.42857142857143,4,7.043326133815596,9.157898451298083,75.0,0,,,,4,18.79346805279239,14.716896762475473,100.0,38,5.187325501636674,4.570324537209798,73.68421052631578,2,14.714088389215101,14.714088389215101,100.0,10,-0.6498495778092209,1.3153666602521548,60.0
EXR,60,1255,-1.2339,9.9524,-21.1386,18.6708,35,7.289800786608236,5.292957503913881,60.0,5,23.845266015704603,18.964571834241767,100.0,14,10.495168027815035,11.15454090604703,78.57142857142857,14,5.543190845103038,0.5072961394050088,50.0,4,10.26192530793456,9.984095648462901,75.0,0,,,,4,25.723189690392065,23.880585913338365,100.0,38,4.412609781793694,6.513646390134909,73.68421052631578,2,8.285396158455367,8.285396158455367,100.0,10,-3.6190950512270157,-1.301884148536957,50.0
F,10,1255,-0.0239,13.7305,-27.4848,27.437,35,7.062793356485661,5.908511463513909,100.0,5,7.874668526930911,8.937208977385911,100.0,9,8.701108668125137,6.1832483906650175,100.0,22,5.882356676297156,5.127558429339768,100.0,9,9.381636910170226,5.908511463513909,100.0,1,1.1363685085779134,1.1363685085779134,100.0,4,6.813010425238725,5.508105300733685,100.0,36,6.943942062863911,5.524078003787402,100.0,3,8.189176332263706,3.0303105310690306,100.0,5,6.94328878688386,4.162917876794845,100.0
F,20,1255,-0.0239,13.7305,-27.4848,27.437,35,8.979021520969823,7.796270486148781,82.85714285714286,5,10.638757417516366,7.796270486148781,60.0,9,10.820013488234416,7.796270486148781,66.66666666666666,22,8.018358506000391,7.045912756815415,81.81818181818183,9,8.531011566390212,7.796270486148781,77.77777777777779,1,-4.381378621728017,-4.381378621728017,0.0,4,9.588282902178513,1.7074459322103817,50.0,36,5.956782353685527,4.216623912241367,77.77777777777779,3,7.796560165731942,4.248058472722796,66.66666666666666,5,6.0988667446189595,2.900922176661103,80.0
F,30,1255,-0.0239,13.7305,-27.4848,27.437,35,10.419841263783983,8.844140255522225,80.0,5,10.81306734640015,14.003925092833747,60.0,9,12.96466763746948,15.489695522890113,66.66666666666666,22,8.678442192341477,8.221292575988349,77.27272727272727,9,8.078681123085339,13.745665553033648,66.66666666666666,1,-15.887906330346874,-15.887906330346874,0.0,4,10.015352909791751,4.783548793413818,50.0,36,7.55047456204281,4.8734126338011485,83.33333333333334,3,8.229603751995628,6.85315574691224,66.66666666666666,5,7.8397200955986435,4.539957384259523,100.0
F,60,1255,-0.0239,13.7305,-27.4848,27.437,35,6.701240397043043,6.371362368042542,65.71428571428571,5,7.115081737295062,8.87898852515718,80.0,9,5.583920627824946,8.87898852515718,77.77777777777779,22,4.629876624795722,2.2713541129008625,59.09090909090909,9,7.67963048379264,11.837842950523267,66.66666666666666,1,-25.57762316634789,-25.57762316634789,0.0,4,6.674105040329533,11.570276370114245,75.0,36,7.167354780317306,6.956987648840849,63.888888888888886,3,25.30522840444773,23.290608113029933,100.0,5,-0.9383061045124652,-1.8715465867526753,40.0
FANG,10,1255,4.0673,10.8731,-17.679,25.8136,39,8.699462476728941,7.1394610444241415,100.0,5,11.908852267107571,13.280901958288553,100.0,15,10.261314772936249,10.647026790380913,100.0,25,8.307225891991852,6.727122455197552,100.0,11,10.17407637187148,8.188045852362327,100.0,1,5.933287018736241,5.933287018736241,100.0,6,14.285162148954013,13.4706410274337,100.0,34,6.878903361743848,6.348547315109741,100.0,0,,,,3,9.028725397907081,8.713514597052352,100.0
FANG,20,1255,4.0673,10.8731,-17.679,25.8136,39,9.528549665284219,8.007603302809668,89.74358974358975,5,11.383374585593625,8.654094578075657,100.0,15,11.055907736420336,8.654094578075657,93.33333333333333,25,8.970201211329048,6.46503883323345,88.0,11,13.963239211747409,14.985163959059399,90.9090909090909,1,6.819260863792439,6.819260863792439,100.0,6,15.788034453341924,12.340241731476874,100.0,34,6.251741142440698,5.605850838686736,67.64705882352942,0,,,,3,12.882173325525928,12.99811083724788,100.0
FANG,30,1255,4.0673,10.8731,-17.679,25.8136,39,11.134261796597558,7.7412569631350125,84.61538461538461,5,13.502659933388662,15.100853867002018,80.0,15,11.050943419577008,7.644059664696518,86.66666666666667,25,13.208647764625653,8.535297503471678,84.0,11,16.147031237097405,12.481670082880822,90.9090909090909,1,15.678757357382242,15.678757357382242,100.0,6,19.087243502182076,15.38980561219213,83.33333333333334,34,4.499558588109688,5.291615626205214,70.58823529411765,0,,,,3,11.86329231624446,8.369529312580397,100.0
FANG,60,1255,4.0673,10.8731,-17.679,25.8136,39,12.32487956566082,10.533609849844385,76.92307692307693,5,14.24309643229825,14.847199635370842,80.0,15,10.558972682216899,7.763537485328256,80.0,25,12.69409539962499,11.286922116928228,76.0,11,15.343538293798671,19.456632187243958,72.72727272727273,1,14.847199635370842,14.847199635370842,100.0,6,15.702965613030097,15.653784200562653,83.33333333333334,34,2.3615678672045517,3.841331258148306,67.64705882352942,0,,,,3,20.382854406347416,16.223223170349367,100.0
FAST,10,1255,2.1177,7.6863,-13.255,17.4904,34,5.585319225542955,5.180435034925869,100.0,6,7.554919235538823,8.180627049216978,100.0,11,6.850303150335285,6.002544856101603,100.0,21,5.064426648590107,3.737172615938525,100.0,5,6.596135157229557,6.002544856101603,100.0,5,6.830441161930525,6.002544856101603,100.0,5,8.630946139436393,10.358709242332353,100.0,34,4.068472624031545,3.2599488747092398,100.0,1,0.7113170115787261,0.7113170115787261,100.0,2,5.101700344479643,5.101700344479643,100.0
FAST,20,1255,2.1177,7.6863,-13.255,17.4904,34,6.500280797096414,7.524934716938894,88.23529411764706,6,13.077313353789565,14.91772934685791,100.0,11,10.211458238774021,10.846874330234721,90.9090909090909,21,5.735038749578317,4.468187125561396,80.95238095238095,5,8.872596460532634,8.188541431635175,100.0,5,12.728499995371957,15.014078547838213,100.0,5,14.7991385994352,15.014078547838213,100.0,34,2.633294974284121,1.9046769432518347,61.76470588235294,1,5.429761032667751,5.429761032667751,100.0,2,0.014291182295462335,0.014291182295462335,50.0
FAST,30,1255,2.1177,7.6863,-13.255,17.4904,34,7.454852055560166,7.345069807748916,85.29411764705883,6,11.356151916884889,10.795258751084555,100.0,11,10.884171571348304,14.074039239291944,90.9090909090909,21,5.596156782749098,4.467827476476982,76.19047619047619,5,10.148690558443935,11.323624986038675,80.0,5,12.124086647686433,14.074039239291944,100.0,5,13.10543463103204,14.074039239291944,100.0,34,2.362849961506841,-0.06339414418894251,50.0,1,10.954354426149509,10.954354426149509,100.0,2,0.08522085093303255,0.08522085093303255,50.0
FAST,60,1255,2.1177,7.6863,-13.255,17.4904,34,9.266805686559774,11.765171717319518,76.47058823529412,6,9.777233715458202,9.728045940931999,100.0,11,8.62187768103635,12.66153688209219,81.81818181818183,21,4.6829119107326065,4.468822813038971,66.66666666666666,5,13.43940650230348,18.686213873531802,100.0,5,8.82671261938412,6.79455499977181,100.0,5,10.37376945859548,12.66153688209219,100.0,34,1.3157158770532806,0.7466434914573905,52.94117647058824,1,12.098147871050651,12.098147871050651,100.0,2,-7.879044978627839,-7.879044978627839,0.0
FCX,10,1255,1.5806,14.2936,-27.0067,30.1678,34,9.369701612967678,9.806431012945332,100.0,2,16.216311512902223,16.216311512902223,100.0,15,11.534320652116822,11.057683732452112,100.0,14,9.654555185348203,10.12772098599531,100.0,11,10.99300366951692,11.057683732452112,100.0,0,,,,2,16.216311512902223,16.216311512902223,100.0,29,8.563882984193937,6.9559786405315185,100.0,0,,,,6,10.512225663428977,7.592857768586304,100.0
FCX,20,1255,1.5806,14.2936,-27.0067,30.1678,34,12.28810207668629,14.106362800071405,79.41176470588235,2,27.463961212430107,27.463961212430107,100.0,15,12.91642101325881,15.537478221434997,80.0,14,12.570713928255213,12.95891792290887,92.85714285714286,11,14.560782567471215,14.87715086420051,100.0,0,,,,2,27.463961212430107,27.463961212430107,100.0,29,8.800787101935045,9.489025083112832,79.3103448275862,0,,,,6,8.244978496760764,7.991187346025048,83.33333333333334
FCX,30,1255,1.5806,14.2936,-27.0067,30.1678,34,11.27415722839617,7.518754339196553,76.47058823529412,2,33.07102048029283,33.07102048029283,100.0,15,14.404625092021739,14.220646960389471,80.0,14,7.443907166866258,5.557658190165218,71.42857142857143,11,12.200364981246283,14.220646960389471,81.81818181818183,0,,,,2,33.07102048029283,33.07102048029283,100.0,29,6.353542284490515,7.6740805989242915,68.96551724137932,0,,,,6,4.175890854777944,9.095042289452685,83.33333333333334
FCX,60,1255,1.5806,14.2936,-27.0067,30.1678,34,15.566293119731267,13.63490332061258,76.47058823529412,2,36.55051217609101,36.55051217609101,100.0,15,19.826380743436722,17.05266860275123,93.33333333333333,14,10.91613688349886,6.451977456045196,64.28571428571429,11,12.43433005530862,14.267800358523496,81.81818181818183,0,,,,2,36.55051217609101,36.55051217609101,100.0,29,5.420545512548353,6.069382407188418,65.51724137931035,0,,,,6,0.038094586917929295,4.197550446975514,66.66666666666666
FDS,10,1255,-2.9764,12.5957,-28.1677,22.2149,33,5.523157036638522,5.172003022985268,100.0,2,6.630429102108108,6.630429102108108,100.0,7,6.7524065570661245,6.686728077374153,100.0,21,5.391984519999561,5.172003022985268,100.0,8,5.530117296386119,5.494349872051975,100.0,0,,,,2,6.630429102108108,6.630429102108108,100.0,32,5.50595416896523,4.362432893742727,100.0,0,,,,6,6.473779467264065,6.438531951773792,100.0
FDS,20,1255,-2.9764,12.5957,-28.1677,22.2149,33,5.019908736773311,5.599590307487896,81.81818181818183,2,5.626336763566279,5.626336763566279,50.0,7,3.8081512964595667,1.3387334173057164,57.14285714285714,21,5.453252014572401,6.281518474276004,90.47619047619048,8,4.738380866119067,6.293413919084605,87.5,0,,,,2,5.626336763566279,5.626336763566279,50.0,32,5.702115522869843,3.6824566163127868,84.375,0,,,,6,9.496519002060962,5.287734703657968,100.0
FDS,30,1255,-2.9764,12.5957,-28.1677,22.2149,33,5.085070732440258,6.506982215791053,72.72727272727273,2,6.863507936711879,6.863507936711879,50.0,7,3.23522171873617,10.959910776270032,57.14285714285714,21,4.988416918912494,3.3775855704152056,80.95238095238095,8,3.953889519520067,4.414734854003116,62.5,0,,,,2,6.863507936711879,6.863507936711879,50.0,32,6.529468125734372,5.1054585504790975,81.25,0,,,,6,9.877362671713687,4.73495910109817,83.33333333333334
FDS,60,1255,-2.9764,12.5957,-28.1677,22.2149,33,3.459430800692917,4.828893081200692,69.6969696969697,2,-2.4106636855617998,-2.4106636855617998,50.0,7,1.4562050987966626,5.939875355498428,57.14285714285714,21,4.842226324213708,4.952348736969341,76.19047619047619,8,0.04881851164772355,-0.027658944230030853,50.0,0,,,,2,-2.4106636855617998,-2.4106636855617998,50.0,32,6.808965829284361,4.864408699340931,71.875,0,,,,6,9.878567235914538,10.9067274273621,66.66666666666666
FDX,10,1255,0.2823,12.725,-25.1678,25.7324,30,6.607749490113603,6.396607404439134,100.0,4,5.396771884530597,5.594275905229703,100.0,10,6.318638121488914,6.499824355901508,100.0,16,5.911285956849672,5.248725287982726,100.0,4,8.04860175194414,7.6217318789369735,100.0,0,,,,4,5.396771884530597,5.594275905229703,100.0,29,5.412761676259871,5.2426258766265805,100.0,0,,,,2,6.537202654204169,6.537202654204169,100.0
FDX,20,1255,0.2823,12.725,-25.1678,25.7324,30,9.153971944496375,8.35184416388411,96.66666666666667,4,9.884824974397816,8.564842969238583,100.0,10,10.113390172964277,8.617201386180142,100.0,16,8.871315380915894,8.135997528159471,93.75,4,13.456632487858338,13.875576391571837,100.0,0,,,,4,9.884824974397816,8.564842969238583,100.0,29,5.942619345016985,5.417985926371671,93.10344827586206,0,,,,2,5.508559128678334,5.508559128678334,100.0
FDX,30,1255,0.2823,12.725,-25.1678,25.7324,30,10.540532439914877,10.663278176181066,86.66666666666667,4,14.38153508395169,13.61879798683135,100.0,10,13.610510512577866,13.61879798683135,100.0,16,9.54067885722657,7.920344196768313,81.25,4,15.327887835766717,16.789640219453993,100.0,0,,,,4,14.38153508395169,13.61879798683135,100.0,29,5.752635441088206,5.939027454487627,72.41379310344827,0,,,,2,2.26395126279876,2.26395126279876,50.0
FDX,60,1255,0.2823,12.725,-25.1678,25.7324,30,11.950436170386688,14.938385486832406,83.33333333333334,4,19.906961857718343,19.002156102723248,100.0,10,17.915485645004413,17.893789200124907,100.0,16,13.049042434088117,14.449362875480077,87.5,4,14.181564534595452,13.538839705184273,100.0,0,,,,4,19.906961857718343,19.002156102723248,100.0,29,3.9428399273806103,2.936051605514505,58.620689655172406,0,,,,2,19.218649374148214,19.218649374148214,100.0
FE,10,1255,1.9151,5.6912,-9.4672,13.2975,36,3.7661707536218216,3.7184916087206963,100.0,3,6.991053680609913,5.263167457624819,100.0,12,4.7833106093911875,5.026455143859149,100.0,17,3.378620035269702,2.687515220456228,100.0,13,4.573334741053206,4.212574158255643,100.0,1,4.789742830093478,4.789742830093478,100.0,4,6.6379182525749005,5.42083971304734,100.0,36,3.935010372147816,2.857695085586024,100.0,0,,,,5,3.351624003724234,2.1017693933180714,100.0
FE,20,1255,1.9151,5.6912,-9.4672,13.2975,36,3.1895855408308167,2.910010131675693,75.0,3,3.423012418669297,5.5416294321206,66.66666666666666,12,4.126205080658955,5.48458197487699,83.33333333333334,17,2.381362662903897,2.9074044779368853,70.58823529411765,13,4.27342822418876,4.046110091849601,84.61538461538461,1,5.5416294321206,5.5416294321206,100.0,4,3.5787868369643734,4.793869761985101,75.0,36,2.8697027391488845,1.8412400092252246,69.44444444444444,0,,,,5,0.2986582670285364,1.7824335294693663,80.0
FE,30,1255,1.9151,5.6912,-9.4672,13.2975,36,4.891227728386462,5.995516954476974,77.77777777777779,3,7.54843761518794,8.943171013698665,100.0,12,6.675392930347861,8.203544656729244,83.33333333333334,17,4.192655693886117,5.45505121104384,70.58823529411765,13,7.258417469410431,7.463918299759824,92.3076923076923,1,10.49848574343354,10.49848574343354,100.0,4,9.048222689222778,9.720828378566102,100.0,36,3.147633286682555,3.1023024190069943,69.44444444444444,0,,,,5,2.1844485324942484,3.2068030644296237,80.0
FE,60,1255,1.9151,5.6912,-9.4672,13.2975,36,6.218128784023888,6.691275529509863,77.77777777777779,3,12.06270004111081,12.665610459246288,100.0,12,6.582196491196338,5.696354297474749,83.33333333333334,17,4.693431530713646,3.63176403177302,70.58823529411765,13,6.137216835011539,5.132699077244421,76.92307692307693,1,16.553328492377105,16.553328492377105,100.0,4,9.047069073707862,9.817385815477666,100.0,36,1.1892588622903122,0.3541325526241239,52.77777777777778,0,,,,5,-3.4599159209007055,-4.121575202254636,20.0
FFIV,10,1255,0.8247,11.0722,-21.3198,22.9692,32,5.990993419234532,5.084779991950104,100.0,4,8.279540641800281,7.92284700892106,100.0,12,7.542115298730679,7.274498432313986,100.0,21,5.142610566782925,4.764728208955494,100.0,5,4.878677125443045,4.827587482448407,100.0,0,,,,4,8.279540641800281,7.92284700892106,100.0,33,5.770745641135684,4.42730640667771,100.0,0,,,,10,7.742464755078321,9.647317632970932,100.0
FFIV,20,1255,0.8247,11.0722,-21.3198,22.9692,32,6.604486115744191,7.075986071702868,81.25,4,7.238424884212256,7.216055638217184,50.0,12,7.031241937976265,8.82253866774262,75.0,21,6.05134642380183,5.476822758902727,85.71428571428571,5,8.299132227665137,11.678161939981715,100.0,0,,,,4,7.238424884212256,7.216055638217184,50.0,33,5.034415193754984,2.3325476400691127,66.66666666666666,0,,,,10,5.786503473617988,8.713511002269403,70.0
FFIV,30,1255,0.8247,11.0722,-21.3198,22.9692,32,7.615417317456259,7.313502647325562,87.5,4,12.016318111266038,13.295808396335968,100.0,12,10.208925846658614,11.11041594655983,100.0,21,6.8328219419292555,6.818315922709092,85.71428571428571,5,13.980606080433557,16.152171459519554,100.0,0,,,,4,12.016318111266038,13.295808396335968,100.0,33,4.15792124453805,2.0622446642524817,63.63636363636363,0,,,,10,5.640836117323679,7.002387371052903,80.0
FFIV,60,1255,0.8247,11.0722,-21.3198,22.9692,32,7.458940978557293,10.100417981194138,75.0,4,9.875672377984298,7.998931755217447,75.0,12,7.705094586381118,10.100417981194138,75.0,21,6.340030055461635,11.676876423920051,66.66666666666666,5,12.530153370430275,22.995491456088878,80.0,0,,,,4,9.875672377984298,7.998931755217447,75.0,33,4.652894409130383,4.4927778966194625,57.57575757575758,0,,,,10,6.028863587076391,8.3199985750217,80.0
FICO,10,1255,3.4217,15.4778,-27.5339,34.3774,31,9.936689045096452,8.48874999963539,100.0,3,14.42169695757732,16.77600702018697,100.0,10,12.955087690320857,10.431783598685424,100.0,19,8.87949244099689,7.290744163129953,100.0,6,11.091069010621473,10.634223160365648,100.0,1,8.58792188527815,8.58792188527815,100.0,4,15.49464900003209,17.338584493726906,100.0,30,7.029006090107441,6.204956905874253,100.0,0,,,,6,9.839455561287117,7.384730743075419,100.0
FICO,20,1255,3.4217,15.4778,-27.5339,34.3774,31,10.878203033974925,9.395417221152364,90.32258064516128,3,22.44322516832001,23.559044595312283,100.0,10,15.15478709609027,15.724066882268705,100.0,19,9.104133661539894,9.395417221152364,84.21052631578947,6,15.27945173402326,16.89420635744044,83.33333333333334,1,17.944575986129756,17.944575986129756,100.0,4,23.313942753958614,24.69254975941513,100.0,30,3.5900455799339515,2.7656844420492446,66.66666666666666,0,,,,6,2.6862118259601258,1.187512317190732,50.0
FICO,30,1255,3.4217,15.4778,-27.5339,34.3774,31,13.147419856952492,12.88616313162574,80.64516129032258,3,19.214327983364935,17.045437830867368,100.0,10,12.888286107527943,12.788656508971712,80.0,19,12.977110588983088,12.550533905125164,78.94736842105263,6,19.95453970880632,15.921627943907943,83.33333333333334,1,17.045437830867368,17.045437830867368,100.0,4,15.75350562805593,15.140280144095108,100.0,30,3.4948940622663622,1.522097545760397,60.0,0,,,,6,0.7426280966600904,-2.42413038544096,33.33333333333333
FICO,60,1255,3.4217,15.4778,-27.5339,34.3774,31,19.376482775533518,17.77906529124405,87.09677419354838,3,31.10289207704999,31.589605410058013,100.0,10,17.892827263944426,21.798579230800986,90.0,19,22.602080532750925,22.37461351272557,89.47368421052632,6,36.15265233978161,39.799209138706885,100.0,1,22.48524042710738,22.48524042710738,100.0,4,20.967862436519077,27.0374229185827,75.0,30,2.349528994564318,4.532627447025572,53.333333333333336,0,,,,6,10.556315383493539,6.666715412770788,66.66666666666666
FIS,10,1255,-4.8583,12.4113,-29.6809,19.9643,34,7.344268141589026,6.663426365460094,100.0,2,8.4129211387202,8.4129211387202,100.0,14,8.019844713528075,7.901080007974397,100.0,10,6.885369638025113,5.850684848072394,100.0,6,8.384893556556476,8.423673275956139,100.0,0,,,,3,9.92854638388775,10.04024895646247,100.0,33,6.491972913124389,4.609300129392555,100.0,0,,,,16,7.731198259602202,6.736927792017482,100.0
FIS,20,1255,-4.8583,12.4113,-29.6809,19.9643,34,5.913109362887586,6.59574033403193,79.41176470588235,2,20.957607952806143,20.957607952806143,100.0,14,7.309354259619786,6.570907661527963,78.57142857142857,10,6.496474694621126,7.516400159934885,90.0,6,10.048706818182046,8.703917251419423,100.0,0,,,,3,20.86715161116317,20.68623892787723,100.0,33,6.454653324938503,6.174180167488456,78.78787878787878,0,,,,16,7.346900788487977,6.246937180102277,75.0
FIS,30,1255,-4.8583,12.4113,-29.6809,19.9643,34,7.215537410604938,9.072095513390405,73.52941176470588,2,17.239671054163562,17.239671054163562,100.0,14,9.715452331186563,12.969468230956672,71.42857142857143,10,6.476848688507594,5.764362724888251,80.0,6,9.03232302687694,10.866903694316527,66.66666666666666,0,,,,3,18.170988864839035,20.03362448618998,100.0,33,7.20352388041549,6.3991066386270345,66.66666666666666,0,,,,16,8.035157776406328,8.93776082990144,68.75
FIS,60,1255,-4.8583,12.4113,-29.6809,19.9643,34,6.445186281757927,6.685881261740618,67.64705882352942,2,22.064571997107343,22.064571997107343,100.0,14,9.139858434178649,8.427808380500082,71.42857142857143,10,9.03936796996711,13.456683150255536,70.0,6,13.062293591170551,13.456683150255536,83.33333333333334,0,,,,3,22.626777548469633,23.751188651194216,100.0,33,7.485202982196036,8.806113918874562,66.66666666666666,0,,,,16,8.248951519632744,7.680433125259003,75.0
FISV,10,1254,-5.4444,22.5443,-50.533,39.6442,37,5.04412416749863,4.645498147199052,100.0,2,5.9794958605808635,5.9794958605808635,100.0,4,4.517703576111542,3.0559112916422193,100.0,23,5.244721057020272,5.281917577158839,100.0,9,4.951464941637451,4.282789982145966,100.0,0,,,,1,10.891748823280464,10.891748823280464,100.0,35,7.397222697308321,5.588150035919649,100.0,0,,,,4,16.47300304268288,7.118742729254056,100.0
FISV,20,1254,-5.4444,22.5443,-50.533,39.6442,37,4.019974381846534,4.782978886022189,70.27027027027027,2,4.814410594097332,4.814410594097332,50.0,4,3.810581391979855,2.806752189862377,75.0,23,3.5032696929103886,2.7144303831463388,65.21739130434783,9,4.309448445509561,4.9726769691290915,77.77777777777779,0,,,,1,13.669067962306425,13.669067962306425,100.0,35,7.803808182108938,5.857140677315848,82.85714285714286,0,,,,4,17.05519695564495,7.052930222590216,100.0
FISV,30,1254,-5.4444,22.5443,-50.533,39.6442,37,4.276183819319514,5.750725405763498,67.56756756756756,2,5.889153618605059,5.889153618605059,50.0,4,4.577133070637343,3.265112522669627,50.0,23,2.144706685851727,3.134399711528028,65.21739130434783,9,3.364054767806326,7.37416003888325,66.66666666666666,0,,,,1,15.04099315645741,15.04099315645741,100.0,35,8.617409212562643,8.885716029575882,85.71428571428571,0,,,,4,19.61338801536024,11.514471697187272,100.0
FISV,60,1254,-5.4444,22.5443,-50.533,39.6442,37,3.1239786861189587,4.423247678298779,67.56756756756756,2,-5.990716998916967,-5.990716998916967,50.0,4,-20.02119455756314,-15.88695520164389,25.0,23,4.094612988442193,5.889655041877618,69.56521739130434,9,5.142077888991349,4.644811021348756,66.66666666666666,0,,,,1,2.944618216586612,2.944618216586612,100.0,35,8.101549078453075,4.481653099965658,60.0,0,,,,4,30.49800139586216,32.33306073954756,100.0
FITB,10,1255,1.2249,12.0723,-22.9197,25.3696,35,6.982457496637706,6.347285785181904,100.0,6,7.569813766210598,8.198925682151087,100.0,10,7.05032754158659,7.101561700633664,100.0,25,7.461332043747791,6.913178250834918,100.0,10,7.435203220556498,7.101561700633664,100.0,2,9.988972727077297,9.988972727077297,100.0,6,7.569813766210598,8.198925682151087,100.0,31,5.836105608007074,4.32100027330571,100.0,1,4.32100027330571,4.32100027330571,100.0,4,8.689148312599325,10.38467759045071,100.0
FITB,20,1255,1.2249,12.0723,-22.9197,25.3696,35,8.559825247433144,9.112895635892947,88.57142857142857,6,9.182145269219044,11.256631780000834,83.33333333333334,10,9.17696401607722,12.390764749838805,80.0,25,8.387084209519209,8.727114089324887,88.0,10,6.177892421429163,5.264069227292441,70.0,2,14.714870254838889,14.714870254838889,100.0,6,9.182145269219044,11.256631780000834,83.33333333333334,31,5.470155317235695,5.574621962826876,83.87096774193549,1,6.088665572437219,6.088665572437219,100.0,4,5.493940764646112,7.89282489770228,75.0
FITB,30,1255,1.2249,12.0723,-22.9197,25.3696,35,10.02703933901223,11.445276772918014,85.71428571428571,6,7.653572698433908,8.638837089437658,83.33333333333334,10,10.158323408473848,12.432129258150265,80.0,25,9.722691139775453,10.735442943008833,84.0,10,8.816728103233732,6.3300664734320495,80.0,2,10.74135148214345,10.74135148214345,100.0,6,7.653572698433908,8.638837089437658,83.33333333333334,31,5.745996975070953,6.032558339964657,70.96774193548387,1,6.032558339964657,6.032558339964657,100.0,4,8.163427072237637,8.796808452466015,100.0
FITB,60,1255,1.2249,12.0723,-22.9197,25.3696,35,11.02939962428754,10.407312932598579,82.85714285714286,6,12.994409776052931,7.104969038963036,100.0,10,14.766122725280022,6.660454269119164,100.0,25,12.684367232010558,13.990543257621674,80.0,10,13.953321898443004,11.200173255095647,70.0,2,18.562235609234683,18.562235609234683,100.0,6,12.994409776052931,7.104969038963036,100.0,31,2.589311546904969,0.03908515418076994,51.61290322580645,1,0.03908515418076994,0.03908515418076994,100.0,4,7.976110539561244,9.11137839658764,75.0
FIX,10,1255,11.5429,13.5827,-15.6224,38.7082,32,10.879176936443319,8.638962466334466,100.0,3,15.47398177305977,14.682038481353207,100.0,11,13.58618323142507,10.67754437937308,100.0,28,10.507635897879476,8.46759216727199,100.0,11,9.724611178208853,6.444342125530757,100.0,2,15.869953418913052,15.869953418913052,100.0,4,14.273980222470325,12.679791430363142,100.0,32,6.167651813701048,4.986276066422871,100.0,1,1.4911893009865076,1.4911893009865076,100.0,0,,,
FIX,20,1255,11.5429,13.5827,-15.6224,38.7082,32,12.373142077443799,10.762791067668113,84.375,3,21.468232756838933,17.96096347009289,66.66666666666666,11,15.409206024445162,15.462686805530604,72.72727272727273,28,11.290464744889155,9.112510559069289,82.14285714285714,11,8.718868204229606,12.52220592395712,63.63636363636363,2,23.221867400211963,23.221867400211963,50.0,4,20.42211270091975,17.62235800162754,75.0,32,3.605259710263223,2.8675902562429947,68.75,1,-4.734979571921693,-4.734979571921693,0.0,0,,,
FIX,30,1255,11.5429,13.5827,-15.6224,38.7082,32,14.76872046256873,12.267299769897075,87.5,3,35.46293057313324,39.00167714768307,100.0,11,18.842379540120955,10.12821831931754,90.9090909090909,28,12.394624256645917,9.929077402606648,85.71428571428571,11,7.508595168388134,8.641355732973004,81.81818181818183,2,33.69355728585833,33.69355728585833,100.0,4,35.63320447244346,37.57285165902859,100.0,32,0.5608849090714232,-0.6238748703867365,46.875,1,-10.216123911905092,-10.216123911905092,0.0,0,,,
FIX,60,1255,11.5429,13.5827,-15.6224,38.7082,32,29.32857573480307,29.962920296376584,87.5,3,57.05912234728683,59.32919291308969,100.0,11,33.64007196367632,34.3632987034485,90.9090909090909,28,27.301614701771314,26.16955955115437,85.71428571428571,11,21.35153889744453,25.377150060559554,81.81818181818183,2,69.10762579005873,69.10762579005873,100.0,4,53.53692972593209,51.149772387478784,100.0,32,-8.667465652828405,-6.041396531247095,31.25,1,-37.55500570883398,-37.55500570883398,0.0,0,,,
FOX,10,1255,2.1885,8.3574,-14.5263,18.9034,35,4.81736488948898,4.157618630467623,97.14285714285714,3,2.6817001638698947,3.4577255917315655,100.0,13,3.5595687181691096,3.578018385193639,100.0,19,5.792897229096152,4.726173451041825,100.0,6,4.877703212677407,3.4004534096270023,100.0,0,,,,3,2.6817001638698947,3.4577255917315655,100.0,34,4.9866243663193535,5.052072638287921,100.0,0,,,,10,5.872950926154368,5.818237924262249,100.0
FOX,20,1255,2.1885,8.3574,-14.5263,18.9034,35,5.428735113621393,5.414370615185763,77.14285714285715,3,6.709430589103367,5.317724939698129,100.0,13,5.622769718092882,5.414370615185763,84.61538461538461,19,7.502104787810009,8.01187298691353,89.47368421052632,6,7.663416462062162,7.932073384361234,83.33333333333334,0,,,,3,6.709430589103367,5.317724939698129,100.0,34,4.2886248659604345,4.170625804318523,79.41176470588235,0,,,,10,4.617965598988377,5.4676985430821565,80.0
FOX,30,1255,2.1885,8.3574,-14.5263,18.9034,35,5.877416131625226,6.3817986823303166,77.14285714285715,3,6.604474138980854,9.893877679636804,66.66666666666666,13,7.99856186103978,9.539592237223212,92.3076923076923,19,7.871288640235234,10.333806154046583,84.21052631578947,6,8.963714731472821,11.983749134769393,83.33333333333334,0,,,,3,6.604474138980854,9.893877679636804,66.66666666666666,34,4.654016255845645,5.442282065971968,73.52941176470588,0,,,,10,7.566806124373201,8.766578360516945,80.0
FOX,60,1255,2.1885,8.3574,-14.5263,18.9034,35,8.4351003859084,9.590553354659338,74.28571428571429,3,9.452570206930018,6.7638182530446445,100.0,13,10.502393141482868,9.774981372870203,92.3076923076923,19,10.689661933770855,14.709829522143181,78.94736842105263,6,13.861064236960237,15.849794382175425,83.33333333333334,0,,,,3,9.452570206930018,6.7638182530446445,100.0,34,3.1150657522893246,2.9529052006635728,61.76470588235294,0,,,,10,8.644870619257569,7.226070739481894,80.0
FOXA,10,1255,2.4738,8.5132,-14.5526,19.5002,36,5.334344735757676,4.442664645914568,100.0,3,2.8332154371747666,3.775371744030034,100.0,14,4.004763579028032,4.0588350015103245,100.0,20,5.493876841090677,4.359639938744847,100.0,5,5.38762477988403,4.342298258990614,100.0,0,,,,3,2.8332154371747666,3.775371744030034,100.0,38,4.690267106576686,4.66788229268289,100.0,0,,,,9,6.1144345047099735,5.613823399121447,100.0
FOXA,20,1255,2.4738,8.5132,-14.5526,19.5002,36,6.191313001754311,5.555094815353383,83.33333333333334,3,6.774003067198602,5.058590354108329,100.0,14,6.1426941204667935,5.615085429365065,92.85714285714286,20,7.164247594675848,6.093920223259863,90.0,5,11.218899645690701,9.04028181627477,100.0,0,,,,3,6.774003067198602,5.058590354108329,100.0,38,4.466454755720934,4.4738442158795255,86.8421052631579,0,,,,9,5.44837618514898,7.490511784964844,88.88888888888889
FOXA,30,1255,2.4738,8.5132,-14.5526,19.5002,36,6.749059287767263,7.732454017861309,77.77777777777779,3,6.686893537085877,9.993644213272635,66.66666666666666,14,7.866509972252991,9.131236472004915,78.57142857142857,20,7.381298605359689,7.906701535691051,80.0,5,11.992288908389487,14.91228754502239,80.0,0,,,,3,6.686893537085877,9.993644213272635,66.66666666666666,38,4.752454208404936,5.819736258483006,68.42105263157895,0,,,,9,10.10969292123575,9.360506718010436,88.88888888888889
FOXA,60,1255,2.4738,8.5132,-14.5526,19.5002,36,8.601890773386607,8.13137519995339,77.77777777777779,3,9.605920024429084,7.125526118432616,100.0,14,8.444326801783541,8.13137519995339,85.71428571428571,20,9.573449513576342,13.711841704281213,80.0,5,17.102876165892734,19.445027919663087,100.0,0,,,,3,9.605920024429084,7.125526118432616,100.0,38,2.5929539419234358,2.2645738947963845,63.1578947368421,0,,,,9,12.567113219702948,16.626230265680654,88.88888888888889
FRT,10,1255,0.0591,7.1266,-14.1941,14.3123,34,5.718272957717269,4.913204148982033,100.0,7,7.002623433642541,5.140955663432613,100.0,14,6.8860974809192195,6.137212912923839,100.0,10,5.184036463386022,4.490471216710712,100.0,8,6.052625119109387,6.3182849048345995,100.0,1,10.25262480214513,10.25262480214513,100.0,7,7.002623433642541,5.140955663432613,100.0,37,3.9123728820089347,2.9706799755259974,100.0,0,,,,16,3.5454877063549652,3.0332419943612194,100.0
FRT,20,1255,0.0591,7.1266,-14.1941,14.3123,34,6.032775087261451,5.042031281163842,88.23529411764706,7,6.565118076415644,8.717848652342719,71.42857142857143,14,7.143885358895173,6.970312734184266,85.71428571428571,10,5.590399293902196,3.766594311113524,100.0,8,5.285901369834613,5.739397579441333,100.0,1,15.63156484063681,15.63156484063681,100.0,7,6.565118076415644,8.717848652342719,71.42857142857143,37,4.3002949385879585,3.7746774957953346,86.48648648648648,0,,,,16,3.214075917163271,2.261895101570941,81.25
FRT,30,1255,0.0591,7.1266,-14.1941,14.3123,34,7.075907399439759,6.708505768426836,91.17647058823529,7,9.67344619269885,12.96842034033117,85.71428571428571,14,9.505172241569312,10.807289139436074,92.85714285714286,10,5.869050194047921,5.20083179251986,90.0,8,6.778435716402158,6.232516845293084,100.0,1,12.96842034033117,12.96842034033117,100.0,7,9.67344619269885,12.96842034033117,85.71428571428571,37,3.7676750751137993,3.3688435439383655,81.08108108108108,0,,,,16,1.9223435892861995,2.9094245917035613,68.75
FRT,60,1255,0.0591,7.1266,-14.1941,14.3123,34,5.9383137398242525,5.7443465154543505,73.52941176470588,7,7.310479898587226,8.826703151775407,71.42857142857143,14,7.494518297722466,7.114175801043558,71.42857142857143,10,4.476017401246887,3.84686746660992,70.0,8,6.245004712055921,5.844659843688229,75.0,1,-3.602877160431521,-3.602877160431521,0.0,7,7.310479898587226,8.826703151775407,71.42857142857143,37,2.227691871173009,1.7022226826470241,56.75675675675676,0,,,,16,1.306387273347543,0.3401390271823096,50.0
FSLR,10,1255,1.6224,19.955,-38.2876,41.5324,35,12.983274001295666,8.95702099998349,100.0,4,12.794799315075613,12.69598961260772,100.0,11,9.791866801453152,8.750283694785344,100.0,15,12.707534813298738,8.95702099998349,100.0,7,11.800752896801484,10.280558656336446,100.0,0,,,,3,11.564119777737838,8.905141298126502,100.0,37,8.878334556284383,7.377900178521313,100.0,1,16.890025183523086,16.890025183523086,100.0,19,8.405141103836463,7.968481627810757,100.0
FSLR,20,1255,1.6224,19.955,-38.2876,41.5324,35,10.548979798091816,9.653343724985278,74.28571428571429,4,9.183450022195803,8.752265063263899,75.0,11,5.107718948916014,2.2044493057516403,63.63636363636363,15,9.382464664459114,9.653343724985278,73.33333333333333,7,6.9996128875069905,2.7282868584607103,57.14285714285714,0,,,,3,9.012625829570746,7.80860752645683,66.66666666666666,37,7.3289019019842,7.1757632273604415,81.08108108108108,1,22.43689530748203,22.43689530748203,100.0,19,8.235200963333828,11.610832660895152,84.21052631578947
FSLR,30,1255,1.6224,19.955,-38.2876,41.5324,35,13.717823976627802,10.771898404480353,80.0,4,21.877096669201414,24.476159276380713,100.0,11,9.792978268547712,8.67271175815719,81.81818181818183,15,10.326831274599208,10.14045662720909,73.33333333333333,7,5.0688937621225225,2.868867994704444,57.14285714285714,0,,,,3,19.647089691314992,20.385200949900742,100.0,37,6.106691679189394,7.52687686133348,64.86486486486487,1,24.59844636488047,24.59844636488047,100.0,19,7.979820842314238,9.23680861750721,73.68421052631578
FSLR,60,1255,1.6224,19.955,-38.2876,41.5324,35,19.529606384095032,9.756287673481944,60.0,4,20.460131551939146,16.16859291416287,100.0,11,11.26386755393517,9.756287673481944,63.63636363636363,15,7.989799866607441,-1.5035811645981139,46.666666666666664,7,5.1739488367508,-3.5829824231773983,42.857142857142854,0,,,,3,24.02807951142488,22.58089815484379,100.0,37,1.7694865884901836,5.622339664700384,56.75675675675676,1,31.708288235900035,31.708288235900035,100.0,19,-0.04899674088408134,6.639837779416273,57.89473684210527
FTNT,10,1255,0.8369,12.2013,-23.5658,25.2396,38,8.901968140373606,6.3375446082882325,100.0,4,9.120191558873385,6.873771053730181,100.0,20,11.074980166625306,8.167380377031549,100.0,27,7.05626821053395,5.9523747737331645,100.0,8,7.264497878508765,5.625660728868506,100.0,3,10.100480677714113,7.568217905109161,100.0,5,7.433549543207105,6.1793242023512,100.0,36,5.881207259408645,5.0243523216687285,100.0,1,2.733231510607027,2.733231510607027,100.0,5,6.289965623108631,4.272385994160122,100.0
FTNT,20,1255,0.8369,12.2013,-23.5658,25.2396,38,9.559131268959288,8.993111099239783,89.47368421052632,4,12.52726394575921,10.455597556636175,100.0,20,12.419327139561052,11.423434735072746,95.0,27,7.9404069968193465,7.5086353431062305,85.18518518518519,8,6.8965011499700175,5.567957754046464,87.5,3,15.148090382217632,12.885921192469137,100.0,5,11.466235479686755,8.025273920803212,100.0,36,6.954236992288582,6.421310485299914,86.11111111111111,1,1.119516483377808,1.119516483377808,100.0,5,8.174333711501475,8.255731729502715,100.0
FTNT,30,1255,0.8369,12.2013,-23.5658,25.2396,38,8.939991490961962,8.497169760252522,78.94736842105263,4,13.150477525391477,13.91156880038833,100.0,20,8.76954517601456,8.485990574405031,75.0,27,8.67422338123312,8.970247320769218,81.48148148148148,8,3.9116797163543007,3.3823339153753924,75.0,3,12.19605926926811,13.547021410809554,100.0,5,11.816841514941391,13.547021410809554,100.0,36,5.15977397335759,3.5128579866270155,72.22222222222221,1,1.8759461237790178,1.8759461237790178,100.0,5,-3.1330355871905446,-0.7443202431865882,40.0
FTNT,60,1255,0.8369,12.2013,-23.5658,25.2396,38,11.39717045427991,8.190041772883113,73.68421052631578,4,16.129496888629586,12.460622122066809,100.0,20,14.261268602534376,8.190041772883113,85.0,27,7.61300419740295,6.1355241525623345,62.96296296296296,8,11.070232932354301,12.038237390880626,62.5,3,10.352256132231984,7.271025987450794,100.0,5,12.745062806196646,7.271025987450794,80.0,36,5.1648795844186575,9.324843212785936,69.44444444444444,1,-9.258699106302805,-9.258699106302805,0.0,5,-6.090725044872813,2.8762080679532245,60.0
FTV,10,1255,-0.2811,7.9655,-16.212,15.6499,34,4.762675956671381,3.634685506949187,100.0,3,6.412083737308166,7.158835707376911,100.0,10,6.259816691914568,5.3087429487650315,100.0,18,3.761291061740004,3.585777223931941,100.0,8,4.443916633706899,4.119265808119845,100.0,1,7.158835707376911,7.158835707376911,100.0,3,6.379910176546741,7.158835707376911,100.0,33,5.20180530383094,3.6653089388184212,100.0,1,0.9618732806888679,0.9618732806888679,100.0,9,5.808736077861191,3.471533379268135,100.0
FTV,20,1255,-0.2811,7.9655,-16.212,15.6499,34,4.399991842166506,4.607690337051849,73.52941176470588,3,6.018022275283012,5.725468296637261,100.0,10,7.1030047901766356,5.70068193211557,90.0,18,1.9995492536593018,1.2923049098328945,55.55555555555556,8,1.3291357286062817,3.079860431746145,62.5,1,8.708856879598843,8.708856879598843,100.0,3,6.703406914609995,5.725468296637261,100.0,33,4.986051616884417,5.778564667299083,84.84848484848484,1,0.31289361735368887,0.31289361735368887,100.0,9,3.6352296280661562,1.8889499127660443,66.66666666666666
FTV,30,1255,-0.2811,7.9655,-16.212,15.6499,34,5.858668235762394,5.4869232003116455,70.58823529411765,3,8.552964304814807,10.779531754063886,100.0,10,9.660836473315351,8.905283189434709,90.0,18,2.2336515856220096,0.07711657786758973,50.0,8,1.5898405741549237,0.04481228759752388,50.0,1,12.016631590905378,12.016631590905378,100.0,3,11.562984396513045,12.016631590905378,100.0,33,5.338396180335709,5.960789793746845,81.81818181818183,1,3.2448687269481113,3.2448687269481113,100.0,9,3.2233362812787596,6.44956207750522,55.55555555555556
FTV,60,1255,-0.2811,7.9655,-16.212,15.6499,34,5.8662286213085615,6.556985532136242,76.47058823529412,3,9.54424614803279,12.5123971871458,100.0,10,10.780217879870087,12.280750344183168,100.0,18,-0.22219699057777356,2.045829845459578,55.55555555555556,8,3.7408200383928136,4.890563258039136,75.0,1,12.5123971871458,12.5123971871458,100.0,3,15.209969739849718,13.345387291401629,100.0,33,4.661955335476825,5.890025307569046,72.72727272727273,1,12.411630278008513,12.411630278008513,100.0,9,-1.587646552290984,-2.578026358433568,44.44444444444444
GD,10,1255,2.8804,6.4015,-9.9225,15.6834,34,4.633604196612354,4.215995179508887,100.0,4,4.128496299684009,4.328724718601913,100.0,11,5.833364011751454,4.824541513899891,100.0,20,4.694561512662617,4.215995179508887,100.0,8,3.859407943613953,3.745985420198136,100.0,1,4.758940247882204,4.758940247882204,100.0,4,4.128496299684009,4.328724718601913,100.0,37,3.0056410273165897,2.259141901973223,100.0,1,4.537201414447559,4.537201414447559,100.0,8,3.409442613790357,2.473452887868781,100.0
GD,20,1255,2.8804,6.4015,-9.9225,15.6834,34,5.628333987085453,4.892193315618673,94.11764705882352,4,4.563784643241078,3.9442588233772478,100.0,11,7.669623321044506,6.156817740415624,100.0,20,4.932007409709341,4.914954260784279,90.0,8,4.116864548501161,2.5136610533547294,87.5,1,0.7609242558182354,0.7609242558182354,100.0,4,4.563784643241078,3.9442588233772478,100.0,37,2.7433563980161346,2.0661665996068734,75.67567567567568,1,3.259358463777018,3.259358463777018,100.0,8,2.380752035803252,2.1002299680709,75.0
GD,30,1255,2.8804,6.4015,-9.9225,15.6834,34,6.02413889896544,6.420064731129495,82.35294117647058,4,5.89027087652976,7.479995784784274,75.0,11,7.98024070659286,8.853171266313396,90.9090909090909,20,5.3372510823816945,6.323882601703353,80.0,8,3.4120280170577986,4.630396602765993,75.0,1,-4.063192010343788,-4.063192010343788,0.0,4,5.89027087652976,7.479995784784274,75.0,37,1.3057218771598478,1.2326931573424642,54.054054054054056,1,-0.24153018120301886,-0.24153018120301886,0.0,8,0.262623114846984,-2.792172455256475,37.5
GD,60,1255,2.8804,6.4015,-9.9225,15.6834,34,8.022403772877919,9.528692705329739,76.47058823529412,4,9.834927624552073,10.40224542108501,100.0,11,11.358927320434217,10.622312984847468,90.9090909090909,20,6.12281370927338,7.947178542783231,70.0,8,7.318697644192052,9.677729742286385,62.5,1,5.062892978844643,5.062892978844643,100.0,4,9.834927624552073,10.40224542108501,100.0,37,-0.1782712899936081,-1.6974947827992748,37.83783783783784,1,8.039103735665472,8.039103735665472,100.0,8,-3.0477510679496214,-4.442616382636203,25.0
GDDY,10,1255,-0.25,13.5212,-27.2923,26.7923,37,6.443678916473541,5.582693530795335,100.0,1,10.28871435525297,10.28871435525297,100.0,9,6.210265775177484,7.116979002963399,100.0,20,7.440206973607786,5.920557598963799,100.0,6,6.686695777817273,6.044981488866894,100.0,0,,,,1,10.28871435525297,10.28871435525297,100.0,33,5.283814580399595,4.250788059877498,100.0,0,,,,6,5.323139415576223,4.83255217575069,100.0
GDDY,20,1255,-0.25,13.5212,-27.2923,26.7923,37,7.245267538608453,6.9891695838080246,86.48648648648648,1,11.031114197069627,11.031114197069627,100.0,9,3.7092191733161877,3.1989310447344064,77.77777777777779,20,9.357783975188664,7.869106144259945,95.0,6,6.370263791807076,5.8000895052827985,83.33333333333334,0,,,,1,11.031114197069627,11.031114197069627,100.0,33,5.169327680324117,6.349683203082346,78.78787878787878,0,,,,6,7.548316900517103,7.944910821535842,100.0
GDDY,30,1255,-0.25,13.5212,-27.2923,26.7923,37,7.073925652894906,7.9936849460812684,72.97297297297297,1,10.858638968714162,10.858638968714162,100.0,9,3.4663536566340074,3.9279860520907954,55.55555555555556,20,11.067438360379743,9.586729071105573,85.0,6,6.00052293588488,5.310900703238647,83.33333333333334,0,,,,1,10.858638968714162,10.858638968714162,100.0,33,5.112890842710163,5.291065085405884,75.75757575757575,0,,,,6,12.059626739847568,8.97061236554058,100.0
GDDY,60,1255,-0.25,13.5212,-27.2923,26.7923,37,9.441619442199706,10.527086960989333,78.37837837837837,1,1.2523420266279874,1.2523420266279874,100.0,9,1.3264498862305463,10.165934035834386,66.66666666666666,20,16.984969258806196,16.058848360590645,85.0,6,9.93724602289501,7.970320227537295,100.0,0,,,,1,1.2523420266279874,1.2523420266279874,100.0,33,2.6179547577083233,4.979306476296392,63.63636363636363,0,,,,6,13.58720399134402,16.609806688720965,66.66666666666666
GE,10,1255,6.6804,12.3194,-17.9585,31.3192,29,7.097849609166275,6.918045534407001,100.0,2,11.30507175123306,11.30507175123306,100.0,9,9.710371425596373,9.142318377632144,100.0,19,6.024573182658994,4.2471439645503635,100.0,7,5.17400424016832,3.046002062338863,100.0,0,,,,2,11.30507175123306,11.30507175123306,100.0,28,5.407650857597877,3.7444085065223636,100.0,0,,,,4,8.355670639400381,8.081219475257257,100.0
GE,20,1255,6.6804,12.3194,-17.9585,31.3192,29,9.261409195741063,7.520217514604679,93.10344827586206,2,16.191958654588216,16.191958654588216,100.0,9,14.782050313317354,11.824871023278563,100.0,19,6.5041213548922014,6.312927655386799,89.47368421052632,7,11.115667599677531,13.05618271506838,100.0,0,,,,2,16.191958654588216,16.191958654588216,100.0,28,5.19504837822882,5.52430496147006,89.28571428571429,0,,,,4,10.253635487963319,9.665758538519814,100.0
GE,30,1255,6.6804,12.3194,-17.9585,31.3192,29,11.106125661324292,9.050385466517843,79.3103448275862,2,10.255197229308937,10.255197229308937,50.0,9,17.4221255670395,10.279859568860617,88.88888888888889,19,8.981792544548975,9.050385466517843,78.94736842105263,7,14.434578651553155,9.292530311011644,85.71428571428571,0,,,,2,10.255197229308937,10.255197229308937,50.0,28,5.123228553753326,4.309532039452771,78.57142857142857,0,,,,4,18.054657576126278,20.677165268495173,100.0
GE,60,1255,6.6804,12.3194,-17.9585,31.3192,29,13.774934435435926,12.060071410109135,82.75862068965517,2,4.858822493966044,4.858822493966044,100.0,9,12.37707562033794,5.811253563290619,66.66666666666666,19,14.936307768038295,13.616327750314309,94.73684210526315,7,22.532549090338737,19.15422090851374,100.0,0,,,,2,4.858822493966044,4.858822493966044,100.0,28,0.8521117274575002,0.8067950913633096,50.0,0,,,,4,13.623255818727186,14.187720251985109,75.0
GEHC,10,830,-0.2851,9.5786,-19.4423,18.8721,23,6.286297827223302,5.613853214813857,100.0,2,8.128961051618404,8.128961051618404,100.0,8,6.067593416768952,5.128098413293901,100.0,8,6.057691752217465,5.804209957945244,100.0,8,5.649358641349535,4.40558117654596,100.0,0,,,,2,8.128961051618404,8.128961051618404,100.0,21,4.607397611798819,4.410362904304833,100.0,1,4.410362904304833,4.410362904304833,100.0,7,3.670772904887771,4.478006170154409,100.0
GEHC,20,830,-0.2851,9.5786,-19.4423,18.8721,23,6.205044820880823,5.395590728281082,78.26086956521739,2,9.845203774834943,9.845203774834943,100.0,8,7.773300231952481,7.688446806693907,87.5,8,5.98386357288231,5.141933465892314,87.5,8,5.42385606889693,4.938481775946642,75.0,0,,,,2,9.845203774834943,9.845203774834943,100.0,21,3.8249171443488286,4.051974822539509,66.66666666666666,1,6.562274216844523,6.562274216844523,100.0,7,3.2849320539270686,2.3249261946345396,71.42857142857143
GEHC,30,830,-0.2851,9.5786,-19.4423,18.8721,23,6.6070782028955515,7.7096793315883785,69.56521739130434,2,13.467581639646497,13.467581639646497,100.0,8,9.784516799671895,9.797469950891756,87.5,8,5.697181097753035,2.552713976124448,62.5,8,4.775857359237635,5.375806581516375,62.5,0,,,,2,13.467581639646497,13.467581639646497,100.0,21,2.777396746483503,2.061579025530034,61.904761904761905,1,10.15265470408906,10.15265470408906,100.0,7,0.6552187024018803,-1.2477585580163852,42.857142857142854
GEHC,60,830,-0.2851,9.5786,-19.4423,18.8721,23,8.44531708202122,12.219758811814438,78.26086956521739,2,22.260486579658135,22.260486579658135,100.0,8,14.025164652535384,14.709518853113178,100.0,8,3.1367256932467686,8.676664170400878,62.5,8,8.705198634248172,13.310233331377596,87.5,0,,,,2,22.260486579658135,22.260486579658135,100.0,21,3.0956697118637906,1.4952741584424103,57.14285714285714,1,17.388615274966774,17.388615274966774,100.0,7,-0.5077949734887461,-2.4953238849443053,42.857142857142854
GEN,10,1255,-0.9547,10.5066,-21.9678,20.0584,36,6.225992938542146,4.6747835909697635,100.0,3,7.175716479379179,5.031436215966977,100.0,9,9.286923889683553,5.031436215966977,100.0,21,6.2344202788342375,4.753826363538411,100.0,11,7.906033925507723,5.196439265330093,100.0,0,,,,3,7.175716479379179,5.031436215966977,100.0,34,5.329186825610734,4.297392802791612,100.0,0,,,,7,3.3938961672784864,3.1358623104566794,100.0
GEN,20,1255,-0.9547,10.5066,-21.9678,20.0584,36,6.982351002010254,6.2930852270725826,86.11111111111111,3,13.136094695114707,10.754720862013963,100.0,9,14.477524715336225,12.0158970756473,88.88888888888889,21,6.019300798314915,5.350694512419609,90.47619047619048,11,6.444906843254021,4.767043092117137,72.72727272727273,0,,,,3,13.136094695114707,10.754720862013963,100.0,34,5.1525494793672255,4.557625781141536,73.52941176470588,0,,,,7,2.1373145904230872,-0.10612458052722477,42.857142857142854
GEN,30,1255,-0.9547,10.5066,-21.9678,20.0584,36,7.192422237189289,6.302934563905833,77.77777777777779,3,13.984427760466204,13.571772480028022,100.0,9,15.50086587141122,13.902677594435412,88.88888888888889,21,5.32088055357998,3.9568942393893822,80.95238095238095,11,9.25600184181951,5.475137941526735,72.72727272727273,0,,,,3,13.984427760466204,13.571772480028022,100.0,34,5.03261710567014,4.686406048312764,67.64705882352942,0,,,,7,2.986487998754064,0.15390538885034077,57.14285714285714
GEN,60,1255,-0.9547,10.5066,-21.9678,20.0584,36,5.926067054139491,3.047392525596379,61.111111111111114,3,16.26497655336952,12.6977834507004,100.0,9,17.113292097369598,12.6977834507004,88.88888888888889,21,5.0613600076800065,2.972443458057844,57.14285714285714,11,8.658466715692416,3.736848881727379,54.54545454545454,0,,,,3,16.26497655336952,12.6977834507004,100.0,34,5.358588699035493,2.7510762695201416,67.64705882352942,0,,,,7,4.932408826440054,4.156558051067831,71.42857142857143
GEV,10,510,16.3434,13.8109,-11.2784,43.9652,9,10.517711625204049,8.029067396596425,100.0,2,21.29912340456718,21.29912340456718,100.0,4,12.714145484418832,11.198845556412927,100.0,7,10.32310193057294,8.029067396596425,100.0,2,14.229445412424736,14.229445412424736,100.0,1,27.186905770615304,27.186905770615304,100.0,2,21.29912340456718,21.29912340456718,100.0,10,9.092447076237757,8.36193808404891,100.0,0,,,,1,2.6867508421178616,2.6867508421178616,100.0
GEV,20,510,16.3434,13.8109,-11.2784,43.9652,9,15.474500330730157,9.856554108691409,77.77777777777779,2,26.879598048539915,26.879598048539915,100.0,4,23.094300212579864,19.309002376619812,100.0,7,8.95010109983868,5.900851463927373,71.42857142857143,2,7.8787027863093915,7.8787027863093915,100.0,1,5.900851463927373,5.900851463927373,100.0,2,26.879598048539915,26.879598048539915,100.0,10,9.34408467189353,8.830020954284569,80.0,0,,,,1,-8.726116264987608,-8.726116264987608,0.0
GEV,30,510,16.3434,13.8109,-11.2784,43.9652,9,19.51253966280984,12.511982094375437,77.77777777777779,2,42.71583662819594,42.71583662819594,100.0,4,34.71010284226797,31.061324930623268,100.0,7,9.951380186726313,12.08665198115049,71.42857142857143,2,16.443607855433758,16.443607855433758,100.0,1,20.800563729717027,20.800563729717027,100.0,2,42.71583662819594,42.71583662819594,100.0,10,2.9032630995146507,7.937731270995082,70.0,0,,,,1,-21.604764534013285,-21.604764534013285,0.0
GEV,60,510,16.3434,13.8109,-11.2784,43.9652,9,33.50697414030996,25.149554183533933,100.0,2,83.51233400668454,83.51233400668454,100.0,4,63.84200952498372,65.65163795400169,100.0,7,23.559159955711117,10.911953304833936,100.0,2,59.35969526356155,59.35969526356155,100.0,1,80.83964817428033,80.83964817428033,100.0,2,83.51233400668454,83.51233400668454,100.0,10,-9.614154423849858,-8.399111268583484,30.0,0,,,,1,-31.003071266462506,-31.003071266462506,0.0
GILD,10,1255,3.5773,8.6304,-13.6835,20.8382,36,4.989100313918836,4.759928695622328,100.0,3,2.8122538091749707,2.5668361641599056,100.0,12,4.44460854679834,3.5335642225874064,100.0,19,5.399395503247652,5.313742091621481,100.0,8,4.363772185531835,3.696956441004798,100.0,0,,,,3,2.8122538091749707,2.5668361641599056,100.0,38,4.520836549384081,4.35731867365789,100.0,3,5.904518994710425,5.506348665005416,100.0,14,3.8152442494840746,3.700605808462952,100.0
GILD,20,1255,3.5773,8.6304,-13.6835,20.8382,36,5.655012074709551,5.240383475356399,86.11111111111111,3,5.328767606926266,6.642681523139994,100.0,12,5.538664520497178,5.616809765582376,91.66666666666666,19,5.547262953642609,4.325350802181124,78.94736842105263,8,7.308604149445646,7.00044886985607,75.0,0,,,,3,5.328767606926266,6.642681523139994,100.0,38,3.0298895141249886,3.0022285970609497,81.57894736842105,3,3.9806667568858836,4.0954667854109434,100.0,14,2.068378415677903,1.840169305992936,85.71428571428571
GILD,30,1255,3.5773,8.6304,-13.6835,20.8382,36,7.79716961094524,5.181382511899933,88.88888888888889,3,12.229853348050412,10.86616594770922,100.0,12,6.487303756387849,7.071028434873341,91.66666666666666,19,7.858360911455713,4.827440827068558,89.47368421052632,8,8.616190096289293,6.1099432315607345,87.5,0,,,,3,12.229853348050412,10.86616594770922,100.0,38,2.5785193201871905,2.4678389913606207,65.78947368421053,3,4.62256105724622,4.649582931798444,100.0,14,0.3854341338940271,1.5364615546057252,64.28571428571429
GILD,60,1255,3.5773,8.6304,-13.6835,20.8382,36,11.151259867468346,9.415598011880071,88.88888888888889,3,16.707522216561753,16.289556633007816,100.0,12,7.861281116939263,5.446111938955054,91.66666666666666,19,12.322402857186303,9.989752309143944,84.21052631578947,8,8.433101829403524,10.96142177150207,87.5,0,,,,3,16.707522216561753,16.289556633007816,100.0,38,-2.057368803552395,-0.37114047970483444,44.73684210526316,3,4.83720021176524,5.878731267970169,66.66666666666666,14,-5.082257382813397,-2.84239129411068,35.714285714285715
GIS,10,1255,-1.275,7.9137,-17.1024,14.5525,38,4.2626125209059875,3.995404237203812,100.0,2,3.806206494362005,3.806206494362005,100.0,12,3.532879587365604,3.825006291518431,100.0,15,5.290557253111103,4.358793976803609,100.0,5,4.3379423974928715,4.358793976803609,100.0,0,,,,2,3.806206494362005,3.806206494362005,100.0,33,4.595416683645581,4.230536934773374,100.0,0,,,,15,4.948471960606879,4.689979584361917,100.0
GIS,20,1255,-1.275,7.9137,-17.1024,14.5525,38,3.459949732053087,3.001442613502088,73.68421052631578,2,1.227054976773997,1.227054976773997,50.0,12,2.4389032168594897,2.3608356104640826,75.0,15,4.8962950617247225,5.255414322788401,80.0,5,5.672569260906954,7.136215227508007,80.0,0,,,,2,1.227054976773997,1.227054976773997,50.0,33,3.4904539810428847,3.206937990332611,78.78787878787878,0,,,,15,4.9237229523535415,5.698818273620829,93.33333333333333
GIS,30,1255,-1.275,7.9137,-17.1024,14.5525,38,3.657594892544534,3.4624145417084065,71.05263157894737,2,1.7892454870860308,1.7892454870860308,50.0,12,0.008973795943356159,0.9475956073163647,66.66666666666666,15,5.3907217341394436,6.049814486924589,73.33333333333333,5,9.719014553701196,13.114112089051588,80.0,0,,,,2,1.7892454870860308,1.7892454870860308,50.0,33,4.00388521173129,5.31350206156983,69.6969696969697,0,,,,15,5.5265158833806,5.701090717166277,80.0
GIS,60,1255,-1.275,7.9137,-17.1024,14.5525,38,3.981430872572733,4.564481834318062,60.526315789473685,2,2.607468299923769,2.607468299923769,50.0,12,-4.134651250096196,-3.320032662314287,33.33333333333333,15,7.396890947400179,8.135121763758942,66.66666666666666,5,11.539858030771805,17.938237712822666,80.0,0,,,,2,2.607468299923769,2.607468299923769,50.0,33,3.1023715577475435,2.8218401998980305,60.60606060606061,0,,,,15,6.469464075253495,6.1029899000165,80.0
GL,10,1255,1.0612,13.2195,-25.3779,27.5003,42,6.3248723839809164,5.721964946259858,100.0,3,20.313627460646337,6.342283050382669,100.0,6,14.65003963118231,8.151374143758538,100.0,27,5.376648732860999,5.851797051135577,100.0,11,9.684688929299165,6.130949909558175,100.0,0,,,,2,29.986270558330936,29.986270558330936,100.0,38,3.570718513494886,3.164279896588861,100.0,0,,,,5,2.4140406095660962,1.8411147143098179,100.0
GL,20,1255,1.0612,13.2195,-25.3779,27.5003,42,7.449556899450181,5.223984465780564,90.47619047619048,3,31.519222832638736,13.966404906140154,100.0,6,21.341623449385214,11.982077554376179,100.0,27,5.2696594714160945,4.443043872270842,85.18518518518519,11,13.026550687260114,6.770230524385841,100.0,0,,,,2,45.32974178443972,45.32974178443972,100.0,38,1.9983742784358731,1.896269494345002,73.68421052631578,0,,,,5,-0.13145972848367976,-0.13292473146049397,40.0
GL,30,1255,1.0612,13.2195,-25.3779,27.5003,42,9.230245708931328,6.669842327309501,88.09523809523809,3,29.144132125922237,21.62768179891804,100.0,6,21.684656481654077,18.094716193664222,100.0,27,7.086370022040814,5.973572327471855,81.48148148148148,11,14.40171372096387,7.731180503852094,100.0,0,,,,2,42.723548109679626,42.723548109679626,100.0,38,3.82020979722549,2.8957224664869927,71.05263157894737,0,,,,5,-1.0378832378347576,-1.9343708747463078,40.0
GL,60,1255,1.0612,13.2195,-25.3779,27.5003,42,9.963714438841116,9.45933843602047,78.57142857142857,3,39.55600475761229,30.48643581881186,100.0,6,28.008609769497728,24.636736497317997,100.0,27,6.3244733469687295,9.212540220325234,66.66666666666666,11,15.103986008591521,10.775090457996303,90.9090909090909,0,,,,2,48.77907866662213,48.77907866662213,100.0,38,-1.8554927722185426,-0.79776679909636,44.73684210526316,0,,,,5,-5.579595925731173,0.6718430847846045,60.0
GLW,10,1255,4.686,11.6215,-18.557,27.929,30,6.814730693137795,6.249175179501023,100.0,2,4.1356328370201405,4.1356328370201405,100.0,11,6.792808429264711,5.389047485865758,100.0,12,6.637393201216324,7.083748165593691,100.0,5,6.219920941131433,7.511173814612282,100.0,0,,,,2,4.1356328370201405,4.1356328370201405,100.0,34,4.93791081409794,3.591225334885081,97.05882352941177,2,1.4830010968829752,1.4830010968829752,100.0,11,5.714091580004723,4.234816075817917,100.0
GLW,20,1255,4.686,11.6215,-18.557,27.929,30,8.31838671600009,6.481159307372613,83.33333333333334,2,11.032375086796222,11.032375086796222,100.0,11,6.248265881274444,5.837467742625467,81.81818181818183,12,10.97719510425894,9.432395733974683,91.66666666666666,5,3.5041244745912663,3.964232384921752,80.0,0,,,,2,11.032375086796222,11.032375086796222,100.0,34,3.179911408345768,4.233962717574008,70.58823529411765,2,3.162585264491952,3.162585264491952,50.0,11,0.9879198029301051,1.2823799979574848,54.54545454545454
GLW,30,1255,4.686,11.6215,-18.557,27.929,30,10.87561856394156,8.155509439712498,76.66666666666667,2,17.608308228886514,17.608308228886514,100.0,11,8.821167406938608,7.074161281254651,81.81818181818183,12,13.450588690193163,9.62679103436635,75.0,5,5.662734654278276,0.44709835745558996,60.0,0,,,,2,17.608308228886514,17.608308228886514,100.0,34,2.510082295576996,2.762226713017008,64.70588235294117,2,1.7735346228388011,1.7735346228388011,50.0,11,0.9885721457096107,0.3584830118375496,54.54545454545454
GLW,60,1255,4.686,11.6215,-18.557,27.929,30,15.10436386525897,6.920584678962339,76.66666666666667,2,26.369018180305254,26.369018180305254,100.0,11,9.20961330377002,6.825232003864625,81.81818181818183,12,22.602933260399027,10.852449017501655,75.0,5,15.320782617684898,7.816012174386944,80.0,0,,,,2,26.369018180305254,26.369018180305254,100.0,34,-0.12783082803075818,-0.27693375328308056,50.0,2,-12.334079229047358,-12.334079229047358,0.0,11,2.8300812107246793,3.899012195289495,63.63636363636363
GM,10,1255,0.6583,14.2738,-27.8893,29.206,33,8.539997912261567,7.547560584294424,100.0,6,6.573640555465165,6.392261261117406,100.0,10,7.584320697142945,7.473569348791411,100.0,16,8.206007602916749,7.536392421252083,100.0,7,12.863119252301592,10.170508733134062,100.0,0,,,,6,6.573640555465165,6.392261261117406,100.0,36,6.643885194918256,5.690792035084225,100.0,0,,,,7,6.937519542800573,4.198462633354194,100.0
GM,20,1255,0.6583,14.2738,-27.8893,29.206,33,8.615317072373902,7.801546968977295,78.78787878787878,6,9.470155959205117,6.11497552620113,83.33333333333334,10,10.408136860454555,7.724679383934698,90.0,16,8.069442049557626,7.549760914389908,75.0,7,7.534319935021135,4.7776587966548645,71.42857142857143,0,,,,6,9.470155959205117,6.11497552620113,83.33333333333334,36,5.3062854145265606,5.466174408493492,66.66666666666666,0,,,,7,3.1150901915760953,2.372417301308422,57.14285714285714
GM,30,1255,0.6583,14.2738,-27.8893,29.206,33,11.09828411316855,15.242223712429967,72.72727272727273,6,11.048294622480428,11.33819072238227,66.66666666666666,10,12.982319253683585,16.62339627686739,70.0,16,10.74732642013318,13.971534926337927,75.0,7,4.780049257950819,-0.9992537278406451,42.857142857142854,0,,,,6,11.048294622480428,11.33819072238227,66.66666666666666,36,5.673784439027364,7.840496617520786,69.44444444444444,0,,,,7,1.7823905427904039,-2.556778705862373,42.857142857142854
GM,60,1255,0.6583,14.2738,-27.8893,29.206,33,10.773584084477882,12.752065378040802,72.72727272727273,6,13.470693297495137,14.493510920033145,66.66666666666666,10,12.482485614900801,10.25106625190525,80.0,16,12.705181630321443,17.202541235377346,75.0,7,6.755438894461144,-0.36098772501111465,42.857142857142854,0,,,,6,13.470693297495137,14.493510920033145,66.66666666666666,36,2.5067450524177897,1.2862446149723343,50.0,0,,,,7,-5.089119606293264,-4.406633391967542,28.57142857142857
GNRC,10,1255,-7.4601,26.9148,-61.2897,46.3694,33,11.260785459743007,11.309740718609342,100.0,3,9.496911289582705,10.364025261265649,100.0,8,13.323576041320546,12.679085931874592,100.0,15,9.959195060871135,9.759461128822569,100.0,8,8.864176107403315,5.061047847286325,100.0,0,,,,6,12.468182635115376,11.361243529209819,100.0,29,11.092615197359747,10.652239838075573,100.0,0,,,,6,11.669093693169161,10.648953159093619,100.0
GNRC,20,1255,-7.4601,26.9148,-61.2897,46.3694,33,12.472560194732267,13.863819796572402,72.72727272727273,3,11.345222038203858,11.031521238581885,66.66666666666666,8,18.766326079451616,18.52185689775704,87.5,15,10.735768331819722,10.6510564370792,73.33333333333333,8,5.456815171618274,0.9051057932912981,50.0,0,,,,6,18.03675138448337,18.52185689775704,83.33333333333334,29,9.22932200786593,10.789081145437148,82.75862068965517,0,,,,6,9.222902186246602,9.309488985391493,83.33333333333334
GNRC,30,1255,-7.4601,26.9148,-61.2897,46.3694,33,11.849917135070632,9.438163090614852,75.75757575757575,3,19.020919784643134,27.892887132295176,66.66666666666666,8,20.468287539971854,19.64908922555413,87.5,15,6.316425623943246,7.60949527376626,73.33333333333333,8,3.70262725453804,-3.143190658736174,50.0,0,,,,6,22.54390904571953,24.224114756304708,83.33333333333334,29,11.162061707691034,14.435783276931332,72.41379310344827,0,,,,6,11.546088070495282,15.90533207105406,83.33333333333334
GNRC,60,1255,-7.4601,26.9148,-61.2897,46.3694,33,15.037644712424552,19.422104871581165,63.63636363636363,3,27.812575654654506,26.46178788253579,100.0,8,20.34355560681982,24.82311453882899,75.0,15,7.819876398257241,0.47508254962945345,53.333333333333336,8,9.921581525999425,-4.808054868107463,37.5,0,,,,6,27.31748702874751,30.14185005980452,83.33333333333334,29,12.863071399322534,15.245373104799711,72.41379310344827,0,,,,6,5.054518780245775,14.6980665586177,66.66666666666666
GOOG,10,1255,3.2979,11.6896,-20.0813,26.6772,31,7.069888514565878,6.783241782687591,100.0,4,9.112155050351472,8.08878100549336,100.0,11,8.488043494811006,8.577614992380973,100.0,16,6.870389548063976,6.277641241318923,100.0,6,8.881882412222925,8.843165844556335,100.0,0,,,,4,9.112155050351472,8.08878100549336,100.0,31,6.187823381180669,5.43332178491815,100.0,2,2.0974154866342167,2.0974154866342167,100.0,11,8.64098846676656,9.435571904807645,100.0
GOOG,20,1255,3.2979,11.6896,-20.0813,26.6772,31,9.352362351537009,9.930462053791336,90.32258064516128,4,10.020129227223642,8.120646138468643,100.0,11,9.197653914183663,9.930462053791336,100.0,16,8.791624898486042,9.060911080543008,87.5,6,6.605897799839409,7.086936350899039,83.33333333333334,0,,,,4,10.020129227223642,8.120646138468643,100.0,31,5.563185860887988,5.456958450100438,80.64516129032258,2,1.4835343735026392,1.4835343735026392,100.0,11,9.086894072510924,9.273720792815501,100.0
GOOG,30,1255,3.2979,11.6896,-20.0813,26.6772,31,9.652097545525779,9.715473999891284,96.7741935483871,4,10.808297192190118,9.460488716229428,100.0,11,7.995449416783126,8.827391333589475,100.0,16,9.639187086255136,10.218082827870882,93.75,6,10.126562847423124,10.015280468223446,100.0,0,,,,4,10.808297192190118,9.460488716229428,100.0,31,3.928755589330546,3.7386650127321785,64.51612903225806,2,-6.089751741472868,-6.089751741472868,0.0,11,7.239044726631977,7.955664970436531,90.9090909090909
GOOG,60,1255,3.2979,11.6896,-20.0813,26.6772,31,12.549062322216741,11.104536206815347,74.19354838709677,4,12.56154496653797,15.001024360827028,75.0,11,8.073637837017055,8.721223515546821,54.54545454545454,16,11.792940990183602,10.483078308866475,87.5,6,16.860339248373204,18.491160525946135,83.33333333333334,0,,,,4,12.56154496653797,15.001024360827028,75.0,31,4.132247046135316,3.5452178993489665,64.51612903225806,2,-8.699679707725432,-8.699679707725432,50.0,11,9.852251493039578,13.015126078616996,90.9090909090909
GOOGL,10,1255,3.3417,11.8251,-20.3086,26.9919,31,7.2673159134229195,6.8221937579825465,100.0,4,9.085120663010734,7.947550127462183,100.0,11,8.812181624421639,9.168559564522171,100.0,18,6.764341408835348,6.497512721498822,100.0,6,8.948257040422417,8.848820510757673,100.0,0,,,,4,9.085120663010734,7.947550127462183,100.0,33,6.11618361450503,5.309869957028991,100.0,2,2.306214616958865,2.306214616958865,100.0,11,8.48740727574438,9.596288654079602,100.0
GOOGL,20,1255,3.3417,11.8251,-20.3086,26.9919,31,8.935180837604044,8.434018375457738,90.32258064516128,4,9.833267840906412,8.059375132542645,100.0,11,8.038773166740839,8.417455639852014,100.0,18,8.519626150467921,8.19927544492121,83.33333333333334,6,6.7929053677308255,7.595457591880615,83.33333333333334,0,,,,4,9.833267840906412,8.059375132542645,100.0,33,5.407580430168977,5.655489480326594,78.78787878787878,2,1.6923797552623998,1.6923797552623998,100.0,11,9.687945886616996,10.98976133495669,100.0
GOOGL,30,1255,3.3417,11.8251,-20.3086,26.9919,31,9.439882675141979,9.329899182028607,93.54838709677419,4,10.582485774954698,8.827075397142488,100.0,11,7.081276141443513,8.32425161225637,90.9090909090909,18,9.96992934412776,10.614319416534856,94.44444444444444,6,10.26821319207904,10.093873716499587,100.0,0,,,,4,10.582485774954698,8.827075397142488,100.0,33,3.65125644742213,3.234804893976171,63.63636363636363,2,-6.0221596379422575,-6.0221596379422575,0.0,11,7.9936430197519295,8.78304415866146,90.9090909090909
GOOGL,60,1255,3.3417,11.8251,-20.3086,26.9919,31,12.680167563094583,10.361667132341392,74.19354838709677,4,12.264348322441409,14.17428249550297,75.0,11,8.369975373681463,7.972209315234789,54.54545454545454,18,11.250410677695925,10.04226185608481,83.33333333333334,6,17.316555108881303,19.809652886164102,83.33333333333334,0,,,,4,12.264348322441409,14.17428249550297,75.0,33,3.7103071094045053,4.116922133653507,63.63636363636363,2,-8.63420280458301,-8.63420280458301,50.0,11,10.722656175286389,12.520292776645814,90.9090909090909
GPC,10,1255,-0.2491,8.0218,-16.2928,15.7945,35,5.3063996847457044,5.3396524369782155,100.0,3,6.325319133781693,7.111381957119198,100.0,13,5.5296160856609475,5.178552578525583,100.0,15,5.093097513419973,5.476348010686155,100.0,6,4.399974281920517,3.124090734115221,100.0,3,6.325319133781693,7.111381957119198,100.0,3,6.325319133781693,7.111381957119198,100.0,34,4.707868770146885,4.333721846020205,100.0,1,5.590568234042933,5.590568234042933,100.0,6,4.8480621535939195,5.426767853536744,100.0
GPC,20,1255,-0.2491,8.0218,-16.2928,15.7945,35,5.166511265515533,5.526133385387011,82.85714285714286,3,7.307025405529514,7.205383823809895,100.0,13,5.1667809977076535,6.8681271477927766,84.61538461538461,15,6.280530545128175,7.205383823809895,93.33333333333333,6,6.224097150626754,6.726383854541606,66.66666666666666,3,7.307025405529514,7.205383823809895,100.0,3,7.307025405529514,7.205383823809895,100.0,34,5.115751249869123,4.859393196540874,79.41176470588235,1,9.328264626496036,9.328264626496036,100.0,6,6.587655174393134,3.3363837576326882,83.33333333333334
GPC,30,1255,-0.2491,8.0218,-16.2928,15.7945,35,5.84875292438202,5.957271622845674,77.14285714285715,3,9.576578132218014,9.997693160941086,100.0,13,7.639836554356136,7.826372446011385,84.61538461538461,15,6.786933385527097,7.4333035944243635,80.0,6,3.4890816971729355,2.6088159321498914,66.66666666666666,3,9.576578132218014,9.997693160941086,100.0,3,9.576578132218014,9.997693160941086,100.0,34,3.7962278250061674,5.064719630911856,67.64705882352942,1,11.255857063327385,11.255857063327385,100.0,6,4.855655874226481,5.48415308315106,83.33333333333334
GPC,60,1255,-0.2491,8.0218,-16.2928,15.7945,35,5.566680917650108,4.099101612995333,65.71428571428571,3,8.460084412788634,7.012011640860926,100.0,13,7.397212037424071,6.208064696171629,92.3076923076923,15,6.962224554599925,6.208064696171629,73.33333333333333,6,2.705345195890745,3.4716428133193844,66.66666666666666,3,8.460084412788634,7.012011640860926,100.0,3,8.460084412788634,7.012011640860926,100.0,34,4.542863724359932,5.531577032076493,70.58823529411765,1,8.218279834946246,8.218279834946246,100.0,6,13.61388863585866,15.353796612535533,100.0
GPN,10,1255,-5.1808,11.8981,-28.9769,18.6153,37,7.463759532378415,5.443579495732872,100.0,4,9.408957016016192,7.713103213023933,100.0,14,8.57290354637277,7.1501576546558105,100.0,11,5.838011014874129,3.959740459168863,100.0,7,6.233478772226053,5.443579495732872,100.0,0,,,,3,10.358740507616664,8.866599884833096,100.0,32,7.5341759511986375,6.559510595102411,100.0,0,,,,9,9.354327693810948,8.7902859114784,100.0
GPN,20,1255,-5.1808,11.8981,-28.9769,18.6153,37,4.908422308987552,4.89347943334211,64.86486486486487,4,13.085466060950068,12.784596589444131,100.0,14,8.726427666856564,8.103004985981888,85.71428571428571,11,1.6370045812607912,-1.5118034361687465,45.45454545454545,7,2.1105127747913754,3.698802781761015,57.14285714285714,0,,,,3,15.133407277875833,15.863096610256344,100.0,32,7.161040044828481,6.312904738342544,78.125,0,,,,9,7.999038587368308,10.046915942281531,77.77777777777779
GPN,30,1255,-5.1808,11.8981,-28.9769,18.6153,37,7.230723434238495,8.154063573419489,70.27027027027027,4,13.70022696321603,10.759729143069329,100.0,14,11.194601952635214,11.927529356039987,92.85714285714286,11,1.6305528598485182,-0.008932757408500667,45.45454545454545,7,-0.10019624942870818,-0.008932757408500667,42.857142857142854,0,,,,3,15.199345606057564,12.316587251447233,100.0,32,8.275877119456336,10.167170926600626,75.0,0,,,,9,8.680682659225608,9.678690241368724,77.77777777777779
GPN,60,1255,-5.1808,11.8981,-28.9769,18.6153,37,7.05644512439177,9.681062077501974,75.67567567567568,4,18.260140569892823,18.09002901539712,100.0,14,12.58470399760836,13.703478508551465,92.85714285714286,11,-2.883539588496774,-7.388360178893752,36.36363636363637,7,4.347894248393604,12.62859120758424,57.14285714285714,0,,,,3,18.968345398908166,20.04453194794745,100.0,32,8.618752063896395,8.454172677023411,75.0,0,,,,9,2.080569600943655,4.2633421375393565,77.77777777777779
GRMN,10,1255,1.7899,11.3511,-20.9122,24.492,38,6.813406651291594,5.40073096152088,100.0,8,6.514311807924361,7.116412416458329,100.0,12,5.919570363801693,5.620988124059117,100.0,22,5.313160931014307,5.19106403779047,100.0,11,8.445948812110643,5.294489641736452,100.0,2,6.053946312493424,6.053946312493424,100.0,7,6.974295606248753,8.078487018642912,100.0,38,6.1868082622129705,4.644298950252416,100.0,0,,,,3,4.93809392391363,6.116714751677954,100.0
GRMN,20,1255,1.7899,11.3511,-20.9122,24.492,38,6.3319740614710796,5.7460303410751274,76.31578947368422,8,5.350357776635171,7.878286003759591,87.5,12,4.185599714829616,5.7731025705907495,83.33333333333334,22,3.324931555553103,4.042865112313857,72.72727272727273,11,9.66904363714083,8.22261748880896,81.81818181818183,2,4.853699686829938,4.853699686829938,100.0,7,5.902582904032923,8.22261748880896,85.71428571428571,38,4.155294141116438,3.5887704562760114,65.78947368421053,0,,,,3,4.995822100407509,3.6925948946895284,66.66666666666666
GRMN,30,1255,1.7899,11.3511,-20.9122,24.492,38,7.989942867471384,6.961801475384259,81.57894736842105,8,6.003943542677204,5.377124477792716,75.0,12,3.9787235123084024,3.9189872480903745,66.66666666666666,22,4.151089082782873,4.745593571666307,72.72727272727273,11,12.129671897369644,12.37182041201309,81.81818181818183,2,5.381636880417853,5.381636880417853,50.0,7,7.091442141799287,5.917205891734006,85.71428571428571,38,3.8469403049655555,2.2522481841095,68.42105263157895,0,,,,3,2.8354576316054696,1.6311267706778896,66.66666666666666
GRMN,60,1255,1.7899,11.3511,-20.9122,24.492,38,10.143794407888072,11.781329183648904,73.68421052631578,8,7.249666635394822,-1.3807106158451299,50.0,12,3.5244724142973225,-4.2133931919536085,41.66666666666667,22,7.494889327942565,10.432365072466963,72.72727272727273,11,13.745009073507834,20.645548883143746,81.81818181818183,2,9.685396337976867,9.685396337976867,50.0,7,9.620408937450406,1.3756525935977248,57.14285714285714,38,2.476191756556497,1.4570518220311541,57.89473684210527,0,,,,3,5.787670397403744,0.9171724389380692,100.0
GS,10,1255,3.9203,9.3489,-14.7774,22.618,36,7.216929155969979,7.055199909189282,100.0,6,7.519030950030229,7.249350831551742,100.0,16,7.195809414666984,7.055199909189282,100.0,21,7.16631952618771,7.606067420402557,100.0,5,7.898046957722242,7.7650326775108764,100.0,1,7.7650326775108764,7.7650326775108764,100.0,7,8.855678670774735,7.7650326775108764,100.0,34,5.451700827482531,4.405909327828688,100.0,0,,,,6,6.793732354334239,5.347384368784304,100.0
GS,20,1255,3.9203,9.3489,-14.7774,22.618,36,8.056200485621892,6.9448938196233225,86.11111111111111,6,6.9771787334543705,6.356041092889585,66.66666666666666,16,6.782426858176641,4.865588823284229,68.75,21,8.495200720319101,7.798961111347652,95.23809523809523,5,3.4570303873134796,-0.8199630468043891,40.0,1,11.90617857661065,11.90617857661065,100.0,7,9.536264273598619,11.90617857661065,71.42857142857143,34,3.7356400900601394,4.887706454573269,73.52941176470588,0,,,,6,4.809960275721418,6.373399634206003,83.33333333333334
GS,30,1255,3.9203,9.3489,-14.7774,22.618,36,10.237809309820953,10.663788315139474,86.11111111111111,6,10.440121293595084,9.163129639097546,83.33333333333334,16,9.708043421620651,8.388139372631638,75.0,21,10.778289151333396,10.930765841960675,95.23809523809523,5,10.552362873277305,10.649392696817689,80.0,1,12.199373229749503,12.199373229749503,100.0,7,12.24119824943771,12.199373229749503,85.71428571428571,34,2.6434080830315634,2.986327827524569,61.76470588235294,0,,,,6,5.071868402186006,7.234365518243756,83.33333333333334
GS,60,1255,3.9203,9.3489,-14.7774,22.618,36,11.707282866038325,11.629068582816167,80.55555555555556,6,15.80509821257271,13.405322064113369,83.33333333333334,16,13.05473153368619,10.903703505202028,81.25,21,10.20538619119207,12.196774980750238,76.19047619047619,5,21.187540718655875,17.485961783572566,80.0,1,13.694355421341935,13.694355421341935,100.0,7,14.651315986371527,13.116288706884802,85.71428571428571,34,-0.9291751523668084,-3.169405205910606,38.23529411764706,0,,,,6,2.842968645426224,-1.4863030718542611,33.33333333333333
GWW,10,1255,3.9728,7.7537,-11.5346,19.4802,34,6.414865995824908,5.591037385510019,100.0,3,6.712441228551621,7.86907238038399,100.0,14,7.313442991121074,5.441264786467295,100.0,20,6.625853441894549,5.8947704542868955,100.0,9,5.310903636974177,4.268647302497733,100.0,0,,,,2,5.701643089675483,5.701643089675483,100.0,33,3.5266952401600262,2.9172714044069616,100.0,3,1.8140514415088662,1.4297577683617948,100.0,6,4.066008756985103,2.725240541671262,100.0
GWW,20,1255,3.9728,7.7537,-11.5346,19.4802,34,7.492598680900091,7.1832412816803926,85.29411764705883,3,7.933297616134806,9.591416394669277,100.0,14,9.391599497319215,8.391142144419467,100.0,20,7.467708168047475,7.459843149066952,85.0,9,8.970244070348985,7.6745462996823335,88.88888888888889,0,,,,2,7.104238226867571,7.104238226867571,100.0,33,2.8558963093704666,3.648101812177483,66.66666666666666,3,3.962412751605371,5.194393837805999,66.66666666666666,6,1.0866189376308437,3.9937277554914528,66.66666666666666
GWW,30,1255,3.9728,7.7537,-11.5346,19.4802,34,9.774133428074379,8.123177905681331,82.35294117647058,3,15.947731109325902,17.80697234481449,100.0,14,13.327301658684155,10.991160026992763,92.85714285714286,20,8.8133677196323,7.820360440522896,95.0,9,10.030205971914867,8.25683057337191,100.0,0,,,,2,12.06696508061058,12.06696508061058,100.0,33,1.8367882402824283,3.321758942452192,60.60606060606061,3,5.8889270204673325,9.480839191361518,66.66666666666666,6,-0.43298229091179197,3.909304108292794,66.66666666666666
GWW,60,1255,3.9728,7.7537,-11.5346,19.4802,34,12.363395771165836,12.012431582380618,88.23529411764706,3,19.245913517685825,13.337182932730911,100.0,14,17.970188084626866,15.906558135576773,100.0,20,12.088232223901494,9.916891662676957,95.0,9,15.193725303450467,13.337182932730911,100.0,0,,,,2,12.988536504326552,12.988536504326552,100.0,33,-0.5336091319921596,-0.4545986312425786,48.484848484848484,3,10.183387100320237,10.696799151898388,100.0,6,0.08548655254570647,1.4740395468286238,50.0
HAL,10,1255,1.5697,15.2281,-28.8865,32.0259,33,9.57763272348245,8.746340712375064,100.0,4,10.330800386238463,5.88215026173398,100.0,16,8.574829004775877,7.129828501645671,100.0,11,12.526883747921715,13.662647095991023,100.0,5,5.18943224571208,4.754943698598148,100.0,0,,,,5,10.142162689582205,7.00935682486981,100.0,38,9.456929777628515,8.595265468449849,100.0,1,13.640722559587214,13.640722559587214,100.0,14,8.944551370995718,8.823068717049928,100.0
HAL,20,1255,1.5697,15.2281,-28.8865,32.0259,33,9.88933204308873,7.819645671751147,84.84848484848484,4,15.234071243097638,6.034365568930755,100.0,16,8.352612771807847,5.514763340716626,87.5,11,12.733419861024544,8.884585994933392,81.81818181818183,5,5.4854162322330025,8.156546102468544,80.0,0,,,,5,13.412043799340546,6.12393402431217,100.0,38,7.709445313415533,8.196854357987517,81.57894736842105,1,9.7742553848586,9.7742553848586,100.0,14,8.448147105104818,8.603691867945443,92.85714285714286
HAL,30,1255,1.5697,15.2281,-28.8865,32.0259,33,11.004073547923912,6.256738299999551,78.78787878787878,4,26.391792969333274,16.308716339250523,100.0,16,9.454682484144342,4.647044341468918,87.5,11,13.448279990480346,19.722812680148813,63.63636363636363,5,3.9101670973242344,2.5566437254757983,80.0,0,,,,5,21.871172682333775,16.0483002751999,100.0,38,5.8059031825014085,6.20773517440902,78.94736842105263,1,2.454744448079477,2.454744448079477,100.0,14,6.563749540404565,6.06701300450195,92.85714285714286
HAL,60,1255,1.5697,15.2281,-28.8865,32.0259,33,12.619686407870232,9.373236603477253,63.63636363636363,4,23.746415664330463,12.273280914738283,100.0,16,9.906815761821118,8.46377626256725,62.5,11,17.45778266252996,8.220967297225856,63.63636363636363,5,-0.12287133355244215,3.2006146484180134,60.0,0,,,,5,25.46895603059084,12.871041091309115,100.0,38,4.437101638088174,3.1763368518098756,65.78947368421053,1,34.15092936388447,34.15092936388447,100.0,14,5.534887497510058,4.389937995840353,78.57142857142857
HAS,10,1255,-0.4522,12.3618,-25.1758,24.2715,33,6.905937041653493,6.8897712088617595,100.0,4,10.55481874801471,10.043707292281566,100.0,11,7.079365968868443,7.062573489728676,100.0,17,6.152582803760758,6.080640044992434,100.0,10,5.351317729569191,6.0569151002666235,100.0,0,,,,4,10.55481874801471,10.043707292281566,100.0,34,5.49265894950138,4.58212841187223,100.0,0,,,,7,8.655195400860034,7.037050061285085,100.0
HAS,20,1255,-0.4522,12.3618,-25.1758,24.2715,33,7.889542313788059,8.333471463702322,90.9090909090909,4,10.745014969851454,10.802425419145465,100.0,11,9.171463689874955,8.801682333860716,100.0,17,6.901446608910301,7.548480880015338,88.23529411764706,10,6.017660125043221,7.415933927260069,80.0,0,,,,4,10.745014969851454,10.802425419145465,100.0,34,3.5346940624404155,3.0676808404890483,58.82352941176471,0,,,,7,5.135634505448318,3.1583977819518996,85.71428571428571
HAS,30,1255,-0.4522,12.3618,-25.1758,24.2715,33,8.771735542166304,8.525086737336135,87.87878787878788,4,12.749265727063035,11.52784303180023,100.0,11,11.29103037977484,9.004820153520338,100.0,17,6.7502934818396785,8.00338289080946,82.35294117647058,10,7.116289742208939,6.807363412341676,80.0,0,,,,4,12.749265727063035,11.52784303180023,100.0,34,3.421509185908297,0.7965425425291799,50.0,0,,,,7,6.305079919050322,5.728108352194204,57.14285714285714
HAS,60,1255,-0.4522,12.3618,-25.1758,24.2715,33,10.323494051752135,9.941633633068676,81.81818181818183,4,11.29725011857326,12.352077507897583,75.0,11,13.507079449317848,9.941633633068676,90.9090909090909,17,7.547501309955305,9.750417812865637,76.47058823529412,10,11.708514547618341,12.289608242975326,90.0,0,,,,4,11.29725011857326,12.352077507897583,75.0,34,4.803476795364865,5.634100183211382,61.76470588235294,0,,,,7,7.523840869621795,11.969845897878796,71.42857142857143
HBAN,10,1255,1.1929,10.9306,-20.6683,23.0541,41,6.535933025263892,5.38073466474931,100.0,5,9.938104790797846,12.284486883147707,100.0,11,8.742025530594697,8.317216432642315,100.0,20,5.782207295293744,4.756084655360399,100.0,12,6.657776681329655,6.188065066467329,100.0,0,,,,5,9.938104790797846,12.284486883147707,100.0,32,6.638518638837355,5.256960580003289,100.0,0,,,,9,8.648839065144488,7.463724701496349,100.0
HBAN,20,1255,1.1929,10.9306,-20.6683,23.0541,41,7.695705908984313,7.32189590071657,85.36585365853658,5,15.074885709950104,17.99567767380092,100.0,11,11.347341318027766,14.40675951307893,90.9090909090909,20,5.690898685425007,6.401683565178059,80.0,12,8.307044808003049,9.206003577938645,83.33333333333334,0,,,,5,15.074885709950104,17.99567767380092,100.0,32,5.629969886844325,6.340699014529936,87.5,0,,,,9,7.4539097980270475,9.250823806189118,88.88888888888889
HBAN,30,1255,1.1929,10.9306,-20.6683,23.0541,41,9.42228448284618,9.071662615721698,80.48780487804879,5,14.014802906445727,13.149574395166095,100.0,11,12.413957883696265,13.149574395166095,90.9090909090909,20,6.374911127630038,6.19105959208896,70.0,12,14.472581973970177,15.399448903453958,100.0,0,,,,5,14.014802906445727,13.149574395166095,100.0,32,5.115268937355036,6.034535792595456,68.75,0,,,,9,3.953979929630752,6.400792222474745,66.66666666666666
HBAN,60,1255,1.1929,10.9306,-20.6683,23.0541,41,8.72221886848889,8.704095810786006,70.73170731707317,5,26.04628721591856,30.094680476726253,100.0,11,18.65507080525962,14.850214303945622,90.9090909090909,20,2.7576357731900076,2.3543817404947998,50.0,12,13.455241469431327,12.478514024019379,75.0,0,,,,5,26.04628721591856,30.094680476726253,100.0,32,1.92192778891629,0.20465893456111334,53.125,0,,,,9,-2.6988548120232654,0.12951687111022345,55.55555555555556
HCA,10,1255,3.0829,11.1154,-19.1479,25.3136,31,6.470168515323842,5.893823689199439,100.0,4,4.962164408114974,4.964830509643784,100.0,8,4.77498200707444,4.575078803159585,100.0,21,6.271580533723256,5.893823689199439,100.0,5,8.92535036827054,7.8160507126122285,100.0,1,7.337365136234469,7.337365136234469,100.0,4,4.962164408114974,4.964830509643784,100.0,30,5.6508383368726784,4.384889302497308,100.0,0,,,,1,6.124270813142612,6.124270813142612,100.0
HCA,20,1255,3.0829,11.1154,-19.1479,25.3136,31,7.939280838629888,8.471457864725469,74.19354838709677,4,10.606995897078878,13.266564586852077,75.0,8,7.905621878878008,11.319662688960051,75.0,21,6.715333879200216,7.7707328104054865,71.42857142857143,5,8.608298483236299,12.841250381270122,60.0,1,12.841250381270122,12.841250381270122,100.0,4,10.606995897078878,13.266564586852077,75.0,30,5.025784141056516,4.60744568991969,76.66666666666667,0,,,,1,2.258674288712051,2.258674288712051,100.0
HCA,30,1255,3.0829,11.1154,-19.1479,25.3136,31,8.538411300671138,9.83850210196854,80.64516129032258,4,8.819352787867018,12.072825671538414,75.0,8,8.681769727551703,9.461070082734011,75.0,21,7.157990328593068,8.041787309233914,80.95238095238095,5,6.186398295550663,8.041787309233914,60.0,1,8.041787309233914,8.041787309233914,100.0,4,8.819352787867018,12.072825671538414,75.0,30,4.822266954370611,3.1980111167691385,63.33333333333333,0,,,,1,19.63514964776344,19.63514964776344,100.0
HCA,60,1255,3.0829,11.1154,-19.1479,25.3136,31,10.422482930178484,13.371134380294917,80.64516129032258,4,15.440325228023157,15.299334925629694,100.0,8,9.72183097773707,13.42722417695525,75.0,21,8.818903627152096,9.391736590235544,80.95238095238095,5,4.892452941844105,12.500606893793565,60.0,1,17.22753547096447,17.22753547096447,100.0,4,15.440325228023157,15.299334925629694,100.0,30,1.0602260737473927,-2.246517890539595,43.333333333333336,0,,,,1,30.41538357650107,30.41538357650107,100.0
HD,10,1255,0.1966,8.9932,-17.7897,18.183,32,5.060945656898848,4.749388485857582,100.0,4,4.437601044032129,3.8544614109464614,100.0,12,5.231716715266615,4.96532342519247,100.0,14,4.436032275061225,3.2425842658510176,100.0,11,4.866798785811576,4.457874098048686,100.0,1,3.4573554261437955,3.4573554261437955,100.0,4,4.437601044032129,3.8544614109464614,100.0,32,4.993806291177389,4.651357675211238,100.0,0,,,,4,7.232676087454577,7.414933934772638,100.0
HD,20,1255,0.1966,8.9932,-17.7897,18.183,32,5.526715041886359,6.289726704920305,81.25,4,5.908106668548996,5.025129849834688,100.0,12,6.249201958366553,5.523467449507342,100.0,14,3.21680489562128,1.6916329579941516,57.14285714285714,11,4.217590030512766,3.408416446582679,81.81818181818183,1,3.408416446582679,3.408416446582679,100.0,4,5.908106668548996,5.025129849834688,100.0,32,4.188206034955931,3.2279860955525495,78.125,0,,,,4,5.2373439402222335,3.350756120010814,100.0
HD,30,1255,0.1966,8.9932,-17.7897,18.183,32,5.572591981079873,6.186078187504705,75.0,4,2.1510404286992824,-0.9914780265732066,50.0,12,6.5409962430367585,6.186078187504705,83.33333333333334,14,0.9765007699941386,-0.0310314185470342,50.0,11,3.457552038002947,2.97479041570855,72.72727272727273,1,-2.62873177626346,-2.62873177626346,0.0,4,2.1510404286992824,-0.9914780265732066,50.0,32,4.403640313998238,4.845807964208291,71.875,0,,,,4,3.2375477315962273,3.7370630713613595,75.0
HD,60,1255,0.1966,8.9932,-17.7897,18.183,32,7.0353211637383435,8.67063697302385,65.625,4,0.9278492724795114,-0.546245958764618,50.0,12,8.349222446631567,9.117931066753512,75.0,14,0.38726805031614664,-5.218033357742057,35.714285714285715,11,4.0438142160736295,5.822758006732648,54.54545454545454,1,-6.144745655053916,-6.144745655053916,0.0,4,0.9278492724795114,-0.546245958764618,50.0,32,5.66589950344763,6.4920500640044425,71.875,0,,,,4,-3.5282736847296867,-3.531988345622964,25.0
HIG,10,1255,3.7619,6.0264,-8.291,15.8147,36,4.570621391342334,4.544253532954933,100.0,5,5.175778383118006,5.228423428289853,100.0,20,5.465155456038832,4.9739893634367185,100.0,18,4.4786102365490885,4.453734998486038,100.0,11,5.566282080059849,6.416342531270713,100.0,2,7.06702788041989,7.06702788041989,100.0,5,5.175778383118006,5.228423428289853,100.0,31,4.162660107246645,3.4174277365482912,100.0,1,4.155372069634955,4.155372069634955,100.0,3,6.204402683104718,6.536853795619334,100.0
HIG,20,1255,3.7619,6.0264,-8.291,15.8147,36,5.176943766205472,4.978267236801803,88.88888888888889,5,7.878704343560758,8.418801556400991,100.0,20,6.121546941197741,5.3398631791504325,90.0,18,5.552204752301381,5.554640687213573,94.44444444444444,11,7.395210926979854,8.418801556400991,100.0,2,6.866721551156922,6.866721551156922,100.0,5,7.878704343560758,8.418801556400991,100.0,31,3.6707732418843104,4.242166067632745,77.41935483870968,1,5.172413265903634,5.172413265903634,100.0,3,4.545053814756941,4.242166067632745,100.0
HIG,30,1255,3.7619,6.0264,-8.291,15.8147,36,5.827936002707393,5.451277855294065,86.11111111111111,5,10.092303568751243,9.500520173154097,100.0,20,8.748113983225686,8.451308938965845,95.0,18,5.5622679437206335,5.500308998663966,88.88888888888889,11,7.332242988919836,7.402097704777591,90.9090909090909,2,8.255540556180156,8.255540556180156,100.0,5,10.092303568751243,9.500520173154097,100.0,31,2.860005558825578,0.5156562579942249,61.29032258064516,1,0.06781344857415172,0.06781344857415172,100.0,3,-2.4714465792978086,-2.2566462613567726,0.0
HIG,60,1255,3.7619,6.0264,-8.291,15.8147,36,7.906891564788252,7.181031254158897,88.88888888888889,5,9.589519116616788,5.416116956806213,100.0,20,10.619266397718413,8.565748656580883,100.0,18,6.451464707761163,7.491275209197758,83.33333333333334,11,10.487472462460367,9.604614630603479,100.0,2,6.934920322844775,6.934920322844775,100.0,5,9.589519116616788,5.416116956806213,100.0,31,0.18407924297516687,-1.72976350270082,41.935483870967744,1,2.6670614233439713,2.6670614233439713,100.0,3,-4.265479791578229,-7.383432722914961,33.33333333333333
HII,10,1255,2.9273,11.346,-19.7647,25.6192,34,5.478300411818485,4.605457035721585,100.0,3,7.365765638964528,6.597809111056613,100.0,9,5.608290467548648,5.51845450833655,100.0,21,4.851463116440197,3.4435583058482795,100.0,6,3.1756691492933817,3.585845074481778,100.0,0,,,,3,7.365765638964528,6.597809111056613,100.0,31,5.166906167607293,3.4686590619398507,100.0,0,,,,4,4.809976280078034,4.0975085467226915,100.0
HII,20,1255,2.9273,11.346,-19.7647,25.6192,34,7.445069508478114,7.170111316126558,85.29411764705883,3,12.04110603460181,7.736433370835422,100.0,9,9.562157290573149,7.85165360672517,100.0,21,5.863405773912072,6.475249801717281,76.19047619047619,6,7.5330754639243045,6.600917004098394,83.33333333333334,0,,,,3,12.04110603460181,7.736433370835422,100.0,31,4.4773888980065735,4.681693166433186,70.96774193548387,0,,,,4,3.6004616913990564,2.2478178900242045,50.0
HII,30,1255,2.9273,11.346,-19.7647,25.6192,34,7.8004014040031056,8.024534125305204,79.41176470588235,3,8.990562161943783,4.5901279249808,66.66666666666666,9,8.962295473492542,5.58839723357578,88.88888888888889,21,6.644890323660764,7.660908023857371,71.42857142857143,6,3.8973125253312753,3.504959874725554,66.66666666666666,0,,,,3,8.990562161943783,4.5901279249808,66.66666666666666,31,3.5368894747608968,3.4190857017360416,67.74193548387096,0,,,,4,4.101235234554493,1.8880922280043972,100.0
HII,60,1255,2.9273,11.346,-19.7647,25.6192,34,11.890312801554712,11.158471169377005,82.35294117647058,3,20.35438097998915,7.53895100915236,100.0,9,14.34852422263615,10.580519526523538,100.0,21,12.821294169189411,16.296730807865956,76.19047619047619,6,4.732147062461727,5.883553327079868,83.33333333333334,0,,,,3,20.35438097998915,7.53895100915236,100.0,31,0.5936694417664572,-2.287462643554481,48.38709677419355,0,,,,4,-2.3377636846372045,-5.243448065498324,25.0
HLT,10,1255,3.7339,7.7233,-11.7127,19.1806,35,6.444393643177247,6.307615694455198,100.0,5,9.940057979131012,9.814761360888877,100.0,11,8.215110034704873,6.9952359842169285,100.0,21,6.262509329967243,6.261434521170645,100.0,8,6.9145292525676325,5.218942851990021,100.0,1,16.46913161891887,16.46913161891887,100.0,6,8.687705903254644,8.404998672552903,100.0,32,4.635908493220347,3.6756710484846256,100.0,0,,,,2,8.342250791421836,8.342250791421836,100.0
HLT,20,1255,3.7339,7.7233,-11.7127,19.1806,35,7.5951472651171015,9.736686317555069,85.71428571428571,5,7.661604029856532,18.01067971685998,60.0,11,8.32519890086715,11.193414465551516,72.72727272727273,21,7.390399818598583,7.613839203134119,90.47619047619048,8,4.690879956536958,6.727572936773846,75.0,1,18.01067971685998,18.01067971685998,100.0,6,8.250239102472362,14.602047091205748,66.66666666666666,32,5.031827391163565,4.410739285384235,78.125,0,,,,2,4.622461002286369,4.622461002286369,50.0
HLT,30,1255,3.7339,7.7233,-11.7127,19.1806,35,9.152679417009482,10.718661196423023,85.71428571428571,5,12.067048540123483,22.59538383167271,60.0,11,11.365307344378827,11.618141761573462,72.72727272727273,21,8.303731355484416,9.272257167279282,90.47619047619048,8,7.78378742002259,8.819247759128203,75.0,1,26.37693688860896,26.37693688860896,100.0,6,11.671755196241397,16.145336154251837,66.66666666666666,32,3.228062104544641,2.9964603315677216,71.875,0,,,,2,-0.3570615391995844,-0.3570615391995844,50.0
HLT,60,1255,3.7339,7.7233,-11.7127,19.1806,35,10.504492727129291,11.080466239564437,91.42857142857143,5,14.522923667555082,11.159254652722883,100.0,11,11.374993821327386,9.358208300040506,100.0,21,8.271367986797502,10.566460540564819,85.71428571428571,8,9.063618509888734,10.538292808453852,87.5,1,7.349738275690922,7.349738275690922,100.0,6,13.827357531018427,10.754390750529016,100.0,32,1.2403218605757331,-0.11732501023647757,50.0,0,,,,2,-5.2199795054772204,-5.2199795054772204,0.0
HON,10,1255,0.3072,6.4359,-12.5645,13.179,38,4.769128576676724,4.139933997834834,100.0,2,6.035619608635209,6.035619608635209,100.0,15,4.86558880808873,4.306153477202194,100.0,22,5.081671792190563,3.8306502136819303,100.0,11,4.2051612724629335,3.509528452870298,100.0,1,7.90221426407486,7.90221426407486,100.0,2,6.035619608635209,6.035619608635209,100.0,39,4.3955769931177056,3.8576051422502977,100.0,1,3.8264014038685255,3.8264014038685255,100.0,9,2.7303158504443745,2.1440394928113586,100.0
HON,20,1255,0.3072,6.4359,-12.5645,13.179,38,4.270196597543065,2.886165155002142,71.05263157894737,2,12.715666899383955,12.715666899383955,100.0,15,7.370678811295646,5.444080638470604,93.33333333333333,22,2.9766548935548998,2.0263227987283354,63.63636363636363,11,3.5474431849997283,2.8106044530496432,63.63636363636363,1,17.363004562369703,17.363004562369703,100.0,2,12.715666899383955,12.715666899383955,100.0,39,3.9400163115103397,3.2635170320476843,76.92307692307693,1,2.808462645661233,2.808462645661233,100.0,9,0.41869124829326765,-0.9243851199516095,44.44444444444444
HON,30,1255,0.3072,6.4359,-12.5645,13.179,38,5.544532475880358,4.452422180763227,68.42105263157895,2,15.370357867596052,15.370357867596052,100.0,15,9.306467958257416,8.578828629406065,93.33333333333333,22,4.248088008302592,0.9319976629436204,59.09090909090909,11,4.160180370930771,3.691021514287433,72.72727272727273,1,21.953200667399162,21.953200667399162,100.0,2,15.370357867596052,15.370357867596052,100.0,39,4.54990984678797,5.203389590515719,79.48717948717949,1,3.9581836465090454,3.9581836465090454,100.0,9,1.4659536944365865,1.9363868665832913,66.66666666666666
HON,60,1255,0.3072,6.4359,-12.5645,13.179,38,5.87172602440637,6.944356210013067,65.78947368421053,2,20.17951993793259,20.17951993793259,100.0,15,10.815665829880768,8.797759880205973,80.0,22,4.278485697559642,3.867170965749301,63.63636363636363,11,5.739470554056208,5.991709986387009,72.72727272727273,1,31.56127999565921,31.56127999565921,100.0,2,20.17951993793259,20.17951993793259,100.0,39,3.4722023741330545,5.74021181448561,69.23076923076923,1,10.905258591793679,10.905258591793679,100.0,9,4.42326211752705,4.78657654171233,77.77777777777779
HOOD,10,1179,-0.9663,36.5314,-74.0291,72.0965,32,16.59918911827845,16.035634231874866,100.0,3,17.032562011220037,16.45134244244296,100.0,5,16.614402567460715,16.45134244244296,100.0,17,18.28341440158652,17.675064222142662,100.0,9,20.430584410843263,23.507920782073338,100.0,0,,,,5,16.614402567460715,16.45134244244296,100.0,30,13.699859828522516,12.37069998783426,100.0,0,,,,9,15.169345933853926,14.167477594224778,100.0
HOOD,20,1179,-0.9663,36.5314,-74.0291,72.0965,32,19.086345651671568,16.11033881514962,81.25,3,9.004923135859785,6.572777352231104,66.66666666666666,5,10.13024645578735,6.572777352231104,60.0,17,20.50019929179798,17.965899812622162,88.23529411764706,9,23.66636681600855,17.965899812622162,77.77777777777779,0,,,,5,10.13024645578735,6.572777352231104,60.0,30,10.82105355432159,11.07011917824261,80.0,0,,,,9,12.35534807630198,7.565784967562002,88.88888888888889
HOOD,30,1179,-0.9663,36.5314,-74.0291,72.0965,32,24.001736656867315,19.54572898192653,78.125,3,1.3360912103007487,-5.08181926236534,33.33333333333333,5,6.6744867657676465,-1.8404862030818543,40.0,17,25.721367556731018,19.401195347896948,76.47058823529412,9,34.72087543559171,30.909093160978397,88.88888888888889,0,,,,5,6.6744867657676465,-1.8404862030818543,40.0,30,11.763277048391949,14.3147149708909,80.0,0,,,,9,14.728050812409569,14.031621025163421,77.77777777777779
HOOD,60,1179,-0.9663,36.5314,-74.0291,72.0965,32,30.871154701709266,21.8934561026281,71.875,3,-12.602663602304444,-10.508176997686949,0.0,5,8.864699735405532,-5.985263711593422,40.0,17,41.772363664840775,27.15730741548849,76.47058823529412,9,53.93482073602623,38.71374827387049,88.88888888888889,0,,,,5,8.864699735405532,-5.985263711593422,40.0,30,3.5027080099845014,7.843159421506015,60.0,0,,,,9,15.193546791662179,17.06421763093641,66.66666666666666
HPE,10,1255,2.1444,11.7606,-21.3768,25.6657,35,8.813471758329792,6.814748667824533,100.0,3,13.473969846300534,8.927192930187674,100.0,12,11.480168859180722,10.736252893757314,100.0,19,7.447681258486597,6.451614146495959,100.0,14,9.059167620797984,7.773015134458462,100.0,0,,,,3,13.473969846300534,8.927192930187674,100.0,35,7.494311495762718,6.302525853097069,100.0,0,,,,4,4.476779133865893,2.011595811017175,100.0
HPE,20,1255,2.1444,11.7606,-21.3768,25.6657,35,9.579885008689823,9.684106151575953,85.71428571428571,3,12.632643685393484,11.74628549223009,66.66666666666666,12,13.950623785564924,15.41499643372747,83.33333333333334,19,8.777730184076514,6.112487465993706,89.47368421052632,14,8.593174050619362,9.096500388991354,71.42857142857143,0,,,,3,12.632643685393484,11.74628549223009,66.66666666666666,35,8.009136495103382,7.082328897955048,94.28571428571428,0,,,,4,7.529939784454842,5.874760912136647,100.0
HPE,30,1255,2.1444,11.7606,-21.3768,25.6657,35,10.60993820655662,9.043987829014128,82.85714285714286,3,22.65429889694093,16.91463847690451,100.0,12,15.699929542368482,17.027637216460853,91.66666666666666,19,6.926228128540314,7.204227011424118,78.94736842105263,14,6.383575683608688,5.306242453725746,71.42857142857143,0,,,,3,22.65429889694093,16.91463847690451,100.0,35,7.177536796287985,4.6984368700553345,82.85714285714286,0,,,,4,7.648656092252805,6.335503077231008,100.0
HPE,60,1255,2.1444,11.7606,-21.3768,25.6657,35,11.240682147377134,7.485734785515574,68.57142857142857,3,29.70257367714071,24.968493774166898,66.66666666666666,12,22.2773056722876,16.809679957636014,91.66666666666666,19,6.650011455216449,4.770305404233284,63.1578947368421,14,7.470259860120718,6.8962860086539965,64.28571428571429,0,,,,3,29.70257367714071,24.968493774166898,66.66666666666666,35,4.150880750529219,5.279045266172203,62.857142857142854,0,,,,4,-2.3062829050416944,-7.332092530801655,25.0
HPQ,10,1255,-2.397,12.6739,-27.7447,22.9508,38,6.992298872643151,7.082740319059842,100.0,2,11.934323499448523,11.934323499448523,100.0,8,7.613918197988191,5.955542581640825,100.0,21,6.351984003034822,6.875011544211991,100.0,10,6.957233917218977,5.744892259714296,100.0,0,,,,2,11.934323499448523,11.934323499448523,100.0,37,5.5276470130071305,3.6153911858200556,100.0,2,3.042161482459064,3.042161482459064,100.0,9,7.1952426912338785,3.587595010627362,100.0
HPQ,20,1255,-2.397,12.6739,-27.7447,22.9508,38,5.93287778561775,5.466503404415879,78.94736842105263,2,15.370311998424548,15.370311998424548,100.0,8,5.407295143744355,7.502711948279372,87.5,21,5.481947776463717,5.245168843636098,71.42857142857143,10,4.061561773606238,3.837616659952818,70.0,0,,,,2,15.370311998424548,15.370311998424548,100.0,37,4.984079700290066,4.996806093638754,75.67567567567568,2,3.623060374870635,3.623060374870635,50.0,9,5.102138885314246,-0.7468328573106763,44.44444444444444
HPQ,30,1255,-2.397,12.6739,-27.7447,22.9508,38,7.12511851492255,5.895448696548901,76.31578947368422,2,25.950427437488024,25.950427437488024,100.0,8,9.731632232146783,7.315230668455241,75.0,21,6.690991490150744,3.6962063411522132,76.19047619047619,10,3.7678446352481294,2.2456833508788727,60.0,0,,,,2,25.950427437488024,25.950427437488024,100.0,37,4.626679364781084,4.810793301213287,59.45945945945946,2,-0.42715806347942753,-0.42715806347942753,50.0,9,3.7689131522502533,-1.5812963216082259,44.44444444444444
HPQ,60,1255,-2.397,12.6739,-27.7447,22.9508,38,6.208333936854871,7.575125258408841,65.78947368421053,2,17.098604261901137,17.098604261901137,100.0,8,6.023364578445314,16.545251187397916,62.5,21,4.798061875808701,4.441927802894646,61.904761904761905,10,3.737566348409056,2.3944594165745756,50.0,0,,,,2,17.098604261901137,17.098604261901137,100.0,37,5.311571924451606,6.376622161578151,64.86486486486487,2,7.715409872162656,7.715409872162656,100.0,9,3.916722863240614,-1.2537211877948882,44.44444444444444
HRL,10,1255,-3.1929,7.9348,-19.0625,12.6768,38,4.563665173861587,4.496633796750601,97.36842105263158,7,4.62455204165965,5.2648539973818975,85.71428571428571,11,4.8647046414378785,5.5341109229798935,90.9090909090909,12,3.000400781516108,1.9792960098476045,100.0,3,4.003746342835048,4.75214965068603,100.0,0,,,,6,4.175530359601812,5.1679504841268535,83.33333333333334,38,4.77686344633482,4.122103116090997,100.0,2,11.155298590939186,11.155298590939186,100.0,16,4.833405764417101,3.9688380220802255,100.0
HRL,20,1255,-3.1929,7.9348,-19.0625,12.6768,38,3.6393829332111296,4.406703599687178,78.94736842105263,7,3.3394288517694646,4.812680264751258,71.42857142857143,11,5.021287853659472,4.812680264751258,81.81818181818183,12,-0.35016017343822203,1.055788849077792,58.333333333333336,3,1.3250931780913788,6.835107043690808,66.66666666666666,0,,,,6,3.0919299451277786,4.392772899538619,66.66666666666666,38,5.59323573370524,4.488711628877191,84.21052631578947,2,15.088453719300158,15.088453719300158,100.0,16,6.778497177764534,5.863698816475914,93.75
HRL,30,1255,-3.1929,7.9348,-19.0625,12.6768,38,2.565540048395064,2.2770012239315487,65.78947368421053,7,2.6427095385828676,3.0361776035169266,71.42857142857143,11,5.121733684775453,5.3360913102918595,72.72727272727273,12,-1.102470269691833,-1.4051933111440484,50.0,3,3.004841501933903,8.615692388583572,66.66666666666666,0,,,,6,2.193812576631369,2.1317863529971453,66.66666666666666,38,4.657910211744836,3.9086066331844815,78.94736842105263,2,17.719151519690392,17.719151519690392,100.0,16,4.522752500637811,4.008049264763668,81.25
HRL,60,1255,-3.1929,7.9348,-19.0625,12.6768,38,0.6833069046592409,-0.10342075193612307,47.368421052631575,7,3.3105458071049845,-0.14409391762808557,42.857142857142854,11,7.226153580894987,3.375320548723873,63.63636363636363,12,-4.776494401048767,-7.77976633670185,33.33333333333333,3,-1.5903087176135358,3.375320548723873,66.66666666666666,0,,,,6,3.475186454748585,-0.6166547402358893,33.33333333333333,38,5.052974170503546,5.562601298177828,65.78947368421053,2,12.289973759870698,12.289973759870698,100.0,16,3.130639816901622,1.0365021876927385,56.25
HSIC,10,1255,-0.2793,7.2465,-14.7723,14.2137,37,4.880970081243687,4.423205274770691,100.0,2,7.775049973263286,7.775049973263286,100.0,15,5.623228463950264,4.681468983605173,100.0,17,3.457522194273032,3.2139460718281048,100.0,9,4.5913024231518005,4.506690309041473,100.0,0,,,,2,7.775049973263286,7.775049973263286,100.0,28,4.485653577169897,3.6406428073310053,100.0,2,8.184203653660818,8.184203653660818,100.0,10,4.811975036047224,3.8979372425322305,100.0
HSIC,20,1255,-0.2793,7.2465,-14.7723,14.2137,37,5.568384227744024,4.674044354967364,78.37837837837837,2,9.266444728722329,9.266444728722329,100.0,15,7.899530943583944,8.651437637217505,93.33333333333333,17,2.279422543366912,1.8932878701008942,58.82352941176471,9,6.76929965446069,6.172247025190204,100.0,0,,,,2,9.266444728722329,9.266444728722329,100.0,28,5.637284090181928,5.743558164535862,89.28571428571429,2,9.634147258512506,9.634147258512506,100.0,10,4.668681170249829,4.663468155670538,90.0
HSIC,30,1255,-0.2793,7.2465,-14.7723,14.2137,37,5.372531164936531,4.7278121173213075,70.27027027027027,2,17.384735955161304,17.384735955161304,100.0,15,9.374553741008505,9.26052434086468,80.0,17,0.7410064271026562,-0.34502281798870027,47.05882352941176,9,6.991887334848482,7.134073187552148,77.77777777777779,0,,,,2,17.384735955161304,17.384735955161304,100.0,28,5.283261571891942,6.15414176343627,82.14285714285714,2,10.076024677305544,10.076024677305544,100.0,10,2.6071582296547833,2.9359078072362115,80.0
HSIC,60,1255,-0.2793,7.2465,-14.7723,14.2137,37,4.436176499460952,0.25938899850682595,56.75675675675676,2,19.03467246997394,19.03467246997394,100.0,15,9.408240900081303,10.513143637679184,73.33333333333333,17,-1.5688891612366307,-1.6391126936328486,41.17647058823529,9,7.534084670589705,4.356534046592833,66.66666666666666,0,,,,2,19.03467246997394,19.03467246997394,100.0,28,6.010555668439845,7.266262928050121,85.71428571428571,2,12.307506450237845,12.307506450237845,100.0,10,2.1042638116393833,4.000319712769416,70.0
HST,10,1255,1.3295,8.2308,-15.1321,17.7911,39,6.646036421317902,6.052462487795767,100.0,6,5.543495237854072,5.884267719554677,100.0,13,5.477022281971245,4.533684192674267,100.0,18,5.585222833622091,4.999037160814506,100.0,11,5.439660178175851,3.9581396600705356,100.0,2,5.005301073933151,5.005301073933151,100.0,6,5.543495237854072,5.884267719554677,100.0,41,6.0685310703403195,4.2455423966629855,100.0,1,3.9234828418313867,3.9234828418313867,100.0,8,3.6784833532198187,2.3004189751397135,100.0
HST,20,1255,1.3295,8.2308,-15.1321,17.7911,39,6.511369613830934,7.945118486643381,79.48717948717949,6,9.012358619246696,10.13495159177656,83.33333333333334,13,7.876963259598705,9.98956510488463,76.92307692307693,18,5.908084091372481,8.333144899652744,72.22222222222221,11,7.777574595142406,8.310440966859382,81.81818181818183,2,13.034173028547958,13.034173028547958,100.0,6,9.012358619246696,10.13495159177656,83.33333333333334,41,5.59513376119227,4.067182009554654,78.04878048780488,1,4.512020523645857,4.512020523645857,100.0,8,1.6824970620268087,-0.41950884635308594,37.5
HST,30,1255,1.3295,8.2308,-15.1321,17.7911,39,8.28666768076408,8.619638490771637,87.17948717948718,6,12.339894095425215,14.046159385064694,83.33333333333334,13,10.598287775972807,11.871839762231504,84.61538461538461,18,7.097638841810716,9.348446166395018,83.33333333333334,11,10.336352441329069,7.772604532293209,90.9090909090909,2,14.281732891334691,14.281732891334691,100.0,6,12.339894095425215,14.046159385064694,83.33333333333334,41,5.5588950349040145,4.847092590064566,73.17073170731707,1,0.8827907411288315,0.8827907411288315,100.0,8,2.6729372369985986,1.1917608417522643,75.0
HST,60,1255,1.3295,8.2308,-15.1321,17.7911,39,9.787166822350656,11.326676722804578,76.92307692307693,6,14.88820434256163,12.27357411807092,100.0,13,12.809066755036675,12.225477889890653,84.61538461538461,18,7.6557107474263795,10.97581119295904,72.22222222222221,11,7.410344064882983,11.200391352769145,63.63636363636363,2,12.949171574039823,12.949171574039823,100.0,6,14.88820434256163,12.27357411807092,100.0,41,4.130281368244436,4.370561012225977,68.29268292682927,1,0.5389940013113257,0.5389940013113257,100.0,8,-1.1642217732593796,1.5479973777708036,62.5
HSY,10,1255,0.9402,8.1815,-15.4227,17.3032,31,5.55437619815683,4.714009675111622,100.0,4,5.870699631523658,4.263100325321485,100.0,7,6.7267892256328965,4.8776188741374265,100.0,12,4.47810586104724,3.52028300977374,100.0,6,7.901687953726525,8.994361702059798,100.0,0,,,,4,5.870699631523658,4.263100325321485,100.0,32,4.239427651779966,3.445089381732127,100.0,0,,,,12,5.178475727155693,4.4221068778336186,100.0
HSY,20,1255,0.9402,8.1815,-15.4227,17.3032,31,6.218632610093736,6.015079587811814,80.64516129032258,4,7.925632393100652,3.9128537792344837,100.0,7,9.086101693194346,5.101744297553537,100.0,12,3.4664119622844276,3.5319543537823264,66.66666666666666,6,9.10536300509121,10.848034174270632,100.0,0,,,,4,7.925632393100652,3.9128537792344837,100.0,32,3.8115523259279875,2.3639533082343864,75.0,0,,,,12,4.224653083239217,2.413056074967799,83.33333333333334
HSY,30,1255,0.9402,8.1815,-15.4227,17.3032,31,6.782645452062976,6.743465221811647,77.41935483870968,4,7.646012150535584,6.085399174508177,100.0,7,9.044960911818865,9.397271227765607,85.71428571428571,12,5.8863930382293885,6.444633984150412,75.0,6,10.596065144329387,10.073755227142753,100.0,0,,,,4,7.646012150535584,6.085399174508177,100.0,32,3.2272396591259778,3.37279063507281,62.5,0,,,,12,4.9898842636582375,3.5708316674992093,75.0
HSY,60,1255,0.9402,8.1815,-15.4227,17.3032,31,8.45773193524952,10.914831569815089,80.64516129032258,4,9.23113728640838,8.490717792869093,100.0,7,10.082124481771787,13.451903424862374,85.71428571428571,12,6.7172588069605625,6.968711112369514,75.0,6,13.465746232035082,11.697662116102357,100.0,0,,,,4,9.23113728640838,8.490717792869093,100.0,32,1.842725369320549,1.8565454997460196,68.75,0,,,,12,4.078284737928253,2.5592493449472657,83.33333333333334
HUBB,10,1255,4.1149,9.4192,-14.7235,22.9533,30,5.937932191062702,5.3936283454300264,100.0,3,5.565409791404733,4.20333917798683,100.0,12,5.447796587007358,4.765977106841483,100.0,19,6.208165959692134,5.421561399429021,100.0,12,5.940631609849869,5.549533368778681,100.0,0,,,,3,5.565409791404733,4.20333917798683,100.0,33,5.675236055721687,4.545694796182995,100.0,0,,,,2,7.786641003924788,7.786641003924788,100.0
HUBB,20,1255,4.1149,9.4192,-14.7235,22.9533,30,7.462317100696795,6.577159378378528,90.0,3,8.15450292398507,9.546088950234845,100.0,12,8.827417745385942,7.671748463367566,91.66666666666666,19,7.054602397595755,6.8007723828255555,89.47368421052632,12,8.567381284699506,7.671748463367566,91.66666666666666,0,,,,3,8.15450292398507,9.546088950234845,100.0,33,4.122127085802798,4.6274873138820745,75.75757575757575,0,,,,2,-0.08841044648425034,-0.08841044648425034,50.0
HUBB,30,1255,4.1149,9.4192,-14.7235,22.9533,30,8.918030418275215,4.903637117910785,90.0,3,16.40464715809098,17.078184113031558,100.0,12,13.266719911811443,14.748015416982318,91.66666666666666,19,6.976933333936824,4.5462781941884005,89.47368421052632,12,9.063922370830594,6.54968002425665,83.33333333333334,0,,,,3,16.40464715809098,17.078184113031558,100.0,33,2.864318463382103,3.1499125898273084,69.6969696969697,0,,,,2,0.8489984073696637,0.8489984073696637,100.0
HUBB,60,1255,4.1149,9.4192,-14.7235,22.9533,30,13.073406529593404,12.783584392463343,80.0,3,24.702380879848388,23.636237158608473,100.0,12,22.677418516631764,21.138348458539234,100.0,19,9.12831492057438,7.789099572346675,68.42105263157895,12,15.178937227956943,16.734110412891813,91.66666666666666,0,,,,3,24.702380879848388,23.636237158608473,100.0,33,0.6167738163404681,1.9814995496081407,54.54545454545454,0,,,,2,-4.201457587573813,-4.201457587573813,50.0
HUM,10,1255,-5.0844,13.4032,-31.8909,21.7221,35,7.233670935393156,6.295228571498729,100.0,6,7.062865190715992,5.2584104543916546,100.0,9,7.848819882816049,6.182719976180111,100.0,20,7.5049470176776225,6.615668749785808,100.0,7,7.153602319367229,7.044084430220486,100.0,1,6.182719976180111,6.182719976180111,100.0,5,7.238894233623168,4.334100932603198,100.0,34,6.61557173956792,4.867904714230282,100.0,0,,,,4,6.401373146502764,6.379568269185562,100.0
HUM,20,1255,-5.0844,13.4032,-31.8909,21.7221,35,6.547232369851809,6.161908405552305,82.85714285714286,6,4.8608735634602205,5.137803389473991,66.66666666666666,9,9.455132425283557,13.922909894023883,77.77777777777779,20,6.199326279410965,5.235649050150464,85.0,7,5.459252475100324,7.874005055284304,85.71428571428571,1,13.922909894023883,13.922909894023883,100.0,5,3.0484662973474874,2.124603342350734,60.0,34,6.8919362781279645,5.410818701642481,76.47058823529412,0,,,,4,-0.3581351586126372,-3.3436034785544573,25.0
HUM,30,1255,-5.0844,13.4032,-31.8909,21.7221,35,5.520964200080672,6.034171990781218,65.71428571428571,6,4.611343509257233,4.58208435682792,50.0,9,10.548728388044104,14.837677130510981,66.66666666666666,20,2.573020329517598,4.265662668243643,60.0,7,9.433618513624754,14.837677130510981,85.71428571428571,1,-8.475847232078157,-8.475847232078157,0.0,5,7.228781657524311,13.199491071169009,60.0,34,7.394518039455333,6.174368088875199,73.52941176470588,0,,,,4,-7.471710367121922,-10.810229159679782,25.0
HUM,60,1255,-5.0844,13.4032,-31.8909,21.7221,35,5.243493135959659,7.297167160007061,68.57142857142857,6,11.124732922542421,11.176145311363209,83.33333333333334,9,10.040544102269918,15.055123462719358,77.77777777777779,20,2.0796831386917325,4.921254869508381,65.0,7,4.558538505420806,8.166489580055309,71.42857142857143,1,15.055123462719358,15.055123462719358,100.0,5,10.338654814507034,7.297167160007061,80.0,34,8.639186385961073,7.91836686036212,64.70588235294117,0,,,,4,-5.817265919134969,-1.7376811546446147,25.0
HWM,10,1255,8.4326,7.9271,-7.4216,24.2869,31,8.417626141925647,6.550432092350232,100.0,7,8.11907147928909,6.644968499040423,100.0,10,8.964746509632327,8.028795405767386,100.0,23,7.899384910314915,5.357724014720107,100.0,5,12.176259909379917,6.644968499040423,100.0,2,5.789807855750713,5.789807855750713,100.0,7,8.11907147928909,6.644968499040423,100.0,32,5.528460061896896,4.68724973356841,100.0,2,1.62076338207774,1.62076338207774,100.0,3,7.8330433634497405,9.640719567366455,100.0
HWM,20,1255,8.4326,7.9271,-7.4216,24.2869,31,12.114125182896538,11.921824743064475,96.7741935483871,7,15.645148160358572,15.432319186287705,100.0,10,14.532367329293004,15.525460676144498,100.0,23,10.177217725541695,10.487350531539368,95.65217391304348,5,21.732488005594814,22.24292052831423,100.0,2,6.4184134740130405,6.4184134740130405,100.0,7,15.645148160358572,15.432319186287705,100.0,32,3.406164457649415,3.8613290877394237,71.875,2,2.8653663237246594,2.8653663237246594,50.0,3,1.138367942955963,2.7918478589016567,66.66666666666666
HWM,30,1255,8.4326,7.9271,-7.4216,24.2869,31,13.61781747662625,13.016648654675164,87.09677419354838,7,20.777422547876046,21.15230374569993,100.0,10,16.38471274443553,16.115302024007075,90.0,23,11.232106487277658,12.981379033024423,82.6086956521739,5,24.235080571341623,24.658977348508625,80.0,2,10.52147129155049,10.52147129155049,100.0,7,20.777422547876046,21.15230374569993,100.0,32,0.6843486676900083,1.7433820034757346,62.5,2,4.6678338722736985,4.6678338722736985,100.0,3,4.312998140472906,5.530897104846675,66.66666666666666
HWM,60,1255,8.4326,7.9271,-7.4216,24.2869,31,19.35882318640957,18.1675218695992,90.32258064516128,7,23.59578060024532,27.528749974589,85.71428571428571,10,21.24018594444675,16.759679799882257,90.0,23,16.48353668589704,17.191157746834204,86.95652173913044,5,27.191730450132546,25.26364394116883,100.0,2,4.798345918667685,4.798345918667685,50.0,7,23.59578060024532,27.528749974589,85.71428571428571,32,-4.3597047118847,-4.804035466891195,34.375,2,-7.789408595484073,-7.789408595484073,0.0,3,-0.31960495422272933,1.0513887401448831,66.66666666666666
IBKR,10,1255,6.6153,11.6249,-16.6344,29.865,35,8.151423850826292,7.929680185131255,100.0,4,9.66536004112119,9.255201368944302,100.0,12,9.205091231273235,9.255201368944302,100.0,21,7.380837940668668,7.6541239801464265,100.0,11,8.411145351836186,7.929680185131255,100.0,1,9.141323674594961,9.141323674594961,100.0,5,8.722166192507615,9.141323674594961,100.0,33,6.950814008835697,6.402476337138616,100.0,1,6.184751968428013,6.184751968428013,100.0,6,5.659077982524285,5.774280119846438,100.0
IBKR,20,1255,6.6153,11.6249,-16.6344,29.865,35,11.131156197833779,10.955756247167006,82.85714285714286,4,14.094282198127129,16.497385514727544,75.0,12,12.092047257367204,14.087036647368127,83.33333333333334,21,11.332446760515243,10.955756247167006,85.71428571428571,11,11.080095004287044,12.858282346881028,90.9090909090909,1,23.584458830322134,23.584458830322134,100.0,5,11.682802356605574,15.315790947855227,80.0,33,4.394546322587835,4.16675244158428,66.66666666666666,1,6.013501161780135,6.013501161780135,100.0,6,5.403226843690952,4.735236294356736,66.66666666666666
IBKR,30,1255,6.6153,11.6249,-16.6344,29.865,35,12.833429155191709,12.563829884264699,85.71428571428571,4,18.600844664034934,11.521171950808522,100.0,12,14.222367767900943,13.581059352290776,91.66666666666666,21,14.290365001354601,15.71427377391844,85.71428571428571,11,15.031927660011569,15.108682260430658,90.9090909090909,1,45.77588926521196,45.77588926521196,100.0,5,15.905328966237624,8.444055081300196,100.0,33,2.9754953823843864,4.56565885741011,66.66666666666666,1,4.897749163548585,4.897749163548585,100.0,6,4.639173194947276,3.355668515452952,50.0
IBKR,60,1255,6.6153,11.6249,-16.6344,29.865,35,16.23942717481174,14.354652642059799,85.71428571428571,4,26.477563079757314,19.83329353291205,100.0,12,25.889253901825345,25.895603703023546,91.66666666666666,21,14.811068895322148,10.542066755686843,85.71428571428571,11,23.288332275215044,22.017454695764087,90.9090909090909,1,60.97799615475864,60.97799615475864,100.0,5,26.64108203053005,23.646504285895737,100.0,33,-3.64187114368388,-3.3474188863051584,36.36363636363637,1,-7.2456064884372635,-7.2456064884372635,0.0,6,-5.468584330360481,-9.554974753400437,33.33333333333333
IBM,10,1255,3.5924,8.2311,-12.8697,20.0545,31,5.910037720504448,4.861060879762629,100.0,1,14.833717548652475,14.833717548652475,100.0,12,5.655832737580095,4.191106450667091,100.0,26,5.829126163945883,4.641850360697866,100.0,8,6.611766728393386,4.375491934383051,100.0,1,14.833717548652475,14.833717548652475,100.0,1,14.833717548652475,14.833717548652475,100.0,33,4.794965015684961,4.374143410142013,100.0,2,5.9025048697902625,5.9025048697902625,100.0,2,4.803019587679509,4.803019587679509,100.0
IBM,20,1255,3.5924,8.2311,-12.8697,20.0545,31,7.700901369439673,7.935445099649672,87.09677419354838,1,18.25132183848338,18.25132183848338,100.0,12,8.939331967008147,9.0722829700481,100.0,26,7.642036121616275,7.95228368822845,84.61538461538461,8,8.823789263047185,9.739813366636778,87.5,1,18.25132183848338,18.25132183848338,100.0,1,18.25132183848338,18.25132183848338,100.0,33,3.8273427415391215,3.3594821897751896,81.81818181818183,2,5.401885435593839,5.401885435593839,100.0,2,4.1581807061086575,4.1581807061086575,100.0
IBM,30,1255,3.5924,8.2311,-12.8697,20.0545,31,7.877158458194987,7.471970109825514,80.64516129032258,1,28.02885567938324,28.02885567938324,100.0,12,9.34441111339551,6.254251118443912,91.66666666666666,26,8.182089322030249,6.277555301227874,80.76923076923077,8,9.38155116665109,3.844338690255803,87.5,1,28.02885567938324,28.02885567938324,100.0,1,28.02885567938324,28.02885567938324,100.0,33,3.000213747911533,3.1398887939609184,63.63636363636363,2,-0.35676440941015763,-0.35676440941015763,50.0,2,-0.8538271182868882,-0.8538271182868882,50.0
IBM,60,1255,3.5924,8.2311,-12.8697,20.0545,31,10.365318862681361,12.089185690997857,74.19354838709677,1,23.553205882454808,23.553205882454808,100.0,12,15.362982761698271,15.688012576459123,83.33333333333334,26,10.518186665210065,12.274923969080625,73.07692307692307,8,14.412040460709134,14.854116935889156,75.0,1,23.553205882454808,23.553205882454808,100.0,1,23.553205882454808,23.553205882454808,100.0,33,1.1691168782078123,2.60936135561892,54.54545454545454,2,4.73252000722381,4.73252000722381,100.0,2,-7.3222990158407635,-7.3222990158407635,0.0
ICE,10,1255,1.5145,8.649,-15.7836,18.8125,30,5.066196940518596,4.310552625803484,100.0,4,4.32571925019407,3.931278895170826,100.0,7,5.13405488641713,3.3659061994075437,100.0,17,4.622713475330396,4.224551348791936,100.0,10,5.4231488597107,4.614239543555264,100.0,0,,,,4,4.32571925019407,3.931278895170826,100.0,29,4.112881629113837,3.4320627829769723,100.0,0,,,,8,5.793338464829171,5.940206838169567,100.0
ICE,20,1255,1.5145,8.649,-15.7836,18.8125,30,6.656223806695004,6.447792476819725,90.0,4,7.878804720604554,6.9421591993223215,100.0,7,9.697315094538022,7.331693822451813,100.0,17,4.510720747766423,4.72371294780662,82.35294117647058,10,7.904607492781426,7.068039054657678,90.0,0,,,,4,7.878804720604554,6.9421591993223215,100.0,29,4.221842678289054,3.8705062895534335,82.75862068965517,0,,,,8,6.082293691476597,5.252761077744266,100.0
ICE,30,1255,1.5145,8.649,-15.7836,18.8125,30,6.8530490992873,7.094690536039147,76.66666666666667,4,9.9257266172981,10.847882822618388,100.0,7,12.71378034398116,13.63544258559707,100.0,17,3.8689403079672133,3.629646537396448,64.70588235294117,10,9.62189462813792,10.58258784138895,90.0,0,,,,4,9.9257266172981,10.847882822618388,100.0,29,3.655999791062661,1.5839898505656327,65.51724137931035,0,,,,8,6.2058232503677,7.1639331939729765,87.5
ICE,60,1255,1.5145,8.649,-15.7836,18.8125,30,6.818965847830672,6.416064883496324,66.66666666666666,4,10.368200327557629,10.648440429796846,100.0,7,11.140919580906594,10.746673122259947,100.0,17,3.704012381634858,0.49519420321932595,52.94117647058824,10,12.913417771623296,14.34505048520432,90.0,0,,,,4,10.368200327557629,10.648440429796846,100.0,29,1.7338553778435852,1.9554207499202239,62.06896551724138,0,,,,8,-0.1488324571506736,1.4197440929755194,62.5
IDXX,10,1255,-1.2188,13.4198,-28.0584,25.6208,37,7.454753130579524,6.738342655130021,100.0,3,11.21887164908838,10.170707420140413,100.0,9,10.068675518631395,10.170707420140413,100.0,9,5.528972566700509,5.751056960017549,100.0,7,8.524354410879027,5.252682514547086,100.0,0,,,,3,11.21887164908838,10.170707420140413,100.0,38,7.14870186216493,6.8544912225447705,100.0,1,6.578992064482471,6.578992064482471,100.0,13,7.554730600406097,8.325195176938722,100.0
IDXX,20,1255,-1.2188,13.4198,-28.0584,25.6208,37,7.995181217672471,5.631010663356003,78.37837837837837,3,9.049412874677152,9.270771032006628,100.0,9,11.19887792912801,9.270771032006628,88.88888888888889,9,7.631590635311635,3.650578279312808,88.88888888888889,7,9.193714082621694,7.581756300370733,85.71428571428571,0,,,,3,9.049412874677152,9.270771032006628,100.0,38,6.1171703968134,6.055856188387647,84.21052631578947,1,6.346116645278112,6.346116645278112,100.0,13,6.649079240731236,6.2635922391234775,84.61538461538461
IDXX,30,1255,-1.2188,13.4198,-28.0584,25.6208,37,8.49068205085316,7.666935745735993,72.97297297297297,3,14.096662364983496,12.41533370310462,100.0,9,15.265157271135317,12.41533370310462,88.88888888888889,9,6.202673210176923,3.9799641453425383,66.66666666666666,7,10.596085806548748,15.460150115070975,71.42857142857143,0,,,,3,14.096662364983496,12.41533370310462,100.0,38,5.35878384369258,6.025841771002359,81.57894736842105,1,5.438062522280986,5.438062522280986,100.0,13,6.147876089405926,6.955968278723076,76.92307692307693
IDXX,60,1255,-1.2188,13.4198,-28.0584,25.6208,37,7.745742135273306,4.483630592527229,67.56756756756756,3,10.154333602554038,7.0440168318843766,100.0,9,11.510876015334782,7.0440168318843766,77.77777777777779,9,7.4078176860158464,1.0266925159672837,55.55555555555556,7,10.900429071688935,13.443531106464283,85.71428571428571,0,,,,3,10.154333602554038,7.0440168318843766,100.0,38,6.413399629037762,7.175423245656346,73.68421052631578,1,7.091602253682687,7.091602253682687,100.0,13,7.172550689665035,7.758403118174999,84.61538461538461
IEX,10,1255,-0.9246,8.7666,-18.4579,16.6086,36,5.497018296891791,5.027124114506311,100.0,3,7.976365774339558,7.616334484685357,100.0,12,5.579864076785107,5.027124114506311,100.0,15,4.905661139593528,3.5410175085642384,100.0,9,5.57342890595949,4.607632656979012,100.0,1,7.616334484685357,7.616334484685357,100.0,3,7.976365774339558,7.616334484685357,100.0,33,4.309928320696048,3.6735045404106694,100.0,0,,,,11,4.95461056735035,3.6735045404106694,100.0
IEX,20,1255,-0.9246,8.7666,-18.4579,16.6086,36,3.8571571131076476,4.040872484816127,69.44444444444444,3,5.721761026093461,4.822936076663038,66.66666666666666,12,3.87105190472192,4.040872484816127,75.0,15,2.380824638192358,2.07632900103413,60.0,9,2.332449040121198,2.07632900103413,66.66666666666666,1,4.822936076663038,4.822936076663038,100.0,3,5.721761026093461,4.822936076663038,66.66666666666666,33,4.318477276033163,4.806421193568705,75.75757575757575,0,,,,11,4.397070781532924,4.806421193568705,81.81818181818183
IEX,30,1255,-0.9246,8.7666,-18.4579,16.6086,36,4.110494850390368,2.561767333318502,66.66666666666666,3,6.122986087554529,7.572675019387858,66.66666666666666,12,6.161771015593096,5.529972511197085,91.66666666666666,15,1.3570970748031146,-0.045853097154206955,46.666666666666664,9,3.2676940622398303,1.3143303928231398,55.55555555555556,1,7.572675019387858,7.572675019387858,100.0,3,6.122986087554529,7.572675019387858,66.66666666666666,33,4.624800710619675,5.826698941648196,75.75757575757575,0,,,,11,5.672952735772771,6.0294973398422425,81.81818181818183
IEX,60,1255,-0.9246,8.7666,-18.4579,16.6086,36,6.466204966621834,8.089965741245583,69.44444444444444,3,8.646631773168387,7.378633926484832,100.0,12,11.54167878590709,12.159801988694621,100.0,15,0.1296250319358073,-2.904435025058655,40.0,9,3.302187214942786,3.189252437009803,66.66666666666666,1,7.378633926484832,7.378633926484832,100.0,3,8.646631773168387,7.378633926484832,100.0,33,5.805290466865885,9.28341975095165,72.72727272727273,0,,,,11,3.690011759158873,6.461785426733522,72.72727272727273
IFF,10,1255,-3.4399,10.5934,-24.6268,17.747,36,6.397468497068509,6.002889751492862,100.0,3,12.838020703462666,12.890297916263593,100.0,16,7.516696031553675,8.343510809088123,100.0,9,5.685806222867394,4.88834922437451,100.0,5,7.424092875556863,5.955420885932167,100.0,0,,,,4,10.574990002625341,12.518061558147831,100.0,34,6.621384119667385,3.8824839683027004,100.0,1,3.6111948932774784,3.6111948932774784,100.0,15,6.557348940754296,4.334500735740764,100.0
IFF,20,1255,-3.4399,10.5934,-24.6268,17.747,36,7.03631078900224,7.960696608419639,83.33333333333334,3,9.301906249412982,9.917225906285376,100.0,16,8.583064272468345,9.605585308080823,93.75,9,7.036635538111838,6.978744807566338,77.77777777777779,5,9.899682144478444,7.819485848032652,100.0,0,,,,4,8.224296182546881,8.911724801755485,100.0,34,7.212210259030837,6.680426456427464,82.35294117647058,1,4.905198483941751,4.905198483941751,100.0,15,8.467081115460589,7.307833534848621,86.66666666666667
IFF,30,1255,-3.4399,10.5934,-24.6268,17.747,36,5.3903261839403935,5.066941129384204,69.44444444444444,3,14.658073593919264,15.28794902041421,100.0,16,8.088903555368567,8.847645183015342,75.0,9,4.327155605773253,3.7255738105901415,77.77777777777779,5,8.343184630607896,4.341181191790836,80.0,0,,,,4,12.20514820891041,12.537365049980096,100.0,34,8.45785956987666,7.93793511322276,85.29411764705883,1,4.568465988430082,4.568465988430082,100.0,15,9.694004885876863,8.932296279001216,93.33333333333333
IFF,60,1255,-3.4399,10.5934,-24.6268,17.747,36,3.3411699812098417,4.984723626933212,55.55555555555556,3,20.195148126709405,15.53623367018362,100.0,16,6.483768800002448,5.425411501748396,56.25,9,5.311362528723497,5.916474051592209,66.66666666666666,5,5.796948304682526,-0.18552493305603068,40.0,0,,,,4,12.047613785243483,14.165084366618846,75.0,34,9.423503508409297,12.13745335853981,79.41176470588235,1,2.5840813883901705,2.5840813883901705,100.0,15,8.341961007950923,11.801640161762567,80.0
INCY,10,1255,0.2736,10.3,-20.3264,20.8735,31,6.698507731246074,5.86373303063593,100.0,3,3.305573853505308,1.5166664123535156,100.0,15,5.506850007449519,4.32219926409071,100.0,12,8.359068134785606,6.81736399659599,100.0,6,7.53970165922712,6.2503689205449975,100.0,0,,,,2,4.374430551556708,4.374430551556708,100.0,33,5.6584255088260935,3.6379211142103083,100.0,3,6.350880422686568,2.6576134459918377,100.0,13,4.51868033780682,2.737701916303791,100.0
INCY,20,1255,0.2736,10.3,-20.3264,20.8735,31,6.971350613237311,6.81073331369776,90.32258064516128,3,2.053707040831539,1.8218594623260933,66.66666666666666,15,8.340812050608356,6.905929852714097,93.33333333333333,12,6.678501849266598,6.203265811506481,91.66666666666666,6,7.874017621927188,7.562938478459356,83.33333333333334,0,,,,2,2.1696308300842624,2.1696308300842624,50.0,33,5.272608097097693,6.5150869857720295,81.81818181818183,3,9.699158102004153,11.232221893740293,100.0,13,4.485956197324276,2.4513668326459173,76.92307692307693
INCY,30,1255,0.2736,10.3,-20.3264,20.8735,31,9.002248575197845,8.424904695783725,83.87096774193549,3,8.27185430031624,4.433333079020183,100.0,15,11.065670774598118,13.405794554032862,93.33333333333333,12,9.022393729842166,9.596632150435909,83.33333333333334,6,6.231159155738797,8.330598001013616,66.66666666666666,0,,,,2,10.44577849565815,10.44577849565815,100.0,33,5.885650098542138,7.528174177960252,72.72727272727273,3,9.084348265792785,7.528174177960252,100.0,13,6.19432743604745,9.836065573770492,69.23076923076923
INCY,60,1255,0.2736,10.3,-20.3264,20.8735,31,9.777063889169193,11.950935201799345,74.19354838709677,3,17.96491251296158,15.366668701171877,100.0,15,12.10225236289154,14.85768103036493,80.0,12,9.58281631491526,7.000155280877952,66.66666666666666,6,3.590068703524448,-0.2832918581681261,50.0,0,,,,2,19.963562283768095,19.963562283768095,100.0,33,4.377001008089163,5.467030816466761,72.72727272727273,3,-1.083611460227581,7.58359405363905,66.66666666666666,13,7.809224948152932,6.953486190511633,84.61538461538461
INTC,10,1255,-2.9427,19.6023,-42.1472,36.2619,36,9.814724855732328,7.4112930107047275,100.0,2,14.180141381488209,14.180141381488209,100.0,7,7.644164895435239,6.521722413641884,100.0,12,6.941028035756445,6.702068302974835,100.0,5,10.086848619502028,13.568676810227009,100.0,0,,,,4,10.184922605846374,11.104196507571864,100.0,37,8.797495431250905,7.561170732229384,100.0,2,13.203825333082744,13.203825333082744,100.0,13,10.405313938767451,9.090907089242503,100.0
INTC,20,1255,-2.9427,19.6023,-42.1472,36.2619,36,9.0126241121556,7.742193326638093,91.66666666666666,2,10.873059037987819,10.873059037987819,100.0,7,8.709131424930103,3.9959992644353135,100.0,12,9.540918087267416,6.920239997592569,100.0,5,15.42322270887782,12.02427140699108,100.0,0,,,,4,10.14283958718973,9.412620136391643,100.0,37,8.885274236556596,8.333329810600107,75.67567567567568,2,11.867072994802909,11.867072994802909,100.0,13,10.875015178317566,7.977850179482761,76.92307692307693
INTC,30,1255,-2.9427,19.6023,-42.1472,36.2619,36,10.501707196483485,9.645588989368122,83.33333333333334,2,15.93086048572987,15.93086048572987,100.0,7,10.823341910853346,11.321746416238536,100.0,12,6.664663877205016,4.331882616018948,66.66666666666666,5,11.997361166011917,14.120250919982777,80.0,0,,,,4,13.885289597227008,15.93086048572987,100.0,37,7.584880642407934,5.184980341731782,78.37837837837837,2,-2.753346400808177,-2.753346400808177,50.0,13,15.189313609206597,14.653203934322162,92.3076923076923
INTC,60,1255,-2.9427,19.6023,-42.1472,36.2619,36,8.453161841987477,7.20657706814135,61.111111111111114,2,20.001797221445415,20.001797221445415,100.0,7,-1.6828030468830646,13.322805250863553,57.14285714285714,12,-1.9887939285453113,-3.6992054607093854,33.33333333333333,5,5.8425055473476935,20.46836711420632,60.0,0,,,,4,5.0778239688815425,14.804426111746334,75.0,37,7.471816239600091,7.863468377161316,70.27027027027027,2,-0.4016813187873849,-0.4016813187873849,50.0,13,15.039469115798934,19.86882563029152,76.92307692307693
INTU,10,1255,-1.9725,14.1166,-30.2056,26.2607,35,8.09040969710588,7.52419972586935,100.0,2,16.987374931316786,16.987374931316786,100.0,7,10.955389945299633,9.745284721467723,100.0,24,7.361247556063159,7.421500458017938,100.0,11,6.753414566644679,6.435132448555783,100.0,0,,,,2,16.987374931316786,16.987374931316786,100.0,33,7.176609993378603,5.576674008709325,100.0,0,,,,7,7.8921151031640235,5.903429433431026,100.0
INTU,20,1255,-1.9725,14.1166,-30.2056,26.2607,35,7.118306680147806,8.071296467513625,80.0,2,6.706662552848047,6.706662552848047,100.0,7,8.330350455129013,9.399507113339249,85.71428571428571,24,5.952281388466507,7.709578804741943,70.83333333333334,11,7.826944011942348,9.255264344459837,81.81818181818183,0,,,,2,6.706662552848047,6.706662552848047,100.0,33,6.083200096358432,5.687270658922314,75.75757575757575,0,,,,7,8.856654542031311,9.031042166598185,85.71428571428571
INTU,30,1255,-1.9725,14.1166,-30.2056,26.2607,35,6.353144066157435,6.182328224754931,77.14285714285715,2,4.635206117456281,4.635206117456281,50.0,7,6.990842638812309,6.182328224754931,57.14285714285714,24,4.6210355436613835,5.591647320677713,70.83333333333334,11,6.750590555184659,6.182328224754931,81.81818181818183,0,,,,2,4.635206117456281,4.635206117456281,50.0,33,6.54543292649108,5.6323590266568635,81.81818181818183,0,,,,7,10.656916355698314,8.50805385609986,85.71428571428571
INTU,60,1255,-1.9725,14.1166,-30.2056,26.2607,35,7.540863596544774,6.938030935844215,74.28571428571429,2,18.21964813148835,18.21964813148835,50.0,7,18.884335161896086,19.573376593220996,71.42857142857143,24,6.031442340474435,3.910238863470993,70.83333333333334,11,9.225968486375299,8.057884828154815,81.81818181818183,0,,,,2,18.21964813148835,18.21964813148835,50.0,33,6.013860209285519,4.488991033413355,63.63636363636363,0,,,,7,12.205982822412961,8.412497891484676,71.42857142857143
INVH,10,1255,-1.7176,6.7481,-15.2138,11.7786,34,5.240334533353636,4.991566036976057,100.0,5,8.217977870641732,8.744409832375194,100.0,16,5.918837992648189,5.276338814026106,100.0,11,4.6587414987173865,5.1134690430373,100.0,9,5.759162213080611,5.770236662504013,100.0,0,,,,4,8.086369880208366,8.130047139588108,100.0,35,5.183303498564236,4.1317490076033625,100.0,0,,,,15,4.587285440425758,3.389827876291955,100.0
INVH,20,1255,-1.7176,6.7481,-15.2138,11.7786,34,4.611895243952819,4.451054215009083,73.52941176470588,5,7.866422330599876,6.563436407505671,80.0,16,5.497151426644566,4.451054215009083,81.25,11,4.293318185220816,3.6203213881314067,72.72727272727273,9,5.389129585220864,7.595252829845017,77.77777777777779,0,,,,4,11.16430197543546,11.725785397781333,100.0,35,4.957939332983446,4.175053865662486,85.71428571428571,0,,,,15,4.534932471773039,5.8007181350748445,86.66666666666667
INVH,30,1255,-1.7176,6.7481,-15.2138,11.7786,34,4.64165129402508,5.44098531397507,73.52941176470588,5,9.18993795993331,14.837918701088599,80.0,16,6.589002750088284,5.760057969278426,75.0,11,3.363049796195249,6.234222404139819,63.63636363636363,9,5.916451936719275,7.493099582326498,88.88888888888889,0,,,,4,11.445376011934583,14.94216491011634,75.0,35,5.853666508174491,5.892296034828028,82.85714285714286,0,,,,15,5.289080662844826,6.122444845640446,86.66666666666667
INVH,60,1255,-1.7176,6.7481,-15.2138,11.7786,34,4.419205933674763,3.9118715557148946,70.58823529411765,5,14.056529676014947,12.48736694959521,100.0,16,6.396623342962219,4.865261807653321,68.75,11,1.9776297788321644,2.568261907300808,63.63636363636363,9,3.1366329382384843,3.616634883477137,66.66666666666666,0,,,,4,14.535069717904388,14.940338256295389,100.0,35,6.3228490795377885,4.922442301681974,85.71428571428571,0,,,,15,3.7782903816564444,3.821842056825565,80.0
IP,10,1255,-1.7305,10.9379,-23.6063,20.1452,43,6.566794472461651,5.564072203784833,100.0,4,7.388267941901578,7.589710330233766,100.0,12,6.622704914364099,7.105294842304776,100.0,19,6.1310637736272735,4.046036758080106,100.0,8,10.087619266469897,7.193688184220031,100.0,0,,,,4,7.388267941901578,7.589710330233766,100.0,38,6.22807537511131,4.6769347083634365,100.0,2,5.237729033054066,5.237729033054066,100.0,12,5.199414271196623,3.626564406688705,100.0
IP,20,1255,-1.7305,10.9379,-23.6063,20.1452,43,5.7971740226851525,6.694054925670861,79.06976744186046,4,7.981036431511699,8.242655918097707,100.0,12,7.960971478868793,9.0599812852758,91.66666666666666,19,2.3098812032880445,1.980499453924213,68.42105263157895,8,8.521917681889171,5.864048797208659,75.0,0,,,,4,7.981036431511699,8.242655918097707,100.0,38,6.069930753264856,6.65436155661715,84.21052631578947,2,3.729553183881479,3.729553183881479,100.0,12,3.6415316866807843,5.242901602038699,66.66666666666666
IP,30,1255,-1.7305,10.9379,-23.6063,20.1452,43,5.152813212743705,5.5618970927814075,67.44186046511628,4,11.668957234836233,11.380406627144716,100.0,12,10.83405219212885,9.09827017024002,100.0,19,0.31073892107172124,-2.0769701114955517,42.10526315789473,8,12.452845028316071,11.509731488944137,75.0,0,,,,4,11.668957234836233,11.380406627144716,100.0,38,6.622592532822068,5.40547842500134,76.31578947368422,2,2.2001507078603373,2.2001507078603373,50.0,12,5.250938075093408,3.068422595972538,75.0
IP,60,1255,-1.7305,10.9379,-23.6063,20.1452,43,6.8850661487473745,3.912295043035784,67.44186046511628,4,23.27290235950168,22.11291668917556,100.0,12,13.309930982852984,14.916224692410735,91.66666666666666,19,3.7759641536244244,3.3247221709398374,52.63157894736842,8,9.386015964984757,10.57505253954921,62.5,0,,,,4,23.27290235950168,22.11291668917556,100.0,38,4.070661160706655,4.007037846220655,60.526315789473685,2,-6.6435745817488705,-6.6435745817488705,0.0,12,2.232442556556666,2.374504099625634,66.66666666666666
IQV,10,1255,-2.143,11.5054,-25.1539,20.8678,29,7.28221558509224,7.433822034518905,100.0,3,12.6532932345147,12.518243720061587,100.0,10,8.876665033450728,9.021804009361592,100.0,12,6.115377331907449,6.135362814196192,100.0,5,8.011660572485567,7.94396236025054,100.0,0,,,,3,12.6532932345147,12.518243720061587,100.0,33,6.721121140514467,5.725130907789382,100.0,1,10.890354336392386,10.890354336392386,100.0,14,7.979156413469136,7.515579974809987,100.0
IQV,20,1255,-2.143,11.5054,-25.1539,20.8678,29,7.500581233172116,7.519327716012074,79.3103448275862,3,12.09209777548683,15.751826154054516,100.0,10,9.468696490371709,8.033188829905772,90.0,12,5.312211823166476,4.673492374745399,75.0,5,9.566141674099578,7.611700829039214,80.0,0,,,,3,12.09209777548683,15.751826154054516,100.0,33,6.518911006601997,5.910916638768897,81.81818181818183,1,7.6835013304520805,7.6835013304520805,100.0,14,5.384295076783034,4.371786016637819,78.57142857142857
IQV,30,1255,-2.143,11.5054,-25.1539,20.8678,29,8.43686455205286,7.910666877525231,82.75862068965517,3,15.35064846937714,18.262776841212364,100.0,10,13.380756527578177,13.891164120211206,100.0,12,4.167333879775872,7.158700531662299,66.66666666666666,5,6.657866811314707,5.111938456669415,80.0,0,,,,3,15.35064846937714,18.262776841212364,100.0,33,6.300709283309752,6.380780783458473,69.6969696969697,1,6.543180046410059,6.543180046410059,100.0,14,5.79234974763528,5.1351487341293165,64.28571428571429
IQV,60,1255,-2.143,11.5054,-25.1539,20.8678,29,8.029066328785325,10.12711966393664,65.51724137931035,3,25.696270956413496,21.313862884163292,100.0,10,16.268483358324914,18.456817644060816,90.0,12,2.3133279918245293,-0.04253428436065776,50.0,5,13.908811873674631,14.324464189245345,80.0,0,,,,3,25.696270956413496,21.313862884163292,100.0,33,6.668099352755298,8.554545365848755,60.60606060606061,1,-1.8573825273878612,-1.8573825273878612,0.0,14,2.689990537889784,2.289440726997012,50.0
IR,10,1255,1.9805,9.9562,-17.9318,21.8929,37,6.891909016903472,5.8001243619582095,100.0,6,9.300055402078883,8.146569160484876,100.0,12,7.83375186780502,6.087816034642707,100.0,26,6.829213529240202,5.715749244124244,100.0,11,7.709376129485875,6.861442191721322,100.0,1,13.3912586569508,13.3912586569508,100.0,6,9.300055402078883,8.146569160484876,100.0,36,4.893216623514925,3.3573215964163383,100.0,0,,,,4,7.385752297943052,4.905731005876154,100.0
IR,20,1255,1.9805,9.9562,-17.9318,21.8929,37,7.662388694501008,6.900502453043264,86.48648648648648,6,12.006622874527983,12.86757539439207,83.33333333333334,12,10.276570748060166,8.91559140982113,91.66666666666666,26,6.609222421763008,6.744637644073984,84.61538461538461,11,7.1415591061109405,6.588772835104704,90.9090909090909,1,9.090942467778298,9.090942467778298,100.0,6,12.006622874527983,12.86757539439207,83.33333333333334,36,4.417876029571899,3.014884629222072,72.22222222222221,0,,,,4,10.274690798634047,12.99674794845959,75.0
IR,30,1255,1.9805,9.9562,-17.9318,21.8929,37,8.376495518809289,7.9855708908957475,75.67567567567568,6,11.345913059456697,14.199051592747772,66.66666666666666,12,10.569925002856369,7.634487303360233,75.0,26,7.74827055901505,7.225807280199668,80.76923076923077,11,10.403802613510516,7.9855708908957475,90.9090909090909,1,6.840468252325669,6.840468252325669,100.0,6,11.345913059456697,14.199051592747772,66.66666666666666,36,4.029530901163384,3.390193309557832,66.66666666666666,0,,,,4,6.788797915095757,6.174510178204126,75.0
IR,60,1255,1.9805,9.9562,-17.9318,21.8929,37,11.266727262769754,12.812696410235189,83.78378378378379,6,15.059009469786952,16.09575067202602,100.0,12,14.79235952069397,16.09575067202602,91.66666666666666,26,11.190377950371637,12.289484080691594,84.61538461538461,11,14.870197473477692,19.272711816216372,90.9090909090909,1,5.329015360004153,5.329015360004153,100.0,6,15.059009469786952,16.09575067202602,100.0,36,3.3736362024948665,3.9218493534372034,69.44444444444444,0,,,,4,5.53862071285833,3.8986693126061303,75.0
IRM,10,1255,3.3322,10.3356,-17.339,24.0034,35,7.799430315014425,7.789258739977126,100.0,3,7.792609603299062,7.789258739977126,100.0,11,8.347408256717578,7.52177503054533,100.0,25,7.812565374329982,7.90520586909932,100.0,11,6.81876357221787,6.983311492585422,100.0,0,,,,4,7.724900960110629,7.655516885261228,100.0,34,5.218835895443046,4.68207651186149,100.0,0,,,,5,8.896045817286524,5.8857147095058755,100.0
IRM,20,1255,3.3322,10.3356,-17.339,24.0034,35,9.19756399258161,8.821148482078396,85.71428571428571,3,14.96342775548205,17.10627071822396,100.0,11,10.175276665552826,8.226728187501049,81.81818181818183,25,8.559358499798984,8.821148482078396,84.0,11,9.07202576521257,8.226728187501049,90.9090909090909,0,,,,4,9.779971261369532,9.199334131542706,75.0,34,4.063583807617312,3.805503238400502,67.64705882352942,0,,,,5,5.593832498440946,7.8366133513808185,60.0
IRM,30,1255,3.3322,10.3356,-17.339,24.0034,35,9.842162061206196,9.336158005423677,85.71428571428571,3,13.317957041225426,12.36368899697047,100.0,11,11.229125807867872,12.36368899697047,81.81818181818183,25,8.457071280194254,8.425156234023754,84.0,11,11.764445877548297,13.82720385359355,90.9090909090909,0,,,,4,6.8678970579029395,7.504548177169565,75.0,34,3.5517434898519062,2.641046172995659,61.76470588235294,0,,,,5,1.4047175199945587,-5.283109556659258,40.0
IRM,60,1255,3.3322,10.3356,-17.339,24.0034,35,12.961312946845505,14.072254153307728,82.85714285714286,3,29.281603266857847,31.419758561039895,100.0,11,11.796783183357688,17.645199031857622,72.72727272727273,25,10.55970123448008,12.77362720364228,80.0,11,11.269471747250646,16.321263902598705,72.72727272727273,0,,,,4,18.75212585342546,26.332956450900184,75.0,34,-0.8397214917323427,0.3346721115779181,50.0,0,,,,5,-9.870942182409719,-14.828911936382427,40.0
ISRG,10,1255,0.9425,13.1103,-25.2781,27.1631,32,7.6073800875262885,5.538281898963199,100.0,3,8.520312628153691,8.06984366202602,100.0,10,11.848777419756804,8.675337641737668,100.0,20,7.264817842296142,4.119495301103425,100.0,9,5.235818179429234,4.100013420270473,100.0,0,,,,3,8.520312628153691,8.06984366202602,100.0,36,5.860705010738075,4.702950890605409,100.0,0,,,,11,6.704308374376265,4.026073004128879,100.0
ISRG,20,1255,0.9425,13.1103,-25.2781,27.1631,32,8.198963285526949,6.0452525841204725,84.375,3,8.731970712998598,8.153734594692395,100.0,10,14.828979443241195,9.926093243455615,100.0,20,7.640841502012139,5.546600607097631,80.0,9,4.466496158566766,2.672089908761543,77.77777777777779,0,,,,3,8.731970712998598,8.153734594692395,100.0,36,6.049106253870512,6.279745487726393,75.0,0,,,,11,6.701632481081858,3.1360650713985256,63.63636363636363
ISRG,30,1255,0.9425,13.1103,-25.2781,27.1631,32,9.081295335150852,8.61120246502423,62.5,3,6.705308875066323,4.155730823266202,66.66666666666666,10,16.734771918504208,21.901088933841734,80.0,20,8.451021694097806,8.61120246502423,65.0,9,9.435256369633215,7.930288219509449,66.66666666666666,0,,,,3,6.705308875066323,4.155730823266202,66.66666666666666,36,4.678762195675775,5.1221897509042815,61.111111111111114,0,,,,11,6.3631893205093855,8.578137084985721,54.54545454545454
ISRG,60,1255,0.9425,13.1103,-25.2781,27.1631,32,10.930731450533282,12.05831043699607,68.75,3,8.036133176533248,10.848925832014443,66.66666666666666,10,18.81180231315891,17.941884277563624,80.0,20,9.860282373120892,10.779804624530186,70.0,9,15.34023152976733,14.067170438335872,88.88888888888889,0,,,,3,8.036133176533248,10.848925832014443,66.66666666666666,36,4.10146120266217,3.176143989630181,61.111111111111114,0,,,,11,13.153289229325331,15.281155231720145,81.81818181818183
IT,10,1255,-3.812,16.8437,-37.4994,29.8754,30,7.463621614027537,6.84620930207198,100.0,3,8.400352162574263,6.854591462086837,100.0,8,7.395188276617157,7.267029536920902,100.0,18,7.882093341319429,6.619066809758051,100.0,6,9.357593203983136,7.0477602353636595,100.0,0,,,,2,9.925857892421165,9.925857892421165,100.0,32,5.921302065159769,5.642171231238645,100.0,0,,,,6,4.587649057553388,1.9074899117282573,100.0
IT,20,1255,-3.812,16.8437,-37.4994,29.8754,30,8.211116602245095,8.036115805302332,86.66666666666667,3,3.963541561943233,4.901332531392405,66.66666666666666,8,8.263809831153859,8.537219110740086,87.5,18,8.242993774099634,7.553243009716674,88.88888888888889,6,10.450205137961703,6.386034372331316,100.0,0,,,,2,6.94221495043759,6.94221495043759,100.0,32,4.776367726890575,5.416664907792049,78.125,0,,,,6,1.35839671966089,0.6373649973013631,50.0
IT,30,1255,-3.812,16.8437,-37.4994,29.8754,30,8.54487415311028,6.617746096708752,83.33333333333334,3,6.6629361570289385,7.928115022891123,66.66666666666666,8,8.5988437061491,8.570757517382145,75.0,18,7.742553498061848,5.2387875417710585,83.33333333333334,6,9.827087774192158,5.3717378689531365,83.33333333333334,0,,,,2,11.044333611939667,11.044333611939667,100.0,32,5.735297870864802,4.53409958503096,75.0,0,,,,6,3.651053468142134,2.796600749564485,66.66666666666666
IT,60,1255,-3.812,16.8437,-37.4994,29.8754,30,7.5366901778457684,7.576187137982679,73.33333333333333,3,0.5578044700245672,0.5265963642379425,66.66666666666666,8,1.1981631830177903,0.9420401764006049,62.5,18,12.492580693555055,11.17549469801742,83.33333333333334,6,16.22490338089145,15.72359735619392,83.33333333333334,0,,,,2,0.15796471075521729,0.15796471075521729,50.0,32,6.595992793185944,6.026549855043767,65.625,0,,,,6,7.569546527120106,6.750707166600752,66.66666666666666
ITW,10,1255,0.6056,6.3777,-12.1499,13.3611,37,4.4934909612989795,3.9109756966472764,100.0,5,6.404198008554838,4.412326302395493,100.0,16,4.892143951587639,3.474065501656562,100.0,23,4.65703199012778,4.350074108497297,100.0,11,4.353250108404456,3.4471382788329827,100.0,2,6.393238613624407,6.393238613624407,100.0,5,6.404198008554838,4.412326302395493,100.0,34,4.443105824574055,3.5416490249494714,100.0,2,4.617551057384608,4.617551057384608,100.0,6,5.705770976447384,4.398971369203414,100.0
ITW,20,1255,0.6056,6.3777,-12.1499,13.3611,37,4.332821881641533,4.350074108497297,86.48648648648648,5,8.966378802613583,5.872747021642703,100.0,16,5.8852773657662985,5.193417682178439,87.5,23,3.5836411034817184,4.188162809785944,86.95652173913044,11,2.991643523372099,2.875678644005025,72.72727272727273,2,6.0130858242471055,6.0130858242471055,100.0,5,8.966378802613583,5.872747021642703,100.0,34,4.414524449075874,4.363376273161657,85.29411764705883,2,3.845570989540955,3.845570989540955,100.0,6,3.7978621355261883,3.204661960915832,66.66666666666666
ITW,30,1255,0.6056,6.3777,-12.1499,13.3611,37,6.160545703535469,5.833903277446379,81.08108108108108,5,10.644834234309915,12.014103522485337,100.0,16,7.825891156128889,5.8445302659054,87.5,23,4.541634495219875,5.833903277446379,78.26086956521739,11,4.209166250540799,4.203091961404224,72.72727272727273,2,7.033803915644255,7.033803915644255,100.0,5,10.644834234309915,12.014103522485337,100.0,34,4.512565643317049,3.503532389507694,76.47058823529412,2,4.1654451957334295,4.1654451957334295,100.0,6,4.985889026346285,4.235275150758711,66.66666666666666
ITW,60,1255,0.6056,6.3777,-12.1499,13.3611,37,6.007492612152538,5.72114654819321,75.67567567567568,5,6.317178065139092,7.246558545319852,80.0,16,10.88228261591875,11.375038626906598,93.75,23,3.922936313803079,3.3974961477504966,69.56521739130434,11,6.634902732151297,4.4625444294341765,81.81818181818183,2,10.352036885351978,10.352036885351978,100.0,5,6.317178065139092,7.246558545319852,80.0,34,3.0579533806453414,1.9996488885909005,61.76470588235294,2,-0.7056386675837604,-0.7056386675837604,50.0,6,0.12168714932443248,0.1902032267774697,50.0
IVZ,10,1255,-0.2058,12.638,-25.4819,25.0703,32,7.311249972330039,6.9868512315625,100.0,5,7.744240944994343,7.344619343830522,100.0,13,9.068925796082512,7.82746244617006,100.0,13,6.18250627660695,5.499987709393897,100.0,6,7.149820516158331,6.1018530264603275,100.0,0,,,,6,7.7581111951902955,7.586040895000291,100.0,30,7.93132792975427,6.449704967362472,100.0,2,5.17187548750483,5.17187548750483,100.0,11,9.825242093277385,6.575617605610576,100.0
IVZ,20,1255,-0.2058,12.638,-25.4819,25.0703,32,7.464239717264498,6.416650134032308,78.125,5,10.441176693537745,12.48173553330607,80.0,13,9.15767199268944,12.48173553330607,76.92307692307693,13,5.389126377497896,4.005346643081464,69.23076923076923,6,4.396030282928596,6.0415876839667195,83.33333333333334,0,,,,6,10.902063927459963,12.844117815188563,83.33333333333334,30,7.250306487892602,8.695386592190651,93.33333333333333,2,1.248862092119576,1.248862092119576,100.0,11,8.534106428547853,9.074195384143342,90.9090909090909
IVZ,30,1255,-0.2058,12.638,-25.4819,25.0703,32,10.044764778972521,9.763591970063784,81.25,5,17.813223109912517,14.340887210947207,100.0,13,12.936753331296096,12.744646697919357,84.61538461538461,13,5.078943931071223,5.259473752713987,69.23076923076923,6,3.3231036208828932,7.873969775973511,66.66666666666666,0,,,,6,18.451054512002802,17.990549366700712,100.0,30,9.81413971016116,8.476409306396183,86.66666666666667,2,2.158469017537497,2.158469017537497,50.0,11,9.190348115541509,10.26924851198848,81.81818181818183
IVZ,60,1255,-0.2058,12.638,-25.4819,25.0703,32,8.301442369649005,6.366588402288217,62.5,5,17.578290963221313,10.10295026485802,80.0,13,12.795644094576174,6.912449522312376,69.23076923076923,13,4.035474040175957,6.512549940032432,61.53846153846154,6,-0.6001080206227217,-3.9218330286325265,33.33333333333333,0,,,,6,21.0800326229562,22.68291010748881,83.33333333333334,30,7.454769716917735,8.431736774782044,70.0,2,-7.792523859196585,-7.792523859196585,0.0,11,5.061222262878574,8.48046312549856,72.72727272727273
J,10,1255,0.8505,7.1799,-13.5093,15.2104,35,4.3977678114846865,4.559306443693101,100.0,5,5.745960129306878,7.119682943136735,100.0,14,4.963267178751319,4.668685427028263,100.0,22,3.7950486940705273,4.102314515523576,100.0,11,5.4154238857179084,5.255058180895407,100.0,2,5.257113755878466,5.257113755878466,100.0,5,5.745960129306878,7.119682943136735,100.0,33,4.944521563206945,4.036315667220633,100.0,3,3.4867474988895495,2.775371006141106,100.0,6,3.4727164066396647,2.3875560535385505,100.0
J,20,1255,0.8505,7.1799,-13.5093,15.2104,35,4.034868568921504,3.872834617115068,82.85714285714286,5,6.63282400247172,7.672176481696997,80.0,14,5.215971033053961,5.66569900315925,85.71428571428571,22,3.6061616681971573,4.343869812601036,77.27272727272727,11,2.349670805177937,1.2362482804249861,63.63636363636363,2,6.746142996717179,6.746142996717179,100.0,5,6.63282400247172,7.672176481696997,80.0,33,3.4342739695194675,4.088489230528956,78.78787878787878,3,4.471940214647709,2.50380533046085,100.0,6,1.2080828380784636,2.616586383710748,83.33333333333334
J,30,1255,0.8505,7.1799,-13.5093,15.2104,35,5.522638370505521,6.492447826821691,74.28571428571429,5,11.938653949808048,15.148579317226416,100.0,14,8.216136401998842,7.823808261120291,92.85714285714286,22,4.067992308645405,2.3765647170815427,63.63636363636363,11,3.7212077780468706,1.9369537177368477,63.63636363636363,2,11.18705964717164,11.18705964717164,100.0,5,11.938653949808048,15.148579317226416,100.0,33,4.571525617078697,4.095788185965817,81.81818181818183,3,5.256622207407846,3.6677322114563586,100.0,6,1.8775407154340673,3.1604767882787352,66.66666666666666
J,60,1255,0.8505,7.1799,-13.5093,15.2104,35,5.730461511708181,4.118565162692075,62.857142857142854,5,12.559031904788757,11.650861178875305,100.0,14,10.192765475948729,11.17538535082181,85.71428571428571,22,2.699173405413494,0.6915229591191118,54.54545454545454,11,4.577330568963563,6.261534408343761,72.72727272727273,2,9.65057048783216,9.65057048783216,100.0,5,12.559031904788757,11.650861178875305,100.0,33,3.789916632852795,5.3581932583197345,66.66666666666666,3,5.087761396642804,3.6736701548681507,66.66666666666666,6,-1.4889424828674453,-3.8317527507513467,33.33333333333333
JBHT,10,1255,0.3209,10.7953,-21.2697,21.9115,34,5.910563650884466,4.810907498664118,100.0,4,3.899343103913164,4.075715430346738,100.0,10,4.795139052632967,4.180171233876148,100.0,11,4.518774638972619,3.327570482915853,100.0,9,5.24419699611535,4.9375340384030935,100.0,0,,,,2,4.075715430346738,4.075715430346738,100.0,36,5.588363102137784,5.047250583870422,100.0,0,,,,15,5.467159556372797,5.256739539704074,100.0
JBHT,20,1255,0.3209,10.7953,-21.2697,21.9115,34,6.213727856923758,5.6265254126426925,82.35294117647058,4,5.933122093627549,3.6337490106812105,75.0,10,5.832866189226195,5.666817193484841,80.0,11,3.2738584345068205,4.814825824785454,63.63636363636363,9,5.7930139349275604,4.051153089290731,77.77777777777779,0,,,,2,10.260916783284257,10.260916783284257,100.0,36,5.490090412224649,5.413292742857799,83.33333333333334,0,,,,15,5.100866846133442,5.145148906994958,80.0
JBHT,30,1255,0.3209,10.7953,-21.2697,21.9115,34,7.112454389577569,6.3384818231490225,76.47058823529412,4,6.23424677297287,6.501059548684032,100.0,10,7.758142374893501,9.132944788902531,80.0,11,4.30295849638693,2.626187915172431,54.54545454545454,9,7.252586876624226,5.819138988271078,77.77777777777779,0,,,,2,9.560240881743688,9.560240881743688,100.0,36,4.731769770794219,5.013225008327279,72.22222222222221,0,,,,15,3.7820591119380547,2.909579293358892,80.0
JBHT,60,1255,0.3209,10.7953,-21.2697,21.9115,34,9.540823148354745,8.373134305558398,79.41176470588235,4,10.95913276419633,11.371428368354621,100.0,10,11.457042289413433,9.966134053596233,90.0,11,5.182602408997525,4.488743872935414,63.63636363636363,9,5.5582770373709955,1.3646956896252407,55.55555555555556,0,,,,2,17.2269213633745,17.2269213633745,100.0,36,3.2877130875135823,3.3940590008530602,63.888888888888886,0,,,,15,2.02925008535505,0.6873673022038227,53.333333333333336
JBL,10,1255,5.5359,11.0749,-16.614,27.6857,34,9.424611060996794,9.042198095083792,100.0,4,11.609839282183684,10.627784719014858,100.0,14,8.882051211588905,9.110103639660387,100.0,27,8.903290571913617,7.598390652085518,100.0,11,9.125206840077006,9.474773849314431,100.0,2,8.753423333338741,8.753423333338741,100.0,5,11.029755044948272,10.24428212143168,100.0,32,7.717425228516875,6.3680692696144865,100.0,2,0.4642867272782943,0.4642867272782943,100.0,3,7.849881603953544,5.619351280010139,100.0
JBL,20,1255,5.5359,11.0749,-16.614,27.6857,34,10.45110470046023,8.92421181329006,97.05882352941177,4,13.657867074562864,11.913501443953393,100.0,14,10.641217579538957,7.973479451703847,100.0,27,9.436508209904074,8.58722702383755,96.29629629629629,11,12.36784109035728,11.965814426775884,100.0,2,15.402232705172334,15.402232705172334,100.0,5,14.307135448838626,16.90420894594167,100.0,32,6.136541495682742,8.28186588000919,71.875,2,6.408398401382161,6.408398401382161,100.0,3,1.0686658910466906,-4.3137034346444425,33.33333333333333
JBL,30,1255,5.5359,11.0749,-16.614,27.6857,34,10.970971589859134,11.245004266956418,73.52941176470588,4,14.774895229836687,10.568943993222808,75.0,14,9.342306742010654,7.77252058818661,64.28571428571429,27,10.42591021687894,11.235372222342829,74.07407407407408,11,13.79833293358667,11.680911798100452,90.9090909090909,2,18.98084646645057,18.98084646645057,50.0,5,16.749294485372804,11.539930559887877,80.0,32,4.35654745159472,5.173310880257006,68.75,2,5.5096566348934335,5.5096566348934335,100.0,3,1.251883522429593,9.015777967302531,66.66666666666666
JBL,60,1255,5.5359,11.0749,-16.614,27.6857,34,18.895164941924026,22.337638044837156,82.35294117647058,4,34.56641571028619,21.752421408458567,100.0,14,19.00763653207931,15.588975422497882,78.57142857142857,27,19.169652850778377,22.54233674168028,81.48148148148148,11,26.48750181412551,23.3508135951986,81.81818181818183,2,47.38041001211381,47.38041001211381,100.0,5,31.484492391805382,19.156799117882155,100.0,32,-1.5028350919859061,-2.8003989174899275,46.875,2,9.375528551706779,9.375528551706779,100.0,3,-1.4124561926100228,7.016666583755367,66.66666666666666
JCI,10,1255,2.4266,11.6188,-20.811,25.6643,35,6.681542168441797,5.794030741628255,100.0,5,7.9440529469956545,7.654564923930347,100.0,9,7.642921674173696,7.654564923930347,100.0,25,6.116764373752364,4.6562914906734,100.0,10,7.539266148896511,6.120256765662908,100.0,1,9.682700778372803,9.682700778372803,100.0,5,7.9440529469956545,7.654564923930347,100.0,33,5.594172768163988,4.364094175369853,100.0,0,,,,3,11.064228127005956,14.756165155742062,100.0
JCI,20,1255,2.4266,11.6188,-20.811,25.6643,35,7.371123749323702,6.039445829590939,80.0,5,6.998823565195449,9.605010590142841,60.0,9,8.206796181286498,6.039445829590939,77.77777777777779,25,7.469461151408158,7.685274020422596,84.0,10,10.951768951615739,10.11172397199873,90.0,1,10.618437353854619,10.618437353854619,100.0,5,6.998823565195449,9.605010590142841,60.0,33,3.7232498877102516,4.411094634002791,72.72727272727273,0,,,,3,7.437472257868449,9.358721832900999,100.0
JCI,30,1255,2.4266,11.6188,-20.811,25.6643,35,9.982432520520764,9.778255566604175,88.57142857142857,5,11.17721944002304,15.099935307918722,80.0,9,13.43749710124239,13.44703083975669,88.88888888888889,25,8.916235993139926,7.579349214559531,88.0,10,11.162207613612086,8.179856088094821,90.0,1,8.780362961630113,8.780362961630113,100.0,5,11.17721944002304,15.099935307918722,80.0,33,2.3177448822181814,1.3818946517363981,66.66666666666666,0,,,,3,3.205492945900957,-0.6622395944460463,33.33333333333333
JCI,60,1255,2.4266,11.6188,-20.811,25.6643,35,13.786018100376678,16.30524626338082,82.85714285714286,5,10.45488907977552,13.221240452077824,80.0,9,17.54243195175524,16.47225573834715,88.88888888888889,25,11.121973541226842,13.009366986762059,80.0,10,12.724315965149376,9.733070382846048,80.0,1,-7.143995870999291,-7.143995870999291,0.0,5,10.45488907977552,13.221240452077824,80.0,33,-0.27965962967571156,-2.4908616667218633,45.45454545454545,0,,,,3,-11.066286928892922,-12.088664278318234,33.33333333333333
JKHY,10,1255,-0.2317,7.1248,-14.4813,14.0179,33,5.011382601053689,4.999705884482733,100.0,3,6.252279462297722,5.776152017870118,100.0,11,5.49734845008511,5.776152017870118,100.0,21,5.245929586369612,5.912933584449466,100.0,10,5.393802015691555,5.62490723031449,100.0,1,8.420323499067628,8.420323499067628,100.0,3,5.832666201920463,5.776152017870118,100.0,36,4.443630196040266,3.639461739349747,100.0,2,3.0701684761312147,3.0701684761312147,100.0,6,3.4710778924336467,2.991191321494144,100.0
JKHY,20,1255,-0.2317,7.1248,-14.4813,14.0179,33,3.953643306250695,3.1951336327643456,81.81818181818183,3,8.040049033206566,8.57931371291407,100.0,11,7.177419145961395,7.470862640297722,90.9090909090909,21,2.965353802361911,3.168043788892917,76.19047619047619,10,4.659281127382906,4.300271420138219,90.0,1,13.70847710414763,13.70847710414763,100.0,3,7.305933776932627,8.57931371291407,100.0,36,4.612611978137672,4.845796302057279,83.33333333333334,2,3.282037362624334,3.282037362624334,50.0,6,5.620141755801751,8.12446544729052,83.33333333333334
JKHY,30,1255,-0.2317,7.1248,-14.4813,14.0179,33,4.326708207219944,3.1077258052351358,60.60606060606061,3,12.184642875545888,12.14275103684484,100.0,11,7.530560195270042,10.377286899417854,72.72727272727273,21,3.177705466696462,2.676139713395551,57.14285714285714,10,5.193319130951635,3.7279368028801168,60.0,1,14.03389069037497,14.03389069037497,100.0,3,13.9825966235273,12.14275103684484,100.0,36,4.761074233602872,4.39780589000986,80.55555555555556,2,9.063030248683694,9.063030248683694,100.0,6,4.120472380460513,2.9120370585549233,66.66666666666666
JKHY,60,1255,-0.2317,7.1248,-14.4813,14.0179,33,5.108585140287502,5.459996149865601,63.63636363636363,3,19.145200819234585,19.864407549272112,100.0,11,6.5443799865805,6.508744838304917,63.63636363636363,21,4.297482356284937,3.6769808654359406,61.904761904761905,10,6.348594089126903,6.960550373149211,70.0,1,19.864407549272112,19.864407549272112,100.0,3,19.946562254153353,22.26849185402841,100.0,36,3.39682210104019,3.7939581774070223,69.44444444444444,2,10.16592997537962,10.16592997537962,100.0,6,-1.9394993525093172,-4.596029100969108,33.33333333333333
JNJ,10,1255,1.7149,6.2473,-10.7797,14.2095,33,4.5097646911470815,4.40817769608241,100.0,2,8.631370216684392,8.631370216684392,100.0,12,4.2312903958403245,3.998910871413108,100.0,14,4.335464029749071,3.809867319621657,100.0,8,4.111201719654291,4.059353347398281,100.0,0,,,,2,4.378398439446564,4.378398439446564,100.0,34,3.2919595221810876,2.83141079412175,100.0,1,3.3898279591133633,3.3898279591133633,100.0,11,2.6934982727409276,2.529842381606071,100.0
JNJ,20,1255,1.7149,6.2473,-10.7797,14.2095,33,4.435832919515168,4.733141247861509,75.75757575757575,2,8.43455874098461,8.43455874098461,100.0,12,4.602041843926756,4.765340562506125,91.66666666666666,14,4.7945186805909845,4.086226350147003,71.42857142857143,8,3.37975625882386,4.625413285675563,75.0,0,,,,2,6.653502233765035,6.653502233765035,100.0,34,2.4207927589269036,2.5052528423308935,73.52941176470588,1,-2.0451060739858242,-2.0451060739858242,0.0,11,0.7020251721592261,1.8734901198498828,54.54545454545454
JNJ,30,1255,1.7149,6.2473,-10.7797,14.2095,33,4.95397439066964,4.080195132661968,81.81818181818183,2,12.593295300050906,12.593295300050906,100.0,12,5.447132936026288,5.42027709704737,91.66666666666666,14,5.937873929705343,4.299852503743111,78.57142857142857,8,3.2246163526310396,2.2444199498772974,75.0,0,,,,2,12.600680181511038,12.600680181511038,100.0,34,2.0536013797059334,2.1934629798868635,64.70588235294117,1,-6.125978333607776,-6.125978333607776,0.0,11,0.9251354229291328,-1.4665126416229173,45.45454545454545
JNJ,60,1255,1.7149,6.2473,-10.7797,14.2095,33,7.297214557537496,6.595381406966921,75.75757575757575,2,7.990165103710203,7.990165103710203,100.0,12,9.448396781121627,9.549471208290022,100.0,14,10.077921532405492,8.959563471194018,71.42857142857143,8,6.356089108543699,4.97353124982423,87.5,0,,,,2,8.449949177899036,8.449949177899036,100.0,34,0.6792779817615672,0.7214879951435145,52.94117647058824,1,-13.369735022926763,-13.369735022926763,0.0,11,1.010410643611083,1.1896837878624718,54.54545454545454
JPM,10,1255,3.5699,8.7151,-13.8603,21.0,33,6.47899585393276,5.973964693923241,100.0,5,11.452983565305491,10.559038698948994,100.0,11,8.75693794227211,8.259164985414834,100.0,20,5.3765966459186885,4.430085756800967,100.0,8,6.122663098700098,6.758505500385707,100.0,0,,,,4,9.230901072587761,9.728350287041351,100.0,32,5.42106088843697,3.718764562063889,100.0,0,,,,3,9.004240111994077,7.457708802633871,100.0
JPM,20,1255,3.5699,8.7151,-13.8603,21.0,33,7.170758787557967,6.067790447056287,87.87878787878788,5,12.736437110047625,11.24075128279691,80.0,11,8.45735683999348,4.774054214408813,81.81818181818183,20,6.813489819680387,6.239395583347854,95.0,8,6.082642439005012,3.123931494372755,75.0,0,,,,4,8.689769942052564,7.969702730355946,75.0,32,4.878260611615279,4.635106006637461,90.625,0,,,,3,8.644989613286093,7.056979686781684,100.0
JPM,30,1255,3.5699,8.7151,-13.8603,21.0,33,8.609426930070217,8.764089517551607,90.9090909090909,5,13.538711527411426,9.76853441339088,80.0,11,9.07982356139597,8.819284216150928,81.81818181818183,20,8.365850300458193,8.608991425667707,95.0,8,7.637783512065379,8.003393547452038,75.0,0,,,,4,8.812367091502438,6.542619639400199,75.0,32,2.915222132816551,1.4560004575668162,65.625,0,,,,3,13.491265519140859,12.65063869996533,100.0
JPM,60,1255,3.5699,8.7151,-13.8603,21.0,33,10.865285968988672,9.934090520081526,87.87878787878788,5,16.640507972667386,5.398303480576506,80.0,11,15.571526317081306,14.832208275546868,81.81818181818183,20,8.783626641224606,9.444039249690412,90.0,8,11.83892040729981,17.006442985906215,62.5,0,,,,4,11.728718616544587,4.522400108348464,75.0,32,0.10443400580365014,-1.252277125128449,50.0,0,,,,3,7.849628013736319,9.552558965244833,66.66666666666666
KDP,10,1255,-0.7408,6.733,-14.2067,12.7252,39,4.075242462892695,3.390339658201244,100.0,4,6.7709997023106,6.313654023744382,100.0,14,5.335347089995923,4.926947453109056,100.0,19,3.9778426297030536,3.132684823088739,100.0,10,3.038729035809584,2.3524152820551114,100.0,1,6.856702901542857,6.856702901542857,100.0,3,7.437038828967175,6.856702901542857,100.0,37,4.311262755767543,4.141730109881946,100.0,0,,,,13,3.267433053423659,2.2713802444671933,100.0
KDP,20,1255,-0.7408,6.733,-14.2067,12.7252,39,3.6091744860771566,4.152063845508666,76.92307692307693,4,7.367778358344275,8.024568578354284,100.0,14,5.833748832020186,5.529148510439162,92.85714285714286,19,2.66420516416409,2.788525804589127,73.68421052631578,10,1.974858660090564,3.0692862755021637,80.0,1,11.71032237712428,11.71032237712428,100.0,3,9.253153177944283,10.75269117727207,100.0,37,4.862863127068467,5.113162650392644,89.1891891891892,0,,,,13,4.345378024850814,3.413389787301112,76.92307692307693
KDP,30,1255,-0.7408,6.733,-14.2067,12.7252,39,3.658850471093699,3.0515186210924234,74.35897435897436,4,11.817862167493303,11.896311143588246,100.0,14,7.467040526582417,7.672006142556038,92.85714285714286,19,2.6025229895097772,3.0515186210924234,73.68421052631578,10,2.0230807893214946,2.3580277497462014,80.0,1,8.7827417828432,8.7827417828432,100.0,3,10.753856055213305,8.7827417828432,100.0,37,4.743239464651686,4.2212915907972475,86.48648648648648,0,,,,13,4.978889337608633,3.8438517327138157,84.61538461538461
KDP,60,1255,-0.7408,6.733,-14.2067,12.7252,39,3.2267369987223598,4.630963228500055,61.53846153846154,4,11.533395283513533,10.979312641372598,100.0,14,8.268304419539644,9.75077525961108,85.71428571428571,19,2.886461014923218,5.951098864327404,63.1578947368421,10,3.864331004176043,5.29103104641373,70.0,1,8.790080782053337,8.790080782053337,100.0,3,11.628808529492588,10.711469737168823,100.0,37,4.4784829530264245,4.259559606424386,72.97297297297297,0,,,,13,4.653012401528954,4.943317100775876,76.92307692307693
KEY,10,1255,0.194,16.2921,-32.3901,32.7782,36,8.624408383978349,8.133899271893263,100.0,3,9.861479275174112,11.363647750754593,100.0,7,8.327084417104345,8.375308800205065,100.0,16,7.151626834827415,7.67513155514272,100.0,9,7.27022707084015,6.437123491501534,100.0,0,,,,3,9.861479275174112,11.363647750754593,100.0,38,7.414898854007027,6.658149324840488,100.0,0,,,,10,12.065214778310164,11.052100896101056,100.0
KEY,20,1255,0.194,16.2921,-32.3901,32.7782,36,9.734992303405775,7.837130826920679,86.11111111111111,3,17.854875498711774,17.500103941329215,100.0,7,12.41316535291276,15.117155096848272,85.71428571428571,16,6.6532964215035735,6.568891040396543,87.5,9,5.259814863775122,2.914938754841738,77.77777777777779,0,,,,3,17.854875498711774,17.500103941329215,100.0,38,5.627546754749219,5.887350696282061,81.57894736842105,0,,,,10,10.297218898063283,12.674084431863937,90.0
KEY,30,1255,0.194,16.2921,-32.3901,32.7782,36,10.660294437702369,11.568810203745347,75.0,3,6.662143303778133,13.499622661477579,66.66666666666666,7,7.7019314987788645,13.499622661477579,71.42857142857143,16,8.224224065757266,9.301531137696825,75.0,9,7.898834274220054,6.1868041285156945,55.55555555555556,0,,,,3,6.662143303778133,13.499622661477579,66.66666666666666,38,5.8540586569934465,6.806362110453702,71.05263157894737,0,,,,10,6.316791962704729,7.5433545202203005,70.0
KEY,60,1255,0.194,16.2921,-32.3901,32.7782,36,11.817591261952627,10.547921595485153,77.77777777777779,3,13.766981992183162,15.046504231702565,66.66666666666666,7,13.24299046540656,7.162556272929729,71.42857142857143,16,9.521929507334312,9.341714642999179,81.25,9,11.61201149081915,8.885041930088134,55.55555555555556,0,,,,3,13.766981992183162,15.046504231702565,66.66666666666666,38,4.441445285877493,1.638534331436259,60.526315789473685,0,,,,10,6.856668344346891,5.157378220231032,70.0
KEYS,10,1255,1.0711,12.0206,-22.9701,25.1123,35,6.833541551425792,4.548863593409719,100.0,5,11.787391150768968,8.154041686483465,100.0,11,7.852163960566478,4.140476525431303,100.0,21,6.230216353754264,4.365556023105467,100.0,9,6.33788595858788,5.033515923615136,100.0,0,,,,5,11.787391150768968,8.154041686483465,100.0,33,7.4336645802112065,5.731012240142435,100.0,0,,,,5,7.33168878519118,9.366534095507486,100.0
KEYS,20,1255,1.0711,12.0206,-22.9701,25.1123,35,7.153730146471375,7.5951291038881585,88.57142857142857,5,12.582438525813227,14.282129656865866,100.0,11,7.694676931805258,7.5951291038881585,90.9090909090909,21,7.000782708290705,7.893012776555467,85.71428571428571,9,3.5288343044619186,4.609830393742244,77.77777777777779,0,,,,5,12.582438525813227,14.282129656865866,100.0,33,7.039066918116876,5.807333230990872,90.9090909090909,0,,,,5,6.254145800897015,6.1164590471062885,80.0
KEYS,30,1255,1.0711,12.0206,-22.9701,25.1123,35,7.439484641622106,7.538334427065499,74.28571428571429,5,17.6011553152628,23.334168894118235,80.0,11,9.803836549595529,8.697649917514218,63.63636363636363,21,5.593050461769122,7.504869009476361,71.42857142857143,9,0.6690155604663055,-2.8010320280079517,44.44444444444444,0,,,,5,17.6011553152628,23.334168894118235,80.0,33,5.2207348543283985,3.7460278707837302,69.6969696969697,0,,,,5,8.504171047947438,5.0746088948136325,80.0
KEYS,60,1255,1.0711,12.0206,-22.9701,25.1123,35,11.954625129729012,10.786834046443376,80.0,5,22.017758438592214,24.42385249782789,100.0,11,15.556227574627746,19.143358078678098,90.9090909090909,21,10.405902893528438,8.844769568862915,76.19047619047619,9,7.04117439703727,9.71921810242709,77.77777777777779,0,,,,5,22.017758438592214,24.42385249782789,100.0,33,3.014314391068103,2.6170742961193305,51.515151515151516,0,,,,5,-0.17395116868961402,-2.4673063201959873,40.0
KHC,10,1255,-1.5418,6.4954,-14.5325,11.4489,34,4.648274616913719,4.799447696000934,100.0,2,5.983597830934068,5.983597830934068,100.0,15,4.859253114893345,5.311966141360271,100.0,16,4.492249336284409,5.0841740928723835,100.0,6,3.2961604710821373,2.969093945454135,100.0,0,,,,2,5.983597830934068,5.983597830934068,100.0,34,5.007165175969663,5.406430282425169,100.0,6,5.3971859326522,4.397313640418407,100.0,10,4.77245032261929,5.049957477873432,100.0
KHC,20,1255,-1.5418,6.4954,-14.5325,11.4489,34,3.030717267418424,2.387678198264899,73.52941176470588,2,7.025913667765692,7.025913667765692,100.0,15,5.301971835579684,4.242620914932792,100.0,16,2.088415425266426,1.401684383098234,68.75,6,1.9442083755873358,0.979821758686313,66.66666666666666,0,,,,2,7.025913667765692,7.025913667765692,100.0,34,5.779248634803801,5.50101882022336,85.29411764705883,6,7.83431213749695,5.91138444084395,83.33333333333334,10,5.144835805576591,7.329535262961952,80.0
KHC,30,1255,-1.5418,6.4954,-14.5325,11.4489,34,3.4225696012097875,1.724762061521067,55.88235294117647,2,13.461994334620755,13.461994334620755,100.0,15,5.209232702934994,4.970686986989048,73.33333333333333,16,2.069446577919045,0.8140835670766684,56.25,6,3.097696941601955,2.805979901298305,66.66666666666666,0,,,,2,13.461994334620755,13.461994334620755,100.0,34,5.802394631423716,5.645174376938261,91.17647058823529,6,7.407825665730314,5.968845156888708,100.0,10,4.919469114932654,4.913045639232497,90.0
KHC,60,1255,-1.5418,6.4954,-14.5325,11.4489,34,2.98124899080829,-0.2927838303515596,47.05882352941176,2,10.79460680582755,10.79460680582755,50.0,15,6.235359127006962,4.842203761820058,60.0,16,-0.8791066339705584,-0.9122700471830223,31.25,6,1.5857187803671797,-0.916339511256892,33.33333333333333,0,,,,2,10.79460680582755,10.79460680582755,50.0,34,6.122910650134332,6.23471908223714,85.29411764705883,6,7.254786234833919,7.731248313296039,100.0,10,5.6543094998280194,5.755499517981954,80.0
KIM,10,1255,0.9538,7.7866,-14.6193,16.5269,33,5.606927668812186,4.768148034347804,100.0,5,8.383719698463148,8.90918166750911,100.0,14,6.629939511190622,6.6961211061796355,100.0,11,5.104772988095473,4.4337664433213035,100.0,8,4.7401443355039365,4.164059845306818,100.0,0,,,,8,7.334256721307201,8.347917601099041,100.0,31,4.969230634693337,3.746047739073065,100.0,2,4.5787430531539455,4.5787430531539455,100.0,10,3.9509128990690074,3.5536033395775792,100.0
KIM,20,1255,0.9538,7.7866,-14.6193,16.5269,33,5.705368398404332,7.830256121378613,75.75757575757575,5,11.23242205789078,10.310419796937602,100.0,14,7.00814785332372,9.06203151938442,85.71428571428571,11,5.344837369729749,7.830256121378613,72.72727272727273,8,2.1823663285217973,2.0606677763220604,62.5,0,,,,8,10.292676511211946,10.369115928726039,87.5,31,4.685434735219874,3.4818287375002974,80.64516129032258,2,6.530061964926477,6.530061964926477,100.0,10,4.605593472864218,2.9298166508389523,80.0
KIM,30,1255,0.9538,7.7866,-14.6193,16.5269,33,6.8524012598353545,7.362310529887413,78.78787878787878,5,13.527505438058293,15.195113560689666,100.0,14,9.3991891652051,8.819124852975273,92.85714285714286,11,5.160658495366715,7.362310529887413,72.72727272727273,8,1.8718391195798638,2.283349269775068,62.5,0,,,,8,13.429041874907172,14.498273243372482,100.0,31,4.835147892957979,4.042186306746251,70.96774193548387,2,5.066400299191536,5.066400299191536,100.0,10,3.263665905949172,2.7328096965747903,70.0
KIM,60,1255,0.9538,7.7866,-14.6193,16.5269,33,7.198304187315234,7.200862692974623,72.72727272727273,5,10.886067869112415,14.653046490297811,80.0,14,11.317817199835378,12.912652955409236,85.71428571428571,11,3.3080342972142147,2.367607226512525,63.63636363636363,8,5.15641420316212,3.674980276964255,62.5,0,,,,8,14.243333941860689,14.727002393288176,87.5,31,3.6609964182510746,2.2277872671727,70.96774193548387,2,4.692493255575929,4.692493255575929,50.0,10,-1.512755825651049,-0.278523108145563,40.0
KKR,10,1255,0.9178,15.4682,-30.0186,31.8543,35,8.039599374142933,6.66353230790355,100.0,5,10.060298499670349,12.757699445046486,100.0,9,9.159694906888364,7.595163608533262,100.0,24,7.18831398136961,6.586677635006188,100.0,9,7.7976625044860555,6.66353230790355,100.0,0,,,,5,10.060298499670349,12.757699445046486,100.0,33,7.850109441265244,5.58508107243172,100.0,0,,,,8,11.900708929429069,10.619755066855646,100.0
KKR,20,1255,0.9178,15.4682,-30.0186,31.8543,35,8.98139129665961,9.037378432409158,80.0,5,7.731126579430042,8.10030954217124,80.0,9,10.761288297659279,10.639132892229824,88.88888888888889,24,8.282950796018389,7.892139256806647,79.16666666666666,9,4.2986049136792825,2.74847674700293,55.55555555555556,0,,,,5,7.731126579430042,8.10030954217124,80.0,33,7.726879357605652,8.401315341632708,81.81818181818183,0,,,,8,13.62459418527228,13.788838119301307,100.0
KKR,30,1255,0.9178,15.4682,-30.0186,31.8543,35,10.86236760723286,10.982917024419734,80.0,5,10.79554120148278,0.6750501399637674,80.0,9,13.582347138864035,11.80495508307576,88.88888888888889,24,9.80302343823201,10.23496923002174,79.16666666666666,9,6.961533208582969,4.236707904044641,66.66666666666666,0,,,,5,10.79554120148278,0.6750501399637674,80.0,33,7.893772676212936,6.5230278114471965,69.6969696969697,0,,,,8,11.349149030711422,10.044248945129599,87.5
KKR,60,1255,0.9178,15.4682,-30.0186,31.8543,35,11.254854929645173,12.458110055429795,71.42857142857143,5,16.752502496063236,11.267551533472492,100.0,9,9.903473627944116,8.213560281468709,77.77777777777779,24,13.116501470724108,18.56873207445996,70.83333333333334,9,11.676504144348291,11.58280310537772,66.66666666666666,0,,,,5,16.752502496063236,11.267551533472492,100.0,33,4.935801993630622,1.689605428260339,51.515151515151516,0,,,,8,10.73837774992317,10.09159227337285,75.0
KLAC,10,1255,6.3018,11.0946,-15.8874,28.491,35,10.15701969270716,8.741315845021361,100.0,7,11.8814116105745,8.8175897786025,100.0,11,11.650483803301688,8.8175897786025,100.0,23,10.023507131804642,8.741315845021361,100.0,11,10.597777400358185,10.893730037439925,100.0,1,13.414419631715068,13.414419631715068,100.0,7,11.8814116105745,8.8175897786025,100.0,33,7.433905466609488,5.723358290676309,100.0,0,,,,4,11.933373024878748,12.531254445476373,100.0
KLAC,20,1255,6.3018,11.0946,-15.8874,28.491,35,12.875642128086325,12.5523743372991,82.85714285714286,7,20.162831563046407,16.84281831024375,100.0,11,19.088248842229174,16.84281831024375,100.0,23,11.645066427117639,12.03614439394635,82.6086956521739,11,11.39921349796338,7.077815656196068,90.9090909090909,1,16.84281831024375,16.84281831024375,100.0,7,20.162831563046407,16.84281831024375,100.0,33,6.7356424070022625,5.592850149702117,72.72727272727273,0,,,,4,6.42340500064735,3.218184164409898,75.0
KLAC,30,1255,6.3018,11.0946,-15.8874,28.491,35,13.155989095492004,11.805329143284352,80.0,7,20.41515654080681,15.226419628357688,100.0,11,18.225987017642215,15.226419628357688,90.9090909090909,23,10.16447911690773,9.907284746026033,73.91304347826086,11,10.323927531177185,7.538048167997942,81.81818181818183,1,7.538048167997942,7.538048167997942,100.0,7,20.41515654080681,15.226419628357688,100.0,33,4.780181811365979,6.638451070055219,66.66666666666666,0,,,,4,-6.98409574302178,-12.07291515957656,25.0
KLAC,60,1255,6.3018,11.0946,-15.8874,28.491,35,19.31866800411818,22.121210768463957,80.0,7,28.646683146189698,22.517795932728976,100.0,11,21.585935748406868,15.413279726784127,81.81818181818183,23,16.823359461781298,22.121210768463957,73.91304347826086,11,15.607941607826634,22.517795932728976,72.72727272727273,1,14.019773489241722,14.019773489241722,100.0,7,28.646683146189698,22.517795932728976,100.0,33,1.694458940262727,4.613921836117777,54.54545454545454,0,,,,4,-7.3434841563871025,-9.506675205080212,25.0
KMB,10,1255,-0.7634,6.7439,-14.2512,12.7244,29,4.511410417190881,4.216320922383245,100.0,3,3.684072151175393,3.9875812755419218,100.0,8,4.13842661522342,3.8378320932213583,100.0,13,3.979802546265954,4.216320922383245,100.0,7,3.4880839314960963,3.593137038934663,100.0,0,,,,3,2.8820770700724387,2.339811846253722,100.0,30,3.7591231670626373,3.3962195187099837,100.0,0,,,,6,3.9367709111997784,3.7652715590643364,100.0
KMB,20,1255,-0.7634,6.7439,-14.2512,12.7244,29,5.147191694515289,4.945296510443898,93.10344827586206,3,7.851215395183313,6.867570775797313,100.0,8,5.827473464364098,5.243873485191035,100.0,13,3.7691412622644713,4.618594962052859,84.61538461538461,7,6.032649434731117,6.523527547885036,100.0,0,,,,3,7.986934427626637,7.274727873127285,100.0,30,4.571259130490399,4.4812894701971295,86.66666666666667,0,,,,6,3.6521591689889523,3.9745622042860616,83.33333333333334
KMB,30,1255,-0.7634,6.7439,-14.2512,12.7244,29,6.627564752966495,6.303627508834761,89.65517241379311,3,11.446778946647967,11.746615528360099,100.0,8,10.113499931119739,8.135448311135187,100.0,13,3.9272752638460346,5.793631550380709,76.92307692307693,7,7.888259133762753,6.303627508834761,85.71428571428571,0,,,,3,14.891065755110612,19.901440666306573,100.0,30,4.098105519302497,5.5225200683109765,76.66666666666667,0,,,,6,4.225090822994921,4.439419975020941,66.66666666666666
KMB,60,1255,-0.7634,6.7439,-14.2512,12.7244,29,4.580267298136881,4.109526403545124,68.96551724137932,3,9.497924026872187,1.9436531017594634,100.0,8,6.710975445232872,4.19021971616751,87.5,13,1.9287616147268745,-0.29447998749208915,46.15384615384615,7,4.833203259020144,-0.5678235993503654,42.857142857142854,0,,,,3,13.41563846838313,12.39683459276142,100.0,30,4.273851776347403,6.414587891847842,60.0,0,,,,6,1.8752841794945858,-1.5312685773417276,33.33333333333333
KMI,10,1255,3.5808,6.222,-8.8631,16.0247,36,4.9261758440020245,4.179867691524812,100.0,6,5.737811525390849,5.80221336146168,100.0,15,4.690065770098233,3.929248064919498,100.0,25,5.145066403851415,4.948701044403745,100.0,9,4.319171355509347,3.829795438564991,100.0,4,5.735584518004937,5.80221336146168,100.0,6,5.737811525390849,5.80221336146168,100.0,31,4.483481125099304,3.7947937795807976,100.0,2,6.840231680290453,6.840231680290453,100.0,2,3.7177934766924703,3.7177934766924703,100.0
KMI,20,1255,3.5808,6.222,-8.8631,16.0247,36,7.35746380410412,7.165895185210964,97.22222222222221,6,9.412779760834058,8.532118770710559,100.0,15,7.65664893264213,7.395888836440756,100.0,25,7.759241962435042,7.392505389512932,96.0,9,6.677772963413716,7.395888836440756,100.0,4,10.94801406880487,9.301392842363287,100.0,6,9.412779760834058,8.532118770710559,100.0,31,3.778584621277639,2.552882363798748,80.64516129032258,2,9.439299028630677,9.439299028630677,100.0,2,3.331751469303446,3.331751469303446,100.0
KMI,30,1255,3.5808,6.222,-8.8631,16.0247,36,7.665861318624751,7.573786683798489,91.66666666666666,6,11.747437783234341,11.642615052674287,100.0,15,9.16321211462739,8.215602395351397,100.0,25,7.702760434668852,7.5929681217679805,88.0,9,9.346523971045979,7.929847363454728,100.0,4,12.160203141588287,11.642615052674287,100.0,6,11.747437783234341,11.642615052674287,100.0,31,1.9025746751948547,2.2169075320306675,64.51612903225806,2,8.016406850416217,8.016406850416217,100.0,2,-0.5613895455587139,-0.5613895455587139,50.0
KMI,60,1255,3.5808,6.222,-8.8631,16.0247,36,11.193328367561548,11.569204704801496,88.88888888888889,6,11.0985937725495,12.381984251753984,100.0,15,9.546931566290274,9.373943489889303,100.0,25,11.497068007667533,13.392742254518526,84.0,9,12.248855280791176,13.392742254518526,100.0,4,11.12761356651935,12.381984251753984,100.0,6,11.0985937725495,12.381984251753984,100.0,31,-1.8527752144595118,0.5648232948393221,51.61290322580645,2,9.622990539873816,9.622990539873816,100.0,2,-0.4874824486474019,-0.4874824486474019,0.0
KO,10,1255,2.0668,5.1761,-8.2855,12.419,38,3.672645274138347,3.205068943450434,100.0,4,3.7695833824653753,3.8182550005684375,100.0,10,4.570235308470166,3.8182550005684375,100.0,20,3.919425534208301,3.205068943450434,100.0,11,4.975791877425139,5.846690302268458,100.0,0,,,,4,3.7695833824653753,3.8182550005684375,100.0,33,2.5905849882661514,2.759638870009532,100.0,1,0.9831132391769686,0.9831132391769686,100.0,4,2.11784399542414,2.2706860298333513,100.0
KO,20,1255,2.0668,5.1761,-8.2855,12.419,38,4.089183384915548,4.085057997539583,81.57894736842105,4,6.061950389245766,6.395348324985672,100.0,10,5.602336333901891,5.259841902768143,100.0,20,3.647156335193428,3.6123699993947738,70.0,11,4.551085716686964,4.367705931815767,72.72727272727273,0,,,,4,6.061950389245766,6.395348324985672,100.0,33,2.2608667918554524,2.1756057793182557,78.78787878787878,1,1.1072345411286566,1.1072345411286566,100.0,4,1.7712350546297502,1.8838534184785463,75.0
KO,30,1255,2.0668,5.1761,-8.2855,12.419,38,4.863338611513718,4.238071019568717,81.57894736842105,4,10.007664567470275,11.62258089464807,100.0,10,8.28293950887404,8.622248823219373,90.0,20,4.4693349999311405,4.212757507734617,80.0,11,5.637070456489873,6.228655309174634,72.72727272727273,0,,,,4,10.007664567470275,11.62258089464807,100.0,33,1.8768196712222074,1.6883045974448656,66.66666666666666,1,2.996559658609826,2.996559658609826,100.0,4,1.5822163785381247,0.6294931265978445,100.0
KO,60,1255,2.0668,5.1761,-8.2855,12.419,38,6.485646297139274,7.030266841243941,84.21052631578947,4,15.977044247160364,15.141783247775749,100.0,10,11.105612272266956,12.519740645199676,100.0,20,4.134860890478582,4.260612205174667,75.0,11,7.288566836927273,9.166394884404012,90.9090909090909,0,,,,4,15.977044247160364,15.141783247775749,100.0,33,0.3528218015013122,1.6537792049594955,60.60606060606061,1,10.981339606761297,10.981339606761297,100.0,4,-0.6219900547067023,0.3513270880347965,50.0
KR,10,1255,2.3738,7.2289,-12.0841,16.8317,43,5.8137961385491845,4.863494871833257,100.0,4,5.808627337271256,4.351968661372051,100.0,14,4.310842257257037,3.362322809537458,100.0,19,7.398982470204745,6.132764675032195,100.0,8,4.210509190789491,2.9425744443048365,100.0,0,,,,4,5.808627337271256,4.351968661372051,100.0,32,4.747400940051316,4.1817196670907855,100.0,3,5.920570071439239,5.293508333364513,100.0,6,5.592441392682985,4.294974507094242,100.0
KR,20,1255,2.3738,7.2289,-12.0841,16.8317,43,6.733350205324868,7.176076431775588,86.04651162790698,4,9.070943669177371,10.718282888669318,100.0,14,5.346972567850445,6.680709489068384,78.57142857142857,19,8.116654258929264,8.151293164207594,94.73684210526315,8,5.324085713686188,6.207837123502719,87.5,0,,,,4,9.070943669177371,10.718282888669318,100.0,32,4.3532214086101995,4.202735034214629,87.5,3,5.924050334243135,4.219987656139482,100.0,6,6.110325904270252,5.28507196390745,100.0
KR,30,1255,2.3738,7.2289,-12.0841,16.8317,43,7.255072994194598,5.224785894753853,81.3953488372093,4,9.584806715087264,9.620122943521862,100.0,14,5.072955450063413,3.7132819184067785,71.42857142857143,19,8.490102041988694,5.224785894753853,84.21052631578947,8,3.295788407125437,2.7324976948101973,62.5,0,,,,4,9.584806715087264,9.620122943521862,100.0,32,3.5847083317543342,3.2896218625378433,68.75,3,8.012941287322619,3.888013349146941,100.0,6,4.769265153423695,4.092902219894641,66.66666666666666
KR,60,1255,2.3738,7.2289,-12.0841,16.8317,43,9.979120662205439,9.644530441205967,79.06976744186046,4,8.582742959807845,7.786837573256136,75.0,14,9.219076013259954,8.414545605974531,85.71428571428571,19,10.30285106167042,9.920823254640334,73.68421052631578,8,2.5623117857873448,2.2629452966385113,50.0,0,,,,4,8.582742959807845,7.786837573256136,75.0,32,1.7771891871598915,3.13290013352884,62.5,3,14.867784311916045,14.1633656483062,100.0,6,3.321248709460382,5.086250380405685,66.66666666666666
KVUE,10,735,-1.6215,10.5789,-22.7793,19.5363,16,6.253191858859989,6.436656680572444,100.0,2,3.5908069584561044,3.5908069584561044,100.0,2,3.5908069584561044,3.5908069584561044,100.0,5,5.519045034699193,6.613027230631391,100.0,3,11.736043809701188,9.516897216282864,100.0,0,,,,2,3.5908069584561044,3.5908069584561044,100.0,15,4.556763213377932,3.597888582101673,100.0,0,,,,7,4.154827236430547,3.597888582101673,100.0
KVUE,20,735,-1.6215,10.5789,-22.7793,19.5363,16,6.719119427627598,7.638803134664981,81.25,2,16.106828070677867,16.106828070677867,100.0,2,16.106828070677867,16.106828070677867,100.0,5,0.48000703280616897,3.6988600869178483,60.0,3,10.51113262456884,7.538396277281224,100.0,0,,,,2,16.106828070677867,16.106828070677867,100.0,15,6.100882544285409,6.968778641227474,93.33333333333333,0,,,,7,3.446852988188045,2.256530606089432,85.71428571428571
KVUE,30,735,-1.6215,10.5789,-22.7793,19.5363,16,6.978324325264216,5.11352016791947,75.0,2,19.380998493847954,19.380998493847954,100.0,2,19.380998493847954,19.380998493847954,100.0,5,-0.46190836261559554,1.3152153027249875,60.0,3,12.120247398458895,12.65595883856864,100.0,0,,,,2,19.380998493847954,19.380998493847954,100.0,15,4.054021181863901,3.0518342977930586,80.0,0,,,,7,0.5153351088224861,1.9596538197704265,57.14285714285714
KVUE,60,735,-1.6215,10.5789,-22.7793,19.5363,16,3.658439371608609,-0.0209265059161218,50.0,2,18.604899467289364,18.604899467289364,100.0,2,18.604899467289364,18.604899467289364,100.0,5,-12.091479410227063,-7.016241813447738,0.0,3,-1.338373559110405,-1.8954377734787962,33.33333333333333,0,,,,2,18.604899467289364,18.604899467289364,100.0,15,2.8908434980125373,1.6269798597119807,60.0,0,,,,7,-5.81829586060504,-2.2573705697318593,14.285714285714285
L,10,1255,3.2615,4.8244,-6.3872,12.9102,44,4.791202972907088,4.975601391711116,100.0,7,5.561473870781069,5.711787967592731,100.0,15,5.552943206339339,5.711787967592731,100.0,38,4.8877925777925695,5.112747135860822,100.0,9,5.42533462055246,5.95871736687998,100.0,3,7.612352731553712,8.266464033440819,100.0,7,5.561473870781069,5.711787967592731,100.0,39,3.843142408097891,3.2674224799276534,100.0,0,,,,3,6.165789843956687,3.483351219146971,100.0
L,20,1255,3.2615,4.8244,-6.3872,12.9102,44,5.287165372833763,5.863042172463198,95.45454545454545,7,3.796496477817203,3.41664149934829,71.42857142857143,15,5.2843142115269774,6.1796911182952226,86.66666666666667,38,5.604581982547328,5.9030172831708985,97.36842105263158,9,5.1432386433600525,6.4713387590341025,88.88888888888889,3,5.578982403266875,6.736330701103967,66.66666666666666,7,3.796496477817203,3.41664149934829,71.42857142857143,39,2.2212205118464254,1.9075598150172968,69.23076923076923,0,,,,3,3.6232380602283887,1.9951250759107209,66.66666666666666
L,30,1255,3.2615,4.8244,-6.3872,12.9102,44,5.774869929675858,6.352266114612516,90.9090909090909,7,4.803323488711068,4.320268073452025,57.14285714285714,15,6.804135001029372,7.063445458938955,80.0,38,6.049760018717465,6.726398484246255,94.73684210526315,9,6.827290343598029,9.066286207496248,77.77777777777779,3,7.004242372525582,11.005805185904105,66.66666666666666,7,4.803323488711068,4.320268073452025,57.14285714285714,39,1.5040229124048219,1.3575931130057766,58.97435897435898,0,,,,3,1.4341935320154249,2.133240160722753,66.66666666666666
L,60,1255,3.2615,4.8244,-6.3872,12.9102,44,7.69424878972136,8.162571466100772,86.36363636363636,7,5.000061493117831,6.7534820922492464,71.42857142857143,15,8.351666903511443,10.52899748117857,86.66666666666667,38,8.133252841177304,8.293993087282587,89.47368421052632,9,6.141821326484269,7.257538987595683,77.77777777777779,3,6.489996266153565,10.52899748117857,66.66666666666666,7,5.000061493117831,6.7534820922492464,71.42857142857143,39,-0.5003938075568174,-2.5000247835405567,38.46153846153847,0,,,,3,0.6157491667284146,0.4640280360936347,66.66666666666666
LDOS,10,1255,2.1466,10.1502,-18.1539,22.447,34,5.572583687139255,4.09026706331548,100.0,2,5.637728137328318,5.637728137328318,100.0,10,6.742815875389648,6.181522503176177,100.0,22,5.567448403719089,4.09026706331548,100.0,7,6.63255624203225,5.7673652784038145,100.0,1,9.793401158228521,9.793401158228521,100.0,2,5.637728137328318,5.637728137328318,100.0,33,5.361966606557518,4.51693090149672,100.0,0,,,,5,6.853404874781636,4.9112238815213285,100.0
LDOS,20,1255,2.1466,10.1502,-18.1539,22.447,34,6.619610892188132,5.492623174705941,76.47058823529412,2,7.127782483480923,7.127782483480923,100.0,10,9.172728204358382,9.039673470780837,90.0,22,5.579471586949962,5.021191695068419,68.18181818181817,7,7.742893289870705,6.3727927679633325,85.71428571428571,1,5.846180877434624,5.846180877434624,100.0,2,7.127782483480923,7.127782483480923,100.0,33,4.645426126315194,3.257166978347831,81.81818181818183,0,,,,5,9.902384883791845,8.790086362322992,100.0
LDOS,30,1255,2.1466,10.1502,-18.1539,22.447,34,6.572669854398885,6.369398898348351,73.52941176470588,2,9.955875747845377,9.955875747845377,100.0,10,8.900447870003433,7.285245157306871,80.0,22,5.550679221700065,5.65545047227765,72.72727272727273,7,4.033304790226486,6.7233007402016955,57.14285714285714,1,5.30046487054491,5.30046487054491,100.0,2,9.955875747845377,9.955875747845377,100.0,33,4.15421656295189,3.840898877322854,75.75757575757575,0,,,,5,5.779731551473577,11.148613444298276,80.0
LDOS,60,1255,2.1466,10.1502,-18.1539,22.447,34,9.559175976963274,9.071180926438142,70.58823529411765,2,26.84178533234546,26.84178533234546,100.0,10,14.489456400585425,20.465740187165633,70.0,22,7.682948895693531,7.521665509711195,72.72727272727273,7,6.69725745211461,-0.9005679812532924,42.857142857142854,1,26.17231402984958,26.17231402984958,100.0,2,26.84178533234546,26.84178533234546,100.0,33,2.255518341079327,2.63647842418798,57.57575757575758,0,,,,5,-2.85749383157732,-1.9456872965843846,40.0
LEN,10,1255,-1.0115,13.8443,-28.7,26.677,36,8.020849195685189,6.401514320049429,100.0,5,8.12874544809741,6.213185196786722,100.0,8,8.611800809814268,6.246387913442017,100.0,21,8.074042496687468,6.442561790885465,100.0,11,9.60736160682297,8.457536607947947,100.0,0,,,,5,8.12874544809741,6.213185196786722,100.0,37,6.210825202884836,4.535172461933755,100.0,0,,,,11,8.149128630535325,8.57214157281305,100.0
LEN,20,1255,-1.0115,13.8443,-28.7,26.677,36,7.402030188066864,6.394948355685273,86.11111111111111,5,8.453561871612898,7.651351645461703,80.0,8,6.939912852316734,6.034645543526434,87.5,21,7.354531727133669,5.815901484671229,85.71428571428571,11,5.191689648721685,3.041192397217154,63.63636363636363,0,,,,5,8.453561871612898,7.651351645461703,80.0,37,5.304058772542257,4.438313903298126,67.56756756756756,0,,,,11,5.836035194062037,3.9314242338240915,72.72727272727273
LEN,30,1255,-1.0115,13.8443,-28.7,26.677,36,7.768216404832328,6.005808631014837,72.22222222222221,5,7.413240291260111,0.8835728354993936,80.0,8,5.695343298073361,0.5317941296477425,62.5,21,7.194334166401709,7.358623342077156,71.42857142857143,11,4.798879014387282,-0.5122442266723582,45.45454545454545,0,,,,5,7.413240291260111,0.8835728354993936,80.0,37,6.180481000074354,7.208959171500634,70.27027027027027,0,,,,11,8.836871369202767,11.559986295917481,72.72727272727273
LEN,60,1255,-1.0115,13.8443,-28.7,26.677,36,9.401040959596251,9.629470551353162,72.22222222222221,5,5.923830259447525,5.783177507942395,80.0,8,1.3674010149115756,4.706294060848805,62.5,21,9.00038590252448,8.419156866779142,71.42857142857143,11,5.542055523511473,7.647460545008672,54.54545454545454,0,,,,5,5.923830259447525,5.783177507942395,80.0,37,5.267500372838688,4.116097020547136,59.45945945945946,0,,,,11,3.259626767292713,4.116097020547136,54.54545454545454
LH,10,1255,0.7507,6.5365,-12.3222,13.8236,33,5.098374309789731,4.521336735107178,100.0,3,9.307030285928366,11.703402039625342,100.0,15,6.5275336407519955,6.194266486107545,100.0,19,4.571861892388907,4.521336735107178,100.0,8,5.742489906868064,5.267067806868055,100.0,0,,,,4,11.056232335745893,11.963169254582908,100.0,35,5.0917402719489315,3.9802705676704284,100.0,0,,,,9,7.122275533075028,4.158652984695803,100.0
LH,20,1255,0.7507,6.5365,-12.3222,13.8236,33,5.261759419599228,5.2466793966746765,75.75757575757575,3,8.101354792862745,12.395969327707688,66.66666666666666,15,5.979612068397598,5.081707301191435,73.33333333333333,19,3.5121117756009994,1.7050320580834766,68.42105263157895,8,5.140277798431173,4.57311263793459,75.0,0,,,,4,10.50302667957224,13.855850970483104,75.0,35,5.783926382535637,5.558489134518437,85.71428571428571,0,,,,9,7.649498558355489,8.496542473126855,88.88888888888889
LH,30,1255,0.7507,6.5365,-12.3222,13.8236,33,5.534254770570214,6.947113739443058,69.6969696969697,3,12.065345097939272,16.224008801720792,100.0,15,6.658909368531666,6.947113739443058,73.33333333333333,19,3.55523213150841,3.6271745424334734,63.1578947368421,8,3.9376869664988523,1.1842274345960522,50.0,0,,,,4,13.645920931047264,17.11789930210496,100.0,35,5.1743629156611375,6.2218716391472135,80.0,0,,,,9,5.174273019637554,6.817403936305714,66.66666666666666
LH,60,1255,0.7507,6.5365,-12.3222,13.8236,33,4.816668632211458,7.488951291249878,60.60606060606061,3,12.859933288360972,11.747880410492234,100.0,15,8.112621529820563,9.407635320589627,73.33333333333333,19,2.932461981178921,2.191126179169649,52.63157894736842,8,4.34598380093566,6.248014234647124,62.5,0,,,,4,13.855524877152188,14.295090027009035,100.0,35,4.262522578404869,4.512484195241539,71.42857142857143,0,,,,9,5.365873917015808,9.188399951449417,77.77777777777779
LHX,10,1255,1.837,8.2562,-14.6754,18.3494,32,4.977554727508334,4.6346212931896495,100.0,3,9.061315327687554,8.270933436650884,100.0,15,6.4970076135926735,5.935050539456113,100.0,20,3.837275911751423,2.9396820120560134,100.0,9,5.0590386071260305,5.589969745511443,100.0,0,,,,3,9.061315327687554,8.270933436650884,100.0,31,4.595487939413719,4.988577886618319,100.0,0,,,,10,4.838468131191449,5.156469406940426,100.0
LHX,20,1255,1.837,8.2562,-14.6754,18.3494,32,6.24124231684834,5.170835127576133,84.375,3,7.4324220181036535,10.047727324109514,100.0,15,8.447813700816475,9.045072111109405,86.66666666666667,20,4.8930765639245095,3.5693991255066804,85.0,9,3.768221509404164,2.7107492492760974,88.88888888888889,0,,,,3,7.4324220181036535,10.047727324109514,100.0,31,4.395620292352792,4.9574504647806155,77.41935483870968,0,,,,10,5.822085445625402,7.777710449303594,80.0
LHX,30,1255,1.837,8.2562,-14.6754,18.3494,32,6.432197588555463,5.455798105401632,78.125,3,6.453453896753591,9.45884019363512,66.66666666666666,15,8.049818740671295,8.141280358775992,80.0,20,5.702906608283267,4.827765554657082,80.0,9,6.5147174281723474,5.978548072887279,77.77777777777779,0,,,,3,6.453453896753591,9.45884019363512,66.66666666666666,31,3.0364943601913095,3.6299482026666525,61.29032258064516,0,,,,10,5.77670784829233,5.3490272686236695,70.0
LHX,60,1255,1.837,8.2562,-14.6754,18.3494,32,10.236857948207483,5.900694512632505,84.375,3,7.874674246896332,6.354840024051827,100.0,15,11.975342345398307,6.354840024051827,86.66666666666667,20,8.83421502763907,5.543251667938529,85.0,9,9.538913404592726,5.688643403553006,88.88888888888889,0,,,,3,7.874674246896332,6.354840024051827,100.0,31,-0.5763443668523501,-2.652329849331989,41.935483870967744,0,,,,10,0.7212371820513266,5.699383202776749,60.0
LII,10,1255,1.4112,11.2587,-21.1062,23.9286,37,7.4597807580569375,6.72273632448563,100.0,4,9.630527605222468,9.636341868472915,100.0,8,7.831470663638671,4.991222554451395,100.0,20,7.715846072804522,6.9362733264995455,100.0,7,9.25853137605767,10.257001429946582,100.0,0,,,,4,11.38103769090572,13.137362039839417,100.0,34,5.988512353951431,4.798042814102165,100.0,0,,,,10,6.000833559953838,4.499344626174901,100.0
LII,20,1255,1.4112,11.2587,-21.1062,23.9286,37,6.614476426017088,5.498710172011676,78.37837837837837,4,7.530922916581826,8.676062088780636,75.0,8,4.790426533746928,3.383339391445884,62.5,20,7.106038235183829,6.222460994684646,85.0,7,13.025300731333143,13.82209348629717,85.71428571428571,0,,,,4,9.223404828145222,12.06102591190743,75.0,34,4.138311578958817,3.3673104792394124,73.52941176470588,0,,,,10,2.4877087095103962,0.713947354078248,60.0
LII,30,1255,1.4112,11.2587,-21.1062,23.9286,37,9.250644985825618,8.945109042059928,83.78378378378379,4,15.129860075283444,12.106874300672999,100.0,8,8.073189567738966,6.361777545108984,75.0,20,9.981013487128243,10.476988513448555,95.0,7,13.961467178622243,18.64218793517011,85.71428571428571,0,,,,4,16.138636610734903,12.891294019350624,100.0,34,5.387481371560407,5.386211963884209,73.52941176470588,0,,,,10,5.71481140054347,2.084966905654163,80.0
LII,60,1255,1.4112,11.2587,-21.1062,23.9286,37,11.242296587530783,11.855463628644124,72.97297297297297,4,18.500962102037313,26.556176205770328,75.0,8,12.26102726029642,13.8967020634235,62.5,20,14.38898022484704,15.551508945745862,85.0,7,16.576709508468635,13.586848492117959,71.42857142857143,0,,,,4,27.368823777259983,26.556176205770328,100.0,34,2.9405100186360813,1.050900729003214,52.94117647058824,0,,,,10,6.359819616852532,4.216508186187676,80.0
LIN,10,1255,2.3311,5.8519,-9.3727,14.035,35,5.117086976402436,4.343331456631628,100.0,6,7.615371602365374,7.977820998813411,100.0,10,6.661919490289696,7.120831233880885,100.0,23,5.274760004309442,4.343331456631628,100.0,7,5.53101487548576,4.499251021863074,100.0,1,15.113693287896906,15.113693287896906,100.0,6,7.615371602365374,7.977820998813411,100.0,32,3.7651875267724666,3.017747183085982,100.0,2,2.5160751451730317,2.5160751451730317,100.0,1,4.630216061342208,4.630216061342208,100.0
LIN,20,1255,2.3311,5.8519,-9.3727,14.035,35,5.737310106047096,5.248833089432085,85.71428571428571,6,9.765865048717608,10.686931411727404,83.33333333333334,10,7.636725022330315,9.33412543151171,80.0,23,5.687366560225959,5.107934172985489,86.95652173913044,7,6.240868286302549,5.353381006743638,71.42857142857143,1,19.09285693659242,19.09285693659242,100.0,6,9.765865048717608,10.686931411727404,83.33333333333334,32,3.846278813721165,4.000767176108164,84.375,2,4.328584897428778,4.328584897428778,100.0,1,4.617455638931403,4.617455638931403,100.0
LIN,30,1255,2.3311,5.8519,-9.3727,14.035,35,6.341157060188328,5.012286541587212,82.85714285714286,6,12.732932049544209,13.156592010139166,100.0,10,8.230070190351043,10.325954387553352,80.0,23,5.67496067139919,4.839829072991559,78.26086956521739,7,6.585274916423855,7.43363798810333,85.71428571428571,1,17.873910815700626,17.873910815700626,100.0,6,12.732932049544209,13.156592010139166,100.0,32,3.061688505189755,3.3346297394037254,68.75,2,6.357515905045215,6.357515905045215,100.0,1,3.3039485869544105,3.3039485869544105,100.0
LIN,60,1255,2.3311,5.8519,-9.3727,14.035,35,8.272290888140317,8.287829188313824,85.71428571428571,6,15.766824509612162,15.972639640482615,100.0,10,13.568100587654012,13.752085707974352,100.0,23,7.214875274356508,8.287829188313824,86.95652173913044,7,8.97861471761033,11.081482412880083,85.71428571428571,1,18.41484261882016,18.41484261882016,100.0,6,15.766824509612162,15.972639640482615,100.0,32,1.4552739877999974,1.3247677308002612,56.25,2,5.8410694984159015,5.8410694984159015,100.0,1,-0.19933386381047416,-0.19933386381047416,0.0
LITE,10,1255,4.5548,23.3043,-42.0538,51.1633,33,13.912523464921012,12.925690509114446,100.0,3,15.049733051037554,15.867233711393174,100.0,11,15.131666741399824,12.392573491883166,100.0,18,13.695250020581785,13.048969966327753,100.0,8,13.63207466598943,11.817351843901935,100.0,2,14.640982720859743,14.640982720859743,100.0,2,14.640982720859743,14.640982720859743,100.0,30,9.509597781817801,8.819194098614616,100.0,0,,,,10,9.626616633169377,5.759031274492241,100.0
LITE,20,1255,4.5548,23.3043,-42.0538,51.1633,33,13.419908188895619,10.545232290019106,78.78787878787878,3,13.51038726522807,22.040071692529686,66.66666666666666,11,12.312631787878416,14.150939652947429,72.72727272727273,18,15.742103678249387,12.348085971483268,83.33333333333334,8,8.73315800246736,3.478100103694457,62.5,2,9.245545051577263,9.245545051577263,50.0,2,9.245545051577263,9.245545051577263,50.0,30,7.254980900502241,9.131431621158367,70.0,0,,,,10,6.72373498797924,10.92507171575326,70.0
LITE,30,1255,4.5548,23.3043,-42.0538,51.1633,33,18.684737637217623,18.54553288763887,75.75757575757575,3,22.430249597006522,20.218582694430086,66.66666666666666,11,20.256944304729117,20.218582694430086,81.81818181818183,18,20.947377903727947,17.942864781241354,77.77777777777779,8,8.282792085041326,0.7614898015092451,50.0,2,23.536083048294742,23.536083048294742,50.0,2,23.536083048294742,23.536083048294742,50.0,30,4.527801039370801,9.302310352513445,63.33333333333333,0,,,,10,10.264565656532064,15.63511453981424,80.0
LITE,60,1255,4.5548,23.3043,-42.0538,51.1633,33,28.697467297237772,19.185216105936906,75.75757575757575,3,42.44548568796983,39.83626370435478,100.0,11,28.514679645333377,20.42439770325552,90.9090909090909,18,41.40624111830809,30.355013474210388,77.77777777777779,8,30.02923309604572,13.273422216731621,75.0,2,61.9681675014306,61.9681675014306,100.0,2,61.9681675014306,61.9681675014306,100.0,30,-0.5465444604230247,5.600244824221121,56.666666666666664,0,,,,10,9.055034614205596,7.0405343088690095,60.0
LLY,10,1255,6.4937,9.3733,-12.253,25.2404,35,8.67179326582959,6.5834049028914094,100.0,4,11.480929262503803,11.758297792777032,100.0,14,10.37055409387662,10.039661045555484,100.0,24,8.954895769102366,7.042455145383517,100.0,8,7.530200888554787,7.114271150436268,100.0,0,,,,4,11.480929262503803,11.758297792777032,100.0,33,6.659773851408601,4.222893307596945,100.0,2,9.351312468137348,9.351312468137348,100.0,2,15.431707837285062,15.431707837285062,100.0
LLY,20,1255,6.4937,9.3733,-12.253,25.2404,35,8.916816388824648,8.14488944861565,85.71428571428571,4,13.18242484570112,13.66899679219539,100.0,14,10.605572760744565,11.58920458999205,85.71428571428571,24,8.311653481241144,7.594878929441798,87.5,8,8.372696304141389,8.045016342171875,100.0,0,,,,4,13.18242484570112,13.66899679219539,100.0,33,4.0585350407062935,4.808840460942931,81.81818181818183,2,3.152539399288174,3.152539399288174,100.0,2,9.002066916573105,9.002066916573105,100.0
LLY,30,1255,6.4937,9.3733,-12.253,25.2404,35,11.988058439009201,10.339921125664716,85.71428571428571,4,15.98491333104688,15.594597152560844,100.0,14,15.576628314563491,18.45634520949665,92.85714285714286,24,10.339485485421447,9.30177844000271,79.16666666666666,8,10.64418402185057,11.611518308444062,87.5,0,,,,4,15.98491333104688,15.594597152560844,100.0,33,2.1796706573629874,3.3269544595581757,69.6969696969697,2,2.662450618009614,2.662450618009614,100.0,2,9.727544589227955,9.727544589227955,100.0
LLY,60,1255,6.4937,9.3733,-12.253,25.2404,35,15.186889279983276,15.924067649653962,85.71428571428571,4,16.31591136470849,11.297383937047183,75.0,14,19.33926483075075,19.36609000159269,92.85714285714286,24,12.678190896597357,12.12858509117481,83.33333333333334,8,16.508564862340975,20.022038220657592,75.0,0,,,,4,16.31591136470849,11.297383937047183,75.0,33,-1.6746930181433373,0.870876700056869,54.54545454545454,2,3.7230499457574657,3.7230499457574657,100.0,2,-5.994401175874947,-5.994401175874947,50.0
LMT,10,1255,2.6761,8.9463,-15.2166,20.5688,33,5.113139330138727,4.3087732676501,100.0,2,7.381793653233139,7.381793653233139,100.0,12,5.752336477967455,5.030529564166512,100.0,16,5.32204414826162,4.5175466293344,100.0,8,5.011938724005013,4.7249290459723,100.0,0,,,,2,7.381793653233139,7.381793653233139,100.0,33,5.08191535679842,5.021603749912343,100.0,1,5.609795898641071,5.609795898641071,100.0,10,5.510498435438324,5.498203399410702,100.0
LMT,20,1255,2.6761,8.9463,-15.2166,20.5688,33,6.051474179063104,5.10229484757418,81.81818181818183,2,3.9920998642444894,3.9920998642444894,50.0,12,8.089613575755275,8.169840693283554,83.33333333333334,16,6.202722867972994,6.186386159496572,87.5,8,3.5453446004023155,3.95458937131038,62.5,0,,,,2,3.9920998642444894,3.9920998642444894,50.0,33,4.204360510873894,3.7684355071280105,78.78787878787878,1,4.749547567169098,4.749547567169098,100.0,10,4.072325309776811,2.708426283436696,70.0
LMT,30,1255,2.6761,8.9463,-15.2166,20.5688,33,6.200636545690811,6.007677366827671,75.75757575757575,2,0.6639500145816237,0.6639500145816237,50.0,12,7.6605036151869,8.27517658421985,83.33333333333334,16,7.399647588250225,5.0353714971801775,75.0,8,6.034885754354668,7.798939992511423,87.5,0,,,,2,0.6639500145816237,0.6639500145816237,50.0,33,4.072865980167863,3.888075761548638,78.78787878787878,1,1.3407689727736753,1.3407689727736753,100.0,10,2.9390347403959236,3.661070490883378,80.0
LMT,60,1255,2.6761,8.9463,-15.2166,20.5688,33,9.826174625909783,4.762793821474804,72.72727272727273,2,1.6457148004745479,1.6457148004745479,50.0,12,12.281557986849728,8.778827543276556,91.66666666666666,16,12.505659619977582,8.46056566908439,75.0,8,7.474424823291967,5.8033998411228644,87.5,0,,,,2,1.6457148004745479,1.6457148004745479,50.0,33,1.9404958572348066,3.946106025544053,72.72727272727273,1,5.170631810511582,5.170631810511582,100.0,10,1.723347274352005,2.1762135528325732,70.0
LNT,10,1255,1.2919,5.1405,-8.989,11.5729,35,4.6910080119582505,4.5761746471514355,100.0,3,6.60318976099481,5.789953146313978,100.0,14,6.013691117581425,5.728611534861374,100.0,17,4.242836000028267,3.5139367321367083,100.0,8,5.806172189735126,5.842374145216752,100.0,0,,,,3,6.60318976099481,5.789953146313978,100.0,38,4.14022149879473,3.762517357110321,100.0,1,4.832237861876944,4.832237861876944,100.0,7,4.17988414569748,2.958367707066855,100.0
LNT,20,1255,1.2919,5.1405,-8.989,11.5729,35,4.528133782195804,4.420093707372042,82.85714285714286,3,7.390512049101592,5.824016896466267,100.0,14,5.648427609981638,6.199980866643626,85.71428571428571,17,4.840510672349478,4.901125092345101,82.35294117647058,8,5.008499604351835,5.4980192720965135,87.5,0,,,,3,7.390512049101592,5.824016896466267,100.0,38,3.643976198898822,2.838385382103054,84.21052631578947,1,2.663442847911684,2.663442847911684,100.0,7,3.940755683841689,4.368349206551403,100.0
LNT,30,1255,1.2919,5.1405,-8.989,11.5729,35,5.9410086989789335,5.397452368504245,85.71428571428571,3,11.072825944415078,11.847340015420185,100.0,14,7.2533895929438,6.7209114355066255,85.71428571428571,17,6.022305850407577,5.397452368504245,88.23529411764706,8,7.336999225855092,6.003018246052409,100.0,0,,,,3,11.072825944415078,11.847340015420185,100.0,38,2.989038669779907,2.7384788952122254,63.1578947368421,1,-2.920366615966683,-2.920366615966683,0.0,7,3.116359393900086,2.9035935533977764,71.42857142857143
LNT,60,1255,1.2919,5.1405,-8.989,11.5729,35,6.9526835502522895,6.394436521259393,85.71428571428571,3,13.745324623922182,13.926433782100705,100.0,14,6.466018257177988,6.229571999539513,92.85714285714286,17,6.884134165797476,6.780034562159915,82.35294117647058,8,8.682414004354204,9.01428955231726,100.0,0,,,,3,13.745324623922182,13.926433782100705,100.0,38,1.6745610912277231,0.5427505821440646,60.526315789473685,1,6.4669250581053035,6.4669250581053035,100.0,7,1.8026550107691504,0.6127103815118395,71.42857142857143
LOW,10,1255,0.5833,8.8591,-17.1348,18.3015,35,5.165561763354052,5.01703475847651,100.0,4,4.859344962483132,4.694995480242923,100.0,11,5.919404655563299,5.04194963876809,100.0,19,5.134946868083206,5.01703475847651,100.0,11,5.664586906697011,5.018125768683049,100.0,0,,,,4,4.859344962483132,4.694995480242923,100.0,33,5.315725748621994,4.4631444038820085,100.0,1,8.30649746398229,8.30649746398229,100.0,7,4.64454503637008,3.076378517074874,100.0
LOW,20,1255,0.5833,8.8591,-17.1348,18.3015,35,4.836771660409714,4.514341302079122,71.42857142857143,4,4.145986902439091,7.201869044606199,75.0,11,4.268330298145735,3.951050088689577,63.63636363636363,19,4.43231588734912,2.6990296220238266,73.68421052631578,11,4.673249862997185,2.6990296220238266,63.63636363636363,0,,,,4,4.145986902439091,7.201869044606199,75.0,33,4.733700408659844,5.36571762742307,78.78787878787878,1,11.78541734982457,11.78541734982457,100.0,7,4.610074800378823,5.009680976030281,85.71428571428571
LOW,30,1255,0.5833,8.8591,-17.1348,18.3015,35,5.479409173996222,6.166913086923284,71.42857142857143,4,7.643811830266028,10.17362593028891,75.0,11,4.7542670420538515,7.956215096226211,63.63636363636363,19,3.501307273104273,0.8358070342718422,63.1578947368421,11,4.3278775564017,6.166913086923284,72.72727272727273,0,,,,4,7.643811830266028,10.17362593028891,75.0,33,3.4356151710652068,3.1949799343613696,72.72727272727273,1,10.636163311173265,10.636163311173265,100.0,7,0.3419189566159143,3.1949799343613696,71.42857142857143
LOW,60,1255,0.5833,8.8591,-17.1348,18.3015,35,7.437008392958509,6.9395345184545025,71.42857142857143,4,12.553934651020178,13.6459511341666,100.0,11,12.479301123291213,13.819175910401238,81.81818181818183,19,3.817823410880234,0.5675823363429261,52.63157894736842,11,6.141811080774087,3.9808804480871207,54.54545454545454,0,,,,4,12.553934651020178,13.6459511341666,100.0,33,2.7340066561112835,4.0690519070981415,57.57575757575758,1,12.69961547181884,12.69961547181884,100.0,7,-4.178874155320732,-8.516764981921868,28.57142857142857
LRCX,10,1255,4.3408,15.7515,-27.1623,35.8439,37,10.005813283540117,8.084532362882557,100.0,8,12.991993492893148,11.712393323933986,100.0,14,9.7652586449672,7.725358145489872,100.0,25,9.714603745305427,7.878346033902981,100.0,7,9.582810258953819,7.125877468686524,100.0,2,10.65759178542637,10.65759178542637,100.0,8,12.991993492893148,11.712393323933986,100.0,34,7.554257820078027,6.561533474695385,100.0,0,,,,6,10.200990238653352,10.961348429133029,100.0
LRCX,20,1255,4.3408,15.7515,-27.1623,35.8439,37,11.62483002777317,8.521213163879489,83.78378378378379,8,19.02262020970482,14.067094539840909,100.0,14,12.36758502021386,9.456067991177518,85.71428571428571,25,8.899047540752111,6.4742409154572345,80.0,7,8.874999481218135,6.782360408450408,85.71428571428571,2,4.803089685463706,4.803089685463706,100.0,8,19.02262020970482,14.067094539840909,100.0,34,6.119939807401965,7.504255498170837,76.47058823529412,0,,,,6,7.382762979584932,10.408186033032997,83.33333333333334
LRCX,30,1255,4.3408,15.7515,-27.1623,35.8439,37,14.42182101901453,8.70373050673267,83.78378378378379,8,16.18395327064617,11.10764915634403,75.0,14,12.02323180432256,7.667492463691009,78.57142857142857,25,12.342056756251223,7.550798830707081,80.0,7,8.122977766068471,5.818490254713968,85.71428571428571,2,7.105966415563703,7.105966415563703,50.0,8,16.18395327064617,11.10764915634403,75.0,34,6.377976869522896,6.664924875673433,70.58823529411765,0,,,,6,8.738563287086816,12.765918536502118,66.66666666666666
LRCX,60,1255,4.3408,15.7515,-27.1623,35.8439,37,21.153455589498506,19.342605864155765,83.78378378378379,8,17.587376004731976,8.424386747022211,62.5,14,15.401031930207084,10.063337672590864,71.42857142857143,25,19.29715175850601,15.744274109418239,84.0,7,16.485769561781577,23.527653558890286,71.42857142857143,2,0.08596451191521037,0.08596451191521037,50.0,8,17.587376004731976,8.424386747022211,62.5,34,0.44341637191078953,1.3033987071891078,50.0,0,,,,6,3.2284209639373036,5.827378739273434,50.0
LULU,10,1255,-5.7047,17.742,-41.1888,29.7794,34,7.920232565011327,7.89543799909611,100.0,5,8.992794912881104,8.58184927616509,100.0,13,8.735139175538645,8.58184927616509,100.0,13,8.037348015322388,8.303177818710996,100.0,8,6.602934854842257,7.834801511472323,100.0,0,,,,4,9.399387340042967,9.42947734852919,100.0,36,8.77127346678778,6.567384886106175,100.0,1,5.261992109714607,5.261992109714607,100.0,14,8.142627403591643,7.3980811706960825,100.0
LULU,20,1255,-5.7047,17.742,-41.1888,29.7794,34,6.265312930727437,4.960235182032013,76.47058823529412,5,3.760352768931637,4.778882606487969,80.0,13,6.51105640308215,4.778882606487969,84.61538461538461,13,4.581685544137256,2.9240643425822896,61.53846153846154,8,4.056478756410193,6.3072172561928745,75.0,0,,,,4,1.8653371929566536,4.008407866934703,75.0,36,7.826607275603923,7.003626831876152,80.55555555555556,1,2.932383425138375,2.932383425138375,100.0,14,8.258027230554562,8.261765594634207,85.71428571428571
LULU,30,1255,-5.7047,17.742,-41.1888,29.7794,34,7.931623693457055,6.44382747907922,64.70588235294117,5,9.123203373460694,11.446802783939281,60.0,13,9.460202420894088,11.881908722369745,61.53846153846154,13,5.603867892578771,4.004955231212988,69.23076923076923,8,1.6277483211244017,-1.9131172781990156,50.0,0,,,,4,4.341486873441372,4.698847997732765,50.0,36,6.890004546630581,5.5452340325514005,69.44444444444444,1,1.1759207651235182,1.1759207651235182,100.0,14,6.51751573209092,9.131066904644603,64.28571428571429
LULU,60,1255,-5.7047,17.742,-41.1888,29.7794,34,5.173039321814267,9.089831152096043,58.82352941176471,5,3.288013186616195,-4.054760817973645,40.0,13,4.546571865594997,6.406444269439289,53.84615384615385,13,-2.5599071989059214,-4.108489484263508,46.15384615384615,8,-1.8086841914230334,-8.832254980249322,37.5,0,,,,4,5.123706687763654,1.8612477844196125,50.0,36,7.312927800675776,3.422301491338404,52.77777777777778,1,17.544904279268668,17.544904279268668,100.0,14,3.070517377287037,-1.818687373547804,42.857142857142854
LUV,10,1255,-1.678,12.3799,-26.4377,23.0818,34,9.582456624957452,8.3229978259079,100.0,5,11.571153964563038,9.31174470742816,100.0,12,10.842869872520643,10.398723056964444,100.0,10,7.354339070078007,7.650952899425056,100.0,6,7.253980416570433,7.9494901049558155,100.0,0,,,,5,11.571153964563038,9.31174470742816,100.0,35,7.158511356798952,5.816786365689421,100.0,1,5.592999585644452,5.592999585644452,100.0,15,7.280244964709576,6.024062434171007,100.0
LUV,20,1255,-1.678,12.3799,-26.4377,23.0818,34,9.773179676210157,9.043341488745579,88.23529411764706,5,19.244202990839334,15.0247445211474,100.0,12,16.466591128850098,14.616421770210795,100.0,10,6.657731704160327,3.7605693203025528,90.0,6,7.227846466615141,4.477019543440134,100.0,0,,,,5,19.244202990839334,15.0247445211474,100.0,35,5.806116224926928,6.383999462296673,74.28571428571429,1,-19.856244871650894,-19.856244871650894,0.0,15,5.029121370887212,6.168651760101184,73.33333333333333
LUV,30,1255,-1.678,12.3799,-26.4377,23.0818,34,11.322747639708034,10.620511614460277,73.52941176470588,5,26.90264064199915,31.129119762213286,100.0,12,20.094034435779278,22.55931391305264,100.0,10,9.832473109258128,10.620511614460277,70.0,6,13.596190019102457,13.023006818311153,83.33333333333334,0,,,,5,26.90264064199915,31.129119762213286,100.0,35,6.1960233810233944,8.071664363077572,74.28571428571429,1,-13.746621797511372,-13.746621797511372,0.0,15,7.210699052889455,9.38402736710439,86.66666666666667
LUV,60,1255,-1.678,12.3799,-26.4377,23.0818,34,13.86285546044543,9.370443474872971,82.35294117647058,5,28.63564693004914,36.640655345691314,100.0,12,21.025412913540723,17.846333871998645,100.0,10,14.519223854713385,10.632853487536366,100.0,6,15.254965227183263,4.06212653676583,100.0,0,,,,5,28.63564693004914,36.640655345691314,100.0,35,5.011061099992431,7.223117266837987,68.57142857142857,1,8.862277767953149,8.862277767953149,100.0,15,7.6930668699588205,7.602014060593978,80.0
LVS,10,1255,0.09,14.0473,-28.0047,28.1847,32,10.198489980989317,8.187647800368154,100.0,3,10.213428472117087,11.986974807450062,100.0,14,10.141776525814507,8.947011979610085,100.0,14,9.189814992541928,5.931676883577898,100.0,9,13.35079480319345,14.67889795868366,100.0,0,,,,4,10.854516254235266,12.382377204019932,100.0,33,6.79104399805292,6.3621500318381194,100.0,1,2.4406777815101797,2.4406777815101797,100.0,12,5.573912300579896,4.348687469631987,100.0
LVS,20,1255,0.09,14.0473,-28.0047,28.1847,32,11.27396282820455,9.677225942095012,81.25,3,18.051325690117853,13.234064646063889,100.0,14,14.024072227546744,11.018356731063747,100.0,14,7.127213124004518,5.514242316247269,57.14285714285714,9,12.042702834277872,8.322355633320093,88.88888888888889,0,,,,4,15.687187716030115,12.191017951705522,100.0,33,6.678001938964645,6.775321215365074,81.81818181818183,1,0.728825794278398,0.728825794278398,100.0,12,5.176095828280035,4.114939096439939,75.0
LVS,30,1255,0.09,14.0473,-28.0047,28.1847,32,12.762999190674343,9.992030325749248,84.375,3,18.858822958478292,14.357963301549345,100.0,14,14.895080761450535,11.33555281197404,85.71428571428571,14,11.506501090708246,8.26094042059217,78.57142857142857,9,12.575079805614948,7.2542019984051995,77.77777777777779,0,,,,4,20.9823549737726,20.855457160602437,100.0,33,5.5524472293221985,7.135618900899235,72.72727272727273,1,9.98306124803581,9.98306124803581,100.0,12,2.0349869785570482,3.480442909523675,58.333333333333336
LVS,60,1255,0.09,14.0473,-28.0047,28.1847,32,14.037410842816588,14.403709466441299,75.0,3,27.367445684602824,22.428668355153615,100.0,14,21.585508590093333,19.650908338453355,92.85714285714286,14,8.366535687675476,2.1334766763324824,57.14285714285714,9,12.77674027732591,10.111083662135028,55.55555555555556,0,,,,4,26.285389552129764,22.733944754932104,100.0,33,4.659315600945474,9.759732230906078,63.63636363636363,1,-5.457613470408916,-5.457613470408916,0.0,12,-4.79492436132932,-3.4583571608977666,41.66666666666667
LYB,10,1255,-1.7177,11.4844,-24.6866,21.2512,38,5.857856324579271,5.247133562434771,100.0,5,8.042778524588439,8.547809763515927,100.0,12,7.2795629948622915,6.782416686230151,100.0,12,5.318471085506261,4.404374838457351,100.0,6,2.583347271520396,2.4347432132234754,100.0,0,,,,6,7.696898172708566,7.257653088412567,100.0,35,5.531856343911215,4.663013914222106,100.0,0,,,,12,5.522331186547845,5.016672459050392,100.0
LYB,20,1255,-1.7177,11.4844,-24.6866,21.2512,38,6.115555733588868,4.739541265182185,86.8421052631579,5,7.9921652777231245,5.231605897929574,100.0,12,6.731540048244029,5.726019082612834,91.66666666666666,12,5.065039219641021,3.0416212174018473,91.66666666666666,6,3.5462468833610923,3.616660202695153,100.0,0,,,,6,5.958735995207238,4.851387638176691,83.33333333333334,35,5.388299573685967,3.8402211209846273,85.71428571428571,0,,,,12,6.896752608162608,6.267268851713503,100.0
LYB,30,1255,-1.7177,11.4844,-24.6866,21.2512,38,6.696861888225636,6.895896677191333,81.57894736842105,5,8.171558033351637,6.686402136660348,100.0,12,8.256728597026038,6.895896677191333,91.66666666666666,12,4.530430998448075,4.8591617660131945,75.0,6,2.572895413608819,4.20820343472451,83.33333333333334,0,,,,6,6.768809620769113,6.4617426781957485,83.33333333333334,35,6.607824516215068,4.674523375092457,85.71428571428571,0,,,,12,5.28208767001814,4.329490478815988,75.0
LYB,60,1255,-1.7177,11.4844,-24.6866,21.2512,38,7.490982535884005,7.020203524222729,65.78947368421053,5,11.368066241543072,13.373678140210693,60.0,12,7.320378897417413,0.4527248653836605,50.0,12,3.981144168448916,3.8423273087836294,66.66666666666666,6,0.4525555183829903,1.3349885767048644,66.66666666666666,0,,,,6,9.952878748244578,8.125309710981398,66.66666666666666,35,5.56216716373383,6.746118520758185,62.857142857142854,0,,,,12,2.165701268839529,-4.158750955957859,41.66666666666667
LYV,10,1255,1.9384,11.6928,-21.4473,25.324,32,9.126412989302946,9.114913444825355,100.0,6,8.602711709662243,9.535918033484997,100.0,13,9.6341046817284,10.495750759150765,100.0,17,8.477671963748074,9.042106351781417,100.0,8,10.138668236751805,10.116243497232132,100.0,0,,,,6,8.602711709662243,9.535918033484997,100.0,30,7.3960024132991835,6.879742275921915,100.0,1,9.095316525576271,9.095316525576271,100.0,6,8.35609594519053,7.959010701879567,100.0
LYV,20,1255,1.9384,11.6928,-21.4473,25.324,32,10.370234075264035,11.621788921129129,90.625,6,9.867324575651384,9.12550972351143,100.0,13,10.956257423362494,11.636362447367086,100.0,17,10.117967340479488,11.636362447367086,88.23529411764706,8,10.627239871022752,11.636558280108336,87.5,0,,,,6,9.867324575651384,9.12550972351143,100.0,30,6.55914585799887,6.873730143915473,80.0,1,13.481423287549152,13.481423287549152,100.0,6,7.299276001313225,5.392929531319227,83.33333333333334
LYV,30,1255,1.9384,11.6928,-21.4473,25.324,32,11.463759288864257,12.939517647270563,90.625,6,9.972630400333022,11.80055057680595,83.33333333333334,13,12.07593660955258,14.65583682280888,84.61538461538461,17,10.362948379678679,12.775143946631227,94.11764705882352,8,13.08623942381931,14.022166558171133,100.0,0,,,,6,9.972630400333022,11.80055057680595,83.33333333333334,30,5.983910458360515,7.599161016642412,66.66666666666666,1,13.675282623456583,13.675282623456583,100.0,6,6.716197822021268,9.255093503844167,66.66666666666666
LYV,60,1255,1.9384,11.6928,-21.4473,25.324,32,13.95869806790768,12.979879315766505,78.125,6,9.850815237614137,12.979879315766505,66.66666666666666,13,15.677586609777268,16.597401012073863,69.23076923076923,17,9.419526727785303,7.9102724948915935,82.35294117647058,8,16.5462354990352,17.900559579185305,87.5,0,,,,6,9.850815237614137,12.979879315766505,66.66666666666666,30,4.950899040954521,6.055178490230679,63.33333333333333,1,11.59128089642793,11.59128089642793,100.0,6,4.82329664167434,6.251967619166204,66.66666666666666
MA,10,1255,1.9306,6.1546,-10.3786,14.2399,31,5.482008224842339,4.07019933821757,100.0,7,10.195747506535048,10.612319266757538,100.0,12,8.303550937357684,8.620464156434078,100.0,22,4.726946585368052,3.5863405913280344,100.0,7,7.713510934928047,8.322360835280511,100.0,2,12.794431853798201,12.794431853798201,100.0,7,10.195747506535048,10.612319266757538,100.0,36,5.336307177776646,3.905942449178153,100.0,1,3.148623277622527,3.148623277622527,100.0,2,13.712780221633956,13.712780221633956,100.0
MA,20,1255,1.9306,6.1546,-10.3786,14.2399,31,6.112064389364027,6.6330138337702325,83.87096774193549,7,9.929058795129675,11.383990199971038,85.71428571428571,12,9.459750168336344,8.5196855454471,91.66666666666666,22,4.28000206055724,5.596835548523823,77.27272727272727,7,10.645490540996008,12.051436938908736,100.0,2,5.5521632446737765,5.5521632446737765,50.0,7,9.929058795129675,11.383990199971038,85.71428571428571,36,3.694853787684094,3.4071985740053785,80.55555555555556,1,7.0242624448775075,7.0242624448775075,100.0,2,12.24040163265489,12.24040163265489,100.0
MA,30,1255,1.9306,6.1546,-10.3786,14.2399,31,7.067616622439685,5.979183099391242,87.09677419354838,7,14.377435789323354,16.44350672590658,100.0,12,10.636553526703226,12.263437029927271,83.33333333333334,22,5.098092573249716,5.561274043275143,86.36363636363636,7,11.41923002643072,11.762157466072171,100.0,2,13.123142069821805,13.123142069821805,100.0,7,14.377435789323354,16.44350672590658,100.0,36,3.5965819308933056,2.8415843777442253,58.333333333333336,1,7.30931391587131,7.30931391587131,100.0,2,7.051880635735991,7.051880635735991,100.0
MA,60,1255,1.9306,6.1546,-10.3786,14.2399,31,8.439629025246653,7.908885158150721,83.87096774193549,7,15.926654166108834,16.601332146768762,100.0,12,12.526813422906029,15.432761754284272,83.33333333333334,22,6.3079765020154035,7.274941869372363,77.27272727272727,7,11.36864306248324,14.26419136179978,85.71428571428571,2,17.2815677067063,17.2815677067063,100.0,7,15.926654166108834,16.601332146768762,100.0,36,1.7618341171462477,0.3408395473566451,58.333333333333336,1,1.7158733456739996,1.7158733456739996,100.0,2,3.827958550714362,3.827958550714362,50.0
MAA,10,1255,-1.565,7.6185,-16.8021,13.6721,34,5.20783043132749,4.671427235932912,100.0,5,6.361681232297345,7.266453456071499,100.0,10,5.82038424035151,5.894789186233936,100.0,17,5.899078432347905,5.300754304003413,100.0,4,5.524485735664514,5.349414154296176,100.0,1,10.02530182458798,10.02530182458798,100.0,5,6.361681232297345,7.266453456071499,100.0,35,4.861358909733055,4.146489699209962,100.0,1,4.650454100013162,4.650454100013162,100.0,9,6.55440698372064,5.497281166256155,100.0
MAA,20,1255,-1.565,7.6185,-16.8021,13.6721,34,5.852694470597675,6.946385355540789,85.29411764705883,5,2.045659469397882,4.057273427738097,60.0,10,3.6065158867859872,4.7858462743885735,70.0,17,8.002183740784192,8.724996140134659,100.0,4,6.940094349985898,6.976067701754552,100.0,1,12.603645014654461,12.603645014654461,100.0,5,2.045659469397882,4.057273427738097,60.0,35,4.306806848312443,2.6482225871211496,77.14285714285715,1,7.9027811050203765,7.9027811050203765,100.0,9,3.1837850470669142,4.94445651044156,77.77777777777779
MAA,30,1255,-1.565,7.6185,-16.8021,13.6721,34,5.7169858127079305,6.164186513808422,82.35294117647058,5,7.275922912365621,8.612023337186898,80.0,10,5.249840704824733,6.598586809143573,80.0,17,7.331965845958702,7.65532919410208,94.11764705882352,4,5.818083409642375,6.292638552239591,75.0,1,11.093160478532873,11.093160478532873,100.0,5,7.275922912365621,8.612023337186898,80.0,35,5.11133474678453,5.072429916027141,80.0,1,6.824345329364869,6.824345329364869,100.0,9,3.861176020096531,5.150471009693672,88.88888888888889
MAA,60,1255,-1.565,7.6185,-16.8021,13.6721,34,3.916083066977632,3.7393010641420577,64.70588235294117,5,10.673706690310047,9.795573538260905,100.0,10,5.329044502422608,9.076209160377061,70.0,17,5.360666866536285,4.158528779581229,70.58823529411765,4,2.0371524231386156,2.7721765700548935,75.0,1,12.828452209561735,12.828452209561735,100.0,5,10.673706690310047,9.795573538260905,100.0,35,5.3788527360828455,7.140327500215163,71.42857142857143,1,3.9343806167007758,3.9343806167007758,100.0,9,4.768756336062099,3.6262734243644603,66.66666666666666
MAR,10,1255,3.7406,8.089,-12.4374,19.9185,32,6.790815515070454,6.532136768157454,100.0,5,5.079555821778813,3.5623197247240017,100.0,10,7.371980901301751,6.989375507520272,100.0,18,7.2994793105935605,6.532136768157454,100.0,10,7.25280973925801,6.743961025178745,100.0,0,,,,6,6.476803685837733,5.197540759366731,100.0,32,5.023316185192536,3.7188169309917454,100.0,0,,,,4,6.7444875464765115,3.8237879994735287,100.0
MAR,20,1255,3.7406,8.089,-12.4374,19.9185,32,7.053855763197952,8.641930126660558,78.125,5,10.371999352894836,13.414995692123274,80.0,10,7.864596751933751,11.445356948587062,70.0,18,7.09622098464913,6.159550695562469,83.33333333333334,10,5.854552686339796,7.277485326702589,60.0,0,,,,6,6.505405560662955,11.445356948587062,66.66666666666666,32,5.246015108160912,3.2549978944332834,78.125,0,,,,4,7.168591834279222,5.881423930029157,100.0
MAR,30,1255,3.7406,8.089,-12.4374,19.9185,32,8.153157318198387,7.816447959926528,75.0,5,12.34405244364791,11.79599166294086,80.0,10,10.40315063798111,10.350361710129286,70.0,18,8.41026955597766,7.816447959926528,77.77777777777779,10,9.718412033369951,10.094950011137026,80.0,0,,,,6,8.666343286874957,10.350361710129286,66.66666666666666,32,3.3573270569999885,4.4503480806194355,71.875,0,,,,4,1.886127643203602,3.099035856536781,75.0
MAR,60,1255,3.7406,8.089,-12.4374,19.9185,32,10.92722201734583,12.600379725495214,87.5,5,19.79001334871409,18.476218677217247,100.0,10,13.669896198354857,11.525601393837327,90.0,18,8.468679830505602,13.184161597489545,77.77777777777779,10,13.73864463277813,13.893596187562538,90.0,0,,,,6,17.477852447190298,15.417305003503941,100.0,32,0.7092886140407528,3.0271215942309757,56.25,0,,,,4,-0.6060479460240362,3.3595506071464705,75.0
MAS,10,1255,0.1746,9.9993,-19.824,20.1733,33,7.287442763053129,7.3464818360541875,100.0,4,7.825179590528221,7.616509102594474,100.0,16,7.76006259881708,7.616509102594474,100.0,10,6.096186863066672,5.745295813922839,100.0,9,7.908801413458761,7.6064049465625825,100.0,1,7.6064049465625825,7.6064049465625825,100.0,4,7.825179590528221,7.616509102594474,100.0,33,5.652759310778762,5.034830902890536,100.0,1,5.136107856936738,5.136107856936738,100.0,16,6.058183020662021,5.54696310985298,100.0
MAS,20,1255,0.1746,9.9993,-19.824,20.1733,33,6.786899185591803,7.463778063946067,75.75757575757575,4,8.700856152996638,7.672266086135855,100.0,16,9.261777226799975,9.703241260481832,93.75,10,2.8119618976845886,0.6853575099136261,60.0,9,4.638251249601877,1.3129416259212636,66.66666666666666,1,0.05777339390598856,0.05777339390598856,100.0,4,8.700856152996638,7.672266086135855,100.0,33,5.235779843624226,6.657920858028864,75.75757575757575,1,0.8988247051015021,0.8988247051015021,100.0,16,3.167654726836682,1.9767997671556758,62.5
MAS,30,1255,0.1746,9.9993,-19.824,20.1733,33,7.511695590535543,7.9358089005522405,69.6969696969697,4,8.151288141919192,9.240819525018246,75.0,16,9.081327179530998,9.810530015052946,75.0,10,2.226067482030028,-0.25049483820960494,50.0,9,5.230426073995246,1.198105614320417,55.55555555555556,1,-1.7523539627112257,-1.7523539627112257,0.0,4,8.151288141919192,9.240819525018246,75.0,33,5.340329323782703,7.5146977116895854,72.72727272727273,1,6.831025173418709,6.831025173418709,100.0,16,3.7968191348482048,1.994364430570943,62.5
MAS,60,1255,0.1746,9.9993,-19.824,20.1733,33,8.642944205555409,6.114357333224274,72.72727272727273,4,13.850772786804221,10.107959100166003,100.0,16,14.045774952135233,10.107959100166003,87.5,10,2.4858986200521906,3.378825798322892,60.0,9,10.89703053645757,7.743148254563631,77.77777777777779,1,7.743148254563631,7.743148254563631,100.0,4,13.850772786804221,10.107959100166003,100.0,33,5.101587352034208,6.437569824922375,63.63636363636363,1,13.182904292664388,13.182904292664388,100.0,16,2.3501726909188148,5.211014096220443,62.5
MCD,10,1255,2.1563,5.1072,-8.0581,12.3707,35,3.9473485934200516,3.268491859612947,100.0,5,5.451170962198749,3.915678090072398,100.0,13,4.67153585320711,4.479081271000656,100.0,20,3.5551216241406216,3.264059544075348,100.0,12,3.096370267067609,3.0350159537817363,100.0,0,,,,4,4.550156138202606,3.6318302364748556,100.0,34,3.2056719732473873,3.0657298194974327,100.0,1,6.744379101913789,6.744379101913789,100.0,3,5.513947752725315,5.591822585606463,100.0
MCD,20,1255,2.1563,5.1072,-8.0581,12.3707,35,4.4965225243683316,3.127309465714739,85.71428571428571,5,7.994268280026132,8.416241545215625,100.0,13,6.935121565013105,6.363763264868904,92.3076923076923,20,2.760127675872625,2.5723818912049543,80.0,12,4.6395642133787485,2.598531833022074,83.33333333333334,0,,,,4,9.263689243403714,9.138553407124137,100.0,34,3.9358447187820604,3.7736215214076347,85.29411764705883,1,7.5593776378445625,7.5593776378445625,100.0,3,3.588404549156571,2.43105343777701,100.0
MCD,30,1255,2.1563,5.1072,-8.0581,12.3707,35,4.817170880117755,4.86342858923331,80.0,5,11.38150175669298,12.689194274556051,100.0,13,8.10383655253064,9.404056612690908,84.61538461538461,20,2.197801954684481,2.496009366233939,75.0,12,3.686713377001757,3.8405874712350045,75.0,0,,,,4,11.5316566027718,13.727108131027848,100.0,34,3.043392351044737,3.060904118866003,76.47058823529412,1,7.063679925525084,7.063679925525084,100.0,3,0.4574259224638964,-0.7097093594873528,33.33333333333333
MCD,60,1255,2.1563,5.1072,-8.0581,12.3707,35,6.922008087738415,6.299998543406114,80.0,5,17.858173790493662,16.928312657009304,100.0,13,12.341599332800428,13.63943345997104,92.3076923076923,20,3.0402353901613623,1.5146120708979747,70.0,12,6.175016508539321,6.397546379231292,75.0,0,,,,4,18.09063907386475,17.855438286333836,100.0,34,1.6278933362606172,1.5211454829126456,64.70588235294117,1,11.099700619300284,11.099700619300284,100.0,3,-5.359099582223441,-4.680695100523761,33.33333333333333
MCHP,10,1255,-1.0696,13.2036,-27.4767,25.3375,32,8.655357146770527,5.685844197653262,100.0,3,19.213524389877694,18.647440793225698,100.0,12,13.045905066450684,13.774563580802376,100.0,15,6.881069846766682,4.568776574345602,100.0,10,9.775870430860243,5.8476827881191245,100.0,0,,,,4,17.5656888203805,15.634811452557317,100.0,37,8.222935170026448,7.05510834999594,100.0,1,10.802543800767724,10.802543800767724,100.0,9,11.370182483207113,10.844385734561634,100.0
MCHP,20,1255,-1.0696,13.2036,-27.4767,25.3375,32,8.192123576356014,6.067940549567297,68.75,3,25.657837282829632,33.609691142346236,100.0,12,12.17196929661094,8.839848160817827,83.33333333333334,15,4.55392589348207,4.845468000577953,60.0,10,7.8429757772213815,5.475740706802789,70.0,0,,,,4,17.90188787944369,20.461849224315483,75.0,37,8.39598792325149,8.390703026527843,83.78378378378379,1,14.018063915361632,14.018063915361632,100.0,9,8.21081872974318,7.226385403614631,66.66666666666666
MCHP,30,1255,-1.0696,13.2036,-27.4767,25.3375,32,9.715839413683657,5.203022562197879,71.875,3,39.14823966090547,54.111202845994654,66.66666666666666,12,16.250751460167525,7.806955706830477,75.0,15,2.891175349472712,3.571866161403097,73.33333333333333,10,10.733208958429861,11.011715613888901,60.0,0,,,,4,27.326910391617282,24.893832626385105,50.0,37,7.654374571485075,6.481486517653442,78.37837837837837,1,15.33535823184235,15.33535823184235,100.0,9,11.634544727928606,15.780126780738732,66.66666666666666
MCHP,60,1255,-1.0696,13.2036,-27.4767,25.3375,32,9.608194893289637,7.100159053571864,62.5,3,52.1752442554886,58.82490325910177,66.66666666666666,12,13.446846352333404,6.0819786300787335,58.333333333333336,15,2.6462081131259008,3.3167186202304433,53.333333333333336,10,18.328039941966836,15.605153338026437,90.0,0,,,,4,36.46045051472807,26.34835003723832,50.0,37,8.637707209589614,7.961316209970811,70.27027027027027,1,12.753141236308391,12.753141236308391,100.0,9,10.456412442594065,4.215687309051507,88.88888888888889
MCK,10,1255,7.0367,6.6341,-6.2314,20.3048,37,5.151045774840165,3.9755669863619185,100.0,4,9.168483793339295,6.089679683513241,100.0,8,6.675704459586605,4.4698433099266035,100.0,29,5.227848145526942,3.8640984486147776,100.0,10,3.4741720384500168,2.7364361087649303,100.0,4,9.168483793339295,6.089679683513241,100.0,4,9.168483793339295,6.089679683513241,100.0,33,4.094172671830035,3.3324541504577034,100.0,0,,,,1,2.768748058217368,2.768748058217368,100.0
MCK,20,1255,7.0367,6.6341,-6.2314,20.3048,37,6.167598459845774,7.217251573805822,78.37837837837837,4,8.882871487316223,7.022565166712558,75.0,8,4.996001756525329,6.351434211797429,62.5,29,5.520541964428993,5.416545342439749,75.86206896551724,10,4.834139564666538,7.20926712497837,70.0,4,8.882871487316223,7.022565166712558,75.0,4,8.882871487316223,7.022565166712558,75.0,33,2.611575631107678,2.8897293371176636,84.84848484848484,0,,,,1,1.1883987488830077,1.1883987488830077,100.0
MCK,30,1255,7.0367,6.6341,-6.2314,20.3048,37,7.523438760343719,6.581609896024769,83.78378378378379,4,12.988840948635534,12.072374440130783,100.0,8,8.802192680496905,10.394079453516575,75.0,29,7.145708121298169,6.212186551290651,82.75862068965517,10,6.927055914217138,9.137207353667211,80.0,4,12.988840948635534,12.072374440130783,100.0,4,12.988840948635534,12.072374440130783,100.0,33,0.6280467044707213,2.1843168463616074,57.57575757575758,0,,,,1,-1.0112526169994818,-1.0112526169994818,0.0
MCK,60,1255,7.0367,6.6341,-6.2314,20.3048,37,11.56855792651284,12.678295068957985,81.08108108108108,4,20.768740890721965,21.038853416407633,100.0,8,15.309439861141463,19.276161866317295,75.0,29,11.855048791381792,12.678295068957985,82.75862068965517,10,13.3804814646555,13.21563706324367,80.0,4,20.768740890721965,21.038853416407633,100.0,4,20.768740890721965,21.038853416407633,100.0,33,-2.914398736210883,-4.625807693238483,30.303030303030305,0,,,,1,-1.6080759353996963,-1.6080759353996963,0.0
MCO,10,1255,1.1269,8.3197,-15.5125,17.7663,34,6.092442806655604,4.869472046638588,100.0,6,8.907404820510008,8.487136539097857,100.0,9,8.788025589841471,8.385918623396723,100.0,23,4.634717488815493,4.162818514833835,100.0,11,6.174464774421094,5.768158485546662,100.0,2,7.178256470172828,7.178256470172828,100.0,6,8.907404820510008,8.487136539097857,100.0,36,5.25194497517445,4.726031206752329,100.0,0,,,,4,4.329158927250519,1.670724765712498,100.0
MCO,20,1255,1.1269,8.3197,-15.5125,17.7663,34,6.801796338220702,6.383016665720355,85.29411764705883,6,10.271018335361106,10.849945831950947,66.66666666666666,9,8.690983694013358,10.727833907534933,66.66666666666666,23,5.274598696494556,4.856754443296149,86.95652173913044,11,4.889708753970253,4.740054011981836,81.81818181818183,2,8.688071202891402,8.688071202891402,50.0,6,10.271018335361106,10.849945831950947,66.66666666666666,36,5.126723955596982,4.520453142628641,80.55555555555556,0,,,,4,5.0186910688064765,2.8159654486788437,100.0
MCO,30,1255,1.1269,8.3197,-15.5125,17.7663,34,7.595565935953476,7.11935647022651,85.29411764705883,6,11.012580895334587,12.639786222571773,66.66666666666666,9,11.740060335655537,14.09032638841694,77.77777777777779,23,6.191722578727173,6.934944899242377,82.6086956521739,11,6.170113466264278,4.950095521274878,81.81818181818183,2,8.186870028624353,8.186870028624353,50.0,6,11.012580895334587,12.639786222571773,66.66666666666666,36,4.01928669605798,3.060531803696783,63.888888888888886,0,,,,4,1.3786213843499748,0.1578326266879161,50.0
MCO,60,1255,1.1269,8.3197,-15.5125,17.7663,34,8.75250761152066,8.884969241255451,73.52941176470588,6,13.651346801865524,15.006739539595173,66.66666666666666,9,16.721936749515635,15.148238731198967,77.77777777777779,23,7.877590080005538,8.280354210649012,73.91304347826086,11,9.840275493049777,9.489584271861892,81.81818181818183,2,13.223675118904959,13.223675118904959,50.0,6,13.651346801865524,15.006739539595173,66.66666666666666,36,2.13244941720262,1.9020516286350109,63.888888888888886,0,,,,4,1.4063887250188085,1.5182787314461437,75.0
MDLZ,10,1255,0.1372,6.6161,-13.095,13.3695,34,4.3329199829028555,3.853512729840205,100.0,6,5.557139769667976,4.566322344083166,100.0,16,4.4164356162939225,3.853512729840205,100.0,14,3.295807025288679,3.1231174984894166,100.0,10,4.135029692610952,3.9538897124391523,100.0,0,,,,4,2.801470323303119,1.448823107031001,100.0,32,3.915235762721345,3.827716723640439,100.0,0,,,,10,4.4911385821981185,3.957666304411817,100.0
MDLZ,20,1255,0.1372,6.6161,-13.095,13.3695,34,4.165947475255127,4.128139133538836,73.52941176470588,6,9.324557572430974,10.281028588946945,83.33333333333334,16,5.901117898464847,6.255188030440923,81.25,14,0.8095143940605072,-0.18309144220747448,50.0,10,4.786156829577848,5.374374806827182,80.0,0,,,,4,5.1808874258909645,5.33023150655144,75.0,32,4.124837619684243,3.580148555963113,75.0,0,,,,10,3.615553964511444,3.2997751303866174,70.0
MDLZ,30,1255,0.1372,6.6161,-13.095,13.3695,34,5.044647664930922,4.708929851289634,76.47058823529412,6,11.163552064440465,13.501010729181171,83.33333333333334,16,7.5885172214878,10.579620194895323,81.25,14,0.8571207282777191,2.4891320625303486,57.14285714285714,10,4.236737613991341,3.9079865431558387,70.0,0,,,,4,9.696838884496064,11.846909745563426,75.0,32,3.419465395800388,3.056420309030388,65.625,0,,,,10,1.4491203628944753,0.5427052132368287,50.0
MDLZ,60,1255,0.1372,6.6161,-13.095,13.3695,34,6.008630113808409,5.660928554706621,67.64705882352942,6,15.636744560465564,16.49038154181876,100.0,16,7.873575952399369,9.18438645636251,68.75,14,3.2221299847481917,0.9828259021586934,57.14285714285714,10,4.438567807709948,0.8428355629706117,50.0,0,,,,4,14.429863682641068,16.165963547361095,100.0,32,1.8404598847951075,3.4323453035175246,68.75,0,,,,10,0.41076985623727974,1.122980932725077,60.0
MDT,10,1255,-1.0748,7.3977,-15.8703,13.7207,33,4.018851218702366,3.574302276710185,100.0,4,5.385206383689484,6.0835581262756016,100.0,9,4.900612124708122,5.3565017091832425,100.0,15,3.7429926652540555,4.119091438726609,100.0,8,2.6973911826656476,2.040232182141614,100.0,2,6.0835581262756016,6.0835581262756016,100.0,4,5.385206383689484,6.0835581262756016,100.0,38,3.850275576267081,3.706204121555925,100.0,0,,,,14,4.215545710790329,4.183693031992686,100.0
MDT,20,1255,-1.0748,7.3977,-15.8703,13.7207,33,4.0385586012181385,4.541897417546132,75.75757575757575,4,7.887108007726176,8.210268364652357,100.0,9,4.8484823540860695,3.532814635098581,77.77777777777779,15,3.147119868671546,3.8840418566172916,80.0,8,3.729666938463511,5.7270587356016645,75.0,2,4.403108750159697,4.403108750159697,100.0,4,7.887108007726176,8.210268364652357,100.0,38,4.316516105710126,4.2780428406814925,76.31578947368422,0,,,,14,3.4670159077690985,3.765197370268904,64.28571428571429
MDT,30,1255,-1.0748,7.3977,-15.8703,13.7207,33,3.6868892769808896,4.066527402880606,69.6969696969697,4,7.9869369162729615,6.303653676977049,100.0,9,6.535220091914698,6.442292819269481,77.77777777777779,15,2.693299594763744,3.4991620001288664,66.66666666666666,8,2.5495503160466777,1.2769965782058494,62.5,2,6.303653676977049,6.303653676977049,100.0,4,7.9869369162729615,6.303653676977049,100.0,38,4.76755643946007,5.038290400066732,73.68421052631578,0,,,,14,3.710107896789288,4.279448470636505,64.28571428571429
MDT,60,1255,-1.0748,7.3977,-15.8703,13.7207,33,3.4219029473695155,3.5341224152837496,54.54545454545454,4,8.657460772721569,7.547484184675681,75.0,9,5.0700683892703635,4.242918095875512,66.66666666666666,15,1.9006847763071368,-0.4663878300947422,46.666666666666664,8,4.7511685303241915,3.1939930321184664,62.5,2,-0.4645499745598354,-0.4645499745598354,50.0,4,8.657460772721569,7.547484184675681,75.0,38,5.345922102517273,5.948489070677123,76.31578947368422,0,,,,14,2.427119110152007,2.182677524393016,64.28571428571429
MET,10,1255,1.5906,7.5205,-13.4505,16.6317,38,5.315969257476344,4.907035921739173,100.0,4,6.242470165717221,7.654967576589327,100.0,9,6.244565238261755,6.885461121234118,100.0,28,4.8362849796931275,4.317736018073642,100.0,12,6.069889609777153,6.45428451737884,100.0,0,,,,4,6.242470165717221,7.654967576589327,100.0,38,4.777352598240269,4.336420551033751,100.0,0,,,,1,5.015372177215939,5.015372177215939,100.0
MET,20,1255,1.5906,7.5205,-13.4505,16.6317,38,6.198178954974504,7.242643615148266,76.31578947368422,4,12.42265197229327,11.89978748093495,100.0,9,7.518402865008292,9.812697922591983,77.77777777777779,28,5.004958368645714,4.66121123584795,75.0,12,5.715586717849534,7.268418925189918,75.0,0,,,,4,12.42265197229327,11.89978748093495,100.0,38,4.227234613170572,4.337486955816598,84.21052631578947,0,,,,1,15.553201643536557,15.553201643536557,100.0
MET,30,1255,1.5906,7.5205,-13.4505,16.6317,38,6.062822369521745,5.183350419524086,73.68421052631578,4,11.705251804993324,14.535074181337986,100.0,9,9.498238641977832,14.372954302223182,77.77777777777779,28,4.161090082098821,3.5102121848756314,67.85714285714286,12,6.520692417036332,2.9802775531921935,75.0,0,,,,4,11.705251804993324,14.535074181337986,100.0,38,5.255634478628898,4.447337103652332,78.94736842105263,0,,,,1,17.709288584835274,17.709288584835274,100.0
MET,60,1255,1.5906,7.5205,-13.4505,16.6317,38,8.17709943030232,8.647968011648878,86.8421052631579,4,14.673038227967083,13.3363103164186,100.0,9,14.006684772499186,10.090795235756636,100.0,28,5.723290467072906,6.947662211911558,82.14285714285714,12,8.62934585693749,9.295085904593623,83.33333333333334,0,,,,4,14.673038227967083,13.3363103164186,100.0,38,3.528282060363555,3.4135027749989044,63.1578947368421,0,,,,1,3.6293670788691537,3.6293670788691537,100.0
META,10,1255,0.7984,20.5203,-40.2422,41.8391,29,9.876924890139772,8.783074192744865,100.0,4,15.880514611140057,15.14416162352086,100.0,9,13.009665483806023,10.484438031871697,100.0,18,8.17278331003331,7.77476123956723,100.0,6,11.806727270115546,11.78316865286302,100.0,0,,,,4,15.880514611140057,15.14416162352086,100.0,36,8.263501773825444,5.602626831662198,100.0,0,,,,11,13.3073121937795,12.007301848475931,100.0
META,20,1255,0.7984,20.5203,-40.2422,41.8391,29,10.877047683151266,10.331121579311654,86.20689655172413,4,19.37054162252423,16.756572732514442,100.0,9,14.316477591381247,12.299906376315835,88.88888888888889,18,9.698360373455863,9.754869492058084,83.33333333333334,6,12.271073197181243,14.60332685838789,83.33333333333334,0,,,,4,19.37054162252423,16.756572732514442,100.0,36,6.727208760390535,4.729295738407899,75.0,0,,,,11,12.469701677813323,10.988770594368107,81.81818181818183
META,30,1255,0.7984,20.5203,-40.2422,41.8391,29,12.295364114412658,9.444983539988819,86.20689655172413,4,11.475325169257742,7.308951082982252,75.0,9,13.214570605795531,9.444983539988819,77.77777777777779,18,12.652839034620891,12.838347575039613,88.88888888888889,6,11.353821415318295,11.278740160042933,83.33333333333334,0,,,,4,11.475325169257742,7.308951082982252,75.0,36,6.447546287998914,5.790782466141389,63.888888888888886,0,,,,11,15.306437556036862,15.905646054616607,81.81818181818183
META,60,1255,0.7984,20.5203,-40.2422,41.8391,29,15.55171875972394,11.107285946718696,68.96551724137932,4,16.676066386041445,0.3096577711095039,50.0,9,17.199351985687986,5.363525122056717,55.55555555555556,18,19.269355694600126,14.92278183694236,83.33333333333334,6,20.898325134769568,21.74057602192339,83.33333333333334,0,,,,4,16.676066386041445,0.3096577711095039,50.0,36,5.276445075360045,3.405548343203965,61.111111111111114,0,,,,11,17.26028550504193,27.620457821136075,81.81818181818183
MGM,10,1255,-1.6388,10.8822,-23.4032,20.1255,36,8.22830098662171,6.257383984944508,100.0,7,11.957466771215595,13.175583396270824,100.0,16,9.263492665677763,7.549441262934316,100.0,15,5.42850692010741,4.690675337816911,100.0,6,9.661618258692803,8.292930342284556,100.0,0,,,,7,11.957466771215595,13.175583396270824,100.0,38,7.977989173241744,8.883565411383206,100.0,1,10.150293754955845,10.150293754955845,100.0,7,8.355655118399236,8.874740918336574,100.0
MGM,20,1255,-1.6388,10.8822,-23.4032,20.1255,36,7.868184932244437,7.259787174009242,72.22222222222221,7,10.497616562573201,13.875602520604048,85.71428571428571,16,9.887199231922787,13.639229524253006,81.25,15,3.066100580991718,3.560587722402486,60.0,6,10.150513612654157,9.253873855599112,83.33333333333334,0,,,,7,10.497616562573201,13.875602520604048,85.71428571428571,38,7.2855424322259195,7.957713677767153,81.57894736842105,1,3.245483954299744,3.245483954299744,100.0,7,5.020671217446777,5.935737726499003,71.42857142857143
MGM,30,1255,-1.6388,10.8822,-23.4032,20.1255,36,10.069038307014957,10.825949937839074,80.55555555555556,7,16.372615703098937,18.90844921178382,85.71428571428571,16,14.097373772835777,15.88452264914499,93.75,15,5.381041388969474,3.9634822696302905,80.0,6,14.143132721898203,9.9247089845824,100.0,0,,,,7,16.372615703098937,18.90844921178382,85.71428571428571,38,6.643326190074463,6.69231388341675,78.94736842105263,1,4.421691975699938,4.421691975699938,100.0,7,0.8955269052178638,0.8492560834195725,57.14285714285714
MGM,60,1255,-1.6388,10.8822,-23.4032,20.1255,36,9.681234390682391,7.64023317877132,72.22222222222221,7,25.55617233983684,26.474311774392312,100.0,16,12.283041251937467,10.36243224855498,75.0,15,5.680693773522867,2.0417930634455703,60.0,6,7.671337091376067,7.582237428414867,83.33333333333334,0,,,,7,25.55617233983684,26.474311774392312,100.0,38,6.871771303488497,8.33242756974289,78.94736842105263,1,13.657156346335958,13.657156346335958,100.0,7,0.030069952410309915,0.5042426358019054,71.42857142857143
MKC,10,1255,-1.9088,9.3445,-20.5979,16.7802,30,5.056034966773136,5.264229893744744,100.0,2,5.945777100316717,5.945777100316717,100.0,7,5.0697192240507,3.714918773783919,100.0,12,5.617427572716749,5.854055760561492,100.0,6,5.789098287470753,6.310274399041294,100.0,0,,,,2,5.945777100316717,5.945777100316717,100.0,30,5.098923516391656,4.9404886562833354,100.0,0,,,,11,4.438464329893882,5.109190228958839,100.0
MKC,20,1255,-1.9088,9.3445,-20.5979,16.7802,30,5.08413541632699,5.388033096101145,80.0,2,10.03772238508541,10.03772238508541,100.0,7,9.367751263843582,8.378111652107076,85.71428571428571,12,3.9347951214673973,4.484581860940821,83.33333333333334,6,4.858229397685956,6.763445665799155,83.33333333333334,0,,,,2,10.03772238508541,10.03772238508541,100.0,30,5.617093262814108,4.919007815480631,86.66666666666667,0,,,,11,4.382055986550768,3.406119735884725,81.81818181818183
MKC,30,1255,-1.9088,9.3445,-20.5979,16.7802,30,5.113924237408813,4.873618436801872,86.66666666666667,2,14.846937696763067,14.846937696763067,100.0,7,9.727883526104327,7.54451437999142,100.0,12,3.164371387929732,2.1739989780014284,91.66666666666666,6,5.7876869010629015,6.004198074681556,83.33333333333334,0,,,,2,14.846937696763067,14.846937696763067,100.0,30,5.204060819780741,5.980566150317227,83.33333333333334,0,,,,11,3.046770548791472,4.537939447363762,81.81818181818183
MKC,60,1255,-1.9088,9.3445,-20.5979,16.7802,30,4.955337541884371,3.998918040757332,63.33333333333333,2,16.94514584735756,16.94514584735756,100.0,7,9.434503370424876,7.505330339051253,71.42857142857143,12,-1.562629832749107,-1.2708043042990533,41.66666666666667,6,5.497861965445314,5.512253064342916,83.33333333333334,0,,,,2,16.94514584735756,16.94514584735756,100.0,30,5.812766491664154,4.953799565992027,76.66666666666667,0,,,,11,0.8129916186138731,0.40004154006078424,54.54545454545454
MLM,10,1255,2.3287,9.0731,-15.8175,20.4748,32,6.1485491270574135,5.902188004478976,100.0,4,5.349773051290584,4.906306710580942,100.0,15,6.825804064705403,7.12481524688157,100.0,22,5.6392871489157,5.453315610295412,100.0,10,7.167527673595883,6.698616919825833,100.0,0,,,,4,5.349773051290584,4.906306710580942,100.0,30,5.146302664802888,4.834836194772922,100.0,1,0.7732433418308547,0.7732433418308547,100.0,4,5.878340975813552,3.650396963436694,100.0
MLM,20,1255,2.3287,9.0731,-15.8175,20.4748,32,6.843069361759147,6.890008858728196,84.375,4,10.91988871919996,10.90416177135838,100.0,15,7.945575411489892,6.939089893322166,93.33333333333333,22,4.721238955484999,4.263712436022233,77.27272727272727,10,6.033462240925019,6.890008858728196,80.0,0,,,,4,10.91988871919996,10.90416177135838,100.0,30,4.250265558624696,3.893462134426027,76.66666666666667,1,3.2987521876882115,3.2987521876882115,100.0,4,5.09779542637074,5.7165780182593116,50.0
MLM,30,1255,2.3287,9.0731,-15.8175,20.4748,32,7.59294444368321,6.151375995474172,78.125,4,12.538564544897232,14.561840354957319,75.0,15,9.37005517521233,10.553201268179695,80.0,22,4.360814717853274,2.3061289772968765,72.72727272727273,10,6.141727882045224,4.189507423132353,80.0,0,,,,4,12.538564544897232,14.561840354957319,75.0,30,4.192364640864107,5.6481151676727155,73.33333333333333,1,0.5284894797936398,0.5284894797936398,100.0,4,2.1666589420418054,2.4611818939026606,50.0
MLM,60,1255,2.3287,9.0731,-15.8175,20.4748,32,10.42356198998561,10.109505983863482,75.0,4,14.274426110979288,14.35210637689049,100.0,15,12.761240142034874,11.0972620387942,86.66666666666667,22,7.002555225779845,5.876775633303952,68.18181818181817,10,10.716717391886707,10.096523617616432,80.0,0,,,,4,14.274426110979288,14.35210637689049,100.0,30,4.128451802025266,4.501246170952766,70.0,1,11.642700988515825,11.642700988515825,100.0,4,1.4123951551950196,2.3870202557169717,75.0
MMM,10,1255,0.0413,9.7044,-19.3676,19.4502,31,5.37426698905803,4.547591000146686,100.0,1,8.640248165289005,8.640248165289005,100.0,10,6.25824929354904,7.689875819354306,100.0,12,4.431386442251826,3.7114674448354363,100.0,4,9.022072789567323,9.676824421869593,100.0,0,,,,1,8.640248165289005,8.640248165289005,100.0,32,5.250691161649235,4.163474550263889,100.0,3,1.8099732561188377,1.0819285685955895,100.0,9,5.475783615340962,3.4364124457667464,100.0
MMM,20,1255,0.0413,9.7044,-19.3676,19.4502,31,6.730874346073711,4.974312015743699,87.09677419354838,1,16.108606830619614,16.108606830619614,100.0,10,9.33535310348809,6.316774607880726,100.0,12,8.106531952887549,5.362310356423885,100.0,4,13.392006582379482,13.916326579020666,100.0,0,,,,1,16.108606830619614,16.108606830619614,100.0,32,4.900024792441938,3.745786351703272,78.125,3,1.3566361687555333,-1.4922921860216705,33.33333333333333,9,6.126482257305124,5.174895552793375,88.88888888888889
MMM,30,1255,0.0413,9.7044,-19.3676,19.4502,31,5.4549707571762145,4.966514723347372,77.41935483870968,1,19.274789122849203,19.274789122849203,100.0,10,9.701732978491766,7.575458019613951,100.0,12,7.836705055973906,5.464949508927603,91.66666666666666,4,14.584316791298374,15.77110699034174,100.0,0,,,,1,19.274789122849203,19.274789122849203,100.0,32,5.135624063125487,3.603786442896812,78.125,3,-0.09883099243141154,-0.7944026162961813,33.33333333333333,9,7.5737972590988,5.906369909055942,88.88888888888889
MMM,60,1255,0.0413,9.7044,-19.3676,19.4502,31,6.872218387529561,5.245623468781626,64.51612903225806,1,17.759853957804996,17.759853957804996,100.0,10,5.760097249677055,4.0362016694712874,70.0,12,14.537437075769873,13.641766263956022,83.33333333333334,4,19.953250865915273,21.53659861577399,100.0,0,,,,1,17.759853957804996,17.759853957804996,100.0,32,3.9454631672868503,3.710410435286942,75.0,3,3.2784450726291703,2.7299146500626925,100.0,9,8.04517185975472,6.037909367524762,100.0
MNST,10,1255,2.3389,7.558,-12.7772,17.4549,34,5.162801818604731,4.535944087542907,100.0,5,7.4270297778764105,5.300800187701718,100.0,10,6.190864222732212,4.597102981742749,100.0,18,4.974581701646366,4.535944087542907,100.0,7,4.847791174019676,4.082743558484687,100.0,1,12.153407984015844,12.153407984015844,100.0,5,7.4270297778764105,5.300800187701718,100.0,31,4.243974964234041,2.8068477555388065,100.0,1,1.8679903302409187,1.8679903302409187,100.0,6,7.273587294839632,7.206355170469969,100.0
MNST,20,1255,2.3389,7.558,-12.7772,17.4549,34,6.206513864167152,6.1664818804317125,88.23529411764706,5,11.945721213515716,12.981106275921814,100.0,10,8.5447194523695,7.427052356515979,90.0,18,4.052776711169935,3.7857099193027315,83.33333333333334,7,4.36822124290305,2.612953385521289,85.71428571428571,1,12.981106275921814,12.981106275921814,100.0,5,11.945721213515716,12.981106275921814,100.0,31,2.5564583161638663,2.6637630912533257,67.74193548387096,1,3.1755871243274254,3.1755871243274254,100.0,6,6.008485737025182,7.491414665298166,83.33333333333334
MNST,30,1255,2.3389,7.558,-12.7772,17.4549,34,6.472113352496381,5.6845121192912895,82.35294117647058,5,14.257684760574628,16.049636319897264,100.0,10,8.214057006518946,10.539232695156949,70.0,18,5.079925519002283,4.712119402106933,83.33333333333334,7,4.07168540769512,3.277507176000066,71.42857142857143,1,17.740379347947236,17.740379347947236,100.0,5,14.257684760574628,16.049636319897264,100.0,31,1.741078487556162,1.0975465641897533,64.51612903225806,1,7.89227874131613,7.89227874131613,100.0,6,4.566312086039503,2.577287948668771,83.33333333333334
MNST,60,1255,2.3389,7.558,-12.7772,17.4549,34,8.692418916518918,7.351272785390064,76.47058823529412,5,14.374580962727913,16.19640343785514,100.0,10,11.17522052438517,5.9919666608882265,90.0,18,8.355863084242975,7.570520656339787,72.22222222222221,7,7.886744242927195,11.728874709307338,57.14285714285714,1,24.624084701542685,24.624084701542685,100.0,5,14.374580962727913,16.19640343785514,100.0,31,1.1657128627310878,1.8166083939032014,58.06451612903226,1,-0.18680378358124314,-0.18680378358124314,0.0,6,3.9788663358100265,1.2754618037333936,66.66666666666666
MO,10,1255,2.8547,6.9914,-11.1281,16.8375,39,4.631959601326918,3.523716791052895,100.0,3,8.786860989774533,11.531429309402718,100.0,11,5.2824212310710035,3.8759709706921703,100.0,30,4.260635899709387,3.490698898536702,100.0,6,4.525251149657037,3.3469564918020334,100.0,1,2.8182453250417363,2.8182453250417363,100.0,2,7.41457682996044,7.41457682996044,100.0,35,3.4974542194684384,2.3969740694375314,100.0,1,5.640154864356259,5.640154864356259,100.0,3,6.95395197961994,6.992346130718592,100.0
MO,20,1255,2.8547,6.9914,-11.1281,16.8375,39,4.846400393396173,5.020714114754455,82.05128205128204,3,13.88113754261054,14.685492113804221,100.0,11,5.89883970152332,4.895346113279958,72.72727272727273,30,4.425455393919514,4.958030114017206,86.66666666666667,6,8.252539861288616,6.558691256242794,100.0,1,7.458661895533843,7.458661895533843,100.0,2,11.072077004669032,11.072077004669032,100.0,35,3.8075001057064313,2.7855773988366894,82.85714285714286,1,5.714690285502712,5.714690285502712,100.0,3,6.285353362566163,6.876565137479633,100.0
MO,30,1255,2.8547,6.9914,-11.1281,16.8375,39,5.1270358857484,5.196150323287569,79.48717948717949,3,14.60394385670748,10.42273461356178,100.0,11,6.534413865912897,4.806658753456426,72.72727272727273,30,4.50544146353077,5.283375475349042,80.0,6,9.889523125118489,8.927428574470534,100.0,1,10.42273461356178,10.42273461356178,100.0,2,10.164320288396567,10.164320288396567,100.0,35,2.6477074623232606,1.3116703029474985,62.857142857142854,1,6.5161079590056765,6.5161079590056765,100.0,3,8.334893008604823,10.71868679815699,100.0
MO,60,1255,2.8547,6.9914,-11.1281,16.8375,39,9.03083842795323,9.70893777751766,82.05128205128204,3,14.467627609972842,17.484522041384928,100.0,11,10.76116377231358,7.934842671706015,81.81818181818183,30,8.814274913504118,9.88703436823846,83.33333333333334,6,8.102679092489053,5.098084665373905,83.33333333333334,1,2.261326659041795,2.261326659041795,100.0,2,9.872924350213362,9.872924350213362,100.0,35,-0.5004389162783724,0.44126582751434984,54.285714285714285,1,-7.443133374968277,-7.443133374968277,0.0,3,1.6058336627621124,2.0209094718437592,66.66666666666666
MOS,10,1255,-1.7348,13.8327,-29.4001,25.9306,36,8.576454555009445,6.53965246885446,100.0,4,8.02143735740639,6.971861924427134,100.0,10,8.3888172522886,8.511516781681845,100.0,10,9.17718555194591,6.918745396232252,100.0,6,9.713883428477942,9.300557283093752,100.0,0,,,,4,8.02143735740639,6.971861924427134,100.0,33,7.380906740188717,7.028540720855841,100.0,2,10.851664276446371,10.851664276446371,100.0,19,6.602860780153569,6.369607321403489,100.0
MOS,20,1255,-1.7348,13.8327,-29.4001,25.9306,36,9.053090470391966,8.93561880172878,75.0,4,14.299921148731778,13.968551864210488,100.0,10,12.94003486367581,11.675738867012459,100.0,10,8.616715229480096,5.460841991745186,70.0,6,13.292047973883884,13.560516342540843,100.0,0,,,,4,14.299921148731778,13.968551864210488,100.0,33,8.10597154516933,9.702712728085784,75.75757575757575,2,8.170436203120419,8.170436203120419,50.0,19,7.468246105879803,9.702712728085784,73.68421052631578
MOS,30,1255,-1.7348,13.8327,-29.4001,25.9306,36,10.273319725355364,9.018196318489888,66.66666666666666,4,21.265414846816313,15.226577226383615,100.0,10,16.146645097929618,13.280584643324676,100.0,10,12.865506898196765,9.271515333742311,60.0,6,15.989853533614948,14.86286577867558,83.33333333333334,0,,,,4,21.265414846816313,15.226577226383615,100.0,33,8.916233360616607,9.993627592352421,84.84848484848484,2,11.90328771228714,11.90328771228714,100.0,19,7.148352880246967,7.355157219308682,84.21052631578947
MOS,60,1255,-1.7348,13.8327,-29.4001,25.9306,36,9.61352631088295,2.1821830934455333,63.888888888888886,4,19.93542928679645,19.829499723393283,100.0,10,9.582668587822166,8.008225382475938,80.0,10,12.585352360198511,-5.994987862133202,40.0,6,8.172648320280812,0.7028486497456661,50.0,0,,,,4,19.93542928679645,19.829499723393283,100.0,33,9.491737203259522,11.260730714013652,84.84848484848484,2,25.776469364192337,25.776469364192337,100.0,19,9.06078627867755,11.221086212704817,89.47368421052632
MPC,10,1255,5.467,10.0727,-14.6784,25.6124,32,8.275488951647263,8.153835425442288,100.0,6,9.134759964385532,8.399485532054113,100.0,14,8.45129547014793,8.150966468383196,100.0,23,8.3545947836616,7.832907420694961,100.0,7,8.424991334513795,9.198788153444614,100.0,3,8.241353233385317,6.415033869349236,100.0,7,9.315224439851606,10.053802870705459,100.0,28,6.679740997891473,5.289043719854067,100.0,2,16.00928891981411,16.00928891981411,100.0,4,10.933907492364755,11.269789151427297,100.0
MPC,20,1255,5.467,10.0727,-14.6784,25.6124,32,8.87684120673357,9.179383841337357,90.625,6,12.818126830106308,11.50906622202606,100.0,14,7.938928362970228,8.059644126074524,85.71428571428571,23,9.554517558187603,9.306996053595503,91.30434782608695,7,8.358374333199581,7.781341517159718,100.0,3,10.708381007900499,10.895071465578841,100.0,7,12.098586071113939,10.895071465578841,100.0,28,6.028849633057661,4.306035232543893,71.42857142857143,2,21.64185512836112,21.64185512836112,100.0,4,13.534026958207015,16.372124823394834,100.0
MPC,30,1255,5.467,10.0727,-14.6784,25.6124,32,12.907335296653027,11.671663057878751,84.375,6,16.01140031400708,16.17963433632395,83.33333333333334,14,11.606665332607813,7.559201557946997,78.57142857142857,23,14.643825049181423,12.86818785017747,91.30434782608695,7,13.010245198012813,8.569653267303174,100.0,3,15.514294301268286,12.86818785017747,100.0,7,13.954283392895167,12.86818785017747,85.71428571428571,28,5.660938762790055,5.039933342553718,67.85714285714286,2,20.775620112400087,20.775620112400087,100.0,4,11.743948967523977,10.689337104945633,100.0
MPC,60,1255,5.467,10.0727,-14.6784,25.6124,32,17.412862129924555,19.17899485885449,78.125,6,26.769781316475346,27.262045284207737,100.0,14,17.391867644257328,17.092718438970692,71.42857142857143,23,20.233284389550963,24.335533994446774,82.6086956521739,7,25.03960475283606,25.206507559779993,85.71428571428571,3,30.820679176408802,29.317583008635477,100.0,7,21.529013061339793,25.206507559779993,85.71428571428571,28,-0.7953272300531268,-0.24829516657749362,50.0,2,17.248242715052122,17.248242715052122,100.0,4,2.0108625654127312,-1.785632783314103,50.0
MPWR,10,1255,3.419,15.1922,-26.9654,33.8035,27,12.309554994247963,12.081108098791994,100.0,5,10.049192585145247,12.16038804855554,100.0,13,11.733480490522377,12.16038804855554,100.0,12,12.554666483920277,11.588422830622234,100.0,6,12.138319796975901,12.47281488513078,100.0,0,,,,5,13.683812461669598,12.78524172170602,100.0,37,8.72598417438655,7.0368699979303635,100.0,0,,,,9,11.31164327151511,9.373131701100942,100.0
MPWR,20,1255,3.419,15.1922,-26.9654,33.8035,27,14.697092088173846,16.19302221161162,77.77777777777779,5,23.817660699729135,27.22185117706723,100.0,13,17.68811430386203,24.567719509083386,76.92307692307693,12,12.173301736771334,13.51583316305372,83.33333333333334,6,19.82392383871373,25.32060151072963,83.33333333333334,0,,,,5,27.33676451629872,27.780260311318727,100.0,37,8.676521390213253,5.396482389311676,86.48648648648648,0,,,,9,10.080274863954521,5.396482389311676,100.0
MPWR,30,1255,3.419,15.1922,-26.9654,33.8035,27,17.102959725631358,14.833926288471023,85.18518518518519,5,20.180316218406848,14.34067711943397,100.0,13,20.879868173940807,14.34067711943397,92.3076923076923,12,13.152610802623345,15.552041659600262,83.33333333333334,6,18.461716022792196,13.944520338275264,100.0,0,,,,5,25.756378677395567,14.970864110193718,100.0,37,7.495404408686456,7.788065165337894,70.27027027027027,0,,,,9,9.725412912018031,12.549520017842806,77.77777777777779
MPWR,60,1255,3.419,15.1922,-26.9654,33.8035,27,22.41347607810673,23.422753377386876,88.88888888888889,5,25.56636613129359,23.422753377386876,80.0,13,29.951965704130718,28.799373372001373,92.3076923076923,12,13.044532602567193,12.22310260229813,83.33333333333334,6,35.356466683079304,33.597884562346124,100.0,0,,,,5,38.55563504099748,28.799373372001373,100.0,37,4.664342736630664,3.575495664663138,56.75675675675676,0,,,,9,1.250387942063193,3.3421625349537134,55.55555555555556
MRK,10,1255,1.8523,9.192,-16.5316,20.2363,35,5.981255337457057,4.566403390939482,100.0,4,7.390421589918668,6.679137121164695,100.0,11,4.826827040965323,3.9880102919588394,100.0,17,5.884607405760413,4.566403390939482,100.0,8,5.245989384861692,4.283197739233625,100.0,0,,,,4,7.390421589918668,6.679137121164695,100.0,34,5.166473186238779,4.72596536737897,100.0,1,7.6093131820244135,7.6093131820244135,100.0,7,6.972344204127304,4.345677113808725,100.0
MRK,20,1255,1.8523,9.192,-16.5316,20.2363,35,6.380260165542399,6.515615397357082,88.57142857142857,4,7.274246886393156,8.045246864848288,75.0,11,4.690720313878034,4.183525062548252,72.72727272727273,17,5.080033646005103,4.33988501705559,94.11764705882352,8,6.889826644411633,4.396515355532184,100.0,0,,,,4,7.274246886393156,8.045246864848288,75.0,34,3.7811150110386325,3.6028058947152797,82.35294117647058,1,-1.6087603141838633,-1.6087603141838633,0.0,7,7.159862133717685,7.245213392152795,85.71428571428571
MRK,30,1255,1.8523,9.192,-16.5316,20.2363,35,6.780343434995969,6.003577988904888,82.85714285714286,4,5.605478675959491,6.42960587026133,100.0,11,4.395659293087038,4.11826775709896,81.81818181818183,17,4.86003972848514,3.4983435824902194,76.47058823529412,8,9.549823617756998,8.339566926219673,100.0,0,,,,4,5.605478675959491,6.42960587026133,100.0,34,2.7259902385829156,3.427181084635402,70.58823529411765,1,-5.5032065747841505,-5.5032065747841505,0.0,7,5.0580982884223715,4.260650587556744,85.71428571428571
MRK,60,1255,1.8523,9.192,-16.5316,20.2363,35,9.20026492185419,7.685323703468011,71.42857142857143,4,-0.5757982650442792,0.3985087584512286,50.0,11,3.8655173787061914,7.652159007826384,54.54545454545454,17,4.524977158531821,2.7701257663891496,64.70588235294117,8,11.270079717225851,5.254100404037025,62.5,0,,,,4,-0.5757982650442792,0.3985087584512286,50.0,34,0.4669573562988429,2.6794624103259475,55.88235294117647,1,-18.293792327109934,-18.293792327109934,0.0,7,5.396792442480982,7.5129682762755,71.42857142857143
MRNA,10,1255,-16.2119,31.2276,-78.6672,46.2433,35,13.901216286063761,11.102038013691791,100.0,3,22.244145563546937,20.108548586822845,100.0,10,17.131965805463587,12.032096715042144,100.0,9,16.498037093029097,10.115070094459982,100.0,3,23.44924510068553,14.101805343367662,100.0,0,,,,3,22.244145563546937,20.108548586822845,100.0,37,12.556152728669423,11.300640988448555,100.0,0,,,,22,11.553003058409306,10.998854102440362,100.0
MRNA,20,1255,-16.2119,31.2276,-78.6672,46.2433,35,12.030920033340513,12.330111047855555,71.42857142857143,3,17.26774373028732,13.541389104727287,100.0,10,9.23748333127792,10.463035332209493,70.0,9,12.824759886325625,13.026096936229667,77.77777777777779,3,15.191571803246953,13.83402232802271,100.0,0,,,,3,17.26774373028732,13.541389104727287,100.0,37,12.82864127134996,14.019898575242346,86.48648648648648,0,,,,22,12.651335500127116,13.278550609968326,90.9090909090909
MRNA,30,1255,-16.2119,31.2276,-78.6672,46.2433,35,10.810908156683373,9.326010484251325,62.857142857142854,3,8.86337446215448,12.835830536751242,66.66666666666666,10,8.042684953019956,8.254842443925336,70.0,9,7.23861142147327,9.326010484251325,55.55555555555556,3,23.473789579085793,18.332592102187768,100.0,0,,,,3,8.86337446215448,12.835830536751242,66.66666666666666,37,15.935902528248524,18.934484043471713,86.48648648648648,0,,,,22,13.079529532350849,13.644283043158389,81.81818181818183
MRNA,60,1255,-16.2119,31.2276,-78.6672,46.2433,35,8.69741524226681,-6.774290279613984,45.714285714285715,3,1.3750219475740348,1.2044197306765119,66.66666666666666,10,4.258512537026219,-4.6352351217559455,50.0,9,-6.407594763429342,-16.01746430441531,33.33333333333333,3,9.909301335900821,-6.774290279613984,33.33333333333333,0,,,,3,1.3750219475740348,1.2044197306765119,66.66666666666666,37,18.076693148643134,22.25254561999343,75.67567567567568,0,,,,22,11.69823330395097,19.589750314655852,68.18181818181817
MRSH,10,1255,1.016,5.6792,-10.3424,12.3744,31,4.182047545500315,3.9210974987600804,100.0,3,4.833341994772751,4.767939509216993,100.0,14,5.046670637697178,4.508877053617121,100.0,22,4.551398974245412,4.057710486626078,100.0,8,4.329616572670138,4.488376844536967,100.0,1,8.389915974707236,8.389915974707236,100.0,4,4.677210041043798,4.488376844536967,100.0,35,4.363721436908361,3.0231290852817163,100.0,1,4.788573119818447,4.788573119818447,100.0,5,5.325860701023972,2.4194427515486643,100.0
MRSH,20,1255,1.016,5.6792,-10.3424,12.3744,31,4.846801318926058,4.101005019519226,87.09677419354838,3,3.268576383154267,2.9675023546582864,100.0,14,5.899260042207614,4.014403464195547,85.71428571428571,22,5.158794847952027,5.016351129605997,86.36363636363636,8,6.4006708908945615,6.2141481809152435,100.0,1,2.778155651743702,2.778155651743702,100.0,4,3.841361542693614,3.513786748859549,100.0,35,4.557160282949515,3.5972337828981327,80.0,1,0.1474442372238373,0.1474442372238373,100.0,5,7.750499152787784,7.753619159174232,80.0
MRSH,30,1255,1.016,5.6792,-10.3424,12.3744,31,5.007700375165893,5.18520798533995,83.87096774193549,3,5.799698776234898,4.598473690813065,100.0,14,7.194306922570481,7.745868890939511,92.85714285714286,22,4.847653627127714,4.801314161836597,81.81818181818183,8,5.9163103137176165,6.013368759593396,87.5,1,12.63376879041587,12.63376879041587,100.0,4,4.736709294071215,3.073107269196614,100.0,35,3.8766965899975356,4.897244262121889,62.857142857142854,1,-0.5248567518595626,-0.5248567518595626,0.0,5,7.6446530018346355,10.508941172339066,80.0
MRSH,60,1255,1.016,5.6792,-10.3424,12.3744,31,5.352512265467598,5.584072514690068,70.96774193548387,3,4.968151945777714,8.003908876797661,66.66666666666666,14,7.801683743716228,9.88925323009762,71.42857142857143,22,5.321242786880068,5.343149013309707,77.27272727272727,8,5.5887770926285185,2.6408849825133665,75.0,1,11.611506256636469,11.611506256636469,100.0,4,7.9567431165518645,9.807707566717065,75.0,35,2.688657229157265,1.2106966029044932,60.0,1,6.663931933091899,6.663931933091899,100.0,5,7.474646016888902,10.148781440921091,80.0
MS,10,1255,2.9248,9.1621,-15.3994,21.249,32,7.1294723301610015,7.069909295056805,100.0,7,7.048078373446472,6.952991215185435,100.0,13,7.980662830323893,7.8859345152681115,100.0,20,7.286841315459169,7.4453842642559955,100.0,6,8.226732458829646,8.401612298053116,100.0,0,,,,8,7.681077789254941,7.55462115471776,100.0,33,6.20786536794491,4.710920538355612,100.0,1,3.7262014440521796,3.7262014440521796,100.0,5,8.206518276165498,7.724282116655161,100.0
MS,20,1255,2.9248,9.1621,-15.3994,21.249,32,7.874653353724085,7.678408608811349,87.5,7,7.277714943024599,3.0548203087021846,85.71428571428571,13,7.932136421209844,3.0548203087021846,76.92307692307693,20,7.8321049226605535,7.805898054481686,85.0,6,10.10930217385782,9.303513432973368,83.33333333333334,0,,,,8,9.106865804835413,7.528803309467566,87.5,33,4.94952140462073,5.401001238459198,78.78787878787878,1,8.556199031261691,8.556199031261691,100.0,5,5.32884097195571,9.589350451539126,80.0
MS,30,1255,2.9248,9.1621,-15.3994,21.249,32,8.504918548626197,7.619227315228127,81.25,7,9.63872020072682,8.762405427083623,57.14285714285714,13,8.647957265674851,3.877152808545491,69.23076923076923,20,8.42584028837378,7.619227315228127,90.0,6,11.385044740112505,8.5594163747604,83.33333333333334,0,,,,8,11.123749890145197,12.215242991584045,62.5,33,3.887387638014821,4.1089347679394175,69.6969696969697,1,6.00787165590453,6.00787165590453,100.0,5,5.295074968341558,9.55456416345404,80.0
MS,60,1255,2.9248,9.1621,-15.3994,21.249,32,8.571435934167974,4.694344348186926,75.0,7,12.784070806104946,10.928659629257611,71.42857142857143,13,10.305305314214984,6.67882299998656,76.92307692307693,20,7.969490032687554,4.336414417900311,80.0,6,17.22762574081462,19.50736449652001,83.33333333333334,0,,,,8,12.020914830340148,8.803741314622085,75.0,33,0.61927138812175,-1.2592003201859836,45.45454545454545,1,1.7955016939191253,1.7955016939191253,100.0,5,-0.17311695239917563,-3.458756863979294,40.0
MSCI,10,1255,-0.4999,9.2252,-18.9503,17.9506,35,6.785074031433413,5.935643541163022,100.0,5,8.535386319204235,8.284924593458319,100.0,13,8.35580001374105,7.375787547026315,100.0,17,6.455400777458213,5.284590579063738,100.0,10,7.616416295812073,5.09238532468443,100.0,0,,,,5,8.535386319204235,8.284924593458319,100.0,38,5.525331473333497,4.434212506363043,100.0,0,,,,8,6.8582570695839316,4.66275274110159,100.0
MSCI,20,1255,-0.4999,9.2252,-18.9503,17.9506,35,5.845457646753005,6.58438962952921,77.14285714285715,5,10.808980052182775,10.919130386622811,100.0,13,11.07418824131604,7.621992209819299,92.3076923076923,17,3.7040349101337635,2.4838104767331517,64.70588235294117,10,5.833645038320797,3.782598705550189,60.0,0,,,,5,10.808980052182775,10.919130386622811,100.0,38,5.508423689759991,5.2741412260204665,84.21052631578947,0,,,,8,9.037560417961176,7.820694411845528,87.5
MSCI,30,1255,-0.4999,9.2252,-18.9503,17.9506,35,6.008930519335739,5.107651187196642,74.28571428571429,5,7.202686370078001,6.03280567811733,80.0,13,10.206380602947386,12.09466328442482,84.61538461538461,17,4.1723906888956455,3.7299473242273202,64.70588235294117,10,8.489938247017127,5.638589881887711,70.0,0,,,,5,7.202686370078001,6.03280567811733,80.0,38,6.121181219766272,6.543923624293052,78.94736842105263,0,,,,8,9.141775937269815,10.30640317692556,87.5
MSCI,60,1255,-0.4999,9.2252,-18.9503,17.9506,35,7.012691732331208,6.441297510773462,74.28571428571429,5,11.544891950021238,11.55028665917251,60.0,13,13.156524240575278,12.149519307693268,84.61538461538461,17,4.961922206959521,4.686545417064898,70.58823529411765,10,10.327296869825258,11.020397987682145,80.0,0,,,,5,11.544891950021238,11.55028665917251,60.0,38,7.072435978554432,3.918897843140278,73.68421052631578,0,,,,8,7.597372429518721,3.677171559735256,50.0
MSFT,10,1255,1.2866,9.9627,-18.6389,21.2121,34,6.377725250823994,6.412046696501607,100.0,3,8.466918504352428,6.41035115172377,100.0,10,8.123496149753484,7.233336766268029,100.0,24,5.811545201271147,6.084335419212405,100.0,8,5.8459734386595725,5.388197521834533,100.0,0,,,,3,8.466918504352428,6.41035115172377,100.0,35,5.127090500429984,4.931329498174232,100.0,0,,,,5,7.330126024475909,10.573542843631815,100.0
MSFT,20,1255,1.2866,9.9627,-18.6389,21.2121,34,6.091830695192582,4.368452590663246,79.41176470588235,3,8.04983365066903,4.31766268543246,100.0,10,8.48245024334011,7.146279750872769,90.0,24,4.744258074197819,3.9509670842603697,79.16666666666666,8,4.015581605394329,4.111180641791863,75.0,0,,,,3,8.04983365066903,4.31766268543246,100.0,35,4.551519826414414,5.090162557614916,85.71428571428571,0,,,,5,3.742427034093802,5.090162557614916,80.0
MSFT,30,1255,1.2866,9.9627,-18.6389,21.2121,34,6.610098558275805,4.751119596415982,82.35294117647058,3,10.288198872621495,10.930383442042773,100.0,10,9.427241514881299,7.2075579970890855,100.0,24,5.581041216401167,3.9255655292440097,79.16666666666666,8,6.751720726465009,7.0502397847372045,87.5,0,,,,3,10.288198872621495,10.930383442042773,100.0,35,4.86287535654392,4.809793197665623,77.14285714285715,0,,,,5,9.406224649771472,15.24936787927964,80.0
MSFT,60,1255,1.2866,9.9627,-18.6389,21.2121,34,7.85057517041921,5.644619740774486,64.70588235294117,3,13.610703153053457,15.591678373468776,100.0,10,12.749037913215838,11.264987631158515,70.0,24,6.18380112728946,3.8901154164344067,66.66666666666666,8,1.794770503291375,1.0510430251298701,50.0,0,,,,3,13.610703153053457,15.591678373468776,100.0,35,3.713531162436376,3.4928228760546394,62.857142857142854,0,,,,5,11.704679052853722,13.04235584737434,100.0
MSGS,10,1255,2.4922,8.5049,-14.5176,19.502,36,5.471762282916212,5.10597557821323,100.0,4,8.44827502857236,7.460585880371218,100.0,16,6.3883160900806395,6.85338483459836,100.0,10,4.556418883303617,4.319928824187581,100.0,13,5.156564489830379,4.445600674920167,100.0,0,,,,5,7.845903534835971,7.549411865279689,100.0,35,4.388310254947146,3.464156566347617,100.0,0,,,,12,3.9169837614784355,3.601306575635517,100.0
MSGS,20,1255,2.4922,8.5049,-14.5176,19.502,36,6.015100283616501,5.941231749553438,91.66666666666666,4,7.922522655531083,6.13799772102515,100.0,16,6.435703031975626,4.940316796237923,93.75,10,5.790206109572493,6.489435075912684,90.0,13,5.658149758976582,5.423840945464759,92.3076923076923,0,,,,5,7.23915445141567,4.566562194779943,100.0,35,3.9914615548217447,3.7664490223165363,80.0,0,,,,12,4.657214035877552,4.495125682699669,75.0
MSGS,30,1255,2.4922,8.5049,-14.5176,19.502,36,7.171774166841085,7.174154600432017,88.88888888888889,4,8.44830775183228,7.751984174506207,100.0,16,7.316528479141708,6.701901777959906,93.75,10,7.156390552876182,7.999668741213583,90.0,13,7.989773082520827,5.326477199039108,92.3076923076923,0,,,,5,6.6496926590860905,3.450876803289016,100.0,35,4.065701591582704,1.5183470770894647,65.71428571428571,0,,,,12,3.683704456566344,1.1222113065181452,58.333333333333336
MSGS,60,1255,2.4922,8.5049,-14.5176,19.502,36,9.539364371554331,8.614382428978438,86.11111111111111,4,16.38489490246582,11.518541635624384,100.0,16,7.3634235870712414,4.9087972844282355,87.5,10,11.867197492882596,13.567658766462134,80.0,13,8.630104614709776,5.247808991068702,84.61538461538461,0,,,,5,14.891228888952885,12.592325931739484,100.0,35,1.694748712685231,1.889285825292948,54.285714285714285,0,,,,12,1.1952239294421434,0.25035407056277525,50.0
MSI,10,1255,2.5751,8.2105,-13.8459,18.9962,31,6.221512739071702,6.17032660075897,100.0,6,5.79553964205267,6.705463309023297,100.0,11,6.743299730630887,6.639587940773318,100.0,22,5.9145451124366675,5.683809552890356,100.0,7,4.753962750931619,4.515751258753652,100.0,3,4.189204239764437,3.793768955523457,100.0,7,5.61271273015281,6.639587940773318,100.0,29,4.7353020272935415,4.773898648733178,100.0,0,,,,3,5.529331057192561,5.719933471078272,100.0
MSI,20,1255,2.5751,8.2105,-13.8459,18.9962,31,6.955699329261745,5.921121978778587,96.7741935483871,6,5.811700764149353,6.367103171520416,100.0,11,6.887310105635939,5.175820871654604,90.9090909090909,22,7.873390536030496,7.309447482130092,100.0,7,3.731655340555639,4.19046019324683,85.71428571428571,3,6.103483814835214,7.568294600769917,100.0,7,4.4274090330722515,5.175820871654604,85.71428571428571,29,3.8998552455837863,4.482496355042615,72.41379310344827,0,,,,3,-0.8790901489036097,-2.059862957849851,33.33333333333333
MSI,30,1255,2.5751,8.2105,-13.8459,18.9962,31,8.504770939573616,8.03607402857369,93.54838709677419,6,11.244235197434032,9.797014549597135,100.0,11,11.103691163602287,8.152180724525824,100.0,22,8.284472314458604,8.222156941724053,90.9090909090909,7,7.009988378818292,5.9111019926505515,100.0,3,10.386800956102585,11.441848374668446,100.0,7,10.108036826662302,8.152180724525824,100.0,29,3.6389742155870466,3.191382657568984,72.41379310344827,0,,,,3,0.5075928685180573,3.890024770345196,66.66666666666666
MSI,60,1255,2.5751,8.2105,-13.8459,18.9962,31,11.734828443974568,14.148477281232436,90.32258064516128,6,18.381572795737927,24.086672201007588,100.0,11,16.19671864859247,19.465362693756934,100.0,22,10.468056010775738,13.500208177927751,86.36363636363636,7,10.945181811896665,14.439708824500318,100.0,3,17.638259622532036,24.016502623231226,100.0,7,15.94605582294345,24.016502623231226,100.0,29,2.0579337218508584,2.107778982862973,58.620689655172406,0,,,,3,-6.606951492800758,-7.467918125273639,33.33333333333333
MTB,10,1255,2.1523,9.6531,-17.154,21.4586,38,7.268787240458492,5.775214095096976,100.0,5,5.668850805488812,4.627552953978349,100.0,11,7.876469100589764,5.594566783288743,100.0,26,7.035164048547634,5.805059208675466,100.0,11,5.857871591280306,5.396838160141313,100.0,1,3.513016454876587,3.513016454876587,100.0,5,5.668850805488812,4.627552953978349,100.0,34,6.035066566322196,5.233210176042,100.0,2,3.7840835101357335,3.7840835101357335,100.0,6,6.867440120217019,6.634585508491568,100.0
MTB,20,1255,2.1523,9.6531,-17.154,21.4586,38,7.901764109601996,8.545029880335996,86.8421052631579,5,7.584073652023906,10.429830584792029,80.0,11,9.769681906231515,10.984795626923134,81.81818181818183,26,7.203513977024726,6.419646090158052,88.46153846153845,11,5.903189887845181,4.3385824109227675,81.81818181818183,1,4.105705161753437,4.105705161753437,100.0,5,7.584073652023906,10.429830584792029,80.0,34,5.440558786416732,4.513219400114346,88.23529411764706,2,7.38003172326113,7.38003172326113,100.0,6,6.334716654064408,4.257427440973965,66.66666666666666
MTB,30,1255,2.1523,9.6531,-17.154,21.4586,38,10.316677811934374,10.358686226558458,89.47368421052632,5,9.119142204709082,10.246343038525374,100.0,11,12.289924525112797,10.47102941459154,90.9090909090909,26,10.031107604552314,9.70386119220561,88.46153846153845,11,11.567365265743502,10.246343038525374,81.81818181818183,1,10.246343038525374,10.246343038525374,100.0,5,9.119142204709082,10.246343038525374,100.0,34,5.024660216328581,5.366333875149254,73.52941176470588,2,14.368640264188722,14.368640264188722,100.0,6,5.136915439582988,5.167956183844688,66.66666666666666
MTB,60,1255,2.1523,9.6531,-17.154,21.4586,38,10.658758271504729,12.251509516353,81.57894736842105,5,13.16784688831566,12.453267339449797,80.0,11,13.016981418283622,12.453267339449797,81.81818181818183,26,8.41175893830556,9.04502562697844,73.07692307692307,11,7.145069060788262,8.912025297079497,54.54545454545454,1,-8.128956468603915,-8.128956468603915,0.0,5,13.16784688831566,12.453267339449797,80.0,34,3.160441173035281,0.09849413611675129,50.0,2,10.62369374507163,10.62369374507163,100.0,6,1.5516700962221295,-1.1284350668144598,33.33333333333333
MTD,10,1255,-0.6394,10.1827,-21.0048,19.726,31,6.518522430334489,6.128351264954765,100.0,4,7.35391752480618,6.327136098302799,100.0,11,7.606717887766525,6.744903096807101,100.0,13,5.6851552555240294,6.128351264954765,100.0,7,6.006456708777362,7.309963992291552,100.0,0,,,,4,7.35391752480618,6.327136098302799,100.0,33,6.438177294372352,6.459793244949495,100.0,0,,,,12,5.493189294936613,3.5991298541962617,100.0
MTD,20,1255,-0.6394,10.1827,-21.0048,19.726,31,7.962989690116709,6.2729576268952645,87.09677419354838,4,11.14193964550148,9.409218422362658,100.0,11,9.049602436779862,6.371037230202517,90.9090909090909,13,7.575187239926046,5.693422836630352,84.61538461538461,7,4.44093422507489,4.632660051961416,100.0,0,,,,4,11.14193964550148,9.409218422362658,100.0,33,5.996545861278556,5.900318999691667,75.75757575757575,0,,,,12,5.366554194587752,4.925255375262296,75.0
MTD,30,1255,-0.6394,10.1827,-21.0048,19.726,31,7.386584372668463,6.686653606373187,70.96774193548387,4,14.30556286813435,18.037538171340273,75.0,11,9.68428199706844,9.758633908452488,63.63636363636363,13,5.718040570007882,4.63301137134308,69.23076923076923,7,2.1067846095269394,2.547719902484033,57.14285714285714,0,,,,4,14.30556286813435,18.037538171340273,75.0,33,6.259484068587517,8.649155964486894,69.6969696969697,0,,,,12,6.2688359061369825,7.802174145223347,66.66666666666666
MTD,60,1255,-0.6394,10.1827,-21.0048,19.726,31,5.617489202278973,4.090328517427282,58.06451612903226,4,19.47583148975852,19.03684289672823,100.0,11,9.040834356951105,12.256714171932906,63.63636363636363,13,2.4537143344918,0.38780133778206605,53.84615384615385,7,-1.4203165743720931,-6.7213282705045705,42.857142857142854,0,,,,4,19.47583148975852,19.03684289672823,100.0,33,5.128335448036777,4.854534130020509,69.6969696969697,0,,,,12,6.469015056878894,7.66191770919287,66.66666666666666
MU,10,1255,5.1623,18.3648,-31.5673,41.8919,32,11.889391238014177,10.983456406624706,100.0,4,12.320613982365881,10.678590027075035,100.0,14,10.595498704737818,9.892371960463215,100.0,13,14.498914721008138,15.072040464727282,100.0,5,14.049461371732349,15.072040464727282,100.0,0,,,,4,12.320613982365881,10.678590027075035,100.0,33,9.819910846942179,8.806259164445947,100.0,1,11.5949462086768,11.5949462086768,100.0,7,11.395727091506158,11.066486495474837,100.0
MU,20,1255,5.1623,18.3648,-31.5673,41.8919,32,12.74919511042915,12.922693729083758,90.625,4,15.865855341638113,18.110610761265463,100.0,14,8.552038759323786,10.655036180798934,85.71428571428571,13,13.914978906131099,13.472540149956489,92.3076923076923,5,8.520131814899937,3.9314333184085317,100.0,0,,,,4,15.865855341638113,18.110610761265463,100.0,33,8.310065469048615,9.34711687219582,81.81818181818183,1,0.3474130347533011,0.3474130347533011,100.0,7,9.121946145520395,10.916358220395809,85.71428571428571
MU,30,1255,5.1623,18.3648,-31.5673,41.8919,32,17.428999830468065,14.18397530269317,81.25,4,25.665901129190097,23.707602316790734,100.0,14,12.004532837411285,12.165011408625052,71.42857142857143,13,22.69054145644263,8.373933151152976,69.23076923076923,5,1.520553933255947,-0.6769923088186968,40.0,0,,,,4,25.665901129190097,23.707602316790734,100.0,33,8.161049925040563,11.400993163783538,72.72727272727273,1,-9.068291705646432,-9.068291705646432,0.0,7,7.814659498654921,7.659025636716968,71.42857142857143
MU,60,1255,5.1623,18.3648,-31.5673,41.8919,32,23.430124762582764,15.39669056588142,75.0,4,28.339576253405717,15.39669056588142,75.0,14,13.602688866522348,9.417304730536026,64.28571428571429,13,29.43760199001601,12.020722055436536,53.84615384615385,5,6.091839959528933,-1.0176675616300221,40.0,0,,,,4,28.339576253405717,15.39669056588142,75.0,33,0.17676840804481853,4.505845579195787,60.60606060606061,1,-55.88213784901146,-55.88213784901146,0.0,7,4.521351327328518,7.156948504412888,85.71428571428571
NCLH,10,1255,-4.1633,19.1871,-42.5376,34.211,35,11.776625015813483,9.84588688769703,100.0,8,13.513345096194445,10.984197605021034,100.0,14,12.081603675174412,10.297532822847185,100.0,15,8.961628931255875,8.525640328098179,100.0,9,12.048338571451225,8.525640328098179,100.0,0,,,,8,12.431462590701907,10.884882901588888,100.0,35,10.231013629365549,8.592847508688106,100.0,0,,,,12,8.893759875280127,7.357392722845061,100.0
NCLH,20,1255,-4.1633,19.1871,-42.5376,34.211,35,12.998406599087234,11.75337160934166,68.57142857142857,8,15.774788468148575,16.546826263198703,87.5,14,14.845057280188323,13.178373129950383,78.57142857142857,15,10.176798167941909,8.005132204731678,60.0,9,17.674575285030055,18.20512873808227,77.77777777777779,0,,,,8,20.34989477065205,18.76021394988304,87.5,35,9.626214256920969,9.32520973237593,77.14285714285715,0,,,,12,4.499108973282958,0.8889947834734314,50.0
NCLH,30,1255,-4.1633,19.1871,-42.5376,34.211,35,15.998777904693737,15.41425250631212,71.42857142857143,8,18.79805482591005,17.00341660816928,87.5,14,19.35662525933687,17.00341660816928,78.57142857142857,15,9.72426814051819,10.128204391474481,60.0,9,22.912419829396555,21.845571095850207,77.77777777777779,0,,,,8,24.723546043365047,21.403599261759588,87.5,35,8.798289021843013,6.737212774997116,71.42857142857143,0,,,,12,1.4655436941575826,-1.6949978923467803,41.66666666666667
NCLH,60,1255,-4.1633,19.1871,-42.5376,34.211,35,17.55968597976971,10.702973935821161,80.0,8,22.949992291532997,22.97572169900323,75.0,14,25.83760588759038,30.037870719688968,85.71428571428571,15,13.129608139566352,10.702973935821161,73.33333333333333,9,17.390888907009547,8.775052322521853,88.88888888888889,0,,,,8,21.36431615044043,22.97572169900323,75.0,35,6.680358297629075,7.984949169398299,71.42857142857143,0,,,,12,-7.521628614601657,-3.0312484404870603,50.0
NDAQ,10,1255,1.4138,8.7553,-16.0968,18.9243,31,5.08811691911452,4.839829875849897,100.0,5,7.63258501365095,7.9273483927907336,100.0,11,5.970115663609949,5.67197509492414,100.0,16,4.6837242969890145,5.112176877142704,100.0,8,4.965214318466021,4.653160261753618,100.0,1,5.98817857899835,5.98817857899835,100.0,5,7.63258501365095,7.9273483927907336,100.0,30,5.532754022319086,4.3618718365124085,100.0,0,,,,7,5.62530272805491,5.271937733496472,100.0
NDAQ,20,1255,1.4138,8.7553,-16.0968,18.9243,31,4.833017026382928,4.95553974337595,77.41935483870968,5,8.363573282202198,7.44536865511729,100.0,11,5.433852078770183,4.97356081180238,90.9090909090909,16,4.599665664699514,3.55794568625625,75.0,8,3.957788435353376,2.451111114851165,75.0,1,0.40706018922267534,0.40706018922267534,100.0,5,8.363573282202198,7.44536865511729,100.0,30,4.687823372983433,4.744992085426933,80.0,0,,,,7,2.577426767359815,1.5764976558115682,71.42857142857143
NDAQ,30,1255,1.4138,8.7553,-16.0968,18.9243,31,6.3171612339571155,6.014306467315364,70.96774193548387,5,8.198617303576162,6.014306467315364,80.0,11,8.019560982213976,5.779054609638499,81.81818181818183,16,5.097600519982899,5.827903207571363,68.75,8,5.742794004977043,6.6474865026269425,62.5,1,-1.4662633503500462,-1.4662633503500462,0.0,5,8.198617303576162,6.014306467315364,80.0,30,4.261548526044422,4.448750862232281,73.33333333333333,0,,,,7,-0.5498254918680605,0.4471701656388836,57.14285714285714
NDAQ,60,1255,1.4138,8.7553,-16.0968,18.9243,31,8.466865659341957,9.579976947186426,61.29032258064516,5,15.425634448043297,11.835225736623194,60.0,11,12.802056232788066,11.835225736623194,54.54545454545454,16,5.311750977934132,9.483881907742308,62.5,8,10.646168554376953,12.8612390200895,75.0,1,-1.2472539661471302,-1.2472539661471302,0.0,5,15.425634448043297,11.835225736623194,60.0,30,0.3560453049025474,-1.7537204075633825,46.666666666666664,0,,,,7,-2.96066987439892,-3.8027376580145025,42.857142857142854
NDSN,10,1255,0.8081,8.4334,-16.0586,17.6748,35,4.713684786098366,4.409438438745303,100.0,3,7.9397376439639915,10.27999781652191,100.0,15,5.7992394466614465,5.177733797334063,100.0,20,4.335125302559785,4.462970981346702,100.0,8,4.750773141812759,3.4069307236433146,100.0,0,,,,4,7.607024016115948,8.444440474546862,100.0,36,4.284307278545912,3.5644398523139524,100.0,0,,,,5,5.121615040789889,4.437605373277133,100.0
NDSN,20,1255,0.8081,8.4334,-16.0586,17.6748,35,3.144267531951558,4.023288299561005,77.14285714285715,3,7.7930372237078815,8.33499468535493,100.0,15,3.3456605863566087,3.434947907255951,66.66666666666666,20,2.1677579506314273,2.5019571160359604,70.0,8,2.612041240914437,1.9406434942979434,62.5,0,,,,4,7.044776263897555,6.5674940349107525,100.0,36,4.282217488293992,3.4545268715330097,77.77777777777779,0,,,,5,3.954735840318424,6.99851812306976,60.0
NDSN,30,1255,0.8081,8.4334,-16.0586,17.6748,35,3.648063363130909,5.213523854713497,65.71428571428571,3,9.82272394906395,7.425548989216371,100.0,15,5.561335257286369,5.213523854713497,73.33333333333333,20,1.072615760697924,1.626841181657296,55.00000000000001,8,2.875451600461742,3.3573879575776036,75.0,0,,,,4,8.974820841650146,6.928330254312548,100.0,36,4.647093771806132,1.8635917163988083,75.0,0,,,,5,1.8903379347959763,1.667185525768842,60.0
NDSN,60,1255,0.8081,8.4334,-16.0586,17.6748,35,6.513686184242105,8.309176526358929,71.42857142857143,3,8.30213866636587,9.796789096715361,66.66666666666666,15,9.805819888788507,9.796789096715361,80.0,20,2.726524827119839,1.1812282495474002,55.00000000000001,8,4.436018041409902,6.099376927880582,62.5,0,,,,4,10.269129232266618,12.983445013342113,75.0,36,4.283098765668757,2.713909201036574,61.111111111111114,0,,,,5,-0.8977024604262815,-4.5538136590964,40.0
NEE,10,1255,1.1101,8.7112,-16.3124,18.5326,32,5.808527341526112,5.315823424077209,100.0,3,5.795073497180515,4.4606473819366474,100.0,13,6.779636567776139,6.097771032736211,100.0,12,5.813597530682865,5.566006543245736,100.0,7,5.256179495719522,3.6978594676845193,100.0,0,,,,5,6.681108989059401,5.3464680101023845,100.0,34,6.573146778735798,5.624124222488863,100.0,1,8.106415479231853,8.106415479231853,100.0,14,7.16882038949718,5.5676873728139284,100.0
NEE,20,1255,1.1101,8.7112,-16.3124,18.5326,32,6.75655243429246,6.670203675709262,81.25,3,13.23235229763308,11.432466825682114,100.0,13,7.20981486132239,8.93084078909007,84.61538461538461,12,7.588258353825487,5.842374929932981,83.33333333333334,7,8.503308986007811,8.556559532260525,71.42857142857143,0,,,,5,12.261384484055203,11.432466825682114,100.0,34,6.126520942257398,5.06945479734784,88.23529411764706,1,12.080995914893137,12.080995914893137,100.0,14,7.486491525647729,6.197644066262443,100.0
NEE,30,1255,1.1101,8.7112,-16.3124,18.5326,32,8.191532402814929,10.773411558682806,81.25,3,13.51917320824181,14.339008601286418,100.0,13,10.063126518735386,12.060496359117362,84.61538461538461,12,8.957727413465761,10.842973404895755,83.33333333333334,7,11.482861149310555,13.1128945139872,71.42857142857143,0,,,,5,13.566004296290924,14.339008601286418,100.0,34,6.35653852166322,6.68295963597787,73.52941176470588,1,9.565426921326663,9.565426921326663,100.0,14,5.852322556254353,6.070081467078615,64.28571428571429
NEE,60,1255,1.1101,8.7112,-16.3124,18.5326,32,10.477535327413703,8.118922967047974,78.125,3,19.630737915393357,26.32378227959762,100.0,13,10.050224332755844,5.037883293757093,84.61538461538461,12,12.152807165563331,17.50161967161079,75.0,7,10.88332387766259,16.97273386866323,85.71428571428571,0,,,,5,15.97638026393125,19.232168454063384,100.0,34,4.42737038250674,5.685866707053591,67.64705882352942,1,-0.132088621420787,-0.132088621420787,0.0,14,5.357735285047937,6.545115366598497,71.42857142857143
NEM,10,1255,1.9503,16.9066,-31.8628,35.7635,33,9.476462296685659,9.024268669639673,100.0,2,4.699051601791927,4.699051601791927,100.0,12,8.54199636787905,7.375342397137091,100.0,12,8.835579540127474,9.033781951369967,100.0,4,6.35790571569106,4.905504492997663,100.0,0,,,,2,4.699051601791927,4.699051601791927,100.0,37,6.665726804200402,6.842662668257506,100.0,0,,,,20,5.757111528616621,6.855284896922228,100.0
NEM,20,1255,1.9503,16.9066,-31.8628,35.7635,33,9.919512479752163,10.047057355173823,87.87878787878788,2,-1.3681604272479575,-1.3681604272479575,50.0,12,8.025846947484375,6.251287537475589,83.33333333333334,12,9.281625956989437,10.036895147463724,83.33333333333334,4,5.0653514597041776,1.203862151833157,50.0,0,,,,2,-1.3681604272479575,-1.3681604272479575,50.0,37,4.468439037630629,3.8100045488995615,67.56756756756756,0,,,,20,3.285537467488859,3.7181614735361954,70.0
NEM,30,1255,1.9503,16.9066,-31.8628,35.7635,33,11.881483754112745,14.461670635418445,78.78787878787878,2,-1.156656947645228,-1.156656947645228,50.0,12,10.600939964895984,9.14720969273277,75.0,12,11.25645943061563,15.543525361886704,75.0,4,4.007229568627298,5.223279457592978,50.0,0,,,,2,-1.156656947645228,-1.156656947645228,50.0,37,3.8243796554754335,2.624762502816538,59.45945945945946,0,,,,20,2.2152260780151716,2.1327286821035374,60.0
NEM,60,1255,1.9503,16.9066,-31.8628,35.7635,33,17.45421658038852,18.894606455671614,72.72727272727273,2,4.030451675702747,4.030451675702747,50.0,12,15.452017575992686,15.876158046902242,75.0,12,23.283691535387103,27.732108993748774,75.0,4,3.860427837684597,-0.1432655006727216,50.0,0,,,,2,4.030451675702747,4.030451675702747,50.0,37,0.7898849779907036,-2.9821074382505564,45.94594594594595,0,,,,20,-1.4164343982536103,-3.560364614127193,40.0
NFLX,10,1255,-1.6072,28.6971,-59.0014,55.7871,36,10.4076046591679,9.336486879165182,100.0,5,14.222829104073037,14.350018882756235,100.0,5,14.222829104073037,14.350018882756235,100.0,23,9.452514491969929,9.150448360958615,100.0,11,13.690478872086846,14.787322945875205,100.0,0,,,,5,14.222829104073037,14.350018882756235,100.0,35,6.215786908983493,5.379935278375991,100.0,0,,,,4,12.003735938088251,11.308144649645994,100.0
NFLX,20,1255,-1.6072,28.6971,-59.0014,55.7871,36,10.480042321416402,8.266204821821422,75.0,5,13.112588466141158,8.432018427627867,100.0,5,13.112588466141158,8.432018427627867,100.0,23,9.899448834695947,8.100391216014978,78.26086956521739,11,12.762087830911042,12.825993145335346,63.63636363636363,0,,,,5,13.112588466141158,8.432018427627867,100.0,35,4.8629580581707,3.834502777455117,62.857142857142854,0,,,,4,11.868762103039236,8.690188253089087,75.0
NFLX,30,1255,-1.6072,28.6971,-59.0014,55.7871,36,12.153960077498123,14.812602522901155,75.0,5,7.49226136572924,14.714191754525812,60.0,5,7.49226136572924,14.714191754525812,60.0,23,12.170686599433884,14.88738876205307,82.6086956521739,11,13.26737955009442,18.055349551154418,63.63636363636363,0,,,,5,7.49226136572924,14.714191754525812,60.0,35,4.507042562687277,2.370397402374529,65.71428571428571,0,,,,4,17.67765392527377,8.514754836370892,75.0
NFLX,60,1255,-1.6072,28.6971,-59.0014,55.7871,36,13.319251056242775,14.817394592165822,72.22222222222221,5,7.329756136331302,35.700778158895204,60.0,5,7.329756136331302,35.700778158895204,60.0,23,13.121232636367319,11.198697292798935,73.91304347826086,11,9.678039438024255,14.66112520408291,63.63636363636363,0,,,,5,7.329756136331302,35.700778158895204,60.0,35,1.1537648898752733,-2.6960102018362244,48.57142857142857,0,,,,4,4.157803774244266,-6.614357447080541,25.0
NI,10,1255,3.2595,5.8246,-8.3898,14.9088,40,4.845760869119173,4.652652295005837,100.0,4,8.980226321366358,8.095708819114366,100.0,12,5.443761093261412,5.357394813770966,100.0,22,4.815557215679054,5.1717569181050145,100.0,8,5.252029731247348,4.303793376678022,100.0,2,8.017344381431023,8.017344381431023,100.0,4,8.980226321366358,8.095708819114366,100.0,38,3.758081949631992,3.03541665247673,100.0,2,3.5958915864189747,3.5958915864189747,100.0,9,3.5862940095484053,2.1915063815488875,100.0
NI,20,1255,3.2595,5.8246,-8.3898,14.9088,40,5.769000943226709,6.189941056259652,87.5,4,9.35648160266249,8.179525249524719,100.0,12,5.691211740371368,6.086828473381965,83.33333333333334,22,7.0356356569088945,7.591333088796939,90.9090909090909,8,7.236849991748393,6.892405440329776,100.0,2,10.570275711124681,10.570275711124681,100.0,4,9.35648160266249,8.179525249524719,100.0,38,3.037552355906571,2.885176935520845,76.31578947368422,2,6.327059687720434,6.327059687720434,100.0,9,2.969332857443673,1.2134143561943567,66.66666666666666
NI,30,1255,3.2595,5.8246,-8.3898,14.9088,40,6.450154326103292,6.512031782922767,85.0,4,12.05759068364251,12.447489500910386,100.0,12,6.741651464807435,6.836476728925942,83.33333333333334,22,7.33900393470638,7.908124762174294,86.36363636363636,8,6.519436962427701,8.201536184324592,75.0,2,12.447489500910386,12.447489500910386,100.0,4,12.05759068364251,12.447489500910386,100.0,38,2.211987734019077,2.3147524449389363,60.526315789473685,2,5.441241074620372,5.441241074620372,100.0,9,-0.07490268098574313,-0.5263860632849588,44.44444444444444
NI,60,1255,3.2595,5.8246,-8.3898,14.9088,40,8.177063694361992,7.185578852021151,87.5,4,13.124476412417438,12.960997104175146,100.0,12,5.939333506785509,7.706627035783066,75.0,22,9.18893953460943,9.729072745254381,90.9090909090909,8,7.483114990644289,6.737347159474479,87.5,2,12.486148099545819,12.486148099545819,100.0,4,13.124476412417438,12.960997104175146,100.0,38,-0.03942984013945288,-0.1847924195392585,47.368421052631575,2,3.006975879711152,3.006975879711152,50.0,9,-3.097145190315068,-3.3619342404324106,22.22222222222222
NKE,10,1255,-5.4312,11.1413,-27.7139,16.8514,31,7.308730975124445,6.4047814562801815,100.0,5,8.758655052507056,7.734169888350443,100.0,11,7.674714175686972,7.734169888350443,100.0,8,4.396984947124333,3.1678616730452522,100.0,5,5.494693032421377,5.9644166694219685,100.0,0,,,,4,10.41026276195832,10.82389134691192,100.0,35,6.981262390138358,6.552367251068307,100.0,3,3.3573780979209746,1.9247025237749997,100.0,15,6.940240511880435,6.536464681019652,100.0
NKE,20,1255,-5.4312,11.1413,-27.7139,16.8514,31,5.665318271838457,5.510864231366696,74.19354838709677,5,9.697246396788675,10.04316744277038,100.0,11,9.731902278269999,10.04316744277038,100.0,8,0.20873934312492248,-0.5363605234097072,37.5,5,1.221795234480569,4.8261856204019,60.0,0,,,,4,7.581535794918832,8.172897521050452,100.0,35,6.8767652466554,7.660235478169749,80.0,3,3.540037935993498,2.8715479071620766,100.0,15,5.469366716243122,3.793687460612607,66.66666666666666
NKE,30,1255,-5.4312,11.1413,-27.7139,16.8514,31,5.932677293002706,3.7595885016267685,61.29032258064516,5,11.03985967224676,12.59620180825375,80.0,11,9.635537544343158,9.577071941740185,81.81818181818183,8,1.3662767902074484,-0.43620653991111613,50.0,5,0.8424240161694827,-1.935865242784489,40.0,0,,,,4,10.247796197769294,7.552671184222509,75.0,35,8.68505711739218,10.089769529523943,82.85714285714286,3,7.003588169749398,6.634909940030615,100.0,15,7.005018104998113,8.052227573463778,73.33333333333333
NKE,60,1255,-5.4312,11.1413,-27.7139,16.8514,31,2.0950167982075616,-2.642613711845669,45.16129032258064,5,23.97690557120485,17.83938563949968,100.0,11,12.102827173772464,5.802768455085414,63.63636363636363,8,-3.970235871326292,-5.459290804967842,25.0,5,-5.007885222136543,-2.642613711845669,20.0,0,,,,4,25.511285554131142,26.529969394315813,100.0,35,11.514883934264,13.739064837393078,91.42857142857143,3,6.301367127514204,3.754289336424441,100.0,15,9.833399520271627,15.954172724296331,80.0
NOC,10,1255,3.204,7.2293,-11.2546,17.6627,38,5.377585545798059,4.774178529875166,100.0,5,7.31897683067092,6.156459284686243,100.0,17,5.876414489412984,5.240470033117395,100.0,20,5.508305512297641,5.185183155634515,100.0,9,6.3650719497302175,5.060267474591192,100.0,0,,,,5,7.31897683067092,6.156459284686243,100.0,34,4.8199441721256555,4.179282808116811,100.0,2,6.529898921297852,6.529898921297852,100.0,10,2.8397490408943593,2.6298872934794124,100.0
NOC,20,1255,3.204,7.2293,-11.2546,17.6627,38,6.119370133097741,5.734505676455623,86.8421052631579,5,7.751884422889565,7.0311339767598735,100.0,17,7.088536758665681,6.893599779389999,94.11764705882352,20,6.751088900136944,6.343787470504468,80.0,9,5.001322226425525,5.32712500092602,100.0,0,,,,5,7.751884422889565,7.0311339767598735,100.0,34,4.112134719420612,3.0060132914050035,76.47058823529412,2,7.970855762488723,7.970855762488723,100.0,10,4.420800472146302,4.026272746185479,80.0
NOC,30,1255,3.204,7.2293,-11.2546,17.6627,38,6.558463105389914,6.185061865491777,76.31578947368422,5,5.3373843017768134,4.3101953604513765,60.0,17,9.106994759142815,7.721684668721099,88.23529411764706,20,6.810198398338724,6.9488326917973025,80.0,9,7.284599625331288,6.175980714873506,77.77777777777779,0,,,,5,5.3373843017768134,4.3101953604513765,60.0,34,3.4655460503287236,3.527884936680159,76.47058823529412,2,7.133999468986017,7.133999468986017,100.0,10,4.44488034022182,4.645269618784365,90.0
NOC,60,1255,3.204,7.2293,-11.2546,17.6627,38,9.932040855285337,8.763380092426114,81.57894736842105,5,5.8324237470873275,6.744406140574066,100.0,17,13.748748640833943,9.28966495181846,100.0,20,9.47809778039473,9.218272749645093,75.0,9,15.44664346934173,8.82864764843359,100.0,0,,,,5,5.8324237470873275,6.744406140574066,100.0,34,2.0255204733660483,2.9369211318986186,70.58823529411765,2,3.145743635853399,3.145743635853399,100.0,10,2.388152292843675,4.295190801824292,80.0
NOW,10,1255,-1.3121,14.6188,-30.5498,27.9256,33,10.247785950940546,8.8464649423754,100.0,5,17.07391284903657,22.449973100484264,100.0,11,13.010450291701757,13.147080786964016,100.0,18,10.117013472060187,8.98278887580006,100.0,9,11.994129354826024,10.332813036848542,100.0,2,17.57537367061041,17.57537367061041,100.0,5,17.07391284903657,22.449973100484264,100.0,37,7.487461532567528,6.644010558601305,100.0,0,,,,12,8.595067059732612,7.715410541612357,100.0
NOW,20,1255,-1.3121,14.6188,-30.5498,27.9256,33,9.516138247393316,9.16823987324085,72.72727272727273,5,14.325301804927983,18.481893536229464,80.0,11,8.998717916032959,3.8399035577871365,63.63636363636363,18,10.406053585659118,9.536953320776503,83.33333333333334,9,10.764457355804993,9.178954613503526,77.77777777777779,2,6.158007875977564,6.158007875977564,50.0,5,14.325301804927983,18.481893536229464,80.0,37,7.828955805126813,6.850514663674708,89.1891891891892,0,,,,12,8.822011535947333,9.19861097691409,100.0
NOW,30,1255,-1.3121,14.6188,-30.5498,27.9256,33,9.438492676356264,10.150282153088721,69.6969696969697,5,17.043744551668986,17.49181956763493,80.0,11,8.207520310131352,6.001215484777033,63.63636363636363,18,11.762461976216274,14.081727966237823,77.77777777777779,9,10.24975978138929,10.150282153088721,77.77777777777779,2,3.990719385949716,3.990719385949716,50.0,5,17.043744551668986,17.49181956763493,80.0,37,5.862503695953075,4.356236334620165,75.67567567567568,0,,,,12,9.08972843068863,7.666549487218412,100.0
NOW,60,1255,-1.3121,14.6188,-30.5498,27.9256,33,12.54926446591885,15.221207467368409,72.72727272727273,5,20.786833809741765,22.27290081527648,80.0,11,9.702088485777649,5.676509954677728,72.72727272727273,18,16.68996478101392,20.92883415932691,77.77777777777779,9,17.148744905536525,16.547310738739657,77.77777777777779,2,13.25813982406003,13.25813982406003,50.0,5,20.786833809741765,22.27290081527648,80.0,37,6.537572258106482,9.293497116135029,62.16216216216216,0,,,,12,9.124766986689279,9.616645134856123,75.0
NRG,10,1255,5.8268,12.0513,-18.2759,29.9294,38,8.310657276824909,7.321273965467273,100.0,3,8.135973583833279,7.65738326837919,100.0,14,9.492407693097897,7.836957983673197,100.0,28,8.631814745499803,7.432432579416,100.0,12,10.20727397873344,9.198372412184733,100.0,0,,,,4,12.339362682009224,12.627371429949305,100.0,34,6.139677963886737,5.453531271482122,100.0,2,3.630594758470234,3.630594758470234,100.0,7,5.22206686802302,5.123949881637572,100.0
NRG,20,1255,5.8268,12.0513,-18.2759,29.9294,38,11.17435730026845,9.635197519906747,94.73684210526315,3,9.821313763588767,11.080706438272271,100.0,14,12.429408130023527,10.27864792309991,92.85714285714286,28,11.649821961307381,10.514545980569897,96.42857142857143,12,12.188789231920003,9.221724880893108,91.66666666666666,0,,,,4,13.844170082029152,6.966901448144426,100.0,34,5.179869946695625,5.509227835806877,76.47058823529412,2,4.109932700875497,4.109932700875497,100.0,7,5.064544299075988,2.228802075244072,85.71428571428571
NRG,30,1255,5.8268,12.0513,-18.2759,29.9294,38,12.537505866180824,11.725710626031898,86.8421052631579,3,10.964882588380553,10.545083838630548,100.0,14,17.668545033725955,12.827817944760854,100.0,28,13.441357986430264,12.25716879348003,85.71428571428571,12,18.719266385819136,14.71730289405406,91.66666666666666,0,,,,4,33.11418351820546,14.592478028860715,100.0,34,2.241709485908499,3.846548269050177,64.70588235294117,2,4.914677496435382,4.914677496435382,100.0,7,2.094641965871737,5.229606245263853,57.14285714285714
NRG,60,1255,5.8268,12.0513,-18.2759,29.9294,38,18.38792842815566,13.355810773459282,92.10526315789474,3,9.739891308302303,11.818154063439136,100.0,14,21.80915896874385,12.814085938948915,100.0,28,20.95016794523001,14.54030334412537,89.28571428571429,12,22.10730964198214,13.355810773459282,91.66666666666666,0,,,,4,47.497611063443806,50.12323098098204,100.0,34,-2.0256378693624026,0.30270502998724846,50.0,2,0.5886242991720603,0.5886242991720603,50.0,7,1.0882535703358676,0.6134194762290025,57.14285714285714
NSC,10,1255,0.7533,8.5343,-16.3152,17.8219,33,4.609334219866853,4.024048414574753,100.0,4,4.77136303016298,5.148317812026639,100.0,18,5.538651695014118,5.167622643693996,100.0,16,3.2959497077891995,2.4504974521133525,100.0,8,2.5858521699716777,2.8808770220284234,100.0,1,3.003734986667781,3.003734986667781,100.0,7,6.548431629011968,7.292900637385498,100.0,31,4.337195838286774,3.612835353149662,100.0,2,1.351269515611693,1.351269515611693,100.0,7,5.899613767196813,4.0047849444672625,100.0
NSC,20,1255,0.7533,8.5343,-16.3152,17.8219,33,5.526959895555231,5.89525890970114,72.72727272727273,4,4.286451357823425,6.379609108915657,75.0,18,7.745810380511712,8.23924387156615,77.77777777777779,16,3.789555559577528,4.240366936117564,68.75,8,2.003782966595008,2.000854441370734,50.0,1,6.112727571963911,6.112727571963911,100.0,7,8.629982640629327,6.646490645867402,85.71428571428571,31,4.859520283314128,4.875053083053441,77.41935483870968,2,0.8973198268743373,0.8973198268743373,50.0,7,2.9821096668256026,4.875053083053441,57.14285714285714
NSC,30,1255,0.7533,8.5343,-16.3152,17.8219,33,7.164050685955853,7.367429549550715,78.78787878787878,4,8.101612440056384,8.676195088082894,75.0,18,10.951273836985981,11.012497332981162,88.88888888888889,16,3.863716957766357,4.632407076563662,68.75,8,1.7248109881864668,2.193313450874482,75.0,1,5.364305514785822,5.364305514785822,100.0,7,11.907747674822772,11.988084661379965,85.71428571428571,31,3.970835910041217,3.115289667284853,64.51612903225806,2,1.9136728112634507,1.9136728112634507,50.0,7,-0.7637586100934387,-2.185609739480926,42.857142857142854
NSC,60,1255,0.7533,8.5343,-16.3152,17.8219,33,8.10251537243995,9.294412895260711,69.6969696969697,4,14.895394712033351,12.396754110503483,100.0,18,15.13367846753694,17.61665649872115,88.88888888888889,16,1.4107887094801812,-0.12669649019776574,50.0,8,3.778948657096427,6.935212755942266,75.0,1,11.260499660399946,11.260499660399946,100.0,7,14.68488465440593,13.533008560607021,85.71428571428571,31,3.837869276962138,3.904062145112272,67.74193548387096,2,1.8680848789172884,1.8680848789172884,50.0,7,-3.4079420723226415,-5.122788449393488,28.57142857142857
NTAP,10,1255,0.722,11.997,-23.2719,24.7159,29,6.406180129032302,5.275274576039143,100.0,4,5.024743846176644,5.811414688341582,100.0,7,5.559248042584071,6.168393420891983,100.0,15,4.828007205605323,3.439699410501644,100.0,7,10.364527797187508,7.811193760075703,100.0,1,1.143681122256764,1.143681122256764,100.0,4,5.024743846176644,5.811414688341582,100.0,34,6.974574386693553,5.676897695107811,100.0,0,,,,5,6.983294915128047,7.814725048651547,100.0
NTAP,20,1255,0.722,11.997,-23.2719,24.7159,29,6.484888570693331,4.165450254872398,82.75862068965517,4,6.649106254432132,6.161682471793875,50.0,7,9.596865161394183,13.567313126535355,71.42857142857143,15,3.5529628574130987,2.8890091184779405,80.0,7,8.879400361882475,8.526107232006767,85.71428571428571,1,-8.052828094380155,-8.052828094380155,0.0,4,6.649106254432132,6.161682471793875,50.0,34,6.227564107785705,4.8640144525621665,82.35294117647058,0,,,,5,7.295398596705391,9.901843403208185,80.0
NTAP,30,1255,0.722,11.997,-23.2719,24.7159,29,8.37375856719161,4.9269930874668715,82.75862068965517,4,11.778279272366337,9.331771144728602,50.0,7,11.600102372743928,14.95354234316395,57.14285714285714,15,4.80521700892153,2.4331105862808626,80.0,7,13.547939770413894,11.287847890243466,100.0,1,-1.1578991370899079,-1.1578991370899079,0.0,4,11.778279272366337,9.331771144728602,50.0,34,4.751376663445296,3.036443766054438,73.52941176470588,0,,,,5,8.82779444803173,10.97755549032715,80.0
NTAP,60,1255,0.722,11.997,-23.2719,24.7159,29,9.976629613585565,7.0311094063433,72.41379310344827,4,16.986084563509472,13.071929390103097,100.0,7,8.762887907490207,6.844061016828033,71.42857142857143,15,10.506668462538551,8.438147982033659,80.0,7,13.049428229220027,8.438147982033659,71.42857142857143,1,15.168657724670922,15.168657724670922,100.0,4,16.986084563509472,13.071929390103097,100.0,34,3.6350162992986332,5.606871364945443,64.70588235294117,0,,,,5,15.055365261374922,18.43297710932715,100.0
NTRS,10,1255,1.1927,9.4533,-17.7138,20.0992,34,6.04658927333808,5.920645667833465,100.0,4,5.900722799019495,6.530664456104269,100.0,14,6.647414745394281,6.179892051609981,100.0,18,5.567378937433254,5.581498279880664,100.0,9,6.868425092864399,6.71466131268225,100.0,0,,,,4,5.900722799019495,6.530664456104269,100.0,35,5.573755641191816,4.372717026457813,100.0,1,3.7861554646163635,3.7861554646163635,100.0,8,4.352442990228168,3.5003009908974914,100.0
NTRS,20,1255,1.1927,9.4533,-17.7138,20.0992,34,7.857855769527758,8.058251877886589,91.17647058823529,4,12.078950225785062,11.82201103184977,100.0,14,9.021163801615883,10.158055130875193,85.71428571428571,18,7.184198180021645,6.707057053043224,94.44444444444444,9,7.289589060195739,8.446449701588836,88.88888888888889,0,,,,4,12.078950225785062,11.82201103184977,100.0,35,4.697396551522185,5.466910163097792,80.0,1,1.5598814664399563,1.5598814664399563,100.0,8,3.473354377621756,4.281222383584794,75.0
NTRS,30,1255,1.1927,9.4533,-17.7138,20.0992,34,7.6546293284677445,7.173903929444041,79.41176470588235,4,14.446852583525859,13.342955229482797,100.0,14,8.395662694661258,7.575538352190513,71.42857142857143,18,7.953770941051591,8.443164774057358,83.33333333333334,9,5.101672935987966,5.43468831974811,66.66666666666666,0,,,,4,14.446852583525859,13.342955229482797,100.0,35,5.144307920989913,3.7264815252174803,77.14285714285715,1,2.70330288679137,2.70330288679137,100.0,8,3.2286746128672936,5.795371786222017,62.5
NTRS,60,1255,1.1927,9.4533,-17.7138,20.0992,34,7.7093452562039015,4.362483330766205,67.64705882352942,4,25.75885225261748,22.582961219585904,100.0,14,10.299208426636525,4.898464420913266,57.14285714285714,18,6.81651897994489,5.641320847345959,72.22222222222221,9,11.160616299963186,13.243445335450495,66.66666666666666,0,,,,4,25.75885225261748,22.582961219585904,100.0,35,3.707297148542658,4.001871705800637,65.71428571428571,1,-1.574072418669906,-1.574072418669906,0.0,8,5.5130648349799065,6.883629386987213,75.0
NUE,10,1255,1.584,11.2368,-20.8896,24.0576,30,9.407058641851382,8.304754420961851,100.0,4,8.129199303824475,7.219610185353936,100.0,11,10.72471991657825,8.778825376035762,100.0,19,8.395335491886787,7.703626725393539,100.0,9,10.783152436961704,8.997076385323712,100.0,0,,,,4,8.129199303824475,7.219610185353936,100.0,33,7.508455173634195,4.979417911947634,100.0,3,9.239322788070544,4.033451490830148,100.0,3,6.852698876021178,5.891630862719839,100.0
NUE,20,1255,1.584,11.2368,-20.8896,24.0576,30,10.150814603457832,9.909852906141097,73.33333333333333,4,23.10801590052118,23.397711642321788,100.0,11,16.9397228828413,16.73124294625108,81.81818181818183,19,5.712612652093719,6.8769186712550185,68.42105263157895,9,10.897295989739954,11.787316783694676,55.55555555555556,0,,,,4,23.10801590052118,23.397711642321788,100.0,33,6.811946422877959,5.974783222632349,72.72727272727273,3,9.788809501116976,-0.9316701946106688,33.33333333333333,3,3.89510918335371,2.0899367776205913,100.0
NUE,30,1255,1.584,11.2368,-20.8896,24.0576,30,11.667321377459098,12.045467878027065,80.0,4,26.020323285552745,27.509802263451043,100.0,11,20.6229185295142,24.49334293488263,90.9090909090909,19,6.4980609835611105,8.140883353480385,73.68421052631578,9,15.390343325506459,17.987050598803272,66.66666666666666,0,,,,4,26.020323285552745,27.509802263451043,100.0,33,6.986541833867879,7.715881976180904,72.72727272727273,3,20.785500910849994,18.42880577071406,100.0,3,5.2474448280941,1.057168325939995,66.66666666666666
NUE,60,1255,1.584,11.2368,-20.8896,24.0576,30,14.400844999972556,15.151759556472467,80.0,4,17.32527797882566,17.59224428089164,75.0,11,22.018910621382823,19.081698199182327,90.9090909090909,19,10.617983947757775,14.41723674286452,73.68421052631578,9,22.426659922566035,19.592265131690194,77.77777777777779,0,,,,4,17.32527797882566,17.59224428089164,75.0,33,4.170214260175537,4.194391325783177,57.57575757575758,3,26.74042460079026,31.35425286006925,100.0,3,-0.21441231922368095,-1.3706965542686471,33.33333333333333
NVDA,10,1255,7.4324,19.9038,-32.3752,47.2401,28,14.735845978563253,12.791937620099445,100.0,4,13.076625535007116,13.164413483270021,100.0,8,16.90957536192439,16.572343752869163,100.0,22,14.693783524667106,12.702027465069772,100.0,8,18.98251246857824,17.053753493361477,100.0,1,2.7568744655494917,2.7568744655494917,100.0,4,13.076625535007116,13.164413483270021,100.0,32,8.814321328640021,6.652366555033705,100.0,0,,,,2,21.34329754614661,21.34329754614661,100.0
NVDA,20,1255,7.4324,19.9038,-32.3752,47.2401,28,14.67279874126557,10.337603465623767,89.28571428571429,4,23.387999747417297,23.83251801240545,100.0,8,12.1365294665979,6.418384970604082,75.0,22,12.114065933112386,9.665760729268158,86.36363636363636,8,6.0746921855720455,8.668056395945424,75.0,1,20.68710185258907,20.68710185258907,100.0,4,23.387999747417297,23.83251801240545,100.0,32,8.70300598897097,8.060366576502169,78.125,0,,,,2,17.247402691582103,17.247402691582103,100.0
NVDA,30,1255,7.4324,19.9038,-32.3752,47.2401,28,18.114830203604214,13.760432161214148,75.0,4,28.458463208504455,36.009984540647025,75.0,8,11.755691707190023,-0.15858903554293113,50.0,22,15.305143469226675,7.325093870772088,72.72727272727273,8,2.2286231158920327,-0.15858903554293113,50.0,1,43.749332442609465,43.749332442609465,100.0,4,28.458463208504455,36.009984540647025,75.0,32,5.3487444612206225,4.762904565898756,68.75,0,,,,2,2.5564873581237118,2.5564873581237118,50.0
NVDA,60,1255,7.4324,19.9038,-32.3752,47.2401,28,27.82584515670673,25.938743269351928,71.42857142857143,4,26.330175269892248,26.53753183363502,75.0,8,13.690216199238357,1.9450234305265828,50.0,22,23.199645828803394,15.599019097613878,68.18181818181817,8,11.027679967127082,-0.09558687270118194,50.0,1,66.74892592038765,66.74892592038765,100.0,4,26.330175269892248,26.53753183363502,75.0,32,-3.229240438937056,3.057578962395087,59.375,0,,,,2,-3.884729873342991,-3.884729873342991,50.0
NVR,10,1255,0.9176,10.1135,-19.3094,21.1445,38,5.596073211981558,5.802228750173153,100.0,4,7.525693040735095,6.704584035620794,100.0,13,5.347959752929716,5.614826402259567,100.0,19,5.200414733600774,4.359767795374067,100.0,9,4.137424772549255,3.8299797508687075,100.0,0,,,,4,7.525693040735095,6.704584035620794,100.0,42,4.705359616440488,4.001559994889466,100.0,0,,,,11,5.815311198754606,3.7518571917790955,100.0
NVR,20,1255,0.9176,10.1135,-19.3094,21.1445,38,5.040128557683027,4.313059548606379,71.05263157894737,4,4.9343949626268415,1.881526572314564,50.0,13,3.8123587920756594,3.588235162081189,61.53846153846154,19,4.242035362900355,3.418866022857505,68.42105263157895,9,1.852420451743293,1.2163246743542588,55.55555555555556,0,,,,4,4.9343949626268415,1.881526572314564,50.0,42,3.342192452349061,3.4554462900866136,69.04761904761905,0,,,,11,3.927091624734625,3.684864204895023,81.81818181818183
NVR,30,1255,0.9176,10.1135,-19.3094,21.1445,38,5.556410653309733,5.859087358239221,68.42105263157895,4,7.74991143651462,5.397724869272489,75.0,13,3.7126487620090622,2.8274282132461184,61.53846153846154,19,4.321052349353626,2.9064970808542174,57.89473684210527,9,0.9083644120283848,-3.154636504039561,44.44444444444444,0,,,,4,7.74991143651462,5.397724869272489,75.0,42,2.936501400704715,2.7751986820094694,61.904761904761905,0,,,,11,3.934387786938341,4.484621725874478,72.72727272727273
NVR,60,1255,0.9176,10.1135,-19.3094,21.1445,38,7.0432079093685545,8.726625580607585,71.05263157894737,4,5.447009159356076,4.473732651698319,100.0,13,4.483744596784592,5.227531126877617,76.92307692307693,19,4.568170240418185,6.243392386316943,57.89473684210527,9,1.01350570904027,-10.371866639650976,44.44444444444444,0,,,,4,5.447009159356076,4.473732651698319,100.0,42,2.2692291195989887,3.949886385545601,57.14285714285714,0,,,,11,-0.057608916752916836,3.898886211001182,54.54545454545454
NWS,10,1255,0.6705,9.3414,-18.0124,19.3533,39,6.457896563837386,6.323185932496574,100.0,5,6.298894432463894,5.795387041153602,100.0,12,6.030415434664083,5.77474991581246,100.0,20,6.74170936308054,6.580255789434949,100.0,8,6.84226834294038,7.005829952855898,100.0,0,,,,5,6.298894432463894,5.795387041153602,100.0,37,4.471961082297145,3.265663832637523,100.0,0,,,,6,6.229486076670182,4.58830880155995,100.0
NWS,20,1255,0.6705,9.3414,-18.0124,19.3533,39,7.43826043619655,8.16903138292076,82.05128205128204,5,8.600014709160002,11.378409582717975,80.0,12,9.530439559791985,10.647789344398593,91.66666666666666,20,7.087437132829355,7.539642089340829,80.0,8,9.235897696788818,10.806181284732755,87.5,0,,,,5,8.600014709160002,11.378409582717975,80.0,37,3.5511210144617573,2.822455579889051,75.67567567567568,0,,,,6,4.982321061326579,6.576632268244046,66.66666666666666
NWS,30,1255,0.6705,9.3414,-18.0124,19.3533,39,7.8093338594394135,8.350414067524262,82.05128205128204,5,5.3245542460700666,9.06767497392176,60.0,12,8.261173635903793,9.268964995201639,75.0,20,8.407360017123867,7.187372202444081,95.0,8,8.696026032734848,8.709044520723012,75.0,0,,,,5,5.3245542460700666,9.06767497392176,60.0,37,3.83844559912715,3.277261516546305,64.86486486486487,0,,,,6,6.21529120929799,6.872363658607607,66.66666666666666
NWS,60,1255,0.6705,9.3414,-18.0124,19.3533,39,8.158655337392197,8.002362136205761,71.7948717948718,5,10.192268762299003,8.002362136205761,100.0,12,7.591190621334227,6.3962060857192355,75.0,20,8.755946590757462,8.414497085948344,70.0,8,8.75523991037643,11.90215152318228,75.0,0,,,,5,10.192268762299003,8.002362136205761,100.0,37,1.8818914585599906,0.5133146869983076,51.35135135135135,0,,,,6,2.6851705610767724,6.304145144245071,66.66666666666666
NWSA,10,1255,0.0257,9.1302,-18.2347,18.2862,35,5.728474212697875,5.0000104261330485,100.0,5,7.632084083067703,6.387083857329029,100.0,11,5.992163901928995,5.0000104261330485,100.0,21,5.011303512558412,4.940364732080018,100.0,7,5.658141485174453,6.387083857329029,100.0,1,6.387083857329029,6.387083857329029,100.0,4,6.870100198582642,5.643870574930961,100.0,37,5.158965118414578,3.788258477844581,100.0,1,12.90171257661003,12.90171257661003,100.0,5,8.812683588351288,8.710800103764779,100.0
NWSA,20,1255,0.0257,9.1302,-18.2347,18.2862,35,6.853721042120604,7.122147420249458,88.57142857142857,5,11.432025153040945,13.548377260772892,80.0,11,9.572438515895534,9.542588218333336,90.9090909090909,21,6.492235061197321,7.122147420249458,90.47619047619048,7,9.096726234363603,11.890748727214518,85.71428571428571,1,13.548377260772892,13.548377260772892,100.0,4,9.899123347507118,12.502660362408832,75.0,37,3.7258082965276786,2.583428854025438,75.67567567567568,1,19.608761866572554,19.608761866572554,100.0,5,6.646464953339008,11.067189661078682,80.0
NWSA,30,1255,0.0257,9.1302,-18.2347,18.2862,35,7.107739041723416,7.659901085226208,74.28571428571429,5,10.439741480995085,15.09933485263285,80.0,11,9.360799304876345,9.03224310729101,81.81818181818183,21,6.651901134478957,7.729209849946788,76.19047619047619,7,9.040355111619292,9.03224310729101,85.71428571428571,1,9.03224310729101,9.03224310729101,100.0,4,8.909084536053115,12.06578897996193,75.0,37,3.9626734967638413,2.2870354757787115,62.16216216216216,1,25.418522266974826,25.418522266974826,100.0,5,6.734535169462847,3.3694953390290467,80.0
NWSA,60,1255,0.0257,9.1302,-18.2347,18.2862,35,7.5125313613532025,7.886552091845032,71.42857142857143,5,13.750468687173154,10.095399580656593,100.0,11,8.481230108523238,8.157095042812651,81.81818181818183,21,8.170264412833012,7.476626317416356,71.42857142857143,7,12.409197469454979,7.96534257051875,100.0,1,25.35482714221473,25.35482714221473,100.0,4,11.556043980076936,9.126247311734623,100.0,37,3.3229242959576797,2.3715350606317296,56.75675675675676,1,18.57445036924329,18.57445036924329,100.0,5,6.913744415130194,2.3715350606317296,60.0
NXPI,10,1255,0.0793,9.8514,-19.6235,19.7821,35,7.717580962015363,5.900179573439759,100.0,6,14.438378120086204,15.306964947263655,100.0,14,10.279036974344788,8.124469344136706,100.0,19,6.81626152505649,5.900179573439759,100.0,10,10.006804958753193,7.664557873296346,100.0,1,12.783304666600731,12.783304666600731,100.0,7,13.606381880576047,12.783304666600731,100.0,39,7.458747305102543,6.0168164358585425,100.0,1,0.080482230529258,0.080482230529258,100.0,9,8.922398854379004,5.663728483597296,100.0
NXPI,20,1255,0.0793,9.8514,-19.6235,19.7821,35,6.7037210157193945,4.50631140689896,71.42857142857143,6,18.569655883356713,22.40204944615929,100.0,14,10.301315645241287,7.956090614687016,85.71428571428571,19,5.176927102122678,3.2317193714959003,68.42105263157895,10,9.341303021194898,5.547903620154999,90.0,1,8.10647208792718,8.10647208792718,100.0,7,18.422598447112204,21.73942420681551,100.0,39,6.136660670785098,7.5683896560437,74.35897435897436,1,9.80058929434968,9.80058929434968,100.0,9,5.813814432592621,7.470184300829734,55.55555555555556
NXPI,30,1255,0.0793,9.8514,-19.6235,19.7821,35,8.406101836915465,5.762101038381429,71.42857142857143,6,20.72829550541535,21.242833693887977,100.0,14,12.829658736932597,9.60023645629067,78.57142857142857,19,5.112764746727078,4.571985352186669,68.42105263157895,10,10.005404954173219,7.5258078996872175,70.0,1,5.762101038381429,5.762101038381429,100.0,7,21.961168562839077,23.650079981679912,100.0,39,7.314335991491968,9.092764146602457,79.48717948717949,1,8.27146278301226,8.27146278301226,100.0,9,8.900148994953383,11.185977829609214,77.77777777777779
NXPI,60,1255,0.0793,9.8514,-19.6235,19.7821,35,7.374672458065314,4.192673301914814,65.71428571428571,6,17.400287012137934,16.02523257384724,83.33333333333334,14,9.847889204837461,5.348050707491479,64.28571428571429,19,6.685095349583101,5.139212604039173,68.42105263157895,10,11.893851081114459,9.892393548118756,70.0,1,9.266796861816985,9.266796861816985,100.0,7,18.770418003013255,22.783668285877493,85.71428571428571,39,7.349165017996056,5.959710374140157,76.92307692307693,1,8.576016897896766,8.576016897896766,100.0,9,11.174123342756054,12.565224561798182,100.0
O,10,1255,0.4967,6.2617,-12.0266,13.0201,34,4.794890192203687,4.042910870235665,100.0,5,7.153458966743838,8.380121171533709,100.0,10,6.985369671748607,6.889503406927737,100.0,23,4.456596301007127,3.506914903860859,100.0,9,3.832975016402758,3.245926838598994,100.0,0,,,,5,7.153458966743838,8.380121171533709,100.0,35,3.5575939577312914,3.134579354844925,100.0,2,4.731021912481787,4.731021912481787,100.0,4,4.179135688741397,4.5212753166902955,100.0
O,20,1255,0.4967,6.2617,-12.0266,13.0201,34,5.307085008488112,4.853631045741219,88.23529411764706,5,8.338518022038889,4.939015455178148,80.0,10,7.003704555842807,5.265962203652329,90.0,23,4.5838198118941715,4.253721127629275,86.95652173913044,9,4.831236507602215,4.768246636304291,77.77777777777779,0,,,,5,8.338518022038889,4.939015455178148,80.0,35,2.9720131124817417,2.1645774144185475,80.0,2,6.859132091061268,6.859132091061268,100.0,4,-0.5711324815149476,-1.8906730341674025,25.0
O,30,1255,0.4967,6.2617,-12.0266,13.0201,34,5.839685364415049,6.194375409566383,79.41176470588235,5,10.702276134252635,9.373046660503542,100.0,10,9.775243230168147,7.599864601875186,100.0,23,4.487660157578437,4.418872107896351,69.56521739130434,9,5.160883571439531,6.1938801947730315,77.77777777777779,0,,,,5,10.702276134252635,9.373046660503542,100.0,35,2.620137696569887,1.7773013084449514,68.57142857142857,2,4.84782144619206,4.84782144619206,50.0,4,-2.721122483449359,-4.061826743673437,25.0
O,60,1255,0.4967,6.2617,-12.0266,13.0201,34,6.730459879846681,7.117630952484488,76.47058823529412,5,15.059277143802925,20.252611199671414,100.0,10,10.57457845254131,9.08722444310147,90.0,23,4.14291938603458,6.383208227631249,69.56521739130434,9,8.122055632938313,10.248963133784518,77.77777777777779,0,,,,5,15.059277143802925,20.252611199671414,100.0,35,2.1479122797755563,2.865921316513867,62.857142857142854,2,12.073973740744457,12.073973740744457,100.0,4,-7.43027865585575,-11.208289107155244,25.0
ODFL,10,1255,0.356,11.5952,-22.8343,23.5464,36,8.146675377321058,6.652508113212114,100.0,4,9.533286640774772,9.731336673867325,100.0,12,9.125508915644312,8.30124017117723,100.0,15,7.889172874887011,6.55976383535547,100.0,9,6.117160924474309,6.55976383535547,100.0,0,,,,3,10.901660463905564,11.598433333518944,100.0,36,6.463901864047845,6.027927217435081,100.0,1,5.244872996603766,5.244872996603766,100.0,12,6.022383908011079,6.738529233539037,100.0
ODFL,20,1255,0.356,11.5952,-22.8343,23.5464,36,7.405106217411874,5.81523979494016,80.55555555555556,4,8.10031821953112,8.160939239910848,75.0,12,9.93446595284988,6.32586112049095,91.66666666666666,15,3.5171114554862917,4.250780648550431,66.66666666666666,9,3.446616397472468,5.862458496762274,66.66666666666666,0,,,,3,8.726293417253254,10.099485853456978,66.66666666666666,36,7.058529129398732,5.0236536411918955,88.88888888888889,1,4.2903195820333515,4.2903195820333515,100.0,12,6.10700666075261,4.793408487663228,83.33333333333334
ODFL,30,1255,0.356,11.5952,-22.8343,23.5464,36,7.815149088113952,6.626428621161968,69.44444444444444,4,10.868028002673393,10.617875770240737,75.0,12,9.580328845223983,10.617875770240737,66.66666666666666,15,0.5072216768093181,2.559233648765018,53.333333333333336,9,6.517235622611032,3.8507104009229742,66.66666666666666,0,,,,3,15.991414067801484,10.732627148416006,100.0,36,6.999545522369117,8.051191670915703,80.55555555555556,1,10.624964492698025,10.624964492698025,100.0,12,5.969218111162175,8.051191670915703,83.33333333333334
ODFL,60,1255,0.356,11.5952,-22.8343,23.5464,36,9.7628479502607,10.02022967220081,63.888888888888886,4,15.863809059865174,12.670421221741817,100.0,12,11.58707996737224,11.662417983159575,66.66666666666666,15,0.07202916436093468,-2.060427373847193,40.0,9,8.547637115074686,7.428763317148271,55.55555555555556,0,,,,3,19.184749297135884,13.313045726382647,100.0,36,6.37045996649572,9.660011157423872,66.66666666666666,1,14.350254652722061,14.350254652722061,100.0,12,4.660400644845047,5.569044320858081,66.66666666666666
OKE,10,1255,2.8025,9.2245,-15.6464,21.2514,37,5.7320868680714145,5.278876095438307,100.0,5,6.607452522280359,6.584115923825921,100.0,14,5.258157142741898,5.46615470336334,100.0,25,6.3642225153844665,5.357841735709808,100.0,8,7.230400120075459,7.599514225195746,100.0,2,5.970978829767865,5.970978829767865,100.0,5,6.607452522280359,6.584115923825921,100.0,35,5.342211730405736,4.032747152143346,100.0,1,10.192227026570624,10.192227026570624,100.0,6,5.373422038505499,5.52660157515084,100.0
OKE,20,1255,2.8025,9.2245,-15.6464,21.2514,37,5.712631883866684,6.753553329917975,75.67567567567568,5,8.270277797924637,8.778832913421686,100.0,14,4.917198293427627,2.626529082861989,78.57142857142857,25,6.903030588673622,8.583881765015546,76.0,8,2.9987210691942425,6.631688435700546,62.5,2,10.053723830550194,10.053723830550194,100.0,5,8.270277797924637,8.778832913421686,100.0,35,4.862770468261772,4.5722193562453715,80.0,1,13.737719300258933,13.737719300258933,100.0,6,6.444736260030957,6.474967474678552,100.0
OKE,30,1255,2.8025,9.2245,-15.6464,21.2514,37,7.190522392933116,7.839772801361905,78.37837837837837,5,11.407780551198096,11.557074793569862,100.0,14,5.342195519752342,4.363185533814942,64.28571428571429,25,9.094954030260102,9.366981117138879,88.0,8,7.526614179604302,9.022490502592674,87.5,2,17.90181912143996,17.90181912143996,100.0,5,11.407780551198096,11.557074793569862,100.0,35,4.850777105056326,3.2248419935499615,71.42857142857143,1,12.131572052672054,12.131572052672054,100.0,6,5.522660138253788,6.098370409097733,100.0
OKE,60,1255,2.8025,9.2245,-15.6464,21.2514,37,8.612609725219723,9.222211155339274,75.67567567567568,5,13.264978715362584,16.034585521927678,100.0,14,5.7677268544211335,2.8996120663419953,64.28571428571429,25,10.502487455857466,11.185864916886116,84.0,8,7.677068495342446,12.901006133743728,75.0,2,21.78755967121147,21.78755967121147,100.0,5,13.264978715362584,16.034585521927678,100.0,35,4.060111472910446,2.5430743715173327,60.0,1,15.274489466402958,15.274489466402958,100.0,6,4.204640568507549,6.05463634464296,66.66666666666666
OMC,10,1255,-0.3072,9.6544,-19.6159,19.0015,35,6.117425098917995,5.319780981190087,100.0,6,5.3108230084883195,4.8543795178775735,100.0,12,4.666451356602532,4.379976894137591,100.0,18,5.722230639911965,5.323243082191169,100.0,7,7.4905556319661075,7.639826587472491,100.0,1,7.639826587472491,7.639826587472491,100.0,5,6.242495673438482,5.616114730040929,100.0,40,5.399917664050553,5.435899509897819,100.0,1,8.865971770634046,8.865971770634046,100.0,12,5.2250744226909775,4.994532401680041,100.0
OMC,20,1255,-0.3072,9.6544,-19.6159,19.0015,35,5.995421821396323,6.35007967590369,82.85714285714286,6,5.040056122802614,4.47243280847949,83.33333333333334,12,3.8533891433369707,2.8680850469611165,75.0,18,5.271076412837985,5.474328156103411,77.77777777777779,7,2.96462403785652,0.6214179454085456,57.14285714285714,1,0.6214179454085456,0.6214179454085456,100.0,5,6.317425098140486,5.577952287917853,100.0,40,5.116253333672302,4.539162306705659,80.0,1,13.819432663883314,13.819432663883314,100.0,12,3.9408817786631936,4.342011824438052,75.0
OMC,30,1255,-0.3072,9.6544,-19.6159,19.0015,35,6.121312173784862,7.6633620217043426,80.0,6,6.429282206877715,6.219323256206772,100.0,12,5.752664939814405,6.219323256206772,83.33333333333334,18,4.446845921837774,3.0568993921640555,72.22222222222221,7,1.7438074449557615,2.193257571455027,57.14285714285714,1,2.193257571455027,2.193257571455027,100.0,5,7.6990148991184,7.94810748456531,100.0,40,5.179047035835344,5.875658875422351,62.5,1,5.922726194627436,5.922726194627436,100.0,12,2.9728410118611097,3.0187482660256935,50.0
OMC,60,1255,-0.3072,9.6544,-19.6159,19.0015,35,7.479149174332343,8.945717484661651,74.28571428571429,6,3.719009906746509,4.926594107901566,66.66666666666666,12,8.184176766770278,8.521536533549439,75.0,18,2.8676803810001665,4.16739466938146,61.111111111111114,7,3.7698607366406662,5.378717093983235,57.14285714285714,1,-13.548401677779745,-13.548401677779745,0.0,5,5.608481920323625,5.967778539264032,80.0,40,5.172675977009002,3.540116406973562,67.5,1,13.326583071804876,13.326583071804876,100.0,12,-1.347052583376725,-0.3174731200959958,41.66666666666667
ON,10,1255,0.1074,16.1478,-32.1883,32.4031,33,10.893490481705042,10.86575693840782,100.0,4,9.752036113898585,10.2859391395217,100.0,8,12.885796567170306,13.151202860418266,100.0,17,10.742164802014159,10.86575693840782,100.0,8,14.406518009111583,13.23073381268242,100.0,1,11.68582338146364,11.68582338146364,100.0,4,9.752036113898585,10.2859391395217,100.0,39,9.680030159740152,8.654773848134766,100.0,0,,,,11,9.20191826515316,6.379728980639072,100.0
ON,20,1255,0.1074,16.1478,-32.1883,32.4031,33,11.30995266188774,8.809988136442016,87.87878787878788,4,2.4104144979019355,2.7249191064726856,50.0,8,14.979173505379048,21.956473075985457,75.0,17,10.900742864973894,8.809988136442016,94.11764705882352,8,15.784493035087866,15.756111792807863,100.0,1,14.33589311052513,14.33589311052513,100.0,4,2.4104144979019355,2.7249191064726856,50.0,39,9.122470478422015,9.548698566672224,79.48717948717949,0,,,,11,5.1996139424768195,5.194106307803901,72.72727272727273
ON,30,1255,0.1074,16.1478,-32.1883,32.4031,33,12.15326920809216,8.252359433970069,78.78787878787878,4,14.10019312628377,12.864203793933578,50.0,8,20.54243284950178,23.664312656446313,75.0,17,9.997801036306562,6.66761667244931,82.35294117647058,8,15.808076424361868,15.342280998923151,87.5,1,29.40612763158696,29.40612763158696,100.0,4,14.10019312628377,12.864203793933578,50.0,39,8.680546772589967,9.109878877262993,79.48717948717949,0,,,,11,6.135226102616099,6.523695456370926,81.81818181818183
ON,60,1255,0.1074,16.1478,-32.1883,32.4031,33,15.137631051019717,11.746197204849047,78.78787878787878,4,23.56191078858808,20.42066883580287,75.0,8,30.177941604298404,29.136655615261898,87.5,17,11.254142435652259,10.743647142786783,76.47058823529412,8,21.965282945742835,25.237429312502037,75.0,1,16.570877002807432,16.570877002807432,100.0,4,23.56191078858808,20.42066883580287,75.0,39,6.260721198495393,7.550641995831407,61.53846153846154,0,,,,11,5.417881368401773,7.037374038328423,54.54545454545454
ORCL,10,1255,1.9011,16.9592,-32.0172,35.8194,30,8.525541455963694,6.525054632050173,100.0,2,15.608937672941746,15.608937672941746,100.0,9,9.003289010725798,7.072619189195875,100.0,17,8.31295828879048,6.499379505855458,100.0,9,7.713344992613691,6.762353007309768,100.0,0,,,,3,14.801227817203406,13.185808105726723,100.0,32,7.459377136359549,5.973370059706101,100.0,1,6.051834646402514,6.051834646402514,100.0,4,9.391518318376981,8.750147935477207,100.0
ORCL,20,1255,1.9011,16.9592,-32.0172,35.8194,30,8.82459742953802,8.757804475509172,83.33333333333334,2,18.669544673098073,18.669544673098073,100.0,9,7.445676651105739,7.360263424626822,77.77777777777779,17,9.115629937916339,8.733192088238711,82.35294117647058,9,3.061412051873693,0.2334713970072047,55.55555555555556,0,,,,3,12.524186914401119,7.360263424626822,100.0,32,8.27637349370799,9.407616815795308,87.5,1,12.091490715896096,12.091490715896096,100.0,4,11.673013355188885,10.852735199446466,100.0
ORCL,30,1255,1.9011,16.9592,-32.0172,35.8194,30,10.93899675502412,11.768703901010952,80.0,2,13.82018610128694,13.82018610128694,50.0,9,9.3407806108159,7.383644160877212,66.66666666666666,17,9.39568706499837,10.498721134577098,82.35294117647058,9,4.404020925410075,1.748773012058312,66.66666666666666,0,,,,3,9.554315407008234,1.0225740184508236,66.66666666666666,32,7.214391226763404,6.423733252624844,75.0,1,16.811382510177076,16.811382510177076,100.0,4,16.174985289801377,16.688743704381654,100.0
ORCL,60,1255,1.9011,16.9592,-32.0172,35.8194,30,10.964672430939306,13.802001186316957,66.66666666666666,2,44.936065800501396,44.936065800501396,50.0,9,15.762500619823353,17.070832181657416,55.55555555555556,17,5.304773908275405,2.5437368479390825,64.70588235294117,9,2.729921021823422,2.027174988496974,55.55555555555556,0,,,,3,21.413213395665537,-13.090382224137015,33.33333333333333,32,5.747504650749562,6.762390205990876,62.5,1,34.60787605431346,34.60787605431346,100.0,4,19.786682611881066,24.102804915705814,75.0
ORLY,10,1255,3.8808,5.9733,-8.0657,15.8273,36,5.516474126494945,5.066756401752635,100.0,6,8.33508841146399,8.65152818762241,100.0,15,6.588076753919767,6.798569139882554,100.0,23,4.729127123513555,4.13416452146919,100.0,13,6.187163975113825,6.3466724881965115,100.0,2,8.814209875768483,8.814209875768483,100.0,6,8.33508841146399,8.65152818762241,100.0,34,3.748065921783952,3.5008696715804657,100.0,1,5.16389233400833,5.16389233400833,100.0,3,2.0996008942117026,2.3166735337674074,100.0
ORLY,20,1255,3.8808,5.9733,-8.0657,15.8273,36,5.7987652648499886,6.011748702129797,91.66666666666666,6,8.100439570868685,8.450034594441851,100.0,15,7.676012224955517,8.876771712700105,93.33333333333333,23,4.816747996249971,5.815809617878447,91.30434782608695,13,6.267728337132904,6.504119372338862,92.3076923076923,2,8.64334290526466,8.64334290526466,100.0,6,8.100439570868685,8.450034594441851,100.0,34,3.509160547141684,3.629679795209082,76.47058823529412,1,6.515466084063832,6.515466084063832,100.0,3,-1.3099404746350949,-3.9003914272254248,33.33333333333333
ORLY,30,1255,3.8808,5.9733,-8.0657,15.8273,36,7.370519629097493,7.678911042780778,86.11111111111111,6,8.039381275621801,5.799185413932096,83.33333333333334,15,9.346286536491913,10.494608985065627,86.66666666666667,23,6.168223991981806,6.189733800160159,86.95652173913044,13,7.38952808450753,7.095519847421791,84.61538461538461,2,5.202664026162584,5.202664026162584,100.0,6,8.039381275621801,5.799185413932096,83.33333333333334,34,2.0717736061419405,2.381459908157687,67.64705882352942,1,12.970973530471818,12.970973530471818,100.0,3,0.4006969244331147,-1.2038377805043161,33.33333333333333
ORLY,60,1255,3.8808,5.9733,-8.0657,15.8273,36,10.6287041447154,11.724455093599182,88.88888888888889,6,15.656326037645291,17.753253420146525,100.0,15,13.366217751759425,14.839510265108,93.33333333333333,23,7.933776002030957,7.28561555777555,82.6086956521739,13,15.029499870719613,16.586850624723137,100.0,2,13.176135135345131,13.176135135345131,100.0,6,15.656326037645291,17.753253420146525,100.0,34,-0.8373459167482836,-1.5440620442511201,47.05882352941176,1,9.496969868652648,9.496969868652648,100.0,3,-3.7584751784799004,-2.5940088562864076,0.0
OTIS,10,1255,0.1781,6.0185,-11.8588,12.215,35,4.463511663096668,4.616249956726428,100.0,5,4.917763876014256,5.141421514555599,100.0,13,5.033731394045743,4.634067048107389,100.0,16,4.471558778366717,4.742184410263578,100.0,5,5.4788426783168225,6.0473979465928105,100.0,0,,,,5,4.917763876014256,5.141421514555599,100.0,36,4.312175213697821,3.9689205923563913,100.0,2,5.185270923615545,5.185270923615545,100.0,12,3.722302674846947,2.8159567505059,100.0
OTIS,20,1255,0.1781,6.0185,-11.8588,12.215,35,5.174027345804434,5.279354412179584,91.42857142857143,5,7.900952185128462,6.098923997449703,100.0,13,6.960116865031863,6.243769345658389,92.3076923076923,16,5.431745658430623,4.983181856242257,93.75,5,7.247735425528065,5.827926782855215,100.0,0,,,,5,7.900952185128462,6.098923997449703,100.0,36,3.4805875297167814,4.146216710991587,69.44444444444444,2,4.004578680110444,4.004578680110444,100.0,12,0.740000254165938,-1.203872727946218,41.66666666666667
OTIS,30,1255,0.1781,6.0185,-11.8588,12.215,35,6.477994059008751,7.28323427142763,82.85714285714286,5,11.45265221170974,14.113130640443034,100.0,13,9.12003441645907,8.146756553747055,92.3076923076923,16,6.293736265186097,7.333525880186469,81.25,5,5.285171400802993,8.172614616192245,80.0,0,,,,5,11.45265221170974,14.113130640443034,100.0,36,3.528044213047981,4.111182303351554,72.22222222222221,2,6.658152239833733,6.658152239833733,100.0,12,0.3792032849400511,2.348196920258784,58.333333333333336
OTIS,60,1255,0.1781,6.0185,-11.8588,12.215,35,5.092204945696587,4.696537916334596,74.28571428571429,5,11.941808983384325,8.905877406632854,100.0,13,6.781667808880704,4.696537916334596,76.92307692307693,16,5.280629885545116,5.590229590478456,68.75,5,8.1725381232833,11.984743226057587,80.0,0,,,,5,11.941808983384325,8.905877406632854,100.0,36,3.51177200902873,3.940385207111507,72.22222222222221,2,4.264269845273104,4.264269845273104,100.0,12,2.1297560680061327,4.637782318959289,66.66666666666666
OXY,10,1255,2.0716,12.4985,-22.9254,27.0685,36,8.148237729011209,6.272510166429392,100.0,1,10.301875201287569,10.301875201287569,100.0,13,7.51351280007827,9.018292375542496,100.0,14,9.677975182192979,5.42811140512293,100.0,5,7.98010430601458,8.37285136852788,100.0,0,,,,2,9.660083788415033,9.660083788415033,100.0,35,6.405144323965947,6.075331438636573,100.0,3,10.579797185850198,11.132690892439102,100.0,12,5.488625854253286,5.688920393124274,100.0
OXY,20,1255,2.0716,12.4985,-22.9254,27.0685,36,8.9796275278981,6.912614901631985,94.44444444444444,1,8.03101706227675,8.03101706227675,100.0,13,6.116068279247169,6.3955861054162675,100.0,14,12.19689884117706,8.889903033282636,85.71428571428571,5,7.876032661651054,6.479314337789313,100.0,0,,,,2,9.01421913346183,9.01421913346183,100.0,35,5.852409635352969,6.407778792474089,80.0,3,6.70255086134322,6.407778792474089,100.0,12,4.889857975221083,7.458276918921969,75.0
OXY,30,1255,2.0716,12.4985,-22.9254,27.0685,36,9.273965032246544,5.199239831073994,86.11111111111111,1,13.90197587744103,13.90197587744103,100.0,13,6.4715738225599235,5.130519159403859,92.3076923076923,14,13.746443621721456,10.935814589714747,85.71428571428571,5,7.222038444136999,3.0303022305456704,100.0,0,,,,2,16.518926242045897,16.518926242045897,100.0,35,6.3033315235455625,5.9881318956224865,82.85714285714286,3,4.981260279312884,2.8215158196110086,66.66666666666666,12,5.815615092447281,8.133716543341752,75.0
OXY,60,1255,2.0716,12.4985,-22.9254,27.0685,36,11.903292759329434,7.774818362189069,66.66666666666666,1,20.719903571931212,20.719903571931212,100.0,13,7.93084346879357,6.2718292397733535,61.53846153846154,14,18.6585937359529,10.13422416157404,71.42857142857143,5,8.204699846029794,11.14735140470432,100.0,0,,,,2,17.285026533875307,17.285026533875307,100.0,35,5.64943079280672,6.1822760791112605,74.28571428571429,3,-1.546588724813456,0.3463219415167746,66.66666666666666,12,8.023827970034153,9.622631985218408,83.33333333333334
PANW,10,1255,4.2665,11.0398,-17.813,26.3461,35,9.55776575280365,8.474307558853482,100.0,4,13.920724200830822,15.28640752371156,100.0,14,10.224666235574391,9.716674397692032,100.0,27,9.2341151713554,8.474307558853482,100.0,10,11.859661973655413,10.880400040224865,100.0,0,,,,4,13.920724200830822,15.28640752371156,100.0,35,7.5444365099250446,6.014882154169038,100.0,1,19.665692840935563,19.665692840935563,100.0,3,9.686959895246298,8.847135682390618,100.0
PANW,20,1255,4.2665,11.0398,-17.813,26.3461,35,10.023186950173356,9.550923068137118,82.85714285714286,4,19.0147352201651,21.657168446423277,100.0,14,12.461195392375227,13.9226827975358,85.71428571428571,27,9.540018430666194,9.550923068137118,81.48148148148148,10,11.79542519051773,12.32753770257268,100.0,0,,,,4,19.0147352201651,21.657168446423277,100.0,35,7.409147838275011,7.603586577882777,80.0,1,24.82621619514214,24.82621619514214,100.0,3,10.102767679187899,7.8963823507796365,100.0
PANW,30,1255,4.2665,11.0398,-17.813,26.3461,35,11.544478198286145,11.122147342528493,82.85714285714286,4,23.374755162579223,23.502117442929038,100.0,14,14.862346616943812,14.511254574416188,85.71428571428571,27,11.171786058138332,11.122147342528493,85.18518518518519,10,14.529090987459863,12.946710882050365,100.0,0,,,,4,23.374755162579223,23.502117442929038,100.0,35,6.00308215822904,6.317382463570185,74.28571428571429,1,24.364549763693216,24.364549763693216,100.0,3,12.049601858484499,9.427838391131989,100.0
PANW,60,1255,4.2665,11.0398,-17.813,26.3461,35,13.144583050825766,14.402860525194356,71.42857142857143,4,27.48300620939014,26.3003514410049,100.0,14,11.186956071758468,12.973175616500612,71.42857142857143,27,13.102932992143353,14.488745548612512,70.37037037037037,10,14.64471458436709,20.564934744427042,80.0,0,,,,4,27.48300620939014,26.3003514410049,100.0,35,3.5663716923811077,3.3100307869893646,62.857142857142854,1,18.93871213551068,18.93871213551068,100.0,3,7.551204161663752,6.8826841952591495,66.66666666666666
PAYX,10,1255,-0.4652,7.888,-16.2412,15.3108,37,4.953277707823317,4.662147960497933,100.0,2,2.903317122962961,2.903317122962961,100.0,11,5.029339086453397,3.9469651771463097,100.0,20,4.89672836739804,4.829555695084384,100.0,9,5.4470797405798015,5.8621056755142575,100.0,0,,,,2,2.903317122962961,2.903317122962961,100.0,35,4.420547177805265,4.112183921813901,100.0,0,,,,7,4.4640622861298604,4.2838609852880145,100.0
PAYX,20,1255,-0.4652,7.888,-16.2412,15.3108,37,4.933153540024724,5.266862264581952,78.37837837837837,2,-0.746679732203644,-0.746679732203644,50.0,11,3.7465273215203925,3.6694353596416223,72.72727272727273,20,6.553288042349306,6.5886364743545975,90.0,9,7.205838544717911,7.213293766323294,100.0,0,,,,2,-0.746679732203644,-0.746679732203644,50.0,35,4.0672499005931755,4.262749718288477,80.0,0,,,,7,3.682608481685572,4.7300752291431465,71.42857142857143
PAYX,30,1255,-0.4652,7.888,-16.2412,15.3108,37,5.9252351667421195,5.0722074134745725,75.67567567567568,2,-2.997377892766959,-2.997377892766959,50.0,11,3.304252216612336,2.643097922576041,72.72727272727273,20,7.94100815426733,8.070761512922415,85.0,9,8.835558531707342,8.698396011724963,88.88888888888889,0,,,,2,-2.997377892766959,-2.997377892766959,50.0,35,3.48087973020206,3.6991950664527216,65.71428571428571,0,,,,7,5.1985257389592325,7.617871056068555,71.42857142857143
PAYX,60,1255,-0.4652,7.888,-16.2412,15.3108,37,5.474386116873329,6.369952572909476,70.27027027027027,2,-10.358517222526281,-10.358517222526281,0.0,11,-1.6150297482161384,-3.9111574475533657,36.36363636363637,20,8.131075742353861,7.140440737072053,85.0,9,11.91528647334781,9.462440911788365,100.0,0,,,,2,-10.358517222526281,-10.358517222526281,0.0,35,3.2198647803130873,3.288822676904394,71.42857142857143,0,,,,7,4.781703621353128,8.115507866566784,71.42857142857143
PCAR,10,1255,3.3992,8.3591,-13.3191,20.1175,39,6.154933455791229,6.565738377630137,100.0,4,5.603707188495607,5.9025778249969045,100.0,13,6.482323033876388,6.689000614487838,100.0,22,6.429362060652648,6.361780826641811,100.0,12,5.793955723940976,6.361780826641811,100.0,0,,,,4,5.603707188495607,5.9025778249969045,100.0,33,4.364579090732322,3.5563466979829594,100.0,0,,,,3,5.294166055320297,3.5563466979829594,100.0
PCAR,20,1255,3.3992,8.3591,-13.3191,20.1175,39,6.444886580287268,5.521170239080377,84.61538461538461,4,4.490980134215425,3.6239444924424147,100.0,13,4.784899853743003,3.2627873996227907,84.61538461538461,22,7.408144427171939,4.9380356233585845,86.36363636363636,12,4.648633990658321,4.6151384762561,91.66666666666666,0,,,,4,4.490980134215425,3.6239444924424147,100.0,33,4.2883047519399025,4.2659383381657054,78.78787878787878,0,,,,3,7.985074856764008,6.092159321772575,66.66666666666666
PCAR,30,1255,3.3992,8.3591,-13.3191,20.1175,39,8.287910742701095,8.88048130016012,84.61538461538461,4,9.401518834876455,9.250767298766522,100.0,13,7.114254138295771,6.349211397629887,92.3076923076923,22,8.843465414055673,8.924653860220022,81.81818181818183,12,6.359038551597173,4.50443003972671,91.66666666666666,0,,,,4,9.401518834876455,9.250767298766522,100.0,33,2.250403547883265,3.0091528642522314,63.63636363636363,0,,,,3,3.5792034333890683,-2.4018009065465415,33.33333333333333
PCAR,60,1255,3.3992,8.3591,-13.3191,20.1175,39,10.43902295171979,10.900797084571046,76.92307692307693,4,15.518493374189124,13.19764614976991,100.0,13,10.505558778769306,11.276505805574665,84.61538461538461,22,12.059879152181098,10.485561587021163,77.27272727272727,12,11.610916146440914,12.334587718344672,75.0,0,,,,4,15.518493374189124,13.19764614976991,100.0,33,-0.4697059848732328,1.0645364202793903,51.515151515151516,0,,,,3,-1.1398908831025891,-3.1005975342197876,33.33333333333333
PCG,10,1255,2.4951,9.3106,-16.1262,21.1163,38,5.406762296398762,4.733875036811096,100.0,4,3.344000070869453,2.573552923658086,100.0,7,5.387932641112512,6.785215694952484,100.0,24,5.6901928397129895,4.9493628310942075,100.0,10,5.490894465364944,6.016111660492848,100.0,0,,,,4,3.344000070869453,2.573552923658086,100.0,39,4.507641176776061,3.522388230678248,100.0,3,3.831719798652305,3.7061132487377533,100.0,1,3.4462733084137906,3.4462733084137906,100.0
PCG,20,1255,2.4951,9.3106,-16.1262,21.1163,38,6.240855424489727,5.27062346925668,86.8421052631579,4,8.181780425767053,7.884539887264269,75.0,7,9.327186904471361,9.30471223621546,85.71428571428571,24,6.179949797746464,5.27062346925668,91.66666666666666,10,1.80136280950869,0.8024173530006252,60.0,0,,,,4,8.181780425767053,7.884539887264269,75.0,39,4.164961509655424,3.4723362372881788,74.35897435897436,3,1.311039705872309,0.06503255339142439,66.66666666666666,1,3.0373827024938747,3.0373827024938747,100.0
PCG,30,1255,2.4951,9.3106,-16.1262,21.1163,38,6.406565386900424,7.683016591066592,78.94736842105263,4,11.389625596152698,13.067702397121273,100.0,7,12.456219296619043,13.456454513222571,100.0,24,5.479122310175906,7.683016591066592,79.16666666666666,10,2.4369040704461207,4.607570221289068,70.0,0,,,,4,11.389625596152698,13.067702397121273,100.0,39,4.411875640348088,2.646354615211553,69.23076923076923,3,0.5079823092579784,-0.6028175030664478,33.33333333333333,1,5.081790547066419,5.081790547066419,100.0
PCG,60,1255,2.4951,9.3106,-16.1262,21.1163,38,7.472083646715066,8.788243976946763,76.31578947368422,4,21.84019383827197,21.52774249147967,100.0,7,15.49735602154418,16.555651272413368,85.71428571428571,24,5.68547579646443,7.022644745047545,79.16666666666666,10,7.81941947568634,8.356946688815691,80.0,0,,,,4,21.84019383827197,21.52774249147967,100.0,39,3.959705655373656,2.341163215841487,61.53846153846154,3,2.130393980861574,-4.031213109375092,33.33333333333333,1,-0.8797185876516098,-0.8797185876516098,0.0
PEG,10,1255,1.5602,5.8245,-10.0888,13.2091,42,4.485321367400955,3.768555170412105,100.0,7,8.02744140999434,8.607384486289012,100.0,14,5.819187140593179,5.13473084235421,100.0,24,4.498890630283196,3.536820360516182,100.0,12,4.910136920582772,3.9969063402415905,100.0,2,9.108771600027085,9.108771600027085,100.0,7,8.02744140999434,8.607384486289012,100.0,40,4.274009936329523,3.8736077200450056,100.0,2,2.902871481567046,2.902871481567046,100.0,6,2.6477206439427805,1.2589779186606294,100.0
PEG,20,1255,1.5602,5.8245,-10.0888,13.2091,42,3.805993922830413,3.3920605324959525,76.19047619047619,7,7.251466212663158,6.995627315115234,100.0,14,4.672090991532942,4.998204864489518,78.57142857142857,24,4.381964150431479,2.740702650933563,75.0,12,3.2167041383834287,3.15891343803051,75.0,2,9.111375862024003,9.111375862024003,100.0,7,7.251466212663158,6.995627315115234,100.0,40,2.885987014702228,2.7030291853806356,80.0,2,3.5752802601253912,3.5752802601253912,100.0,6,2.6692625947342883,2.0842564823602605,83.33333333333334
PEG,30,1255,1.5602,5.8245,-10.0888,13.2091,42,4.969427504766033,5.0722593246127445,78.57142857142857,7,9.289489217977644,10.340324821687465,100.0,14,8.023373929822485,8.845639753898269,92.85714285714286,24,5.278693556777557,5.10141626392457,83.33333333333334,12,6.257402011002868,5.857021342130777,83.33333333333334,2,10.048590924023637,10.048590924023637,100.0,7,9.289489217977644,10.340324821687465,100.0,40,2.0602304245706753,2.259469179149016,67.5,2,2.05706294972482,2.05706294972482,100.0,6,-0.09326105917908951,0.5344972652493134,66.66666666666666
PEG,60,1255,1.5602,5.8245,-10.0888,13.2091,42,6.946539791855897,6.46699357991691,85.71428571428571,7,8.590624798885512,11.547078456833423,85.71428571428571,14,8.772602502308153,10.040602724588268,85.71428571428571,24,6.970105798863486,5.556922952988151,87.5,12,6.296930366335311,5.191834137619678,91.66666666666666,2,2.610859214049025,2.610859214049025,50.0,7,8.590624798885512,11.547078456833423,85.71428571428571,40,0.4595079975802251,-0.17391826353972117,47.5,2,0.16111652324393866,0.16111652324393866,50.0,6,-2.2606645575363635,-2.288283964995792,16.666666666666664
PEP,10,1255,0.2947,5.3436,-10.3925,10.982,39,4.322872427954567,4.0197782952041905,100.0,6,5.476041957533571,5.434638101880504,100.0,14,4.400867427313508,3.6393881990306074,100.0,24,4.392504855283094,4.126724045726517,100.0,8,3.2407587517837015,2.682089688807923,100.0,0,,,,6,5.476041957533571,5.434638101880504,100.0,31,3.6703669485465866,3.541237540937652,100.0,0,,,,9,4.469692533697998,4.668693557447836,100.0
PEP,20,1255,0.2947,5.3436,-10.3925,10.982,39,4.478082251446436,4.51754259000979,79.48717948717949,6,5.8743891907742,5.280898834543065,100.0,14,5.6883217754712705,5.280898834543065,78.57142857142857,24,4.462141999778914,4.603288327496285,83.33333333333334,8,4.817134129722719,2.2495242043037305,62.5,0,,,,6,5.8743891907742,5.280898834543065,100.0,31,4.101951646769248,5.089958277483056,74.19354838709677,0,,,,9,4.2137305426994915,3.504826319879934,66.66666666666666
PEP,30,1255,0.2947,5.3436,-10.3925,10.982,39,4.257212364109039,5.492504769935472,74.35897435897436,6,7.2982851732014185,6.540429139133386,100.0,14,5.92696838651964,6.595518403525352,78.57142857142857,24,4.529675250073637,5.0828046701152445,79.16666666666666,8,5.300557993731313,5.811629043696669,75.0,0,,,,6,7.2982851732014185,6.540429139133386,100.0,31,3.1273637285023255,2.732425080355479,70.96774193548387,0,,,,9,3.897308814408957,2.2440797957796703,77.77777777777779
PEP,60,1255,0.2947,5.3436,-10.3925,10.982,39,4.309313906788266,5.143526596290613,64.1025641025641,6,4.74124094117251,5.8500749146341064,66.66666666666666,14,4.25387403519897,6.039616577139278,64.28571428571429,24,4.988444459902831,5.0768916806613635,70.83333333333334,8,6.807330487177581,9.82838921113925,75.0,0,,,,6,4.74124094117251,5.8500749146341064,66.66666666666666,31,3.050692615295018,3.612807477192115,70.96774193548387,0,,,,9,4.65763880677917,7.174304698798599,66.66666666666666
PFE,10,1255,-1.7866,8.2487,-18.2841,14.7109,32,5.102074146904152,4.213597297670716,100.0,4,6.966980082121003,7.6190465757333214,100.0,15,5.5164950659837295,5.263144495184516,100.0,12,5.105054255490969,4.715762112245622,100.0,3,6.600957686082872,4.112906160751466,100.0,0,,,,5,6.081324311364687,6.1602547665925105,100.0,34,4.698097973424127,4.35486060396393,100.0,1,3.5918455214001166,3.5918455214001166,100.0,17,4.403224718867326,4.305512663695965,100.0
PFE,20,1255,-1.7866,8.2487,-18.2841,14.7109,32,5.316530139191018,5.394674080886347,75.0,4,6.480666577692949,6.772892885756566,75.0,15,4.792605484191696,5.940593140087659,66.66666666666666,12,7.019904962951382,5.93957754667099,83.33333333333334,3,4.909185077513433,1.8145255627840922,66.66666666666666,0,,,,5,6.37265189017189,5.940593140087659,80.0,34,5.222782730218152,5.337813254670737,91.17647058823529,1,10.28570975268809,10.28570975268809,100.0,17,4.762090123849831,5.071119865655958,94.11764705882352
PFE,30,1255,-1.7866,8.2487,-18.2841,14.7109,32,4.944663964730848,4.179119743226888,71.875,4,7.537305205229311,7.517847182054709,75.0,15,4.031492845175979,4.329964833276929,73.33333333333333,12,7.609293958277181,6.699566267053855,83.33333333333334,3,6.0295558306018995,6.975819239587612,66.66666666666666,0,,,,5,6.293866399247504,4.962140441021895,80.0,34,6.124764657549503,5.069448757269434,85.29411764705883,1,13.321458508289071,13.321458508289071,100.0,17,6.684934711086712,6.0747245249608754,94.11764705882352
PFE,60,1255,-1.7866,8.2487,-18.2841,14.7109,32,3.661734969323037,4.116297441563626,56.25,4,11.69176129736223,14.794613632224387,75.0,15,4.829888578098074,3.587155527728404,60.0,12,7.361605493974426,7.464243918521868,66.66666666666666,3,10.91123641428131,9.731987700872393,100.0,0,,,,5,9.046320119801788,9.623655909438062,60.0,34,7.315919103047856,8.644608595694347,76.47058823529412,1,14.111098339136976,14.111098339136976,100.0,17,8.883719854186285,10.386103870419202,82.35294117647058
PFG,10,1255,1.9824,7.5262,-13.0699,17.0347,38,5.327919908066373,5.5023349595288975,100.0,4,7.0967404291086496,6.312002930657694,100.0,12,6.780976911359494,6.456802339477298,100.0,25,5.508079207332761,5.529669951545037,100.0,11,5.802879810025588,5.529669951545037,100.0,1,6.440484451259072,6.440484451259072,100.0,4,7.0967404291086496,6.312002930657694,100.0,39,5.051805982606989,4.328845601322024,100.0,2,6.811636249877436,6.811636249877436,100.0,6,3.6220238632423705,1.8877108899117725,100.0
PFG,20,1255,1.9824,7.5262,-13.0699,17.0347,38,6.62067430769073,7.220343321378381,81.57894736842105,4,15.368658443590878,13.496059364207131,100.0,12,9.55295539330395,10.358691804379662,75.0,25,6.8729135238448285,7.060563507473325,88.0,11,9.207728312000537,10.185560006439335,90.9090909090909,1,11.486470090793315,11.486470090793315,100.0,4,15.368658443590878,13.496059364207131,100.0,39,4.461688058512071,5.120736013777949,82.05128205128204,2,6.710313121256204,6.710313121256204,100.0,6,2.401405371276391,1.4775424254025746,83.33333333333334
PFG,30,1255,1.9824,7.5262,-13.0699,17.0347,38,6.7511277498560345,7.423752862225529,84.21052631578947,4,16.869505676443204,16.055781212947245,100.0,12,12.226035084041712,11.51445625676021,100.0,25,6.281727913157859,7.715928000727628,84.0,11,9.886509935856877,7.715928000727628,90.9090909090909,1,11.213328003249998,11.213328003249998,100.0,4,16.869505676443204,16.055781212947245,100.0,39,5.134862412959631,4.749924028645735,71.7948717948718,2,7.487091088530142,7.487091088530142,100.0,6,0.14702143115020302,-1.2577230293817747,33.33333333333333
PFG,60,1255,1.9824,7.5262,-13.0699,17.0347,38,7.910276504599223,6.044296370176063,84.21052631578947,4,15.474814785519133,16.511626983976818,100.0,12,14.075372392028475,16.416617253486326,91.66666666666666,25,7.637253602838387,6.3837716393293595,84.0,11,11.209970538696542,13.334503061082778,100.0,1,16.417700965236474,16.417700965236474,100.0,4,15.474814785519133,16.511626983976818,100.0,39,1.625145858909409,2.7819194409923576,56.41025641025641,2,5.7317501705422504,5.7317501705422504,100.0,6,-5.096821890707414,-5.028842528972862,0.0
PG,10,1255,1.1745,4.7602,-8.3459,10.6949,35,4.1474249000180645,3.2754789206736725,100.0,4,5.1748120881962745,4.209631462237501,100.0,18,4.615720372342283,5.23794533718864,100.0,16,4.117885064919303,4.403309203527182,100.0,9,5.498986044232787,5.28661115093522,100.0,0,,,,4,5.1748120881962745,4.209631462237501,100.0,33,3.148971413622032,2.8061227871654415,100.0,0,,,,8,4.220184347094304,3.8430795491450116,100.0
PG,20,1255,1.1745,4.7602,-8.3459,10.6949,35,4.017212803903749,3.411103553350381,80.0,4,3.273252523756708,4.303778198345835,50.0,18,3.668300641345373,2.7705901563852473,72.22222222222221,16,4.736756690519784,3.24282190547534,87.5,9,5.80991016365074,6.301452797149058,88.88888888888889,0,,,,4,3.273252523756708,4.303778198345835,50.0,33,3.266239536459061,3.15107705958157,78.78787878787878,0,,,,8,2.562084350964761,1.8905652947654854,87.5
PG,30,1255,1.1745,4.7602,-8.3459,10.6949,35,5.371038346484417,5.0543352696264785,85.71428571428571,4,8.98146775765327,8.159757842109101,100.0,18,5.262355083008633,4.996092992733139,83.33333333333334,16,5.272190347755868,5.978877060323406,81.25,9,8.027900854381162,7.125186222074445,100.0,0,,,,4,8.98146775765327,8.159757842109101,100.0,33,3.411394045279953,2.944554915493513,69.6969696969697,0,,,,8,1.666224355538648,0.8338712387045331,50.0
PG,60,1255,1.1745,4.7602,-8.3459,10.6949,35,5.617280457331729,5.325778346370831,77.14285714285715,4,11.500203619353492,9.167939025839505,100.0,18,4.3167024862979595,3.666941675861174,72.22222222222221,16,6.043776155513437,5.857081876971032,87.5,9,4.898971837350563,5.582473091414707,100.0,0,,,,4,11.500203619353492,9.167939025839505,100.0,33,2.730090779809253,2.9678671496721742,72.72727272727273,0,,,,8,0.9185338998543666,1.6931561449074213,62.5
PGR,10,1255,3.7541,7.6919,-11.6297,19.138,31,5.724919603342584,5.358212254751611,100.0,3,7.141686107875654,9.174072599645834,100.0,10,5.839715521252855,6.034044171543808,100.0,24,5.60636989420984,5.073590572761448,100.0,6,6.322804632828514,6.7076829175981265,100.0,1,9.174072599645834,9.174072599645834,100.0,3,7.141686107875654,9.174072599645834,100.0,34,4.048437766516745,4.004436032444045,100.0,0,,,,5,3.0326581108383523,2.7034956467991056,100.0
PGR,20,1255,3.7541,7.6919,-11.6297,19.138,31,6.545655167671218,7.415403238246129,87.09677419354838,3,7.831453737294118,9.897193640267927,100.0,10,4.568485165941108,4.599668838242316,80.0,24,6.39539766275633,7.760991618671206,87.5,6,6.78615853570884,7.339052482549187,100.0,1,9.897193640267927,9.897193640267927,100.0,3,7.831453737294118,9.897193640267927,100.0,34,2.3673145913676574,2.168201289107949,73.52941176470588,0,,,,5,5.6099267348907995,6.42032137464189,80.0
PGR,30,1255,3.7541,7.6919,-11.6297,19.138,31,7.849809227550206,8.03178583575056,83.87096774193549,3,9.88850281031845,13.799702931193142,100.0,10,5.039152664977236,3.867624343750272,70.0,24,8.322243490584704,8.61660944361217,87.5,6,7.965770385274058,7.419770471027736,100.0,1,14.915488085805459,14.915488085805459,100.0,3,9.88850281031845,13.799702931193142,100.0,34,1.918947094447054,3.375039011794856,67.64705882352942,0,,,,5,3.570569288586004,5.5242551303464476,80.0
PGR,60,1255,3.7541,7.6919,-11.6297,19.138,31,10.889005369264916,9.995244618812107,83.87096774193549,3,8.383041554543233,8.596606943375578,66.66666666666666,10,9.865247196855016,8.40864926915156,70.0,24,11.866474949547552,11.009501892903621,91.66666666666666,6,7.370098465538859,7.530155898901118,83.33333333333334,1,24.553530705514543,24.553530705514543,100.0,3,8.383041554543233,8.596606943375578,66.66666666666666,34,-0.9244625190135105,0.4756694644001534,50.0,0,,,,5,3.9508815161796775,7.682541082575675,80.0
PH,10,1255,5.0433,8.4047,-11.766,21.8526,30,7.090220794729223,6.7939931350499325,100.0,7,5.420521927015227,5.849739244146398,100.0,11,7.881032320451337,7.0124515714670475,100.0,23,7.446149748952039,7.23793641996193,100.0,8,8.106889958844073,7.449791203240281,100.0,3,5.021490640589698,7.1776411110614005,100.0,7,5.420521927015227,5.849739244146398,100.0,33,5.459376158136007,3.8963449406519794,100.0,0,,,,0,,,
PH,20,1255,5.0433,8.4047,-11.766,21.8526,30,7.020133316327076,7.095812886818393,76.66666666666667,7,4.970673217799805,1.1366164912340246,57.14285714285714,11,7.556703409038238,9.992802558212007,72.72727272727273,23,6.356537933220795,6.71979551718075,73.91304347826086,8,6.374566598970112,5.256992230931711,75.0,3,-2.4565535617630774,-1.986979707076726,33.33333333333333,7,4.970673217799805,1.1366164912340246,57.14285714285714,33,3.682690103293762,4.171972392902537,69.6969696969697,0,,,,0,,,
PH,30,1255,5.0433,8.4047,-11.766,21.8526,30,9.986404029956377,9.628005340332482,83.33333333333334,7,10.550301656796394,2.686548070189513,71.42857142857143,11,12.355024043938466,14.07557911445678,81.81818181818183,23,7.858814735927403,7.871639693790952,78.26086956521739,8,10.42551040837715,10.71907694711616,100.0,3,-1.7766625649853953,-2.355144719632485,33.33333333333333,7,10.550301656796394,2.686548070189513,71.42857142857143,33,2.894265729468615,4.350906626051685,63.63636363636363,0,,,,0,,,
PH,60,1255,5.0433,8.4047,-11.766,21.8526,30,14.36060699291658,15.348491392594415,83.33333333333334,7,14.696249935533357,15.076928158376735,85.71428571428571,11,17.593550321277622,15.620054626812097,90.9090909090909,23,13.176643406548362,15.620054626812097,78.26086956521739,8,21.05088527368814,22.88456446385311,100.0,3,4.369956661627259,5.244667982594437,66.66666666666666,7,14.696249935533357,15.076928158376735,85.71428571428571,33,-1.3841030997313604,-0.4922974495689702,48.484848484848484,0,,,,0,,,
PHM,10,1255,2.6236,12.2593,-21.895,27.1422,36,7.472790279126735,6.552163282151463,100.0,5,9.256969921614289,6.125002577682053,100.0,13,7.360340491320877,6.125002577682053,100.0,18,7.100766397145182,6.255040999895981,100.0,9,10.325546761883187,9.443090439817995,100.0,0,,,,5,9.256969921614289,6.125002577682053,100.0,33,6.428855196455479,7.084199230398921,100.0,1,7.234119864263438,7.234119864263438,100.0,8,7.437904480205069,8.193755195735275,100.0
PHM,20,1255,2.6236,12.2593,-21.895,27.1422,36,7.390022044267736,6.79347354094265,80.55555555555556,5,10.526068703900131,9.015182767186396,100.0,13,7.904299018848073,6.31054898665505,76.92307692307693,18,6.984284381840309,7.413123993273315,77.77777777777779,9,8.035249410517013,7.91676556904948,66.66666666666666,0,,,,5,10.526068703900131,9.015182767186396,100.0,33,5.121736007017044,5.675569858396489,78.78787878787878,1,8.428745639688032,8.428745639688032,100.0,8,5.853702874779234,7.057521642547899,87.5
PHM,30,1255,2.6236,12.2593,-21.895,27.1422,36,8.60773779139564,9.908349341196178,80.55555555555556,5,4.748422981932816,6.186318459392023,80.0,13,7.2591303309518525,6.186318459392023,69.23076923076923,18,8.899520427778283,10.29359190815351,83.33333333333334,9,8.279952640672063,7.899852532578169,66.66666666666666,0,,,,5,4.748422981932816,6.186318459392023,80.0,33,5.359500893456763,9.32634273119017,69.6969696969697,1,7.783456491455665,7.783456491455665,100.0,8,9.22814182865298,12.004648508401878,87.5
PHM,60,1255,2.6236,12.2593,-21.895,27.1422,36,12.54510675392215,7.982235085927124,72.22222222222221,5,8.116538903200707,7.7954655857549,80.0,13,13.037787563949736,7.850432087924417,76.92307692307693,18,14.680348551309038,14.325439968456624,77.77777777777779,9,15.745618083184452,14.720256440360291,66.66666666666666,0,,,,5,8.116538903200707,7.7954655857549,80.0,33,3.069152983556017,4.718521683073375,57.57575757575758,1,-9.455142716059122,-9.455142716059122,0.0,8,4.529484695709715,8.6372498566945,75.0
PKG,10,1255,1.9347,8.4976,-15.0605,18.9298,38,5.033147573310945,4.320953378273321,100.0,5,4.898082205456265,4.9553936125554445,100.0,13,4.64641077784671,4.545740157740292,100.0,25,4.978117598418498,4.096166598806351,100.0,9,5.341841444779111,4.839648745820903,100.0,0,,,,5,4.898082205456265,4.9553936125554445,100.0,33,5.04306941219562,4.319860854313527,100.0,0,,,,4,8.33916713952128,5.807058531104561,100.0
PKG,20,1255,1.9347,8.4976,-15.0605,18.9298,38,4.957555100621616,6.59249385456274,78.94736842105263,5,5.29881242316432,4.1149776155923705,80.0,13,4.211090528487402,4.270963735086121,84.61538461538461,25,4.873229452224536,6.724274944349086,76.0,9,3.8807768282196786,6.41969607390023,66.66666666666666,0,,,,5,5.29881242316432,4.1149776155923705,80.0,33,3.8986254192268865,3.320879512875284,69.6969696969697,0,,,,4,7.77406184696534,7.200555469423666,75.0
PKG,30,1255,1.9347,8.4976,-15.0605,18.9298,38,5.733712212943527,5.918647349817437,71.05263157894737,5,8.334496396530948,8.421902729067765,80.0,13,3.756138179756754,2.7815076714406617,61.53846153846154,25,5.38067121297195,5.695866241505219,68.0,9,4.771582339697669,6.928831188514012,66.66666666666666,0,,,,5,8.334496396530948,8.421902729067765,80.0,33,2.4913297324349775,3.52402398453698,57.57575757575758,0,,,,4,4.110716997771439,4.690473170021206,75.0
PKG,60,1255,1.9347,8.4976,-15.0605,18.9298,38,7.537188879498943,8.44861543040085,76.31578947368422,5,11.76285030666476,15.12186519244738,100.0,13,5.290489770786315,7.964807762192525,69.23076923076923,25,5.3598575300720634,7.9261581116007545,68.0,9,8.319987742695812,12.657935331296555,66.66666666666666,0,,,,5,11.76285030666476,15.12186519244738,100.0,33,0.8639756577117157,-0.0500879494849236,48.484848484848484,0,,,,4,-0.836106066410238,0.3832709566298418,50.0
PLD,10,1255,0.4613,9.7026,-18.9438,19.8665,28,6.5949526507068175,6.011675291443994,100.0,7,8.146889740244642,7.96034555249287,100.0,10,8.079111387863563,7.694724172214885,100.0,7,6.9113838300230785,6.90537115914811,100.0,5,5.7511266525799565,5.187370499342831,100.0,0,,,,7,8.146889740244642,7.96034555249287,100.0,33,5.893520280152439,4.179890222125953,100.0,0,,,,10,5.643071698699228,4.047174222321014,100.0
PLD,20,1255,0.4613,9.7026,-18.9438,19.8665,28,7.114736967067505,6.9791305734362155,85.71428571428571,7,9.658588079848922,12.172214069257183,85.71428571428571,10,8.24144786652899,11.1568780223582,80.0,7,8.494330034701202,8.000336316412838,85.71428571428571,5,4.25405323160024,5.58499869667391,60.0,0,,,,7,9.658588079848922,12.172214069257183,85.71428571428571,33,5.3907960575168925,4.609201671450829,81.81818181818183,0,,,,10,4.289881704758138,3.266150039183518,80.0
PLD,30,1255,0.4613,9.7026,-18.9438,19.8665,28,9.133269041740444,9.335325163524196,89.28571428571429,7,15.016633015603329,16.610948495336743,100.0,10,13.739432268784274,16.41972091406018,100.0,7,9.76501267942322,9.42866594268896,85.71428571428571,5,6.131358851521144,6.441403241485492,80.0,0,,,,7,15.016633015603329,16.610948495336743,100.0,33,6.202314162297447,3.344611399466883,66.66666666666666,0,,,,10,2.657398738289314,1.0545246888243307,60.0
PLD,60,1255,0.4613,9.7026,-18.9438,19.8665,28,9.351497302516336,9.871202092547886,75.0,7,19.228520014275208,18.813739082025105,100.0,10,16.84320385321611,19.20240726174988,90.0,7,10.32789127804399,8.941093444466489,85.71428571428571,5,12.89799516769589,11.506786562965862,100.0,0,,,,7,19.228520014275208,18.813739082025105,100.0,33,3.816532098057808,2.6494580300803174,69.6969696969697,0,,,,10,1.4172253174450509,4.719682244986944,70.0
PLTR,10,1255,3.6324,26.81,-49.9876,57.2524,37,17.79328577776497,14.92537854206875,100.0,5,18.083512466580654,18.62891196562793,100.0,10,13.310326084541888,13.311199710430433,100.0,18,20.96168458794415,18.708094974157582,100.0,6,22.963759923764783,19.944934283504267,100.0,0,,,,5,18.083512466580654,18.62891196562793,100.0,32,11.986552448499506,10.173536447746443,100.0,0,,,,8,8.353794434560056,6.8138609388353935,100.0
PLTR,20,1255,3.6324,26.81,-49.9876,57.2524,37,20.277754719023182,16.020340979397645,83.78378378378379,5,18.233345399383825,21.46596721394966,80.0,10,12.020786602578138,18.390107750940665,80.0,18,28.775947173605857,18.96040006747814,88.88888888888889,6,32.358210980854594,22.23365554951413,83.33333333333334,0,,,,5,18.233345399383825,21.46596721394966,80.0,32,7.016240861072988,6.280490246819898,65.625,0,,,,8,4.615318177433958,4.804695097781538,75.0
PLTR,30,1255,3.6324,26.81,-49.9876,57.2524,37,24.17814496457836,19.223296170590295,83.78378378378379,5,21.262478004575364,24.640456564022198,80.0,10,12.524317179608497,10.86077868045825,70.0,18,36.49421816324364,30.628539214681936,100.0,6,44.02585246282356,40.55176219100959,83.33333333333334,0,,,,5,21.262478004575364,24.640456564022198,80.0,32,2.742253858293565,5.967168563552158,59.375,0,,,,8,7.276311338579705,6.83321656753522,75.0
PLTR,60,1255,3.6324,26.81,-49.9876,57.2524,37,32.44110987778309,27.766986443843905,70.27027027027027,5,2.1254339118421255,-1.4397861073241878,20.0,10,3.1876462513352246,-1.4120757897801717,40.0,18,55.50516428186689,43.25273382963199,88.88888888888889,6,45.156088563355375,32.80995472830537,66.66666666666666,0,,,,5,2.1254339118421255,-1.4397861073241878,20.0,32,-4.00846585718368,6.05898273332242,56.25,0,,,,8,16.123838819115093,17.723527038178396,87.5
PM,10,1255,3.1912,7.5872,-11.9832,18.3656,34,4.999215206048624,3.684525017892704,100.0,3,5.786525599001465,6.9583476935899,100.0,12,5.597219169017452,6.342662223270694,100.0,23,5.30825980358267,4.283159212910078,100.0,9,4.7031727770265706,3.1251967013867947,100.0,0,,,,3,5.786525599001465,6.9583476935899,100.0,33,4.614672972077972,4.06111548307981,100.0,2,1.1751173379996553,1.1751173379996553,100.0,2,5.05075612153474,5.05075612153474,100.0
PM,20,1255,3.1912,7.5872,-11.9832,18.3656,34,6.221841931239618,6.071168840874046,79.41176470588235,3,10.293355922434076,11.221995302397065,100.0,12,7.318926862730454,8.248987512426282,83.33333333333334,23,6.375334700562459,6.084803992459968,82.6086956521739,9,4.870393553638524,6.084803992459968,55.55555555555556,0,,,,3,10.293355922434076,11.221995302397065,100.0,33,4.39907940988798,4.340361414954479,87.87878787878788,2,-2.304136723136327,-2.304136723136327,0.0,2,4.494257286722102,4.494257286722102,50.0
PM,30,1255,3.1912,7.5872,-11.9832,18.3656,34,7.721987762445938,6.372931782978347,88.23529411764706,3,14.401422034107979,13.805574972391199,100.0,12,9.218562096428528,8.637062902011717,91.66666666666666,23,7.6845436428631295,6.310724157003538,86.95652173913044,9,7.544695602638498,4.417826719405146,88.88888888888889,0,,,,3,14.401422034107979,13.805574972391199,100.0,33,4.5266714202362035,5.192466988507374,69.6969696969697,2,-2.321215222514948,-2.321215222514948,0.0,2,1.5849673250872613,1.5849673250872613,50.0
PM,60,1255,3.1912,7.5872,-11.9832,18.3656,34,8.932447570017136,5.351465763351353,73.52941176470588,3,24.5913285023951,24.376430511376064,100.0,12,10.680548408348107,6.829655825242355,75.0,23,8.318390771720445,4.6644090407012095,69.56521739130434,9,5.052052219178562,5.0404336568128905,66.66666666666666,0,,,,3,24.5913285023951,24.376430511376064,100.0,33,0.3344531570176337,3.8670766498247593,63.63636363636363,2,-3.6174280783992505,-3.6174280783992505,50.0,2,-12.850229733659635,-12.850229733659635,0.0
PNC,10,1255,0.6955,10.5966,-20.4978,21.8887,32,6.338618928421892,5.864951427107037,100.0,5,7.852822578688577,6.482708630611751,100.0,10,8.137622133162584,7.958590878644623,100.0,14,4.893080804916301,4.6291666851926045,100.0,6,7.498193947247522,8.115213919177336,100.0,0,,,,5,7.852822578688577,6.482708630611751,100.0,33,5.596294356071021,4.652097424318166,100.0,0,,,,11,8.022038533708468,7.589820203688113,100.0
PNC,20,1255,0.6955,10.5966,-20.4978,21.8887,32,6.963646445573522,7.271340801320832,87.5,5,4.7731065192247675,3.07083909396955,60.0,10,5.64959259439821,5.289327596939442,70.0,14,6.518486698358279,6.729295664844582,92.85714285714286,6,4.7501480964580605,4.1904782070562945,83.33333333333334,0,,,,5,4.7731065192247675,3.07083909396955,60.0,33,4.60349854756292,5.549438189824824,87.87878787878788,0,,,,11,6.6608990867610025,8.09638744658328,90.9090909090909
PNC,30,1255,0.6955,10.5966,-20.4978,21.8887,32,8.108616487059955,9.63746662618479,87.5,5,8.767392705733869,10.661026508873999,100.0,10,9.246834956028856,10.900500196529702,90.0,14,6.872428899797255,9.184876983324756,78.57142857142857,6,6.36363085465763,3.6895563311110133,66.66666666666666,0,,,,5,8.767392705733869,10.661026508873999,100.0,33,4.070603641413396,3.632101313047113,72.72727272727273,0,,,,11,5.58377606920046,5.749456170867207,81.81818181818183
PNC,60,1255,0.6955,10.5966,-20.4978,21.8887,32,7.556895014654511,7.765057365972441,75.0,5,15.064509875249263,14.180429951618468,100.0,10,13.222593716846458,10.365316506393196,90.0,14,4.200972546511713,1.6683592765624589,64.28571428571429,6,7.154319962684855,3.8957648514063945,66.66666666666666,0,,,,5,15.064509875249263,14.180429951618468,100.0,33,4.368912555716279,3.930340099542542,57.57575757575758,0,,,,11,7.028053923478023,7.7677095163095515,72.72727272727273
PNR,10,1255,0.791,11.2389,-21.6869,23.2689,28,5.7503497043419545,5.570196430938975,100.0,4,9.010836675241283,6.851815514932763,100.0,9,6.776684130244325,6.810926459136477,100.0,18,5.066419525554807,4.701636880070989,100.0,8,5.157965799225166,5.210542536270811,100.0,0,,,,4,9.010836675241283,6.851815514932763,100.0,30,6.022615741162938,5.238502090898104,100.0,1,6.427499872540935,6.427499872540935,100.0,7,7.337950166286531,6.064831305795491,100.0
PNR,20,1255,0.791,11.2389,-21.6869,23.2689,28,5.095851457402543,5.181639916948146,78.57142857142857,4,5.5213995663024,4.840456584337754,75.0,9,5.848945852523644,9.27107080836352,77.77777777777779,18,4.105734584121428,3.2789082790372905,77.77777777777779,8,2.095191541423123,1.36086212794238,62.5,0,,,,4,5.5213995663024,4.840456584337754,75.0,30,4.675846730991649,4.713267459160766,83.33333333333334,1,6.178362509593879,6.178362509593879,100.0,7,7.9290339727139525,9.503397010025745,100.0
PNR,30,1255,0.791,11.2389,-21.6869,23.2689,28,7.467277673082002,6.964513352894514,75.0,4,8.999396076186805,5.5946460111802825,75.0,9,10.155571773838204,8.411022689774077,88.88888888888889,18,5.5315671315665345,6.6630527300002615,66.66666666666666,8,5.131332812828927,5.211055358248568,75.0,0,,,,4,8.999396076186805,5.5946460111802825,75.0,30,3.6600366566785514,3.5891347807272727,70.0,1,15.429331674211083,15.429331674211083,100.0,7,6.7855157433579425,5.89273555907602,85.71428571428571
PNR,60,1255,0.791,11.2389,-21.6869,23.2689,28,7.63701559603581,7.016527380352194,60.71428571428571,4,10.485624146389101,3.8169756695982615,75.0,9,12.697154839337745,8.022815483795211,77.77777777777779,18,6.751112498034241,4.732501945526167,55.55555555555556,8,6.893674558677097,9.142907249283025,50.0,0,,,,4,10.485624146389101,3.8169756695982615,75.0,30,2.887746090435084,4.6874152529875115,60.0,1,3.9179440514739086,3.9179440514739086,100.0,7,6.889834509986159,11.829261090146826,71.42857142857143
PNW,10,1255,1.71,6.9605,-12.211,15.6311,37,5.0579860899456195,5.089782141703035,100.0,4,6.134069466838646,6.412194672664458,100.0,12,7.076298992165626,7.147215939425759,100.0,22,4.540685553330437,3.3333708467876715,100.0,11,4.5179793446931,2.8651908485263835,100.0,0,,,,4,6.710777914783078,7.565611568553322,100.0,36,4.327000045249026,3.5058774197498526,100.0,1,2.0174673379555403,2.0174673379555403,100.0,9,5.36822188021049,4.935049544480931,100.0
PNW,20,1255,1.71,6.9605,-12.211,15.6311,37,5.534452532169843,5.714644389437298,86.48648648648648,4,8.021150778458805,8.315971398069392,75.0,12,6.312508914304853,7.104361724326736,75.0,22,5.607559783344494,5.164434999789124,95.45454545454545,11,5.718464694602826,6.507898829499877,81.81818181818183,0,,,,4,7.415345941587477,7.104361724326736,75.0,36,3.9496199256910693,3.504256465751097,91.66666666666666,1,0.8047236270174696,0.8047236270174696,100.0,9,5.124520942408149,4.754719109236222,100.0
PNW,30,1255,1.71,6.9605,-12.211,15.6311,37,6.299635801963485,4.285546837074559,86.48648648648648,4,13.087321018857821,10.576179136089149,100.0,12,8.490546749267537,9.786032733858859,83.33333333333334,22,5.869093846302408,4.410535452782115,90.9090909090909,11,8.256107367124557,4.7554066302675855,100.0,0,,,,4,10.873902175771832,6.149341449917172,100.0,36,3.116985782208628,2.2710411015509404,66.66666666666666,1,-3.5022030053315416,-3.5022030053315416,0.0,9,3.5473129431380435,3.8048412337977213,77.77777777777779
PNW,60,1255,1.71,6.9605,-12.211,15.6311,37,7.121865131159805,5.77856257316648,81.08108108108108,4,15.409151718202224,12.861632097390098,100.0,12,8.089173782060858,8.817033562618146,83.33333333333334,22,6.830347337413735,5.988245040527639,81.81818181818183,11,9.334642092007197,9.764740271651222,90.9090909090909,0,,,,4,12.03535112457736,10.840786360658509,75.0,36,1.4164801222664491,2.437488134602305,61.111111111111114,1,0.0,0.0,0.0,9,3.2513411124002563,4.899561787081584,77.77777777777779
PODD,10,1255,-0.8262,16.436,-33.6983,32.0458,34,9.354666733052504,6.970185305814123,100.0,3,20.248761649159853,25.198847959043526,100.0,7,17.691308131947817,18.910944825232008,100.0,14,6.230084660930969,3.8299333345335578,100.0,10,11.359386659130188,9.499454134794354,100.0,0,,,,3,20.248761649159853,25.198847959043526,100.0,34,6.946723870811445,6.641845636421088,100.0,0,,,,8,7.172355264127013,7.078007529775446,100.0
PODD,20,1255,-0.8262,16.436,-33.6983,32.0458,34,11.55937423115179,6.9442066209453674,82.35294117647058,3,32.12352345151934,34.68685369962573,100.0,7,24.112333671342125,19.652507552217045,100.0,14,5.869750370626142,3.8235559022085868,71.42857142857143,10,14.496388846703002,10.362943108989619,90.0,0,,,,3,32.12352345151934,34.68685369962573,100.0,34,6.077573789207366,4.517409768355286,82.35294117647058,0,,,,8,8.435806482860444,6.7053495259341265,87.5
PODD,30,1255,-0.8262,16.436,-33.6983,32.0458,34,13.223133423627587,13.997318223731545,79.41176470588235,3,37.52986214981647,47.10025975291557,100.0,7,28.634265688151938,23.874345992827223,100.0,14,9.065441059507465,9.202555948137164,78.57142857142857,10,13.489341052764663,14.002226695063126,90.0,0,,,,3,37.52986214981647,47.10025975291557,100.0,34,6.850257584247119,7.253689780477293,82.35294117647058,0,,,,8,10.762355823032461,8.36019241935163,87.5
PODD,60,1255,-0.8262,16.436,-33.6983,32.0458,34,11.74414582095725,13.023758703197483,70.58823529411765,3,46.24145920882753,49.47997470560373,100.0,7,33.552505651034814,29.050305673175387,100.0,14,10.288471688445474,9.421215185959912,71.42857142857143,10,13.61156006670451,13.659228820215546,80.0,0,,,,3,46.24145920882753,49.47997470560373,100.0,34,5.768415299140194,3.7125057745024046,55.88235294117647,0,,,,8,15.574377463971475,18.659596685926633,75.0
POOL,10,1255,-3.9745,10.1472,-24.269,16.3199,35,6.465210564267335,5.710645798688872,100.0,5,8.76471099675065,5.942587310210921,100.0,11,7.222293449293412,5.942587310210921,100.0,12,5.8808070013889,5.724048184121934,100.0,8,7.366500078818145,7.02568645142198,100.0,0,,,,4,6.708896060550929,4.99335863157439,100.0,35,6.674692227838547,5.712545144529624,100.0,2,6.70187433562774,6.70187433562774,100.0,12,7.654811561944761,6.685278877125783,100.0
POOL,20,1255,-3.9745,10.1472,-24.269,16.3199,35,6.233318430191301,5.3788863942995295,80.0,5,11.339876554579897,12.201216397972518,100.0,11,7.596918244151221,9.442284288016053,90.9090909090909,12,5.181220172345119,5.1559483032088655,66.66666666666666,8,5.472344749818181,6.548173470500032,62.5,0,,,,4,11.40544756950091,12.567510403621647,100.0,35,7.491439033171964,6.526473762871754,88.57142857142857,2,10.3992595158138,10.3992595158138,100.0,12,8.42704306226908,7.375563644940077,91.66666666666666
POOL,30,1255,-3.9745,10.1472,-24.269,16.3199,35,5.334696093031297,4.478175464259566,71.42857142857143,5,12.719174450777334,16.20983274079288,100.0,11,5.905096067170695,3.9833136124186153,81.81818181818183,12,2.3363828191309133,1.2607252970427367,50.0,8,3.417260597207583,3.7027929110242543,62.5,0,,,,4,11.846509878273446,13.067577609888488,100.0,35,7.439648566481116,7.04130081377299,74.28571428571429,2,11.78602103680888,11.78602103680888,100.0,12,5.834336240496747,3.93678742601354,66.66666666666666
POOL,60,1255,-3.9745,10.1472,-24.269,16.3199,35,2.474074369368485,1.1796942213199377,54.285714285714285,5,7.518136522930942,1.1796942213199377,60.0,11,2.680639833012271,0.3166155216897463,54.54545454545454,12,-1.957698362349183,-3.7143095402382773,33.33333333333333,8,0.34169135316131927,-3.284026279145153,37.5,0,,,,4,12.355538858041218,13.741871945468162,75.0,35,9.73470026183355,10.59149935678765,74.28571428571429,2,19.044406607219372,19.044406607219372,100.0,12,7.34690436526154,6.919001678118681,66.66666666666666
PPG,10,1255,-2.2697,8.1636,-18.597,14.0575,35,6.226224804179095,6.48713263594076,100.0,4,10.00679725482425,9.86103844574317,100.0,15,7.202230420963436,7.239496237930415,100.0,12,5.447967875689774,4.859304646472635,100.0,7,6.305194448302534,5.459467598441865,100.0,0,,,,4,10.00679725482425,9.86103844574317,100.0,36,5.553878398942445,4.669386232568587,100.0,0,,,,16,5.442762922250765,4.586380568054477,100.0
PPG,20,1255,-2.2697,8.1636,-18.597,14.0575,35,5.38798142498229,5.025572710534311,74.28571428571429,4,7.402874646647443,11.19086837335541,75.0,15,7.48114300154099,7.557002360695396,80.0,12,2.4953488505136776,0.48547506839349025,58.333333333333336,7,4.816396317294982,-0.2122094288596307,42.857142857142854,0,,,,4,7.402874646647443,11.19086837335541,75.0,36,5.431301349457788,5.837146601745655,83.33333333333334,0,,,,16,4.771759592412917,5.207168552334374,81.25
PPG,30,1255,-2.2697,8.1636,-18.597,14.0575,35,6.877096218818302,5.497375313514257,80.0,4,13.275216615573026,16.20121502983625,75.0,15,10.214854780883453,11.522152724191997,86.66666666666667,12,1.6442168080955237,1.4213423644783871,66.66666666666666,7,5.965546287588515,1.587908594921527,85.71428571428571,0,,,,4,13.275216615573026,16.20121502983625,75.0,36,5.200459847336697,5.909976139580527,77.77777777777779,0,,,,16,4.220052072097381,4.518092831872603,68.75
PPG,60,1255,-2.2697,8.1636,-18.597,14.0575,35,5.88929066429641,4.868712144257163,71.42857142857143,4,16.669141858362195,14.962546671184292,100.0,15,12.131910708026318,14.630581437593998,86.66666666666667,12,1.4650032747982171,0.4027043964470728,50.0,7,6.698301458621899,6.287700542986724,71.42857142857143,0,,,,4,16.669141858362195,14.962546671184292,100.0,36,5.126144270287942,4.739141920798364,80.55555555555556,0,,,,16,5.353457676378632,4.8293405627519626,81.25
PPL,10,1255,1.7461,4.9354,-8.1248,11.617,35,3.894849637576288,3.661611219656782,100.0,8,6.324608160373369,5.931222138411247,100.0,10,6.4043574832437375,6.2124043746552315,100.0,27,3.4845177683557638,3.0198142327232698,100.0,10,4.883850890281134,5.006141515844826,100.0,4,7.020560844210559,6.484587695107887,100.0,7,6.645407462187817,6.065917656444931,100.0,34,3.6775136626515676,2.7379920043574315,100.0,0,,,,1,8.956402126838894,8.956402126838894,100.0
PPL,20,1255,1.7461,4.9354,-8.1248,11.617,35,4.228687369309747,5.542455505283906,80.0,8,6.662108456291811,8.101889716796165,87.5,10,5.744610531604858,6.021473854723071,90.0,27,4.504767758187703,6.267813657438312,81.48148148148148,10,7.457814582752967,7.900342195898292,100.0,4,10.65954256842489,10.99441917683304,100.0,7,7.191893777215084,8.159643378255724,85.71428571428571,34,3.8837431769147504,3.3897543523149043,82.35294117647058,0,,,,1,7.905000399111175,7.905000399111175,100.0
PPL,30,1255,1.7461,4.9354,-8.1248,11.617,35,4.34985295886617,4.087091489299741,80.0,8,10.544635764258075,10.802026405714535,100.0,10,9.021732838280828,10.192235085614136,90.0,27,4.1883520081265955,4.087091489299741,77.77777777777779,10,9.981117719212047,10.240911901899471,100.0,4,15.312700596309465,14.448471572099047,100.0,7,11.756574425320249,10.961026122243766,100.0,34,3.6564243788713653,3.8556866581175555,70.58823529411765,0,,,,1,3.660442818908187,3.660442818908187,100.0
PPL,60,1255,1.7461,4.9354,-8.1248,11.617,35,7.14057334766805,7.241168162639575,80.0,8,13.631736216802643,16.158028569254945,87.5,10,11.172410696517268,13.946546125469304,80.0,27,6.705757997479349,3.9732191328146724,81.48148148148148,10,8.275761670128434,5.607193647727124,80.0,4,16.752030395307315,18.118634524524893,100.0,7,15.839068647864384,17.693035721706696,100.0,34,1.9370817269447596,1.4954714941407659,70.58823529411765,0,,,,1,-2.413254656102167,-2.413254656102167,0.0
PRU,10,1255,0.6952,7.834,-14.9727,16.3631,38,5.94096862575917,5.746158797316477,100.0,4,7.469264068003225,7.369607749355204,100.0,12,7.323307350794302,7.9840310894657165,100.0,27,5.8903236066390265,5.230078346591415,100.0,10,6.4629268552085595,5.647839371230651,100.0,1,6.6681409201272395,6.6681409201272395,100.0,4,7.469264068003225,7.369607749355204,100.0,37,4.891258630240449,4.393513658553007,100.0,0,,,,7,6.050263198089238,5.7428345737845525,100.0
PRU,20,1255,0.6952,7.834,-14.9727,16.3631,38,6.095518783971471,6.394105324627294,78.94736842105263,4,8.184126691015237,8.701825166218232,100.0,12,7.188613413566436,8.701825166218232,75.0,27,5.608020062371464,6.342511944900744,77.77777777777779,10,5.89391798168335,6.793800405675169,70.0,1,1.4562627413310678,1.4562627413310678,100.0,4,8.184126691015237,8.701825166218232,100.0,37,4.610945778074589,4.321404327115749,86.48648648648648,0,,,,7,4.646312762575218,4.370113720478132,85.71428571428571
PRU,30,1255,0.6952,7.834,-14.9727,16.3631,38,6.505207234366209,6.055050722041114,76.31578947368422,4,9.285289661160428,8.743742635901336,100.0,12,9.564495555120866,8.743742635901336,83.33333333333334,27,5.505603462160047,5.869027945683558,70.37037037037037,10,6.844441161616119,5.377306235477133,80.0,1,9.109810362332482,9.109810362332482,100.0,4,9.285289661160428,8.743742635901336,100.0,37,5.182639287910663,6.06970211188274,56.75675675675676,0,,,,7,3.5613115343906374,-0.36087466380136296,42.857142857142854
PRU,60,1255,0.6952,7.834,-14.9727,16.3631,38,6.019603044241835,5.4903869505479665,78.94736842105263,4,8.290652446979115,8.972175184305469,100.0,12,8.697837490404105,6.683087693993707,91.66666666666666,27,5.4766529077325625,6.114883564145512,77.77777777777779,10,5.133520651544059,5.86290279322327,60.0,1,6.114883564145512,6.114883564145512,100.0,4,8.290652446979115,8.972175184305469,100.0,37,4.499598179882364,3.5922836026082554,64.86486486486487,0,,,,7,2.7816361352671377,-0.17819449768672374,42.857142857142854
PSA,10,1255,-0.1227,7.6825,-15.4877,15.2423,38,5.531338622802618,5.273922553648726,100.0,5,6.592971355575313,5.408170605116515,100.0,16,6.5747128008670215,6.58620724657033,100.0,20,5.196427956969469,3.777999610577263,100.0,8,4.3573725948536435,3.3713893858888455,100.0,0,,,,5,6.592971355575313,5.408170605116515,100.0,37,5.132747829725894,4.535781456536526,100.0,1,5.013559044347253,5.013559044347253,100.0,9,4.888265207262549,3.8207123108072394,100.0
PSA,20,1255,-0.1227,7.6825,-15.4877,15.2423,38,5.262603076076236,5.032206240899459,78.94736842105263,5,5.3930373130209235,5.062457505283908,80.0,16,4.863151584553275,5.117899424130312,75.0,20,6.271678045276018,5.997064874621316,85.0,8,4.404310808543958,5.032206240899459,75.0,0,,,,5,5.3930373130209235,5.062457505283908,80.0,37,3.478188663734393,3.263218039426224,78.37837837837837,1,9.084692984178538,9.084692984178538,100.0,9,2.3032567006452522,4.918864242165976,77.77777777777779
PSA,30,1255,-0.1227,7.6825,-15.4877,15.2423,38,6.228610026136899,5.064466617138566,81.57894736842105,5,9.433119781373914,10.423771736875437,100.0,16,7.635851416315674,6.553134923120787,100.0,20,5.745584557707435,5.9581952705118875,75.0,8,5.405784307288753,4.369983794238431,87.5,0,,,,5,9.433119781373914,10.423771736875437,100.0,37,2.732248656692698,3.957281725682524,72.97297297297297,1,8.890169874985984,8.890169874985984,100.0,9,-1.8334486243665506,1.79602657182475,66.66666666666666
PSA,60,1255,-0.1227,7.6825,-15.4877,15.2423,38,6.791526733880243,4.203235413542587,63.1578947368421,5,13.720731099905493,19.52310253787818,80.0,16,10.943894657320708,12.745289002070034,87.5,20,4.7106408423434,0.6897945918229279,55.00000000000001,8,2.7668718225082136,0.13498489337554706,50.0,0,,,,5,13.720731099905493,19.52310253787818,80.0,37,2.1173649661330156,4.672424576374295,64.86486486486487,1,13.3398660070378,13.3398660070378,100.0,9,0.03842965297388723,3.9043577295089014,66.66666666666666
PSKY,10,1255,-7.2634,15.886,-39.0354,24.5086,36,10.495597234124839,7.912175087330885,100.0,3,16.260066213404645,14.346589848655045,100.0,17,10.019331016866092,9.20421360132064,100.0,6,14.813837647369802,8.019658125592974,100.0,3,26.7887029373494,14.346589848655045,100.0,0,,,,3,16.260066213404645,14.346589848655045,100.0,36,9.680484208835123,8.567495790986003,100.0,2,6.304467256218722,6.304467256218722,100.0,22,10.801420409752087,9.76109824473875,100.0
PSKY,20,1255,-7.2634,15.886,-39.0354,24.5086,36,9.521587314410402,6.201704893647213,80.55555555555556,3,6.12126318857742,10.91606488473281,66.66666666666666,17,11.495354160955777,6.965172161836003,82.35294117647058,6,15.737669264940045,9.089920193212121,100.0,3,26.828815483242636,19.37274549433138,100.0,0,,,,3,6.12126318857742,10.91606488473281,66.66666666666666,36,8.943386867534091,8.307313618273195,83.33333333333334,2,-1.0116369840850918,-1.0116369840850918,50.0,22,9.340194820653958,8.75600084660467,86.36363636363636
PSKY,30,1255,-7.2634,15.886,-39.0354,24.5086,36,10.8750596772927,7.424226818187959,77.77777777777779,3,11.750902174591497,10.426577254316669,100.0,17,11.789504893728884,9.340169366577724,82.35294117647058,6,24.23618664902698,11.481050966414227,100.0,3,43.332526686054145,19.89193983230567,100.0,0,,,,3,11.750902174591497,10.426577254316669,100.0,36,10.163505089852169,10.412614343338038,75.0,2,2.688820886097959,2.688820886097959,50.0,22,10.756167568291126,10.606716390466069,81.81818181818183
PSKY,60,1255,-7.2634,15.886,-39.0354,24.5086,36,6.87532286714136,9.410520411141082,69.44444444444444,3,20.469941728271362,5.6198290776713336,100.0,17,9.622915290752168,10.004426320529744,70.58823529411765,6,20.147690610805807,15.214248378049376,100.0,3,12.058202162726682,3.57865407841741,66.66666666666666,0,,,,3,20.469941728271362,5.6198290776713336,100.0,36,12.768349732967074,13.644565935987627,75.0,2,17.76303638691266,17.76303638691266,100.0,22,14.990793658833935,17.283940816231926,81.81818181818183
PSX,10,1255,3.3681,9.5028,-15.6376,22.3738,34,7.763503463677784,7.958954463874438,100.0,4,13.923662994823298,14.235379105620737,100.0,15,8.823217565665582,9.082578877085714,100.0,17,6.976929371561788,6.48469406426897,100.0,10,9.01659023017529,8.763246992011263,100.0,0,,,,4,13.923662994823298,14.235379105620737,100.0,36,6.591917177646795,6.339785334878968,100.0,1,8.951409969880274,8.951409969880274,100.0,6,6.563354326694142,7.603551163358656,100.0
PSX,20,1255,3.3681,9.5028,-15.6376,22.3738,34,9.067599740469475,7.603458326877771,91.17647058823529,4,20.573970309493674,19.741005241626077,100.0,15,10.751106616377065,7.430915511853321,100.0,17,8.326889496557564,8.736082101783648,88.23529411764706,10,9.631041787806607,8.949836888795996,90.0,0,,,,4,20.573970309493674,19.741005241626077,100.0,36,5.875711068254395,6.402346354145914,80.55555555555556,1,18.81766929138335,18.81766929138335,100.0,6,6.735868931285577,7.122670637697546,100.0
PSX,30,1255,3.3681,9.5028,-15.6376,22.3738,34,10.252834467240117,8.743257386756007,73.52941176470588,4,24.255390484420513,21.551231508897033,100.0,15,10.373232867622328,4.007270915405405,73.33333333333333,17,10.827826148673221,7.553522869508218,76.47058823529412,10,10.639330012680922,5.070932251885268,70.0,0,,,,4,24.255390484420513,21.551231508897033,100.0,36,4.418050949747819,4.192333143775773,75.0,1,15.34362404214582,15.34362404214582,100.0,6,5.4552878270766705,5.173838741937008,83.33333333333334
PSX,60,1255,3.3681,9.5028,-15.6376,22.3738,34,14.334181296473108,12.454673639462587,85.29411764705883,4,26.544311475939658,27.602635813667717,100.0,15,13.444964790318393,11.349593541646827,73.33333333333333,17,13.367958274749508,12.020921293997905,94.11764705882352,10,12.742385114771109,5.894955417528434,90.0,0,,,,4,26.544311475939658,27.602635813667717,100.0,36,0.28664959483853014,3.2155835190350874,58.333333333333336,1,17.61220746743663,17.61220746743663,100.0,6,5.071852172667573,6.544391605046361,83.33333333333334
PTC,10,1255,-0.0785,9.8945,-19.8674,19.7105,32,6.207188003036965,6.038013011113286,100.0,3,8.79921166751243,8.01520477898916,100.0,7,6.97855853994652,6.3441972972958744,100.0,12,5.414606927921742,5.725879151728345,100.0,9,5.696822505505868,4.9774109322010895,100.0,0,,,,3,8.79921166751243,8.01520477898916,100.0,36,5.233604711613407,3.910219175714537,100.0,3,4.152896378800506,4.32840811398989,100.0,8,6.393206526160034,4.627443744039608,100.0
PTC,20,1255,-0.0785,9.8945,-19.8674,19.7105,32,5.356989038899037,4.122968094050428,81.25,3,9.093681287530602,15.725878467795242,66.66666666666666,7,6.722734284824446,4.4558268482395365,71.42857142857143,12,3.264301667385227,3.099255593750913,75.0,9,4.499155804043126,3.44381786802726,77.77777777777779,0,,,,3,9.093681287530602,15.725878467795242,66.66666666666666,36,4.627715668602794,4.5043598772138385,69.44444444444444,3,1.8782936085775053,1.7420656201952596,66.66666666666666,8,6.270888614435972,6.783909202766342,87.5
PTC,30,1255,-0.0785,9.8945,-19.8674,19.7105,32,6.804081041494171,6.260206824394322,75.0,3,10.760425643694616,8.117800902333974,100.0,7,5.736095277706353,2.0039983478612857,71.42857142857143,12,3.556202539337479,2.3205765539503016,75.0,9,7.364645410384387,5.863800516533359,88.88888888888889,0,,,,3,10.760425643694616,8.117800902333974,100.0,36,4.868880860371636,5.468842276273257,72.22222222222221,3,3.9785507353482417,5.295506917397489,66.66666666666666,8,5.438362356548355,8.137552469916722,87.5
PTC,60,1255,-0.0785,9.8945,-19.8674,19.7105,32,8.044489883322385,9.321198935257424,75.0,3,13.144146847277874,11.017611906991261,100.0,7,7.969367807640802,11.017611906991261,71.42857142857143,12,4.89697141526331,3.8690812265315397,75.0,9,8.382685493347926,11.017611906991261,77.77777777777779,0,,,,3,13.144146847277874,11.017611906991261,100.0,36,3.2698427053361057,3.8603342322289773,61.111111111111114,3,10.42538229300978,6.446096165694317,100.0,8,4.125317168587539,3.7921854400640704,50.0
PWR,10,1255,7.3623,9.8997,-12.4371,27.1618,37,8.165478963744164,7.440354436603824,100.0,6,10.98430808735449,10.635149846116786,100.0,14,10.283980689703455,8.58583954043921,100.0,30,7.5397998886882185,7.406799876282508,100.0,14,8.697904786802777,8.127232593728003,100.0,2,7.700771316083966,7.700771316083966,100.0,5,13.120534530310247,15.098366759592233,100.0,29,6.4519907199846696,6.820796917907381,100.0,0,,,,0,,,
PWR,20,1255,7.3623,9.8997,-12.4371,27.1618,37,9.335073311955027,8.02525277618457,86.48648648648648,6,17.24920035132157,14.828632989003271,100.0,14,13.965507419824105,12.939773451296949,92.85714285714286,30,7.366786937877931,7.543321996884732,83.33333333333334,14,6.929072467307141,5.796659062775341,85.71428571428571,2,11.022868200004948,11.022868200004948,100.0,5,19.88467707454172,17.973919664789072,100.0,29,5.235624181490446,3.690514065874578,72.41379310344827,0,,,,0,,,
PWR,30,1255,7.3623,9.8997,-12.4371,27.1618,37,11.649550237087311,11.802189526644552,78.37837837837837,6,26.277188506196552,29.44979622129007,100.0,14,18.308174727426575,16.080348457264463,92.85714285714286,30,8.972791415517099,9.18120028525246,73.33333333333333,14,9.16281600725392,9.9364263714417,71.42857142857143,2,22.07703465304821,22.07703465304821,100.0,5,29.741030847101193,31.621234368200458,100.0,29,4.880750795419067,5.676527921454586,62.06896551724138,0,,,,0,,,
PWR,60,1255,7.3623,9.8997,-12.4371,27.1618,37,16.783945818444646,21.433332920682396,78.37837837837837,6,32.65875827729527,24.528057750966504,100.0,14,25.864883088515562,24.528057750966504,92.85714285714286,30,14.048181346708779,20.87982057985027,73.33333333333333,14,19.853612235983782,24.528057750966504,78.57142857142857,2,24.036519558088045,24.036519558088045,100.0,5,34.301127320490636,24.609202440614553,100.0,29,0.9424700660430037,1.6949767524544506,51.724137931034484,0,,,,0,,,
PYPL,10,1255,-11.9671,21.9755,-55.9181,31.9839,35,8.21856695086856,7.182798503098718,100.0,2,15.36383575776651,15.36383575776651,100.0,6,12.321623587868503,8.523908936608361,100.0,15,6.606045645120521,6.672353859912454,100.0,10,6.717989442101711,4.64830953872911,100.0,0,,,,2,15.36383575776651,15.36383575776651,100.0,37,8.110102143919063,6.516985215950556,100.0,0,,,,16,8.373364621422894,3.9735218042328415,100.0
PYPL,20,1255,-11.9671,21.9755,-55.9181,31.9839,35,7.030797904449262,5.340018674181434,68.57142857142857,2,18.461120437349013,18.461120437349013,100.0,6,16.84643433911666,13.32618796223052,83.33333333333334,15,3.1932127581692695,0.8944545873771504,53.333333333333336,10,4.993145968195882,3.012697500018301,60.0,0,,,,2,18.461120437349013,18.461120437349013,100.0,37,9.663441045144204,10.454941489055848,89.1891891891892,0,,,,16,9.2761699060135,8.502201699724449,81.25
PYPL,30,1255,-11.9671,21.9755,-55.9181,31.9839,35,4.272186922214141,1.4331820972941354,62.857142857142854,2,6.478528209800887,6.478528209800887,100.0,6,8.389747269301226,6.478528209800887,83.33333333333334,15,-0.7351616043334401,-0.6710529789854863,40.0,10,3.4230798125188726,-0.16409650673464884,50.0,0,,,,2,6.478528209800887,6.478528209800887,100.0,37,11.97996310340262,9.609593670449616,86.48648648648648,0,,,,16,12.264825556066896,7.883936473643775,81.25
PYPL,60,1255,-11.9671,21.9755,-55.9181,31.9839,35,1.9284886468915943,-0.46697963738798953,45.714285714285715,2,7.6437600842546045,7.6437600842546045,50.0,6,0.24100274239472044,7.6437600842546045,50.0,15,-2.548765165362133,-2.3984029392810577,26.666666666666668,10,7.84583715535737,9.21799664029912,60.0,0,,,,2,7.6437600842546045,7.6437600842546045,50.0,37,15.538902299790271,13.626953114319097,86.48648648648648,0,,,,16,17.71338415497893,11.578879750380011,87.5
QCOM,10,1255,-0.5215,12.0207,-24.563,23.52,31,9.009222965054603,8.683946306284936,100.0,4,11.3699927630362,10.6792163478922,100.0,15,10.338046681591019,11.593644602526506,100.0,16,8.091287338804925,7.590195837133974,100.0,5,11.579166998233806,12.145246249437472,100.0,0,,,,3,12.265341581953288,12.674486389499465,100.0,39,7.118812377479704,5.151774641261375,100.0,3,5.632479857599392,4.907002011493551,100.0,8,8.974953308410532,8.95635295810283,100.0
QCOM,20,1255,-0.5215,12.0207,-24.563,23.52,31,8.72909418346781,7.987425909616872,77.41935483870968,4,7.626710914162834,7.421888315243819,50.0,15,10.057352791751436,6.770324557382071,73.33333333333333,16,7.08793433293725,6.467557440431266,81.25,5,6.568397708154936,5.3971025973829345,60.0,0,,,,3,12.193850557543437,15.754855967204492,66.66666666666666,39,7.212239613897887,5.476313842747088,87.17948717948718,3,9.150891863241155,7.012071909654048,100.0,8,10.854787930545303,11.679809774473881,100.0
QCOM,30,1255,-0.5215,12.0207,-24.563,23.52,31,10.919199105984335,10.955167523587555,80.64516129032258,4,11.252935651158035,8.665940039582779,100.0,15,13.324936946065524,11.977192203939001,86.66666666666667,16,7.634952587284583,7.476417106374214,75.0,5,10.984769331372323,11.977192203939001,80.0,0,,,,3,12.878343349684712,10.955167523587555,100.0,39,6.861456155077372,6.410991806582013,74.35897435897436,3,11.095912968647175,5.824571937687923,66.66666666666666,8,11.804381235052604,14.303888378357607,100.0
QCOM,60,1255,-0.5215,12.0207,-24.563,23.52,31,12.243830867596758,10.279695460406948,80.64516129032258,4,22.99767610768973,21.51012913532591,100.0,15,14.472595395963593,13.183805184405923,86.66666666666667,16,7.72507392682494,7.932947312386062,68.75,5,14.821968059034848,8.181542222009348,80.0,0,,,,3,25.51639267854328,27.578731875522735,100.0,39,8.162723669563574,8.372088929107774,69.23076923076923,3,17.63924847638593,20.362019736744703,100.0,8,12.448684537390733,10.557927144656176,100.0
RCL,10,1255,3.4891,22.744,-41.9988,48.9771,25,12.274751320297696,10.719965723246846,100.0,3,13.333437839694232,10.719965723246846,100.0,9,13.456730120606334,10.719965723246846,100.0,11,12.945522140450343,11.057688047184687,100.0,7,11.66481710781512,9.895739408633391,100.0,0,,,,2,14.640173897917926,14.640173897917926,100.0,30,7.569946321093469,6.315441367645981,100.0,0,,,,5,8.423598433833261,5.890856249228071,100.0
RCL,20,1255,3.4891,22.744,-41.9988,48.9771,25,15.937462862836624,17.954746040073026,80.0,3,12.30096601490906,30.995247798386917,66.66666666666666,9,21.858700991988083,28.561806839860253,88.88888888888889,11,14.956586677216585,16.460984265862315,81.81818181818183,7,19.661284027876615,20.35163586088306,85.71428571428571,0,,,,2,2.9538251231701302,2.9538251231701302,50.0,30,6.856628730051753,9.2954954966481,73.33333333333333,0,,,,5,2.285471033017669,7.221302592517341,60.0
RCL,30,1255,3.4891,22.744,-41.9988,48.9771,25,18.594663748283246,16.872067220093776,84.0,3,8.78975034457473,16.06670125605336,66.66666666666666,9,24.00903457782746,29.9050901343165,88.88888888888889,11,19.930447713106357,17.528286357128025,90.9090909090909,7,29.073703695076997,29.9050901343165,100.0,0,,,,2,5.151274888835415,5.151274888835415,50.0,30,6.226640362301749,4.645136927612581,60.0,0,,,,5,4.1802117012021425,-0.08429871226710436,40.0
RCL,60,1255,3.4891,22.744,-41.9988,48.9771,25,24.927570093608406,26.02085838396304,72.0,3,26.576943926154442,39.386190071946956,66.66666666666666,9,28.07204085227978,27.693508753170253,77.77777777777779,11,23.9499771336436,26.02085838396304,63.63636363636363,7,46.29650461391061,31.025273751071996,100.0,0,,,,2,9.558368114044363,9.558368114044363,50.0,30,1.0876314682894805,-1.2532206817181994,50.0,0,,,,5,3.475662662809494,-10.584305832847434,40.0
REG,10,1255,1.2528,6.2189,-11.1851,13.6906,31,5.154548274584426,4.663217000422688,100.0,7,6.843869595397253,6.6607805963355124,100.0,14,6.5001103905636715,6.393394646972505,100.0,12,5.01102790326359,4.391859145289762,100.0,10,5.505941812866252,5.426179550864834,100.0,2,5.92095587631087,5.92095587631087,100.0,5,8.388249691505209,8.547582856443556,100.0,32,4.511607324567117,4.154312150827467,100.0,1,3.3970736772273193,3.3970736772273193,100.0,5,6.253115856570331,4.720823089596764,100.0
REG,20,1255,1.2528,6.2189,-11.1851,13.6906,31,5.362290617891377,4.919043674054536,77.41935483870968,7,9.060492982522675,10.155354463683947,85.71428571428571,14,7.890149783260793,7.301628359260212,92.85714285714286,12,4.773876529226413,5.34468173151064,66.66666666666666,10,6.278369384354984,6.341243440038945,90.0,2,11.972552801924778,11.972552801924778,100.0,5,11.47533707418852,10.155354463683947,100.0,32,4.008398369209401,4.150653501568753,87.5,1,5.429987688136569,5.429987688136569,100.0,5,7.667706344326453,7.470845973152366,100.0
REG,30,1255,1.2528,6.2189,-11.1851,13.6906,31,6.329495498240861,6.722081693683273,83.87096774193549,7,11.438654604992081,12.63252007234586,85.71428571428571,14,9.78259734142088,9.283594101965813,92.85714285714286,12,4.432886634299002,4.616921354333427,83.33333333333334,10,6.0856350205579135,6.998604988352857,90.0,2,8.408809457506104,8.408809457506104,100.0,5,15.253183176088921,15.059951064182153,100.0,32,5.3487979395737995,5.501347596853243,84.375,1,4.039057922070636,4.039057922070636,100.0,5,6.684922492955829,6.882814217626061,100.0
REG,60,1255,1.2528,6.2189,-11.1851,13.6906,31,6.04029974268553,4.393440519651287,77.41935483870968,7,9.06230063702642,10.035336066668075,85.71428571428571,14,10.02693446657366,10.183775604636274,85.71428571428571,12,1.0500273360857386,1.5372632987059398,58.333333333333336,10,7.024002329500005,6.34982203010818,80.0,2,-1.7741188577292306,-1.7741188577292306,50.0,5,11.022803741016883,10.332215142604472,80.0,32,2.6466826263435257,3.9797715085505123,75.0,1,0.5884765333327269,0.5884765333327269,100.0,5,2.272088898032368,5.114605079216528,60.0
REGN,10,1255,0.2183,12.774,-25.3297,25.7663,35,6.395770226213145,4.945049279025477,100.0,6,7.379702609995943,6.386910655655485,100.0,7,7.609050774020836,6.775077363059932,100.0,20,4.995132311240557,3.194192710553275,100.0,10,6.200837188374428,5.152944302913519,100.0,0,,,,6,7.379702609995943,6.386910655655485,100.0,39,5.503684134451455,4.142705039094349,100.0,1,7.761771561880115,7.761771561880115,100.0,8,5.408403015740799,4.154930089229453,100.0
REGN,20,1255,0.2183,12.774,-25.3297,25.7663,35,5.513907940484594,3.0843841351242376,77.14285714285715,6,0.7887560932036468,-1.4056261315458394,33.33333333333333,7,1.991973023287493,-1.027285453171863,42.857142857142854,20,4.907081126101486,3.0192687940161305,80.0,10,4.87129128141632,3.9646497351453784,80.0,0,,,,6,0.7887560932036468,-1.4056261315458394,33.33333333333333,39,2.835020771332689,1.2806330425113386,71.7948717948718,1,0.45851610914755747,0.45851610914755747,100.0,8,4.223724588443745,2.5530970789817355,75.0
REGN,30,1255,0.2183,12.774,-25.3297,25.7663,35,7.60917757098302,7.66117832124212,74.28571428571429,6,3.0088312547878444,1.1416988018793675,50.0,7,3.4652944131273173,2.880953658776389,57.14285714285714,20,8.217782955797949,7.056581676340837,80.0,10,5.507354927210159,5.756962326007896,60.0,0,,,,6,3.0088312547878444,1.1416988018793675,50.0,39,2.62101890274738,2.169931833426484,66.66666666666666,1,-1.1723265367391515,-1.1723265367391515,0.0,8,7.035343664354242,5.668586417409543,75.0
REGN,60,1255,0.2183,12.774,-25.3297,25.7663,35,11.443363404054812,12.989131959683059,85.71428571428571,6,-0.5420456392510632,-0.9735737299779729,50.0,7,4.119792394205562,1.2823179618411287,57.14285714285714,20,13.866070669823864,14.897510092263532,90.0,10,17.538485180247726,18.435042733685464,90.0,0,,,,6,-0.5420456392510632,-0.9735737299779729,50.0,39,1.3905083510234348,3.0858865161687903,58.97435897435898,1,1.8037321309694314,1.8037321309694314,100.0,8,10.233966260958812,9.707345415943184,75.0
RF,10,1255,1.672,10.5201,-19.3683,22.7122,32,7.4670872868834,6.762388830123127,100.0,4,8.4506185917911,8.541613508794125,100.0,11,8.229943722350631,7.967143519751252,100.0,18,7.054895792479181,6.762388830123127,100.0,9,5.9367932976235585,4.73473104135553,100.0,1,4.73473104135553,4.73473104135553,100.0,5,7.411963008446053,7.922915302200741,100.0,33,6.837251407441208,6.9368348014201535,100.0,0,,,,4,10.66288229075472,11.665529709224199,100.0
RF,20,1255,1.672,10.5201,-19.3683,22.7122,32,9.283507263245536,8.59761839544806,93.75,4,13.107763511137968,13.647133785922273,100.0,11,9.264843977814994,12.106403549957392,81.81818181818183,18,7.394428997778712,6.639017708652241,94.44444444444444,9,5.686193338479767,4.9633174081595195,88.88888888888889,1,4.73473104135553,4.73473104135553,100.0,5,12.90749151890185,13.304252703367947,100.0,33,5.609094772465931,5.651994357009912,78.78787878787878,0,,,,4,8.31890545907331,9.561537593349318,100.0
RF,30,1255,1.672,10.5201,-19.3683,22.7122,32,10.640913727685843,10.659906645332796,81.25,4,12.494576885284786,14.577041643441351,75.0,11,10.019046877859768,12.90545203102682,63.63636363636363,18,6.749400724467165,7.2672557345649675,77.77777777777779,9,6.477812941149327,4.9633174081595195,77.77777777777779,1,-5.647463799244194,-5.647463799244194,0.0,5,13.176991629471837,15.906650606220039,80.0,33,5.989087182730105,7.409078668471765,69.6969696969697,0,,,,4,2.7447119182054576,3.9635636152135505,75.0
RF,60,1255,1.672,10.5201,-19.3683,22.7122,32,11.13391524500476,11.3132355647592,78.125,4,28.35392903483799,35.89638813582258,100.0,11,15.696838511657377,13.16062760978341,90.9090909090909,18,7.16334699450849,8.325939426551288,72.22222222222221,9,6.49654173512305,7.248654665568674,77.77777777777779,1,3.133907414697369,3.133907414697369,100.0,5,27.055748680678345,35.55003486835394,100.0,33,4.465554976131237,2.8739176690903774,57.57575757575758,0,,,,4,-0.5466738349530291,-0.466679052494944,0.0
RJF,10,1255,2.2558,9.4486,-16.6414,21.153,36,6.895373364269376,6.524192335957858,100.0,4,6.787854275974389,6.929287411452268,100.0,12,7.305380987880824,7.301434510312735,100.0,26,7.178390488747555,5.8240839221,100.0,14,6.401300006290276,6.356924683861678,100.0,1,7.478051091685151,7.478051091685151,100.0,5,7.2813663033331135,7.124817928940319,100.0,33,5.45344660997369,4.4487684915392105,100.0,1,5.720161437650309,5.720161437650309,100.0,1,12.9528480201654,12.9528480201654,100.0
RJF,20,1255,2.2558,9.4486,-16.6414,21.153,36,7.406993081503174,7.133191984214631,80.55555555555556,4,9.968675994606688,10.037718610809932,100.0,12,8.98140698680423,9.917006463056671,83.33333333333334,26,6.475161027996048,6.052632789408042,76.92307692307693,14,4.808579490838995,6.5929750709685475,64.28571428571429,1,4.853851195649302,4.853851195649302,100.0,5,12.588907827577717,13.048137029687773,100.0,33,5.553574545191929,5.010838016541165,84.84848484848484,1,7.74840131109514,7.74840131109514,100.0,1,9.877191625117858,9.877191625117858,100.0
RJF,30,1255,2.2558,9.4486,-16.6414,21.153,36,8.092691711472725,8.501655564136204,69.44444444444444,4,14.990907564957325,16.27216529470932,100.0,12,12.935197574445091,13.025173493925442,83.33333333333334,26,6.468685600714289,3.786801620787272,57.692307692307686,14,8.741228217601966,8.694732747779728,78.57142857142857,1,12.618632349594547,12.618632349594547,100.0,5,16.897644210706755,19.925698239824097,100.0,33,4.957409278099696,5.723810779079132,72.72727272727273,1,7.568433257415365,7.568433257415365,100.0,1,5.934582939331989,5.934582939331989,100.0
RJF,60,1255,2.2558,9.4486,-16.6414,21.153,36,10.057065433021272,10.546249678494657,77.77777777777779,4,24.141370565917935,27.282840027998823,100.0,12,20.253496231221956,22.329986048287516,100.0,26,7.516951142392295,8.229416610036232,73.07692307692307,14,12.746672410527454,10.546249678494657,100.0,1,26.221675853260347,26.221675853260347,100.0,5,23.93894842620258,26.221675853260347,100.0,33,3.5261862689142984,1.566904920329995,60.60606060606061,1,10.511477940161607,10.511477940161607,100.0,1,-10.489963212656646,-10.489963212656646,0.0
RL,10,1255,4.3777,10.1479,-15.9181,24.6735,35,7.745089696427411,6.390240661870217,100.0,4,13.684981693696741,16.332155136568517,100.0,15,9.799835129604649,6.9009069028866525,100.0,20,6.6988655532218715,5.946814648250477,100.0,9,10.374781942924649,14.497135245668721,100.0,1,16.1073249324863,16.1073249324863,100.0,4,13.684981693696741,16.332155136568517,100.0,38,6.2377013914361195,4.771954463130251,100.0,2,9.225033590861363,9.225033590861363,100.0,9,6.338151461104454,5.616329594778588,100.0
RL,20,1255,4.3777,10.1479,-15.9181,24.6735,35,8.359134326170073,7.0960211503273545,82.85714285714286,4,12.53724871371272,8.436232264138326,100.0,15,7.844036068325901,6.715614749615634,86.66666666666667,20,7.517520194327905,9.75592732427365,75.0,9,10.25878454338104,9.464836977730377,88.88888888888889,1,10.156849778661016,10.156849778661016,100.0,4,12.53724871371272,8.436232264138326,100.0,38,5.287562491937593,4.6982935095965335,78.94736842105263,2,11.891986503650939,11.891986503650939,100.0,9,5.500609665036379,5.400988403519507,77.77777777777779
RL,30,1255,4.3777,10.1479,-15.9181,24.6735,35,9.99089792450122,6.947934678252745,82.85714285714286,4,20.416463448413168,14.104469042884642,100.0,15,11.236225798978937,6.947934678252745,93.33333333333333,20,9.08962372621123,6.6858826741449935,75.0,9,12.819510767525596,5.025486062730752,88.88888888888889,1,14.886517941827881,14.886517941827881,100.0,4,20.416463448413168,14.104469042884642,100.0,38,2.555029464904022,1.1520467951847815,55.26315789473685,2,14.466723671416236,14.466723671416236,100.0,9,-0.15182775485373826,4.8741319318757235,66.66666666666666
RL,60,1255,4.3777,10.1479,-15.9181,24.6735,35,14.394049472964117,10.599531603314853,88.57142857142857,4,19.94696425433562,9.431215200801411,100.0,15,16.222749029510105,9.983131661296412,93.33333333333333,20,11.187973101075842,10.82697047012719,85.0,9,15.906598055523538,10.153418776728907,100.0,1,3.6547742602629376,3.6547742602629376,100.0,4,19.94696425433562,9.431215200801411,100.0,38,-1.9001609591842605,-1.8115977744828227,42.10526315789473,2,8.346975615808297,8.346975615808297,100.0,9,-5.41731949277465,-7.715173378590942,44.44444444444444
RMD,10,1255,-0.7552,11.7066,-24.1685,22.6581,37,6.094288334138762,4.9457231333781815,100.0,4,6.478542910873044,6.88048571623506,100.0,7,7.678103908902771,6.988646042151022,100.0,16,5.899557262888644,4.00130522070069,100.0,12,7.519249911173709,4.983683209023457,100.0,0,,,,4,6.478542910873044,6.88048571623506,100.0,32,5.703316814214755,5.439928699347906,100.0,0,,,,8,6.009273575729917,5.580081297558836,100.0
RMD,20,1255,-0.7552,11.7066,-24.1685,22.6581,37,7.450565045854384,5.382146278022644,91.8918918918919,4,6.5382955648247085,4.981666377415827,100.0,7,10.23440931914931,11.481424148855886,100.0,16,7.81905765770232,5.127682790107029,87.5,12,6.585203547672041,4.598150141804664,83.33333333333334,0,,,,4,6.5382955648247085,4.981666377415827,100.0,32,6.026814759299383,6.3123366488230666,87.5,0,,,,8,3.0515172893072604,2.8510926800691405,75.0
RMD,30,1255,-0.7552,11.7066,-24.1685,22.6581,37,6.409381613926664,5.41097466322125,78.37837837837837,4,14.484490680846832,12.980151041525698,100.0,7,15.70241409079703,13.25980074671264,100.0,16,6.6964393051302515,4.3516502590651465,75.0,12,3.8055065455701658,1.653115882577556,66.66666666666666,0,,,,4,14.484490680846832,12.980151041525698,100.0,32,5.400599059502261,4.4580225421526904,71.875,0,,,,8,1.5520980202958041,0.17269803773897552,50.0
RMD,60,1255,-0.7552,11.7066,-24.1685,22.6581,37,6.429332411663721,4.693966283514536,64.86486486486487,4,29.509234874702578,27.661067165110914,100.0,7,23.412923748659505,24.434493146623833,100.0,16,7.104736492087529,6.094314585213365,68.75,12,5.075466735719931,4.202334769233312,58.333333333333336,0,,,,4,29.509234874702578,27.661067165110914,100.0,32,4.541247741782819,6.450262176580445,71.875,0,,,,8,0.5848535295355921,2.349558178193604,50.0
ROK,10,1255,0.6949,11.1307,-21.5664,22.9563,33,5.343754408085993,5.324937521371902,100.0,5,8.27241737900434,9.319314813475362,100.0,8,8.068487381018896,8.329122889673487,100.0,21,4.466229602749537,4.37516218153289,100.0,10,4.617289965298935,5.16746661905008,100.0,1,5.381031129085521,5.381031129085521,100.0,5,8.27241737900434,9.319314813475362,100.0,33,6.118576411813256,4.686888822091513,100.0,0,,,,7,9.46385082636742,9.387410447147369,100.0
ROK,20,1255,0.6949,11.1307,-21.5664,22.9563,33,5.221510134810323,4.466694711835906,78.78787878787878,5,10.568657133214879,5.147755464594733,100.0,8,10.058538481394132,7.283752553606049,100.0,21,4.442490272095443,4.466694711835906,76.19047619047619,10,3.287329582642107,4.644420672779638,70.0,1,5.147755464594733,5.147755464594733,100.0,5,10.568657133214879,5.147755464594733,100.0,33,4.895944129384944,3.6803360619572985,81.81818181818183,0,,,,7,7.453138020349251,9.742906408766059,85.71428571428571
ROK,30,1255,0.6949,11.1307,-21.5664,22.9563,33,6.6042918166408615,5.843707468168134,72.72727272727273,5,14.848114998760934,5.843707468168134,80.0,8,13.812178838760818,8.786155302753425,87.5,21,5.248286944518231,3.818681510024921,71.42857142857143,10,5.265056839888816,4.831194489096528,70.0,1,5.843707468168134,5.843707468168134,100.0,5,14.848114998760934,5.843707468168134,80.0,33,4.820929811594098,5.653337996639689,69.6969696969697,0,,,,7,10.84234737475255,7.022160946391246,85.71428571428571
ROK,60,1255,0.6949,11.1307,-21.5664,22.9563,33,7.993858818516614,9.649752425770563,72.72727272727273,5,16.47818750938499,31.9307349381767,60.0,8,13.28153701737364,9.868368575083167,75.0,21,5.05231876735771,9.23238697733122,71.42857142857143,10,8.304915267061208,9.148004871639667,80.0,1,-22.310270250321825,-22.310270250321825,0.0,5,16.47818750938499,31.9307349381767,60.0,33,3.3293345476826035,2.308828363241228,57.57575757575758,0,,,,7,5.67800969616926,8.836074874572489,57.14285714285714
ROL,10,1255,2.1462,7.0646,-11.9831,16.2755,32,5.595625803369482,5.431289555757308,100.0,4,7.7425387060052895,6.66642789958297,100.0,10,7.167440600447546,6.185257025011909,100.0,23,5.111847338584041,4.924838801766734,100.0,10,6.606084376237382,6.185257025011909,100.0,1,3.1476153898716643,3.1476153898716643,100.0,4,7.7425387060052895,6.66642789958297,100.0,35,3.8887164732897355,3.175152084129476,100.0,0,,,,5,4.011522209972523,3.936149241785432,100.0
ROL,20,1255,2.1462,7.0646,-11.9831,16.2755,32,6.230773046096251,5.598793222732128,81.25,4,9.578749323650719,8.516934486198307,100.0,10,8.824313108348612,7.910548544381322,90.0,23,6.225662234236682,6.872564917040799,78.26086956521739,10,7.555865228641485,7.910548544381322,90.0,1,5.760128113281686,5.760128113281686,100.0,4,9.578749323650719,8.516934486198307,100.0,35,3.162190626178977,3.3117229227697123,71.42857142857143,0,,,,5,1.587700646341095,3.9827973391757943,80.0
ROL,30,1255,2.1462,7.0646,-11.9831,16.2755,32,6.676579153456757,6.89223989977089,84.375,4,7.062721331543398,5.663663667692001,50.0,10,8.817089546769438,11.147296804432766,70.0,23,5.927386068042887,6.6712330003821805,82.6086956521739,10,5.941066254673413,7.566359489946742,70.0,1,-0.18884969724337633,-0.18884969724337633,0.0,4,7.062721331543398,5.663663667692001,50.0,35,2.447161518505247,1.227033871958406,65.71428571428571,0,,,,5,2.079149099066348,6.486953841596802,60.0
ROL,60,1255,2.1462,7.0646,-11.9831,16.2755,32,8.312028431529587,8.74512150383591,78.125,4,17.635989848282616,15.327278428947565,100.0,10,13.083051374309553,14.80154967303579,90.0,23,6.701712397643788,7.624905568812651,73.91304347826086,10,9.906973816565857,11.737618556487488,90.0,1,7.624905568812651,7.624905568812651,100.0,4,17.635989848282616,15.327278428947565,100.0,35,0.8751521893200748,-0.5199496355169754,45.714285714285715,0,,,,5,3.426340191250278,1.256461317247532,60.0
ROP,10,1255,-1.2228,7.8897,-17.0023,14.5567,35,4.439789598973523,4.32358783852033,100.0,1,7.623090231415554,7.623090231415554,100.0,7,4.884425337636719,4.828061947698662,100.0,22,4.256463347937916,4.101900174015065,100.0,9,4.725339256381926,4.580140068294645,100.0,0,,,,1,7.623090231415554,7.623090231415554,100.0,40,3.8278640424830526,2.9615064564434084,100.0,0,,,,7,3.76923249959908,3.717010682795813,100.0
ROP,20,1255,-1.2228,7.8897,-17.0023,14.5567,35,4.095180957951238,3.947580153511982,80.0,1,5.412743091267314,5.412743091267314,100.0,7,4.322066441175981,5.412743091267314,71.42857142857143,22,3.0811940031267655,2.846663247448734,81.81818181818183,9,4.2311346040213325,3.947580153511982,77.77777777777779,0,,,,1,5.412743091267314,5.412743091267314,100.0,40,3.587435564379427,2.912677526752905,80.0,0,,,,7,5.435474063955757,5.252832622328688,85.71428571428571
ROP,30,1255,-1.2228,7.8897,-17.0023,14.5567,35,4.7125107972653755,4.43767186550354,68.57142857142857,1,16.32148788571221,16.32148788571221,100.0,7,5.078932500188484,2.0851132396012457,57.14285714285714,22,4.359736222181464,4.304713526681908,72.72727272727273,9,5.9832245467407965,7.562330229550509,77.77777777777779,0,,,,1,16.32148788571221,16.32148788571221,100.0,40,3.709575044273128,2.442183366085342,65.0,0,,,,7,4.710744246573548,7.432261698944368,71.42857142857143
ROP,60,1255,-1.2228,7.8897,-17.0023,14.5567,35,2.516632624321396,3.425408637717441,65.71428571428571,1,6.308592974863332,6.308592974863332,100.0,7,1.0052823174305847,6.308592974863332,57.14285714285714,22,3.3922057181482956,4.123024669801614,72.72727272727273,9,4.034581766683266,6.796364593974815,77.77777777777779,0,,,,1,6.308592974863332,6.308592974863332,100.0,40,3.266843337376154,2.588837930814992,62.5,0,,,,7,9.593260464442638,12.444817616627697,85.71428571428571
ROST,10,1255,2.2331,10.0884,-17.9437,22.4098,31,6.670964019148038,5.11703840914342,100.0,3,10.664294633317157,11.035175115083774,100.0,11,6.880747994606626,6.895885935845871,100.0,17,6.990585485069976,5.11703840914342,100.0,5,4.582056545849358,4.471826720930094,100.0,0,,,,4,9.25689978081754,9.202276924658403,100.0,34,4.569566533969862,4.141589983594818,100.0,2,4.378150732035503,4.378150732035503,100.0,7,3.9991345380454457,2.080018248841603,100.0
ROST,20,1255,2.2331,10.0884,-17.9437,22.4098,31,7.845388330037573,8.839605707396599,87.09677419354838,3,10.146020774305725,9.8452450687714,100.0,11,8.38395054156315,9.461150172726146,90.9090909090909,17,8.696579161345454,8.833894822417712,88.23529411764706,5,8.68205632311493,9.461150172726146,100.0,0,,,,4,10.86164651631586,11.426884405558832,100.0,34,3.447007206754906,3.160589347053156,70.58823529411765,2,3.6149545787444413,3.6149545787444413,100.0,7,3.96894145336984,2.984575690362801,57.14285714285714
ROST,30,1255,2.2331,10.0884,-17.9437,22.4098,31,10.056704493672619,9.622085001766775,87.09677419354838,3,19.41106103065237,26.57490061169847,100.0,11,10.148725338034875,9.622085001766775,90.9090909090909,17,10.485470282495525,9.104029253471332,88.23529411764706,5,9.67767247866074,10.75096884454448,100.0,0,,,,4,17.97723006350197,20.125318886874624,100.0,34,4.23291973998087,4.558897633317525,64.70588235294117,2,4.113603325443085,4.113603325443085,100.0,7,4.457952455758784,0.013050695644894517,57.14285714285714
ROST,60,1255,2.2331,10.0884,-17.9437,22.4098,31,12.595476615808632,12.087890372097842,83.87096774193549,3,15.196118067630698,18.498495256376785,66.66666666666666,11,8.522407113072378,12.087890372097842,72.72727272727273,17,13.525202343498062,12.087890372097842,88.23529411764706,5,10.769055874008028,7.633181023908703,100.0,0,,,,4,15.314382738862784,17.083836004467916,75.0,34,1.0146007727220192,-0.09063846228666131,50.0,2,8.454482278398242,8.454482278398242,100.0,7,4.6922573031022266,4.187029370046441,71.42857142857143
RSG,10,1255,3.1175,5.9349,-8.7523,14.9874,35,4.101071927376546,3.956619672127136,100.0,3,4.874954600593488,5.408579968434537,100.0,13,4.098794889852558,3.1901667623599,100.0,29,4.283170911822431,4.169846816311898,100.0,12,3.65427681077484,3.6488900294495474,100.0,1,8.459836683525147,8.459836683525147,100.0,3,4.874954600593488,5.408579968434537,100.0,30,3.452669168966861,3.1314893149170295,100.0,0,,,,2,2.680578445231826,2.680578445231826,100.0
RSG,20,1255,3.1175,5.9349,-8.7523,14.9874,35,4.165769362927043,4.314264963206533,71.42857142857143,3,7.029600350424985,6.882095196393694,100.0,13,4.110376301773889,4.314264963206533,84.61538461538461,29,4.642546783623421,5.025743246806753,72.41379310344827,12,4.331081926621897,3.5733870356488753,66.66666666666666,1,11.659190554293197,11.659190554293197,100.0,3,7.029600350424985,6.882095196393694,100.0,30,2.3809351651464965,2.7149513807426735,73.33333333333333,0,,,,2,3.8174514125177867,3.8174514125177867,100.0
RSG,30,1255,3.1175,5.9349,-8.7523,14.9874,35,5.180036151665381,5.271640845208425,80.0,3,8.622352335514174,6.01874375163726,100.0,13,6.2053589540167025,5.8623994860737945,84.61538461538461,29,5.558450473562119,5.540408049074818,79.3103448275862,12,6.018577028537606,5.779575900356039,83.33333333333334,1,15.468539422179663,15.468539422179663,100.0,3,8.622352335514174,6.01874375163726,100.0,30,2.586601389592653,3.189372766011874,66.66666666666666,0,,,,2,6.86891124882545,6.86891124882545,100.0
RSG,60,1255,3.1175,5.9349,-8.7523,14.9874,35,6.490135531003974,6.978952429275889,71.42857142857143,3,10.948452123781017,10.337172853027104,100.0,13,7.109224564451532,8.01269080630083,69.23076923076923,29,6.2946065464608045,5.802422420862307,68.96551724137932,12,7.1471927652269605,8.936648271481333,75.0,1,10.337172853027104,10.337172853027104,100.0,3,10.948452123781017,10.337172853027104,100.0,30,0.5931834331202185,0.18413248344813693,50.0,0,,,,2,3.156676129774029,3.156676129774029,50.0
RTX,10,1255,4.3775,8.1989,-12.0203,20.7753,33,5.451724312192129,5.1226584316842985,100.0,3,4.373019572958675,4.432086450405048,100.0,11,6.622395220771236,5.540803458702535,100.0,22,5.410131567932215,4.8142427135450445,100.0,10,5.643809235946801,5.331730945193417,100.0,0,,,,3,4.373019572958675,4.432086450405048,100.0,32,3.915061292789655,3.2283167253021423,100.0,0,,,,5,4.972865840352334,3.3553120943480783,100.0
RTX,20,1255,4.3775,8.1989,-12.0203,20.7753,33,6.772829094944363,7.063417546559539,87.87878787878788,3,10.386175600110292,9.086397111919233,100.0,11,9.645145985106199,8.538910456533424,100.0,22,6.936216639396949,7.056209705505321,86.36363636363636,10,8.63670728463331,7.840121508374706,100.0,0,,,,3,10.386175600110292,9.086397111919233,100.0,32,3.533481025056328,2.326705378531625,75.0,0,,,,5,5.875274940354031,1.3211993102383381,60.0
RTX,30,1255,4.3775,8.1989,-12.0203,20.7753,33,7.762372291060153,8.75777491484181,84.84848484848484,3,8.293669023769217,16.49091817756138,66.66666666666666,11,9.480051308048841,9.649428472962224,90.9090909090909,22,8.105340265528179,8.074204740943294,86.36363636363636,10,9.3894885587743,7.649847189895404,100.0,0,,,,3,8.293669023769217,16.49091817756138,66.66666666666666,32,2.501303691004719,1.8044832830475732,68.75,0,,,,5,4.7914344829947755,0.7036856022592148,60.0
RTX,60,1255,4.3775,8.1989,-12.0203,20.7753,33,10.465565603366459,11.44367097691181,72.72727272727273,3,13.731526237688692,23.736213999446818,66.66666666666666,11,12.022651748490228,14.714360174211805,63.63636363636363,22,11.701592601702544,13.079015575561808,72.72727272727273,10,12.598202383485877,11.065875580440316,80.0,0,,,,3,13.731526237688692,23.736213999446818,66.66666666666666,32,0.5719508747374956,1.5772880616980647,65.625,0,,,,5,3.518550964512008,6.780566423681386,80.0
RVTY,10,1255,-3.3045,9.5758,-22.4562,15.8471,33,6.687567272422238,6.234344834414138,100.0,4,1.7596619071720039,1.5756122027858839,100.0,11,6.251436759180359,3.408710857567404,100.0,10,8.378898900179827,9.21021423251657,100.0,4,5.836981173982085,4.578182857248946,100.0,0,,,,5,4.741602488256442,2.3635458967383354,100.0,34,6.811604136727541,6.4106670385789135,100.0,1,6.362060725210116,6.362060725210116,100.0,16,7.679895638669012,6.666052921389639,100.0
RVTY,20,1255,-3.3045,9.5758,-22.4562,15.8471,33,7.342946991870318,7.120345984224355,87.87878787878788,4,7.666278553469443,5.977061610815701,100.0,11,8.17461277198429,7.120345984224355,100.0,10,10.18199021358743,7.813355405046968,100.0,4,9.851434157064531,10.473111525454541,100.0,0,,,,5,7.731051023259741,6.907890645769498,100.0,34,7.542545429462231,8.151711765020597,97.05882352941177,1,3.7118551830350137,3.7118551830350137,100.0,16,7.801672621181761,8.70067260597826,93.75
RVTY,30,1255,-3.3045,9.5758,-22.4562,15.8471,33,5.00743005183002,6.179990792082483,78.78787878787878,4,5.140053330206268,5.082691420675245,100.0,11,8.921218289460846,7.7155478334473075,100.0,10,5.602033385006046,7.278966046225732,90.0,4,6.60245065263654,6.126377172778767,100.0,0,,,,5,7.604962613036849,7.7155478334473075,100.0,34,6.69402571448841,5.687667802439574,82.35294117647058,1,4.836430692450834,4.836430692450834,100.0,16,7.670207069559622,7.565879930735974,81.25
RVTY,60,1255,-3.3045,9.5758,-22.4562,15.8471,33,4.129504101746483,3.021893068297455,66.66666666666666,4,17.3918369650593,14.49544341218326,100.0,11,9.271775206288849,6.472092209825233,72.72727272727273,10,5.800165098687864,6.014725610506102,70.0,4,2.00801897818881,1.4535630560286845,75.0,0,,,,5,16.811244091730874,14.48887259841715,100.0,34,7.930658380688224,7.734959421345931,82.35294117647058,1,6.755488965804987,6.755488965804987,100.0,16,8.510221705767421,8.041262236603483,93.75
SATS,10,1255,3.0068,21.559,-40.1113,46.1249,35,11.036091272218298,6.810812048009943,100.0,2,37.08548449226114,37.08548449226114,100.0,9,16.02657487627478,14.202891392992878,100.0,14,10.121126640527203,7.336955598117662,100.0,6,12.112551634735,8.476734174792071,100.0,0,,,,2,37.08548449226114,37.08548449226114,100.0,30,11.71374946160591,11.109031955177098,100.0,2,8.86565666459696,8.86565666459696,100.0,8,12.705136371593223,10.712601573041175,100.0
SATS,20,1255,3.0068,21.559,-40.1113,46.1249,35,16.366080865188724,10.864866102063997,71.42857142857143,2,69.50047430238337,69.50047430238337,100.0,9,22.690347477047084,15.428302689831085,88.88888888888889,14,12.25586116510171,10.175355035172693,78.57142857142857,6,18.058942627178336,12.396622695096083,66.66666666666666,0,,,,2,69.50047430238337,69.50047430238337,100.0,30,9.114622835326553,11.133073736433078,86.66666666666667,2,8.717855060540654,8.717855060540654,100.0,8,0.3786201843921777,12.359252373304965,62.5
SATS,30,1255,3.0068,21.559,-40.1113,46.1249,35,17.478525892335202,10.480338901212551,74.28571428571429,2,73.73581328639331,73.73581328639331,100.0,9,20.91163428848524,9.018982268071355,88.88888888888889,14,13.268317011716503,4.127598314671319,71.42857142857143,6,19.370239762698855,3.525158078259384,83.33333333333334,0,,,,2,73.73581328639331,73.73581328639331,100.0,30,3.954573225460176,8.937172896496214,80.0,2,12.070898835922408,12.070898835922408,100.0,8,-5.473862466127175,14.73720393107597,62.5
SATS,60,1255,3.0068,21.559,-40.1113,46.1249,35,27.54458082481212,8.883684957295904,68.57142857142857,2,175.5864371290088,175.5864371290088,100.0,9,43.993246818058736,3.5021377560714932,66.66666666666666,14,26.193748283416113,38.24545485481018,64.28571428571429,6,29.256951230443576,41.98286864365154,83.33333333333334,0,,,,2,175.5864371290088,175.5864371290088,100.0,30,-4.517630548270158,8.201123874989927,60.0,2,-10.707302934596221,-10.707302934596221,50.0,8,-3.163924596894531,7.388192495632356,62.5
SBAC,10,1255,-2.6497,8.4955,-19.6407,14.3413,38,6.591168560808367,5.947716590599132,100.0,2,9.251158085795831,9.251158085795831,100.0,17,7.283103122323977,6.0084413327809365,100.0,11,5.943540914755883,5.5052943847565246,100.0,9,5.987384474738903,6.966163996767402,100.0,0,,,,2,12.826939671889072,12.826939671889072,100.0,38,5.221923485401703,3.9606734162172472,100.0,4,4.88846985916957,4.553564187231048,100.0,17,3.888791782473198,3.2033192181621457,100.0
SBAC,20,1255,-2.6497,8.4955,-19.6407,14.3413,38,5.641873597822799,3.6636526408494605,78.94736842105263,2,11.859130281812288,11.859130281812288,100.0,17,6.725477189176608,5.016077236065814,94.11764705882352,11,3.807968939513073,2.890012121414169,63.63636363636363,9,2.2913231741059175,0.22535764323140875,66.66666666666666,0,,,,2,17.987549629234245,17.987549629234245,100.0,38,5.5381418131944145,4.938823135329965,81.57894736842105,4,7.055092801414668,7.033551674289077,100.0,17,3.9529387530070617,3.3340635810776313,82.35294117647058
SBAC,30,1255,-2.6497,8.4955,-19.6407,14.3413,38,6.226163402237884,5.121258672782156,78.94736842105263,2,13.705817781317867,13.705817781317867,100.0,17,10.215309538415495,5.987829821848554,94.11764705882352,11,2.1773264256235008,4.080094374303962,54.54545454545454,9,3.3888888758536986,3.3498806681806714,77.77777777777779,0,,,,2,21.89366920743167,21.89366920743167,100.0,38,6.370276588333539,6.724854224728039,73.68421052631578,4,8.9620868671867,7.8708799580252125,100.0,17,4.293438351210334,4.522696264513238,70.58823529411765
SBAC,60,1255,-2.6497,8.4955,-19.6407,14.3413,38,3.7864228359019614,1.0803175304092738,52.63157894736842,2,21.33493530280359,21.33493530280359,100.0,17,9.60495473904305,9.398343674869926,70.58823529411765,11,-7.251248029971108,-6.6034843493602375,18.181818181818183,9,5.446470427197603,8.759585076909598,55.55555555555556,0,,,,2,19.430654169784106,19.430654169784106,100.0,38,7.151859143013571,11.039515962772422,73.68421052631578,4,15.22517829664789,14.273189785478564,100.0,17,4.263324053038011,8.47364779522165,64.70588235294117
SBUX,10,1255,-0.8117,10.6891,-22.1898,20.5665,38,5.35758168969733,4.842102455706974,100.0,4,6.893902238732727,6.098094489319446,100.0,8,6.7886947076537005,6.098094489319446,100.0,16,5.102868358743605,5.032970115276548,100.0,9,5.190304171393582,5.78082709556483,100.0,0,,,,4,6.893902238732727,6.098094489319446,100.0,38,5.759681646088561,4.047335949760418,100.0,0,,,,11,7.165977148412881,5.377967184022387,100.0
SBUX,20,1255,-0.8117,10.6891,-22.1898,20.5665,38,4.201978555168691,3.811820082074073,81.57894736842105,4,7.940559423221187,8.291916110890467,100.0,8,5.504676861706506,4.784990641156876,87.5,16,4.977478023396847,4.380399779200924,81.25,9,6.566692357205059,4.843458845936553,88.88888888888889,0,,,,4,7.940559423221187,8.291916110890467,100.0,38,5.438369911556195,5.509981033145277,89.47368421052632,0,,,,11,4.314393172590329,5.588947750383966,90.9090909090909
SBUX,30,1255,-0.8117,10.6891,-22.1898,20.5665,38,6.133842567750953,5.679210561550522,68.42105263157895,4,5.828462146359436,7.827204922692943,75.0,8,10.494236117001607,11.534144141707902,75.0,16,6.8071975508781515,7.214025111601472,75.0,9,9.917448654444488,8.97904564051867,88.88888888888889,0,,,,4,5.828462146359436,7.827204922692943,75.0,38,5.91183020659943,7.245943433090034,78.94736842105263,0,,,,11,8.068570770539022,10.387725508043047,81.81818181818183
SBUX,60,1255,-0.8117,10.6891,-22.1898,20.5665,38,6.177422199339676,4.255226881886864,68.42105263157895,4,11.666399117145144,11.894340160123624,75.0,8,13.454242636626837,18.08533022693542,75.0,16,8.59927150536111,10.177256925525391,81.25,9,4.762939203180065,4.10538908507073,66.66666666666666,0,,,,4,11.666399117145144,11.894340160123624,75.0,38,3.664983436768884,4.687335095207067,57.89473684210527,0,,,,11,7.276207651212662,13.332297261688689,63.63636363636363
SCHW,10,1255,1.0644,13.0414,-25.0184,27.1473,39,7.144065481996194,5.6676120173515425,100.0,5,8.699456004217991,9.823786822571341,100.0,11,9.066460254443182,9.823786822571341,100.0,25,6.683865730480968,5.126173720273535,100.0,12,9.427553464807216,8.29459156423988,100.0,1,5.682919888549511,5.682919888549511,100.0,6,9.211460895622503,10.16051404336883,100.0,36,5.6214588033702455,4.4028876923024285,97.22222222222221,0,,,,8,6.862906205234839,5.453880316286661,100.0
SCHW,20,1255,1.0644,13.0414,-25.0184,27.1473,39,6.607413149077702,6.143970109437827,76.92307692307693,5,2.603817950084523,-0.3852745051094272,40.0,11,6.599489704538185,6.011736511223576,72.72727272727273,25,5.9429713712029555,6.143970109437827,80.0,12,8.45314346850372,7.865510829473319,83.33333333333334,1,-0.3852745051094272,-0.3852745051094272,0.0,6,5.534821861346924,2.4828091071746883,50.0,36,4.829199341479803,4.44044439131515,77.77777777777779,0,,,,8,4.175292020582585,3.7775299946533334,75.0
SCHW,30,1255,1.0644,13.0414,-25.0184,27.1473,39,8.228748169689334,9.527343248390595,79.48717948717949,5,6.794470421134018,6.452873441530599,80.0,11,10.151721001780746,6.452873441530599,90.9090909090909,25,6.360269752664579,6.876498389542542,76.0,12,8.039517156320034,8.511563419137644,83.33333333333334,1,-1.6952385369412788,-1.6952385369412788,0.0,6,9.42175606564063,9.527480629287535,83.33333333333334,36,4.052209989287603,3.9568622087412497,63.888888888888886,0,,,,8,1.3941036391206834,4.860530755014732,62.5
SCHW,60,1255,1.0644,13.0414,-25.0184,27.1473,39,10.741561075708276,10.702244363075302,76.92307692307693,5,22.230264897167196,21.652902092510278,100.0,11,19.69307030476863,21.652902092510278,90.9090909090909,25,5.344927294802235,7.078130244686516,68.0,12,11.025976121989068,8.707801818745443,75.0,1,7.732680077725998,7.732680077725998,100.0,6,22.37048648122183,22.36224824700263,100.0,36,2.5328667728724574,-1.7788813785422843,41.66666666666667,0,,,,8,-6.999162799479506,-6.993280430661136,12.5
SHW,10,1255,0.0624,8.9689,-17.8753,18.0001,31,5.57052093154835,4.974514952102094,100.0,4,7.99169150732165,7.68605043910426,100.0,10,6.929579598839972,7.187809748262142,100.0,18,4.595164422613594,4.789132522019816,100.0,7,6.450422367779619,6.488836337750785,100.0,1,4.974514952102094,4.974514952102094,100.0,4,7.99169150732165,7.68605043910426,100.0,32,6.382936668806048,5.869462491505889,100.0,0,,,,8,7.527156286201249,6.747799900998791,100.0
SHW,20,1255,0.0624,8.9689,-17.8753,18.0001,31,5.405368718774807,5.5640448293968525,77.41935483870968,4,11.927192675854943,12.007097468903657,100.0,10,8.673848412058955,11.427906822909176,90.0,18,4.36004482432625,3.0927588521793163,77.77777777777779,7,9.415282746984161,10.710229245276174,100.0,1,12.915771190063072,12.915771190063072,100.0,4,11.927192675854943,12.007097468903657,100.0,32,5.744436308265348,5.594940399143421,87.5,0,,,,8,3.957056610163832,3.748858461534863,75.0
SHW,30,1255,0.0624,8.9689,-17.8753,18.0001,31,5.703843777181016,4.046165736928676,70.96774193548387,4,14.54257443193809,11.789615622602952,100.0,10,12.14381476573076,11.789615622602952,90.0,18,4.040647030305877,2.203377534643744,66.66666666666666,7,9.418732117576988,6.926939863831033,85.71428571428571,1,6.177482655458577,6.177482655458577,100.0,4,14.54257443193809,11.789615622602952,100.0,32,5.858419939282333,6.871646480907367,68.75,0,,,,8,6.367007186794121,7.590169228252547,75.0
SHW,60,1255,0.0624,8.9689,-17.8753,18.0001,31,6.455018625535639,5.395627525864539,70.96774193548387,4,12.116224081444244,12.324478316457942,100.0,10,12.423788288900694,14.827481620886807,80.0,18,5.383318518104247,6.215784777704325,66.66666666666666,7,14.018998593624259,18.957188601956215,85.71428571428571,1,18.957188601956215,18.957188601956215,100.0,4,12.116224081444244,12.324478316457942,100.0,32,5.867604888435155,6.88885424283517,68.75,0,,,,8,6.847476091477515,6.88885424283517,87.5
SJM,10,1255,-0.6798,7.0575,-14.7949,13.4353,42,4.936070197663171,3.986931173763045,100.0,5,5.786638101875294,2.2532785082757267,100.0,13,5.58904771338969,3.6401604808163373,100.0,21,4.72231345226285,3.6401604808163373,100.0,9,4.3265949365495935,3.6401604808163373,100.0,1,1.3875550438327502,1.3875550438327502,100.0,5,5.786638101875294,2.2532785082757267,100.0,38,4.389412819182945,3.6507259133876855,100.0,0,,,,14,4.296798592491758,3.09900318609485,100.0
SJM,20,1255,-0.6798,7.0575,-14.7949,13.4353,42,3.68665345264457,3.421913602320449,76.19047619047619,5,9.102836036145375,10.856901105697665,80.0,13,7.18701602109867,7.331022520460204,92.3076923076923,21,3.394746636125111,3.2406758666419906,76.19047619047619,9,3.7237760433266933,5.227599678147342,88.88888888888889,1,10.856901105697665,10.856901105697665,100.0,5,9.102836036145375,10.856901105697665,80.0,38,4.253535021823318,4.496704068153708,81.57894736842105,0,,,,14,4.132994472796,3.025821236992276,78.57142857142857
SJM,30,1255,-0.6798,7.0575,-14.7949,13.4353,42,4.398477716433781,3.447806830573988,80.95238095238095,5,12.940833160091278,15.072547201184634,100.0,13,10.565935464364772,9.713056044456298,100.0,21,3.3945952929226544,2.4745630093516815,76.19047619047619,9,3.9526926410102226,5.8795159418325325,88.88888888888889,1,15.072547201184634,15.072547201184634,100.0,5,12.940833160091278,15.072547201184634,100.0,38,3.8417350090927727,4.3334233545908845,78.94736842105263,0,,,,14,4.275197086426364,4.483890445259968,78.57142857142857
SJM,60,1255,-0.6798,7.0575,-14.7949,13.4353,42,4.5954935232892025,1.969067048950429,66.66666666666666,5,17.783550100123797,18.770553441923546,100.0,13,13.121648278283011,14.396979372700363,100.0,21,2.593042811345698,0.7151302958413518,52.38095238095239,9,2.5170497281312705,1.4155625545491193,66.66666666666666,1,20.359727673015797,20.359727673015797,100.0,5,17.783550100123797,18.770553441923546,100.0,38,3.706172400508143,3.583641347661353,65.78947368421053,0,,,,14,3.4135351534763663,2.6384029736956247,64.28571428571429
SLB,10,1255,2.0195,12.1248,-22.2301,26.2691,38,8.403114806792951,8.313153937961324,100.0,2,10.245184016889974,10.245184016889974,100.0,17,9.044276997219368,8.501861034910274,100.0,21,8.673411051219816,8.325570860012396,100.0,6,11.970474227548209,12.614987715353504,100.0,1,13.980209490279275,13.980209490279275,100.0,2,10.245184016889974,10.245184016889974,100.0,35,8.076289674451454,6.931345064622069,100.0,2,8.809100188879645,8.809100188879645,100.0,6,7.652680576716516,7.9414275476641665,100.0
SLB,20,1255,2.0195,12.1248,-22.2301,26.2691,38,9.027995311757394,7.78308258436134,78.94736842105263,2,11.2989490057839,11.2989490057839,100.0,17,10.845666086822643,9.733421852719024,94.11764705882352,21,8.994411538688322,7.582541440712526,66.66666666666666,6,14.112639439100858,14.125232163773083,100.0,1,17.74656495824499,17.74656495824499,100.0,2,11.2989490057839,11.2989490057839,100.0,35,5.861285250554533,5.603879308193629,80.0,2,10.188245235282663,10.188245235282663,100.0,6,4.6185748598044185,4.258558142215205,100.0
SLB,30,1255,2.0195,12.1248,-22.2301,26.2691,38,8.87855811224938,6.239473009786598,73.68421052631578,2,17.112578080700505,17.112578080700505,100.0,17,12.05886261179292,7.006035532801705,94.11764705882352,21,8.650754104865328,4.577096154455494,61.904761904761905,6,6.274511338814814,4.310826060335552,66.66666666666666,1,28.21576815952998,28.21576815952998,100.0,2,17.112578080700505,17.112578080700505,100.0,35,5.098150427246009,5.662510245518101,80.0,2,3.6991114022787785,3.6991114022787785,100.0,6,6.827616651142617,5.897124080927622,100.0
SLB,60,1255,2.0195,12.1248,-22.2301,26.2691,38,11.48368613061166,8.475880366352289,71.05263157894737,2,23.439570510363396,23.439570510363396,100.0,17,11.61945018318106,7.768827436575757,88.23529411764706,21,11.083033603086486,7.740049420451946,57.14285714285714,6,11.47572201198409,5.7839670457804075,66.66666666666666,1,36.56778732406186,36.56778732406186,100.0,2,23.439570510363396,23.439570510363396,100.0,35,4.63539997308137,7.162120916340756,71.42857142857143,2,-1.0473643555735817,-1.0473643555735817,50.0,6,6.056651399858428,4.679129896399072,66.66666666666666
SMCI,10,1255,3.4829,33.5091,-63.5352,70.501,36,18.39138701949039,13.303467130765533,100.0,4,35.41047401543868,22.4635738264153,100.0,5,30.311902161484266,18.32272757468621,100.0,17,12.777078291289271,8.278937997367715,100.0,11,17.1522416263418,15.55178895023081,100.0,0,,,,4,35.41047401543868,22.4635738264153,100.0,35,14.971056372747766,12.157193573405099,100.0,0,,,,7,21.405415315089527,12.157193573405099,100.0
SMCI,20,1255,3.4829,33.5091,-63.5352,70.501,36,23.42841635655298,18.976592638046416,80.55555555555556,4,27.027035492943593,10.786005686675423,75.0,5,21.336458012095246,6.686331418285397,60.0,17,16.703407824295937,17.249102645709048,88.23529411764706,11,28.26454721544894,35.30906497320166,81.81818181818183,0,,,,4,27.027035492943593,10.786005686675423,75.0,35,9.655221776962065,7.962530771833573,71.42857142857143,0,,,,7,14.861767694565753,15.15408217378,85.71428571428571
SMCI,30,1255,3.4829,33.5091,-63.5352,70.501,36,34.09190878640723,20.446739587623348,77.77777777777779,4,11.173729241110692,5.512518013619945,50.0,5,8.292596467872437,-3.231934625080583,40.0,17,18.68358208807224,9.275290118184373,82.35294117647058,11,36.474586465332635,37.46253660594464,81.81818181818183,0,,,,4,11.173729241110692,5.512518013619945,50.0,35,2.0015450324012565,8.115320424134733,62.857142857142854,0,,,,7,5.050160994054447,22.048042043680617,71.42857142857143
SMCI,60,1255,3.4829,33.5091,-63.5352,70.501,36,50.31926518988769,17.649076997520293,80.55555555555556,4,20.255953646902906,-6.408624953613804,50.0,5,16.58499130258121,1.9011419252944226,60.0,17,33.48759361292351,14.66258972311136,76.47058823529412,11,41.32873992922105,29.61475576479954,81.81818181818183,0,,,,4,20.255953646902906,-6.408624953613804,50.0,35,-8.214243289096908,5.264356107378773,60.0,0,,,,7,15.232577829487662,11.478653063465154,85.71428571428571
SMG,10,1255,-6.9187,20.3376,-47.5939,33.7565,31,10.249423513932562,9.685100843609373,100.0,2,13.796947917474041,13.796947917474041,100.0,10,10.314656379800336,10.63332246146363,100.0,9,7.5354408624892715,7.340754442451066,100.0,6,8.884508485881954,9.181205800787346,100.0,0,,,,2,13.796947917474041,13.796947917474041,100.0,32,8.56624802362707,7.218669233829011,100.0,1,1.4281433013374039,1.4281433013374039,100.0,14,9.587088186159423,6.9098230556115565,100.0
SMG,20,1255,-6.9187,20.3376,-47.5939,33.7565,31,10.41121107389483,8.857685290695462,77.41935483870968,2,27.540388015485497,27.540388015485497,100.0,10,11.250612057550745,9.71496383290967,80.0,9,3.0855192344967373,0.5725703571455737,55.55555555555556,6,8.814561610498382,9.155502964152873,83.33333333333334,0,,,,2,27.540388015485497,27.540388015485497,100.0,32,9.760925210882863,9.510603545441757,84.375,1,15.336414769664323,15.336414769664323,100.0,14,9.015010915286412,10.844401246520718,78.57142857142857
SMG,30,1255,-6.9187,20.3376,-47.5939,33.7565,31,11.462259171194303,7.470871926278454,67.74193548387096,2,24.038598346600494,24.038598346600494,100.0,10,11.044103754868946,5.896212906278505,60.0,9,3.2061995503503606,-0.33879723023985797,44.44444444444444,6,4.974276182277919,3.839639083470093,66.66666666666666,0,,,,2,24.038598346600494,24.038598346600494,100.0,32,10.650751171861625,13.812088060822372,78.125,1,19.371326187817655,19.371326187817655,100.0,14,9.101347030530052,9.678557070668063,64.28571428571429
SMG,60,1255,-6.9187,20.3376,-47.5939,33.7565,31,10.500328147627291,8.829207529183686,67.74193548387096,2,6.6607740679166465,6.6607740679166465,50.0,10,12.973299149729351,9.73851282473333,70.0,9,-1.3148731521528896,-6.521138623142378,44.44444444444444,6,10.881817381590084,11.574531124264045,66.66666666666666,0,,,,2,6.6607740679166465,6.6607740679166465,50.0,32,11.297899887393559,13.917272345255865,65.625,1,21.394548428177504,21.394548428177504,100.0,14,12.283291393710291,7.312475907843378,64.28571428571429
SNA,10,1255,2.6003,6.0788,-9.5573,14.7579,38,4.965115657005495,4.473124192695581,100.0,4,5.850444453539184,6.052796761530112,100.0,19,5.640939142539357,4.78582429702539,100.0,26,4.538298801247425,3.921103844563118,100.0,8,5.952337281386441,4.910308318728857,100.0,1,3.3468790313314742,3.3468790313314742,100.0,4,5.850444453539184,6.052796761530112,100.0,36,4.259335261168368,3.9324202930608005,100.0,1,4.179367595078019,4.179367595078019,100.0,2,4.6368818280144595,4.6368818280144595,100.0
SNA,20,1255,2.6003,6.0788,-9.5573,14.7579,38,5.442579253183199,4.813229913376224,81.57894736842105,4,5.946926675914736,5.879588867932459,75.0,19,6.690270292518782,5.74952187020937,84.21052631578947,26,4.385116560072657,4.215477841999968,76.92307692307693,8,7.330884529302409,6.732492022952675,87.5,1,4.425999840425434,4.425999840425434,100.0,4,5.946926675914736,5.879588867932459,75.0,36,3.2085215087346635,3.309890644060182,75.0,1,6.64333991902614,6.64333991902614,100.0,2,1.6151682651456611,1.6151682651456611,50.0
SNA,30,1255,2.6003,6.0788,-9.5573,14.7579,38,7.2150238627130845,6.324429095267488,84.21052631578947,4,9.858408214444731,8.660652054496406,100.0,19,8.378654279011796,6.785127568582169,94.73684210526315,26,5.823942834816384,5.282083297372244,76.92307692307693,8,10.899347815634405,13.665596715225366,87.5,1,16.776132068756084,16.776132068756084,100.0,4,9.858408214444731,8.660652054496406,100.0,36,4.043529951568231,3.825004854273341,75.0,1,8.657601887436053,8.657601887436053,100.0,2,2.50293114204184,2.50293114204184,50.0
SNA,60,1255,2.6003,6.0788,-9.5573,14.7579,38,9.493268830244766,7.625467469332569,86.8421052631579,4,9.579713602624,9.475700821478728,100.0,19,10.562011429766171,9.58700658764948,94.73684210526315,26,9.663305155185487,7.625467469332569,80.76923076923077,8,14.003020477348088,15.457791455769842,87.5,1,13.934985038348366,13.934985038348366,100.0,4,9.579713602624,9.475700821478728,100.0,36,0.5537702723223986,1.7479490186032551,63.888888888888886,1,8.109858021751903,8.109858021751903,100.0,2,2.064615533192169,2.064615533192169,100.0
SNPS,10,1255,0.9077,11.0754,-21.2432,23.0586,36,8.646396148921752,8.067272104334354,100.0,6,12.340928184044756,11.615831890461823,100.0,14,11.40241351338383,9.118289614291568,100.0,25,7.86825482195459,6.004556459923247,100.0,9,10.998479946882846,9.03771021474811,100.0,3,9.762730609093255,4.459739094656371,100.0,5,13.917166001922434,14.69924043600955,100.0,31,7.7088597169407915,7.010738003833918,100.0,1,4.149681455771995,4.149681455771995,100.0,3,11.733483322468047,12.490555796125847,100.0
SNPS,20,1255,0.9077,11.0754,-21.2432,23.0586,36,9.291739350084693,8.806788914033135,80.55555555555556,6,12.759598235774382,19.80404153734341,66.66666666666666,14,10.319638045679437,9.931596989883143,78.57142857142857,25,7.598800115704353,7.834745467926572,76.0,9,9.545550530427082,10.969041129205982,77.77777777777779,3,4.208512668924828,-5.0608923896101805,33.33333333333333,5,17.013284198929647,21.5657719187956,80.0,31,8.292832182563052,8.953743397036463,83.87096774193549,1,6.535987335783883,6.535987335783883,100.0,3,3.4083479116491673,8.941684589513141,66.66666666666666
SNPS,30,1255,0.9077,11.0754,-21.2432,23.0586,36,11.130562723731906,9.26362790460956,88.88888888888889,6,16.26629141673357,19.434676932398276,83.33333333333334,14,12.269634681787135,11.525828378077968,92.85714285714286,25,8.420880232438932,8.222116155470257,84.0,9,9.45547936897732,9.882321095169418,100.0,3,5.116054488981162,4.209251274004609,66.66666666666666,5,20.722577990414678,21.71530022018569,100.0,31,7.113731718604239,4.9622420934663305,77.41935483870968,1,32.11435303677696,32.11435303677696,100.0,3,3.2322185624368545,6.160637536113973,66.66666666666666
SNPS,60,1255,0.9077,11.0754,-21.2432,23.0586,36,14.240989179738461,13.971653244247833,86.11111111111111,6,25.714127052366887,20.980262885927882,100.0,14,18.322690942298745,16.878033194611632,92.85714285714286,25,13.606796012008965,15.739480225434955,88.0,9,14.8881115070213,15.739480225434955,100.0,3,19.212626650764474,19.58842428546976,100.0,5,26.38253216556306,19.58842428546976,100.0,31,5.501421285252296,2.898986209803002,61.29032258064516,1,29.326719827673447,29.326719827673447,100.0,3,-5.215854512752899,-5.042167044188837,33.33333333333333
SO,10,1255,2.4185,5.7231,-9.0277,13.8647,34,4.318154421439155,3.6155004674600417,100.0,5,4.96212201572626,4.838631683953178,100.0,14,5.116978531362926,5.323173757134291,100.0,19,4.115489137376926,3.5559293002148293,100.0,15,4.528840291725872,3.675071634705254,100.0,1,4.838631683953178,4.838631683953178,100.0,5,4.96212201572626,4.838631683953178,100.0,34,3.942140082014718,3.3277255986690784,100.0,2,0.7213102912928795,0.7213102912928795,100.0,6,4.001972459646944,3.5153712669167754,100.0
SO,20,1255,2.4185,5.7231,-9.0277,13.8647,34,4.050748962735923,4.086803581510283,76.47058823529412,5,5.192922906006432,3.5943716286171634,100.0,14,5.049826916544243,3.7816857757696347,85.71428571428571,19,3.964203768895295,4.280540705976402,73.68421052631578,15,4.3618153549112995,3.9631978049729377,80.0,1,9.224865080404603,9.224865080404603,100.0,5,5.192922906006432,3.5943716286171634,100.0,34,3.283466545577801,3.4890977290664713,79.41176470588235,2,2.426327298360209,2.426327298360209,100.0,6,2.9422243622014417,2.3400622285624024,83.33333333333334
SO,30,1255,2.4185,5.7231,-9.0277,13.8647,34,5.03119048207532,4.472209912747205,82.35294117647058,5,8.295582464271567,9.04462349952817,100.0,14,6.809947913318732,8.2139024943904,85.71428571428571,19,4.950699435236097,4.091897877820576,84.21052631578947,15,6.56860660586501,7.515515457267174,86.66666666666667,1,10.803895423933596,10.803895423933596,100.0,5,8.295582464271567,9.04462349952817,100.0,34,1.8398069654783793,1.7092330635334347,70.58823529411765,2,0.4730875072535683,0.4730875072535683,50.0,6,0.5102467434119707,1.9665116531392242,66.66666666666666
SO,60,1255,2.4185,5.7231,-9.0277,13.8647,34,7.896320102636328,8.448506581267246,82.35294117647058,5,13.455816335183766,15.298093160198178,100.0,14,11.363637820229076,10.85798819659588,100.0,19,6.128711313343776,7.294922385965968,73.68421052631578,15,11.061688368652577,12.313645171348831,93.33333333333333,1,7.294922385965968,7.294922385965968,100.0,5,13.455816335183766,15.298093160198178,100.0,34,-0.32064406969888537,-0.9948620919753773,47.05882352941176,2,1.0471990369873478,1.0471990369873478,50.0,6,-2.1987383654165544,-2.143940753135154,33.33333333333333
SOLV,10,511,3.109,9.1349,-15.1608,21.3788,14,5.6470342988652416,4.513205669294454,100.0,1,4.586578767385978,4.586578767385978,100.0,2,12.273678340086647,12.273678340086647,100.0,6,4.812189332972639,4.613651511828648,100.0,4,5.6063125710410775,4.513205669294454,100.0,0,,,,1,4.586578767385978,4.586578767385978,100.0,17,4.953478935800128,4.235919701541353,100.0,2,4.339098571373926,4.339098571373926,100.0,5,4.201210375554075,4.235919701541353,100.0
SOLV,20,511,3.109,9.1349,-15.1608,21.3788,14,3.928384531624001,1.7603563956586945,78.57142857142857,1,3.9358825714947,3.9358825714947,100.0,2,16.414231176039692,16.414231176039692,100.0,6,0.30544479965585586,0.5311932046387634,50.0,4,2.0615591405071942,3.2523562602804827,75.0,0,,,,1,3.9358825714947,3.9358825714947,100.0,17,4.492270014700862,6.517426322346156,76.47058823529412,2,4.158993488312003,4.158993488312003,50.0,5,0.7948758267768989,0.7932190907193305,60.0
SOLV,30,511,3.109,9.1349,-15.1608,21.3788,14,3.3278742529049645,1.7071960847095444,64.28571428571429,1,15.4737407941896,15.4737407941896,100.0,2,19.28635579281267,19.28635579281267,100.0,6,-1.604770525732104,-3.295050132864484,50.0,4,3.420091284147806,3.4117513786471005,50.0,0,,,,1,15.4737407941896,15.4737407941896,100.0,17,3.1217743084856187,2.2937058013116385,70.58823529411765,2,0.9809657667644734,0.9809657667644734,50.0,5,-2.523388936564248,-0.33177426778269153,40.0
SOLV,60,511,3.109,9.1349,-15.1608,21.3788,14,8.021096211400264,7.372417097666447,85.71428571428571,1,20.996667028500895,20.996667028500895,100.0,2,18.2005055665392,18.2005055665392,100.0,6,5.977631916390983,7.05083105472443,83.33333333333334,4,14.051527552812471,15.792830162191631,100.0,0,,,,1,20.996667028500895,20.996667028500895,100.0,17,3.139516726085126,3.3918434851341592,76.47058823529412,2,2.593303796400052,2.593303796400052,100.0,5,0.17553520002446277,2.515046492866848,60.0
SPG,10,1255,2.2792,10.123,-17.9669,22.5253,36,5.713838476299663,5.331136793833262,100.0,6,5.8390409340176745,5.051436917533968,100.0,11,5.524345010378015,4.184829791126718,100.0,21,5.352025323151721,5.355157917922993,100.0,7,5.946028997202139,6.558959707578828,100.0,0,,,,6,5.8390409340176745,5.051436917533968,100.0,34,4.964112195850428,4.759727582918932,100.0,1,2.2052695656326335,2.2052695656326335,100.0,3,5.6621058445154695,6.041167460910247,100.0
SPG,20,1255,2.2792,10.123,-17.9669,22.5253,36,5.904376819263572,5.850616822845598,83.33333333333334,6,7.496378751068408,9.640139807516459,66.66666666666666,11,5.043111477232184,6.214196458999366,63.63636363636363,21,5.51600984931747,5.892432120293556,90.47619047619048,7,5.163656109861444,6.307421270820497,85.71428571428571,0,,,,6,7.496378751068408,9.640139807516459,66.66666666666666,34,3.703196573698643,3.8544307008024754,73.52941176470588,1,10.498524172958223,10.498524172958223,100.0,3,9.818406862450571,11.551278687625285,100.0
SPG,30,1255,2.2792,10.123,-17.9669,22.5253,36,8.079987382538844,7.064437715730829,86.11111111111111,6,9.21965967484067,13.725873738545667,66.66666666666666,11,8.006912056354091,7.003311303097609,72.72727272727273,21,6.3284016570441635,5.819463813572192,90.47619047619048,7,7.991752907432592,7.003311303097609,85.71428571428571,0,,,,6,9.21965967484067,13.725873738545667,66.66666666666666,34,3.5328594910359548,2.210415775489956,61.76470588235294,1,13.30258984026429,13.30258984026429,100.0,3,9.840523653305265,15.28771584043875,66.66666666666666
SPG,60,1255,2.2792,10.123,-17.9669,22.5253,36,9.459422591692778,10.210837674668998,83.33333333333334,6,7.735076093264053,7.360435261548115,83.33333333333334,11,6.9356448287522685,7.9450802991485245,81.81818181818183,21,7.686429605054095,9.527719976637952,76.19047619047619,7,8.976791125258801,7.309146205547757,85.71428571428571,0,,,,6,7.735076093264053,7.360435261548115,83.33333333333334,34,0.41528629816845875,-1.061046436389787,47.05882352941176,1,11.358464605226978,11.358464605226978,100.0,3,12.805481671694631,24.461539598818177,66.66666666666666
SPGI,10,1255,0.3418,8.3292,-16.3167,17.0002,31,5.416935454921862,4.903509670601049,100.0,4,8.566805096283407,7.67239920879374,100.0,8,7.548814234071024,6.559813292410615,100.0,19,4.3481099913110555,4.2240765630309856,100.0,12,5.256410659932183,4.179619852196665,100.0,0,,,,5,8.136096325058755,6.70636534466108,100.0,30,4.910469249135928,4.41741558147457,100.0,0,,,,6,4.9063872686185155,5.184208755134619,100.0
SPGI,20,1255,0.3418,8.3292,-16.3167,17.0002,31,6.304417277534296,5.0821825022197595,83.87096774193549,4,11.432784216549045,8.97122184077469,100.0,8,10.499317396916858,8.97122184077469,87.5,19,5.14382501916813,4.847616405292226,84.21052631578947,12,4.876315674536585,4.767739631502451,66.66666666666666,0,,,,5,12.043718325334535,9.280773495807324,100.0,30,4.077749323626999,3.852524785023336,73.33333333333333,0,,,,6,5.38620856277515,7.678389522285828,83.33333333333334
SPGI,30,1255,0.3418,8.3292,-16.3167,17.0002,31,7.814537275839191,6.287124174900649,87.09677419354838,4,14.231514108803463,14.523871737651373,100.0,8,12.800174579615895,14.523871737651373,87.5,19,6.038298252142145,5.695080998756671,84.21052631578947,12,4.993803082427349,4.852106176546995,75.0,0,,,,5,15.246859539764861,19.001383022464772,100.0,30,4.123616420380534,1.886819211916384,60.0,0,,,,6,4.393152985887664,1.915472222106981,50.0
SPGI,60,1255,0.3418,8.3292,-16.3167,17.0002,31,6.986697470419643,6.967701660936647,70.96774193548387,4,11.41501055429217,14.702261405622128,75.0,8,13.744745906838796,15.70892412929433,75.0,19,3.028192055086343,3.3144658002758383,63.1578947368421,12,9.376837384926013,8.987880046848904,75.0,0,,,,5,13.342988766679658,16.339799851825372,80.0,30,4.421075945915659,5.106742380644698,60.0,0,,,,6,0.7256877249461949,0.46375136909605263,50.0
SRE,10,1255,1.6652,7.4254,-13.1855,16.5159,38,5.213362469565522,4.282236069176722,100.0,2,9.5722902532511,9.5722902532511,100.0,13,6.861407631572941,6.251628656685512,100.0,23,5.254220705885827,4.202605347533052,100.0,9,6.598235324080424,6.2427791893930715,100.0,1,4.202605347533052,4.202605347533052,100.0,2,9.5722902532511,9.5722902532511,100.0,35,4.217767640196101,3.3989745398228868,100.0,2,3.2776788987944023,3.2776788987944023,100.0,4,3.825045620410716,3.637860047696133,100.0
SRE,20,1255,1.6652,7.4254,-13.1855,16.5159,38,5.401936092816782,4.4845972195121195,84.21052631578947,2,9.221371095416073,9.221371095416073,50.0,13,7.3628325916311645,8.435150048842942,84.61538461538461,23,5.3156112285060635,6.084480845635001,82.6086956521739,9,6.866245402771502,8.435150048842942,77.77777777777779,1,-0.49736199236668094,-0.49736199236668094,0.0,2,9.221371095416073,9.221371095416073,50.0,35,3.2061029057019317,3.7244907886767313,82.85714285714286,2,3.6775914906525724,3.6775914906525724,100.0,4,4.2147160662271,5.016614434392482,100.0
SRE,30,1255,1.6652,7.4254,-13.1855,16.5159,38,6.318844601876324,6.856715685093208,73.68421052631578,2,15.767530431209465,15.767530431209465,100.0,13,9.60151733227373,10.902695267214089,92.3076923076923,23,5.587295233992443,6.435959881220686,60.86956521739131,9,7.765044882927843,8.65106440328374,88.88888888888889,1,11.074089314674628,11.074089314674628,100.0,2,15.767530431209465,15.767530431209465,100.0,35,2.7637897302757644,2.9065803395226473,71.42857142857143,2,4.107976499128006,4.107976499128006,100.0,4,2.6695861823853493,3.545100443311767,75.0
SRE,60,1255,1.6652,7.4254,-13.1855,16.5159,38,8.949466542232392,9.657478928220748,84.21052631578947,2,14.367889397527417,14.367889397527417,100.0,13,11.310875239406222,12.955900652707076,92.3076923076923,23,7.985711279438201,7.837498663114396,82.6086956521739,9,8.565161782393993,8.708816997638566,88.88888888888889,1,11.088975210714946,11.088975210714946,100.0,2,14.367889397527417,14.367889397527417,100.0,35,0.11892152579265879,-0.07799459165060596,48.57142857142857,2,8.349277421620855,8.349277421620855,100.0,4,-0.030119214849200215,0.7535677319546964,50.0
STE,10,1255,0.2228,7.5437,-14.8645,15.3101,37,5.279022843175044,4.264790172185286,100.0,4,8.053762660899972,7.412231049436768,100.0,10,5.633067647100908,4.858194374186377,100.0,21,4.594026154460966,3.9628769737227434,100.0,11,5.518272875151461,3.9628769737227434,100.0,1,12.450333174180239,12.450333174180239,100.0,4,8.053762660899972,7.412231049436768,100.0,35,4.9237481463283075,4.229185672003697,100.0,1,13.211998160302043,13.211998160302043,100.0,6,4.788665757431278,4.305559173965438,100.0
STE,20,1255,0.2228,7.5437,-14.8645,15.3101,37,7.054214338183591,7.897384424493185,81.08108108108108,4,8.792726803350918,8.714621997637883,75.0,10,7.88067588675939,7.399851335022699,80.0,21,5.107751291349856,3.290032852652253,71.42857142857143,11,7.265000134314473,10.31329337966068,81.81818181818183,1,18.536647006463415,18.536647006463415,100.0,4,8.792726803350918,8.714621997637883,75.0,35,4.543925645608709,4.183206735286415,80.0,1,13.776563485409591,13.776563485409591,100.0,6,1.6945374342625428,-0.581227796750196,50.0
STE,30,1255,0.2228,7.5437,-14.8645,15.3101,37,6.855982261171185,8.69975987061022,75.67567567567568,4,10.764063688170408,12.42385015456935,100.0,10,8.477101048919275,11.466656497412334,80.0,21,3.9655964800068935,4.037050585505705,61.904761904761905,11,5.0578542623330325,7.342862905537746,63.63636363636363,1,13.291329053622455,13.291329053622455,100.0,4,10.764063688170408,12.42385015456935,100.0,35,3.7642496758239345,4.191255154295257,68.57142857142857,1,19.85464536193,19.85464536193,100.0,6,0.11437239382962883,0.5606109114485702,50.0
STE,60,1255,0.2228,7.5437,-14.8645,15.3101,37,7.033380130957616,7.087147632215653,75.67567567567568,4,18.065182444248347,15.592005903555473,100.0,10,10.976454478365852,11.72276462989268,90.0,21,5.862276147697293,4.4292478660665395,61.904761904761905,11,5.775197137126607,7.049990255060842,81.81818181818183,1,35.18830864894292,35.18830864894292,100.0,4,18.065182444248347,15.592005903555473,100.0,35,3.8294120527243916,2.684882494448506,68.57142857142857,1,12.79609551490025,12.79609551490025,100.0,6,-3.7097515404958816,-5.1360552449482615,33.33333333333333
STLD,10,1255,4.0187,10.3848,-16.7508,24.7882,31,8.396231983425917,7.982967663714414,100.0,5,10.018375489065159,12.373658514558587,100.0,16,8.28673696918797,7.693869087174881,100.0,15,7.951812338559991,6.542333167836635,100.0,7,7.443284296651926,5.728876916895274,100.0,1,5.728876916895274,5.728876916895274,100.0,5,10.018375489065159,12.373658514558587,100.0,35,7.169242573496785,5.70570456616307,100.0,4,7.836766192095762,8.077562451741292,100.0,6,6.088792982154518,6.689208550021435,100.0
STLD,20,1255,4.0187,10.3848,-16.7508,24.7882,31,8.804995991987367,7.247468645777408,77.41935483870968,5,20.49446269763919,20.866848470013217,100.0,16,11.60330572684202,10.47638460856426,81.25,15,4.58135921673748,4.925211671426721,66.66666666666666,7,5.365534327130424,6.311801649493305,71.42857142857143,1,18.553013197282336,18.553013197282336,100.0,5,20.49446269763919,20.866848470013217,100.0,35,6.366666342938065,8.43087315544048,68.57142857142857,4,3.8087174871653686,-0.2792855981276522,25.0,6,3.693745956796741,1.8245198017113502,83.33333333333334
STLD,30,1255,4.0187,10.3848,-16.7508,24.7882,31,10.393325567603036,8.857002143942983,70.96774193548387,5,25.428189039335102,24.58565630731024,100.0,16,13.841098285847112,9.259464550516824,81.25,15,4.908527922135673,2.971141485735836,53.333333333333336,7,6.80324249210546,7.155290964581153,71.42857142857143,1,28.92407195867684,28.92407195867684,100.0,5,25.428189039335102,24.58565630731024,100.0,35,5.833794369278177,5.896152038998858,74.28571428571429,4,8.073683545776355,12.203886897541299,75.0,6,2.413642391340492,2.9023733795872104,66.66666666666666
STLD,60,1255,4.0187,10.3848,-16.7508,24.7882,31,13.16593478773888,11.23215279483468,83.87096774193549,5,29.90952264915171,23.223886531977545,100.0,16,17.823153323662204,11.201443063234201,87.5,15,4.796330556328796,5.509343753910178,73.33333333333333,7,13.564361054582482,12.547032674272666,71.42857142857143,1,10.297308542742007,10.297308542742007,100.0,5,29.90952264915171,23.223886531977545,100.0,35,3.1176607160738334,3.4506573738856265,62.857142857142854,4,16.339572188816916,21.80151732140033,75.0,6,-3.020015518203353,-5.140686329047094,33.33333333333333
STT,10,1255,1.6765,11.0322,-20.3878,23.7409,34,7.408051456911057,7.080709759413857,100.0,6,9.590325893751896,10.56576406573727,100.0,14,8.962665053166324,8.374891600789685,100.0,16,6.881425683159721,6.160433319090061,100.0,5,8.397073248832431,8.653956818430618,100.0,0,,,,6,9.590325893751896,10.56576406573727,100.0,36,6.20905286532378,5.671140173763666,100.0,0,,,,5,5.945872807678881,6.672210259348341,100.0
STT,20,1255,1.6765,11.0322,-20.3878,23.7409,34,8.48216539705026,6.970278354691066,91.17647058823529,6,11.37526288752951,10.255392068396215,83.33333333333334,14,9.59427943697844,9.91435078637032,85.71428571428571,16,10.698356926726586,8.54030947348764,100.0,5,6.67605749129186,4.4084787632078255,80.0,0,,,,6,11.37526288752951,10.255392068396215,83.33333333333334,36,5.181681033534869,3.9198169571933024,72.22222222222221,0,,,,5,11.829206570338851,10.130140375044867,100.0
STT,30,1255,1.6765,11.0322,-20.3878,23.7409,34,9.502087563550509,9.024578040984979,79.41176470588235,6,10.280555378482925,11.097771550275976,66.66666666666666,14,10.04147159331035,6.711461942244413,71.42857142857143,16,13.522798847536809,13.22128938635064,100.0,5,4.6963381955967325,3.514003224259575,60.0,0,,,,6,10.280555378482925,11.097771550275976,66.66666666666666,36,4.767890753718728,3.746716405711484,72.22222222222221,0,,,,5,10.993767941328382,9.756602030244236,100.0
STT,60,1255,1.6765,11.0322,-20.3878,23.7409,34,10.649936776110723,13.562685385794172,73.52941176470588,6,13.624992141097911,11.712366841721153,83.33333333333334,14,13.797306977169878,11.712366841721153,78.57142857142857,16,12.388211671640892,14.778653375389117,75.0,5,1.867687641663938,2.789446629930277,60.0,0,,,,6,13.624992141097911,11.712366841721153,83.33333333333334,36,1.979328072541008,0.08983384611696998,50.0,0,,,,5,8.353608666049096,3.4010508331334828,60.0
STX,10,1255,4.9251,17.3008,-29.6765,39.5268,37,9.250092074176056,9.011492554867335,100.0,2,14.783324136352984,14.783324136352984,100.0,10,9.126004146089732,9.661698298203461,100.0,24,9.556011227786103,8.40526197730262,100.0,7,10.153128563651295,10.883402399053429,100.0,0,,,,2,14.783324136352984,14.783324136352984,100.0,37,7.776867448462223,7.105155403099463,100.0,1,14.584961812729983,14.584961812729983,100.0,7,9.337965638820581,8.620684995021207,100.0
STX,20,1255,4.9251,17.3008,-29.6765,39.5268,37,11.506364796906672,10.603515485199482,83.78378378378379,2,26.343277361099492,26.343277361099492,100.0,10,9.2538786098895,8.32753491339716,80.0,24,12.367576643117188,11.127317416757728,83.33333333333334,7,8.310349662597579,9.457106132078305,85.71428571428571,0,,,,2,26.343277361099492,26.343277361099492,100.0,37,4.949501288327873,4.852610276416517,70.27027027027027,1,-3.418464169793546,-3.418464169793546,0.0,7,6.4169209664065034,6.706909011960849,71.42857142857143
STX,30,1255,4.9251,17.3008,-29.6765,39.5268,37,12.65432835516578,9.873898078415925,75.67567567567568,2,32.22494558207196,32.22494558207196,100.0,10,14.937420067797337,10.676687366495804,70.0,24,11.046079944345529,10.315320013499957,70.83333333333334,7,6.542857459177453,9.743505473198972,71.42857142857143,0,,,,2,32.22494558207196,32.22494558207196,100.0,37,3.7633164841490894,5.31309475620163,67.56756756756756,1,-10.286551908742938,-10.286551908742938,0.0,7,7.239048276008967,7.638425683846319,85.71428571428571
STX,60,1255,4.9251,17.3008,-29.6765,39.5268,37,21.47278551647247,16.59122135817066,81.08108108108108,2,85.79327353405844,85.79327353405844,100.0,10,25.709368452237108,14.033957543298722,60.0,24,16.98266314890206,9.55346461652174,79.16666666666666,7,12.405584023658719,16.655859651681325,71.42857142857143,0,,,,2,85.79327353405844,85.79327353405844,100.0,37,-0.5830988858294973,2.2821036652551507,51.35135135135135,1,-11.731388554010541,-11.731388554010541,0.0,7,-0.05255926131702677,-5.530747749359301,28.57142857142857
STZ,10,1255,-1.8578,9.0106,-19.879,16.1634,33,4.304163934858637,4.2786808753862715,100.0,3,6.207056391657343,6.343904138157121,100.0,6,6.9522560222921115,6.956491190873056,100.0,13,3.923399090690281,3.8419992347087346,100.0,8,3.951829785799152,3.6712131798885954,100.0,0,,,,3,6.207056391657343,6.343904138157121,100.0,30,4.1887729926685,3.3852799809010587,100.0,0,,,,12,4.2410072196822055,3.3852799809010587,100.0
STZ,20,1255,-1.8578,9.0106,-19.879,16.1634,33,6.123403846167016,6.606248094019361,87.87878787878788,3,10.472228480686736,11.233844894990137,100.0,6,10.04328837538861,10.921700804829943,100.0,13,3.626412403450748,4.320939680430017,76.92307692307693,8,7.261210825121849,5.344589143312527,100.0,0,,,,3,10.472228480686736,11.233844894990137,100.0,30,5.239185634413054,4.7299407482089,83.33333333333334,0,,,,12,3.621018100234306,4.041521350012032,66.66666666666666
STZ,30,1255,-1.8578,9.0106,-19.879,16.1634,33,4.834212301312082,5.6601386737151165,78.78787878787878,3,8.092359681978094,11.037997549321437,66.66666666666666,6,7.837748971292213,9.140445609443521,83.33333333333334,13,1.929362977406217,2.1065888938733974,61.53846153846154,8,8.815503295620806,8.232385167221908,100.0,0,,,,3,8.092359681978094,11.037997549321437,66.66666666666666,30,5.327313860283977,4.42012563982729,80.0,0,,,,12,2.9388430925947233,1.621200481011999,66.66666666666666
STZ,60,1255,-1.8578,9.0106,-19.879,16.1634,33,4.5459148516610455,6.85733730075717,78.78787878787878,3,18.69288278542951,18.6708997646756,100.0,6,8.298860858846153,7.626503745917342,83.33333333333334,13,0.3073765891439594,3.9986160052782065,69.23076923076923,8,6.2376207516736315,7.716998462735288,87.5,0,,,,3,18.69288278542951,18.6708997646756,100.0,30,6.538358303945005,5.833706284369292,70.0,0,,,,12,3.932601656098923,0.5914208395778818,50.0
SW,10,1255,-1.5208,12.2366,-25.994,22.9524,73,7.959453643097769,7.306052690525617,98.63013698630137,16,7.437948426454709,4.578119767241102,100.0,20,7.773027401282616,5.303076433991781,100.0,27,7.627641314755863,7.454509262558435,100.0,9,7.422952047540974,5.022254922548215,100.0,0,,,,14,7.846495377770938,5.399557836474554,100.0,68,8.16741584866965,5.985237059383307,100.0,1,11.553609390560002,11.553609390560002,100.0,20,9.559998541575215,7.82024461504344,100.0
SW,20,1255,-1.5208,12.2366,-25.994,22.9524,73,7.062441186240579,5.343049104919011,86.3013698630137,16,11.726030477612902,12.588530219675778,93.75,20,10.028389007509002,10.497671755094,90.0,27,3.5527527862873236,3.1648286030652213,81.48148148148148,9,2.3668063034213684,4.7394577163801594,66.66666666666666,0,,,,14,13.289803203772228,13.691742339296736,100.0,68,8.081504735783945,6.508227397707066,75.0,1,14.11378944221185,14.11378944221185,100.0,20,10.360027023593211,11.065025941743118,80.0
SW,30,1255,-1.5208,12.2366,-25.994,22.9524,73,6.506160720572406,5.654479923407537,72.6027397260274,16,11.769931364815003,10.517730644678185,93.75,20,11.918442771325035,10.517730644678185,90.0,27,4.955861703496824,3.2130427472979792,77.77777777777779,9,4.386068857579901,7.120152987190507,66.66666666666666,0,,,,14,13.504643211411594,10.88340083356924,100.0,68,8.419429404496128,4.492487327497109,76.47058823529412,1,26.695835599281487,26.695835599281487,100.0,20,9.562453909065264,10.376989321983373,80.0
SW,60,1255,-1.5208,12.2366,-25.994,22.9524,73,6.38525888518512,7.48220894917167,69.86301369863014,16,6.465571984082976,3.9379043589253007,56.25,20,9.199500553042878,5.191241274715503,60.0,27,6.035994444589669,8.010842868268137,77.77777777777779,9,9.459926040517024,9.653465839402978,55.55555555555556,0,,,,14,8.521037920048355,5.191241274715503,57.14285714285714,68,7.5122729016947,6.628337855111484,64.70588235294117,1,19.91312884475489,19.91312884475489,100.0,20,2.060565660523212,-0.7847418434151521,45.0
SWK,10,1255,-4.7608,13.8279,-32.4165,22.895,34,7.873792395235164,7.482467005415208,100.0,6,6.49305750423423,5.684199736473155,100.0,9,5.236170360386678,4.1501563529599235,100.0,7,5.638759522518504,6.672395825568753,100.0,8,7.907020408439383,6.160058152326458,100.0,0,,,,5,5.229305727529021,5.496583975499051,100.0,36,7.474164125826658,6.7231912026302325,100.0,0,,,,24,7.863949507191381,6.608914415890297,100.0
SWK,20,1255,-4.7608,13.8279,-32.4165,22.895,34,8.199323560293,7.839122171706215,85.29411764705883,6,6.530729391759809,5.260229099167652,83.33333333333334,9,6.9499064713738505,5.495879952537525,88.88888888888889,7,3.431362527207252,3.6391571687751814,71.42857142857143,8,9.932135792623065,9.543026705358416,87.5,0,,,,5,5.335557694277643,5.024578245797779,80.0,36,6.496064953585387,6.934287879903891,77.77777777777779,0,,,,24,6.023238154772667,6.20602862745449,75.0
SWK,30,1255,-4.7608,13.8279,-32.4165,22.895,34,8.931081594095296,9.986012600634213,73.52941176470588,6,6.138508578267487,9.258627608296068,66.66666666666666,9,5.264842647760533,9.599091683479589,66.66666666666666,7,2.3188126337975175,3.7104320249161624,57.14285714285714,8,11.724379168923328,11.169112177753522,75.0,0,,,,5,5.174305449997333,7.5577309969738815,60.0,36,8.289042899173637,7.208930961976886,77.77777777777779,0,,,,24,7.631282226196244,5.361392670206241,75.0
SWK,60,1255,-4.7608,13.8279,-32.4165,22.895,34,9.547523565965053,6.78327877196188,67.64705882352942,6,6.371349398485549,8.349445205925317,50.0,9,4.154250390080604,4.931287068334704,55.55555555555556,7,1.1099057065918367,2.276037416184601,57.14285714285714,8,19.678462850509142,21.918922867166728,100.0,0,,,,5,4.291691579363707,-0.07074808224412077,40.0,36,8.408004033524428,7.5506055325514225,75.0,0,,,,24,8.278003997624669,6.436843796495797,75.0
SWKS,10,1255,-6.1542,12.5445,-31.2432,18.9348,33,7.00723285835008,4.955324464613916,100.0,5,6.379103220294981,3.3974397872017987,100.0,11,7.22340275544224,4.35200417768377,100.0,14,6.722940069629447,4.550699209933643,100.0,7,7.606760240632482,7.056105711174228,100.0,0,,,,5,6.379103220294981,3.3974397872017987,100.0,36,6.8414246621858315,6.2526338784217,100.0,1,9.603959514268984,9.603959514268984,100.0,16,5.849953105431014,4.691956320674718,100.0
SWKS,20,1255,-6.1542,12.5445,-31.2432,18.9348,33,5.85685425658447,4.747917472414277,81.81818181818183,5,12.424720339352547,6.664774684532206,100.0,11,7.919128142554922,6.9090929510339505,90.9090909090909,14,2.9084655425093717,2.9774708131066285,85.71428571428571,7,6.459402501882701,5.840202100928553,100.0,0,,,,5,12.424720339352547,6.664774684532206,100.0,36,8.36884186498369,8.26232653907482,80.55555555555556,1,6.190217101270305,6.190217101270305,100.0,16,8.452128663859568,7.728623084587164,68.75
SWKS,30,1255,-6.1542,12.5445,-31.2432,18.9348,33,6.517245847123881,3.9567831476588795,69.6969696969697,5,11.356610490644096,6.6491409374211345,60.0,11,10.627864787555447,9.243573842325393,72.72727272727273,14,2.373340935621333,3.380412063771148,64.28571428571429,7,7.464918999641803,9.53718850477955,71.42857142857143,0,,,,5,11.356610490644096,6.6491409374211345,60.0,36,9.028555128209065,9.946677413944805,86.11111111111111,1,6.517290841362276,6.517290841362276,100.0,16,8.336824095590641,9.24917564460008,81.25
SWKS,60,1255,-6.1542,12.5445,-31.2432,18.9348,33,4.116691924971301,-1.4310044458042193,45.45454545454545,5,18.486703147453348,9.709540325263417,100.0,11,7.381430324250073,8.218953121254376,63.63636363636363,14,-3.1526711473279443,-6.333864547026879,21.428571428571427,7,5.45628002359694,-2.115701852833592,42.857142857142854,0,,,,5,18.486703147453348,9.709540325263417,100.0,36,10.065365492573841,13.660320018399137,80.55555555555556,1,16.477237149241947,16.477237149241947,100.0,16,7.181788516039015,10.211793977368608,68.75
SYF,10,1255,1.0269,13.6109,-26.1948,28.2487,31,7.897760125792582,8.030114958064539,100.0,4,8.604672703621478,8.054315280788078,100.0,12,7.327524859049105,7.997681851611611,100.0,15,7.3565650904326,8.030114958064539,100.0,8,5.9679695186386805,5.559348040060781,100.0,0,,,,3,8.70549853650437,7.806435356603359,100.0,32,8.045844961080027,5.602116073335084,100.0,1,4.606747269634064,4.606747269634064,100.0,6,10.842416443564714,8.25513894761666,100.0
SYF,20,1255,1.0269,13.6109,-26.1948,28.2487,31,9.438743649378535,8.042913359871005,90.32258064516128,4,13.792868363562294,14.218160063919383,100.0,12,8.630507693452211,6.23253070638733,83.33333333333334,15,7.210138234943643,8.042913359871005,86.66666666666667,8,6.722191807020819,5.908958505833463,75.0,0,,,,3,16.270452293405697,22.07620355380668,100.0,32,7.068794430079672,6.699352794679233,87.5,1,0.8739757987836912,0.8739757987836912,100.0,6,8.975965982627601,7.725579913331277,83.33333333333334
SYF,30,1255,1.0269,13.6109,-26.1948,28.2487,31,10.615868497021278,12.382918653549083,70.96774193548387,4,20.909177809289353,24.431911934972018,75.0,12,11.27881462310638,9.340883849792686,58.333333333333336,15,7.279915525589229,8.943627992752976,66.66666666666666,8,11.457259121603173,7.309356123180397,62.5,0,,,,3,28.898726062132877,31.775198016672068,100.0,32,7.343293702089511,5.221881041863327,68.75,1,4.799308127515282,4.799308127515282,100.0,6,8.600721010889592,7.47052638053272,66.66666666666666
SYF,60,1255,1.0269,13.6109,-26.1948,28.2487,31,12.575643311213806,11.485488813952081,70.96774193548387,4,12.446423165858894,3.326821902553617,75.0,12,17.33554931614743,17.777898998307748,83.33333333333334,15,11.343541540700551,11.485488813952081,73.33333333333333,8,23.354806700609537,17.777898998307748,87.5,0,,,,3,22.03588762507806,3.7931488668541333,100.0,32,2.9314188700426116,2.2420871664435427,56.25,1,-0.869182998470577,-0.869182998470577,0.0,6,1.6784339685963001,1.4228166667361193,50.0
SYK,10,1255,1.5039,7.6581,-13.8124,16.8202,36,4.827897411723584,4.5968560641322025,100.0,3,6.968593549271811,4.452748946597048,100.0,14,6.062637785005784,5.165785876784437,100.0,16,4.342840199454887,4.5968560641322025,100.0,10,5.7677806079057365,5.8695385278538605,100.0,0,,,,3,6.968593549271811,4.452748946597048,100.0,35,4.707659466381449,4.184210292409443,100.0,2,4.645779827894197,4.645779827894197,100.0,8,6.011661084217005,5.814083036418193,100.0
SYK,20,1255,1.5039,7.6581,-13.8124,16.8202,36,6.643717675401516,6.018669040536038,91.66666666666666,3,5.74820634534042,2.0123166355896625,66.66666666666666,14,7.815846963609275,6.750285657557571,92.85714285714286,16,5.39842234450076,5.990536829823755,87.5,10,8.385534070354764,7.578779150488714,100.0,0,,,,3,5.74820634534042,2.0123166355896625,66.66666666666666,35,3.878260269631489,4.386790107683215,77.14285714285715,2,4.211684488471624,4.211684488471624,100.0,8,2.63022416448187,0.6391794912653638,62.5
SYK,30,1255,1.5039,7.6581,-13.8124,16.8202,36,6.259055148791281,6.743859163499893,88.88888888888889,3,3.2298382722040007,9.261906985646574,66.66666666666666,14,7.008844593208646,7.816999853501521,92.85714285714286,16,6.048666903900717,6.389211955034245,87.5,10,6.233702203794799,6.224221506205337,90.0,0,,,,3,3.2298382722040007,9.261906985646574,66.66666666666666,35,3.577517876654555,4.484045821261864,74.28571428571429,2,4.011852423904676,4.011852423904676,100.0,8,-0.9900365408110836,-3.0522261675894615,37.5
SYK,60,1255,1.5039,7.6581,-13.8124,16.8202,36,6.656965493700831,4.648858174687305,75.0,3,8.414691211325286,12.10253751277927,66.66666666666666,14,7.994605420869043,9.463407441399305,78.57142857142857,16,2.9262846646747382,3.0463469609602196,68.75,10,4.445329106594336,2.527664921292064,70.0,0,,,,3,8.414691211325286,12.10253751277927,66.66666666666666,35,3.279345330849574,3.0746641031262545,65.71428571428571,2,-0.9277142308288815,-0.9277142308288815,50.0,8,-1.1273886114844407,-0.6828613242142727,50.0
SYY,10,1255,1.033,5.8487,-10.6644,12.7304,36,4.941525674415596,4.5485469375424605,100.0,3,6.316605979567775,4.96633132491733,100.0,19,6.024258343508865,5.299231671105815,100.0,15,5.089928146615321,5.077250927495248,100.0,10,5.2837190711979,4.939396486662775,100.0,0,,,,3,6.316605979567775,4.96633132491733,100.0,40,4.663482971408559,4.480590862281549,100.0,5,6.14054153226135,6.808553980170327,100.0,13,4.82892530263465,5.115491940958637,100.0
SYY,20,1255,1.033,5.8487,-10.6644,12.7304,36,4.263786661636433,3.445231076969833,77.77777777777779,3,14.452686983917216,14.587905400099055,100.0,19,6.344692800811563,4.127982467921647,89.47368421052632,15,2.8824124960341084,2.915928396855283,66.66666666666666,10,3.6730806583117657,3.466200165467087,80.0,0,,,,3,14.452686983917216,14.587905400099055,100.0,40,3.8845004304053803,3.0790178232130083,75.0,5,6.720271892822571,6.088045750116117,100.0,13,2.5720083761885864,2.6751942886719493,69.23076923076923
SYY,30,1255,1.033,5.8487,-10.6644,12.7304,36,5.169410783796128,3.491834172730009,69.44444444444444,3,18.05660234569832,18.839544457405676,100.0,19,8.260852844233488,6.22058229270872,84.21052631578947,15,2.656873165498357,1.5131886577275833,53.333333333333336,10,5.3469435543931745,4.4036050567887495,70.0,0,,,,3,18.05660234569832,18.839544457405676,100.0,40,3.359569200208489,4.44314299736874,77.5,5,3.7890498021583534,4.554693373120314,100.0,13,2.9514906527419558,3.0444775136695004,61.53846153846154
SYY,60,1255,1.033,5.8487,-10.6644,12.7304,36,5.125721923310394,1.8685973388675352,77.77777777777779,3,20.35642357168361,21.370842357196736,100.0,19,9.2803279210181,10.987598129814282,100.0,15,1.578459115374429,0.43646812004013497,66.66666666666666,10,6.330581370086525,1.6645660982659005,70.0,0,,,,3,20.35642357168361,21.370842357196736,100.0,40,2.84384969700885,2.9687443347727136,72.5,5,5.1695700191773515,5.650821709806625,100.0,13,-1.661638085440578,0.4160768179589579,61.53846153846154
T,10,1255,2.0166,9.2611,-16.5056,20.5388,31,5.526867111232536,4.746313751799925,100.0,4,8.98729866842232,5.800131828285092,100.0,9,6.331838743965902,4.746313751799925,100.0,18,4.948969091169297,4.682295119966202,100.0,6,5.845207622702244,5.126282799923503,100.0,0,,,,3,11.864015880659712,6.319719638721601,100.0,31,4.442498878609175,4.038782388965558,100.0,0,,,,5,7.917006982872775,5.787792629868722,100.0
T,20,1255,2.0166,9.2611,-16.5056,20.5388,31,6.332300339586441,5.1301097994073,80.64516129032258,4,9.64338844882921,4.886479435717204,100.0,9,6.426914144985133,3.600654806632993,66.66666666666666,18,4.808966295953779,3.987177364045419,83.33333333333334,6,5.820393678873782,5.560424280001793,83.33333333333334,0,,,,3,11.310234907763245,5.1301097994073,100.0,31,3.501432324113938,2.5328246846403153,70.96774193548387,0,,,,5,7.30051754305826,8.453322385395385,100.0
T,30,1255,2.0166,9.2611,-16.5056,20.5388,31,7.13422926427634,7.785722690509733,80.64516129032258,4,12.601401073206784,8.799925890123637,100.0,9,6.814874781902365,7.785722690509733,66.66666666666666,18,5.663108728585172,5.700005753020774,83.33333333333334,6,3.587686751956697,0.9965532268956551,50.0,0,,,,3,14.206627200772466,9.814129089737541,100.0,31,3.472834174772516,1.7755660950473873,67.74193548387096,0,,,,5,7.609266528268217,9.966787215174676,80.0
T,60,1255,2.0166,9.2611,-16.5056,20.5388,31,7.637414045892889,7.493110488709561,77.41935483870968,4,12.705202211003613,11.497169889800519,75.0,9,9.5833384702889,8.872096127369728,88.88888888888889,18,7.229928750616592,7.046771946461225,77.77777777777779,6,6.393377233302531,6.313600726644955,66.66666666666666,0,,,,3,13.246160530223099,11.912012526255886,66.66666666666666,31,0.4483420573064106,-0.2593249091820434,48.38709677419355,0,,,,5,2.9990754464139715,6.109650815592976,80.0
TAP,10,1255,-0.1599,8.2806,-16.7211,16.4013,35,6.300275158157392,5.691376044695633,100.0,6,5.32749862472517,5.641400500182211,100.0,13,5.077250894646773,5.440299060791536,100.0,12,6.683413216617058,5.646443475926329,100.0,8,4.580904290242095,4.231577974439283,100.0,0,,,,5,5.211581043963673,5.440299060791536,100.0,32,4.663308087341982,4.652345619830726,100.0,2,3.001882207510862,3.001882207510862,100.0,13,4.950754812883504,4.650280421500975,100.0
TAP,20,1255,-0.1599,8.2806,-16.7211,16.4013,35,6.5603462991158965,6.157870187362055,91.42857142857143,6,6.68139855666911,7.806832286176373,100.0,13,6.95285746532394,7.58907973042338,100.0,12,6.132197612164496,5.699163951604483,83.33333333333334,8,7.140565777704424,6.153823551540768,87.5,0,,,,5,6.431776101032075,7.684153737498462,100.0,32,4.642204556973175,3.9836068151067447,81.25,2,3.256472071639981,3.256472071639981,100.0,13,5.111209538487397,2.625179918911108,76.92307692307693
TAP,30,1255,-0.1599,8.2806,-16.7211,16.4013,35,6.976497247379073,7.589108658575934,80.0,6,5.953057071658445,7.003162991838743,100.0,13,7.52328083386957,7.530774515993585,92.3076923076923,12,7.887103618166722,10.45470297894115,75.0,8,9.772842447163644,9.537942153566902,87.5,0,,,,5,5.6258467542749475,6.703204800462724,100.0,32,3.561987456348832,3.331157207234173,71.875,2,-3.2810286147646646,-3.2810286147646646,0.0,13,4.4300564139026966,4.235507446093911,76.92307692307693
TAP,60,1255,-0.1599,8.2806,-16.7211,16.4013,35,6.953785264799907,9.600658900970032,68.57142857142857,6,5.460734057071853,5.324851842543012,66.66666666666666,13,7.778985113823599,9.996589137833132,76.92307692307693,12,6.42263164814053,3.1805660044463906,58.333333333333336,8,8.3966491978929,9.79459281471328,75.0,0,,,,5,3.807266952478488,1.0490447841159911,60.0,32,2.319727699605,-0.7064631560141237,46.875,2,-1.838269331170871,-1.838269331170871,50.0,13,3.1932291558033343,3.3741552636797705,53.84615384615385
TDG,10,1255,3.6176,7.9399,-12.2622,19.4974,35,6.843886406323506,6.3253946023993715,100.0,4,8.605996243576255,7.137642858548515,100.0,14,7.686253026729978,8.252894985672404,100.0,27,6.283874983053022,6.270226771925438,100.0,9,6.231327688981456,6.270226771925438,100.0,2,7.137642858548515,7.137642858548515,100.0,4,8.605996243576255,7.137642858548515,100.0,33,4.752357723341017,3.901688510456442,100.0,2,2.0466273495481033,2.0466273495481033,100.0,2,4.010063710457219,4.010063710457219,100.0
TDG,20,1255,3.6176,7.9399,-12.2622,19.4974,35,7.159658097784887,7.406552317553423,85.71428571428571,4,7.53917711047888,9.882659186493822,75.0,14,9.183280196425015,11.066181921434282,92.85714285714286,27,6.95917456718628,5.67661342180738,88.88888888888889,9,4.619719900428646,4.3398671342941935,77.77777777777779,2,9.882659186493822,9.882659186493822,100.0,4,7.53917711047888,9.882659186493822,75.0,33,2.6017736774149913,1.4197012921631147,63.63636363636363,2,2.3351632617084555,2.3351632617084555,50.0,2,0.8090181368975983,0.8090181368975983,50.0
TDG,30,1255,3.6176,7.9399,-12.2622,19.4974,35,8.999698287060948,8.625432988224258,80.0,4,16.630460973325935,20.10629436416628,100.0,14,10.374610736327954,9.111281924183277,85.71428571428571,27,9.989533553626096,9.477183874263757,81.48148148148148,9,6.432670536492998,5.541560890621576,66.66666666666666,2,23.992908708283675,23.992908708283675,100.0,4,16.630460973325935,20.10629436416628,100.0,33,2.428476690071502,1.8224320704774004,63.63636363636363,2,0.7750742333268972,0.7750742333268972,50.0,2,4.282878264996219,4.282878264996219,50.0
TDG,60,1255,3.6176,7.9399,-12.2622,19.4974,35,11.91552007624085,11.777927972703534,88.57142857142857,4,23.292880170417412,23.323930023901646,100.0,14,12.856721441331334,12.012103059530732,92.85714285714286,27,13.039369194248025,11.990695628503687,92.5925925925926,9,12.372972395104998,11.616658148597066,88.88888888888889,2,23.261830316933178,23.261830316933178,100.0,4,23.292880170417412,23.323930023901646,100.0,33,-0.259748362647988,-0.454458977143264,48.484848484848484,2,-6.488783150330775,-6.488783150330775,0.0,2,3.1691938117882965,3.1691938117882965,100.0
TDY,10,1255,1.2348,6.9211,-12.6073,15.0769,31,5.627446419396752,5.356974896323022,100.0,5,8.900799965983648,8.060689991918103,100.0,17,5.7124772222697615,6.255205075888284,100.0,16,5.4653056774489475,5.050203543275053,100.0,9,4.305934612395342,2.980203933988589,100.0,2,4.482564644800281,4.482564644800281,100.0,5,8.900799965983648,8.060689991918103,100.0,37,4.383693873851556,3.0944915549777416,100.0,0,,,,8,5.703519000768338,3.5290649911537537,100.0
TDY,20,1255,1.2348,6.9211,-12.6073,15.0769,31,6.234176232863862,5.271742002718343,83.87096774193549,5,10.942170446388792,12.888276198814655,80.0,17,7.4120255711796785,7.189062432648338,88.23529411764706,16,5.197599049266858,4.67045332254756,81.25,9,2.5947666360740858,4.793517348613297,55.55555555555556,2,5.89965664801516,5.89965664801516,50.0,5,10.942170446388792,12.888276198814655,80.0,37,4.637373944470139,4.037737611469779,83.78378378378379,0,,,,8,3.393078884568175,2.9071525072264097,62.5
TDY,30,1255,1.2348,6.9211,-12.6073,15.0769,31,6.853317233985632,7.368168840920982,83.87096774193549,5,10.6563985608634,9.961396810214831,80.0,17,8.121854542806137,8.303195374303018,88.23529411764706,16,5.183465502166109,4.875159241450405,81.25,9,2.6243064567124357,2.458466495710272,55.55555555555556,2,3.3713333764016498,3.3713333764016498,50.0,5,10.6563985608634,9.961396810214831,80.0,37,3.800819373929706,4.822796375458576,75.67567567567568,0,,,,8,0.8894000998250666,3.02390357231251,50.0
TDY,60,1255,1.2348,6.9211,-12.6073,15.0769,31,7.1062773989838695,4.606951686626353,77.41935483870968,5,16.149248404888702,9.72137661637931,100.0,17,12.24619138977531,9.72137661637931,94.11764705882352,16,1.8076450335362872,1.1841093004705743,62.5,9,8.614209383516213,4.001361264687038,88.88888888888889,2,5.277823488207838,5.277823488207838,100.0,5,16.149248404888702,9.72137661637931,100.0,37,2.7947037833002244,4.630877801783452,59.45945945945946,0,,,,8,-6.625585342923248,-6.389742450445582,12.5
TECH,10,1255,-4.2892,11.5121,-27.3133,18.735,38,7.307134038373019,5.31440451342683,100.0,6,8.599794303715735,4.545409009623599,100.0,12,7.477607783975274,5.002410579078996,100.0,14,6.794642053521061,5.639383143080989,100.0,7,11.22539698368897,11.77417250130492,100.0,0,,,,6,8.599794303715735,4.545409009623599,100.0,35,7.9628247644404695,7.623376731859202,100.0,0,,,,14,7.4337601875571595,7.426203202042887,100.0
TECH,20,1255,-4.2892,11.5121,-27.3133,18.735,38,7.736743662286902,6.598470107869247,92.10526315789474,6,9.877914557629955,5.9852520802414135,100.0,12,4.687184532370244,5.9852520802414135,83.33333333333334,14,7.749385719600066,7.265055736102141,85.71428571428571,7,15.564682329663823,9.480596692249486,100.0,0,,,,6,9.877914557629955,5.9852520802414135,100.0,35,7.604808300259094,7.094066432893162,91.42857142857143,0,,,,14,6.07787632483022,5.353199678218088,92.85714285714286
TECH,30,1255,-4.2892,11.5121,-27.3133,18.735,38,6.7638290085880834,5.940000731130647,78.94736842105263,6,13.062735110167084,7.840104274115211,100.0,12,8.329364736646575,7.840104274115211,75.0,14,3.3615351837906795,4.977153653807889,64.28571428571429,7,10.600293419031686,13.37613231002054,85.71428571428571,0,,,,6,13.062735110167084,7.840104274115211,100.0,35,6.865324049558232,7.807271318649894,82.85714285714286,0,,,,14,4.568665257525013,5.373539860622389,71.42857142857143
TECH,60,1255,-4.2892,11.5121,-27.3133,18.735,38,4.372812048321811,5.564672024794726,55.26315789473685,6,17.336267468058608,13.882439401087229,100.0,12,9.056663114300706,12.866860861006591,75.0,14,-1.9464173778163811,-6.756489070993553,28.57142857142857,7,6.878534297773484,7.085850178359096,71.42857142857143,0,,,,6,17.336267468058608,13.882439401087229,100.0,35,10.237919546294037,12.377455498820545,80.0,0,,,,14,8.059268043557129,12.187268364887025,78.57142857142857
TEL,10,1255,1.9092,8.9182,-15.9272,19.7456,36,5.5717742151678955,4.707525892173662,100.0,5,3.543689907799876,3.7917888505557733,100.0,10,6.354584520274815,4.83796075468931,100.0,24,4.920133553334131,4.424223599701619,100.0,11,5.6158006533479075,4.170806050903994,100.0,0,,,,5,3.543689907799876,3.7917888505557733,100.0,33,5.301960101034153,4.528520622705691,100.0,2,5.469082358227158,5.469082358227158,100.0,5,8.602941289657773,6.746974704492772,100.0
TEL,20,1255,1.9092,8.9182,-15.9272,19.7456,36,5.334608748079969,4.678636837864134,83.33333333333334,5,9.56002618227662,5.210418785432697,80.0,10,9.102106120319537,8.73169972534014,80.0,24,3.951515676284007,3.9295224093261405,83.33333333333334,11,3.985730318702842,5.77315071384589,72.72727272727273,0,,,,5,9.56002618227662,5.210418785432697,80.0,33,5.214362997366363,3.6391168455770417,87.87878787878788,2,3.961773883586645,3.961773883586645,100.0,5,6.814533231378851,8.790311267431578,80.0
TEL,30,1255,1.9092,8.9182,-15.9272,19.7456,36,6.68456326392358,3.8590208225012517,80.55555555555556,5,11.789766083157593,9.264572475876392,60.0,10,10.60319130114307,12.455502033272303,70.0,24,5.098648429190305,3.8099025286782617,83.33333333333334,11,5.953398058083678,3.8193216600732494,81.81818181818183,0,,,,5,11.789766083157593,9.264572475876392,60.0,33,5.122358127589776,5.530309798746661,81.81818181818183,2,4.612024244388894,4.612024244388894,50.0,5,5.437782563015338,5.916945004210126,80.0
TEL,60,1255,1.9092,8.9182,-15.9272,19.7456,36,8.072645724202552,7.9211511723311645,83.33333333333334,5,12.309496049261302,3.9405024300406057,100.0,10,12.220966363663774,10.722041096679007,90.0,24,6.0439659976844125,6.82660830639519,79.16666666666666,11,9.399335679607782,8.35003345256757,81.81818181818183,0,,,,5,12.309496049261302,3.9405024300406057,100.0,33,2.9895524859116946,2.3551354136553155,66.66666666666666,2,-0.15512382222849652,-0.15512382222849652,50.0,5,0.9998835800474755,0.9511706665153888,60.0
TER,10,1255,1.4851,19.8474,-38.2098,41.1799,31,10.82844160399772,8.729617868596756,100.0,2,4.0455650141609,4.0455650141609,100.0,11,8.892874782242272,8.729617868596756,100.0,14,12.272629206045275,8.581687537287065,100.0,7,12.263745929821424,10.403576344893633,100.0,0,,,,2,4.0455650141609,4.0455650141609,100.0,33,8.29948950256838,7.392009603832587,100.0,0,,,,5,10.476333715617283,9.82807095364607,100.0
TER,20,1255,1.4851,19.8474,-38.2098,41.1799,31,12.064938955953043,11.420261315493212,77.41935483870968,2,-2.395200699990167,-2.395200699990167,50.0,11,10.28127783910122,10.49144990963136,81.81818181818183,14,13.544116364225426,9.437113386676486,92.85714285714286,7,14.19963274116489,11.575500122962929,85.71428571428571,0,,,,2,-2.395200699990167,-2.395200699990167,50.0,33,5.498233233666223,3.0407561938561365,69.6969696969697,0,,,,5,5.032785594506255,2.341168309636502,80.0
TER,30,1255,1.4851,19.8474,-38.2098,41.1799,31,14.341055649776433,17.240107871949444,74.19354838709677,2,3.296969429715533,3.296969429715533,50.0,11,9.65818753574283,16.215413149200657,63.63636363636363,14,14.24613816639804,10.769227763312742,71.42857142857143,7,17.629897126434408,22.889230652061855,85.71428571428571,0,,,,2,3.296969429715533,3.296969429715533,50.0,33,7.671906209032632,9.315183071208912,72.72727272727273,0,,,,5,-0.4880055048615278,-7.180609961175607,40.0
TER,60,1255,1.4851,19.8474,-38.2098,41.1799,31,23.639104299552287,13.881535945919977,77.41935483870968,2,17.689652724601345,17.689652724601345,100.0,11,12.874184061677965,1.8774980763835905,72.72727272727273,14,31.74181887522179,17.4837413240259,78.57142857142857,7,22.063991193194795,23.755540605702524,85.71428571428571,0,,,,2,17.689652724601345,17.689652724601345,100.0,33,2.100575690086385,10.40286502355766,60.60606060606061,0,,,,5,-5.62527210609533,-6.5529808716955715,20.0
TFC,10,1255,-0.5507,13.0493,-26.6493,25.5479,36,7.165112093233712,6.626828288239492,100.0,5,9.268352915097621,8.888902156059622,100.0,9,8.219774453727391,8.362518282467265,100.0,16,6.102971634285252,4.180475459878014,100.0,6,7.014463419259939,6.341264770277247,100.0,0,,,,5,9.268352915097621,8.888902156059622,100.0,33,6.240850972792909,5.2406730744112,100.0,0,,,,13,8.403290387792785,7.615744028044492,100.0
TFC,20,1255,-0.5507,13.0493,-26.6493,25.5479,36,8.16765856960864,10.056735342203215,88.88888888888889,5,8.195613189984542,12.107324220141205,80.0,9,9.153622794164674,12.107324220141205,88.88888888888889,16,6.664949754185458,5.7900082135245405,87.5,6,5.355612724642762,6.32538582981463,66.66666666666666,0,,,,5,8.195613189984542,12.107324220141205,80.0,33,6.177508005925081,5.852128389441185,90.9090909090909,0,,,,13,8.260869555637255,8.964328010354512,92.3076923076923
TFC,30,1255,-0.5507,13.0493,-26.6493,25.5479,36,9.20464545563732,9.198074641031141,77.77777777777779,5,8.859000769683592,4.31261171490966,80.0,9,9.60257962342765,9.72949088617022,88.88888888888889,16,6.833715216035337,7.512495023996747,75.0,6,8.794291827511884,12.799984953741113,66.66666666666666,0,,,,5,8.859000769683592,4.31261171490966,80.0,33,6.022934641315982,6.14886391132113,69.6969696969697,0,,,,13,7.089576657477307,7.544477051900603,84.61538461538461
TFC,60,1255,-0.5507,13.0493,-26.6493,25.5479,36,7.201346327336511,6.264974207711024,72.22222222222221,5,15.349847585157843,13.240942412968979,80.0,9,9.923883770107084,8.034490451327567,66.66666666666666,16,6.250006662893732,6.264974207711024,81.25,6,12.808903250837417,10.881085294981787,83.33333333333334,0,,,,5,15.349847585157843,13.240942412968979,80.0,33,4.658856388098808,2.929498634681869,69.6969696969697,0,,,,13,3.4302375688333226,4.2935820754082314,69.23076923076923
TGT,10,1255,-4.3153,13.3569,-31.0291,22.3986,33,6.761234991079576,4.7675551906221,100.0,3,4.3074636920905975,4.501497245163629,100.0,8,5.562800944718191,4.551554766363559,100.0,8,6.865540155785572,6.295010967002517,100.0,6,5.84253655995732,5.509064422290598,100.0,0,,,,3,4.3074636920905975,4.501497245163629,100.0,32,6.159313137605511,4.692183088692194,100.0,1,1.7748031003460734,1.7748031003460734,100.0,15,4.934800381624165,4.411317641980617,100.0
TGT,20,1255,-4.3153,13.3569,-31.0291,22.3986,33,5.481416331839906,5.094344131752253,72.72727272727273,3,5.193835452626067,7.582235770183468,66.66666666666666,8,6.638565531946464,7.524095161127455,87.5,8,5.557227188798515,4.24774329312658,75.0,6,6.7510229418526,6.60885422876089,83.33333333333334,0,,,,3,5.193835452626067,7.582235770183468,66.66666666666666,32,7.085998690339636,7.154974135499998,84.375,1,0.7606122965480829,0.7606122965480829,100.0,15,6.188327942938955,5.680517012044758,80.0
TGT,30,1255,-4.3153,13.3569,-31.0291,22.3986,33,5.888837676061265,4.810133204080447,66.66666666666666,3,7.345752963257058,5.986139308979065,66.66666666666666,8,11.350115202362709,11.47402440033462,87.5,8,5.114880338524206,8.8307695608235,62.5,6,8.565445974910915,5.563672467232915,83.33333333333334,0,,,,3,7.345752963257058,5.986139308979065,66.66666666666666,32,8.079604903599392,9.528169326135632,81.25,1,4.010591680023962,4.010591680023962,100.0,15,5.55107663117801,6.05964890707935,80.0
TGT,60,1255,-4.3153,13.3569,-31.0291,22.3986,33,4.361827817138995,3.0757421965973615,63.63636363636363,3,15.778717193019075,15.774561285622015,100.0,8,9.78367437716258,13.078157563559179,75.0,8,2.1423536629574365,2.159566369411969,75.0,6,3.8987481998923084,2.967653446765781,83.33333333333334,0,,,,3,15.778717193019075,15.774561285622015,100.0,32,11.52601567357517,13.217147736655143,81.25,1,9.395561428236961,9.395561428236961,100.0,15,10.904144767398495,10.440189778531469,80.0
TJX,10,1255,3.9869,6.5188,-9.0508,17.0245,33,4.4153118833938905,3.7478281328011542,100.0,5,5.967201487629977,4.560266142295713,100.0,8,5.36252739285238,4.154047137548433,100.0,23,3.893576948822433,3.5714329497256108,100.0,9,3.8163593210979565,3.1481400639299975,100.0,2,3.1627919953116734,3.1627919953116734,100.0,5,5.967201487629977,4.560266142295713,100.0,36,3.8630931635391934,2.9242489600130814,100.0,1,3.6653284655727196,3.6653284655727196,100.0,4,7.046654117609249,7.649106379640797,100.0
TJX,20,1255,3.9869,6.5188,-9.0508,17.0245,33,5.2855768519486555,5.978067756754085,78.78787878787878,5,9.628398955488574,10.292768451558924,100.0,8,8.101862603907142,9.900190133919011,87.5,23,4.943889850360339,5.431832790569772,82.6086956521739,9,5.432094771204456,3.760117815939508,88.88888888888889,2,8.636289157613039,8.636289157613039,100.0,5,9.628398955488574,10.292768451558924,100.0,36,2.741772881642946,2.4428271162169413,72.22222222222221,1,1.8881962316981609,1.8881962316981609,100.0,4,6.008276545145521,8.829013395329717,75.0
TJX,30,1255,3.9869,6.5188,-9.0508,17.0245,33,6.565494243591973,7.055762396051403,84.84848484848484,5,11.268140914563654,12.172120235523174,100.0,8,8.280827910790842,10.859646779312758,87.5,23,5.728067817446936,5.060185883662735,86.95652173913044,9,7.494657561182066,7.1719910479555935,88.88888888888889,2,7.960641091059472,7.960641091059472,100.0,5,11.268140914563654,12.172120235523174,100.0,36,2.2098834359510957,2.1101471296487,63.888888888888886,1,-1.740094496918673,-1.740094496918673,0.0,4,3.5491844640216708,2.880271534970526,75.0
TJX,60,1255,3.9869,6.5188,-9.0508,17.0245,33,8.990207664748423,9.480959817297455,81.81818181818183,5,9.601119540594762,8.496139074710587,80.0,8,7.5148824033440915,8.105253798460971,75.0,23,8.109227364483917,8.379770237281042,86.95652173913044,9,12.237285397824552,11.406170274246348,88.88888888888889,2,1.7041723685669035,1.7041723685669035,50.0,5,9.601119540594762,8.496139074710587,80.0,36,-0.7519592969733568,-0.30836839252501774,44.44444444444444,1,3.69212988936514,3.69212988936514,100.0,4,0.10084430830478397,-1.9798340713522604,25.0
TKO,10,1255,6.1979,9.4909,-12.7839,25.1798,31,8.542592305765952,7.996205462816043,100.0,2,8.771106159907063,8.771106159907063,100.0,9,12.93253667784578,8.998281103934861,100.0,20,6.736053007791415,6.873053148712081,100.0,8,13.012839310677947,10.136510426494446,100.0,1,8.998281103934861,8.998281103934861,100.0,3,10.119554910281115,8.998281103934861,100.0,34,5.896882822584031,5.363915983753718,100.0,1,14.951324266096295,14.951324266096295,100.0,4,5.9227486852496245,5.501771541284327,100.0
TKO,20,1255,6.1979,9.4909,-12.7839,25.1798,31,12.134847437168835,11.425207578162318,93.54838709677419,2,6.012149933175351,6.012149933175351,100.0,9,12.91985325934889,14.71520011733254,88.88888888888889,20,10.33882511299387,11.678673789646892,90.0,8,16.756181737375847,21.74869667173642,87.5,1,2.024301997315086,2.024301997315086,100.0,3,8.913166661227747,9.999997869035617,100.0,34,5.549617816506324,5.225486632294925,76.47058823529412,1,20.261536065940476,20.261536065940476,100.0,4,4.239857899169829,1.1009644007333905,50.0
TKO,30,1255,6.1979,9.4909,-12.7839,25.1798,31,11.804738210090168,10.97221722942357,87.09677419354838,2,12.649562558768311,12.649562558768311,100.0,9,11.749836078104643,15.025892832887013,88.88888888888889,20,9.309437116636321,10.899953589388039,80.0,8,16.715138495324197,15.185290715042232,87.5,1,2.181006401084663,2.181006401084663,100.0,3,11.276749999073381,8.53112487968352,100.0,34,2.567239046573467,1.0436081577221878,52.94117647058824,1,13.784603191791797,13.784603191791797,100.0,4,5.172434013235363,4.702873883285185,50.0
TKO,60,1255,6.1979,9.4909,-12.7839,25.1798,31,15.978697397448546,18.68314872011493,83.87096774193549,2,4.294158928779014,4.294158928779014,50.0,9,15.82157078166955,19.057643460960566,77.77777777777779,20,14.166163529584107,16.897168374029473,75.0,8,18.94967080915179,22.227022475849214,87.5,1,-0.3264970543340534,-0.3264970543340534,0.0,3,12.426772258215266,8.914814911892082,66.66666666666666,34,-1.8686883110739563,-5.896931131278434,38.23529411764706,1,9.36825750384081,9.36825750384081,100.0,4,0.497511114884699,-2.8792948656988457,50.0
TMO,10,1255,-0.1055,10.206,-20.5176,20.3065,34,5.640978854813485,3.888505383863362,100.0,4,5.068019220207638,3.8612808561934733,100.0,11,5.912527502823678,3.9451963685563896,100.0,12,5.441565951685988,3.868416809502876,100.0,7,3.4279731251891414,3.8318143991703337,100.0,0,,,,4,5.068019220207638,3.8612808561934733,100.0,32,5.037273639815925,4.662427920122628,100.0,2,0.017970620091671698,0.017970620091671698,100.0,11,6.595881797825101,6.713060976525051,100.0
TMO,20,1255,-0.1055,10.206,-20.5176,20.3065,34,6.7014776168925785,8.266799114002827,76.47058823529412,4,5.650456581403146,5.861854160863838,75.0,11,7.312573984948309,7.181057251518593,90.9090909090909,12,6.796655718203385,7.495721074906889,75.0,7,4.073916364064,3.1547278507658887,71.42857142857143,0,,,,4,5.650456581403146,5.861854160863838,75.0,32,4.013749164524695,3.6106237891240562,68.75,2,-3.2321885257481067,-3.2321885257481067,0.0,11,4.589030985751035,4.172542366640833,63.63636363636363
TMO,30,1255,-0.1055,10.206,-20.5176,20.3065,34,6.609290715306178,7.079618776726899,76.47058823529412,4,9.082871867489533,10.754410400164065,75.0,11,9.86667211138502,11.287844037426831,90.9090909090909,12,5.156117324338481,4.533010353519314,75.0,7,4.442719633613551,4.32253856377883,71.42857142857143,0,,,,4,9.082871867489533,10.754410400164065,75.0,32,3.2303803898569234,2.9795285676362013,62.5,2,-1.758793162960682,-1.758793162960682,50.0,11,2.647253176120893,1.8781903437611633,72.72727272727273
TMO,60,1255,-0.1055,10.206,-20.5176,20.3065,34,6.68615338351019,6.929459634470721,67.64705882352942,4,18.36997625749461,23.84843881098721,75.0,11,13.928117579851408,11.485180204003417,90.9090909090909,12,2.333156602148198,2.2966610506323484,58.333333333333336,7,4.466528698151676,4.42634470321247,71.42857142857143,0,,,,4,18.36997625749461,23.84843881098721,75.0,32,4.602278604243626,5.041296982784849,65.625,2,-9.192381911292104,-9.192381911292104,0.0,11,2.237547646536498,1.8685470535087252,54.54545454545454
TMUS,10,1255,1.6673,7.9772,-14.2871,17.6216,37,5.3251598518495005,4.726132764319084,100.0,5,8.317210456828246,4.726132764319084,100.0,9,6.99300712891981,5.853460242611329,100.0,19,4.740051729123112,4.7428705460539735,100.0,8,6.332540951625296,5.020641088143972,100.0,0,,,,5,8.317210456828246,4.726132764319084,100.0,39,3.437451462488875,3.096778024822369,100.0,1,0.8862775519822748,0.8862775519822748,100.0,7,5.745251187550517,5.747136771669722,100.0
TMUS,20,1255,1.6673,7.9772,-14.2871,17.6216,37,5.319823608807069,5.290240930634319,78.37837837837837,5,6.350401168210298,4.805024544833443,60.0,9,5.658142060880987,4.805024544833443,66.66666666666666,19,6.5676320538635125,6.367282452903998,89.47368421052632,8,5.043024813798809,4.816793147897106,100.0,0,,,,5,6.350401168210298,4.805024544833443,60.0,39,2.876172947686278,2.875996130284504,69.23076923076923,1,-1.2930373168896903,-1.2930373168896903,0.0,7,6.82600466282094,7.124638785861584,85.71428571428571
TMUS,30,1255,1.6673,7.9772,-14.2871,17.6216,37,5.846425164667979,4.61369602911225,78.37837837837837,5,3.463765888968736,-0.01739732799945326,40.0,9,4.4275712953010045,3.185908718599676,55.55555555555556,19,7.773654247399691,7.170894060700704,94.73684210526315,8,6.061935473460143,5.120178614370971,87.5,0,,,,5,3.463765888968736,-0.01739732799945326,40.0,39,2.09543373402296,2.1030507081551733,69.23076923076923,1,-4.752134615589218,-4.752134615589218,0.0,7,2.093191088718973,2.9999162963285912,71.42857142857143
TMUS,60,1255,1.6673,7.9772,-14.2871,17.6216,37,7.626237641259986,6.16199006261493,78.37837837837837,5,9.606628713729261,10.371369620752198,80.0,9,6.75903976024932,8.51836594188586,77.77777777777779,19,10.849745623316538,11.007352482923057,89.47368421052632,8,4.2797762384099025,4.8005787486026845,75.0,0,,,,5,9.606628713729261,10.371369620752198,80.0,39,0.1774714074906869,0.9993875257216274,56.41025641025641,1,7.16772905378239,7.16772905378239,100.0,7,4.3384660288041905,4.764201908665592,71.42857142857143
TPL,10,1255,2.4822,18.5934,-34.7046,39.6689,38,9.979250993777589,8.38448737829977,100.0,2,5.760740570394906,5.760740570394906,100.0,12,8.816882318179069,7.222783134501156,100.0,21,11.39517207755118,9.211341517213604,100.0,8,12.153123433531315,8.560391860064307,100.0,0,,,,2,5.760740570394906,5.760740570394906,100.0,36,8.039173206642182,7.55695557687358,100.0,1,23.215716340388376,23.215716340388376,100.0,11,7.674129330568943,7.498912241401152,100.0
TPL,20,1255,2.4822,18.5934,-34.7046,39.6689,38,11.578108056874065,8.714930519931364,84.21052631578947,2,6.940673092515338,6.940673092515338,100.0,12,10.735123654316416,7.851077067637098,91.66666666666666,21,12.087207645297198,9.027452167139357,76.19047619047619,8,10.582219421197713,6.542553862689603,62.5,0,,,,2,6.940673092515338,6.940673092515338,100.0,36,5.521789297238267,5.152165586924202,75.0,1,34.06991984118285,34.06991984118285,100.0,11,4.161731810841125,4.7185130514624465,81.81818181818183
TPL,30,1255,2.4822,18.5934,-34.7046,39.6689,38,15.412140052737024,10.787673675231291,73.68421052631578,2,0.25606680988488595,0.25606680988488595,50.0,12,15.525272217891624,10.787673675231291,83.33333333333334,21,14.704380341096266,13.638842826922733,71.42857142857143,8,13.043477424558802,3.290685126702487,62.5,0,,,,2,0.25606680988488595,0.25606680988488595,50.0,36,4.90022887297693,3.8157218139433167,61.111111111111114,1,26.172433823432893,26.172433823432893,100.0,11,1.4884075515118418,1.8382094046399216,54.54545454545454
TPL,60,1255,2.4822,18.5934,-34.7046,39.6689,38,20.123270782560365,16.919647087785798,71.05263157894737,2,-2.6207191842623905,-2.6207191842623905,50.0,12,17.12089112409701,8.035762219005182,75.0,21,18.675332655920013,23.178742454688674,66.66666666666666,8,4.292534502978597,-5.621435081550347,37.5,0,,,,2,-2.6207191842623905,-2.6207191842623905,50.0,36,-3.123327652692689,0.923624778702057,50.0,1,25.132079929795005,25.132079929795005,100.0,11,-10.545950461569548,7.525868208954098,54.54545454545454
TPR,10,1255,4.7051,14.5268,-24.3485,33.7587,30,8.021309819181566,6.851869152111037,100.0,4,13.786859768192354,17.033319443322352,100.0,12,9.001545342044865,8.17002185887176,100.0,15,7.2174012537881955,5.898841436652037,100.0,4,6.9475588669061565,7.114425709182671,100.0,1,17.93275259952424,17.93275259952424,100.0,4,13.786859768192354,17.033319443322352,100.0,31,6.984981747363723,5.569454669842887,100.0,1,8.88914041914991,8.88914041914991,100.0,6,5.334442954631427,5.381136620058189,100.0
TPR,20,1255,4.7051,14.5268,-24.3485,33.7587,30,10.045659035599048,11.90212599353071,76.66666666666667,4,16.38253711644206,15.919201440045182,100.0,12,13.089802769149033,12.539801157310677,100.0,15,8.087731493578973,11.68772551185003,60.0,4,13.477302661740518,16.72498677288382,75.0,1,12.733485788914628,12.733485788914628,100.0,4,16.38253711644206,15.919201440045182,100.0,31,5.881209652107653,5.50911810779918,67.74193548387096,1,17.25383153054973,17.25383153054973,100.0,6,3.490093769172289,-0.8121686168502321,33.33333333333333
TPR,30,1255,4.7051,14.5268,-24.3485,33.7587,30,14.460925946377058,14.382959273585026,83.33333333333334,4,21.75415331583155,19.126222614630795,100.0,12,18.31842346734768,17.97034761858012,91.66666666666666,15,10.68339745100678,8.658786990082712,73.33333333333333,4,20.604524494430915,21.857590730986768,100.0,1,9.962616074261064,9.962616074261064,100.0,4,21.75415331583155,19.126222614630795,100.0,31,5.013912761104324,4.686839083112281,70.96774193548387,1,15.857838581878198,15.857838581878198,100.0,6,0.3578355547525917,-3.7463168249090724,50.0
TPR,60,1255,4.7051,14.5268,-24.3485,33.7587,30,17.557096262876435,14.401033984496966,83.33333333333334,4,31.316910029937503,34.48098997127488,100.0,12,23.164100777101243,22.820153715449276,83.33333333333334,15,17.42671080333825,14.204179057546979,86.66666666666667,4,26.93537802197378,23.4376955406799,100.0,1,6.288941589311394,6.288941589311394,100.0,4,31.316910029937503,34.48098997127488,100.0,31,-1.3288857036721649,0.11379115022118874,54.83870967741935,1,6.28855568971471,6.28855568971471,100.0,6,-4.350641005251319,-12.605289056996817,50.0
TRGP,10,1255,7.2206,10.0862,-12.9519,27.3931,31,7.069311672080476,7.336364576260619,100.0,5,8.765925726767167,10.614547422839415,100.0,14,7.1139671215000195,6.100429373123852,100.0,21,7.8393476217866365,8.276144673430013,100.0,5,10.281973713938761,12.086743898521203,100.0,3,10.070346957756607,10.614547422839415,100.0,6,7.899606988109398,8.975455999550018,100.0,34,5.998869655816635,4.009049919146366,100.0,0,,,,4,2.083107625774531,2.219549214380171,100.0
TRGP,20,1255,7.2206,10.0862,-12.9519,27.3931,31,9.150146034257562,9.83117108160429,80.64516129032258,5,9.663434393175576,10.22605017185949,80.0,14,7.939311853258317,9.63120395901487,78.57142857142857,21,9.575451759805949,9.83117108160429,76.19047619047619,5,7.005165152602663,9.036357746170252,60.0,3,11.9851182404866,15.694825893757775,66.66666666666666,6,10.848201772820566,12.960438032808632,83.33333333333334,34,5.5368280619458625,5.035942657697661,79.41176470588235,0,,,,4,-1.7741977131937605,-3.3549007641139887,25.0
TRGP,30,1255,7.2206,10.0862,-12.9519,27.3931,31,10.690064390166965,9.534503694235031,80.64516129032258,5,12.185311384200007,7.627770568977524,100.0,14,9.960249670674543,7.939890036030972,85.71428571428571,21,11.134097610560351,9.989728311063171,76.19047619047619,5,9.236779484953917,8.252009503084421,80.0,3,15.364355921664062,20.46230665522808,100.0,6,13.591962039403716,14.045038612102802,100.0,34,2.9888234279507295,3.146920479839105,64.70588235294117,0,,,,4,-0.451953895130474,-0.25606060554758736,50.0
TRGP,60,1255,7.2206,10.0862,-12.9519,27.3931,31,14.389014767477166,12.504405071372963,83.87096774193549,5,9.426138500974643,8.01130875561963,100.0,14,11.831111675532282,7.874755203665105,85.71428571428571,21,14.764114343128503,15.309139417489725,80.95238095238095,5,11.112932006689364,8.01130875561963,80.0,3,13.022337202663516,8.6018359199069,100.0,6,11.862601667627251,8.306572337763265,100.0,34,-2.4681308140798626,-1.816461658654608,41.17647058823529,0,,,,4,-10.941271635045148,-11.471052104365754,25.0
TRMB,10,1255,-1.9767,11.1349,-24.2464,20.2931,30,6.60785408644194,6.556311372202098,100.0,4,7.712873965972526,8.68579703325636,100.0,13,8.46855391383533,8.158217984717634,100.0,13,4.787900461348607,3.2130350774683984,100.0,9,6.891528606655927,7.655693674199723,100.0,0,,,,4,7.712873965972526,8.68579703325636,100.0,33,6.454046806333613,5.361308326922481,100.0,3,3.9159244138783897,5.008504492485477,100.0,4,5.154433113408865,4.928260936721259,100.0
TRMB,20,1255,-1.9767,11.1349,-24.2464,20.2931,30,7.950326385717031,6.304215717580073,86.66666666666667,4,14.906612406927806,17.615996974895644,100.0,13,11.438151659035185,10.276995108887311,100.0,13,3.157727706034336,3.920073619724835,69.23076923076923,9,5.223456981704627,4.323686885117737,66.66666666666666,0,,,,4,14.906612406927806,17.615996974895644,100.0,33,5.940334580907388,5.200476804348785,78.78787878787878,3,5.018312569993071,5.702921703896728,66.66666666666666,4,-0.812441028731599,-2.1588822774668914,25.0
TRMB,30,1255,-1.9767,11.1349,-24.2464,20.2931,30,8.3756666935107,8.56563970545718,66.66666666666666,4,16.40732243212101,18.72767530362362,75.0,13,12.330124187356727,12.903844393216646,69.23076923076923,13,2.0863538415451046,0.34535746136722356,53.84615384615385,9,7.987792658819732,6.055556403266059,66.66666666666666,0,,,,4,16.40732243212101,18.72767530362362,75.0,33,7.1093732796789775,7.918635128234032,75.75757575757575,3,4.306688423936164,2.0310766785343826,66.66666666666666,4,-3.708533653367515,-2.5669574350781588,0.0
TRMB,60,1255,-1.9767,11.1349,-24.2464,20.2931,30,7.764105076212846,5.696617123836214,80.0,4,19.777385893178128,17.230509053413485,100.0,13,12.19335377701798,10.044605075378215,92.3076923076923,13,-0.09583102568067457,1.5302356294635115,61.53846153846154,9,11.844183825250008,6.016135418479316,77.77777777777779,0,,,,4,19.777385893178128,17.230509053413485,100.0,33,8.519216227566092,9.840114696198683,78.78787878787878,3,7.593835285775062,10.27851438085188,66.66666666666666,4,-5.654453414386924,-7.0674390140659575,50.0
TROW,10,1255,-3.6274,10.8938,-25.415,18.1601,35,6.136997468963058,6.310532507789153,100.0,4,8.275829580292054,8.325699485437939,100.0,8,7.677991508577964,7.974778533030866,100.0,14,5.40418866119635,5.4428909704574036,100.0,8,5.545502271590669,5.189463564804557,100.0,0,,,,5,7.577785763421568,7.960646964102497,100.0,37,5.899410337020721,5.546433132640029,100.0,0,,,,15,7.479664895143557,6.913577232929061,100.0
TROW,20,1255,-3.6274,10.8938,-25.415,18.1601,35,5.055707122981046,5.602019088803113,80.0,4,10.88155682848473,10.527192865062236,100.0,8,9.227683423088038,9.580677855260106,87.5,14,2.4127839026949767,2.7942338789480097,71.42857142857143,8,2.7498576120532388,2.4108197161848084,87.5,0,,,,5,10.691895825993495,9.933251816028555,100.0,37,5.937410202104255,6.31247696617216,78.37837837837837,0,,,,15,7.1403493685280095,6.599303656596543,86.66666666666667
TROW,30,1255,-3.6274,10.8938,-25.415,18.1601,35,6.050467833518028,8.379326631759039,71.42857142857143,4,12.682382290714072,12.610825254676623,100.0,8,12.346512465006118,11.880659513081916,87.5,14,1.9544678521410856,3.0357627991425087,64.28571428571429,8,5.84133532892289,8.36558556575557,75.0,0,,,,5,12.514951070970373,11.84522619199558,100.0,37,6.932575130500886,7.504550866030771,75.67567567567568,0,,,,15,5.735277952494456,7.504550866030771,66.66666666666666
TROW,60,1255,-3.6274,10.8938,-25.415,18.1601,35,3.6708188798643295,4.6872629672286,68.57142857142857,4,9.98082638081747,11.040023048005242,75.0,8,11.35961891319269,11.040023048005242,87.5,14,-2.3170359839993147,-0.23029443186715326,50.0,8,-0.5937829460881101,4.662674150087251,62.5,0,,,,5,13.48806783703694,12.569243045313566,80.0,37,7.946722278492362,7.026471491555733,83.78378378378379,0,,,,15,4.8192740448673925,3.8451489883238676,80.0
TRV,10,1255,3.573,6.4487,-9.3243,16.4703,31,4.736825838674047,3.7794047011721608,100.0,3,3.305474648041931,4.522162644647294,100.0,16,5.261046337885369,4.545280321725331,100.0,21,4.387164955998329,3.6708944030086093,100.0,10,5.250683405047732,4.858557728059521,100.0,2,2.6740129726612123,2.6740129726612123,100.0,3,3.305474648041931,4.522162644647294,100.0,32,3.7093667392981327,3.511213169651905,100.0,3,5.2009335356495185,7.284856445246844,100.0,6,2.279531423251708,1.9719986725782483,100.0
TRV,20,1255,3.573,6.4487,-9.3243,16.4703,31,5.5419009692578705,5.310844318647702,90.32258064516128,3,13.335115720907268,11.078143529069013,100.0,16,7.01486129915593,7.218809826108095,87.5,21,4.4044589528804625,4.494485732061442,90.47619047619048,10,5.046086716879653,5.284714892949385,80.0,2,10.311442181668836,10.311442181668836,100.0,3,13.335115720907268,11.078143529069013,100.0,32,3.04516268710153,2.9505097744630415,81.25,3,2.312754511652603,1.7442046684833938,66.66666666666666,6,2.9085684353302965,1.8665814083774461,100.0
TRV,30,1255,3.573,6.4487,-9.3243,16.4703,31,5.508331661147975,3.402117477411538,74.19354838709677,3,13.402837911511261,11.25350900544268,100.0,16,7.777959909019596,7.684939767369469,81.25,21,4.215122190024109,3.402117477411538,71.42857142857143,10,6.461118993602474,7.9605413742630375,80.0,2,8.972121919657727,8.972121919657727,100.0,3,13.402837911511261,11.25350900544268,100.0,32,2.169376307156207,0.7339896821819725,59.375,3,0.41196071474325713,0.7308327015692261,66.66666666666666,6,2.0189540841790525,1.45969219488621,66.66666666666666
TRV,60,1255,3.573,6.4487,-9.3243,16.4703,31,6.637780628415059,4.091776782080458,83.87096774193549,3,11.73453458050043,7.753227792946905,100.0,16,10.752534102897465,9.689423039464364,87.5,21,4.524470480872601,3.8132562906636323,85.71428571428571,10,8.178874570648679,5.922502287513682,100.0,2,5.611973361865843,5.611973361865843,100.0,3,11.73453458050043,7.753227792946905,100.0,32,0.997490943744232,0.7819040954943424,59.375,3,6.794660234872519,8.312508081045715,100.0,6,-0.42718360060939303,4.03233631628238,66.66666666666666
TSCO,10,1255,1.446,7.8278,-14.2095,17.1015,39,6.41143323092773,5.643482015497774,100.0,2,10.97866402163624,10.97866402163624,100.0,20,6.094835430119747,5.291125447914444,100.0,20,7.0414370233032,5.8507211749418575,100.0,10,8.991912749114764,7.670871148470658,100.0,0,,,,2,10.97866402163624,10.97866402163624,100.0,39,5.483910806321158,4.856204461623294,100.0,3,2.517095674323128,2.2347769433793836,100.0,7,5.251452640393545,4.04729280189826,100.0
TSCO,20,1255,1.446,7.8278,-14.2095,17.1015,39,5.71881071152756,5.85799633259065,79.48717948717949,2,11.344233641155018,11.344233641155018,100.0,20,5.725265540134785,5.687415730791883,85.0,20,5.78652206148712,4.889746298065523,75.0,10,6.821376477907686,5.613403540822622,80.0,0,,,,2,11.344233641155018,11.344233641155018,100.0,39,4.653270973871528,4.516925836855091,84.61538461538461,3,0.09647871252298972,-1.8277153632454228,33.33333333333333,7,1.8246810368873663,2.005929542667691,71.42857142857143
TSCO,30,1255,1.446,7.8278,-14.2095,17.1015,39,6.773157713675332,5.438487608213827,79.48717948717949,2,11.905090656192598,11.905090656192598,100.0,20,6.057615422278691,4.937223121324361,75.0,20,7.096260322216693,5.6245958487512935,85.0,10,8.490751328930711,10.100377253019387,90.0,0,,,,2,11.905090656192598,11.905090656192598,100.0,39,4.764885380657469,3.707924528009373,71.7948717948718,3,0.5495043694346712,-0.5415852336576038,33.33333333333333,7,3.0338271064746123,2.9774423359020687,57.14285714285714
TSCO,60,1255,1.446,7.8278,-14.2095,17.1015,39,7.536553401390629,6.664923176367814,71.7948717948718,2,19.245190935512653,19.245190935512653,100.0,20,8.145375852578853,6.239681141382116,70.0,20,5.175705639768685,3.8604418449637947,65.0,10,7.169659921280297,6.239681141382116,80.0,0,,,,2,19.245190935512653,19.245190935512653,100.0,39,2.7459758962206773,2.585573634292287,64.1025641025641,3,-4.509879410015087,-9.20794998693796,33.33333333333333,7,-3.3020358531902145,-8.353732647304593,28.57142857142857
TSLA,10,1255,-0.4147,22.9292,-46.2731,45.4436,33,14.50680442204481,12.424745553034658,100.0,5,16.018894700233552,15.511968964533446,100.0,13,16.286462437920136,13.017220230488459,100.0,16,14.504386866207295,12.160758971569106,100.0,8,15.88101049828207,13.184229800597414,100.0,1,25.316237810998704,25.316237810998704,100.0,6,18.360224116616084,17.3212021497427,100.0,31,12.16287969967038,11.00088273557518,100.0,0,,,,12,11.894195960756548,11.157034072414163,100.0
TSLA,20,1255,-0.4147,22.9292,-46.2731,45.4436,33,14.363821907080855,10.635148724610863,78.78787878787878,5,18.337345399185203,12.265983305355892,80.0,13,16.271786944837384,12.879706469883919,76.92307692307693,16,10.981244030570124,10.187343817558693,75.0,8,17.710098961276877,23.80370759750872,87.5,1,5.014629617698452,5.014629617698452,100.0,6,19.14126350902078,17.713418681777277,83.33333333333334,31,12.321318830660044,12.02709913577765,87.09677419354838,0,,,,12,13.461714663071005,10.882797195121782,91.66666666666666
TSLA,30,1255,-0.4147,22.9292,-46.2731,45.4436,33,18.20892481803125,14.359910947622234,72.72727272727273,5,28.324670322686266,19.760886698466347,80.0,13,20.222945586685118,19.760886698466347,76.92307692307693,16,12.348797808420283,7.152562813950827,68.75,8,17.317560874642023,13.533403662953502,87.5,1,7.121317919815202,7.121317919815202,100.0,6,27.442915814224577,21.397514985191236,83.33333333333334,31,11.108727673574808,12.13970781169755,83.87096774193549,0,,,,12,10.94519575076029,11.756978262408031,91.66666666666666
TSLA,60,1255,-0.4147,22.9292,-46.2731,45.4436,33,20.701188891832146,20.373900878568346,72.72727272727273,5,45.67625892781089,41.68363835242686,100.0,13,22.13602678746855,24.09007185183729,61.53846153846154,16,6.854311941594387,4.817208807570598,62.5,8,11.750219249090893,4.557567844959124,62.5,1,49.47107671211309,49.47107671211309,100.0,6,50.63893223136649,45.57735753226997,100.0,31,7.455177987202761,9.911990785223935,64.51612903225806,0,,,,12,1.215624894306278,0.2515048390474177,50.0
TSN,10,1255,-1.1046,8.7308,-18.5662,16.3569,41,4.99140868723131,4.507893000254814,100.0,4,7.324113117683271,7.536798931418111,100.0,13,5.402266290400011,6.294569289605913,100.0,23,3.8852690967620744,3.623947843935117,100.0,7,4.5092854596979235,4.438766447677914,100.0,0,,,,4,7.324113117683271,7.536798931418111,100.0,35,4.853838150270175,3.5104235069844933,100.0,0,,,,9,3.954580150853916,2.1969930149557517,100.0
TSN,20,1255,-1.1046,8.7308,-18.5662,16.3569,41,4.000079780214722,3.0650452738319838,70.73170731707317,4,4.572499861285734,4.542100843996912,100.0,13,5.131855099356041,7.172915733262834,84.61538461538461,23,1.9434289314367041,1.1022032257692163,56.52173913043478,7,4.082277008632636,6.338679596398868,71.42857142857143,0,,,,4,4.572499861285734,4.542100843996912,100.0,35,5.356403979074208,5.974493861670671,74.28571428571429,0,,,,9,5.376455402265954,4.530891852061263,77.77777777777779
TSN,30,1255,-1.1046,8.7308,-18.5662,16.3569,41,4.400333282993452,2.648197214070545,70.73170731707317,4,1.7778129790074513,2.897397848830106,75.0,13,5.369894204998479,6.358695859629836,76.92307692307693,23,1.9706646291865109,1.730004401596263,60.86956521739131,7,7.36434956781609,8.280739609289427,85.71428571428571,0,,,,4,1.7778129790074513,2.897397848830106,75.0,35,4.493561463694206,3.683866124513102,62.857142857142854,0,,,,9,4.762899917409005,5.303729345350015,66.66666666666666
TSN,60,1255,-1.1046,8.7308,-18.5662,16.3569,41,3.8155427797860484,2.5553478192605796,60.97560975609756,4,3.193665364950061,0.1896645283702616,50.0,13,1.3160909137599304,0.26773625615232105,53.84615384615385,23,0.14445235164245968,0.26773625615232105,52.17391304347826,7,5.919396511800537,2.635548786739993,71.42857142857143,0,,,,4,3.193665364950061,0.1896645283702616,50.0,35,3.8113443636235065,4.113132411256943,62.857142857142854,0,,,,9,3.1317891096310313,3.8949578597239736,55.55555555555556
TT,10,1255,2.805,10.7955,-18.7861,24.396,38,7.686186216531617,6.700429771592713,100.0,4,8.297979648808369,8.258542533883134,100.0,12,7.315225247064801,7.092489108844803,100.0,26,7.483054380395482,6.608976206861988,100.0,12,8.632201264691412,7.812411893134657,100.0,1,10.12046346650448,10.12046346650448,100.0,4,8.297979648808369,8.258542533883134,100.0,31,5.851837873069823,4.832128706991219,100.0,0,,,,4,7.541987199130551,7.317984446979147,100.0
TT,20,1255,2.805,10.7955,-18.7861,24.396,38,7.313597587269313,5.826570878848331,73.68421052631578,4,10.350686953586846,9.01527469279247,75.0,12,9.041041527734007,9.01527469279247,66.66666666666666,26,6.148343981651324,5.216830362374427,73.07692307692307,12,6.805025419105347,4.559819549857844,58.333333333333336,1,8.38353532472168,8.38353532472168,100.0,4,10.350686953586846,9.01527469279247,75.0,31,3.8985222608919234,4.178544036602861,70.96774193548387,0,,,,4,3.4966294083605742,6.498525126907132,75.0
TT,30,1255,2.805,10.7955,-18.7861,24.396,38,9.505720534904267,8.171861486299257,81.57894736842105,4,16.131950143949037,14.137226291390473,100.0,12,12.811118012191642,13.242446416184766,83.33333333333334,26,7.896984169841831,6.640853344387725,76.92307692307693,12,9.961108942360164,6.438590382288192,75.0,1,8.236454380060886,8.236454380060886,100.0,4,16.131950143949037,14.137226291390473,100.0,31,3.848780246221639,4.462466346093323,67.74193548387096,0,,,,4,-3.876631992630914,-3.0181918437748796,50.0
TT,60,1255,2.805,10.7955,-18.7861,24.396,38,13.074932918717904,15.04216435897846,76.31578947368422,4,24.24208603680103,30.35541258285535,75.0,12,19.65910834412666,16.446026194898888,91.66666666666666,26,11.988195442914234,13.519694669453262,73.07692307692307,12,15.068507925812382,14.285043695656213,91.66666666666666,1,-1.920308196947128,-1.920308196947128,0.0,4,24.24208603680103,30.35541258285535,75.0,31,-0.1327219195578654,-4.34127425226952,45.16129032258064,0,,,,4,-11.96571820646147,-13.6737109205284,0.0
TTD,10,1255,-9.6618,29.0289,-67.7196,48.396,33,14.317554952947035,12.417468794394951,100.0,2,8.587433631536415,8.587433631536415,100.0,9,15.608246300505218,14.365450412914837,100.0,13,16.328757590994638,14.508539084359844,100.0,8,17.919928848986473,19.039642079803542,100.0,0,,,,3,7.202574903057738,6.549726276430504,100.0,36,12.331566459306261,11.666236027793126,100.0,0,,,,16,12.96601775150839,14.016970998392493,100.0
TTD,20,1255,-9.6618,29.0289,-67.7196,48.396,33,13.642463170068055,13.589804641999393,84.84848484848484,2,8.300585036128588,8.300585036128588,50.0,9,18.254153248128116,13.589804641999393,77.77777777777779,13,11.040794354741452,13.589804641999393,84.61538461538461,8,15.375891416199797,17.5996141081371,87.5,0,,,,3,4.586309019342509,-2.842243014229649,33.33333333333333,36,10.813815380803987,13.47932145541684,83.33333333333334,0,,,,16,11.950804433119183,15.842499874371448,93.75
TTD,30,1255,-9.6618,29.0289,-67.7196,48.396,33,13.682982417210924,11.472799636956836,78.78787878787878,2,32.288260577798745,32.288260577798745,100.0,9,17.7187272424686,11.472799636956836,88.88888888888889,13,8.697473400508995,9.776652403125233,69.23076923076923,8,5.039998000726666,11.337745286890833,75.0,0,,,,3,22.733680245826275,3.62451958188133,100.0,36,12.115679457019745,11.937970054368925,80.55555555555556,0,,,,16,13.601826282400674,14.473125054665912,93.75
TTD,60,1255,-9.6618,29.0289,-67.7196,48.396,33,10.502665346705854,12.36999462239486,66.66666666666666,2,47.08836212456437,47.08836212456437,100.0,9,16.298610595489514,31.685014916754678,66.66666666666666,13,-0.8086921659406403,1.4790889249653127,53.84615384615385,8,2.0490274368273216,4.7144706759806105,62.5,0,,,,3,19.997196457987123,31.685014916754678,66.66666666666666,36,16.04368582858753,15.580889858930881,69.44444444444444,0,,,,16,14.236038723680908,12.107375059206376,68.75
TTWO,10,1255,1.0527,10.559,-20.0652,22.1707,36,7.314270962820964,5.963031431116173,100.0,2,12.809935039929965,12.809935039929965,100.0,12,10.454418495916224,9.909407983012862,100.0,18,6.011504045032526,5.274302274305303,100.0,9,5.889978655175662,5.437353135725023,100.0,0,,,,2,12.809935039929965,12.809935039929965,100.0,35,5.414863917082926,4.224027956011741,100.0,0,,,,10,8.665813694339892,7.764036759381167,100.0
TTWO,20,1255,1.0527,10.559,-20.0652,22.1707,36,8.051984854319494,7.921765807373804,83.33333333333334,2,16.58651574176381,16.58651574176381,100.0,12,10.893669059213863,9.338299043297532,91.66666666666666,18,7.771507353327781,7.679565093373628,83.33333333333334,9,10.034896909101207,7.816509472582969,88.88888888888889,0,,,,2,16.58651574176381,16.58651574176381,100.0,35,5.381403641669203,5.194925905574963,85.71428571428571,0,,,,10,7.220826182787938,5.071026637116354,90.0
TTWO,30,1255,1.0527,10.559,-20.0652,22.1707,36,8.015697022409425,9.016956887658228,77.77777777777779,2,16.143312642500327,16.143312642500327,100.0,12,9.571971179850523,10.8782667426286,83.33333333333334,18,8.078172290004286,9.953636790567822,83.33333333333334,9,9.101122358324846,15.76574736268704,77.77777777777779,0,,,,2,16.143312642500327,16.143312642500327,100.0,35,4.2910526432024545,2.8884369437854884,68.57142857142857,0,,,,10,8.13670448769636,5.028748797569041,80.0
TTWO,60,1255,1.0527,10.559,-20.0652,22.1707,36,9.073203954584976,11.345100100152463,77.77777777777779,2,17.78355161311332,17.78355161311332,100.0,12,9.520565464013591,10.100877985670484,83.33333333333334,18,12.08800466872933,15.52077160373552,88.88888888888889,9,10.213675224962476,15.466507790390752,77.77777777777779,0,,,,2,17.78355161311332,17.78355161311332,100.0,35,3.881440820724369,3.416344867786319,60.0,0,,,,10,7.794869306079572,8.615305280716065,70.0
TXN,10,1255,0.0242,8.3396,-16.655,16.7034,32,5.6152987189189165,4.117878026489656,96.875,4,9.51072086886812,8.15912590027779,100.0,13,6.277776186913469,4.12441586952544,100.0,13,3.8885151667406976,3.4340924279632414,92.3076923076923,9,5.584672831505433,4.17955241866749,100.0,0,,,,4,9.51072086886812,8.15912590027779,100.0,35,5.739816816680395,4.472616980086775,100.0,1,16.38869963971252,16.38869963971252,100.0,13,6.162275355799423,4.677357216048501,100.0
TXN,20,1255,0.0242,8.3396,-16.655,16.7034,32,7.664620522839094,6.475259063662103,81.25,4,14.586481335034879,11.899939599375642,100.0,13,8.918536586453676,6.903334857432799,76.92307692307693,13,2.5700359574905254,2.9177577742767773,69.23076923076923,9,6.272044153006195,4.342829409410767,77.77777777777779,0,,,,4,14.586481335034879,11.899939599375642,100.0,35,5.5961926490225595,4.79518672692217,88.57142857142857,1,14.769169538559183,14.769169538559183,100.0,13,6.107454965558913,4.893893327235712,92.3076923076923
TXN,30,1255,0.0242,8.3396,-16.655,16.7034,32,7.945269490127861,5.750906388232076,71.875,4,20.581065412877866,19.828353436927987,100.0,13,10.38527873409793,12.398600947281082,61.53846153846154,13,2.0877641639608946,2.62911611736285,61.53846153846154,9,5.905928220883767,2.62911611736285,66.66666666666666,0,,,,4,20.581065412877866,19.828353436927987,100.0,35,5.16949443812502,4.877645659616879,82.85714285714286,1,6.192374919070406,6.192374919070406,100.0,13,5.833776795869321,4.877645659616879,84.61538461538461
TXN,60,1255,0.0242,8.3396,-16.655,16.7034,32,9.213333545260003,7.326542004721507,71.875,4,33.43328221192702,33.46369148878231,100.0,13,14.7955242836879,11.727500669431716,84.61538461538461,13,2.079717698236654,1.3122321367516585,53.84615384615385,9,9.456942554117667,3.632544826633789,77.77777777777779,0,,,,4,33.43328221192702,33.46369148878231,100.0,35,6.63366785146122,6.791459252263198,88.57142857142857,1,17.232046327634038,17.232046327634038,100.0,13,6.4250643286905,5.2163691211333605,92.3076923076923
TXT,10,1255,0.8498,7.309,-13.7683,15.4678,39,5.418241639676025,5.278604393851237,100.0,5,4.785079932610641,5.489372534635005,100.0,14,5.775790995963616,5.686786406067191,100.0,21,4.363423352333644,4.1918855242626,100.0,8,6.903362523811586,6.263613406894068,100.0,0,,,,6,5.601743321588441,5.651534946700856,100.0,37,5.172843552499538,3.1819158434473387,100.0,0,,,,9,7.440239007434347,7.373339601365668,100.0
TXT,20,1255,0.8498,7.309,-13.7683,15.4678,39,5.344382681696996,4.7091479564715915,87.17948717948718,5,5.52345877250056,3.2660992620583693,100.0,14,5.942507328917624,4.692174816713208,85.71428571428571,21,3.2867692086294076,2.6718551541254234,80.95238095238095,8,6.8095345977839745,6.077692961197226,100.0,0,,,,6,6.854828477892521,3.5318942175399672,100.0,37,3.5077740738226177,3.622314870997049,70.27027027027027,0,,,,9,3.7643318372828514,7.5879329766337715,66.66666666666666
TXT,30,1255,0.8498,7.309,-13.7683,15.4678,39,6.620567830868994,6.107371253233547,76.92307692307693,5,6.149098440617955,-0.01371764437820708,40.0,14,5.7396701416271885,4.568474348598031,64.28571428571429,21,4.711647809649804,5.087767275725839,80.95238095238095,8,5.692155304895676,4.973987416742252,87.5,0,,,,6,7.353615916928405,6.681242827051225,50.0,37,4.958635419283351,5.673854770133094,78.37837837837837,0,,,,9,3.6028510866667824,5.673854770133094,66.66666666666666
TXT,60,1255,0.8498,7.309,-13.7683,15.4678,39,6.317142557491872,4.278941041054768,76.92307692307693,5,11.931097323208782,5.895501141058601,100.0,14,5.5486334606408025,3.9295346250081966,64.28571428571429,21,3.1557981321614696,1.886972269176897,61.904761904761905,8,4.483989363299042,4.272016263174743,75.0,0,,,,6,10.58011173700678,5.676461235912356,100.0,37,3.458461937271294,3.543807064536709,70.27027027027027,0,,,,9,-3.913028398940276,-4.6496670940128455,44.44444444444444
TYL,10,1255,-1.9711,12.4353,-26.8418,22.8996,41,6.062799165476976,4.769727460792245,100.0,2,9.548785250772223,9.548785250772223,100.0,14,7.045073639092897,7.824466644956902,100.0,16,4.675779701898032,4.123671112413462,100.0,8,9.4773323761622,9.161872309808622,100.0,0,,,,2,9.548785250772223,9.548785250772223,100.0,38,5.524900951873506,5.224857375280205,100.0,0,,,,6,3.737978324775526,2.841122405532179,100.0
TYL,20,1255,-1.9711,12.4353,-26.8418,22.8996,41,4.791456009196305,3.2496384351885905,75.60975609756098,2,1.8744634372263222,1.8744634372263222,50.0,14,3.7450411961248684,2.4064537256143232,71.42857142857143,16,3.096117294463725,3.1621217248635154,68.75,8,6.084403088241474,5.73136107292135,75.0,0,,,,2,1.8744634372263222,1.8744634372263222,50.0,38,5.666362097318543,5.023799110413829,89.47368421052632,0,,,,6,4.064860475918039,3.4677039370512954,83.33333333333334
TYL,30,1255,-1.9711,12.4353,-26.8418,22.8996,41,4.27922180164302,3.8867954140355874,65.85365853658537,2,16.547941852086325,16.547941852086325,100.0,14,1.7656750008886264,0.45497473539031635,57.14285714285714,16,2.826324736681618,2.510257330586549,56.25,8,4.0549052000904275,5.680155951511888,62.5,0,,,,2,16.547941852086325,16.547941852086325,100.0,38,5.756589381867216,5.423446041361215,78.94736842105263,0,,,,6,7.386488238081529,4.522531855790957,83.33333333333334
TYL,60,1255,-1.9711,12.4353,-26.8418,22.8996,41,2.153787933376811,3.0534674751063293,58.536585365853654,2,22.810218032263048,22.810218032263048,100.0,14,-3.4275676063012637,-7.826433398318654,42.857142857142854,16,-1.3724628564702401,-1.649779392245452,43.75,8,4.852268908654163,4.1916020006216295,62.5,0,,,,2,22.810218032263048,22.810218032263048,100.0,38,6.90098161768077,6.576330913126585,68.42105263157895,0,,,,6,11.709124189546765,7.877893652903994,83.33333333333334
UAL,10,1255,1.605,17.0779,-32.5507,35.7607,32,11.480099360814762,9.76825665354615,100.0,3,21.383994606043824,21.15760806870613,100.0,13,10.698172408199119,9.313357336558333,100.0,10,8.304415551559016,6.450014989725267,100.0,10,12.1939200981688,11.92717592928811,100.0,0,,,,3,21.383994606043824,21.15760806870613,100.0,35,9.76368772945395,7.8039428240505355,100.0,2,4.195017482634458,4.195017482634458,100.0,14,11.011982412471431,9.707994088925442,100.0
UAL,20,1255,1.605,17.0779,-32.5507,35.7607,32,11.782894654507633,9.559483868631986,81.25,3,31.929101708919376,34.194116520892926,100.0,13,14.188573459570689,13.110987732424533,84.61538461538461,10,6.763577555378485,5.381450847345835,70.0,10,11.539367507357301,14.38734831987675,70.0,0,,,,3,31.929101708919376,34.194116520892926,100.0,35,6.725976523716188,4.897768080624414,82.85714285714286,2,3.703060732160697,3.703060732160697,100.0,14,9.018732636054299,8.32723538916141,92.85714285714286
UAL,30,1255,1.605,17.0779,-32.5507,35.7607,32,12.507776126582698,10.744824220852607,75.0,3,32.50609071764661,30.596615918625954,100.0,13,17.74317584845272,10.60957123282398,92.3076923076923,10,8.33632361850822,9.95902621755003,60.0,10,13.851053276277748,15.263046786797092,70.0,0,,,,3,32.50609071764661,30.596615918625954,100.0,35,7.294168156527102,7.826441325249797,74.28571428571429,2,6.009690944918734,6.009690944918734,50.0,14,7.464134348069792,7.245835106009887,78.57142857142857
UAL,60,1255,1.605,17.0779,-32.5507,35.7607,32,17.593239890035733,18.440934909525062,71.875,3,38.99309869663997,44.45235691217012,100.0,13,27.31849385514047,20.846394037783547,84.61538461538461,10,9.208758128158077,18.119874346910606,60.0,10,29.729244168844417,24.11324712431795,90.0,0,,,,3,38.99309869663997,44.45235691217012,100.0,35,6.2894061130107515,11.290021491650464,65.71428571428571,2,27.58569570872995,27.58569570872995,100.0,14,1.345299610492958,7.113546397513995,64.28571428571429
UBER,10,1255,0.6615,16.1461,-31.6307,32.9537,34,10.894826371867554,9.552490977425947,100.0,3,12.57012424421709,11.935596373246968,100.0,9,12.960417653170074,11.935596373246968,100.0,19,9.940350095957015,8.436918052110634,100.0,7,16.971769496118885,16.188527970056484,100.0,0,,,,3,12.57012424421709,11.935596373246968,100.0,34,8.62495260957712,7.965876296115066,100.0,1,0.44231553391232614,0.44231553391232614,100.0,8,12.97078327296963,13.31619833031221,100.0
UBER,20,1255,0.6615,16.1461,-31.6307,32.9537,34,10.106614692622509,9.294443602337584,76.47058823529412,3,15.403462212604852,14.613889600493412,100.0,9,15.101403796861613,14.613889600493412,100.0,19,9.33945046674612,9.023982859136847,68.42105263157895,7,15.436929149249876,22.93091647124062,71.42857142857143,0,,,,3,15.403462212604852,14.613889600493412,100.0,34,8.638520982843772,8.313532220052,85.29411764705883,1,6.536429210860568,6.536429210860568,100.0,8,15.976371656336907,16.913089592108648,100.0
UBER,30,1255,0.6615,16.1461,-31.6307,32.9537,34,12.691663687476776,10.3850272306926,76.47058823529412,3,26.890575618212395,18.305913889049855,100.0,9,17.01162495551257,11.112958449525756,77.77777777777779,19,11.117740576219504,9.657096011859442,73.68421052631578,7,23.858960453414433,24.452803264358067,85.71428571428571,0,,,,3,26.890575618212395,18.305913889049855,100.0,34,9.040741890482552,10.288911474856555,85.29411764705883,1,6.130971742462235,6.130971742462235,100.0,8,17.886156795242396,15.949887868921504,100.0
UBER,60,1255,0.6615,16.1461,-31.6307,32.9537,34,15.21890373468744,15.842667460204844,67.64705882352942,3,15.4461235008822,31.42717787341247,66.66666666666666,9,11.751650354343214,19.38929198633507,55.55555555555556,19,19.351251768077876,17.40200620085604,73.68421052631578,7,28.338403432817767,26.024592134203534,85.71428571428571,0,,,,3,15.4461235008822,31.42717787341247,66.66666666666666,34,8.493648435886872,11.408536181059397,70.58823529411765,1,18.884387347147296,18.884387347147296,100.0,8,17.96525735211832,19.768487811946756,87.5
UDR,10,1255,-1.5386,8.1355,-17.8096,14.7324,36,5.14222053985575,5.023699880321935,100.0,6,6.7412265667027285,6.511971757194251,100.0,12,6.175362899413262,6.039063246389464,100.0,14,4.66658554080455,4.328373680671275,100.0,6,6.850103803714812,6.819550128411296,100.0,0,,,,5,6.163073277413342,6.2081990195166705,100.0,35,4.900947525481406,4.574183421618062,100.0,1,4.5406228894872935,4.5406228894872935,100.0,15,5.3359788993026855,4.793972226342715,100.0
UDR,20,1255,-1.5386,8.1355,-17.8096,14.7324,36,4.878689607280813,5.93361671946467,80.55555555555556,6,5.076330456273789,6.434726776234502,83.33333333333334,12,4.9266391565861545,6.434726776234502,75.0,14,5.561363653817281,5.87135053743294,92.85714285714286,6,6.514317065276129,6.597138574804484,83.33333333333334,0,,,,5,3.7426585105477437,6.335554863273238,80.0,35,4.382992863425512,4.067437760336373,80.0,1,6.333438121278805,6.333438121278805,100.0,15,6.0010897186690775,6.173133350724229,86.66666666666667
UDR,30,1255,-1.5386,8.1355,-17.8096,14.7324,36,5.2383657622939275,6.329682691531751,77.77777777777779,6,8.784323698960932,7.171840642402222,83.33333333333334,12,6.80058275418924,6.083743765928006,75.0,14,6.40878856304189,6.778554401683609,85.71428571428571,6,6.597193969970038,8.779261741838972,83.33333333333334,0,,,,5,8.878297931270732,6.029228747392496,80.0,35,4.309556701678125,3.770482242878691,74.28571428571429,1,6.012078825868343,6.012078825868343,100.0,15,5.133337689898634,7.203280488674256,80.0
UDR,60,1255,-1.5386,8.1355,-17.8096,14.7324,36,3.673397363080437,5.615310206560705,63.888888888888886,6,9.138358844258788,12.06053678339013,83.33333333333334,12,7.773975523556092,9.810194551682025,83.33333333333334,14,4.42965108237121,3.411387911689819,64.28571428571429,6,-3.2460408245064407,-3.066780306841851,33.33333333333333,0,,,,5,13.516327584435682,14.32619850056431,100.0,35,4.560610941552779,5.0439707316144045,65.71428571428571,1,3.8268097079698147,3.8268097079698147,100.0,15,4.704511328236615,7.123550276315127,66.66666666666666
UHS,10,1255,0.6753,12.6358,-24.5963,25.9468,32,8.240124148919367,7.204936823207052,100.0,1,11.479016428261897,11.479016428261897,100.0,12,9.136347967358352,8.42373659626989,100.0,18,7.256548754097859,6.562225861256556,100.0,6,4.0380557887901345,2.667413928854495,100.0,0,,,,1,11.479016428261897,11.479016428261897,100.0,32,6.667979941283487,6.293732071061751,100.0,1,2.3361523125435912,2.3361523125435912,100.0,10,7.783167867184777,7.661791136252136,100.0
UHS,20,1255,0.6753,12.6358,-24.5963,25.9468,32,7.020118088544164,8.537635182837382,62.5,1,11.09007288960825,11.09007288960825,100.0,12,10.222522863276836,10.595716835900921,75.0,18,4.158202852042904,3.554573068406937,50.0,6,-0.7766761468003045,-1.2638321586008037,33.33333333333333,0,,,,1,11.09007288960825,11.09007288960825,100.0,32,7.087911059561298,7.941417292113313,87.5,1,4.619643720334918,4.619643720334918,100.0,10,6.693445159133887,7.941417292113313,100.0
UHS,30,1255,0.6753,12.6358,-24.5963,25.9468,32,8.785621714485341,8.210826744459741,71.875,1,5.505145992389327,5.505145992389327,100.0,12,12.835216208975153,10.016681191075612,91.66666666666666,18,5.477041270298881,4.080599209453566,55.55555555555556,6,-0.35443407602317717,-6.090539270672053,33.33333333333333,0,,,,1,5.505145992389327,5.505145992389327,100.0,32,5.613803179456628,6.0240650634705375,71.875,1,2.2374564395642214,2.2374564395642214,100.0,10,5.151652001052904,6.476655477119426,60.0
UHS,60,1255,0.6753,12.6358,-24.5963,25.9468,32,9.445360146327726,6.047893660567282,68.75,1,-8.633112486269743,-8.633112486269743,0.0,12,18.11734672480291,8.699633345025672,83.33333333333334,18,2.0502729163542264,-0.3970741904500762,50.0,6,-3.239765181947275,-7.492427603461664,33.33333333333333,0,,,,1,-8.633112486269743,-8.633112486269743,0.0,32,3.326516782142301,4.578817774362067,59.375,1,15.414568538381603,15.414568538381603,100.0,10,-3.903990784489644,-2.713731585391476,40.0
ULTA,10,1255,1.5613,12.1166,-22.6718,25.7944,31,8.835186771059334,6.768413808762502,100.0,5,10.24951348040185,11.715333097906466,100.0,11,10.012065347251628,10.33046496580438,100.0,16,9.25108960296508,7.255192975998318,100.0,11,11.641069182554377,9.910029083288357,100.0,0,,,,4,8.370292103283777,7.390436936191788,100.0,31,6.260121293007921,6.053222418251332,100.0,0,,,,4,6.572321115895583,6.552975196254701,100.0
ULTA,20,1255,1.5613,12.1166,-22.6718,25.7944,31,8.796017902943857,9.555387543750633,83.87096774193549,5,10.568832357627297,12.872455505833196,100.0,11,9.248283630165053,10.282280681284787,81.81818181818183,16,8.100594793776704,8.580719828710244,87.5,11,11.898302034473346,12.872455505833196,100.0,0,,,,4,9.992926570575822,10.06442121403908,100.0,31,5.21069340822291,3.7644289536375655,74.19354838709677,0,,,,4,3.4237430382449494,-1.2069020143841749,50.0
ULTA,30,1255,1.5613,12.1166,-22.6718,25.7944,31,10.384415723957755,9.600463428837333,83.87096774193549,5,12.006283261639899,17.059162751429206,80.0,11,10.984337153665727,11.506085539682905,72.72727272727273,16,10.214627645553087,9.894297487778474,93.75,11,12.915302710813087,11.506085539682905,100.0,0,,,,4,9.50653344722731,11.170884393655829,75.0,31,5.139638015257977,4.464143514898294,67.74193548387096,0,,,,4,2.5819357790907116,4.832748133789952,75.0
ULTA,60,1255,1.5613,12.1166,-22.6718,25.7944,31,12.349505629286709,10.82486944351108,83.87096774193549,5,14.221301057959957,2.877910894315867,80.0,11,13.777917584716613,2.877910894315867,72.72727272727273,16,9.710659914188827,8.349670220650601,87.5,11,16.953192184705767,11.760442547904237,90.9090909090909,0,,,,4,5.545729455793039,2.306896164627481,75.0,31,3.713851306609038,4.140831870601369,58.06451612903226,0,,,,4,-1.6543856310858236,2.6444797676795733,50.0
UNH,10,1255,-2.0685,14.1245,-30.3175,26.1805,37,5.881095974229995,4.429535778409003,100.0,3,13.413044758544258,10.04557404922345,100.0,6,10.23858782394833,7.2710439587412665,100.0,22,5.18143419492809,4.518980572649029,100.0,10,6.001063791709933,5.199241199953343,100.0,0,,,,2,18.95221275181948,18.95221275181948,100.0,37,6.044913015054371,4.30870949852022,100.0,0,,,,9,7.777490987489639,3.8459220741000064,100.0
UNH,20,1255,-2.0685,14.1245,-30.3175,26.1805,37,7.06853815372165,6.858539842661392,78.37837837837837,3,13.144283290323648,14.281031544763204,66.66666666666666,6,12.262756510334112,13.336062247105382,83.33333333333334,22,5.75557765006962,6.591631714759275,77.27272727272727,10,6.24909867685078,5.9255647104103275,80.0,0,,,,2,22.302224402601,22.302224402601,100.0,37,6.442015852706684,4.890558723427736,78.37837837837837,0,,,,9,9.017155602497489,4.956423323491998,77.77777777777779
UNH,30,1255,-2.0685,14.1245,-30.3175,26.1805,37,6.996906335273492,6.288852521500271,78.37837837837837,3,15.077947660829627,14.519647096485752,66.66666666666666,6,14.669758218738371,14.347530108222811,83.33333333333334,22,4.363865874817734,4.670472427498381,72.72727272727273,10,6.805343939594719,5.527435145115771,80.0,0,,,,2,30.87819808663636,30.87819808663636,100.0,37,7.185238860562234,5.688733012464199,78.37837837837837,0,,,,9,11.576329710067576,7.70311092511464,88.88888888888889
UNH,60,1255,-2.0685,14.1245,-30.3175,26.1805,37,6.582830418065981,5.231229993111278,67.56756756756756,3,21.746907285800287,14.329251643723634,66.66666666666666,6,8.994065467262782,9.268874085110117,66.66666666666666,22,3.1640921285438925,2.603786312789362,59.09090909090909,10,4.73744805580428,4.7198632598039385,60.0,0,,,,2,25.455735106838613,25.455735106838613,50.0,37,4.856391230058138,1.6463756221080823,59.45945945945946,0,,,,9,2.6276457682709786,-5.6746996854263605,33.33333333333333
UNP,10,1255,0.8567,6.4349,-12.0132,13.7265,38,4.538618098633993,3.6285700226757465,100.0,5,5.171621482585999,5.5264747536218515,100.0,15,5.98025992319589,5.5264747536218515,100.0,11,3.5916540683892575,3.5056667543608118,100.0,7,3.2693549082246847,3.074162149075947,100.0,0,,,,5,5.171621482585999,5.5264747536218515,100.0,35,4.572553673518197,4.077422208071121,100.0,1,3.6764560911955892,3.6764560911955892,100.0,12,4.6482544167498565,4.064864803436645,100.0
UNP,20,1255,0.8567,6.4349,-12.0132,13.7265,38,4.824329247052051,4.98306072643093,76.31578947368422,5,7.0684773386673525,5.061751008750503,80.0,15,6.857744267236224,5.668827462635335,80.0,11,2.6982338007797497,3.0794610149721544,63.63636363636363,7,3.50696188387774,4.738705927699298,71.42857142857143,0,,,,5,7.0684773386673525,5.061751008750503,80.0,35,4.690192537013445,4.155636587206763,91.42857142857143,1,6.247889827955955,6.247889827955955,100.0,12,5.547647422523828,5.74588166670431,91.66666666666666
UNP,30,1255,0.8567,6.4349,-12.0132,13.7265,38,6.275313071983228,6.322638264362045,84.21052631578947,5,9.081896274405464,7.774277017442515,80.0,15,8.87605979669873,7.774277017442515,93.33333333333333,11,4.866285801642668,4.413217128548046,81.81818181818183,7,3.8959864122450907,2.5026659267657916,85.71428571428571,0,,,,5,9.081896274405464,7.774277017442515,80.0,35,4.759071238407231,5.05476392329443,77.14285714285715,1,11.007435105280914,11.007435105280914,100.0,12,5.14732634272487,5.540647734563009,75.0
UNP,60,1255,0.8567,6.4349,-12.0132,13.7265,38,6.04323232912501,6.238170922174241,71.05263157894737,5,8.413360595104962,13.044004549138478,80.0,15,9.008453997152458,10.309646383334767,86.66666666666667,11,4.112763497293648,6.312153791816254,72.72727272727273,7,9.183226787107941,6.312153791816254,100.0,0,,,,5,8.413360595104962,13.044004549138478,80.0,35,3.8325640188864027,2.9763406426964356,80.0,1,11.108866628258026,11.108866628258026,100.0,12,2.9267670246456685,2.6651289381224554,83.33333333333334
UPS,10,1255,-3.2324,8.5508,-20.3339,13.8691,33,5.432887292724848,5.034454114709785,100.0,4,6.474503696786033,5.72633094560868,100.0,15,5.6458607001280585,5.195448797936758,100.0,12,6.7705542858974885,5.590259662803199,100.0,3,4.5423688232062185,2.5799642517434926,100.0,0,,,,5,6.121614152954033,5.697651393648466,100.0,36,5.7489978090849005,4.894020042900805,100.0,0,,,,10,4.761203492465858,2.9700055033974273,100.0
UPS,20,1255,-3.2324,8.5508,-20.3339,13.8691,33,6.351836488203675,5.433531705455216,93.93939393939394,4,5.861339886912106,4.500245563084156,100.0,15,6.917854489892872,5.433531705455216,93.33333333333333,12,4.841054658387086,5.8008870658238925,91.66666666666666,3,4.106606125226927,4.963702039389309,100.0,0,,,,5,5.775778250620728,5.433531705455216,100.0,36,6.349739446760846,7.122024189004991,80.55555555555556,0,,,,10,3.955096111613378,5.155369836353639,80.0
UPS,30,1255,-3.2324,8.5508,-20.3339,13.8691,33,6.879291406938401,7.496291461538202,78.78787878787878,4,10.16945646545733,8.897792577218253,100.0,15,9.25918565986971,8.5082168006757,93.33333333333333,12,3.2684360160513193,4.091855228600114,58.333333333333336,3,4.415700539718716,5.665924946972989,66.66666666666666,0,,,,5,8.397514687829673,7.496291461538202,100.0,36,6.6775439905017855,6.80615596919708,80.55555555555556,0,,,,10,4.0736785135352,2.226665065366893,80.0
UPS,60,1255,-3.2324,8.5508,-20.3339,13.8691,33,5.19090168091604,6.094607492208105,57.57575757575758,4,11.779065988139763,15.68008862731251,75.0,15,12.512406084154511,12.463021594510344,86.66666666666667,12,-3.7400384911704108,-3.098728788771451,25.0,3,11.210280831450243,6.968734773187131,100.0,0,,,,5,10.939216145745444,11.520076528461017,80.0,36,6.995586504894436,7.756765754549166,80.55555555555556,0,,,,10,-2.0799476118564186,-3.3160415462197745,40.0
URI,10,1255,2.8192,13.2906,-23.7619,29.4003,36,8.02744038806636,6.9304517332288444,100.0,3,6.994289196565602,6.752551758913376,100.0,12,8.302721786857033,6.822341875388485,100.0,25,7.171862006575729,6.892131991863594,100.0,10,7.545316824649558,6.495365345461272,100.0,0,,,,3,6.994289196565602,6.752551758913376,100.0,33,8.24652264796116,6.614278957911159,100.0,0,,,,5,11.332835432684924,11.463883599454945,100.0
URI,20,1255,2.8192,13.2906,-23.7619,29.4003,36,8.630936640035866,10.055338176401067,80.55555555555556,3,10.664002687278106,16.303443942763163,66.66666666666666,12,8.352398866931145,11.183598101805035,75.0,25,8.488335113823839,9.40408768310242,84.0,10,5.9371973860275755,5.2194778658678,70.0,0,,,,3,10.664002687278106,16.303443942763163,66.66666666666666,33,6.31899571847767,6.012858055856422,75.75757575757575,0,,,,5,11.499187717424116,9.822627064497707,100.0
URI,30,1255,2.8192,13.2906,-23.7619,29.4003,36,10.774395715457349,12.346844307891779,72.22222222222221,3,23.384508007811096,26.37778247562588,100.0,12,14.139720998007904,16.854276750270397,75.0,25,9.408452948104657,10.385044587109729,68.0,10,5.770382359089819,1.1677013174902389,70.0,0,,,,3,23.384508007811096,26.37778247562588,100.0,33,6.138841282489458,7.233553587558814,66.66666666666666,0,,,,5,7.477761929461488,6.329787350197408,80.0
URI,60,1255,2.8192,13.2906,-23.7619,29.4003,36,15.701395205422763,15.573157627533345,72.22222222222221,3,28.990067372734647,25.262896138583656,100.0,12,19.833129391619746,18.801694546246857,83.33333333333334,25,14.93332196066897,14.896105692222198,68.0,10,15.597959640045252,15.165214348017146,80.0,0,,,,3,28.990067372734647,25.262896138583656,100.0,33,5.391241006198222,6.870588896895969,66.66666666666666,0,,,,5,12.046774575713249,11.589235750697977,60.0
USB,10,1255,0.0458,11.3081,-22.5704,22.662,35,6.312812071783242,6.581262196438835,100.0,3,7.891787566477255,8.543949855369675,100.0,12,7.189280451051424,7.865499918787473,100.0,13,5.287474262330084,3.87931771514242,100.0,10,6.307835860843133,6.113213210579657,100.0,0,,,,3,7.891787566477255,8.543949855369675,100.0,37,5.336671383231653,4.673486487863748,100.0,0,,,,10,6.865452669153498,6.8014735416236665,100.0
USB,20,1255,0.0458,11.3081,-22.5704,22.662,35,6.5398559081535295,5.6034589218723845,82.85714285714286,3,11.616335710992596,11.924685024517332,100.0,12,8.293177600299286,9.46587646981548,83.33333333333334,13,4.645745535257815,4.5052969294387,76.92307692307693,10,4.798543800163437,5.054377925655542,80.0,0,,,,3,11.616335710992596,11.924685024517332,100.0,37,4.356170219777726,6.895881622519829,78.37837837837837,0,,,,10,5.364658116782855,7.228342403923587,90.0
USB,30,1255,0.0458,11.3081,-22.5704,22.662,35,8.026765820458039,6.480869283825617,77.14285714285715,3,11.69663777536291,15.94794651731867,100.0,12,9.903520087642788,6.796656707541956,75.0,13,4.64428112397003,5.5211973859583825,76.92307692307693,10,7.733190164966636,4.167793795957131,70.0,0,,,,3,11.69663777536291,15.94794651731867,100.0,37,4.741763171274275,4.172753741258348,64.86486486486487,0,,,,10,6.588583075079542,3.810145848479287,80.0
USB,60,1255,0.0458,11.3081,-22.5704,22.662,35,8.48878852145027,7.557722677646598,80.0,3,24.31643763848702,32.71383034717616,100.0,12,12.562694725823109,5.741367763652036,91.66666666666666,13,5.157191287381756,9.708950427117799,76.92307692307693,10,13.625920225422936,11.049962285541852,90.0,0,,,,3,24.31643763848702,32.71383034717616,100.0,37,3.1110480100960896,3.0217976743524004,59.45945945945946,0,,,,10,4.143137282965935,4.860335354150678,70.0
V,10,1255,1.5884,6.1312,-10.6741,13.8508,35,4.984040533095855,3.74795898958923,100.0,5,8.27316543294653,7.749440009051478,100.0,14,5.854526795739345,3.6454084226599788,100.0,23,4.459718760654794,3.6751271625442845,100.0,7,5.02143166180914,5.304488819174129,100.0,2,6.553908302099233,6.553908302099233,100.0,5,8.27316543294653,7.749440009051478,100.0,38,4.084497561404629,3.4711693256004788,100.0,1,8.521961235708327,8.521961235708327,100.0,4,4.125412506041973,3.4011952984484113,100.0
V,20,1255,1.5884,6.1312,-10.6741,13.8508,35,5.670227560387846,4.817074942296207,82.85714285714286,5,14.558342741456348,14.57196114906073,100.0,14,8.632728491752932,8.419322854937356,92.85714285714286,23,3.9357739862940604,3.2932232463463342,73.91304347826086,7,5.907354128370905,3.2932232463463342,85.71428571428571,2,10.479044218478332,10.479044218478332,100.0,5,14.558342741456348,14.57196114906073,100.0,38,3.3868034415606783,3.461660782193501,81.57894736842105,1,5.475447086464675,5.475447086464675,100.0,4,1.0552980974956518,1.7878282626550033,50.0
V,30,1255,1.5884,6.1312,-10.6741,13.8508,35,5.142538566355603,3.047695509032374,77.14285714285715,5,10.848690887864665,13.062703522598301,100.0,14,5.951931757297227,5.462452320474418,71.42857142857143,23,3.0912283081696343,1.63542963124242,69.56521739130434,7,7.211250436764886,8.15336610520457,85.71428571428571,2,6.208887271664278,6.208887271664278,100.0,5,10.848690887864665,13.062703522598301,100.0,38,3.3216054680058584,3.682029520635571,68.42105263157895,1,8.080831798549308,8.080831798549308,100.0,4,-1.2918852856234913,-1.7819908933159874,25.0
V,60,1255,1.5884,6.1312,-10.6741,13.8508,35,6.343365671186734,5.804633187828783,71.42857142857143,5,11.426799600244596,10.817470625286477,100.0,14,7.177342558779144,6.938555573699463,78.57142857142857,23,4.504183950155161,4.136471409764321,69.56521739130434,7,7.862401433278644,8.49386433996048,85.71428571428571,2,8.31105190655763,8.31105190655763,100.0,5,11.426799600244596,10.817470625286477,100.0,38,1.6846962712399562,1.9116553871280597,63.1578947368421,1,0.775629989037035,0.775629989037035,100.0,4,-0.9184963153182215,-4.211189062465828,25.0
VICI,10,1255,0.7618,5.6196,-10.4775,12.0011,35,4.869697168588121,4.386600649411259,100.0,5,4.267511843025715,3.626137693728292,100.0,20,5.191812569021866,4.544237036104027,100.0,19,5.009080314135673,4.525328879304579,100.0,10,5.180959846937329,4.60940254140081,100.0,1,4.563145192903474,4.563145192903474,100.0,5,4.267511843025715,3.626137693728292,100.0,39,4.037277164931448,4.538485522549613,100.0,2,3.561788259698927,3.561788259698927,100.0,5,3.2348872918252227,2.0226208057972324,100.0
VICI,20,1255,0.7618,5.6196,-10.4775,12.0011,35,4.696571596166782,4.791003478046233,77.14285714285715,5,6.651013838208503,6.168032770490266,100.0,20,5.902997727804932,5.5203272705582815,90.0,19,4.054339343772529,3.1086521223582824,68.42105263157895,10,3.7254285716132807,3.250937623807437,70.0,1,4.174045302665801,4.174045302665801,100.0,5,6.651013838208503,6.168032770490266,100.0,39,3.1840457792258494,3.376642492303151,74.35897435897436,2,5.300300902408391,5.300300902408391,100.0,5,0.5775117302034747,-2.0781949030777462,40.0
VICI,30,1255,0.7618,5.6196,-10.4775,12.0011,35,5.507399432973535,5.203653693035211,82.85714285714286,5,9.202601640678036,7.522122888775586,100.0,20,6.840448086915029,6.670607440505092,85.0,19,4.742107368547173,3.5077749671447167,73.68421052631578,10,2.55796491933166,2.763451063544049,70.0,1,5.836585449231827,5.836585449231827,100.0,5,9.202601640678036,7.522122888775586,100.0,39,3.9521750945708787,4.543936469943604,76.92307692307693,2,7.619027859489511,7.619027859489511,100.0,5,1.4438056543910331,1.54983841511625,60.0
VICI,60,1255,0.7618,5.6196,-10.4775,12.0011,35,6.967248129610587,5.666843968136359,77.14285714285715,5,9.682160410769493,8.797546974461667,100.0,20,9.646749809914887,9.444583341288485,90.0,19,6.847680238923643,6.154370408319405,63.1578947368421,10,3.709562647700161,2.5541693429792627,50.0,1,14.764254167509499,14.764254167509499,100.0,5,9.682160410769493,8.797546974461667,100.0,39,2.4674489308102996,2.3122423873935065,64.1025641025641,2,7.496882631554854,7.496882631554854,100.0,5,-2.352953243142003,-0.8101502563263631,40.0
VLO,10,1255,4.732,10.8054,-16.8787,26.3427,32,7.472804838938068,7.044095960361564,100.0,5,7.270917240304094,6.940856798699523,100.0,14,7.643354373696998,7.044095960361564,100.0,19,8.221336378997426,8.662418685280814,100.0,7,7.630487011885814,6.940856798699523,100.0,1,13.249555482549285,13.249555482549285,100.0,5,7.270917240304094,6.940856798699523,100.0,29,7.816979837906316,6.657055163457562,100.0,2,13.022149595997542,13.022149595997542,100.0,5,3.3567333767596024,3.816650364765202,100.0
VLO,20,1255,4.732,10.8054,-16.8787,26.3427,32,10.730643428033869,11.320641335126341,87.5,5,16.221845936264465,13.993688410445534,100.0,14,11.62926718414777,10.442348912350859,100.0,19,10.761399606812532,11.22720326777203,84.21052631578947,7,9.251439506821283,5.724208285226554,85.71428571428571,1,32.00531706429193,32.00531706429193,100.0,5,16.221845936264465,13.993688410445534,100.0,29,7.508518904001953,9.907663692001083,79.3103448275862,2,9.231921656355187,9.231921656355187,50.0,5,6.151365636862502,9.907663692001083,80.0
VLO,30,1255,4.732,10.8054,-16.8787,26.3427,32,12.678194206068786,13.903664315226177,81.25,5,18.98896531184021,14.163791432564624,100.0,14,12.91354910777076,12.602174840357957,85.71428571428571,19,14.078048567925736,14.069498887608306,84.21052631578947,7,10.626182443842367,10.503913751661106,71.42857142857143,1,34.62049284762891,34.62049284762891,100.0,5,18.98896531184021,14.163791432564624,100.0,29,6.686516522395788,8.638496490624949,79.3103448275862,2,18.657307507241608,18.657307507241608,100.0,5,2.4703023630125585,2.78413632317597,80.0
VLO,60,1255,4.732,10.8054,-16.8787,26.3427,32,17.495200241739198,17.14649727696661,84.375,5,24.768830176289224,25.224909827374116,100.0,14,16.568846581110563,16.736445368459076,92.85714285714286,19,16.900653968479833,17.350732150544513,84.21052631578947,7,14.405016499756256,19.5857468112227,71.42857142857143,1,25.38032284427439,25.38032284427439,100.0,5,24.768830176289224,25.224909827374116,100.0,29,2.6546704280820896,6.29088403908577,65.51724137931035,2,19.09822308835033,19.09822308835033,100.0,5,-0.043066634221229805,2.52317536517515,60.0
VLTO,10,630,1.6659,7.4553,-13.2447,16.5765,16,3.5269480802652247,3.543895910594079,100.0,1,6.129856998190427,6.129856998190427,100.0,6,3.8934203774281877,3.9106641287889454,100.0,7,2.8409997340337267,3.0345805506947583,100.0,4,2.9743425458791832,2.9093884756170634,100.0,0,,,,1,6.129856998190427,6.129856998190427,100.0,16,3.466406770507364,2.6588844389033865,100.0,0,,,,5,3.4097602276445906,3.6363603085067537,100.0
VLTO,20,630,1.6659,7.4553,-13.2447,16.5765,16,4.23256600702142,4.0859795702289885,75.0,1,12.62305737371025,12.62305737371025,100.0,6,3.127009095048095,2.812753312598616,66.66666666666666,7,6.198796749140958,4.961121022800649,85.71428571428571,4,1.2246242223254957,1.5361161382170132,50.0,0,,,,1,12.62305737371025,12.62305737371025,100.0,16,3.612205313788392,3.0259162190922293,93.75,0,,,,5,3.7417626530913184,2.8812765148730524,100.0
VLTO,30,630,1.6659,7.4553,-13.2447,16.5765,16,4.124235262474167,2.72720523439451,68.75,1,17.7801016369368,17.7801016369368,100.0,6,4.038313355639944,2.643817832661184,83.33333333333334,7,5.817290482255106,6.825193349554095,71.42857142857143,4,0.6876770384811005,1.5740695393649244,75.0,0,,,,1,17.7801016369368,17.7801016369368,100.0,16,3.3418967151809387,3.896871346873383,68.75,0,,,,5,6.887541331926977,4.017300267930183,100.0
VLTO,60,630,1.6659,7.4553,-13.2447,16.5765,16,3.031840672943437,1.153113201938447,56.25,1,20.524978295820443,20.524978295820443,100.0,6,0.2695176128192074,-1.7280302985974163,33.33333333333333,7,6.614827846812259,2.455288070395186,71.42857142857143,4,-3.9098512449913763,-1.4268073050970003,50.0,0,,,,1,20.524978295820443,20.524978295820443,100.0,16,2.7821934811423934,4.415009426899065,68.75,0,,,,5,7.7918118985918,9.801585920253302,100.0
VMC,10,1255,2.0602,8.2468,-14.4333,18.5537,32,5.925137986719734,5.991782681807413,100.0,4,4.822740265636849,4.854307524330882,100.0,12,6.347116084459276,6.8426182661778086,100.0,20,5.568936610207697,6.260394386261062,100.0,11,5.708985334300261,6.545735775304153,100.0,1,6.202069341138983,6.202069341138983,100.0,3,3.7738388890976537,3.5065457075227813,100.0,36,4.67469974193528,4.11875249396128,100.0,1,0.7673864754385014,0.7673864754385014,100.0,6,6.969081165892959,7.36916687725943,100.0
VMC,20,1255,2.0602,8.2468,-14.4333,18.5537,32,6.414107422288938,6.457053542854672,81.25,4,8.559657913686046,7.362801755497763,100.0,12,7.6224392041898055,6.634692075831344,91.66666666666666,20,5.0209927268520165,5.7090839519500785,75.0,11,3.1893971250215363,4.686715215856874,63.63636363636363,1,4.686715215856874,4.686715215856874,100.0,3,5.6215998055957614,4.686715215856874,100.0,36,3.6489500477236336,2.565628217465197,66.66666666666666,1,2.1912637499690018,2.1912637499690018,100.0,6,3.5652815749187354,0.867771556583424,66.66666666666666
VMC,30,1255,2.0602,8.2468,-14.4333,18.5537,32,8.628126692445164,9.369676923311747,84.375,4,9.941697001092384,12.845948024604338,75.0,12,10.046139401508404,11.18311131563864,91.66666666666666,20,5.537556717188834,4.735054227330884,80.0,11,4.246613426559858,4.130910842702516,81.81818181818183,1,6.242897289542942,6.242897289542942,100.0,3,6.772596414901268,6.242897289542942,66.66666666666666,36,3.5246158477665572,3.765829945715674,72.22222222222221,1,0.1374970996435842,0.1374970996435842,100.0,6,4.465480146012079,3.929605113040583,66.66666666666666
VMC,60,1255,2.0602,8.2468,-14.4333,18.5537,32,9.935231101165792,13.366926153923085,71.875,4,15.79104783696284,16.786251727810757,100.0,12,15.32644459059101,15.672589572026958,91.66666666666666,20,7.316230405275142,6.222753974159886,65.0,11,7.0965963445639515,2.4756626085503424,63.63636363636363,1,20.42044420473208,20.42044420473208,100.0,3,15.02172773831564,15.47349532271708,100.0,36,1.9336975273219545,5.614748953845462,61.111111111111114,1,10.514103762405552,10.514103762405552,100.0,6,-2.168797850467689,-4.005856417526178,33.33333333333333
VRSK,10,1255,-0.0303,9.4297,-18.8896,18.829,30,4.700886057179707,3.841022157373004,96.66666666666667,5,4.588702947100638,5.033937943412151,100.0,8,4.300925225321228,4.11505486891164,100.0,17,4.545402123152854,3.48429219344442,94.11764705882352,5,5.866607075677827,6.018325513058713,100.0,1,5.033937943412151,5.033937943412151,100.0,5,4.588702947100638,5.033937943412151,100.0,33,4.223351540761038,3.5299902766816604,100.0,0,,,,9,5.465430171573138,4.248782045441706,100.0
VRSK,20,1255,-0.0303,9.4297,-18.8896,18.829,30,5.620218372125953,5.283030140690577,83.33333333333334,5,6.321001605431524,7.6394214591108165,60.0,8,4.148004131067106,3.0636965407405885,62.5,17,5.503753374400625,5.067034372767598,82.35294117647058,5,5.5807655955201145,8.629923478315032,80.0,1,19.522359985290635,19.522359985290635,100.0,5,6.321001605431524,7.6394214591108165,60.0,33,4.902544946439026,4.098983214648247,78.78787878787878,0,,,,9,7.72729287675112,5.792703015399454,88.88888888888889
VRSK,30,1255,-0.0303,9.4297,-18.8896,18.829,30,6.0532004489086875,5.766209489747263,83.33333333333334,5,8.334914201474845,5.493906244557886,80.0,8,4.548444837105132,3.3253872555488044,62.5,17,5.9849693177077405,6.762014350667997,82.35294117647058,5,3.985619029341102,6.076136064333601,60.0,1,22.261863850570716,22.261863850570716,100.0,5,8.334914201474845,5.493906244557886,80.0,33,4.649817395557017,2.665594995537268,69.6969696969697,0,,,,9,7.691037781852568,7.9315693317758065,100.0
VRSK,60,1255,-0.0303,9.4297,-18.8896,18.829,30,6.365076449043655,7.890419824891758,73.33333333333333,5,7.306393883844112,4.196701661904058,60.0,8,3.255183830706975,0.37611329385328984,50.0,17,5.240399253446503,7.848194744901918,76.47058823529412,5,5.170042051747602,10.879144575562151,80.0,1,-3.444475074197478,-3.444475074197478,0.0,5,7.306393883844112,4.196701661904058,60.0,33,4.598245225264227,3.5683784619101746,69.6969696969697,0,,,,9,7.2875536080007395,5.438233630450092,66.66666666666666
VRSN,10,1255,-0.049,9.8454,-19.7398,19.6419,31,5.3540448179979,4.90885030933884,100.0,2,10.047726445977387,10.047726445977387,100.0,8,5.995901477923339,5.648488954017584,100.0,14,5.387238493520032,4.9850572173240435,100.0,9,4.304263834712294,3.276824666056471,100.0,0,,,,4,7.282170126287937,8.363182841163972,100.0,30,4.2563374133163245,3.676432448122856,100.0,2,2.835561451629768,2.835561451629768,100.0,9,5.96982031069928,5.2252760279623836,100.0
VRSN,20,1255,-0.049,9.8454,-19.7398,19.6419,31,6.777337065650842,7.071603257316737,93.54838709677419,2,4.259232800242784,4.259232800242784,50.0,8,4.724383953950966,4.153815340262131,87.5,14,7.399035194990527,7.151112013116816,100.0,9,6.299445662844298,7.2306207689168955,88.88888888888889,0,,,,4,5.326608761866326,6.393984723489869,75.0,30,4.377090620132038,3.4804424549560746,73.33333333333333,2,-3.21653250911357,-3.21653250911357,50.0,9,4.692883711615047,3.8837575480069706,88.88888888888889
VRSN,30,1255,-0.049,9.8454,-19.7398,19.6419,31,6.88049656769968,5.155701616047121,83.87096774193549,2,14.24619168413891,14.24619168413891,100.0,8,5.421598076072116,5.12830444444406,87.5,14,7.558062454113009,8.587485924530007,78.57142857142857,9,5.781238320176158,5.155701616047121,88.88888888888889,0,,,,4,9.892829148141274,5.53946661214364,100.0,30,3.5937248580119427,2.6212167904702355,73.33333333333333,2,-4.09165069574169,-4.09165069574169,50.0,9,3.0550897867676223,2.606329251649394,88.88888888888889
VRSN,60,1255,-0.049,9.8454,-19.7398,19.6419,31,8.055477805833805,7.551180632667408,74.19354838709677,2,19.968003786367728,19.968003786367728,100.0,8,4.025774296664935,6.378072325600999,62.5,14,6.340198300617737,6.429815824116913,57.14285714285714,9,2.5225959559472417,3.0580234677464975,66.66666666666666,0,,,,4,14.647755710867123,12.65689361914577,100.0,30,4.9874226563738215,4.688392561858368,70.0,2,-3.476650561234045,-3.476650561234045,50.0,9,1.8072916966092984,0.08242841058584528,55.55555555555556
VRT,10,1255,5.6207,27.5228,-49.425,60.6664,33,15.691936829412805,15.827132821995523,100.0,5,14.874263805716614,13.735047330885722,100.0,7,14.911584857171997,13.987767596015019,100.0,21,15.352159260313835,15.827132821995523,100.0,8,17.05056869711313,18.671006319729507,100.0,0,,,,5,14.874263805716614,13.735047330885722,100.0,33,12.456799900906882,10.975602956539984,100.0,0,,,,3,17.62054527404379,17.74475523012027,100.0
VRT,20,1255,5.6207,27.5228,-49.425,60.6664,33,17.078738848193105,16.437250257442606,81.81818181818183,5,26.703562085984515,38.92943435147668,80.0,7,16.06518208422397,11.7970676625786,71.42857142857143,21,15.249844427256681,15.874825951111662,85.71428571428571,8,7.25131850390661,14.117158960010602,62.5,0,,,,5,26.703562085984515,38.92943435147668,80.0,33,9.16977010643999,9.891588865997068,72.72727272727273,0,,,,3,15.989136917736952,16.17132845180402,100.0
VRT,30,1255,5.6207,27.5228,-49.425,60.6664,33,21.908817354822403,18.01015101909113,78.78787878787878,5,31.88900571639124,30.049758610989752,60.0,7,22.380210940496134,30.049758610989752,57.14285714285714,21,18.424429251872414,13.667376307599021,85.71428571428571,8,17.292043787748053,21.951027255302392,62.5,0,,,,5,31.88900571639124,30.049758610989752,60.0,33,7.358703768236941,7.390109388698368,60.60606060606061,0,,,,3,28.211419720603743,26.66082635523548,100.0
VRT,60,1255,5.6207,27.5228,-49.425,60.6664,33,32.12042997461053,32.74117710091113,84.84848484848484,5,40.739474321590336,27.661701668644866,100.0,7,32.524639879762525,27.661701668644866,85.71428571428571,21,30.37517136286911,32.74117710091113,85.71428571428571,8,44.08055490497934,48.15422094445332,87.5,0,,,,5,40.739474321590336,27.661701668644866,100.0,33,-0.1408995551016877,-5.969411300942803,39.39393939393939,0,,,,3,15.265776435817216,13.844983051328667,66.66666666666666
VRTX,10,1255,3.1654,7.7766,-12.3879,18.7187,34,5.934435551100281,4.958034129595475,100.0,5,5.239009182542832,4.745499924270666,100.0,15,7.2998603583398225,6.1568032221275475,100.0,28,5.43387823565643,4.347190056673661,100.0,9,5.925842399803489,6.1568032221275475,100.0,1,0.35383933651104577,0.35383933651104577,100.0,5,5.239009182542832,4.745499924270666,100.0,36,5.1260758856046325,4.478154715960621,100.0,2,7.340694159362462,7.340694159362462,100.0,2,9.513787779299108,9.513787779299108,100.0
VRTX,20,1255,3.1654,7.7766,-12.3879,18.7187,34,6.353235593289613,6.5001625477595795,82.35294117647058,5,5.7439950953244905,7.832703329999386,80.0,15,8.836846307536694,8.936199052654592,86.66666666666667,28,5.5423445679564765,5.017753947989753,78.57142857142857,9,6.903879895461937,7.832703329999386,77.77777777777779,1,-2.7274130271076764,-2.7274130271076764,0.0,5,5.7439950953244905,7.832703329999386,80.0,36,4.020629647737796,3.225743482744136,72.22222222222221,2,12.132533815986195,12.132533815986195,100.0,2,4.055100275954624,4.055100275954624,50.0
VRTX,30,1255,3.1654,7.7766,-12.3879,18.7187,34,7.922069430940871,7.153783416333219,88.23529411764706,5,10.712204309173524,8.773697469731871,100.0,15,11.5121640877887,10.721683767811644,93.33333333333333,28,7.094245998662276,7.153783416333219,85.71428571428571,9,5.1100462358013665,4.103879494344282,66.66666666666666,1,8.773697469731871,8.773697469731871,100.0,5,10.712204309173524,8.773697469731871,100.0,36,2.1520465616754585,1.4526839574099948,58.333333333333336,2,4.361186070120314,4.361186070120314,100.0,2,-1.6093942848622853,-1.6093942848622853,50.0
VRTX,60,1255,3.1654,7.7766,-12.3879,18.7187,34,11.319283695996106,12.485074690062735,88.23529411764706,5,19.609831399846527,18.788171282198547,100.0,15,14.732939628697185,17.041870871624774,86.66666666666667,28,9.058354423848,9.128374951459264,85.71428571428571,9,9.798986566243732,13.667333952455591,77.77777777777779,1,8.74270539383502,8.74270539383502,100.0,5,19.609831399846527,18.788171282198547,100.0,36,-0.5498125288330481,-1.4532807428265109,41.66666666666667,2,-3.716557698557589,-3.716557698557589,50.0,2,-15.991865871598158,-15.991865871598158,0.0
VST,10,1255,8.6423,14.5809,-20.5194,37.8041,30,11.927550197271005,8.965502952409611,100.0,3,13.177578322927921,8.616293315459433,100.0,11,13.783529057140235,8.83588725921726,100.0,22,13.471056661303045,9.943581702506066,100.0,7,10.683760673180624,9.27439746971483,100.0,1,24.595068988980582,24.595068988980582,100.0,3,13.177578322927921,8.616293315459433,100.0,32,6.867066163659932,5.3076814194975555,100.0,3,7.774297829672392,5.23805674920955,100.0,1,6.868003450346456,6.868003450346456,100.0
VST,20,1255,8.6423,14.5809,-20.5194,37.8041,30,13.456937854162105,8.202807713287953,83.33333333333334,3,12.313937350783158,-0.6308162808330163,33.33333333333333,11,19.342907866991503,11.684227430394504,81.81818181818183,22,14.621864177155798,8.492692528513828,81.81818181818183,7,8.504867278831224,6.225511037936972,85.71428571428571,1,-5.18254625168252,-5.18254625168252,0.0,3,12.313937350783158,-0.6308162808330163,33.33333333333333,32,5.2956819263381085,4.289870240719747,75.0,3,16.138484401664325,15.865310948948524,100.0,1,6.909383179593968,6.909383179593968,100.0
VST,30,1255,8.6423,14.5809,-20.5194,37.8041,30,13.092797811214382,11.071138341402225,80.0,3,25.277484040602516,11.420975688893483,100.0,11,21.10404052188484,15.324968750658332,90.9090909090909,22,13.074497184727152,11.5803058627222,81.81818181818183,7,10.688653326002191,14.714288710018272,85.71428571428571,1,3.995420324046754,3.995420324046754,100.0,3,25.277484040602516,11.420975688893483,100.0,32,2.203515593281147,2.153171681505891,62.5,3,4.199177169082518,1.785763929521126,66.66666666666666,1,4.964824754288243,4.964824754288243,100.0
VST,60,1255,8.6423,14.5809,-20.5194,37.8041,30,20.36208229967997,12.341861025961009,80.0,3,50.85919471697471,59.45101948769652,100.0,11,39.07479352229956,15.755808037794758,100.0,22,20.725644218063763,13.658259351508086,72.72727272727273,7,30.49158493611214,24.215347356749344,100.0,1,59.45101948769652,59.45101948769652,100.0,3,50.85919471697471,59.45101948769652,100.0,32,-4.032292401835553,-4.972953060629232,46.875,3,10.382255278033677,9.55896811445248,100.0,1,-4.50665195240689,-4.50665195240689,0.0
VTR,10,1255,2.3034,9.1215,-15.9396,20.5464,35,5.167573159408062,5.108113034552041,100.0,3,11.42388345422647,10.127626594737361,100.0,11,7.053317236475593,6.462944125370165,100.0,21,3.772937185221584,3.041297033526902,100.0,10,4.7800650917029435,5.110280270285312,100.0,0,,,,3,11.42388345422647,10.127626594737361,100.0,32,3.7333779608212576,3.2894419531245522,100.0,0,,,,6,4.928856321242539,3.3886804222928655,100.0
VTR,20,1255,2.3034,9.1215,-15.9396,20.5464,35,7.072102673432116,6.658655229764906,88.57142857142857,3,21.034724567500575,24.972986169823177,100.0,11,11.53078288244315,9.479433383435975,100.0,21,4.0932005071639095,4.310080017663441,80.95238095238095,10,7.4695968205191665,6.809113618280449,100.0,0,,,,3,21.034724567500575,24.972986169823177,100.0,32,4.098571589300738,2.839808999825748,78.125,0,,,,6,3.658926348844535,-0.1995372415456268,50.0
VTR,30,1255,2.3034,9.1215,-15.9396,20.5464,35,8.82629645228035,11.187696075796731,82.85714285714286,3,20.0291473350879,20.675685999422452,100.0,11,13.222273751430242,15.055974945661047,90.9090909090909,21,5.731243552283987,4.4339824866723525,76.19047619047619,10,10.082770523991964,10.877623300404563,100.0,0,,,,3,20.0291473350879,20.675685999422452,100.0,32,3.4381225770511272,3.4498931363493877,65.625,0,,,,6,1.0760054995586736,-5.2084740983861,33.33333333333333
VTR,60,1255,2.3034,9.1215,-15.9396,20.5464,35,10.22485620518693,11.732331068519589,71.42857142857143,3,32.595810096504216,37.54051855177213,100.0,11,15.0255875018035,19.23246923584192,81.81818181818183,21,6.617096565195528,9.837645666658737,66.66666666666666,10,10.027727926550384,9.949304628548955,90.0,0,,,,3,32.595810096504216,37.54051855177213,100.0,32,0.46478845633323296,0.9946495023875876,50.0,0,,,,6,-5.068258688206193,-5.94363469475437,33.33333333333333
VTRS,10,1255,-0.7604,13.4957,-27.7518,26.2311,31,6.357440458705453,4.903069738815943,100.0,3,13.895838722840123,11.98346851788177,100.0,12,7.192081572682593,5.617694429205652,100.0,10,7.709258398470965,5.049317580400761,100.0,7,6.679582764997795,4.903069738815943,100.0,1,11.111086570101929,11.111086570101929,100.0,3,13.895838722840123,11.98346851788177,100.0,37,5.197943783423859,3.8872549065802944,100.0,0,,,,9,3.9059233368666053,3.5353539579117235,100.0
VTRS,20,1255,-0.7604,13.4957,-27.7518,26.2311,31,7.089719999461587,7.8795419899468016,83.87096774193549,3,16.459340536296875,19.506779600020447,100.0,12,9.701100198504884,9.87649834556752,83.33333333333334,10,5.550558770286605,4.7910813353082595,70.0,7,6.5453755682012105,4.891307055403712,85.71428571428571,1,9.072348690438147,9.072348690438147,100.0,3,16.459340536296875,19.506779600020447,100.0,37,6.094535583376864,5.4833866735295524,83.78378378378379,0,,,,9,2.802474306629959,2.6286920544555863,77.77777777777779
VTRS,30,1255,-0.7604,13.4957,-27.7518,26.2311,31,7.215984745773064,6.533198160817154,83.87096774193549,3,9.447521691932096,7.627173230109846,100.0,12,10.828076539148903,9.483071053606507,91.66666666666666,10,4.908422171096993,3.6910156571369703,80.0,7,6.223588150094768,4.892936037127395,85.71428571428571,1,4.892936037127395,4.892936037127395,100.0,3,9.447521691932096,7.627173230109846,100.0,37,6.057892487444806,5.736883128606637,75.67567567567568,0,,,,9,1.5105844191572126,1.2460862841347287,66.66666666666666
VTRS,60,1255,-0.7604,13.4957,-27.7518,26.2311,31,11.153916433996073,12.182380386518103,77.41935483870968,3,16.69710040850543,22.13910311575365,66.66666666666666,12,11.708894761147311,13.470155197441507,75.0,10,6.592453139758797,5.934299055836635,80.0,7,18.885205999079172,17.868927827491888,100.0,1,22.13910311575365,22.13910311575365,100.0,3,16.69710040850543,22.13910311575365,66.66666666666666,37,2.9823927334892,-0.093900179303845,48.64864864864865,0,,,,9,-4.307048158065637,-3.5425137749089814,33.33333333333333
VZ,10,1255,0.1583,7.5745,-14.9908,15.3073,34,4.07666781486209,3.846719695007774,100.0,2,6.837307040589027,6.837307040589027,100.0,9,5.066753823460477,5.346574494463038,100.0,14,4.585663201150745,4.094395671051828,100.0,10,4.2190627049059115,4.025037163734393,100.0,0,,,,2,6.837307040589027,6.837307040589027,100.0,39,3.8026935342151122,3.2597979183064894,100.0,1,4.471631133773626,4.471631133773626,100.0,14,4.756127886486017,3.631849440362897,100.0
VZ,20,1255,0.1583,7.5745,-14.9908,15.3073,34,4.944006773528339,4.690946333373857,88.23529411764706,2,7.8637617685602965,7.8637617685602965,100.0,9,9.128353317962386,8.763804809445041,100.0,14,3.909293691534804,4.128388822715455,85.71428571428571,10,6.524982636896401,6.261989588241766,90.0,0,,,,2,7.8637617685602965,7.8637617685602965,100.0,39,3.812077944128844,3.4088380867115706,82.05128205128204,1,5.389501908693603,5.389501908693603,100.0,14,5.599907737622126,4.614422163921576,85.71428571428571
VZ,30,1255,0.1583,7.5745,-14.9908,15.3073,34,5.0360006734568685,4.3491969270875686,82.35294117647058,2,5.754497962791431,5.754497962791431,100.0,9,8.550162565972586,6.643346171671373,100.0,14,4.803925350796112,3.9605359230143673,78.57142857142857,10,5.268383515429948,5.875478765989476,90.0,0,,,,2,5.754497962791431,5.754497962791431,100.0,39,3.3761666558131513,2.676576587517577,74.35897435897436,1,7.060486919115179,7.060486919115179,100.0,14,6.1129878797593955,7.099554959981558,85.71428571428571
VZ,60,1255,0.1583,7.5745,-14.9908,15.3073,34,5.027856430711748,3.9161302193468996,70.58823529411765,2,9.106959447556303,9.106959447556303,100.0,9,8.96721767318405,5.0413659335818615,88.88888888888889,14,3.4978577080143043,3.7401415656642696,71.42857142857143,10,3.350969827252957,2.723000333669404,60.0,0,,,,2,9.106959447556303,9.106959447556303,100.0,39,2.698106919305986,2.7086968046249718,69.23076923076923,1,4.120470014391748,4.120470014391748,100.0,14,8.42686328441951,6.466955743876052,85.71428571428571
WAB,10,1255,5.0213,7.0354,-9.0496,19.0922,34,6.396937365758002,6.4196589146019285,100.0,4,10.095415484673804,10.593800364823913,100.0,19,6.866522712743458,6.953950172928032,100.0,26,5.8989580519377025,5.561981986547515,100.0,8,6.692489802742028,7.528128143954534,100.0,1,7.61253348164062,7.61253348164062,100.0,5,9.040693809762256,7.61253348164062,100.0,34,5.328845642372874,4.424242552108765,100.0,0,,,,2,6.1665210481418695,6.1665210481418695,100.0
WAB,20,1255,5.0213,7.0354,-9.0496,19.0922,34,7.485939129272123,7.224184016335677,85.29411764705883,4,8.510776862378075,11.833106617197085,75.0,19,8.35454775997379,7.998741627934372,84.21052631578947,26,6.262601258593212,6.6084038238520275,84.61538461538461,8,4.581342373863155,6.035049588633283,75.0,1,-8.02280181096848,-8.02280181096848,0.0,5,8.88363530321502,10.3750690665628,80.0,34,2.936228962823588,3.0243656790872357,61.76470588235294,0,,,,2,3.0385182005650835,3.0385182005650835,50.0
WAB,30,1255,5.0213,7.0354,-9.0496,19.0922,34,8.745289211677925,7.830059515241288,85.29411764705883,4,14.28860158406409,16.975776098242598,75.0,19,11.533181417746361,8.84521977097691,94.73684210526315,26,6.566361827801951,5.277914416333882,80.76923076923077,8,5.6465560505773125,6.3236685544924605,75.0,1,-2.1310553657783227,-2.1310553657783227,0.0,5,11.657985556950592,16.17048939923111,80.0,34,2.794898638383273,2.8994209023403528,67.64705882352942,0,,,,2,0.034882949772962135,0.034882949772962135,50.0
WAB,60,1255,5.0213,7.0354,-9.0496,19.0922,34,11.644437565429934,10.896502319215614,79.41176470588235,4,16.640564807846545,13.215853106645383,100.0,19,14.414532096725203,13.532295867645777,89.47368421052632,26,9.799385724668882,10.55195948534435,76.92307692307693,8,8.78550928810423,9.212002469235188,75.0,1,16.351063657822547,16.351063657822547,100.0,5,15.392219384321162,10.398837690219619,100.0,34,0.27176733657229024,-0.8493435441197127,47.05882352941176,0,,,,2,-4.562356051265192,-4.562356051265192,50.0
WAT,10,1255,-0.9806,10.3517,-21.684,19.7229,34,6.608628155359911,4.991649880627209,100.0,3,4.145468415477343,4.196081316712059,100.0,13,5.929429680144784,4.74325622171208,100.0,18,8.083220375861409,7.071853438594834,100.0,6,5.66263945826728,5.757228700287394,100.0,0,,,,3,3.7351473647933857,1.395296678507406,100.0,35,6.1873392470550534,5.110440853216311,100.0,1,4.052940532889529,4.052940532889529,100.0,9,6.19578389648967,5.110440853216311,100.0
WAT,20,1255,-0.9806,10.3517,-21.684,19.7229,34,7.668292605303911,6.840492413648468,91.17647058823529,3,5.458433278573248,5.716463442627186,100.0,13,9.894486874874003,10.256498741778532,100.0,18,9.654214370413223,9.689128526271006,94.44444444444444,6,13.159368934033466,12.664970303099386,100.0,0,,,,3,9.10507357542327,12.268044928112461,100.0,35,5.407739852328515,5.040081361298206,80.0,1,6.716929606510851,6.716929606510851,100.0,9,6.339726395180571,4.5899627658427855,77.77777777777779
WAT,30,1255,-0.9806,10.3517,-21.684,19.7229,34,7.162104165427802,6.554423461637084,73.52941176470588,3,10.176154932656702,10.319747780547276,100.0,13,12.503928378403723,12.88550745752199,92.3076923076923,18,8.71914563110182,8.845634415826657,83.33333333333334,6,10.86434497684602,8.935698425493158,83.33333333333334,0,,,,3,13.756302076389616,12.88550745752199,100.0,35,5.593546034248812,6.263090675611309,71.42857142857143,1,3.827509627639542,3.827509627639542,100.0,9,7.9104977138913135,7.508420671579688,77.77777777777779
WAT,60,1255,-0.9806,10.3517,-21.684,19.7229,34,7.295500650250858,6.150650234161189,64.70588235294117,3,17.068758523934154,18.277359339981267,100.0,13,16.28566798277701,18.277359339981267,84.61538461538461,18,8.974282633784822,7.154006563119043,72.22222222222221,6,9.352153050833275,10.163928042730396,66.66666666666666,0,,,,3,19.842128485642736,18.277359339981267,100.0,35,5.7727508425568175,7.841564014243617,71.42857142857143,1,20.904644147396038,20.904644147396038,100.0,9,6.531459881849949,7.936916314417017,77.77777777777779
WBD,10,1255,-3.4719,21.5724,-46.6167,39.6729,32,11.850116083094875,11.506441411895516,100.0,2,3.581527845758245,3.581527845758245,100.0,11,11.103008317925925,4.562267585972685,100.0,10,14.485666915436259,11.852305430598499,100.0,4,12.067741579096843,8.177460360857236,100.0,0,,,,2,3.581527845758245,3.581527845758245,100.0,38,11.400726454352878,10.595220904936486,100.0,2,6.8534743967880445,6.8534743967880445,100.0,19,12.085424697504171,10.51402486081759,100.0
WBD,20,1255,-3.4719,21.5724,-46.6167,39.6729,32,9.729613396219754,7.394101533712213,81.25,2,6.209206312496345,6.209206312496345,50.0,11,16.045207507547516,11.313398646588578,90.9090909090909,10,6.231512469925621,5.4208934530707875,80.0,4,6.191897875770581,4.995334167382302,100.0,0,,,,2,6.209206312496345,6.209206312496345,50.0,38,9.050602017073652,9.601652721916583,81.57894736842105,2,0.07678757805864223,0.07678757805864223,50.0,19,11.209876921376374,15.961982309732283,84.21052631578947
WBD,30,1255,-3.4719,21.5724,-46.6167,39.6729,32,10.833056338782994,4.011078081972904,65.625,2,-5.103494627417445,-5.103494627417445,50.0,11,9.095163736760632,3.8724390731009826,72.72727272727273,10,18.989869372410162,16.376194960837097,80.0,4,3.953941897942432,6.42385048925704,50.0,0,,,,2,-5.103494627417445,-5.103494627417445,50.0,38,10.456312410552368,9.990844657618146,81.57894736842105,2,-4.081195129323357,-4.081195129323357,50.0,19,13.063099395755739,13.708816842503552,84.21052631578947
WBD,60,1255,-3.4719,21.5724,-46.6167,39.6729,32,12.720690103299468,4.36673683887683,59.375,2,-13.06108243492595,-13.06108243492595,0.0,11,15.09149766193027,12.907612348760505,63.63636363636363,10,22.527746646731345,7.532263421518716,60.0,4,7.0437238959390776,7.532263421518716,75.0,0,,,,2,-13.06108243492595,-13.06108243492595,0.0,38,10.833312857780333,16.82120723590176,81.57894736842105,2,-15.399035397398029,-15.399035397398029,50.0,19,17.74708176852561,20.285504716890216,89.47368421052632
WDAY,10,1255,-3.5004,16.4473,-36.395,29.3941,36,6.795490631313657,6.943847109706775,100.0,2,5.166183927106429,5.166183927106429,100.0,5,6.953164553220645,7.958274860835749,100.0,12,6.894890505894477,6.012320892113394,100.0,7,5.4065568700349695,4.9863772361410685,100.0,0,,,,2,5.166183927106429,5.166183927106429,100.0,37,6.737166490949232,5.287110740735406,100.0,0,,,,15,6.493442982350018,4.966010110787865,100.0
WDAY,20,1255,-3.5004,16.4473,-36.395,29.3941,36,6.890396404448809,6.906214415661951,80.55555555555556,2,15.225326950879818,15.225326950879818,100.0,5,14.58561325418628,12.260961543917098,100.0,12,3.509771316849976,5.0057614646681055,83.33333333333334,7,0.40023291930073385,1.6230243297782603,57.14285714285714,0,,,,2,15.225326950879818,15.225326950879818,100.0,37,7.36880807023182,8.165346133542215,86.48648648648648,0,,,,15,9.378355731226797,8.165346133542215,100.0
WDAY,30,1255,-3.5004,16.4473,-36.395,29.3941,36,7.620664879310733,8.112076309541498,72.22222222222221,2,16.713632017265432,16.713632017265432,100.0,5,15.748405222110595,14.428803207247315,100.0,12,4.187089279740883,1.7875802221629549,58.333333333333336,7,1.9904997701173899,1.5152878438694402,71.42857142857143,0,,,,2,16.713632017265432,16.713632017265432,100.0,37,7.015282804087641,7.961565273660209,81.08108108108108,0,,,,15,7.56300851541161,6.702195888028998,80.0
WDAY,60,1255,-3.5004,16.4473,-36.395,29.3941,36,6.34600968014339,6.660367994212985,66.66666666666666,2,13.611110943673424,13.611110943673424,100.0,5,8.496869161985865,14.605409471599454,80.0,12,0.9194476707276934,1.8977459041353502,58.333333333333336,7,2.4229944841594144,-5.9268300126238564,42.857142857142854,0,,,,2,13.611110943673424,13.611110943673424,100.0,37,9.68547362402832,5.790451799083217,70.27027027027027,0,,,,15,10.514065515903617,3.147802949032899,66.66666666666666
WDC,10,1255,4.7982,19.9228,-35.0473,44.6437,31,11.644101185543267,10.114057760779573,100.0,2,13.41057918632529,13.41057918632529,100.0,14,11.251182409231776,9.569917040983341,100.0,11,12.865322065320719,10.421634589478131,100.0,3,12.919108638045058,15.47307588999911,100.0,0,,,,2,13.41057918632529,13.41057918632529,100.0,34,7.616220790028056,6.7111904120412,100.0,1,13.368159100577556,13.368159100577556,100.0,15,8.297109709191169,8.399891881243867,100.0
WDC,20,1255,4.7982,19.9228,-35.0473,44.6437,31,15.124739483270663,12.990644021398381,96.7741935483871,2,27.07909553268658,27.07909553268658,100.0,14,12.395635736772618,9.177418026766386,92.85714285714286,11,14.62374187905245,13.729159190462356,90.9090909090909,3,11.729686059340906,11.306665585359095,100.0,0,,,,2,27.07909553268658,27.07909553268658,100.0,34,5.9784244950316525,5.2990845133131526,73.52941176470588,1,2.6080125398018477,2.6080125398018477,100.0,15,9.452190183266367,7.975558760740184,100.0
WDC,30,1255,4.7982,19.9228,-35.0473,44.6437,31,15.42878930449144,13.317683097430669,80.64516129032258,2,41.6930735095029,41.6930735095029,100.0,14,15.565200850996892,11.584920871714324,78.57142857142857,11,17.39348962967006,13.520063521701905,90.9090909090909,3,10.496572474075426,17.279997837384858,66.66666666666666,0,,,,2,41.6930735095029,41.6930735095029,100.0,34,5.49108829901949,1.7516427695743817,58.82352941176471,1,-2.3954378525536715,-2.3954378525536715,0.0,15,11.553386841642489,14.278125772752666,80.0
WDC,60,1255,4.7982,19.9228,-35.0473,44.6437,31,22.34031057147507,16.550818878890063,77.41935483870968,2,55.42501265488923,55.42501265488923,50.0,14,17.20048805373026,13.988584264711742,71.42857142857143,11,32.031310456724746,33.51880704077097,81.81818181818183,3,22.379380216177733,16.106661981000524,66.66666666666666,0,,,,2,55.42501265488923,55.42501265488923,50.0,34,0.09720038323198482,4.7627418169393785,55.88235294117647,1,-62.32762617653819,-62.32762617653819,0.0,15,12.457718380462994,10.039627542778488,73.33333333333333
WEC,10,1255,1.5501,5.2467,-8.9434,12.0435,36,4.3983232923274995,4.706224536787938,100.0,3,7.125080168603443,7.1141671860372195,100.0,17,5.216805147915055,4.825604203131763,100.0,15,4.585771301516001,4.825604203131763,100.0,9,5.664314545155871,5.927049781746279,100.0,0,,,,3,7.125080168603443,7.1141671860372195,100.0,33,3.8940735141542824,3.6470947539620338,100.0,1,4.286423205736354,4.286423205736354,100.0,9,4.346331846210082,3.5949801485339155,100.0
WEC,20,1255,1.5501,5.2467,-8.9434,12.0435,36,4.674880367351945,5.348668014711593,83.33333333333334,3,3.732950366408168,5.932769389480886,66.66666666666666,17,4.869486404375735,5.636943421308685,94.11764705882352,15,5.514860426283269,6.373628441834642,86.66666666666667,9,9.077921201475755,9.580029630420901,100.0,0,,,,3,3.732950366408168,5.932769389480886,66.66666666666666,33,4.204141221249866,4.007321357909902,87.87878787878788,1,1.0263129873287153,1.0263129873287153,100.0,9,3.85200639409496,4.761354198895927,88.88888888888889
WEC,30,1255,1.5501,5.2467,-8.9434,12.0435,36,5.6501255645799215,5.386731061838147,86.11111111111111,3,8.670789563979106,4.061460096199807,100.0,17,6.169152402036856,5.178247673320872,88.23529411764706,15,5.717619053356142,6.757043632162081,86.66666666666667,9,11.987121169716474,13.361459667624247,100.0,0,,,,3,8.670789563979106,4.061460096199807,100.0,33,3.975109597064788,3.419424158099401,75.75757575757575,1,-0.6707290367039754,-0.6707290367039754,0.0,9,3.4106365997153834,1.8781437775741718,77.77777777777779
WEC,60,1255,1.5501,5.2467,-8.9434,12.0435,36,6.934815673834696,5.8780965859310825,86.11111111111111,3,9.975968141919646,9.396931395694919,100.0,17,6.127129435225969,5.342960904713324,76.47058823529412,15,7.324920067810485,6.7501143910927475,93.33333333333333,9,14.668169097211624,16.72421263910201,100.0,0,,,,3,9.975968141919646,9.396931395694919,100.0,33,2.0873003615995316,1.9620040365801907,63.63636363636363,1,0.6121601883718173,0.6121601883718173,100.0,9,1.8679029770235411,1.6294594995630056,66.66666666666666
WELL,10,1255,4.3235,8.1012,-11.8789,20.5259,36,5.103356499287296,5.1415297766173795,100.0,2,3.8534433998154087,3.8534433998154087,100.0,7,5.634397055056824,6.042501442361763,100.0,30,5.353180623614601,5.1415297766173795,100.0,8,6.776804250513486,7.696296674818492,100.0,1,7.46285697882384,7.46285697882384,100.0,2,3.8534433998154087,3.8534433998154087,100.0,37,4.399420742408481,3.3536051627929164,100.0,0,,,,3,10.51040727885044,9.510389992912248,100.0
WELL,20,1255,4.3235,8.1012,-11.8789,20.5259,36,6.121070015946945,6.494289434480873,91.66666666666666,2,5.275362823334236,5.275362823334236,100.0,7,7.902911568014927,7.129163620119034,100.0,30,6.312018344630636,6.233182027077913,96.66666666666667,8,6.808794132234199,6.323380694559903,100.0,1,3.421562026549438,3.421562026549438,100.0,2,5.275362823334236,5.275362823334236,100.0,37,3.0334729952636694,1.34908541810927,64.86486486486487,0,,,,3,13.282453900641684,7.343937114256763,100.0
WELL,30,1255,4.3235,8.1012,-11.8789,20.5259,36,8.76621176958404,9.002193894207608,88.88888888888889,2,15.464356910514212,15.464356910514212,100.0,7,12.83825725613669,11.01354127288332,85.71428571428571,30,8.530865398137397,8.538577382700883,90.0,8,10.624528600787656,10.462717833644884,100.0,1,11.01354127288332,11.01354127288332,100.0,2,15.464356910514212,15.464356910514212,100.0,37,2.7062899633583855,1.3096255304141,56.75675675675676,0,,,,3,10.920050038507043,7.047908781374362,66.66666666666666
WELL,60,1255,4.3235,8.1012,-11.8789,20.5259,36,9.766514415523819,9.976389018531256,94.44444444444444,2,9.740142541382506,9.740142541382506,100.0,7,4.85048193434851,9.674038852870176,85.71428571428571,30,9.569932487777368,10.281973681327361,93.33333333333333,8,10.023700842862333,8.896162589871627,100.0,1,0.9545551130853142,0.9545551130853142,100.0,2,9.740142541382506,9.740142541382506,100.0,37,-1.0900080701191706,-4.207190604473344,32.432432432432435,0,,,,3,0.7695666983390735,-4.299710726971567,33.33333333333333
WFC,10,1255,3.077,9.8251,-16.5731,22.7272,35,7.602321240608468,6.809327171083998,100.0,5,7.557244746944304,6.624323082397032,100.0,12,8.050519264555687,8.41946080464448,100.0,21,8.288609366211201,9.016990073329536,100.0,10,7.832097603923366,7.6844641511529295,100.0,0,,,,5,7.557244746944304,6.624323082397032,100.0,37,5.870866425741726,5.020857547857354,100.0,1,7.433748233412817,7.433748233412817,100.0,10,7.813060857235511,6.893663704734973,100.0
WFC,20,1255,3.077,9.8251,-16.5731,22.7272,35,8.573819444898106,11.430507945457007,88.57142857142857,5,10.037955670248847,14.407924593912004,80.0,12,9.767245918058098,11.981950448524138,91.66666666666666,21,8.606960277945102,11.430507945457007,90.47619047619048,10,7.615259751691612,8.065064151915838,80.0,0,,,,5,10.037955670248847,14.407924593912004,80.0,37,4.671409882342376,4.334660717554407,78.37837837837837,1,7.226887267052281,7.226887267052281,100.0,10,5.962481687500434,4.551390135924256,80.0
WFC,30,1255,3.077,9.8251,-16.5731,22.7272,35,10.323818295368657,10.440716727653522,88.57142857142857,5,12.135433508178117,15.736008472621432,80.0,12,13.400865429610512,15.302642849207658,91.66666666666666,21,8.957109289753289,8.027524131228581,85.71428571428571,10,8.660859241561873,6.073746769081097,90.0,0,,,,5,12.135433508178117,15.736008472621432,80.0,37,3.8156985622792337,4.4190840166688545,64.86486486486487,1,8.817071447849537,8.817071447849537,100.0,10,6.405199938768886,8.494586508575205,80.0
WFC,60,1255,3.077,9.8251,-16.5731,22.7272,35,12.984258641911635,12.34566736977279,85.71428571428571,5,18.741008783824128,15.859251399604576,100.0,12,19.956484488674402,23.211050785204066,83.33333333333334,21,11.393292991861138,10.37596704944377,80.95238095238095,10,14.62078149728587,13.517620108735553,90.0,0,,,,5,18.741008783824128,15.859251399604576,100.0,37,-0.06915497653923942,-1.1712979889543393,43.24324324324324,1,0.6755844612231897,0.6755844612231897,100.0,10,-2.7123321848271535,-2.4935881454190403,40.0
WM,10,1255,2.1491,5.7006,-9.2522,13.5503,33,4.464434861910456,4.585392612216303,100.0,3,6.739908731489856,6.671412446338838,100.0,12,5.280119097253364,5.63094201100673,100.0,21,4.59583479208639,4.503330937315737,100.0,10,4.38397139155627,4.399726674772398,100.0,1,6.671412446338838,6.671412446338838,100.0,3,6.739908731489856,6.671412446338838,100.0,36,3.43705788861455,2.9418577593992987,100.0,2,1.9485261463065098,1.9485261463065098,100.0,6,3.6105117071764123,2.9036689398204496,100.0
WM,20,1255,2.1491,5.7006,-9.2522,13.5503,33,4.698775762830812,5.189789045303025,84.84848484848484,3,8.956662184138246,9.030842891904275,100.0,12,6.358255367596272,7.121124978339584,83.33333333333334,21,5.707176102645334,5.577568224484648,90.47619047619048,10,3.7257827633601144,3.6081724269222337,70.0,1,9.669918534906593,9.669918534906593,100.0,3,8.956662184138246,9.030842891904275,100.0,36,2.6398899613821323,1.6242811181940346,72.22222222222221,2,-0.7812119968121966,-0.7812119968121966,50.0,6,3.3830215897627873,4.036170167990686,66.66666666666666
WM,30,1255,2.1491,5.7006,-9.2522,13.5503,33,5.727237542694169,5.838762971036704,81.81818181818183,3,14.288092527172003,15.062371585268657,100.0,12,9.338887208084772,12.155266055352538,91.66666666666666,21,5.506106298484228,6.059728220302712,80.95238095238095,10,5.821922779821711,6.04862553045354,80.0,1,15.062371585268657,15.062371585268657,100.0,3,14.288092527172003,15.062371585268657,100.0,36,2.9058002090145756,2.712758668405452,72.22222222222221,2,0.95810187356472,0.95810187356472,100.0,6,2.1068189084706734,2.7327056281185556,66.66666666666666
WM,60,1255,2.1491,5.7006,-9.2522,13.5503,33,7.335275475098405,6.72255650802986,78.78787878787878,3,15.016505258838677,13.380754036702225,100.0,12,12.518169206477358,12.040039666214874,91.66666666666666,21,5.989514641627856,5.191114419918907,80.95238095238095,10,8.165019243805936,8.523494346849178,90.0,1,9.112836537507917,9.112836537507917,100.0,3,15.016505258838677,13.380754036702225,100.0,36,1.0199735658837907,1.0583438510714736,52.77777777777778,2,-0.10667932685182721,-0.10667932685182721,50.0,6,-3.3282182292721516,-3.7061128411543844,16.666666666666664
WMB,10,1255,5.1212,6.5226,-7.924,18.1664,39,5.289220131130093,4.707135824096333,100.0,5,4.864252704484582,4.770326926930841,100.0,15,6.048962291454993,5.483222558770441,100.0,33,5.4526381561889705,4.707135824096333,100.0,10,5.826625436262254,4.377785706344551,100.0,2,5.383108543762015,5.383108543762015,100.0,5,4.864252704484582,4.770326926930841,100.0,33,4.622651897773828,4.243972448634438,100.0,1,4.83764003893549,4.83764003893549,100.0,2,3.1342348121286854,3.1342348121286854,100.0
WMB,20,1255,5.1212,6.5226,-7.924,18.1664,39,6.3062863997769085,6.558666592928337,84.61538461538461,5,8.17899069229527,8.77604695098419,100.0,15,7.2457886628079216,8.485178925150388,93.33333333333333,33,6.226961015006838,6.558666592928337,81.81818181818183,10,6.499743432417246,6.36190460077928,90.0,2,9.283723896013816,9.283723896013816,100.0,5,8.17899069229527,8.77604695098419,100.0,33,2.7778725819343024,3.357625531750177,60.60606060606061,1,9.684696490496973,9.684696490496973,100.0,2,0.3117913239180723,0.3117913239180723,50.0
WMB,30,1255,5.1212,6.5226,-7.924,18.1664,39,7.7607331493846505,7.279154161799137,92.3076923076923,5,11.778954246574939,10.490933147102094,100.0,15,10.549522561101108,8.705348010533724,93.33333333333333,33,6.891745459947771,6.883192221578733,90.9090909090909,10,12.145772245984102,11.76387741320312,100.0,2,12.950716774617277,12.950716774617277,100.0,5,11.778954246574939,10.490933147102094,100.0,33,2.772220788523106,2.6073985965353197,66.66666666666666,1,6.206489780843231,6.206489780843231,100.0,2,-5.249734483827986,-5.249734483827986,0.0
WMB,60,1255,5.1212,6.5226,-7.924,18.1664,39,10.198820425418672,9.247128055546037,82.05128205128204,5,9.395621008164138,9.820600465816497,80.0,15,11.849375900411713,12.29151023894552,86.66666666666667,33,9.679305291852867,8.43911997582464,78.78787878787878,10,12.899937642397372,12.775767857676058,90.0,2,6.316082117710186,6.316082117710186,50.0,5,9.395621008164138,9.820600465816497,80.0,33,-3.0484662806689604,-1.4849088401605466,45.45454545454545,1,3.015325933048702,3.015325933048702,100.0,2,-11.981428579505767,-11.981428579505767,0.0
WMT,10,1255,4.3934,6.503,-8.6126,17.3993,33,4.784683104539821,3.950647753875151,100.0,5,6.73074286729464,5.2490175389230425,100.0,11,5.254934908137196,4.383726773699016,100.0,29,4.478604915079114,3.8379939429729877,100.0,10,5.788681023282427,3.8943208484240692,100.0,5,6.73074286729464,5.2490175389230425,100.0,5,6.73074286729464,5.2490175389230425,100.0,27,3.8616487198649594,3.704072966971287,100.0,1,3.401905397451383,3.401905397451383,100.0,1,3.704072966971287,3.704072966971287,100.0
WMT,20,1255,4.3934,6.503,-8.6126,17.3993,33,6.666687610471893,6.954708694857381,87.87878787878788,5,9.512794372249491,9.527463371408802,80.0,11,8.110399656902269,9.017356239013463,81.81818181818183,29,6.143309752741245,6.158706597783515,86.20689655172413,10,9.003613725610043,8.87725500351834,90.0,5,9.512794372249491,9.527463371408802,80.0,5,9.512794372249491,9.527463371408802,80.0,27,3.9989725819789252,3.3366341056237667,74.07407407407408,1,4.899472202998385,4.899472202998385,100.0,1,-0.24157031214012936,-0.24157031214012936,0.0
WMT,30,1255,4.3934,6.503,-8.6126,17.3993,33,7.8107188307343725,6.390019045867581,93.93939393939394,5,11.86133793729655,12.164999705505387,100.0,11,10.04127896702303,11.765185280362278,100.0,29,7.8254416813369785,6.295825229654224,93.10344827586206,10,10.423679683527686,12.120092917748853,100.0,5,11.86133793729655,12.164999705505387,100.0,5,11.86133793729655,12.164999705505387,100.0,27,2.880518013466553,1.735872234067095,55.55555555555556,1,1.757731007980876,1.757731007980876,100.0,1,-1.595572839137482,-1.595572839137482,0.0
WMT,60,1255,4.3934,6.503,-8.6126,17.3993,33,11.271930199562137,10.21771501921088,96.96969696969697,5,15.986787853799376,15.921741707811535,100.0,11,13.112945099564978,14.555414002149355,100.0,29,11.395323868715378,10.874526078140452,96.55172413793103,10,15.551902660440103,16.917921470153914,100.0,5,15.986787853799376,15.921741707811535,100.0,5,15.986787853799376,15.921741707811535,100.0,27,-1.6484520323939553,-2.2828705484575083,40.74074074074074,1,3.9464744101142113,3.9464744101142113,100.0,1,-3.9765583433730147,-3.9765583433730147,0.0
WRB,10,1255,3.5814,7.0828,-10.5842,17.7469,35,4.941648320115161,4.40917389364141,100.0,3,3.201844895068143,2.8416946829067795,100.0,10,4.9248368807944285,4.814224161441379,100.0,28,4.922991062135884,4.373560325900449,100.0,9,4.605918498946408,4.40917389364141,100.0,0,,,,3,3.201844895068143,2.8416946829067795,100.0,34,5.10482540043284,4.440272985907312,100.0,2,3.4711568749331647,3.4711568749331647,100.0,2,7.989376782377853,7.989376782377853,100.0
WRB,20,1255,3.5814,7.0828,-10.5842,17.7469,35,5.601502315364944,5.797680411690441,85.71428571428571,3,0.4446857357850093,-0.9588768548230276,33.33333333333333,10,5.609844709623569,5.830717857103062,80.0,28,6.116625288884611,6.148638687736099,89.28571428571429,9,3.345957332564522,3.444226916729993,77.77777777777779,0,,,,3,0.4446857357850093,-0.9588768548230276,33.33333333333333,34,3.1239959080861226,2.5420491834973316,82.35294117647058,2,0.9847826166410913,0.9847826166410913,50.0,2,5.937442351788073,5.937442351788073,100.0
WRB,30,1255,3.5814,7.0828,-10.5842,17.7469,35,5.993003112698625,5.4839855093777565,80.0,3,1.2435723973776567,-0.10460396817586674,33.33333333333333,10,6.365738325057726,6.655934113631036,70.0,28,6.863547881056171,6.259263433803472,85.71428571428571,9,3.6435942772989214,4.070474267312604,66.66666666666666,0,,,,3,1.2435723973776567,-0.10460396817586674,33.33333333333333,34,1.3487437596411438,0.3045800023341583,52.94117647058824,2,-0.6397243179094076,-0.6397243179094076,50.0,2,4.850125622057104,4.850125622057104,100.0
WRB,60,1255,3.5814,7.0828,-10.5842,17.7469,35,7.711786133735235,9.253354956804415,77.14285714285715,3,4.735266529107552,7.105265809638787,66.66666666666666,10,8.55426059572955,10.051073193349435,80.0,28,8.516165472890304,10.331907267476197,82.14285714285714,9,6.8096010878881765,6.7811111392042545,77.77777777777779,0,,,,3,4.735266529107552,7.105265809638787,66.66666666666666,34,-0.07472841266760476,0.08945274509989273,50.0,2,5.656957435422169,5.656957435422169,50.0,2,7.808276527170179,7.808276527170179,100.0
WSM,10,1255,2.4486,14.3542,-26.2598,31.1569,36,9.204803696953677,7.091070664000592,100.0,5,14.011411687140576,13.770453964575925,100.0,15,9.602451700451129,9.59586401075054,100.0,18,9.758013111140134,10.338109339020953,100.0,11,9.001183079247898,4.578643455140006,100.0,3,13.640031833484935,13.770453964575925,100.0,5,14.011411687140576,13.770453964575925,100.0,30,8.117264311011631,7.962854456454331,100.0,1,9.032219085223415,9.032219085223415,100.0,9,8.972780317288647,8.616616924157304,100.0
WSM,20,1255,2.4486,14.3542,-26.2598,31.1569,36,10.670519896028877,9.774364616026533,80.55555555555556,5,11.482520860440117,14.961590532066932,60.0,15,10.118382760897791,11.119109748968741,73.33333333333333,18,10.643783228979437,9.774364616026533,77.77777777777779,11,7.9913941846382155,8.197457015267998,72.72727272727273,3,7.928711849195962,0.0,33.33333333333333,5,11.482520860440117,14.961590532066932,60.0,30,8.035692688667455,9.105637282320263,86.66666666666667,1,10.781812626252371,10.781812626252371,100.0,9,9.26467233778914,9.548549107142858,88.88888888888889
WSM,30,1255,2.4486,14.3542,-26.2598,31.1569,36,12.82273441788386,11.702979735443929,83.33333333333334,5,11.89179799556462,11.974113731008522,80.0,15,11.655928983301607,11.431845739879334,86.66666666666667,18,12.66959926565682,10.186947737946692,83.33333333333334,11,11.231508959273526,9.538693461269855,90.9090909090909,3,7.927151518592306,6.480554816260005,66.66666666666666,5,11.89179799556462,11.974113731008522,80.0,30,6.774336338691237,5.30052902021392,73.33333333333333,1,0.100670093979554,0.100670093979554,100.0,9,6.4829283073187804,3.5613363942220637,66.66666666666666
WSM,60,1255,2.4486,14.3542,-26.2598,31.1569,36,14.513796336773716,9.233690980616602,72.22222222222221,5,12.124035969283346,3.2262523380422765,60.0,15,11.421862935213694,9.593867692688749,73.33333333333333,18,13.400087563891264,4.662911026586586,66.66666666666666,11,14.077166466382597,8.873514268544456,72.72727272727273,3,7.252979864409372,3.2262523380422765,66.66666666666666,5,12.124035969283346,3.2262523380422765,60.0,30,3.9610707733524575,8.586629037067802,66.66666666666666,1,6.889423845956136,6.889423845956136,100.0,9,3.4182692742785346,8.48073757432004,66.66666666666666
WST,10,1255,-3.2358,14.2352,-31.7062,25.2347,34,6.722277944649627,5.688331063049589,100.0,5,9.375095167521462,6.7388965484351875,100.0,12,8.30722026683492,6.421135092209151,100.0,16,6.455690527627293,5.370250733247193,100.0,6,9.129761499652703,8.835947220826373,100.0,1,14.596345876741543,14.596345876741543,100.0,5,9.375095167521462,6.7388965484351875,100.0,37,6.404681391637807,4.463366865801415,100.0,1,1.2641936103700981,1.2641936103700981,100.0,12,6.937413093993439,5.248585738275112,100.0
WST,20,1255,-3.2358,14.2352,-31.7062,25.2347,34,6.281536683826736,6.233221476678348,85.29411764705883,5,10.816932350238718,12.064640444424569,100.0,12,10.473090828702285,10.876922199614642,100.0,16,5.469379790858531,5.339639938015013,81.25,6,7.578744551702378,7.7095671309576685,100.0,1,12.064640444424569,12.064640444424569,100.0,5,10.816932350238718,12.064640444424569,100.0,37,6.993488348372775,4.854917547684423,78.37837837837837,1,5.6108419054494645,5.6108419054494645,100.0,12,6.640724246439326,3.7222603868945265,83.33333333333334
WST,30,1255,-3.2358,14.2352,-31.7062,25.2347,34,7.088359826170701,8.437194056085666,85.29411764705883,5,10.866086210687905,9.856471813765308,100.0,12,10.746107786643208,9.935773084376166,100.0,16,5.743931029003422,8.861664890341697,75.0,6,8.427259911559775,10.27128210174407,100.0,1,9.856471813765308,9.856471813765308,100.0,5,10.866086210687905,9.856471813765308,100.0,37,5.422126628935738,5.65894185637172,72.97297297297297,1,6.883100243405886,6.883100243405886,100.0,12,5.844395434889141,4.396335746486483,75.0
WST,60,1255,-3.2358,14.2352,-31.7062,25.2347,34,6.197028660576051,6.061481609791334,70.58823529411765,5,17.05527100813915,16.444190042462647,100.0,12,13.317208744454765,16.458714094854486,83.33333333333334,16,3.8394959030108855,3.184885246798161,68.75,6,6.170021427744231,5.62392559378309,66.66666666666666,1,16.444190042462647,16.444190042462647,100.0,5,17.05527100813915,16.444190042462647,100.0,37,7.655729653506563,6.254381799862989,67.56756756756756,1,-1.8747803395672316,-1.8747803395672316,0.0,12,6.191533363914904,3.6696869653536286,58.333333333333336
WTW,10,1255,1.4832,6.8051,-12.1271,15.0934,40,4.152132717329676,3.4357647007276615,100.0,3,5.050616676557186,4.944377878113088,100.0,15,5.184606078445983,4.86072507093526,100.0,24,4.54641750210811,3.0938029163225353,100.0,10,3.3029624889566227,2.6896296487908415,100.0,0,,,,3,5.050616676557186,4.944377878113088,100.0,38,4.066831953191965,3.2825524641662,100.0,2,1.4107864108289383,1.4107864108289383,100.0,6,5.261615321688683,5.2194837001926295,100.0
WTW,20,1255,1.4832,6.8051,-12.1271,15.0934,40,4.043899051173278,4.496789660234018,82.5,3,1.3686036470370986,0.8400512670844096,66.66666666666666,15,5.6828582889414845,4.153057553506456,86.66666666666667,24,4.79522219494659,4.864294356587216,83.33333333333334,10,4.261299513862836,4.86612828549918,100.0,0,,,,3,1.3686036470370986,0.8400512670844096,66.66666666666666,38,3.276987549084458,1.9778675205708534,71.05263157894737,2,4.325728809888513,4.325728809888513,100.0,6,2.664967252757115,2.548666100479945,66.66666666666666
WTW,30,1255,1.4832,6.8051,-12.1271,15.0934,40,4.628999349939353,5.529742741146032,85.0,3,5.44290677853041,6.819162838809964,100.0,15,6.386782337376191,5.4159249221802,93.33333333333333,24,5.200282636106146,5.105622162252237,83.33333333333334,10,4.758966668595391,5.042950231926352,90.0,0,,,,3,5.44290677853041,6.819162838809964,100.0,38,3.022117330019852,2.4195002922658464,63.1578947368421,2,6.049143120689353,6.049143120689353,100.0,6,3.953563444529111,3.987231409940777,66.66666666666666
WTW,60,1255,1.4832,6.8051,-12.1271,15.0934,40,5.411197949254021,6.457345415671415,67.5,3,14.057789527923054,10.83061795498164,100.0,15,8.01601651688114,8.548800663412734,80.0,24,6.2154626579532755,7.221588056177373,75.0,10,6.166560753597805,7.610210622869676,90.0,0,,,,3,14.057789527923054,10.83061795498164,100.0,38,1.457892717945888,3.5621300738997217,57.89473684210527,2,8.450937001077142,8.450937001077142,100.0,6,2.97981085700475,3.534253345541101,66.66666666666666
WY,10,1255,-1.1473,7.6992,-16.5458,14.2511,35,5.299180446342153,4.483369410641583,100.0,5,5.787518527856683,4.617250888921473,100.0,12,6.102118889094606,5.1089747396780165,100.0,13,4.570641049992267,3.692385369965397,100.0,7,4.070439892358331,3.3808332355224886,100.0,1,3.692385369965397,3.692385369965397,100.0,5,6.497940545002983,4.740915581007233,100.0,32,5.110923444955366,5.039477458390583,100.0,0,,,,13,4.365699041362914,4.18801190211612,100.0
WY,20,1255,-1.1473,7.6992,-16.5458,14.2511,35,4.575481404627439,4.816712964832078,77.14285714285715,5,10.680739756585428,11.591394846496065,100.0,12,9.071409420233882,10.008362971828248,91.66666666666666,13,-0.19158779876369014,1.7970195088962644,53.84615384615385,7,2.8605062647955117,6.847683344029234,57.14285714285714,1,4.729939424056266,4.729939424056266,100.0,5,10.236772308078752,9.371557603962689,100.0,32,4.52353257255624,5.130764839485286,78.125,0,,,,13,1.4481897234297252,2.3107489222814324,69.23076923076923
WY,30,1255,-1.1473,7.6992,-16.5458,14.2511,35,4.768692366749552,7.2203408529143,77.14285714285715,5,12.51166745313667,12.602977542306215,100.0,12,9.931229134023406,10.950847298294544,91.66666666666666,13,0.829244530583463,0.9869185657926058,53.84615384615385,7,4.530435823024646,7.2203408529143,71.42857142857143,1,12.602977542306215,12.602977542306215,100.0,5,11.869860428491645,11.503135618943663,100.0,32,5.960535181582781,5.564843042175837,78.125,0,,,,13,2.4990996785003006,2.551165408380215,61.53846153846154
WY,60,1255,-1.1473,7.6992,-16.5458,14.2511,35,4.704208134843273,3.4055790611233463,60.0,5,13.60836099218488,14.105407040034931,80.0,12,10.493805063404553,11.314378664932992,83.33333333333334,13,1.2417830406745425,-0.7280572645500947,38.46153846153847,7,7.947854352868085,11.196548903709635,71.42857142857143,1,-0.7280572645500947,-0.7280572645500947,0.0,5,11.051531474624117,11.432208426156347,80.0,32,5.302420921211601,4.154104998523045,71.875,0,,,,13,3.933328593111166,3.239156709325807,61.53846153846154
WYNN,10,1255,-1.0633,14.5859,-30.2351,28.1085,36,9.607171842371189,7.821327505748215,100.0,5,14.986737622425768,17.837547654846787,100.0,12,11.589522132953583,10.155523034028022,100.0,16,7.083392300573208,6.5934106821547775,100.0,6,8.989146588398544,7.678661144331226,100.0,0,,,,5,14.986737622425768,17.837547654846787,100.0,36,7.032043319143163,5.951944569196948,100.0,2,4.210717337736232,4.210717337736232,100.0,13,9.422051354509733,7.138462701737956,100.0
WYNN,20,1255,-1.0633,14.5859,-30.2351,28.1085,36,9.917195650217117,7.9068278924053725,86.11111111111111,5,11.147595914487804,16.313333525074558,80.0,12,10.749206124322107,12.41644576796217,91.66666666666666,16,6.592926582326623,5.608081134191554,87.5,6,6.542314191243766,7.3064097495254465,83.33333333333334,0,,,,5,11.147595914487804,16.313333525074558,80.0,36,5.683470700445863,5.6411073240716885,80.55555555555556,2,2.126801260145117,2.126801260145117,100.0,13,6.981119762514857,10.368054831556867,76.92307692307693
WYNN,30,1255,-1.0633,14.5859,-30.2351,28.1085,36,9.740345112037987,8.321574034984355,72.22222222222221,5,11.611156853807028,14.561633502537768,80.0,12,12.3541620105955,11.258487778946193,83.33333333333334,16,4.549820761044907,2.7975590639900494,62.5,6,8.235319084617393,10.339500039627122,83.33333333333334,0,,,,5,11.611156853807028,14.561633502537768,80.0,36,4.886263985844767,7.539237337299275,83.33333333333334,2,2.8852956824186657,2.8852956824186657,100.0,13,2.0475422705024857,3.3138446146302116,69.23076923076923
WYNN,60,1255,-1.0633,14.5859,-30.2351,28.1085,36,12.623075141807906,7.343288935920697,66.66666666666666,5,16.02355343117844,9.417414540789943,100.0,12,21.89468559409363,17.675553580868055,100.0,16,0.08811656502345033,-1.916910500673564,43.75,6,-2.111910180036092,-0.8595686695188482,50.0,0,,,,5,16.02355343117844,9.417414540789943,100.0,36,6.081247626297141,7.564410166429379,63.888888888888886,2,5.931474134152767,5.931474134152767,50.0,13,-1.1012486052362032,-2.7475397389598433,30.76923076923077
XEL,10,1255,1.2363,6.3455,-11.4548,13.9274,36,4.755519090851993,4.575726330600271,100.0,4,8.039483979016639,8.111450520712808,100.0,12,5.632989225448605,5.367936487133834,100.0,19,4.50785574182608,4.458535443252978,100.0,9,5.680081637718376,6.727316444003425,100.0,0,,,,4,8.039483979016639,8.111450520712808,100.0,41,3.7734284037177424,2.7862505680197125,100.0,2,4.484302047766923,4.484302047766923,100.0,12,4.227195513581793,2.8711919378790296,100.0
XEL,20,1255,1.2363,6.3455,-11.4548,13.9274,36,5.661020476390856,5.653526178716666,91.66666666666666,4,8.38329844687941,9.46948518385096,100.0,12,6.7444344040354105,5.932470537832432,100.0,19,7.088018199072499,6.4439048065627516,100.0,9,6.566052653769717,6.4439048065627516,88.88888888888889,0,,,,4,8.38329844687941,9.46948518385096,100.0,41,3.955455971794894,2.385316703552396,78.04878048780488,2,4.793174702712298,4.793174702712298,100.0,12,3.922634652608764,2.9840231802704835,83.33333333333334
XEL,30,1255,1.2363,6.3455,-11.4548,13.9274,36,5.929127366486296,6.1760713601052055,83.33333333333334,4,11.378951197765911,10.097107136230434,100.0,12,7.573328541211637,6.1760713601052055,91.66666666666666,19,6.683942744430092,9.837291243970874,84.21052631578947,9,9.422011945617518,11.865955297506149,88.88888888888889,0,,,,4,11.378951197765911,10.097107136230434,100.0,41,3.9850637369690762,3.7712333842299697,70.73170731707317,2,3.17902079247599,3.17902079247599,50.0,12,3.1907993673623793,2.550672762566648,66.66666666666666
XEL,60,1255,1.2363,6.3455,-11.4548,13.9274,36,7.101077319007708,7.114594242776907,80.55555555555556,4,15.61669890855478,14.237317771666163,100.0,12,10.928560732601154,11.293674079494785,91.66666666666666,19,5.763337092806818,6.473359245291423,78.94736842105263,9,10.750252542594763,11.09980661206615,88.88888888888889,0,,,,4,15.61669890855478,14.237317771666163,100.0,41,2.691857868437072,2.1581775350684644,58.536585365853654,2,-1.1101377623785802,-1.1101377623785802,50.0,12,1.3133031168503908,-0.8026559367460178,41.66666666666667
XOM,10,1255,4.7753,7.6246,-10.474,20.0245,38,5.756530393034628,4.624228987421312,100.0,2,5.379793672874541,5.379793672874541,100.0,18,7.020131863871236,5.711422424881635,100.0,28,5.240044019164247,4.261942712158696,100.0,10,4.755145246065484,4.142216613264979,100.0,1,2.1135355928222888,2.1135355928222888,100.0,2,5.379793672874541,5.379793672874541,100.0,40,5.056276565046419,4.347824988207854,100.0,3,10.48837403831577,6.766906418848491,100.0,5,4.3322959202530935,3.9107134842302957,100.0
XOM,20,1255,4.7753,7.6246,-10.474,20.0245,38,6.882304343410503,5.1199090818318265,86.8421052631579,2,5.597610611885051,5.597610611885051,100.0,18,8.169441685088342,7.718858840650983,94.44444444444444,28,6.6907259815175975,4.268384033108202,85.71428571428571,10,5.981222121922147,4.668723044834033,70.0,1,3.8100539924108165,3.8100539924108165,100.0,2,5.597610611885051,5.597610611885051,100.0,40,3.2443713563689407,3.014412609013821,67.5,3,5.242515637555054,5.7530150224973395,66.66666666666666,5,0.5442881319000419,0.804115999272829,60.0
XOM,30,1255,4.7753,7.6246,-10.474,20.0245,38,8.809112712135079,7.238094848717223,78.94736842105263,2,4.096768275350982,4.096768275350982,100.0,18,9.440323068629485,8.057023330209287,83.33333333333334,28,9.028285195968838,7.027838396223262,75.0,10,10.144021127855229,7.855680206527191,90.0,1,4.14178267624506,4.14178267624506,100.0,2,4.096768275350982,4.096768275350982,100.0,40,1.355433439122062,2.1050352960310716,55.00000000000001,3,5.367627033676539,-0.2050544454562955,33.33333333333333,5,-1.367082056530718,-1.428050539192299,20.0
XOM,60,1255,4.7753,7.6246,-10.474,20.0245,38,12.56872573943897,8.978230715828264,89.47368421052632,2,12.879262886552512,12.879262886552512,100.0,18,11.28578932684547,9.965297042757307,94.44444444444444,28,13.206404265562938,7.73762556656308,89.28571428571429,10,8.59638655856067,6.503518401961737,90.0,1,10.829957864367287,10.829957864367287,100.0,2,12.879262886552512,12.879262886552512,100.0,40,-3.038836977074631,-0.6926523065811514,47.5,3,-5.741096665395073,-12.40654203277001,33.33333333333333,5,-6.0362379076514845,-0.8374122853982277,20.0
XYL,10,1255,-0.3389,11.6113,-23.5616,22.8837,31,6.307007394446573,5.773418073108515,100.0,2,5.954367465016891,5.954367465016891,100.0,8,6.091457252963896,5.954367465016891,100.0,22,5.694724554973068,4.648428986145031,100.0,9,7.27458820101738,6.337205223521497,100.0,1,7.672690036770817,7.672690036770817,100.0,3,6.662404499806648,7.672690036770817,100.0,33,5.6892057553896125,4.951276827896301,100.0,0,,,,4,9.995953022495918,9.748381870806728,100.0
XYL,20,1255,-0.3389,11.6113,-23.5616,22.8837,31,6.74201643754902,5.487438218094152,74.19354838709677,2,6.300042974082281,6.300042974082281,100.0,8,7.284335938035395,6.865215627651885,75.0,22,4.588523216130052,2.8723627157296425,68.18181818181817,9,4.3671822586693025,1.4825476866926377,66.66666666666666,1,5.487438218094152,5.487438218094152,100.0,3,7.340895951071684,7.112647730070409,100.0,33,5.183753822852994,5.058262642657296,90.9090909090909,0,,,,4,7.806550030654409,8.495331042932914,100.0
XYL,30,1255,-0.3389,11.6113,-23.5616,22.8837,31,7.075189949788574,6.005840269905554,70.96774193548387,2,0.6659650668147838,0.6659650668147838,50.0,8,9.545091474138342,6.738455098288711,75.0,22,4.712816897932128,5.604036990253241,68.18181818181817,9,3.2240943526205115,0.13685511100246397,55.55555555555556,1,5.378173195806908,5.378173195806908,100.0,3,10.712344521201658,5.378173195806908,66.66666666666666,33,6.385174321774642,6.458759054925932,78.78787878787878,0,,,,4,11.618271490497001,10.837434794101856,100.0
XYL,60,1255,-0.3389,11.6113,-23.5616,22.8837,31,6.216530083493261,3.246544902527875,67.74193548387096,2,7.091433554137837,7.091433554137837,100.0,8,13.331982822174112,15.840376938319906,87.5,22,3.3713328056831746,2.054302237870055,63.63636363636363,9,4.6276204420593094,1.8513517802889794,66.66666666666666,1,5.411988459046137,5.411988459046137,100.0,3,14.768112610708558,8.770878649229537,100.0,33,4.534396292399096,4.28511399698864,63.63636363636363,0,,,,4,0.8161827583971624,-0.41240747009931045,50.0
XYZ,10,1255,-10.3419,25.13,-60.602,39.9182,33,12.948479900145065,9.546539031817124,100.0,5,18.962507163455022,11.111117007202422,100.0,13,16.13420333787838,11.111117007202422,100.0,12,9.01852264180931,8.59832966205041,100.0,7,5.740510849826129,5.458920638344822,100.0,0,,,,6,14.419978749819856,12.25889771598284,100.0,37,10.815726947587166,9.103292876626714,100.0,0,,,,14,13.224649458848535,11.167951529278238,100.0
XYZ,20,1255,-10.3419,25.13,-60.602,39.9182,33,14.667843613554316,9.854601492329254,84.84848484848484,5,22.016332793364537,15.232131067987249,100.0,13,18.31695571863403,7.525976577480667,69.23076923076923,12,8.723443288359848,8.136225093092758,91.66666666666666,7,7.540453679417479,9.854601492329254,85.71428571428571,0,,,,6,18.45801365541376,11.379053822733958,83.33333333333334,37,9.462902593533903,8.80168447362466,75.67567567567568,0,,,,14,9.888084164025619,4.183281193671464,64.28571428571429
XYZ,30,1255,-10.3419,25.13,-60.602,39.9182,33,16.485775770978005,15.914381793024837,78.78787878787878,5,24.923610274930166,35.29820871070989,80.0,13,27.88702721019541,31.50357152156522,92.3076923076923,12,7.573979868641701,6.979765415959707,66.66666666666666,7,4.354539621845058,7.494447017851287,57.14285714285714,0,,,,6,28.493217993801323,36.929892232029054,83.33333333333334,37,10.679915939985394,14.254564562531977,75.67567567567568,0,,,,14,8.541095032553233,7.920440557094654,64.28571428571429
XYZ,60,1255,-10.3419,25.13,-60.602,39.9182,33,16.69686058899837,11.292071725537774,66.66666666666666,5,6.580899440396644,4.295567103794643,60.0,13,35.038765620036486,21.83566843532895,84.61538461538461,12,-2.0891485107566052,-4.611393289530596,41.66666666666667,7,0.7793712629459156,3.3764137335507365,57.14285714285714,0,,,,6,25.287947875281606,20.519103288658087,83.33333333333334,37,11.821831416465848,17.80992607251845,64.86486486486487,0,,,,14,3.1956594715453943,5.907703974471671,50.0
YUM,10,1255,1.653,5.3372,-9.0214,12.3274,37,4.321182747920984,4.254353928473328,100.0,4,4.779363287946678,5.384063372057481,100.0,14,5.334417059102785,5.917225841596119,100.0,17,3.9872817203427395,2.7571380115932307,100.0,12,4.720730575408065,4.884428712330358,100.0,0,,,,5,5.210698228354578,6.143240427539327,100.0,38,3.7953922497106087,3.532977257202825,100.0,3,5.24309907988551,3.5562563418115376,100.0,6,4.75457122510897,4.472345950248698,100.0
YUM,20,1255,1.653,5.3372,-9.0214,12.3274,37,5.002450123370508,4.4982058469411035,83.78378378378379,4,9.907379952932583,7.771583980378448,100.0,14,7.169519735624986,7.469297294930653,85.71428571428571,17,3.9929154985941255,4.224106874316254,76.47058823529412,12,7.042028478406041,5.656468287204039,91.66666666666666,0,,,,5,9.63746730968983,8.265750528940934,100.0,38,4.185199607346846,4.152244805397044,78.94736842105263,3,5.810401669442199,7.624649589573916,100.0,6,4.486491671477949,3.705114250928765,83.33333333333334
YUM,30,1255,1.653,5.3372,-9.0214,12.3274,37,5.353125285626652,5.136769760098313,81.08108108108108,4,12.951655032630814,10.277535128533536,100.0,14,7.872275408768224,7.437217590530591,78.57142857142857,17,2.73911805542537,2.9650818894067976,70.58823529411765,12,5.896682937483014,5.098009244550232,83.33333333333334,0,,,,5,12.85353416108793,10.546240187171607,100.0,38,3.3143418016808592,3.2692317288806927,73.68421052631578,3,7.8323275147272655,8.287386592539224,100.0,6,2.8760062242506095,2.088572395538158,66.66666666666666
YUM,60,1255,1.653,5.3372,-9.0214,12.3274,37,5.9198396750027555,5.923939564724877,89.1891891891892,4,10.33727540594693,10.086580323355687,100.0,14,8.825501039994432,8.747442590805033,92.85714285714286,17,2.545743615136983,1.1839384218649476,76.47058823529412,12,5.440246413978162,6.305652190843342,83.33333333333334,0,,,,5,9.18550670807725,9.354671224666108,100.0,38,1.8581960684657413,2.8150245129186775,63.1578947368421,3,6.796996228731746,6.405927883340409,100.0,6,-2.6831925552623925,-3.550061240158233,33.33333333333333
ZBH,10,1255,-2.9171,8.0373,-18.9916,13.1575,35,5.051260875502056,4.477248365100219,100.0,4,5.877010670849242,6.499760456312188,100.0,13,4.980882727000776,4.009069313105914,100.0,8,3.5653491012270937,2.5964516262791135,100.0,5,4.336976542007393,2.854563198638161,100.0,0,,,,4,5.877010670849242,6.499760456312188,100.0,30,5.85544699228015,5.14791870679346,100.0,0,,,,14,6.111293927810807,5.362435508629462,100.0
ZBH,20,1255,-2.9171,8.0373,-18.9916,13.1575,35,4.72722121826752,5.102031975636228,80.0,4,4.856324374845425,5.321824264900444,100.0,13,4.606920735572514,3.8804053146656794,92.3076923076923,8,4.273800633537521,4.009051111166647,75.0,5,0.9901145700001092,2.213092245737864,60.0,0,,,,4,4.856324374845425,5.321824264900444,100.0,30,5.92384242591099,6.117696778314743,90.0,0,,,,14,5.637218408251578,6.821508297448556,85.71428571428571
ZBH,30,1255,-2.9171,8.0373,-18.9916,13.1575,35,4.83662688744931,4.372655960936087,77.14285714285715,4,7.32925236734561,7.812610951852072,100.0,13,4.966963107931497,3.6816226354778907,84.61538461538461,8,4.516885811975437,4.588418202850173,87.5,5,0.39999886753606056,-2.6713016006865753,40.0,0,,,,4,7.32925236734561,7.812610951852072,100.0,30,6.038455202200742,6.726465075002725,80.0,0,,,,14,5.12812105893695,6.0455581606764275,64.28571428571429
ZBH,60,1255,-2.9171,8.0373,-18.9916,13.1575,35,4.906408305543856,3.471154124888659,65.71428571428571,4,11.972589917811128,11.43685970590767,100.0,13,7.675780348854465,6.137506616803017,84.61538461538461,8,0.21072752016308316,-0.4829178259783096,37.5,5,-0.8791486005874164,-1.8938578836383952,20.0,0,,,,4,11.972589917811128,11.43685970590767,100.0,30,7.131721357651143,6.7479592896466585,76.66666666666667,0,,,,14,4.479330315699728,4.40709631733673,64.28571428571429
ZBRA,10,1255,-6.3168,16.4349,-39.1867,26.5531,32,8.22379472209294,7.943311375100679,100.0,5,6.6534012822766275,4.938912618668083,100.0,10,10.638008402292021,9.81686535283347,100.0,15,7.72228704449138,5.96105202489945,100.0,5,6.0732184533807665,4.938912618668083,100.0,0,,,,3,5.742696804163061,4.808290760608815,100.0,33,7.813065860971979,6.995540013467213,100.0,0,,,,8,11.074642625486186,8.987751354316366,100.0
ZBRA,20,1255,-6.3168,16.4349,-39.1867,26.5531,32,6.924039632475425,7.828275014572719,81.25,5,3.7429241581568826,7.5271688665299905,80.0,10,6.9419975639979,9.154445533432938,80.0,15,5.230740399625874,5.952620341848159,80.0,5,-7.636515207677182,-7.14978342905674,20.0,0,,,,3,9.660502263958874,8.129381162615447,100.0,33,8.057948664925842,6.597222222222222,81.81818181818183,0,,,,8,8.433781358930538,8.456927886205202,75.0
ZBRA,30,1255,-6.3168,16.4349,-39.1867,26.5531,32,8.682640866999344,9.428226950779873,65.625,5,6.858267446024277,-1.4707033575598911,40.0,10,11.15787229851759,10.58888904789598,70.0,15,4.5031005010900165,4.864507906079684,60.0,5,-7.599447118545595,-9.420445140221094,20.0,0,,,,3,15.0464463783696,12.084870311926558,66.66666666666666,33,8.819460662767867,9.61312970276895,72.72727272727273,0,,,,8,8.984295317811567,12.186921826234094,62.5
ZBRA,60,1255,-6.3168,16.4349,-39.1867,26.5531,32,3.748823809913439,6.495926451523443,59.375,5,10.610990466008696,5.030209006110891,80.0,10,13.702997699743221,9.633605871934543,80.0,15,1.349152111215089,3.7236639143773296,53.333333333333336,5,-9.224699115208615,-10.48606560532297,40.0,0,,,,3,18.71171418280172,5.030209006110891,100.0,33,11.042006284746614,11.285911372671086,66.66666666666666,0,,,,8,10.508039516619952,9.637081670365697,75.0
ZTS,10,1255,-2.472,8.5433,-19.5585,14.6146,36,5.368305853939709,4.814601065022572,100.0,5,7.836015732614975,6.730025055808298,100.0,12,7.900578602004636,7.634826892537075,100.0,9,4.126294931957389,3.1108852045089694,100.0,6,6.280936988960915,4.675457250194652,100.0,0,,,,6,8.042055418911408,7.9011394531009405,100.0,38,5.099245108772841,4.252322138226605,100.0,1,13.852563727387771,13.852563727387771,100.0,21,5.044252158895586,3.6795767533288495,100.0
ZTS,20,1255,-2.472,8.5433,-19.5585,14.6146,36,4.805062170947283,5.279917113058648,80.55555555555556,5,11.01149272398844,9.58963203733138,100.0,12,8.930768144508722,7.183202477860201,100.0,9,3.235875063036362,3.864618501101677,77.77777777777779,6,3.562589440866112,3.1697300856391575,66.66666666666666,0,,,,6,10.441439829692778,8.590403697772922,100.0,38,5.711922325833032,4.884479257483115,86.8421052631579,1,23.91153841711295,23.91153841711295,100.0,21,4.205788714370843,3.5484147543607127,85.71428571428571
ZTS,30,1255,-2.472,8.5433,-19.5585,14.6146,36,4.576700672057713,3.615427553904997,69.44444444444444,5,11.468952720237075,10.157112918518534,100.0,12,10.292489494773596,10.001963067941821,91.66666666666666,9,2.070361105302716,0.5710041741409176,55.55555555555556,6,1.370120560538739,0.17092196796687287,50.0,0,,,,6,11.889713841466893,10.885788134193291,100.0,38,5.898190951598467,6.419703035264497,76.31578947368422,1,19.163596123556147,19.163596123556147,100.0,21,3.7406475461923017,2.777336604306677,61.904761904761905
ZTS,60,1255,-2.472,8.5433,-19.5585,14.6146,36,3.776959408845011,3.3061628983682523,61.111111111111114,5,15.331674669659211,10.297257292856997,100.0,12,8.83942608444282,7.328366002261335,75.0,9,-0.9431631766445165,-3.753721244237017,33.33333333333333,6,5.311567747427746,2.131390680045542,66.66666666666666,0,,,,6,13.076761042787469,9.39600796403954,100.0,38,7.66440302538558,9.148293162609978,76.31578947368422,1,23.1938505207496,23.1938505207496,100.0,21,3.38666953450576,2.056454716867827,57.14285714285714
