Price,Close,High,Low,Open,Volume
Ticker,APD,APD,APD,APD,APD
Date,,,,,
2021-04-12,249.67330932617188,251.76509564468597,249.25848057145342,250.09694588575968,681900
2021-04-13,251.6414794921875,253.38022610664885,248.41114346640484,249.34670997619835,893500
2021-04-14,249.67330932617188,251.85336223966112,248.65831082191528,251.31495486494083,631700
2021-04-15,253.4420166015625,254.0157089832628,250.22932310293317,251.01483373383257,778200
2021-04-16,253.7332305908203,255.74558426379147,252.62996592504288,255.48078458290138,1013500
2021-04-19,251.0148162841797,254.56293332268714,248.35817280955752,254.16574719787062,898400
2021-04-20,251.13839721679688,253.10660451253196,250.38817171581007,250.54703539314536,755500
2021-04-21,254.7482452392578,255.70145412091352,251.20012860519796,252.22396151374625,626200
2021-04-22,251.3148651123047,254.64232870176036,251.2883878367863,253.69792764965007,849200
2021-04-23,256.2221984863281,256.93711189989483,251.28840168490933,252.00331509847607,885600
2021-04-26,256.1163330078125,258.4905613435503,254.6335513741324,256.15164502818953,828800
2021-04-27,255.77210998535156,256.5664553081375,253.30961524305542,255.71915542617768,519300
2021-04-28,255.5956268310547,257.4138055455047,254.96014506147722,256.03693286728395,543000
2021-04-29,257.9874267578125,258.2345569924442,256.11629399057574,256.672343752291,553600
2021-04-30,254.61593627929688,258.04928317984627,254.05105163308787,257.5726651265052,906400
2021-05-03,256.1251525878906,257.572622115525,254.66001358352375,255.66620409087056,952300
2021-05-04,256.1957702636719,257.387301826153,254.64239149160665,254.67767657754942,1178600
2021-05-05,258.2434387207031,259.18784001371074,255.3219951908934,256.96366749730834,1131400
2021-05-06,259.1789855957031,261.1119078603495,256.9459785096969,258.9671673536087,1178700
2021-05-07,256.44287109375,260.6529470020603,256.2663648787641,258.19928705178694,1214900
2021-05-10,259.0730895996094,267.29903959660385,258.79948204465006,262.5682254471264,1245600
2021-05-11,265.43670654296875,265.65735952824025,256.87538687554115,258.2522593488211,1217100
2021-05-12,258.7464599609375,264.4216469634276,258.2080527952654,263.3978141166438,935500
2021-05-13,264.5893859863281,265.0924812179543,258.6935451441265,258.7288571608661,850700
2021-05-14,265.7103271484375,267.6785615704543,265.1984240489284,266.10751331551785,698500
2021-05-17,266.2398376464844,267.71381116832714,264.42165953725373,265.6661453773886,592500
2021-05-18,264.4570617675781,267.19316460186513,264.015755727699,265.56916160733203,817600
2021-05-19,263.2567443847656,264.2187884987353,260.6618622319641,262.7271985863883,800200
2021-05-20,262.1887512207031,264.8630648363807,262.04753005089236,262.9654541870701,542300
2021-05-21,263.18603515625,265.83387076108016,262.93007017260027,263.1507231396695,672900
2021-05-24,264.4040222167969,265.1895327090194,262.85945157365296,265.1895327090194,679100
2021-05-25,265.7103271484375,267.0607224072583,263.3272909514962,265.48086634839973,908900
2021-05-26,262.4887390136719,266.1692420021725,260.37931085749534,265.7985332016431,748000
2021-05-27,263.26556396484375,264.95135648642747,262.6212473670071,263.71570480272874,1155300
2021-05-28,264.4834899902344,266.7518090788782,263.5832355325463,265.2513580475533,549300
2021-06-01,267.0254211425781,268.2787150008793,265.22488526151517,268.0051074570877,736200
2021-06-02,269.77923583984375,270.1322753165214,266.3900083804045,268.27878439498187,1003400
2021-06-03,268.4110412597656,268.5434545678862,265.3925242158598,267.85501849338374,858700
2021-06-04,268.9848327636719,269.9292071014223,268.1110285969064,268.88773144061804,820000
2021-06-07,266.38104248046875,269.5143033291269,264.2451371903626,269.13478675194216,670400
2021-06-08,264.44818115234375,266.3634608846462,262.8594904584505,265.8603656220146,807800
2021-06-09,262.4446716308594,266.32815886690344,262.3210930276025,265.2160591783095,778600
2021-06-10,263.5479431152344,265.76328087331655,263.3096206416668,265.2425430363498,563100
2021-06-11,265.1807861328125,266.69887984998354,264.1304756981615,264.49234985032683,710400
2021-06-14,264.00677490234375,265.18066340256615,262.4886818877727,265.18066340256615,567700
2021-06-15,265.73675537109375,266.7517805139794,263.4066741685779,266.45169572688434,1068600
2021-06-16,264.8188781738281,268.9759726206354,264.1657270613883,266.96361859525314,958800
2021-06-17,263.9803161621094,264.60696289412573,260.39691500440506,264.1833265390364,786500
2021-06-18,258.3404235839844,262.8505558872822,257.72258469592003,260.9353038175855,1702000
2021-06-21,261.7474060058594,263.1331132755772,259.761529055625,260.7235728792947,640700
2021-06-22,263.0271911621094,264.218695725281,262.10043246997975,262.64764755962153,566400
2021-06-23,256.6899719238281,263.18600862580416,256.52230046612016,262.2592770316034,936100
2021-06-24,255.89569091796875,259.470285682184,255.34847578712206,258.4464525290725,999800
2021-06-25,254.6688690185547,257.2990354883661,254.56295989026432,255.80741908285634,1413600
2021-06-28,255.11895751953125,256.4428753622588,253.41552302633104,255.60441022297115,921100
2021-06-29,254.4481964111328,257.03424285656206,253.2125451176835,256.35464137895946,984600
2021-06-30,255.23782348632812,255.97423811668767,254.0045902644373,254.74097781873868,673500
2021-07-01,256.23150634765625,257.59784542637004,254.99827316654975,256.77272965670267,619400
2021-07-02,257.97930908203125,258.75122028545996,255.22892358817714,256.16938322337626,541500
2021-07-06,254.38609313964844,258.8843470106947,253.03751590347042,258.84885029825205,1034800
2021-07-07,257.99713134765625,258.2810238329041,254.81198492065553,254.81198492065553,639700
2021-07-08,254.9539031982422,256.48881785589913,251.97282920138161,254.53693190349512,807300
2021-07-09,258.7778625488281,258.9109413644096,256.4710637998769,256.4710637998769,734300
2021-07-12,258.2277526855469,260.35712199263185,258.1745211604753,258.7512411421765,1041300
2021-07-13,256.2847595214844,258.8045117772443,255.5128752152455,257.89066769067665,580300
2021-07-14,255.64601135253906,258.42301357864136,255.30886021889998,256.2315582860501,597700
2021-07-15,255.61044311523438,257.50909733376983,254.32395142863376,254.32395142863376,733700
2021-07-16,253.33912658691406,256.7194635796566,252.11474744131215,256.2137370497682,1496200
2021-07-19,250.28707885742188,251.69776843627506,247.53666604174688,250.7306929542709,1102700
2021-07-20,253.70286560058594,257.1719033653779,250.3757604934409,251.10326689907143,1065600
2021-07-21,254.38609313964844,255.48624754084477,253.58759310406856,254.43044372315796,721800
2021-07-22,255.92984008789062,257.1187226318607,254.4215683870581,255.47737211566889,896900
2021-07-23,257.5534973144531,257.76642343097507,254.56354243204126,257.2961935396174,635100
2021-07-26,256.5153503417969,258.6180763312162,255.27323657969782,258.03250261278754,524900
2021-07-27,256.3201599121094,258.5826075235565,252.91320769271016,255.26435644197727,680200
2021-07-28,255.37088012695312,256.8170664207865,254.34171924496766,256.0629170378362,654400
2021-07-29,257.0034484863281,258.0414904949644,255.6104934762519,257.1542621434856,422500
2021-07-30,258.21002197265625,259.64732732454127,256.8969144892268,256.8969144892268,570600
2021-08-02,256.1694030761719,260.54343152098284,255.80563627194252,259.3988995833886,550500
2021-08-03,257.8729248046875,258.3697705344331,255.5217749985589,256.92358393404226,520500
2021-08-04,255.22891235351562,257.98817867139365,255.12242224058812,255.2821438719533,595800
2021-08-05,256.16058349609375,259.13280403697706,255.78793565642297,256.9413488164996,1039100
2021-08-06,258.023681640625,260.0554144877831,256.1250005167396,257.5623057015598,809500
2021-08-09,244.6531524658203,258.62699526305215,240.23474671017357,257.58007258665515,2273400
2021-08-10,246.5341033935547,247.2705179854204,243.6239958886228,243.6239958886228,1301100
2021-08-11,247.29714965820312,248.1488812306196,243.41108543721876,246.72042961202987,978600
2021-08-12,246.3034210205078,248.74329870339673,245.11453841688157,248.15775188643389,862600
2021-08-13,248.19325256347656,248.22874927914518,245.3807538271209,246.0727908643248,604800
2021-08-16,249.79910278320312,250.84605269527805,247.53668157770088,248.42390982708332,1334400
2021-08-17,249.6749267578125,249.87011807280086,246.39217111738847,249.1159685796159,933800
2021-08-18,241.4591522216797,249.97654846295802,240.59853977392027,248.9562414354633,1184100
2021-08-19,240.78485107421875,242.06243464957308,238.83293839122007,239.79113284174915,1131000
2021-08-20,237.2802734375,240.69610686794718,235.1597853873807,240.19926132272414,1624100
2021-08-23,239.9863739013672,240.43886899813796,236.9786840476939,237.8392965806558,1643100
2021-08-24,240.0129852294922,242.58596890953504,239.03705577960935,241.6987406270536,954500
2021-08-25,238.8152313232422,239.2588454321878,237.333548285899,238.63777484924137,1305200
2021-08-26,238.14979553222656,241.28170986597235,237.42226193998866,239.0015269877914,774500
2021-08-27,238.22073364257812,239.54269478504773,238.06103909034385,239.07246499721245,551400
2021-08-30,239.7290802001953,240.59854654280815,238.34500631810502,238.7176270146371,563000
2021-08-31,239.11688232421875,241.30833707480545,238.72649974772148,239.3741590090486,876900
2021-09-01,238.9660186767578,240.0750538271527,237.33352218450295,239.11685937067503,543400
2021-09-02,239.55160522460938,240.74048771993085,238.2473787353443,239.50725464665643,453000
2021-09-03,238.0255889892578,240.0750840390187,237.6707031116821,239.48951015679316,821400
2021-09-07,236.9786834716797,238.26514825630224,236.1003090461974,237.64410469422688,666400
2021-09-08,237.53758239746094,238.34496319528017,236.0913963022491,237.3335101927202,864200
2021-09-09,236.9964141845703,239.08140606097672,236.55280004389058,237.2093403077579,752700
2021-09-10,237.77716064453125,239.05477143497444,236.71247596047652,237.48438724824715,1000300
2021-09-13,239.10800170898438,241.35268798892443,237.13835400704068,239.87100497025008,1258900
2021-09-14,238.54014587402344,240.42109228377788,237.66179867552574,240.11943796384995,775600
2021-09-15,239.10800170898438,240.24365273053397,237.5997029271509,238.93054523721946,1166400
2021-09-16,236.37535095214844,238.66438781400018,235.9051210852226,238.01670147515446,1138500
2021-09-17,232.30294799804688,234.6186276826414,230.34218125476386,233.77575006111053,1702700
2021-09-20,229.06454467773438,230.45749929492075,225.2760904328543,228.90485011776536,1113200
2021-09-21,228.36367797851562,230.92775338106773,228.22171821826913,230.41317294172305,718300
2021-09-22,228.8516387939453,230.86563701409756,228.5322225697659,229.47270935003814,631200
2021-09-23,231.04306030273438,231.79720956225006,229.87191277567837,230.2179447125114,879200
2021-09-24,230.28895568847656,232.1964909551396,229.49045570197305,230.18249263375031,738900
2021-09-27,232.37391662597656,238.66436065202817,232.14322865394615,238.66436065202817,1219600
2021-09-28,232.72885131835938,234.30811659650155,230.4752838733502,232.11666163024248,1195500
2021-09-29,230.87454223632812,233.40314822907746,230.80357588796807,232.36507923641219,917100
2021-09-30,228.54537963867188,232.78414663478685,228.50077193192567,232.21304271648705,762400
2021-10-01,229.723388671875,231.39212047214045,226.58224806155425,230.0267919780105,877000
2021-10-04,228.43836975097656,230.89237974215595,226.1985067617408,229.286120637605,1007000
2021-10-05,229.35745239257812,230.72278052728836,227.09083339754469,228.54539056652996,970900
2021-10-06,232.68603515625,232.9180606268739,224.8510088681146,227.55489535894054,1310200
2021-10-07,235.00619506835938,237.843931775253,233.83718981049375,234.13166061730783,1359600
2021-10-08,236.8623504638672,237.70118252451235,235.39887419261822,236.46079930698733,1162300
2021-10-11,239.8071746826172,242.87693701897533,237.92425530842107,238.89693767182575,1070200
2021-10-12,243.08212280273438,244.11727757131945,239.72682266400975,239.80713287454242,1266500
2021-10-13,248.4542999267578,249.49836023438579,245.2952944589573,245.45591493197074,1285100
2021-10-14,256.97637939453125,257.60995592248076,251.25627130684157,251.25627130684157,1575100
2021-10-15,261.19732666015625,263.098056372666,257.0924095205941,258.2792524405868,1637300
2021-10-18,261.0545349121094,262.3573905186872,259.1002378857254,260.5369438571854,977100
2021-10-19,262.7946472167969,263.6602492306095,260.3317187748525,261.4650215215825,896800
2021-10-20,262.0897521972656,263.9815770928377,260.63518100877167,263.29443300109654,751100
2021-10-21,262.25927734375,262.35742521329803,260.3317501354428,261.85769896296335,620000
2021-10-22,259.8855895996094,264.33851857408143,259.5464837750208,262.62515180938584,898500
2021-10-25,262.2860412597656,263.72274738747325,260.00154344084433,261.2687239099543,633300
2021-10-26,262.6965637207031,264.1332700610828,262.10759473095044,262.80364404010515,460100
2021-10-27,263.1159362792969,264.1421588145704,261.75060796663763,262.63404768864154,748500
2021-10-28,268.9967041015625,269.0145417433898,263.49968755120244,263.49968755120244,1256800
2021-10-29,267.5420837402344,268.8717094875525,265.9715000908134,267.7294742606198,924700
2021-11-01,265.9179382324219,268.55044667083365,265.7483853644274,267.3635765948725,653000
2021-11-02,265.998291015625,267.43502440596154,264.9810008778988,266.36416688231895,932400
2021-11-03,269.6124572753906,270.57620741230903,266.0697380247315,266.4802216725817,1270200
2021-11-04,268.7913818359375,269.11264994023145,260.5904803871898,262.61618240209214,1121000
2021-11-05,276.0195617675781,276.39436996380454,269.5677028565417,270.1656040371093,1646700
2021-11-08,278.95550537109375,280.0531055520199,274.40440251688983,276.43900968037667,1634200
2021-11-09,280.0621032714844,281.11509598904877,277.95611783635553,279.14296094462054,1174000
2021-11-10,280.4457702636719,280.97226653508415,279.14291462199,279.56233059861137,988700
2021-11-11,277.09942626953125,282.33767434736876,276.9834407506904,280.73138792854104,1297200
2021-11-12,276.6353759765625,277.411735416372,275.93932676503977,277.411735416372,1234200
2021-11-15,271.1026611328125,275.41283407220686,270.4423144250698,275.2968213299195,1510000
2021-11-16,269.0501708984375,271.97715010943745,268.89845566863,271.9325424005118,1610600
2021-11-17,267.25653076171875,269.5677713992055,265.3647061307589,269.0502075264671,1404300
2021-11-18,264.3563232421875,268.3541603724592,264.13323019942084,268.3541603724592,846300
2021-11-19,265.6948547363281,267.3100460246234,262.78574027014093,264.3562966145563,1091200
2021-11-22,265.4985656738281,267.836603700668,265.1237846023994,267.2297699109102,1099500
2021-11-23,266.8192443847656,269.87116879471154,265.83762967788044,266.4087608648078,1072500
2021-11-24,265.7841491699219,267.86339177464225,265.40043563618894,266.2214028603134,603300
2021-11-26,262.0361633300781,262.72328006105386,259.4036546734059,261.97369074552506,619600
2021-11-29,259.99267578125,263.9012708235057,259.8588253824826,263.2676668809377,853500
2021-11-30,256.5034484863281,259.69812874489116,255.32551073301093,258.3685029792289,2396100
2021-12-01,254.2725067138672,262.61619124169954,254.13865634633692,260.6618941766521,1184000
2021-12-02,256.4945068359375,258.64512687050996,255.06670602560715,255.07563846120172,1350900
2021-12-03,257.55645751953125,259.4126069281082,255.0578262768755,256.8961108124804,1199100
2021-12-06,261.3669128417969,262.9196317915342,259.5375334491947,260.65299872527936,962500
2021-12-07,264.0796813964844,265.7127376665378,261.89338598881733,262.3931122096005,859100
2021-12-08,263.8477478027344,265.23091406824574,260.8582949485509,265.0345910596206,1098900
2021-12-09,261.6257019042969,262.3663861567966,259.091367864225,259.091367864225,1239500
2021-12-10,263.5621337890625,264.06186004066075,261.3222708603729,264.06186004066075,695700
2021-12-13,265.53424072265625,267.2565123450807,262.4377084367106,263.1069875137908,1008500
2021-12-14,266.1053771972656,267.2297475505085,264.0707698520692,265.86441929561397,808500
2021-12-15,272.2449035644531,274.34198371781133,266.0340005688601,266.8906702706222,1461000
2021-12-16,270.5225524902344,273.9671223948912,269.6480454041899,272.17344605223934,636800
2021-12-17,266.22137451171875,270.1835090807834,265.9358361176254,270.1835090807834,1768400
2021-12-20,263.25872802734375,263.4371861252097,259.58215896824186,263.0624050565646,779400
2021-12-21,263.9190673828125,266.5604813617992,262.22356571859206,265.1237752502713,636600
2021-12-22,265.1772766113281,265.2665192612405,262.53586301872724,263.2943574603995,430300
2021-12-23,267.24761962890625,268.220301998411,265.3914703179141,265.3914703179141,344700
2021-12-27,269.6927185058594,269.81763644857216,266.6229560601497,268.97883166254724,413600
2021-12-28,271.27215576171875,271.593423843128,269.32679133623884,270.5225665491402,354500
2021-12-29,272.5303955078125,273.2086069228585,271.31678269460537,273.0479865034102,499700
2021-12-30,271.1829833984375,273.5031291820142,269.5053194136089,273.065875546854,433300
2021-12-31,272.85992431640625,274.1423396216159,270.80624805861396,270.80624805861396,586600
2022-01-03,265.281982421875,273.5235634578074,265.20127383486516,273.09309029230127,1130100
2022-01-04,268.5195007324219,269.67635144488014,267.524039862674,269.0396319789388,1667400
2022-01-05,272.8420104980469,277.3708600678885,270.9138988884474,270.9946074821751,926100
2022-01-06,267.263916015625,272.8420045504542,266.79759058376726,272.81510168646474,808500
2022-01-07,266.7169494628906,267.9096798923092,263.79337645189474,267.9096798923092,945000
2022-01-10,264.64532470703125,265.9187636448973,263.0400472322723,264.83364478722586,1019100
2022-01-11,266.83355712890625,266.8873628744156,263.847201412482,265.07581154849726,542000
2022-01-12,268.8154296875,269.1203379832873,265.5779992840109,267.7303108454148,959700
2022-01-13,263.91888427734375,269.20101413256236,263.5870731533474,268.25040974614785,788400
2022-01-14,261.2823486328125,262.5557876649444,259.354236592135,262.03565637748113,1478500
2022-01-18,257.0225524902344,259.10313236311606,254.9060930007503,259.10313236311606,1086600
2022-01-19,256.0988464355469,260.06268190679333,255.85669323775085,257.66824437569323,814500
2022-01-20,257.36334228515625,260.76219020126064,256.0898758838015,256.0898758838015,1073700
2022-01-21,253.3187713623047,257.66825124311623,252.8613951926138,257.5337368897156,1503900
2022-01-24,253.6237030029297,254.6908959182348,245.75878624558754,250.33246625859059,1351800
2022-01-25,250.59242248535156,252.17977349923135,246.28780021691884,249.97362927114773,788100
2022-01-26,247.88412475585938,252.97793465565186,245.6062484609043,252.269456040142,1171100
2022-01-27,247.38192749023438,251.7403560464863,244.46733170791072,249.73153571123845,1062100
2022-01-28,248.9782257080078,248.9961518293569,243.98305041580565,246.59273789861794,1025200
2022-01-31,253.00482177734375,253.33663288716468,247.70473865982373,248.12623510508539,1234300
2022-02-01,255.25582885742188,255.62351962371827,252.18876513531262,253.7940425374053,990800
2022-02-02,255.0047607421875,256.9507989378666,254.0182765247761,255.07649260884958,930000
2022-02-03,251.89283752441406,255.09441563338478,251.02294164134113,253.0945445664102,1089500
2022-02-04,235.92982482910156,241.2388859598601,233.76856372657403,240.68287506257064,2883400
2022-02-07,228.12767028808594,233.91200580177386,227.94829959092664,231.07814583716333,2333700
2022-02-08,226.71971130371094,229.59842790119842,225.3207073104575,225.99330643675736,2899200
2022-02-09,232.5937042236328,233.21249753345077,228.8630319268093,229.72396472396093,1482800
2022-02-10,226.3340606689453,234.04653497565678,225.23098841354883,231.400967858918,1739100
2022-02-11,219.16864013671875,225.68837070737519,218.63953217246458,225.1054433249394,1691500
2022-02-14,218.3615264892578,220.53177776179697,215.57248190698252,219.76949337187745,1730500
2022-02-15,222.25360107421875,223.23110827457398,220.08335008092794,220.46000385489802,1317400
2022-02-16,220.02056884765625,222.68406182805626,218.38840248460403,221.4823549685256,1470600
2022-02-17,215.77874755859375,219.7156935196029,214.97163415806529,218.36153233478555,1005000
2022-02-18,216.99838256835938,219.15967071987927,214.78328868428085,215.0881969581546,2170700
2022-02-22,213.53671264648438,216.97145288560512,211.61756421273674,216.97145288560512,1191100
2022-02-23,210.45179748535156,215.2317372931583,210.2275977590045,214.72055534873567,955500
2022-02-24,210.86427307128906,211.6355204653978,204.86468785308028,205.36689291267453,1634500
2022-02-25,215.572509765625,216.47827166871784,211.859763111469,212.02118033448846,1241200
2022-02-28,211.91355895996094,214.3438760423983,209.77917343924466,212.82829756656272,1762500
2022-03-01,206.73899841308594,212.44263855993515,205.58213413795085,211.59964561207053,2109200
2022-03-02,209.2500457763672,210.34414130320044,206.06640760186264,208.2904645831354,2961600
2022-03-03,207.9317626953125,211.42927241351418,206.7121158246462,211.29475807206921,1743700
2022-03-04,204.85572814941406,207.94071798247091,201.9052663368358,205.81530936272327,1414300
2022-03-07,198.64093017578125,205.9677745812608,198.19253078486526,205.61802360370888,1796000
2022-03-08,196.192626953125,201.87832660166924,193.9237276661813,198.64984627665913,1867300
2022-03-09,203.5733184814453,206.01261220290837,201.2864789070658,202.0128837130781,1433800
2022-03-10,204.1113739013672,204.4252452117992,199.5735613336259,200.4075911762173,1538800
2022-03-11,196.7397003173828,207.04390847239728,196.65897803567208,206.2098922619031,1488900
2022-03-14,195.74429321289062,199.42116036994864,194.07624676710262,197.44820559249496,2595400
2022-03-15,199.654296875,199.81571407096453,194.1031107905186,197.32261480572382,2133500
2022-03-16,201.42098999023438,204.91849938577602,197.52887330004415,203.00831380910068,1498200
2022-03-17,204.9633331298828,204.99919905470952,200.2820431064691,201.24161054127384,1431800
2022-03-18,207.76136779785156,208.4698464837506,203.39396220061113,205.16065685857993,3187600
2022-03-21,210.03025817871094,214.43354319258373,208.56848556546055,212.54129733979102,1642200
2022-03-22,212.1287841796875,212.98971705699017,210.8194655821182,211.15127676242233,1192400
2022-03-23,210.96290588378906,214.73842029617506,210.2275244693884,211.28575392454,1393500
2022-03-24,217.39295959472656,217.41986245895268,211.47408315187786,212.4336642561469,1296700
2022-03-25,221.11468505859375,221.87696942644655,217.6081988609704,217.6081988609704,1782000
2022-03-28,222.68411254882812,224.17280187249258,220.28966134426764,221.15059423146639,1565200
2022-03-29,226.29818725585938,227.13221718683005,222.72893215758262,225.2040917153119,1750700
2022-03-30,227.03359985351562,227.3743741109065,224.75572311441596,225.28484483511357,1234100
2022-03-31,225.56236267089844,227.96321378508537,224.77711360892494,226.3115010458752,1179100
2022-04-01,224.73199462890625,228.57695644065942,223.49545839185652,226.60031639069197,1473300
2022-04-04,228.03543090820312,228.45062121792603,222.98102221551017,225.62555876219778,1224100
2022-04-05,227.15994262695312,229.01022309887875,226.63646153860938,227.123845706865,1132700
2022-04-06,225.73385620117188,226.9342679977595,222.71924732841927,225.64359325499308,1100000
2022-04-07,226.880126953125,227.51194006322174,224.2536458646815,225.30965628064814,1062700
2022-04-08,226.72666931152344,229.51562069044837,226.34758974496782,227.4487315311399,905800
2022-04-11,225.49014282226562,227.66535022725424,225.2554784582991,226.72666522700595,1000500
2022-04-12,223.63990783691406,228.47770769327997,223.26082820071522,226.22127145005322,1417700
2022-04-13,225.57139587402344,225.64360347980008,222.20479716631874,224.018966780307,729300
2022-04-14,222.79147338867188,227.2321380191657,222.50265672691754,225.80606873898464,1208200
2022-04-18,222.03330993652344,222.79146915293163,218.81111260849937,221.7444795080673,1583400
2022-04-19,225.25547790527344,226.1309623184646,221.4917309005485,222.16866163529613,1157400
2022-04-20,224.50637817382812,227.2501984973393,222.29505970902503,225.67069317801906,1414100
2022-04-21,226.67250061035156,229.6058669748257,225.63454571333688,226.8439919244405,1267000
2022-04-22,219.25338745117188,225.6436163179597,218.9013839606036,225.58042949473784,1203800
2022-04-25,219.1089324951172,220.53500154428656,214.5599640748859,218.62154843202455,1202600
2022-04-26,212.67361450195312,220.42672544657287,212.30355568527906,218.75695726454097,988500
2022-04-27,215.0383758544922,217.9085561702495,213.38666285738518,213.38666285738518,1080700
2022-04-28,217.05104064941406,218.48614410016,211.95150190738832,216.46437292588521,1516400
2022-04-29,211.26556396484375,218.04389170959368,210.5435018013257,216.8885977568409,1888000
2022-05-02,212.46600341796875,214.94808296150666,208.4224740541644,212.6555500974216,972400
2022-05-03,215.80555725097656,216.93377531738236,212.267453275198,212.46602075666087,1028500
2022-05-04,223.37815856933594,223.37815856933594,214.94810262697516,214.94810262697516,1142700
2022-05-05,212.98948669433594,229.25387998914982,210.99480513599133,223.44129909611053,1446900
2022-05-06,212.84510803222656,214.33435032822433,207.7636096000063,212.8812049495496,1293800
2022-05-09,210.49839782714844,213.4859168188682,208.5307785188745,209.27991690630327,1272700
2022-05-10,208.2058563232422,213.74767636964708,203.33196006411572,211.84324383163212,1504300
2022-05-11,210.2005615234375,212.92634019808284,206.14799731552864,207.5108935389478,1276000
2022-05-12,208.86476135253906,211.7800730336504,205.22738734118084,206.04871964179563,1391500
2022-05-13,210.94068908691406,212.09598332669327,208.5578929958452,210.20959218494377,661800
2022-05-16,210.22763061523438,211.78005970731024,207.03252325310166,210.2366514013747,880900
2022-05-17,216.23876953125,216.56369685580947,210.87747556211448,215.02932317901988,893500
2022-05-18,211.62661743164062,214.3614167200196,210.64281465602014,213.96428178654546,874300
2022-05-19,211.40098571777344,213.73865020407652,209.11747349413483,210.0651794073421,725200
2022-05-20,214.44261169433594,214.5780060944821,208.61198978052465,214.2350234740732,1032800
2022-05-23,214.767578125,217.5294536163056,212.27647771115804,216.81642589210412,747600
2022-05-24,213.7476806640625,215.7333416327787,210.70599550486628,215.58892642031392,729700
2022-05-25,213.38665771484375,216.19366490913285,211.16633219808656,215.88679289010034,884400
2022-05-26,218.86526489257812,219.69563166393183,213.6122754256461,213.6122754256461,866100
2022-05-27,226.23025512695312,226.23025512695312,220.67040760252928,221.9881584399855,957200
2022-05-31,222.177734375,225.68874850505568,221.73546792763705,223.53159607716327,1407100
2022-06-01,219.785888671875,224.04604097045117,217.8543799937047,223.3239786911312,911900
2022-06-02,228.2159423828125,228.39645450824267,222.07843371284005,222.25894583827022,941700
2022-06-03,227.69244384765625,229.5336895323819,225.69774839802733,225.69774839802733,935700
2022-06-06,232.36778259277344,233.76676184863138,229.5336858494433,230.15646436834365,1149200
2022-06-07,235.38238525390625,235.68022268608019,229.9940149894995,231.447146550747,1377600
2022-06-08,227.79171752929688,236.53766513325198,227.66535767192278,233.3966964976242,1647300
2022-06-09,228.91090393066406,232.1150594234603,225.33671719069196,225.64358916663258,1444600
2022-06-10,224.01895141601562,227.43068136486204,222.59288228716682,224.8132212528913,1584000
2022-06-13,219.04579162597656,221.00437649540606,216.51858045593457,220.39061871864777,1615400
2022-06-14,215.91383361816406,219.95736278457994,214.39750157313847,218.422989168824,1097900
2022-06-15,215.9770050048828,220.59819493184756,213.1068252509328,217.9897556733958,1085800
2022-06-16,212.19522094726562,213.61225542008748,209.0452317192643,211.75295458747004,1014600
2022-06-17,212.98049926757812,214.78564821164562,208.05243659050873,213.07076222365887,2127000
2022-06-21,217.52943420410156,217.8543615136231,214.37945860821438,215.17371465311825,1147400
2022-06-22,217.5204315185547,218.30566684349105,212.32160790581005,213.35054217621345,953400
2022-06-23,218.47715759277344,219.12701226413222,215.273015710528,217.04206759860298,1177300
2022-06-24,227.5209503173828,227.9902928490395,220.1830162346063,221.0224175656883,1529400
2022-06-27,222.19578552246094,228.0805751643114,221.74449826896125,226.9252808971277,916300
2022-06-28,218.88330078125,224.28972609872122,218.35078521978224,221.93400649303413,778700
2022-06-29,219.44288635253906,220.29130836865363,216.7171082048964,218.54031208385385,794400
2022-06-30,218.50698852539062,219.89718908947606,212.4555329553717,215.9355680803998,1199400
2022-07-01,220.56961059570312,220.60594964224796,215.94469397291388,217.10773756637417,1021300
2022-07-05,218.0436248779297,218.0527061734595,214.7362170459714,216.25362527385002,1232700
2022-07-06,215.5448760986328,218.307100922966,212.91894001752073,218.307100922966,1396100
2022-07-07,214.27285766601562,217.90737299145061,212.69183850820417,215.89929717373448,1016600
2022-07-08,210.99264526367188,214.20918428465023,210.24756318507872,213.43684445826187,1049500
2022-07-11,212.7008819580078,213.85484425058252,209.20266989848184,210.193071820936,801400
2022-07-12,210.73828125,213.68224369742887,208.84834545426577,213.23701057237633,2143400
2022-07-13,207.15823364257812,209.19355277565154,205.72259883145855,207.46716403033795,891700
2022-07-14,201.6973876953125,204.7503805721769,198.88064714528483,204.44145015277692,2059600
2022-07-15,204.6231689453125,205.74987346111737,203.39652858812548,205.04114422418988,1444800
2022-07-18,203.13302612304688,207.51262302945312,202.43337815516,206.0315538397191,1074800
2022-07-19,208.98458862304688,209.00276507805103,204.40510634667564,205.4136846985263,1255500
2022-07-20,210.46568298339844,210.96541770705076,207.8760854854977,208.72111743733117,914900
2022-07-21,213.1551971435547,213.29149976329467,210.0658652001407,210.98357516893427,853500
2022-07-22,213.1279296875,214.4545335905318,212.42828175883247,214.16376577331891,540300
2022-07-25,213.71852111816406,214.0637905291944,212.3464831743195,213.88206759740407,581100
2022-07-26,213.19151306152344,213.91840478237958,211.76495963697295,212.4282545713111,652100
2022-07-27,216.15367126464844,217.0168657183019,211.23798688901084,213.19154682577707,782500
2022-07-28,221.91436767578125,222.01431738022848,216.92600534224266,217.53478486403122,792900
2022-07-29,225.5489044189453,226.87550845723607,223.38637748236934,223.3954587783684,1034300
2022-08-01,224.65843200683594,225.19451957876834,222.2505716484462,224.43127484606057,1075500
2022-08-02,221.8144073486328,224.35857017807197,218.45248433256805,223.2863950949597,1026900
2022-08-03,223.25914001464844,223.77705110848188,220.36061255442027,222.9320331631744,1401100
2022-08-04,234.180908203125,236.39796467070366,225.4308085122621,225.4308085122621,1785800
2022-08-05,238.64222717285156,238.91480465931934,232.75430390285075,233.26313369701998,1406400
2022-08-08,237.8516845703125,242.10408724092775,237.69723324576927,239.87793621094937,1158100
2022-08-09,235.11679077148438,237.93351779161299,234.744249646111,237.84267709740212,826300
2022-08-10,241.3590087890625,243.68509568394168,240.80473094840087,241.57707077010022,838600
2022-08-11,240.6139678955078,243.7760058074454,240.02336477635495,242.78560383520335,829400
2022-08-12,246.12928771972656,246.8743697301992,241.28628238079523,242.47658347426557,893900
2022-08-15,249.06417846679688,249.7729354125062,245.4751120444965,246.12932576202863,1115300
2022-08-16,248.5462646484375,249.53666645365897,246.88345885142454,247.3287057026842,879100
2022-08-17,243.51246643066406,247.3105273491029,242.44029133047894,245.67500694980845,1169900
2022-08-18,243.14901733398438,244.38473891200675,242.55841429363122,244.29387050676533,727000
2022-08-19,239.60536193847656,243.14900777035973,238.4150607453202,242.60382508949854,932700
2022-08-22,237.07028198242188,237.84262180772114,235.5892129863035,236.52509929814337,674000
2022-08-23,237.44284057617188,238.39688954733802,235.66190849391535,235.7527769028705,810300
2022-08-24,238.71493530273438,239.7325950191493,236.99761373442348,237.86991725919134,568300
2022-08-25,242.23133850097656,242.31311176211497,238.20611973753904,239.8143826648934,619600
2022-08-26,238.2696990966797,243.49431379525186,238.1606403670098,242.87642524370483,1064100
2022-08-29,236.87945556640625,238.97838513456014,235.643706415816,236.23430938133652,635700
2022-08-30,232.47262573242188,238.33326338535412,232.20003438786017,238.33326338535412,864500
2022-08-31,229.38331604003906,234.10818257917563,229.2924614873978,233.944636065677,1164900
2022-09-01,227.15716552734375,228.42015881309285,225.79422253417968,227.62056115377322,918100
2022-09-02,224.0042266845703,230.75534496585354,223.3681893834347,230.4100616318485,1311700
2022-09-06,223.67710876464844,225.5943157335138,222.33234227083395,225.39441632522852,1179100
2022-09-07,230.59178161621094,230.83711523797086,223.67711691732933,223.92245053908928,1037000
2022-09-08,230.63722229003906,231.00976338083015,227.21168824304056,228.2020901886889,549500
2022-09-09,233.49034118652344,233.83562456325592,231.14607724546744,232.0456247384718,704800
2022-09-12,239.42369079589844,239.88710036108967,234.55345369729105,235.34395632321682,877000
2022-09-13,232.68161010742188,236.59782505961556,232.20005190159404,234.42618929837334,831300
2022-09-14,231.8638458251953,232.74521670043129,229.5468539235761,232.18187138970944,690100
2022-09-15,225.76695251464844,231.73663529071905,225.50344245279567,231.55491234108715,706800
2022-09-16,224.7583770751953,225.52162179215665,221.78715759147207,225.42167208889464,1497600
2022-09-19,226.5938262939453,226.83914605682682,222.40504749426626,222.43230524569753,714900
2022-09-20,222.5140838623047,224.4312909917565,221.10570659126353,223.91336597293395,605900
2022-09-21,219.3974609375,225.36714344166276,219.34293157697905,223.95876638316287,573300
2022-09-22,216.72610473632812,220.25157439325224,216.6443176225429,219.82451782793393,877600
2022-09-23,215.40859985351562,215.62666185532143,212.0830156802486,214.24554243073564,1135000
2022-09-26,210.34750366210938,214.82703563801897,209.47521417718139,213.79119967348817,1171700
2022-09-27,209.67520141601562,214.31829568155865,207.49449758683582,212.8735790481126,1088500
2022-09-28,213.50045776367188,214.88157708225384,209.8295905498619,211.08350242229633,948500
2022-09-29,210.58377075195312,212.52823550670075,208.2758600833467,211.5378336065486,1114300
2022-09-30,212.9536895751953,215.68961839102712,210.9131884509985,211.72755985659586,1520600
2022-10-03,218.07781982421875,219.80721580121292,213.4660879107892,214.94843729261828,1027500
2022-10-04,226.88951110839844,227.66727365874863,220.32877229080134,220.9235466715996,1334500
2022-10-05,222.16798400878906,225.40716507097844,222.0490263384319,224.78495502147172,1097800
2022-10-06,218.31573486328125,222.13138610015272,217.6752203802636,220.6765002111194,965400
2022-10-07,212.0569610595703,216.81508641173116,210.46481315403705,215.85430774394675,1046900
2022-10-10,212.68829345703125,214.66474969489758,211.57196246872707,213.37456182055436,748700
2022-10-11,211.56288146972656,213.78638494064177,210.25438879909285,212.20339601100852,618100
2022-10-12,209.83346557617188,214.09746995861985,209.69620349735695,212.2216665788306,893900
2022-10-13,217.76673889160156,218.74580808505644,205.65180653056154,206.74983340592158,898900
2022-10-14,212.77072143554688,220.36543027531224,212.43216671819906,219.01119744375015,711200
2022-10-17,217.1902618408203,219.08435569632687,216.17458387239344,217.0621589421975,728500
2022-10-18,221.77452087402344,224.38234672222555,220.07257445946556,223.97058842044842,823000
2022-10-19,220.93270874023438,223.45818582193317,219.56017170441328,221.13401528912829,710200
2022-10-20,218.06866455078125,222.80848517210956,217.71179156099362,221.1339885156846,716200
2022-10-21,220.78631591796875,221.6921954473989,215.67133091328915,217.94058838525712,1157200
2022-10-24,223.19281005859375,225.01371413118108,221.32616592342413,222.70784811300962,1758000
2022-10-25,230.18359375,230.18359375,222.73529381830812,224.2450928355099,1350900
2022-10-26,230.60452270507812,233.1848850305127,230.09211112057585,231.27248680900652,1242200
2022-10-27,227.89602661132812,231.2267156256223,227.5025727317686,230.53130194999338,987100
2022-10-28,232.81890869140625,233.70648385044768,227.0268001228641,227.89607087678516,921000
2022-10-31,229.12216186523438,232.4162561195119,227.923481833368,231.03457395400073,1342200
2022-11-01,230.69602966308594,233.1299987874018,228.72873208524697,231.44635664093624,872600
2022-11-02,224.3365936279297,233.14828554849572,224.01634337507122,231.35483107624893,1471500
2022-11-03,241.58482360839844,243.6161796633607,226.13007015489757,227.60326055579958,2524600
2022-11-04,252.60171508789062,252.97687856379105,244.14689584120464,246.37039914839087,2038000
2022-11-07,254.03829956054688,256.2709619537924,252.39123842613458,254.21215647902932,1367800
2022-11-08,258.95196533203125,260.58070802527345,254.1663765559967,255.2552580787955,1406200
2022-11-09,256.32586669921875,261.17548630743,256.03305210135096,258.8513437382389,1100800
2022-11-10,264.98199462890625,265.219909982301,261.3036054555932,265.11011148822257,1063800
2022-11-11,263.9479675292969,267.60806564131394,263.371497608761,265.9701918417057,1107500
2022-11-14,269.8316650390625,272.46691289296984,263.527131035265,263.527131035265,1738700
2022-11-15,269.5113830566406,272.59501182888874,266.78459939686905,271.2224747783804,942200
2022-11-16,270.0421142578125,271.8355550453348,268.3767624215143,269.51141216101433,807400
2022-11-17,268.3766784667969,268.5047953022837,265.48522557941317,266.61984703963543,721400
2022-11-18,271.2864990234375,271.74401131595414,268.61461494843314,270.8472771698612,1328200
2022-11-21,271.2225036621094,272.274776594693,269.18198831028815,269.5388613851075,735300
2022-11-22,282.88909912109375,283.2642626779464,271.9179595956197,272.6774179696966,1412700
2022-11-23,281.96484375,284.00535879713647,279.8969070043389,282.74262029684894,1150800
2022-11-25,283.5753479003906,284.69167930793367,281.56228210831574,282.48646612072395,299700
2022-11-28,278.58843994140625,283.09037419809664,277.55445746008127,281.57142969470266,932100
2022-11-29,276.5021667480469,280.1622656751749,275.3949946414055,278.9269767024015,954600
2022-11-30,283.8040466308594,284.0145123515156,273.3910617253666,275.40412710975113,1901100
2022-12-01,285.5243225097656,286.4484784918534,282.52304253397443,283.977928493266,995300
2022-12-02,291.3804931640625,293.3752404825313,283.6576817872621,284.2341518665306,1314200
2022-12-05,288.2053527832031,290.9778767179763,286.7321483835654,288.9099118029969,1192300
2022-12-06,285.5791931152344,288.4889647419634,283.5386781339483,287.0981373546532,1295700
2022-12-07,288.7634582519531,288.9373151642774,285.48768238818093,286.000093943136,1130700
2022-12-08,292.67974853515625,293.6862811572666,289.7882954379433,289.9163843583933,1059100
2022-12-09,287.69293212890625,293.21968938259613,286.93344595635153,292.57000171105193,1150000
2022-12-12,292.3595275878906,292.97257845051905,286.45760757240487,286.45760757240487,1163000
2022-12-13,297.61175537109375,300.6404846061041,294.4640684685026,299.9725065858695,1075400
2022-12-14,297.4928283691406,300.06404556270365,294.51899807041906,297.07192482259774,1191700
2022-12-15,289.367431640625,293.173938130927,287.56483168120405,292.3595805857069,1014800
2022-12-16,289.53216552734375,290.62101937160725,285.25898733571677,289.3948894650146,2425800
2022-12-19,287.0615539550781,290.0994427027643,285.35959346897897,287.9674194847678,835300
2022-12-20,285.9818420410156,288.1321557797907,284.40799836033125,287.6197162314463,779100
2022-12-21,287.76611328125,290.2000823706593,286.8602477504578,287.76611328125,860600
2022-12-22,286.03668212890625,286.18308940895946,281.4981681445896,285.8719844104714,953500
2022-12-23,285.5243225097656,286.03673412092473,283.5295473902479,285.3962056448066,544200
2022-12-27,285.6706848144531,287.50073397297155,285.048446878063,286.64973989176656,1438000
2022-12-28,283.3282470703125,287.0981441742651,282.99882367444775,285.94520417524285,439700
2022-12-29,284.94781494140625,286.0733052557393,283.8406429907056,284.5726515032952,564400
2022-12-30,283.54052734375,284.6718752308699,280.24759312784016,283.6601070876745,534700
2023-01-03,281.986083984375,286.76907787930156,279.5301795818407,285.1962110542887,1020300
2023-01-04,282.0044250488281,283.6784852764336,279.62212152663346,281.4065544162152,966000
2023-01-05,277.6170349121094,280.25688487338095,276.2281129597922,278.37128577829293,1715500
2023-01-06,285.3064880371094,286.66781612640034,278.7206490165233,280.6982617873489,873400
2023-01-09,286.6770935058594,289.25254936544684,281.4893534696514,285.03983340861515,1436500
2023-01-10,287.5969543457031,287.74409921783183,283.4393959136694,285.1226636363072,608400
2023-01-11,287.6889343261719,291.2026149055916,287.12786375703257,289.8780863947148,835100
2023-01-12,285.3341369628906,288.82943039298664,284.1291885953298,287.6888473659378,1194800
2023-01-13,286.4287109375,286.89782282766294,282.4459476215733,283.17257701295415,787900
2023-01-17,281.8113098144531,286.98063601030333,281.4709847053147,286.98063601030333,1252900
2023-01-18,278.6011962890625,283.5313632104463,277.8285313759581,283.5313632104463,793200
2023-01-19,275.8417053222656,279.06103881611244,274.27801782568156,278.3251743181598,889000
2023-01-20,279.99005126953125,280.15561026930334,274.4343931352667,277.0926564920685,1197900
2023-01-23,283.9636535644531,284.73629034906384,278.45400240792657,279.5025708761966,881700
2023-01-24,288.21319580078125,288.8018875392804,282.2988255967805,283.64174002847705,745000
2023-01-25,287.02655029296875,288.0383463818786,283.6140648238972,284.19354931438005,707300
2023-01-26,291.22088623046875,291.48763885790964,285.1409586188523,286.46548660774283,733600
2023-01-27,288.9582214355469,291.02779333069776,286.98984320741556,288.87544192818467,876600
2023-01-30,288.728271484375,292.62828386593947,288.24077344547516,288.41553954153034,846000
2023-01-31,294.8081970214844,295.16690818488837,288.97660726594717,289.666464496702,1911700
2023-02-01,292.6191101074219,294.72548250948523,289.17903027403304,293.5205057893347,1357900
2023-02-02,271.8038024902344,275.3358688394298,265.4019339867157,271.6750156413354,2988400
2023-02-03,262.16412353515625,269.9549120130157,260.52686356092465,268.57519760539265,2876300
2023-02-06,260.3338317871094,263.5715529888549,257.7031885738864,261.24443473470586,1259900
2023-02-07,262.21014404296875,262.8724081147445,258.0617935329316,259.11956901789426,1329200
2023-02-08,264.20611572265625,267.7014092459757,261.6398670016666,261.6398670016666,1349700
2023-02-09,263.88421630859375,267.0391568188165,263.1943590388175,266.66203147622844,945400
2023-02-10,264.7396240234375,265.85258585631004,260.87641220949723,263.3323163614267,859500
2023-02-13,263.7094421386719,266.1469321364335,262.85399781689165,265.5674475563242,698000
2023-02-14,258.9172668457031,263.63589588845167,256.4429760925674,263.2771846419479,1689100
2023-02-15,261.6490478515625,262.67005117007886,255.74388555765532,257.5467046303662,2623500
2023-02-16,258.21820068359375,261.47430698113055,256.9948379992436,257.9422409169505,650800
2023-02-17,257.27996826171875,258.3101506542185,255.25640372512706,256.8936638997138,1141000
2023-02-21,255.25643920898438,257.6847226045294,254.39181570857892,257.1328310831518,880900
2023-02-22,255.973876953125,257.6847097063556,252.12905065787746,256.61772697053084,1148600
2023-02-23,257.2891540527344,258.1997566153371,251.9542693599816,256.78326997803566,1377300
2023-02-24,258.4480895996094,259.6530378278133,252.94761855266225,253.65586177928049,1507900
2023-02-27,262.5321044921875,264.5832622172769,259.7910614018485,259.7910614018485,1017900
2023-02-28,263.0472106933594,264.05897899392596,262.05380041267324,262.14578700464295,1038200
2023-03-01,265.1627502441406,268.19811115249695,261.860636651965,262.2101688437905,1038100
2023-03-02,268.6120300292969,270.0285448505244,263.61747001223466,264.5188655681718,1092800
2023-03-03,271.1415100097656,271.2518826856689,267.40708476642584,269.5870293266099,929100
2023-03-06,269.61456298828125,271.3989957091771,269.02589948993443,269.23743771527137,631100
2023-03-07,268.02337646484375,271.8957676517537,266.52408208142884,270.66322595548013,893300
2023-03-08,266.7816162109375,268.52924904627616,265.0615765440907,268.4004622130708,695600
2023-03-09,261.2994384765625,268.40957514798686,260.0944904244436,267.8485048953252,756700
2023-03-10,258.7148742675781,263.3507231954337,257.54672600851393,261.391523967039,860900
2023-03-13,258.4572448730469,262.59638734199604,257.8501672758249,259.3770543105911,980700
2023-03-14,262.97357177734375,266.73558985531815,260.3429296675591,261.81463071299316,1814500
2023-03-15,254.8240509033203,259.2851329278802,252.21179509531294,258.47569601575054,1293200
2023-03-16,257.2248229980469,258.6597241410635,252.95691982328105,253.3156310738505,900000
2023-03-17,252.70848083496094,257.81344096351023,251.8806578080063,257.81344096351023,1545600
2023-03-20,256.820068359375,257.9698305286162,253.58234819612323,254.29979866691517,726400
2023-03-21,256.4521484375,260.4993056332464,253.31559389144607,259.7174617490946,967000
2023-03-22,253.27880859375,258.3469694850126,253.07647738886598,257.0408553114202,1023300
2023-03-23,245.5340118408203,254.2446111162777,244.57740186087003,253.6007330764262,2001900
2023-03-24,246.20545959472656,247.0516687472339,242.72858026556125,244.14506690570673,1329500
2023-03-27,248.52340698242188,252.12904560465833,246.83096035376866,249.32363700066023,1078500
2023-03-28,251.60475158691406,252.80970004057076,247.98987815557976,248.47740424100837,743400
2023-03-29,254.1710205078125,255.02646492441139,252.94768586893488,254.14342733762328,751800
2023-03-30,257.2891540527344,257.8962317845904,254.85166411674152,255.99221908972777,808600
2023-03-31,265.8417663574219,266.15646720247946,257.44658956401526,258.12225998980983,1487400
2023-04-03,267.53558349609375,267.79475051305616,264.27745157189594,265.2493490708198,1173700
2023-04-04,264.0275573730469,267.4152587819273,262.86129163883425,266.5729588902279,1256600
2023-04-05,262.7594909667969,265.5455576858925,260.88052296363844,262.62065653249203,943800
2023-04-06,261.0193176269531,262.5465526657793,259.74198453179855,261.3340183791229,869200
2023-04-10,262.3429260253906,262.3521910688608,258.68682123431006,260.07522189481546,768400
2023-04-11,264.10162353515625,266.1379562832635,262.16712154799956,263.1482559865175,598400
2023-04-12,265.80474853515625,267.48932023418104,264.9254166272695,265.75845155484706,464400
2023-04-13,266.70257568359375,268.5445118747214,263.8794768498637,266.0639089972762,552500
2023-04-14,264.9161376953125,267.80400702465164,263.7499001566722,265.6658719155414,485500
2023-04-17,264.9068603515625,266.48036416987264,262.83349613348906,265.6750962971075,500600
2023-04-18,266.36932373046875,266.58222202478623,265.15678927619354,265.98055907282094,598400
2023-04-19,268.88702392578125,268.9518227590418,264.8328880300159,265.6936899675842,521100
2023-04-20,270.7011413574219,271.59897506197757,266.8691695931835,267.8688058043058,691700
2023-04-21,268.9516906738281,271.6729578633874,268.12789283376185,270.00686034587847,1026500
2023-04-24,271.4786071777344,271.52490414959186,268.9887396479302,269.62740623346866,626800
2023-04-25,268.3686218261719,270.6455912368929,267.59112076512287,270.45122303340236,550800
2023-04-26,264.4255065917969,268.21120871071537,262.44473649095505,266.8968720053238,847300
2023-04-27,269.70147705078125,270.50674496278776,265.5085079336794,266.71177727967546,977500
2023-04-28,272.45977783203125,273.21877709991895,268.60930421078643,269.35903843364747,930900
2023-05-01,274.1443786621094,275.3661782322225,272.959611025145,272.959611025145,450200
2023-05-02,270.8584289550781,272.8391989718284,267.4336964369195,271.7192304822582,818700
2023-05-03,272.0247497558594,275.57905235483565,270.48824950654233,271.7100207223473,703400
2023-05-04,269.4145202636719,273.2372545069502,268.5999873768515,272.1727914293063,710500
2023-05-05,274.625732421875,275.7364362870604,270.201362311556,271.02513222637003,730900
2023-05-08,273.58905029296875,277.56915036492427,272.4320493849164,275.8197514333448,1027100
2023-05-09,259.1125793457031,274.90331997757784,258.0018475621122,273.96845453050685,1863000
2023-05-10,260.0474548339844,264.27742737565313,257.8907899911046,260.1677591635957,1199800
2023-05-11,255.97482299804688,257.89082293227295,253.95702056104986,257.67795288208384,1234500
2023-05-12,257.3170166015625,258.3907168950189,254.64201679123607,256.95601873909186,694900
2023-05-15,258.510986328125,259.02005533338416,255.82675037413765,257.881556484368,678300
2023-05-16,255.0862579345703,258.5942920073268,252.8277902818968,257.25215988073995,663500
2023-05-17,255.65086364746094,256.8078642464319,254.60493058645758,255.5305310656344,770200
2023-05-18,254.95669555664062,255.5953622278722,250.58785961210165,255.17883066069038,788700
2023-05-19,258.15924072265625,259.51987459743776,255.64160621445805,256.1506751943271,1072000
2023-05-22,254.5401611328125,260.4084654580057,254.23472536817195,258.65909503906965,608100
2023-05-23,251.3005828857422,253.62384961557817,250.76374692376703,252.7907864116544,713600
2023-05-24,250.6896514892578,251.13394992560652,248.99581489852415,250.20834936852887,648600
2023-05-25,251.8743896484375,252.84628706808422,250.69888724722264,252.42975556722362,779600
2023-05-26,253.4572296142578,254.43839235272563,251.85595846647416,253.0036943061006,940900
2023-05-30,253.6793670654297,255.81750222406282,251.42089930743893,255.66940273616794,765100
2023-05-31,249.11611938476562,253.51272153485215,249.05132057377995,253.022126177747,1078300
2023-06-01,252.84628295898438,253.96625157482796,247.39448284467437,247.7832474556319,826700
2023-06-02,260.13079833984375,260.8712675147649,255.17882952217946,255.39172782733627,912100
2023-06-05,258.9644775390625,262.4077121404179,258.9182088181176,262.2688777305009,1093500
2023-06-06,257.7797546386719,260.6028250333664,256.0118541884833,257.8630552989944,740700
2023-06-07,261.40814208984375,261.75984660133406,254.04960578992467,256.2062428269316,755200
2023-06-08,262.29669189453125,262.78725906272365,255.78972107069103,255.78972107069103,642100
2023-06-09,257.8630676269531,261.51920129384047,257.17813222238647,261.51920129384047,881900
2023-06-12,258.177734375,258.8349310518376,256.2154658824979,258.7053334264043,663600
2023-06-13,263.6573181152344,264.3422534722513,257.03001489319763,257.59461766109825,1005000
2023-06-14,267.35052490234375,269.77559441730887,265.9065899507295,266.8136888806796,911400
2023-06-15,269.1275329589844,270.50666826797533,265.702800795854,267.4799656730694,649700
2023-06-16,271.3583068847656,272.68190880032535,269.1923768902868,269.63667529247726,1811000
2023-06-20,267.7762756347656,268.81297216344865,265.9250742041842,268.3779386973783,674200
2023-06-21,267.628173828125,268.59077812424016,264.221942116885,266.2860416453204,674900
2023-06-22,266.58221435546875,267.4985498296585,263.3148456552529,265.77694642395824,636500
2023-06-23,264.9624328613281,266.68403639316597,263.49073131882824,265.3049005587095,712500
2023-06-26,265.0827331542969,266.72103582337974,263.8424036624189,265.7584034217922,721500
2023-06-27,269.729248046875,269.86808247397744,265.258581764575,265.258581764575,546000
2023-06-28,269.6459655761719,270.1365327497428,266.9339626778853,268.76663373340904,606600
2023-06-29,272.8207702636719,273.32060248478996,267.12833236051415,268.36863374492066,567800
2023-06-30,278.9010314941406,279.8135480236249,274.8413232285051,275.5024167749956,1031700
2023-07-03,276.6104736328125,278.59378276853397,275.37205626286277,277.61608035818426,456600
2023-07-05,268.13720703125,275.3162033372403,266.19115091994684,274.3385292981734,1387600
2023-07-06,268.0160827636719,268.4164612866228,262.36412471030195,266.2376235290425,883400
2023-07-07,267.0849914550781,270.47431405194874,265.8745353366512,266.6752924946697,890600
2023-07-10,270.0460205078125,271.6848166296878,266.87086722958,267.0850371278075,562700
2023-07-11,268.7703552246094,272.4110726866424,267.3736618542243,271.2192288138791,625300
2023-07-12,273.98468017578125,274.2919402113445,267.7181724181989,271.6103128353949,1024900
2023-07-13,278.3609924316406,279.2455478257542,273.7518930697589,274.33850881572187,843800
2023-07-14,278.06298828125,278.90099848852816,276.82457110809213,278.314382818695,711500
2023-07-17,278.6682434082031,279.1896732952745,275.95865502228,277.68124909226106,809300
2023-07-18,277.718505859375,279.8880236235248,275.5489596794272,278.13749680139637,544200
2023-07-19,278.0257568359375,279.4503828240457,276.0238355137433,277.23429163903364,675600
2023-07-20,280.5863342285156,281.07051094902533,277.522912683355,279.6272727522597,752700
2023-07-21,281.8899230957031,282.3275547672121,279.4596905735204,280.01837353524616,667900
2023-07-24,281.29400634765625,283.1562638826744,279.2641524542772,282.38341109279673,653600
2023-07-25,284.7857666015625,285.47479286269925,281.42437665151925,282.5976081044149,739800
2023-07-26,282.141357421875,284.3108751047471,280.70741105937157,282.64414653346444,1109100
2023-07-27,282.02960205078125,283.88253917892376,281.2008838198104,282.1320125741806,994100
2023-07-28,282.53240966796875,283.95703561905486,281.75026487284265,283.95703561905486,560300
2023-07-31,284.3016052246094,284.6740795574574,281.76893320657365,282.1320871563599,1146600
2023-08-01,281.5826721191406,284.7671167961745,281.38714302179915,282.77451588164513,886900
2023-08-02,278.7054748535156,282.02961143703897,278.0816060643749,279.44104613457665,992400
2023-08-03,262.4107666015625,272.96976544816096,261.9265613631242,270.0273945664375,2357700
2023-08-04,264.8409729003906,271.07954758325576,264.254357176337,266.08868215380414,1263000
2023-08-07,267.51336669921875,268.3606975509518,264.55238311786854,264.71068756050596,863900
2023-08-08,264.0122985839844,265.12034425799175,261.4330533221928,265.12034425799175,645700
2023-08-09,265.7441101074219,267.73673905110763,263.15557360600934,264.58951967846974,617700
2023-08-10,266.59149169921875,268.5934129904607,264.5616376798496,266.9267128525421,856000
2023-08-11,268.9007263183594,269.0683227026437,265.8093715122743,265.8559165915313,646600
2023-08-14,270.7071228027344,271.6568640772755,267.3923061004539,267.9975342190085,694000
2023-08-15,265.50213623046875,269.14282560813024,264.58961958239234,268.77037969194873,624400
2023-08-16,266.2283630371094,267.4388191291513,264.7571635979485,265.502083698725,640900
2023-08-17,264.9061584472656,268.4072120245448,263.928484518788,267.1687947382892,735500
2023-08-18,265.2041015625,266.65666016206353,262.0848145178212,262.96007782983963,716600
2023-08-21,265.5672302246094,267.7088434587096,264.49643781545683,265.5858709862367,477700
2023-08-22,265.4369201660156,266.88947896483967,264.3847399711164,266.88947896483967,353600
2023-08-23,266.0700378417969,266.7404516722033,263.3139047238125,264.7664632870606,446300
2023-08-24,266.8895263671875,268.28621995380087,264.17061701562653,264.84103107383305,391600
2023-08-25,268.4444274902344,269.4500625288698,266.3400956793797,268.61205227387126,381200
2023-08-28,269.8970031738281,271.2936964920511,268.7796655687287,269.0683132478976,694900
2023-08-29,273.435302734375,273.52842130295454,269.4314316118349,269.96218187852054,389500
2023-08-30,275.16717529296875,276.0331466809881,273.276984948107,273.77980246118335,404800
2023-08-31,275.13922119140625,276.54523467624864,274.37571722365703,276.06105796306696,662400
2023-09-01,277.4949951171875,279.8973233372439,277.3087864064162,277.9978126262824,520000
2023-09-05,272.5414733886719,277.7930262441801,272.4948998885546,277.7930262441801,716400
2023-09-06,273.14666748046875,273.89155923137383,271.08888057555936,272.4669331563137,422900
2023-09-07,271.9920349121094,274.49677379351414,270.63259474664204,272.7276346605146,566300
2023-09-08,277.95135498046875,279.2083565248943,271.4706760259756,272.3552600317168,786600
2023-09-11,281.94580078125,282.8303845436725,278.91963205773743,279.1710550301086,669600
2023-09-12,281.331298828125,283.24010170234465,279.478332998712,280.8005485365736,646000
2023-09-13,282.25311279296875,283.8919087778325,280.1301400015768,281.42439441832306,627300
2023-09-14,285.0185546875,285.67032785135996,282.60693430804184,283.9943072405221,550900
2023-09-15,281.3033142089844,286.51764128485485,280.4094384980855,285.2978648037522,1354600
2023-09-18,278.9010314941406,281.10780238691757,278.6868616226642,280.85640781972216,665500
2023-09-19,278.6216735839844,279.47829614417304,275.1485530234104,278.6868310022326,579100
2023-09-20,274.5154113769531,280.29771351584225,273.93811604278926,279.08725739038874,593600
2023-09-21,267.2991638183594,274.7854192577853,267.13156744638655,272.9697350631517,768300
2023-09-22,266.8987731933594,269.7293842893989,266.16317348404965,267.21535357584554,612600
2023-09-25,269.6642150878906,270.47432106410764,265.3996574186382,265.70691743901193,586400
2023-09-26,266.95458984375,269.6362164314618,266.1072593797412,267.5132442896541,741600
2023-09-27,265.6138000488281,268.26749429096606,264.3753828810886,267.1222240984881,670000
2023-09-28,267.1129150390625,270.13908364732816,265.2879105425005,266.2004269986795,1100200
2023-09-29,265.50152587890625,270.60733599954443,264.7707888621558,269.57680210663904,695100
2023-10-02,261.4543762207031,264.8551240635374,258.2035268287884,263.56227494078655,1015400
2023-10-03,263.9932556152344,265.72642258129196,259.805562158852,259.805562158852,1265900
2023-10-04,266.8880920410156,268.2464985278161,264.18997706253964,266.8787144532466,1086700
2023-10-05,262.1850891113281,268.17153464736526,259.4401436707349,266.5133314330234,827600
2023-10-06,263.309326171875,264.3960684521002,258.906148708049,261.7448129767871,875800
2023-10-09,266.3165283203125,266.5413902327739,262.00707049588436,263.32799485437647,584400
2023-10-10,269.7267150878906,272.08755128694463,267.8436498088777,268.5650378679092,906200
2023-10-11,272.5185241699219,272.74335754746534,269.94220355481576,270.60735469018556,845800
2023-10-12,267.7406005859375,274.04554113235105,264.74268895650346,273.94250203650256,1256300
2023-10-13,267.4314270019531,272.34985702292926,266.7287941418137,269.99839849233484,577400
2023-10-16,268.9866638183594,271.98457626745943,268.52761937460923,269.4644634411765,551500
2023-10-17,272.52789306640625,274.08305741844873,268.45261625963195,269.1552492059652,780600
2023-10-18,265.48284912109375,271.50674899398734,265.098739662094,271.50674899398734,520600
2023-10-19,262.88775634765625,266.61640540882195,262.33502187055956,264.349259152948,471900
2023-10-20,260.97662353515625,263.4873584356666,260.2739905793278,261.8103997758311,669200
2023-10-23,257.32293701171875,261.1920784596068,256.94817656437914,259.318390583741,722600
2023-10-24,259.7305908203125,260.779851402298,257.2854419916006,258.4752234389937,673200
2023-10-25,257.1448974609375,260.3769914286863,257.03245218875327,259.46825179574046,687300
2023-10-26,260.1240539550781,262.0820540739032,258.1941580067547,258.66257990858475,745100
2023-10-27,258.70941162109375,262.02584670359346,257.81942715844207,259.45890382092074,648200
2023-10-30,262.9720458984375,263.20625683044887,259.524439250677,260.44255639663413,668000
2023-10-31,264.6021728515625,265.9043709045132,260.9953183986656,263.1313211811539,871700
2023-11-01,265.51092529296875,266.3728056450135,261.89469307879835,265.16429763463293,1121000
2023-11-02,271.3287353515625,271.5254645722709,265.3797706578629,266.4852682275668,856700
2023-11-03,274.6826171875,277.2682866679685,273.10869785436637,273.7926041297817,1011600
2023-11-06,272.9025573730469,275.5819452121246,271.2630809040597,274.68258326867925,1242300
2023-11-07,238.3892822265625,255.81456851872605,237.97706866286987,254.5779278276482,4484500
2023-11-08,243.5138397216797,243.97291269599492,235.73804641555688,240.5534094251473,2465000
2023-11-09,247.3173828125,247.617179686754,242.32401799473482,245.94959888524593,1909200
2023-11-10,248.69454956054688,250.45582049610252,246.3992993823548,247.05507289460792,1554500
2023-11-13,248.29168701171875,248.85379895506628,245.6404318953744,247.11125478970905,1110300
2023-11-14,251.458251953125,254.46551259566996,249.20045492691006,250.13729874242475,1759300
2023-11-15,256.3392333984375,257.00438458827006,250.9336541758789,251.42080273051275,1262000
2023-11-16,256.32049560546875,257.11681863492936,253.95028169273493,256.2174279100246,1537100
2023-11-17,252.93846130371094,256.68583669468956,252.27331017706973,256.2174147708172,1537400
2023-11-20,254.9620819091797,256.43293381060477,252.16092757465367,252.93849549369614,1540100
2023-11-21,258.8874206542969,259.9460587570505,255.7770922758112,256.2267876068637,1245200
2023-11-22,256.9481506347656,259.93668478240386,256.4141713725879,259.8898540263163,1004800
2023-11-24,257.1636657714844,259.17787455766376,257.1636657714844,257.7070226859546,399800
2023-11-27,254.51242065429688,256.7327363476029,252.3857664883057,256.41421282018695,1159000
2023-11-28,251.4488525390625,254.56855818443452,251.03663900880193,253.88465196600177,893800
2023-11-29,249.65017700195312,253.69732099009073,249.106791520214,252.70426872645155,1096200
2023-11-30,253.46302795410156,253.99703567493376,248.94746346989785,249.65009617935132,2341800
2023-12-01,255.4210662841797,257.73504265150194,252.79788691185857,253.50989723423416,1706200
2023-12-04,253.08831787109375,255.3461146013804,251.78612000511302,253.82843239360113,1782300
2023-12-05,245.47181701660156,252.7230079081064,244.58183250694498,252.25458597980116,2196300
2023-12-06,244.778564453125,247.42047102000555,243.85109817355868,245.81847601251667,1313000
2023-12-07,245.4624481201172,247.35486226458127,244.52560433945519,245.58424238603575,1408500
2023-12-08,246.6428985595703,248.00133373491565,245.9590207678824,246.1838541689624,744100
2023-12-11,247.85140991210938,248.33855842801015,245.89340967081208,246.6241467397661,1120800
2023-12-12,250.4558563232422,250.5120646726128,246.31502210516234,248.62902778828044,1284300
2023-12-13,252.31082153320312,253.38818636644717,247.07386724082164,249.85629493862024,1367600
2023-12-14,253.7066650390625,256.1330870296592,252.94782385471464,253.3225556534957,1372800
2023-12-15,253.75350952148438,255.5054315231821,252.6574182359925,253.21015267238496,3312900
2023-12-18,254.07205200195312,257.5852162796892,253.99708848684713,256.30171624778484,1384700
2023-12-19,255.3087158203125,256.61094269970005,253.53809553254246,255.9738956432648,1340400
2023-12-20,251.21463012695312,256.23612717968314,251.08348687706345,254.44675229831296,905100
2023-12-21,254.57791137695312,254.662223883596,251.51444260811948,253.15391916998075,790100
2023-12-22,255.6084747314453,256.99501393346395,254.9527011851084,255.52416221506795,756200
2023-12-26,257.5102233886719,258.4002363402502,255.9925411682547,256.1799213444399,446100
2023-12-27,258.2784729003906,258.3815119964457,256.0768842234432,256.8919337657121,759800
2023-12-28,256.91070556640625,258.25976303064374,256.70459877075314,258.2222812704688,531800
2023-12-29,258.1552734375,259.1830170221364,256.4581355207906,257.06158023933574,886000
2024-01-02,257.84417724609375,259.1641767808772,256.76930198459246,256.76930198459246,1109200
2024-01-03,255.38328552246094,257.4575909791784,254.37444624353222,256.45816074289564,1117600
2024-01-04,254.80810546875,257.67441006797424,254.69496678798757,255.37382764638738,956800
2024-01-05,254.7137908935547,257.40094941695776,253.08266043520652,255.46809665430823,777400
2024-01-08,257.2501220703125,257.34441389952553,251.64952694621155,253.2241170499722,912200
2024-01-09,252.77149963378906,255.52466529890754,251.35720870674973,255.52466529890754,831600
2024-01-10,251.70611572265625,252.0361227634677,248.77383239237346,252.0361227634677,922000
2024-01-11,249.4715118408203,252.75267747065487,247.98180457929578,252.1115390934836,1046200
2024-01-12,249.037841796875,252.3661394582169,248.358980831516,250.76326449800465,1201600
2024-01-16,245.56808471679688,248.90579093054563,245.14378588554166,247.52922234339798,1435200
2024-01-17,245.27581787109375,245.36067188869407,242.31522120139817,243.31465132934986,1201300
2024-01-18,245.1720733642578,245.57749657060953,242.31520651620656,244.42720533424884,1157300
2024-01-19,245.7472381591797,246.08665421562662,242.54148861010657,245.29465464342402,2509600
2024-01-22,246.02064514160156,247.79322793055522,243.03179271935997,243.71065360079274,1501100
2024-01-23,248.19866943359375,248.91525285398026,245.54923286989515,247.35953827840854,1539800
2024-01-24,242.46607971191406,249.3678274724167,242.4189194089921,248.18925150677734,1768600
2024-01-25,248.58526611328125,248.66071109728617,243.5975239842325,244.31410746312596,1936400
2024-01-26,246.93521118164062,250.9612447794715,246.34120433777542,250.9612447794715,873200
2024-01-29,246.20924377441406,247.24639640272028,244.91752909027142,246.93523622731445,1192400
2024-01-30,244.46493530273438,247.28407975137534,244.34235880082358,245.07778903846153,2053700
2024-01-31,241.09893798828125,246.32238041399526,240.82550030359013,246.19036609247965,1941500
2024-02-01,244.72894287109375,245.33238758448323,241.5137841437702,243.08837431403597,1517100
2024-02-02,243.41836547851562,245.1437879408467,240.90091468802436,242.41890664037552,1934600
2024-02-05,205.56251525878906,215.00997009849158,204.62907788925074,214.02940119857288,7998200
2024-02-06,205.59075927734375,207.41047335237357,200.11274142477222,206.21305073398128,4983100
2024-02-07,203.07333374023438,207.07105373466493,200.89532791554944,205.86419323971472,3469400
2024-02-08,207.34449768066406,208.14592063459108,201.58361829234644,201.80047222259583,3243700
2024-02-09,207.27850341796875,207.37279524754794,204.12935197204445,206.94851078826815,2381700
2024-02-12,209.87136840820312,210.61623644856755,206.5996404934337,207.7876542320116,1946400
2024-02-13,205.17591857910156,209.8996455316,203.9784814554827,208.10821594696478,2769700
2024-02-14,204.61021423339844,206.8448040819718,203.94079113121572,205.47764443111822,2117100
2024-02-15,213.9822235107422,215.4059523123119,207.67448340519428,208.50420538825944,2429400
2024-02-16,213.88796997070312,214.82139291901314,213.0016785510408,213.9068168273968,1694100
2024-02-20,215.05709838867188,215.1890983141284,212.38880082195328,213.51080738179007,1927100
2024-02-21,215.06655883789062,216.73541213103138,213.98226026253465,215.91512782128714,1582300
2024-02-22,218.2722625732422,218.60226958891735,214.12368104799768,214.66110419171318,2181200
2024-02-23,219.48854064941406,219.96940882417442,216.5279585644837,217.9893955576722,1795400
2024-02-26,216.25454711914062,218.67769182061565,215.45310970862826,216.9428314539757,1657100
2024-02-27,218.48912048339844,220.54456442700913,216.48083684221277,216.85797539247775,2338100
2024-02-28,219.13027954101562,221.15742448367934,216.62226638808102,217.8008423749585,1793600
2024-02-29,220.66714477539062,224.07087298499528,220.10143690325222,220.5257214040847,1726300
2024-03-01,222.51512145996094,222.97712837448404,219.13025505671285,220.35597682349342,1292400
2024-03-04,224.7874298095703,225.82456797911868,221.94940980821377,221.94940980821377,1861700
2024-03-05,225.89059448242188,226.62602476293077,224.14629622995778,224.4197339214041,2566600
2024-03-06,229.20944213867188,229.9542957621255,226.94656782441257,228.23829676771857,2325400
2024-03-07,231.1611785888672,233.82947635597185,230.32203305967917,231.94375477245595,1993000
2024-03-08,227.80459594726562,231.9343308094632,227.62545009533812,231.51003194461856,1726700
2024-03-11,233.77288818359375,235.09288743098386,228.56829300390334,229.35086912446775,1452000
2024-03-12,230.87831115722656,234.01803923430862,229.9920197353164,233.3863242475439,1632600
2024-03-13,233.16001892089844,234.87603232084223,230.96316612448825,231.44401990786733,1144500
2024-03-14,231.13287353515625,233.26373355734452,230.72745033616857,232.55658802588098,1416100
2024-03-15,230.6520233154297,232.51888351899126,229.11515573283353,229.454586168655,2369600
2024-03-18,231.5760040283203,234.64972455749785,230.5954352859221,230.5954352859221,1172400
2024-03-19,228.00257873535156,232.1794446821904,227.28599540403843,231.84943768625277,1156600
2024-03-20,225.29656982421875,226.77686808436897,224.0614245628727,226.0980072039949,2848600
2024-03-21,222.03427124023438,225.88114461950968,221.95884065786672,225.51341513537517,2328600
2024-03-22,223.18455505371094,223.9199852238019,221.53454888470213,221.57225698118103,1153800
2024-03-25,223.98597717285156,225.16455300356148,221.76082542899476,222.48683216904743,944200
2024-03-26,224.24057006835938,225.475715327854,222.7131402832638,225.475715327854,1097100
2024-03-27,229.20944213867188,229.21886556639217,224.94770774235914,225.23056883000564,926600
2024-03-28,230.10223388671875,231.22296260211465,228.6870624398443,229.58934673472655,1439900
2024-04-01,231.19447326660156,232.36269369420668,229.39939719786912,230.72907780714067,851300
2024-04-02,227.7942657470703,231.47940115763856,225.36284157646367,230.8715451149869,1227300
2024-04-03,227.56631469726562,229.18093085191188,226.90145996379633,228.06018773779158,1009000
2024-04-04,225.20140075683594,229.31393280998887,224.70751315084593,229.00999751632347,829600
2024-04-05,226.69252014160156,227.7467720413874,224.7454910092567,224.98293500026764,1588700
2024-04-08,225.69528198242188,228.72506982799655,225.39134669734872,227.49035809414298,1013600
2024-04-09,227.62332153320312,227.67081323208484,225.1159134520256,226.87299037119473,890800
2024-04-10,224.06167602539062,224.9354682702054,222.8934410253986,223.7672477626461,1407400
2024-04-11,224.3845672607422,226.26511957609443,223.14985563235564,224.6220112472615,1737600
2024-04-12,219.9016571044922,223.5487938143328,219.0943416304823,222.55154051311627,1520100
2024-04-15,219.5502166748047,222.49451348596273,218.12555271999014,221.42127649485562,1307400
2024-04-16,216.32098388671875,219.51223193475738,216.10253945718352,219.0183588325414,2590000
2024-04-17,217.50819396972656,218.59093801722105,216.3209739837707,217.66016160611247,1452500
2024-04-18,221.3168182373047,221.80119880335883,217.00482687386176,219.32228274426794,1302000
2024-04-19,220.00613403320312,223.88122223931563,219.3032945057323,221.36432138491523,1797200
2024-04-22,222.58950805664062,222.79845993989986,217.67916778491235,220.28154479788884,1591200
2024-04-23,221.97215270996094,223.37781711544613,220.43350575331502,221.74420125538302,1175200
2024-04-24,222.89344787597656,223.27336701089843,220.11061086328544,220.75645165400292,1297300
2024-04-25,223.27334594726562,224.12813855844058,221.74420599299305,222.7034745448611,1037600
2024-04-26,224.22312927246094,226.42660214929612,222.68449672516948,223.0834009228957,1251400
2024-04-29,226.16064453125,227.5093246408889,224.71699552208858,225.09690010504033,1623400
2024-04-30,224.47007751464844,225.23939382835553,217.31826472009524,220.89892463539792,3555900
2024-05-01,225.56228637695312,228.77251910208162,221.79167484994775,222.22856365335582,1845100
2024-05-02,231.450927734375,231.868831514787,223.3303396157184,226.68304790979755,1811400
2024-05-03,233.52142333984375,234.9650869353896,231.82133065571094,231.96379126048146,1559500
2024-05-06,235.16453552246094,235.30699612071797,232.59063627197833,235.0030608545281,936900
2024-05-07,236.16180419921875,236.45624694233214,234.14828365203158,236.13331207769681,1099800
2024-05-08,233.90133666992188,236.4847285171986,233.40744909818122,236.11431646150098,891300
2024-05-09,238.02337646484375,238.20383623312887,234.3097486312435,234.93660430241317,840300
2024-05-10,237.9663848876953,240.2173494192028,237.3300366929106,239.21058915603797,1555100
2024-05-13,237.69093322753906,240.9866570609666,237.49148838608252,238.94464448642015,2289400
2024-05-14,236.07632446289062,239.52401604212275,235.89586470087445,239.12511185408107,1613400
2024-05-15,238.96365356445312,239.1251137495285,236.114325490914,237.5579746136228,1068100
2024-05-16,244.1304168701172,245.16566917135432,239.47650604698853,239.84691808561607,2746000
2024-05-17,249.5061492919922,249.7720853939432,243.00967089344857,245.0421908111774,2877900
2024-05-20,252.83990478515625,253.04885670086443,248.02456165679632,248.4329584514042,2246000
2024-05-21,251.36770629882812,253.8276225301039,250.47491458741692,252.7448640348284,1900200
2024-05-22,251.3582000732422,251.40570626179203,248.1479527156895,250.00953445199434,1060000
2024-05-23,249.79112243652344,251.8806415185325,248.28098186651712,251.21578663292945,1466500
2024-05-24,251.32022094726562,253.0583273106583,250.2185062610675,251.32972798270558,1070600
2024-05-28,251.33921813964844,252.0135509587261,249.8005857146358,250.93082143125366,1207700
2024-05-29,247.19821166992188,250.9023615962303,246.5238787640753,249.32572981400278,1109100
2024-05-30,247.41664123535156,248.36641720938363,245.34613656832866,247.7585466732691,1185600
2024-05-31,253.3052520751953,253.5236819887413,247.45462886936104,248.36640564622084,2569000
2024-06-03,257.3038330078125,257.91167460726734,252.3744929928926,252.88738017530417,2101800
2024-06-04,256.7244567871094,257.56977139114736,253.96063396604785,256.2495687582876,1453800
2024-06-05,256.7529602050781,258.3201139570277,255.44229353515493,257.36083082144796,804100
2024-06-06,256.1736145019531,256.53453406267494,253.7611750578125,256.22109171368317,1341300
2024-06-07,265.4908447265625,267.07698316454804,254.95783392765452,256.7434171802844,2225300
2024-06-10,268.1312561035156,268.60614409618734,264.44612064280506,266.83957467618274,1942000
2024-06-11,266.70660400390625,268.9385834658423,265.95627282630556,266.92506292481545,1700700
2024-06-12,268.8340759277344,269.35647010062286,266.6116036426226,268.43518625302477,1400200
2024-06-13,270.9805603027344,272.21525738149006,268.2736931848435,268.7011039347222,2049400
2024-06-14,261.3213806152344,270.2777612724624,261.0554155117375,269.28998612402427,1503300
2024-06-17,259.39324951171875,261.321322171686,257.5127120165493,259.69718471785853,1217500
2024-06-18,260.9034729003906,262.3566289881707,257.92116241502373,259.00392094329965,1160600
2024-06-20,258.405517578125,261.5397662298972,258.3390263135166,260.16260866436136,1146600
2024-06-21,259.203369140625,261.45433360135763,254.87239294114525,255.30928178117387,2500400
2024-06-24,257.2943115234375,260.17213163196783,256.8859148015183,260.17213163196783,2891100
2024-06-25,253.6757049560547,256.71500018843653,252.06110291405668,256.5725395648584,3646000
2024-06-26,250.4559783935547,252.6594369982564,245.93503471579515,252.5644825726503,6456100
2024-06-27,249.85757446289062,251.69063515120976,248.242943700051,251.67165006612626,2748000
2024-06-28,245.0896759033203,249.2687133325895,244.4628492737921,248.43290584673565,2606700
2024-07-01,236.54005432128906,246.63895637160738,235.91844199065378,245.32878121094822,1974700
2024-07-02,240.0402374267578,240.88181743076984,235.25855939036822,237.71634890548364,2832500
2024-07-03,241.95294189453125,243.32049499647948,240.26022355110115,240.38455186674202,763700
2024-07-05,241.63731384277344,243.18657284222874,240.96788184254726,241.6277557400999,1381400
2024-07-08,243.7699432373047,244.22899484064843,242.70841011742294,242.96662482023837,1182000
2024-07-09,243.57867431640625,244.72627411750074,242.78491401758075,243.16745701296102,1740800
2024-07-10,244.4967803955078,246.46682953688403,243.01445719152764,245.4913776620919,2172300
2024-07-11,246.73458862304688,251.07636048613375,244.57327538686658,244.95581838830785,1410500
2024-07-12,249.9000244140625,252.21436913995677,247.07882304616004,249.49837985211647,1054700
2024-07-15,248.49424743652344,250.0530791882975,247.55702800934006,248.80028184356874,998500
2024-07-16,255.84848022460938,257.52206764447266,247.91090585013444,248.9533082265863,1210800
2024-07-17,258.66009521484375,260.0467935319977,256.03017227096655,256.0875500731201,725300
2024-07-18,254.9495086669922,260.8596557764098,254.85386926827036,256.0301725839503,696900
2024-07-19,251.43020629882812,255.49463276372353,250.47387066002923,255.49463276372353,762600
2024-07-22,237.69723510742188,251.51628270241468,237.19993647016426,251.3919543949692,3865900
2024-07-23,244.82192993164062,244.82192993164062,237.5824619522973,238.51010871358085,3224100
2024-07-24,248.83853149414062,248.89590929457603,245.04187804508666,245.21401144639285,2826900
2024-07-25,247.34664916992188,249.3645032410176,246.12251160616663,246.35205199189366,1760200
2024-07-26,249.58450317382812,251.9657697436526,247.39448623426225,248.59947856359494,1042900
2024-07-29,254.13662719726562,254.73912332851998,249.60360553932995,250.1008895724845,1539600
2024-07-30,252.6925811767578,255.65719836566603,252.43435187091552,253.10379850489048,964600
2024-07-31,252.32916259765625,256.3457547451259,251.9370614859305,254.28963897123754,1813000
2024-08-01,274.9177551269531,283.07529541178985,269.6865990071782,276.00796237224966,3842800
2024-08-02,269.4380187988281,273.4833294368579,265.27798172804074,270.4517323361982,1832100
2024-08-05,266.310791015625,268.7876968598727,263.38440624612474,263.5852285618616,1111500
2024-08-06,266.3968811035156,269.82057939253883,265.66051309115227,266.58815992532334,838500
2024-08-07,265.32574462890625,270.93942979229485,265.26836682913074,268.3955736570793,1167900
2024-08-08,267.0184631347656,267.86961585446136,264.8189028593374,264.90496956384925,940800
2024-08-09,266.081298828125,267.8887581691244,264.6850276587253,266.8080941320747,1228700
2024-08-12,261.968994140625,265.63177569574776,261.0796090701814,265.51702009763187,1375600
2024-08-13,264.4745788574219,265.2300920971057,261.72990055893916,262.7723027832906,695300
2024-08-14,264.4172668457031,265.1440913677491,261.3665534145487,264.1590666952638,706600
2024-08-15,261.9211730957031,265.86127071146024,259.9224353900416,265.39267565265754,846400
2024-08-16,263.9869079589844,264.04428576469354,261.3856737549895,262.3802418439812,764900
2024-08-19,262.1985778808594,265.2684073782892,261.76821513171166,263.3079016361221,548000
2024-08-20,261.4812927246094,263.3748185351297,260.2380389329578,261.33781903650026,564400
2024-08-21,263.48956298828125,264.4745874476933,259.9989440312413,261.1274129876463,598600
2024-08-22,262.44720458984375,263.98692027500374,261.40480215742986,263.6713131438303,545800
2024-08-23,263.81475830078125,264.3407604589885,262.0646767706867,263.5565581624214,514200
2024-08-26,266.588134765625,267.42971480607224,263.7095551238789,263.7095551238789,1058500
2024-08-27,265.7752380371094,267.5922698943762,262.90623115141,266.6741958627656,1595300
2024-08-28,264.70416259765625,267.5157918482157,263.37484198580546,266.0047651212911,670200
2024-08-29,265.0006103515625,267.23843223573016,263.60436849598045,265.45008926750944,506700
2024-08-30,266.6741943359375,267.0758389540094,262.39937293331883,265.7561203095833,919000
2024-09-03,263.17401123046875,266.3299072179041,261.9020684657101,264.45549750594455,1600000
2024-09-04,262.67669677734375,266.8176168424758,262.40892399235884,263.7955930204775,718500
2024-09-05,261.6055908203125,263.38439020651447,259.0426184254006,262.64802230362415,1008700
2024-09-06,256.9769287109375,263.0018604505437,255.67632631486018,260.9170266797021,1066100
2024-09-09,261.86383056640625,261.9881588685573,256.73785638684984,257.4359919069804,1244900
2024-09-10,263.2122802734375,263.92953203496467,260.08504391474787,262.38024371462495,771400
2024-09-11,265.583984375,266.32992506848353,258.3349724657654,264.91456688267124,914400
2024-09-12,267.7930603027344,268.1756178566252,261.80641982692094,265.23966082227145,1400400
2024-09-13,271.7236633300781,273.9806015418533,267.5253356566663,268.67295015471916,1044800
2024-09-16,276.25665283203125,277.30862780135527,273.81800879022865,274.46830997670327,1311500
2024-09-17,278.41796875,279.12564770611607,276.4957249869834,276.96432005954193,1056300
2024-09-18,274.75518798828125,279.2308604801561,274.1909535238985,279.0586979029361,1016900
2024-09-19,275.1568298339844,278.81003816435816,274.96555107483897,277.5572410915665,958300
2024-09-20,275.4055480957031,276.32362213822944,273.25379290584465,274.2675063493742,4148400
2024-09-23,279.2978210449219,280.2924183145875,275.6254955704431,276.5149099251208,1539100
2024-09-24,282.6832275390625,284.53852087904244,280.67491700572856,280.67491700572856,1294600
2024-09-25,282.8076171875,284.1560541354939,280.68455059481516,284.1560541354939,1349400
2024-09-26,286.38427734375,287.33106952198307,283.0944802377795,283.11362562999676,1798700
2024-09-27,287.2449951171875,288.8420886792135,285.46622461084905,287.86663670977475,1057100
2024-09-30,284.7393493652344,288.43081992064543,283.6395692732112,286.90067713889545,1031000
2024-10-01,280.37164306640625,284.4988666698011,280.0734084061659,284.4988666698011,1267400
2024-10-02,278.99591064453125,281.23748556011327,277.6682702342755,279.9579655088227,1347000
2024-10-03,274.7436218261719,279.1306191235454,274.1567824374573,278.2936067094537,982200
2024-10-04,274.6666564941406,276.25404110634065,273.1947137650703,275.1957749116794,919000
2024-10-07,300.824951171875,301.12318584423184,289.86713169024574,294.3888014962778,4243100
2024-10-08,298.5833435058594,300.5748041873861,294.19637552775106,297.52510660765876,1556600
2024-10-09,302.056396484375,306.2413414256254,298.43906044546986,299.7186099816003,2375200
2024-10-10,302.67205810546875,311.58069528908044,301.29632673517926,302.06598822035016,2574100
2024-10-11,304.6442565917969,305.9141758911456,303.5186396311058,303.76878325783287,775700
2024-10-14,308.1846618652344,308.44440611770676,304.0189770837214,304.85596014571786,1058000
2024-10-15,310.9649658203125,312.20599530256214,307.9440998281756,309.2236490804917,2092400
2024-10-16,314.3033142089844,316.2466543312384,310.8110505951717,311.59031263268236,1886500
2024-10-17,316.2947692871094,316.54491294857155,312.1964355022309,314.30333801794075,1182000
2024-10-18,319.4984436035156,319.56579449396327,315.5925029917577,317.4300314052042,1074100
2024-10-21,318.9788818359375,319.8158648004887,316.49679341142064,317.8821546491544,857800
2024-10-22,317.8340148925781,318.0456681065225,314.514943706117,317.5646407438835,1246900
2024-10-23,314.226318359375,317.83402367890045,312.71588535263425,317.2183239046836,1045100
2024-10-24,309.87786865234375,313.4374539309978,308.23276310291067,313.0526378683843,1588200
2024-10-25,305.95263671875,310.5031661916428,305.8275942650582,310.5031661916428,1294800
2024-10-28,306.18359375,307.8190694208808,303.50908237330344,307.8190694208808,1185600
2024-10-29,303.33587646484375,305.0771933601548,302.64319581215324,304.7597281841474,1579400
2024-10-30,300.90185546875,303.5956264013352,300.08413241380384,303.5956264013352,1042900
2024-10-31,298.74688720703125,302.38345331465524,295.47590663481435,297.034430772427,2280900
2024-11-01,297.4769592285156,300.7383391231683,297.1883545296892,298.08305845563393,794500
2024-11-04,294.4753723144531,299.48766997803193,293.5806683295895,298.8334797112231,1608000
2024-11-05,294.7447509765625,296.74584158250934,291.7142839550063,293.9462583387219,1502800
2024-11-06,295.0910949707031,299.7185764545254,290.367402129879,299.7185764545254,1871400
2024-11-07,300.949951171875,306.53948649771263,291.02153985674437,298.0060662083714,2141700
2024-11-08,301.1135559082031,302.68171010394553,296.7747082427085,299.15098503707685,2585100
2024-11-11,301.9986267089844,303.0857533338216,298.3716906714111,300.9115000841472,1940800
2024-11-12,299.31451416015625,303.67262165903503,297.6694085108008,302.30652014984383,1021000
2024-11-13,301.017333984375,301.161636329352,297.1402250386412,298.7180089692747,955200
2024-11-14,303.8939208984375,306.31828879177675,299.3241599070664,300.74798243634746,1081200
2024-11-15,305.0675964355469,305.37546103145394,302.14294149359745,303.4994423447031,1113000
2024-11-18,315.4482116699219,315.64060504418296,307.4631379686173,308.4155629741153,1898400
2024-11-19,315.5539855957031,315.59247600975186,310.22419359392154,313.55292445892275,1881500
2024-11-20,315.4096984863281,318.103440408257,313.16809417309355,315.8618654546074,1694300
2024-11-21,316.400634765625,317.6609243938381,313.5433304067906,314.457264988085,1972000
2024-11-22,319.2386474609375,320.0660298976348,316.4679541592959,317.21835576674584,2200200
2024-11-25,321.2974548339844,323.6545009266097,320.36426046844673,320.36426046844673,2640600
2024-11-26,322.07672119140625,322.9425646836367,317.84368572749213,321.22050764273325,1785000
2024-11-27,320.5758972167969,323.4620615770611,320.1525907618582,321.23971736842424,1293800
2024-11-29,321.643798828125,321.92280296723214,318.73840362640965,320.2680673801316,769800
2024-12-02,322.88482666015625,323.1542008292571,318.82495423754744,323.1542008292571,766200
2024-12-03,318.0938415527344,324.21249653419125,316.6796196961395,323.9431223405344,1441900
2024-12-04,315.0537109375,317.42998742612866,313.2642737739601,317.42998742612866,974900
2024-12-05,309.7527770996094,311.09001796995665,300.7383285548548,302.55659681273073,1730000
2024-12-06,307.96337890625,312.0906026339942,307.89605737676237,310.8784334286065,1020300
2024-12-09,304.6058044433594,310.20497076323676,303.91312377121386,310.20497076323676,1216000
2024-12-10,303.2492980957031,304.27870382148205,299.6608523302702,303.6533740469864,742100
2024-12-11,300.5074462890625,304.0862915939997,299.7089536620218,303.02805472048226,858300
2024-12-12,299.0932312011719,301.27708503017965,298.4486415662302,300.3535206418235,653100
2024-12-13,300.4497375488281,300.5555788562297,295.7260737630192,299.07400606970924,1025300
2024-12-16,295.08148193359375,300.1996210796563,294.68703589899565,299.50694037297427,984800
2024-12-17,293.1477355957031,295.44706086194833,292.25303159953944,294.1675114243685,924200
2024-12-18,284.1044006347656,293.64799716883186,283.4887008297582,293.1284793561569,1043200
2024-12-19,282.0456237792969,286.50954286574483,281.51647601389465,284.91252834546214,1041300
2024-12-20,283.7965393066406,286.06700392762224,281.4106621654532,281.7954782179431,2258700
2024-12-23,282.41119384765625,283.8061851455955,279.70782202605307,282.2861513772702,797200
2024-12-24,284.7874755859375,284.7874755859375,281.2086302506932,281.99752230019413,296100
2024-12-26,283.8830871582031,284.96061308121494,282.9980132780605,283.65220342591886,418500
2024-12-27,281.69927978515625,284.6046748782327,280.36203880349365,282.0456347999909,457000
2024-12-30,277.7356262207031,280.90079500302284,276.96599405897217,280.90079500302284,816100
2024-12-31,279.0343933105469,279.8906068490039,277.24495604567636,278.90932148412895,777900
2025-01-02,274.2139587402344,280.91223912772574,273.79771263679123,277.37918379381705,918100
2025-01-03,274.8140563964844,278.2406496667448,273.46857522618274,274.6785275563741,1581600
2025-01-06,274.16552734375,276.11114027398156,272.93622632814834,275.21094276948935,1458200
2025-01-07,277.15655517578125,283.01274318380314,275.956291710801,276.69195230668277,1260200
2025-01-08,276.1111755371094,278.06644824924604,275.1238648776882,277.1178643430937,1041700
2025-01-10,283.6902770996094,285.7617298648181,280.7089672723221,284.30978693065094,2423500
2025-01-13,292.07281494140625,292.35353216422646,283.54507294550206,284.3388087949369,2290700
2025-01-14,298.0935363769531,299.32286688689805,294.657283471824,296.48671608936047,1949300
2025-01-15,297.0675048828125,301.34590953135887,290.58217779636846,298.577523102334,2212000
2025-01-16,302.06219482421875,302.19772367234236,296.48672470428795,299.30349744030076,1237800
2025-01-17,307.6183166503906,307.8990339059911,301.3556012297241,304.4240538158017,2315400
2025-01-21,309.5155029296875,310.7254552903523,308.0538710252516,308.7024184881031,1975100
2025-01-22,306.8342590332031,310.3866925025003,304.4821185079513,310.3866925025003,1621300
2025-01-23,313.6196594238281,313.81326362212985,304.22075753139023,309.3025575683504,2269800
2025-01-24,318.71112060546875,319.36932755825364,314.9941507346327,315.6426686163955,2052100
2025-01-27,316.15570068359375,317.53021953405295,310.17370342733244,315.25550323567956,2109300
2025-01-28,316.5235595703125,318.17876624369524,314.3359560972871,318.17876624369524,1699600
2025-01-29,316.8235778808594,317.34628552976875,313.76481501442146,316.8623046244435,1650100
2025-01-30,324.3640441894531,324.48988396499885,315.1974436568425,316.2041323213549,1381400
2025-01-31,324.5189514160156,327.1711578583262,322.6507622951138,325.6321018143671,2367600
2025-02-03,327.23895263671875,328.2359524132501,318.64344450436414,320.27930280855526,1789800
2025-02-04,324.9158020019531,330.21055507038307,324.39309427578627,326.49355517303513,2022100
2025-02-05,322.47650146484375,325.3029632137781,319.8920597310533,323.2024728907168,2117800
2025-02-06,317.6173400878906,325.8547052348088,307.7828437284526,319.3596596761209,2662800
2025-02-07,300.4941101074219,309.8058993396186,297.66764821601544,309.65102188284317,2902800
2025-02-10,300.6006164550781,301.31692849169286,294.183052585781,300.7458344010552,2782700
2025-02-11,299.5745544433594,301.76215804909157,297.6967057718621,299.47778187378526,1265900
2025-02-12,300.4070129394531,301.4427393701614,296.69004240013436,296.69004240013436,1372800
2025-02-13,305.0628967285156,305.99213194465284,300.3101999309975,302.25581293527824,900300
2025-02-14,305.9921569824219,308.20879833694636,304.9758086509707,306.263185173466,1171400
2025-02-18,306.8439636230469,307.18275624164306,301.69439853198406,305.8760015926903,1260200
2025-02-19,306.892333984375,307.0569005185335,303.3689677374254,304.7337976741918,971500
2025-02-20,304.2110595703125,307.5215022094777,303.4173237362635,306.04052170928986,1073500
2025-02-21,299.9617614746094,304.6757317371929,296.6610074755442,303.98845744135843,1392900
2025-02-24,299.477783203125,301.3459428100147,295.896311917294,298.9744240477947,933100
2025-02-25,307.1924133300781,308.05391370937065,299.8262365168187,299.8262365168187,1257300
2025-02-26,303.79486083984375,307.2117653071567,303.0108140314698,307.1343118096224,950000
2025-02-27,302.4009704589844,305.7791479225615,301.3555551001527,302.6913472031866,1048100
2025-02-28,306.0211486816406,306.5922426576803,301.27814128108963,303.2334136841331,1375100
2025-03-03,300.6973876953125,311.1707435657809,299.5164728803817,308.8476406868605,1222500
2025-03-04,295.5671691894531,302.3332133516915,294.9089621934392,301.278138435767,1618600
2025-03-05,301.5975646972656,304.83058353366386,295.7801335938349,297.22238741460774,2285900
2025-03-06,300.9974670410156,302.63332524829207,298.1226186067935,300.58125045427494,1378200
2025-03-07,306.2728271484375,308.45074141507956,299.8842727249835,300.03915017317144,1383800
2025-03-10,293.9797058105469,306.2534853796529,291.7727538193568,302.9140049469986,1591400
2025-03-11,288.53009033203125,294.8702589443254,287.37824276714457,293.9119860490641,1128400
2025-03-12,285.2099914550781,289.5174340813565,283.29344564048085,289.02376401887886,859500
2025-03-13,283.4676513671875,286.8458289817135,282.38353875392147,285.20997098995747,1081700
2025-03-14,282.56744384765625,285.1906122605338,280.8057461437206,284.4839894566865,1143900
2025-03-17,286.1488952636719,287.5040360304393,280.67022730530556,282.40288739630813,1178800
2025-03-18,282.470703125,286.9039564828946,280.1185623447624,286.9039564828946,1356200
2025-03-19,284.580810546875,285.61653691292014,281.32847260546924,282.47066060585433,1028500
2025-03-20,283.535400390625,285.0163808514979,280.96061830403744,282.92557969382113,860600
2025-03-21,282.30609130859375,282.33512898493376,278.1438668206394,281.44462055060444,2875100
2025-03-24,284.0484924316406,285.49074651992294,282.3739073503151,284.39694461141653,1023000
2025-03-25,283.7677001953125,285.14218948340823,281.7446634685719,285.14218948340823,791000
2025-03-26,285.80047607421875,286.5070694447847,282.8869009351861,284.0000513525371,789000
2025-03-27,285.6649169921875,287.8815580592787,282.9352572892913,285.5003800081699,627800
2025-03-28,282.90625,287.4847210059242,282.7320239253196,286.58452341355206,604700
2025-03-31,285.47137451171875,286.8942798755518,279.34415832751375,281.3768844958262,1150100
2025-04-01,285.7829895019531,286.8834408181024,281.53688857325426,283.26063275683225,702100
2025-04-02,287.2535095214844,287.6528009314026,282.7639702299136,283.78652477026696,751400
2025-04-03,275.80078125,283.84495014662673,274.79769348244383,281.6926996395866,1067300
2025-04-04,256.5862731933594,271.93451835416334,255.8266535822162,271.38915195232926,1762300
2025-04-07,252.3304443359375,260.1603898427483,242.60144987191794,252.28173286458315,2081000
2025-04-08,242.11451721191406,259.7903174340789,237.32306482289823,259.7903174340789,1670700
2025-04-09,263.14044189453125,263.88056501121156,238.23850731805962,240.67318931293784,2285500
2025-04-10,255.1936492919922,261.64068278749227,250.3437518119384,260.773921687463,1854500
2025-04-11,261.9815673828125,264.1240700046241,253.5283277316312,256.82002300249593,1003100
2025-04-14,265.4582214355469,267.3378184326753,262.18602325734787,264.9615665422146,818000
2025-04-15,258.36846923828125,263.9195566726291,258.31003924172956,260.0435318199947,1305300
2025-04-16,254.49246215820312,261.13428217669104,252.2330699968025,258.96253500600324,1556800
2025-04-17,256.0311584472656,258.79695368978065,255.50525880277112,256.53759133464547,2233300
2025-04-21,250.8501434326172,256.03115387563327,247.4026402496485,254.56062615337729,1082900
2025-04-22,258.4268798828125,260.403870258988,252.31095969970187,253.10954255309684,1463900
2025-04-23,257.82305908203125,266.44183875518536,256.05063328670275,262.6534892598529,1001400
2025-04-24,261.8257141113281,262.2931540448856,256.23566390387043,258.95277739863303,813600
2025-04-25,260.1311340332031,261.5822246295671,257.82306038827477,259.68316089323395,668500
2025-04-28,262.4100341796875,263.00408231366805,258.183400132964,260.66679357039044,916100
2025-04-29,263.8513488769531,265.94516943946087,261.4848451210059,263.1014775250542,1145900
2025-04-30,264.0072021484375,264.97132681353895,257.8425997390662,260.72525521508913,2560300
2025-05-01,265.0492248535156,269.8601588638442,247.3734246148372,251.86297881790406,3669700
2025-05-02,270.3665466308594,274.26203760969514,265.14660298493345,265.3803229331876,1446900
2025-05-05,265.097900390625,269.606936104821,264.7960022072771,266.9969641944802,960400
2025-05-06,260.6278381347656,267.64945281301226,259.6929285535316,265.05897727753467,1185200
2025-05-07,257.69647216796875,261.962039867085,256.11880295766326,260.647335338657,1379200
2025-05-08,262.5950622558594,264.8544244457267,257.5990902992067,259.57605079048915,1073400
2025-05-09,264.046142578125,265.3608768298516,262.32236866488176,263.2475597324553,913100
2025-05-12,268.9933776855469,274.3983891541977,266.6950523148354,270.96061961564226,1358300
2025-05-13,266.49053955078125,269.821167537163,266.13992992470963,268.9836512819541,868300
2025-05-14,264.386962890625,265.545873744403,261.1342317424552,265.3024055771427,944300
2025-05-15,267.25018310546875,268.2629894046947,263.32547696531134,263.91952509926665,1253500
2025-05-16,271.642333984375,271.6812972181873,265.27322724719033,267.00671964884674,918200
2025-05-19,270.0841064453125,271.3599070420826,268.9154770217423,268.973907006909,732600
2025-05-20,268.467529296875,270.42499342564065,267.7176282158885,269.4900838542792,1050700
2025-05-21,262.6242980957031,267.7079154368401,262.37108165043605,266.7437611292217,605000
2025-05-22,262.20550537109375,263.0040882066807,258.63140880830935,261.76728043954444,1016700
2025-05-23,262.7898254394531,263.7734464504332,259.86820712112507,260.06299356377565,527600
2025-05-27,267.38653564453125,267.6397521038932,264.39673876907415,264.52334699875513,788100
2025-05-28,264.65966796875,269.4024235045474,264.33827331801615,267.8150061672996,1454900
2025-05-29,266.0328369140625,266.5197732977012,261.50430477003215,265.19529087968004,1291800
2025-05-30,271.62286376953125,272.1487633984646,264.0266381657619,267.44494117347006,2872900
2025-06-02,271.4183654785156,271.71051543497344,268.35064233450964,271.35993548722405,1346400
2025-06-03,275.888427734375,276.2195409126261,269.3147864797039,270.90220386384783,1395600
2025-06-04,272.88885498046875,277.45632022125096,272.4311336326643,276.28769083893684,1401300
2025-06-05,269.0031433105469,275.7228596191962,268.7109933615687,273.5024308462449,1151300
2025-06-06,272.4701232910156,274.16465240586956,270.4152660053239,271.96372014824874,1078600
2025-06-09,272.6064758300781,274.3983981405638,270.46394387175934,272.1000429743457,1101200
2025-06-10,274.5152893066406,274.84640251595835,271.0190892703325,272.93762001273325,1340900
2025-06-11,274.83660888671875,276.3071661877924,272.39220859687623,274.31073902242616,1069800
2025-06-12,275.878662109375,276.67724487024833,271.8468445151319,273.4537285542885,678400
2025-06-13,273.044677734375,277.58292797627354,271.9734118454744,276.48244709586817,932900
2025-06-16,273.1031188964844,276.5798516290443,271.4767681024208,275.6741571350877,889400
2025-06-17,269.81146240234375,273.0642238895976,269.7725288867442,272.37275276445416,1154600
2025-06-18,268.1850891113281,271.92475699499533,268.00979914496213,270.1036196638587,718800
2025-06-20,263.4326171875,269.0323863144062,263.4034021895606,268.83759984798223,2050300
2025-06-23,266.0425720214844,266.2276102364245,259.5760718980576,262.94566356128684,1133000
2025-06-24,273.65826416015625,273.67773091739366,265.9938897732579,267.2599125592124,1580700
2025-06-25,274.6321105957031,275.3138333966242,272.8888700826668,273.65823786309426,1617300
2025-06-26,275.60601806640625,275.93713127079917,273.61930911980784,275.3625498525667,1462800
2025-06-27,274.97296142578125,277.31024995014616,274.0672669521282,274.77817499865245,2433400
2025-06-30,274.6905517578125,275.91764096129964,270.8340239014451,273.784857212495,1286100
2025-07-01,279.7870178222656,281.5119902591473,270.9857760696043,272.8969684813789,1324400
2025-07-02,284.5208740234375,284.72671500771924,279.3851982947086,280.34569982453127,1113800
2025-07-03,286.0302429199219,286.84373659047696,282.7175248900668,282.7175248900668,682400
2025-07-07,283.2663269042969,285.5009366341006,281.8255897159991,284.5992682731542,979700
2025-07-08,286.53009033203125,287.127932487788,282.14907501883556,284.5600945472223,968300
2025-07-09,288.3824462890625,289.6663652433795,284.68750783634033,286.9907315021182,1040400
2025-07-10,288.2452392578125,291.4599417851256,287.75519295846567,288.7548766415143,982100
2025-07-11,286.1576232910156,286.5986769029539,283.0017240806236,285.8047744194548,1042300
2025-07-14,285.01092529296875,286.28506366002586,283.14875527501977,284.59930313734446,617600
2025-07-15,280.94354248046875,286.22625603915276,278.5913261833586,286.22625603915276,816900
2025-07-16,283.2369689941406,284.10926582068254,279.21861300551586,280.9337751650694,959400
2025-07-17,287.735595703125,288.147247788962,282.5313059674961,282.5313059674961,1254300
2025-07-18,289.43115234375,290.1760323142078,285.6970018140448,287.0887465098918,2097600
2025-07-21,287.872802734375,291.1070963848007,287.7551964067308,290.1956174355056,727900
2025-07-22,292.19500732421875,292.31261364887985,287.98059126019865,288.1766217413352,739400
2025-07-23,291.95977783203125,294.5373960589596,291.1168827038322,293.5769245229343,654600
2025-07-24,291.3031005859375,292.51840574200435,289.3331050454968,291.3814948272756,686600
2025-07-25,293.28289794921875,293.5671331759948,288.6862612953838,291.55795532442653,713000
2025-07-28,289.6761779785156,291.9401895817113,288.8235021682281,291.9009775013378,661900
2025-07-29,289.31353759765625,290.5876460163254,287.61796662845734,290.15640287861066,654100
2025-07-30,284.3542785644531,288.91170329650726,282.58031330296546,288.91170329650726,1539800
2025-07-31,282.1490783691406,290.6072827692619,280.2966888939567,286.71631373165286,1544300
2025-08-01,276.1410827636719,279.49301252765014,272.85776665829576,279.49301252765014,1072200
2025-08-04,281.75701904296875,281.91383744128876,276.6605257827474,276.6605257827474,855500
2025-08-05,286.6575012207031,287.1867297020289,283.24676812411536,283.24676812411536,773500
2025-08-06,283.2957458496094,287.4415481949884,283.20754110737386,287.33375236894,560600
2025-08-07,282.8155212402344,287.30436214511525,282.04123970326924,286.1870422125287,670700
2025-08-08,282.991943359375,284.51110491918604,281.6590317066921,283.0899586067909,1372200
2025-08-11,278.29730224609375,284.24644152189273,275.17080449847424,283.1193410280293,1115100
2025-08-12,283.5113830566406,283.8348303727378,278.4933135988772,279.6596262162152,1061400
2025-08-13,288.35302734375,288.39223942145946,283.0115407703351,284.0700275880778,902500
2025-08-14,286.3536682128906,286.58888086576457,282.6194878882018,286.1086450627961,1208300
2025-08-15,284.6777038574219,287.45138281739867,284.2072785260168,287.35336757000454,1033300
2025-08-18,282.4039001464844,284.5992980305629,281.39437604044326,282.3646880671107,607200
2025-08-19,284.4424743652344,285.9224237561911,282.433296507754,282.8351081512082,962400
2025-08-20,286.5496826171875,288.52948890793976,283.5113894273624,284.78552781538144,534100
2025-08-21,287.6767578125,287.8237956247296,284.48167640163746,285.16772324848654,777200
2025-08-22,293.3416748046875,295.11563984606784,288.70585639811827,289.1272889968883,765200
2025-08-25,288.3138732910156,294.027800384735,287.70619071244136,292.86148771707116,403800
2025-08-26,288.1178283691406,288.73529150464475,287.0103189241955,287.89239629917864,660700
2025-08-27,288.7254943847656,289.7349886325849,287.22595380480004,287.22595380480004,543300
2025-08-28,289.14691162109375,291.38152158002435,287.4121584654939,289.53897259393125,541700
2025-08-29,288.2550048828125,290.48964460549325,287.3337454051076,289.62715837780263,510800
2025-09-02,286.3732604980469,287.61796733812724,285.16773582690814,286.31445733458185,868500
2025-09-03,285.48138427734375,286.7751137464232,284.64829954755527,285.43239160914305,606700
2025-09-04,284.19744873046875,286.17722498915896,280.52210152816247,285.85380759577896,579600
2025-09-05,284.0896301269531,286.86330896824455,282.23727064369973,285.1677379820478,544500
2025-09-08,283.1585693359375,283.6094035773126,280.4633145652355,283.6094035773126,717200
2025-09-09,281.423828125,283.2565966616259,279.6890449288987,282.56070931954844,440300
2025-09-10,281.776611328125,282.57048390984534,278.08167314024075,279.8458277862746,801600
2025-09-11,288.6568603515625,289.0195197362064,281.0611427392657,282.26666739890067,716400
2025-09-12,286.99072265625,292.3714214655172,286.92210899575474,289.81339413325986,985800
2025-09-15,283.75640869140625,290.7836860391786,283.668203943533,288.2060376255746,1002600
2025-09-16,279.27740478515625,284.5796795527893,277.01339321966316,282.68810796950777,735900
2025-09-17,284.84429931640625,288.84306371399816,278.70891045274675,280.7769212626912,957100
2025-09-18,286.62811279296875,287.22595496377346,282.276498953146,284.5012985424479,678000
2025-09-19,284.3738708496094,287.23575449201917,282.9233528984341,287.1671408294492,1374400
2025-09-22,281.7668151855469,285.16773774236486,280.60050258556834,282.1784672426199,834800
2025-09-23,271.073974609375,282.81549370544104,269.2412063921284,282.32544744799327,1911900
2025-09-24,266.8595886230469,272.5637342352373,265.8990871913219,272.5637342352373,1284300
2025-09-25,260.489013671875,266.30095569268303,260.03817944438936,265.8599319625513,1973500
2025-09-26,261.4691162109375,263.8507341742137,259.82256773583697,261.8023441230373,1178700
2025-09-29,265.0954895019531,268.0749498335878,261.1163154541284,262.4296361088732,1949200
2025-09-30,267.2908935546875,267.44771198247355,263.26269683545416,264.56623693077574,1616100
2025-10-01,265.0908203125,268.7016325161777,262.33828730076954,265.8405914815835,1216000
2025-10-02,266.96527099609375,271.13843380716935,264.0844795753089,264.0844795753089,1421300
2025-10-03,267.8236083984375,268.3662087396377,264.66657884691296,266.20562247367326,841900
2025-10-06,267.31060791015625,269.9348522587634,266.5213354565786,267.7052290831123,909000
2025-10-07,267.25140380859375,269.4909021943915,265.6728890825275,266.66930222905256,745500
2025-10-08,264.972412109375,266.47201469253434,264.14369862757565,266.17602623696416,853800
2025-10-09,259.1812744140625,265.8406085056403,258.08619837068295,264.53836160955825,1069500
2025-10-10,253.6268768310547,260.52300731534575,253.5084934935844,259.39830539404863,896100
2025-10-13,257.3561096191406,258.96422024881605,255.26459031220034,255.9453246291509,856000
2025-10-14,258.4808044433594,262.5257390840441,254.54440793380826,254.63319543691864,1343400
2025-10-15,253.95245361328125,261.00640826733445,252.00891359346357,259.2601938759134,1161800
2025-10-16,249.77926635742188,253.54796315229547,248.37834167486906,252.6501827048676,2119300
2025-10-17,249.79901123046875,252.02866451494225,247.78641916121634,250.608004205431,1324500
2025-10-20,250.79544067382812,251.89053168074778,249.44383237007833,250.81516119371355,969100
2025-10-21,251.28872680664062,253.39010628378648,250.1541646425036,250.79544283627638,1058700
2025-10-22,249.74966430664062,251.79186713816557,248.9209508621806,250.62770915813962,1098300
2025-10-23,251.50575256347656,252.35420157663995,248.3487382309494,251.12099167691593,956400
2025-10-24,251.4860382080078,253.44929878203754,250.17390103607988,251.94972634597605,829500
2025-10-27,252.32461547851562,253.99193278971563,251.18020808833046,252.31475521831683,914700
2025-10-28,251.01248168945312,253.48877693164636,250.40081436452854,252.31475863729167,996600
2025-10-29,245.00428771972656,250.7165247349418,244.50114347099145,250.2232407465939,1142900
2025-10-30,241.37371826171875,245.3495858959418,241.1172009602642,243.51456890677483,1090500
2025-10-31,239.33151245117188,240.7423124304142,235.81933300072996,240.7423124304142,2161500
2025-11-03,236.1448974609375,238.81850314247484,232.80043282098148,238.660648662671,1472900
2025-11-04,237.53598022460938,238.05886005733,233.92513775221818,235.3063269228325,1720000
2025-11-05,234.36907958984375,238.2364241440252,232.38608343144554,237.53596933027958,2160000
2025-11-06,255.31393432617188,260.75977870185676,245.9415235228426,246.04018634173877,4254500
2025-11-07,256.25115966796875,257.23772765635107,251.5748370374896,253.19282299011613,1666900
2025-11-10,254.958740234375,257.5139475331992,253.01520022847183,257.0502594066843,1208400
2025-11-11,258.7077331542969,261.5194278211648,254.44575223969872,256.014391720558,1113700
2025-11-12,258.0368347167969,262.21990328888774,257.65208887312133,258.9938068305168,983100
2025-11-13,259.4969787597656,260.749909275811,256.5076789364665,256.5076789364665,1255600
2025-11-14,255.85653686523438,259.61535846842713,255.20539838412765,258.47093599626976,843100
2025-11-17,249.6904754638672,255.1659455766547,249.24652290315882,254.81076546348953,1200100
2025-11-18,248.77297973632812,250.58826116491798,245.85273195890898,247.94426626508044,1008100
2025-11-19,249.84832763671875,250.34161160046352,246.67157770589597,249.22678502517417,965500
2025-11-20,247.71734619140625,255.08701007856885,247.52003560959292,250.65732955960482,1156400
2025-11-21,253.91297912597656,254.30760026991493,248.00344695750005,248.83216039206962,1780800
2025-11-24,253.1335906982422,253.86367145253496,249.31559261283672,252.9362951733595,1633600
2025-11-25,255.4520263671875,256.3892779418383,253.54795749201674,255.00808886419276,1234000
2025-11-26,255.48162841796875,257.32650567096937,254.11031462068402,254.8304899567336,725700
2025-11-28,257.5435485839844,258.76691330227374,255.49150051703268,256.6655187737446,457300
2025-12-01,257.3561096191406,259.5364465393053,256.01439161380745,256.5076756053562,1284800
2025-12-02,253.32102966308594,257.5928855441857,252.78830467288125,257.33636825490436,1044500
2025-12-03,256.85296630859375,258.036829758666,254.19909617126086,254.35695065280325,1465400
2025-12-04,258.1059265136719,259.01358236032854,254.53455501632845,256.8727164602982,1354100
2025-12-05,257.1883850097656,261.95349465918173,256.83320491426895,258.00722310904706,1315500
2025-12-08,232.87936401367188,253.27172141894707,227.2559297962385,251.59455894060125,4138200
2025-12-09,227.660400390625,236.96374340144072,226.95994562036705,233.33316574600516,3329700
2025-12-10,233.53050231933594,234.0533821201356,226.0325799981667,226.7330498551083,3623000
2025-12-11,240.45620727539062,240.53513451950383,234.91170009747322,235.78974498921278,1911200
2025-12-12,239.73602294921875,241.21587494273246,236.70725197665425,239.6176396069642,3053500
2025-12-15,241.71900939941406,241.817672216514,236.70724237814878,237.68395007364205,2099000
2025-12-16,238.99609375,241.94593743692363,235.6910849872388,240.02211782806796,2690300
2025-12-17,243.07061767578125,244.39261512313612,238.36468431331267,238.99608720263384,2454100
2025-12-18,240.47593688964844,245.82313335166813,240.3871493874089,244.52087149065846,1892300
2025-12-19,236.73684692382812,240.2095551959897,235.39511393791008,238.36467798553937,2972700
2025-12-22,241.49209594726562,242.40961194729417,236.27315823754282,236.73684636750195,1926500
2025-12-23,241.48223876953125,242.2122894103179,238.96648751300813,241.09747787527468,919800
2025-12-24,242.53785705566406,242.95221378109818,240.8705548401444,241.49209745521154,645500
2025-12-26,244.09664916992188,244.6096687374634,241.709156451433,243.59350491668852,950800
2025-12-29,244.52085876464844,245.45809525400708,242.74503354311918,243.68227003247782,1303200
2025-12-30,245.47784423828125,246.23749072007337,243.24819103961306,244.52087212366976,1077700
2025-12-31,243.7020263671875,246.2572338196631,243.6033635477627,245.14240718626024,876800
2026-01-02,248.90936279296875,249.87332009155503,240.8300146673565,243.75169842482723,1407600
2026-01-05,252.25836181640625,254.37509499538092,245.90817744319625,246.2560027172759,1606300
2026-01-06,256.75018310546875,258.5389857724035,250.87701895182127,252.63599459363135,1531000
2026-01-07,260.23834228515625,261.1327285228123,253.63971523296846,256.3527009733256,2065700
2026-01-08,259.5923767089844,263.5078295580168,257.44583172113204,261.1824134030336,1543500
2026-01-09,262.0768127441406,264.04448666380284,258.4396138591203,258.6482968979328,1505500
2026-01-12,265.3761291503906,266.0121256525274,260.1588409783631,261.85817777700066,1475400
2026-01-13,264.521484375,266.90652444359097,262.80228302957465,265.09788750742933,1045200
2026-01-14,265.5848083496094,269.19219525741073,264.25316131279794,264.62085105007964,1417400
2026-01-15,264.3227233886719,267.9996509631081,262.8022578370486,266.33012610787995,1229900
2026-01-16,265.8630676269531,266.18108104327314,262.3550636331375,262.3550636331375,1459800
2026-01-20,256.5713195800781,264.1935425337444,254.99123022337733,262.34511608892456,1987000
2026-01-21,261.4705810546875,262.7227398623904,256.9489436473134,259.562561309778,1233500
2026-01-22,262.3948059082031,265.55498441883657,261.10288786080986,262.15628069768763,1357200
2026-01-23,259.7215881347656,262.56375350764785,257.98249202372205,262.42464158902766,1294800
2026-01-26,260.983642578125,263.21962310785864,260.3178342481856,261.3612796977572,1229800
2026-01-27,257.5054626464844,261.8581764663207,256.9091950786086,259.8706381250203,899800
2026-01-28,254.29559326171875,258.90668162132266,252.35774640566905,257.71414648186357,2067400
2026-01-29,254.42477416992188,256.7402733392617,252.61612215012482,254.76265205133137,2621900
2026-01-30,270.8020935058594,272.19336425104615,261.033356100707,265.68418844637176,2571400
2026-02-02,269.3014831542969,273.45546110978313,266.26055208424106,268.3276088297568,1490000
2026-02-03,276.2280578613281,276.30757637479314,269.8182651929948,270.0965193352684,1683200
2026-02-04,284.8042907714844,284.9235382144633,277.8876661318649,278.24540846080157,1634500
2026-02-05,281.7335510253906,286.0166935900939,280.4118514140309,285.4403208332987,1240400
2026-02-06,281.3559265136719,284.95336610726076,279.6466423041434,280.87893671491986,995400
2026-02-09,284.5856628417969,285.05273554917153,278.91124956257244,280.31246768469646,1032600
2026-02-10,288.958251953125,291.30356297522104,284.46642620223383,284.46642620223383,915400
2026-02-11,291.3135070800781,292.84388975577593,287.2688593069595,288.302357401019,856000
2026-02-12,289.6837158203125,294.6128024588855,287.9545671527831,292.25757435589105,1182400
2026-02-13,277.9969787597656,285.05274595379296,272.382188997609,282.13106215887865,3299300
2026-02-17,275.95977783203125,279.9944784493303,274.0119986475424,279.9944784493303,1601600
2026-02-18,280.6304931640625,281.05780663267666,276.88396394768785,277.7088093500561,1896200
2026-02-19,278.97088623046875,280.73979416289353,277.0926479176645,279.6068827372474,1140500
2026-02-20,279.4280090332031,282.0217623472946,277.0628335469784,278.1857975658522,1851000
2026-02-23,281.485107421875,282.7273188403299,279.19945054288894,279.75595883216255,1370400
2026-02-24,277.7286682128906,283.0552563505364,277.0628295319709,282.77700219897923,1226400
2026-02-25,278.5534973144531,281.1571981185949,274.75732198270185,279.3783427417655,1920200
2026-02-26,274.5088806152344,280.77956192285,272.5014473954899,279.5274030097365,1524400
2026-02-27,273.9523620605469,276.3175072241155,271.4281798621166,274.5088703728487,2034000
2026-03-02,274.7076110839844,275.54237356785086,269.48040574495644,272.19337623566526,1816600
2026-03-03,271.3387451171875,272.84926335134503,266.44938741259483,269.31144750041216,1217200
2026-03-04,272.49151611328125,273.23684298413,269.17230042696474,271.85548929299154,1175200
2026-03-05,274.62811279296875,276.40696807691273,270.80209547037873,270.97104957125424,1722200
2026-03-06,270.4841003417969,274.5486128321524,269.6195259685639,274.5486128321524,1479800
2026-03-09,272.69024658203125,274.52872556077443,270.4741608042526,271.79586041944543,1791200
2026-03-10,273.40576171875,275.4231118655664,268.8642294575049,272.02443838050004,1167900
2026-03-11,275.95977783203125,276.52623356745954,269.49033048854864,272.8989516432617,950200
2026-03-12,288.6700744628906,290.7669128184215,278.58329329864216,280.0242707013713,2780800
2026-03-13,286.1856689453125,294.97058515101907,285.08256934835816,293.9072448142744,1403100
2026-03-16,287.3583068847656,288.4812709385217,283.7509198191349,288.3918353493857,1225100
2026-03-17,284.3670349121094,290.19053787485365,283.79066215180217,289.84271260845196,1019300
2026-03-18,279.6665344238281,286.9011728008832,279.5770685099887,283.969541605221,1272800
2026-03-19,282.3795166015625,285.97695631033764,277.26161120572414,277.9175025274379,1508800
2026-03-20,279.25909423828125,285.281333199486,277.41066774515286,285.281333199486,2422400
2026-03-23,276.9237060546875,283.18443936697025,275.7709302385433,282.3695717390736,1622300
2026-03-24,284.4664306640625,286.2452860060087,275.0355707548591,275.09519448007035,1177200
2026-03-25,288.2825012207031,288.8688214045955,281.94224892439445,286.2055272490553,1004300
2026-03-26,291.34332275390625,293.4103492964989,287.92475436131076,287.92475436131076,1665900
2026-03-27,290.3694152832031,292.8935974586395,288.5706955174292,290.8662998666198,981700
2026-03-30,289.74334716796875,294.55318648393774,289.6042352494435,292.2675294419551,1244900
2026-03-31,288.67999267578125,293.1320894164544,285.8477748406304,290.62780205900395,1351300
2026-04-01,289.42999267578125,290.0899963378906,284.4100036621094,288.1400146484375,1727800
2026-04-02,293.54998779296875,296.4599914550781,290.6499938964844,291.5,1487200
2026-04-06,294.1199951171875,294.1700134277344,289.5,292.07000732421875,812000
2026-04-07,292.3900146484375,296.3900146484375,291.3399963378906,294.6400146484375,1262000
2026-04-08,296.6099853515625,296.6199951171875,281.25,285.6099853515625,1588900
2026-04-09,297.739990234375,301.25,293.7200012207031,295.0,1039200
