Price,Close,High,Low,Open,Volume
Ticker,BEN,BEN,BEN,BEN,BEN
Date,,,,,
2021-04-12,24.433151245117188,24.4644148986466,23.870392064350536,24.02671331360587,3046400
2021-04-13,23.15131187438965,24.480049301019214,23.065334211848565,24.472233014351456,5566700
2021-04-14,23.2607364654541,23.354528922081794,23.049701201835465,23.057517488355142,3135700
2021-04-15,23.674991607666016,23.792232928317045,23.393611245460125,23.424874901925072,3158300
2021-04-16,23.487403869628906,23.917290702756162,23.315450030860575,23.82349675109798,1894500
2021-04-19,23.424877166748047,23.604648799318653,23.206027077921185,23.463958604613143,1892300
2021-04-20,22.737058639526367,23.331083035521512,22.635448399119607,23.2607379431797,2668800
2021-04-21,23.12004852294922,23.15131367204793,22.40096649252682,22.63544914754971,2204600
2021-04-22,22.408782958984375,23.12004870781945,22.377517809635663,23.096599845807916,3617900
2021-04-23,22.9949893951416,23.15912694469685,22.393148731830486,22.479126395390434,2481000
2021-04-26,23.31545066833496,23.40924462255759,23.04188658355698,23.0731517318993,3089200
2021-04-27,23.307632446289062,23.370161246978338,22.971539583532635,23.307632446289062,2029500
2021-04-28,23.5499324798584,23.62809385712915,23.22947217477216,23.370162355698657,2163400
2021-04-29,23.91728973388672,23.956369675858696,23.440506689646593,23.73751961552885,3102800
2021-04-30,23.448326110839844,23.784419023623922,23.19821087085293,23.784419023623922,4621800
2021-05-03,23.651540756225586,23.94073589010004,23.47177064697345,23.674989614703577,3432400
2021-05-04,25.042816162109375,25.363276540131974,23.65154810061287,23.73752578425953,6036600
2021-05-05,26.31683349609375,26.4653414523238,25.10533738504206,25.363270373267827,5535300
2021-05-06,26.55913734436035,26.574769919753276,25.808791615153453,26.426264925933854,3513700
2021-05-07,26.652925491333008,26.76235350133148,26.215225377772747,26.371548124733582,3428600
2021-05-10,27.106264114379883,27.77844991246473,26.660746175018293,26.840516310058167,4478700
2021-05-11,26.410633087158203,26.785805962225577,26.058907585029736,26.621668388435282,3259100
2021-05-12,25.558671951293945,26.731088068494508,25.496141660537898,26.527867605145723,2620400
2021-05-13,26.63730239868164,27.239140201654987,25.457068203718233,25.543045884602748,3326100
2021-05-14,26.996841430664062,27.16097900547068,26.738908400303107,26.770173552154553,1880900
2021-05-17,27.043733596801758,27.145343839820633,26.69201110765952,26.8717812412414,4203600
2021-05-18,26.262115478515625,27.13752151431192,26.238668114173752,26.95775143060586,2126100
2021-05-19,26.152694702148438,26.168327274775713,25.43361425094401,25.85568476705532,2033000
2021-05-20,25.965110778808594,26.246491133556795,25.80878802821421,26.137063121014794,2152600
2021-05-21,26.215229034423828,26.394999174941226,25.996375965508406,26.066721062372505,2703700
2021-05-24,26.1761474609375,26.348099812445916,25.97292697968851,26.348099812445916,1486700
2021-05-25,25.85568618774414,26.441894276239577,25.777523320312966,26.301204096471988,1365200
2021-05-26,26.02764129638672,26.105804172116915,25.683733588000383,25.85568893299797,2329100
2021-05-27,26.723276138305664,26.903046291149828,26.2074130531327,26.36373583261733,8138200
2021-05-28,26.73890495300293,26.840515192615587,26.559134825447366,26.738904953002926,1599200
2021-06-01,26.973386764526367,27.176607237468886,26.817066993473365,27.10626214785163,1916300
2021-06-02,27.340749740600586,27.411094842965444,26.83270442939575,27.051554533815736,1351500
2021-06-03,27.7784481048584,27.85660799096927,27.08281498100264,27.207872587745154,2096200
2021-06-04,27.93477439880371,27.973854346811663,27.590863700472323,27.747186474113054,2810200
2021-06-07,27.708099365234375,28.09108693098564,27.614306917933185,28.09108693098564,2112500
2021-06-08,27.450166702270508,27.65338715214339,27.168786375743853,27.59867464216412,2539800
2021-06-09,27.192241668701172,27.41109174841427,27.176609094206135,27.36419402492916,1392200
2021-06-10,26.918670654296875,27.74717904565885,26.88740849322534,27.684648760299552,1979700
2021-06-11,27.192241668701172,27.200056465144336,26.926493865502962,26.926493865502962,1440200
2021-06-14,26.512237548828125,27.223506256449564,26.488790178373318,27.12971081141303,1985800
2021-06-15,26.793609619140625,26.91085239830613,26.426254675530323,26.504414540568842,2572300
2021-06-16,26.449716567993164,26.582589007869245,26.058911064909108,26.449716567993164,2218200
2021-06-17,25.19913673400879,26.621668333824474,25.089708703430766,26.582585403527844,3190400
2021-06-18,24.56603240966797,24.949021596468466,24.51913617006912,24.753618858867934,4682000
2021-06-21,25.339818954467773,25.35545152718098,24.714532444785746,24.87866998586181,1707300
2021-06-22,25.160053253173828,25.37890632793209,24.964652023206664,25.324193804644747,1366100
2021-06-23,25.08970832824707,25.433619027417336,25.08970832824707,25.31637620149858,1488100
2021-06-24,25.425796508789062,25.480509022255575,25.027176341874704,25.292924113687064,1438000
2021-06-25,25.933847427368164,26.090170188782363,25.425799198174193,25.425799198174193,2503500
2021-06-28,25.43361473083496,25.824420109065585,25.292924556143262,25.824420109065585,2856900
2021-06-29,25.16556167602539,25.81204666489123,25.03153450200663,25.65436710590079,2804900
2021-06-30,25.220748901367188,25.46515086279357,25.031534334094147,25.031534334094147,3042900
2021-07-01,25.43361473083496,25.480919501169872,25.189214269489923,25.362659079076327,1663200
2021-07-02,25.189212799072266,25.543991037155287,25.02364912005231,25.496686269581787,1537300
2021-07-06,24.91327476501465,25.12614171152553,24.43235347928496,25.05518606268857,3379500
2021-07-07,25.315353393554688,25.40207728865355,24.637333494585768,24.75559239461108,2751000
2021-07-08,24.503311157226562,24.976348354063667,24.369283976518446,24.771365518642796,2975200
2021-07-09,25.346893310546875,25.346893310546875,24.921159408716367,25.12614223140398,2698500
2021-07-12,25.449382781982422,25.859348432443394,24.992115369056204,25.18921406596124,2676400
2021-07-13,24.203720092773438,25.41784876299272,24.085459674023063,25.378426618417677,4038400
2021-07-14,23.833173751831055,24.408701578239633,23.667611570430108,24.203720259479518,3273600
2021-07-15,23.801637649536133,23.959315695474704,23.53358331732257,23.651842227712404,3556000
2021-07-16,23.186687469482422,23.9435471458932,23.021125308115277,23.927778891360084,3153700
2021-07-19,22.532325744628906,22.705772077915505,22.31945876486087,22.587513145959008,4069500
2021-07-20,23.11573600769043,23.186691662176358,22.350993569473367,22.548092275546775,2784900
2021-07-21,23.588769912719727,23.856824235889327,23.297063206772723,23.438974495949992,2420900
2021-07-22,23.210342407226562,23.612423919637454,23.084199364557698,23.604539791502688,2784300
2021-07-23,23.099964141845703,23.4310899764734,22.93440197640363,23.328599326972626,2114800
2021-07-26,23.541467666625977,23.675494833993497,23.115733780725506,23.131502036590778,2508200
2021-07-27,23.210342407226562,23.517815885763962,22.98170720254944,23.297064809221606,3637100
2021-07-28,23.021127700805664,23.48628073167337,22.776724241370985,23.423207706985448,3177200
2021-07-29,23.494163513183594,23.502047641322328,22.910751564610557,23.273413940273826,4436500
2021-07-30,23.297067642211914,23.659730061793457,23.20246110057768,23.423210700220135,7147800
2021-08-02,23.470510482788086,24.053922377924966,23.32859919677628,23.557232876883653,3806600
2021-08-03,24.21160125732422,24.361396675963864,23.24187610749917,23.77010063283977,3914300
2021-08-04,24.124881744384766,24.58215067891831,23.912014782513,24.02238957589372,5131200
2021-08-05,24.471776962280273,24.479659587516775,24.187954333963237,24.258909991042497,2484300
2021-08-06,24.960575103759766,25.141905516756893,24.700404923102823,24.763476436481973,2853100
2021-08-09,25.536108016967773,25.670136701722335,24.787133832049573,24.889624498119545,4678500
2021-08-10,25.87511444091797,26.229892666019385,25.402078812440866,25.47303445746115,2859300
2021-08-11,26.34815216064453,26.46641258089371,25.87511649462265,26.032796052459084,2172600
2021-08-12,26.158937454223633,26.403340903893827,25.890883124984047,26.348150505753207,1434700
2021-08-13,25.835697174072266,26.166821536445145,25.780509780343454,26.11951977467039,1158000
2021-08-16,25.725322723388672,25.733205347958524,25.268052303663858,25.678017953507247,1826300
2021-08-17,24.960575103759766,25.53610285131247,24.739824055060982,25.46514721079299,2957500
2021-08-18,24.4481201171875,24.992112887682634,24.424467734559514,24.84231747185919,1801400
2021-08-19,24.164302825927734,24.377169804907926,23.856829303230064,24.05392802367604,2047900
2021-08-20,24.542728424072266,24.55849668030369,24.077576895194753,24.109111903913917,2390000
2021-08-23,24.8659725189209,25.0473029606013,24.716177087046603,24.834436005371053,1895500
2021-08-24,25.283817291259766,25.37842381130318,24.810780179812113,24.810780179812113,2206300
2021-08-25,25.65436363220215,25.859344925893268,25.23651240633301,25.40996019848575,4225000
2021-08-26,25.33901023864746,25.764744183491075,25.331127613367116,25.717439409345882,1339200
2021-08-27,25.969722747802734,26.0091448924546,25.370544043435416,25.425731436963165,1605400
2021-08-30,25.55975914001465,26.072216986419498,25.551876514949054,26.072216986419498,1447900
2021-08-31,25.575525283813477,25.685903078022456,25.394194847415505,25.528223522354146,2650700
2021-09-01,25.441495895385742,25.7016645678229,25.047298567612465,25.67013106729111,2567800
2021-09-02,25.575525283813477,25.733204839481782,25.51245526603858,25.56764265939938,2054600
2021-09-03,25.228633880615234,25.70166956288176,25.181330613137334,25.622831284999847,1959500
2021-09-07,24.621566772460938,25.18921193389682,24.56637938259769,25.181327806238702,2348800
2021-09-08,24.676755905151367,24.842319590177844,24.51119372386859,24.58214937405941,1898800
2021-09-09,24.72405433654785,25.09459924520072,24.542722441575048,24.621562199770615,1790200
2021-09-10,24.69252586364746,25.157678934186603,24.597919326034233,24.95269609769954,2917800
2021-09-13,25.03153419494629,25.197096376485966,24.747711593742615,24.99211505755409,1682300
2021-09-14,24.69252586364746,25.189215449220214,24.542730424725416,25.094607407863183,1893000
2021-09-15,25.260168075561523,25.307469834952766,24.668872023273025,24.755594421729676,1316000
2021-09-16,24.968461990356445,25.47303565689747,24.960577862344778,25.275936967836792,2177400
2021-09-17,24.700407028198242,25.275936328544002,24.67675464476147,24.85808657695613,5134400
2021-09-20,23.470510482788086,24.18006540910356,23.10784814034197,23.85682370374047,2874200
2021-09-21,23.360136032104492,23.738566659019902,23.226108863013206,23.667611010457243,2337400
2021-09-22,24.09334373474121,24.32197893969194,23.699146349993345,23.714914606281745,2663500
2021-09-23,24.72405433654785,24.905384727777342,24.337741175507205,24.337741175507205,1840000
2021-09-24,24.960575103759766,25.04729899855991,24.597914277765508,24.597914277765508,1772200
2021-09-27,25.378427505493164,25.575526205308236,25.189214437863686,25.236516201027314,2123900
2021-09-28,24.400815963745117,25.567639730023622,24.36139532747276,25.378423683403337,3549200
2021-09-29,24.233741760253906,24.591758917468827,24.04279978222993,24.496288687192813,3418400
2021-09-30,23.645004272460938,24.472421051032583,23.629093578620708,24.424685934567908,3178900
2021-10-01,23.94732666015625,24.162136928545443,23.557486645749062,23.724560287292814,2429300
2021-10-04,23.509756088256836,23.995067964172794,23.446108753503278,23.756390838215,2427000
2021-10-05,24.026893615722656,24.24965853998564,23.54158171505447,23.7245676221197,1774700
2021-10-06,24.217832565307617,24.241699365617375,23.525666524355742,23.676829502029747,2376900
2021-10-07,24.273521423339844,24.695185891552338,24.24965310788453,24.55993513891602,1828200
2021-10-08,23.907548904418945,24.24169774364665,23.83594547333644,24.12235919766646,3098000
2021-10-11,23.820037841796875,24.59176195463842,23.780257309708876,23.9552886159518,2751300
2021-10-12,22.984663009643555,23.78025537707985,22.93692789248954,23.716608048383826,5264500
2021-10-13,23.016489028930664,23.199474921937874,22.690296257057938,22.944885589497908,2460400
2021-10-14,23.979156494140625,24.082584364740093,23.390418250059405,23.446109480010406,2541800
2021-10-15,23.907548904418945,24.37694850041672,23.875726000311133,24.313301174729155,2347300
2021-10-18,23.684783935546875,23.82003469181613,23.541577073912144,23.788210270354217,2023600
2021-10-19,23.81208038330078,23.891639925487155,23.573401756741653,23.81208038330078,1727900
2021-10-20,24.22579002380371,24.313304158945638,23.75639037019179,23.83594839896225,2689000
2021-10-21,24.03484344482422,24.25760984243815,23.80412245932402,24.209874727760855,1838000
2021-10-22,24.448551177978516,24.464463388277967,24.05075502532359,24.074623340772767,2355200
2021-10-25,24.750877380371094,24.806568599569626,24.305344591838992,24.4485514511906,2788700
2021-10-26,24.703144073486328,25.196412042362294,24.695189484649077,24.933866604041633,3360600
2021-10-27,24.154186248779297,24.63949659092807,23.915507613363342,24.599717577094797,2868000
2021-10-28,24.84634780883789,24.87021612474645,24.114402813166596,24.209874559328906,3459900
2021-10-29,25.053207397460938,25.435091429526334,24.77474972169449,24.846353167390784,5941400
2021-11-01,27.965076446533203,28.800447930417242,26.652347661183704,26.676214464026433,7787400
2021-11-02,29.97792625427246,30.447325960244854,28.25148891588617,28.521990492801528,8870300
2021-11-03,29.63581657409668,30.113170794869585,29.214153577915813,29.938142532556384,4079400
2021-11-04,28.856136322021484,29.548300850878174,28.553810364324956,29.548300850878174,2804000
2021-11-05,28.545856475830078,29.261887822740967,28.307179360193114,29.206196596923814,3157700
2021-11-08,28.434473037719727,28.903872663996708,28.2992207547531,28.81635701647902,2361400
2021-11-09,28.418567657470703,28.697023843834348,28.227624104717908,28.33105198891504,2361500
2021-11-10,27.85368537902832,28.331042584988666,27.710481555678403,28.28330595390949,2431500
2021-11-11,28.227619171142578,28.33104703726276,27.837780578368797,27.988942048125775,1341500
2021-11-12,28.56972885131836,28.577683441582508,28.06850468622301,28.211711590535966,1800500
2021-11-15,28.434473037719727,28.800444804662707,28.346957390202043,28.65723793325996,1769100
2021-11-16,28.362869262695312,28.59358874391142,28.211704769720846,28.315132627817473,1587800
2021-11-17,27.845731735229492,28.267394701752348,27.72639167095809,28.163969883323965,1650800
2021-11-18,27.702529907226562,28.171929591763714,27.61501424884675,27.980986061212814,1504400
2021-11-19,27.59114646911621,27.678662124398635,27.256996061214622,27.45589417414946,2227400
2021-11-22,27.447933197021484,27.949157174751313,27.416108777971797,27.782080492212277,1712600
2021-11-23,27.59909439086914,27.662743228405294,27.13765245850652,27.591139803648932,1857200
2021-11-24,27.400196075439453,27.591139551358317,27.29677126780434,27.487711708779617,1296200
2021-11-26,26.36592674255371,26.652340438830628,25.90448481461925,26.421617957391604,1913100
2021-11-29,26.85124397277832,27.058096665045014,26.38979891588032,26.89898061019873,1945300
2021-11-30,25.777193069458008,26.65234343082082,25.721501848368224,26.540960988641256,3754800
2021-12-01,25.315750122070312,26.763728058534863,25.299837909753276,26.485271930347132,2421300
2021-12-02,25.968137741088867,26.262506105271083,25.3396204787321,25.506695686555478,1929600
2021-12-03,25.371440887451172,26.01587181735198,24.917953466946795,25.96018059272471,3090800
2021-12-06,25.72150421142578,26.039739356183382,25.506693895368688,25.72150421142578,2319100
2021-12-07,26.238636016845703,26.485270744298877,26.02382571260146,26.182944793702088,1990700
2021-12-08,26.533008575439453,26.851246788390785,26.159082165407845,26.238640201173414,4392300
2021-12-09,26.46139907836914,26.946710876419086,26.206809780202583,26.381841060796027,3067000
2021-12-10,27.089916229248047,27.12969523582207,26.41366401265866,26.755768932093854,3716100
2021-12-13,27.145612716674805,27.471805489832963,26.477314957650254,27.12970050396657,3872500
2021-12-14,26.835330963134766,27.607056552980037,26.715993925545078,26.978537836197685,3364500
2021-12-15,27.53545570373535,27.615013736270576,26.700084222337885,26.95467356838389,2715900
2021-12-16,27.177431106567383,27.988935564804066,27.10582768275404,27.758213084189567,2135200
2021-12-17,26.429576873779297,26.978534461897688,26.28637001862776,26.731899759149215,7584200
2021-12-20,25.570341110229492,26.151123240278515,25.14867807874259,25.864709469855573,2256600
2021-12-21,26.19089698791504,26.26250041611783,25.872661889747786,26.079514551809314,1419400
2021-12-22,26.151123046875,26.350021159870586,26.03178600004426,26.198859686573908,1330200
2021-12-23,26.588695526123047,26.660298960760205,26.198856964721653,26.278414987676705,942800
2021-12-27,27.089916229248047,27.097873851529048,26.564825451617416,26.572783073898417,973500
2021-12-28,27.097877502441406,27.280863385290633,26.922846208001243,27.050140867154795,1188200
2021-12-29,26.930801391601562,27.209260551178172,26.867155578090202,27.050141464983557,926600
2021-12-30,26.83450698852539,27.22771733557081,26.794384233399125,26.99500107020046,854000
2021-12-31,26.8746280670166,27.099317905048483,26.82647893265143,26.866601680704346,1107300
2022-01-03,26.81043243408203,27.33203740478593,26.63388864808936,27.051172012418515,1342900
2022-01-04,27.460430145263672,27.604874494477055,26.93882521075205,27.003024059811157,1714700
2022-01-05,27.171546936035156,28.030186818060773,27.16352054769647,27.661052544907193,3685900
2022-01-06,27.364131927490234,27.62092120191123,26.922775553402253,27.396231352085263,1949900
2022-01-07,28.21474838256836,28.278947231918437,27.36413199569758,27.53265244465672,3139800
2022-01-10,28.022157669067383,28.65610759387872,27.45240659995995,28.423391333706974,4176300
2022-01-11,28.856719970703125,28.864746357011796,28.118451611116935,28.278945664426374,3058400
2022-01-12,28.182647705078125,29.249930569306603,28.182647705078125,29.041287379363382,3053200
2022-01-13,28.030183792114258,28.487589920593575,27.97401132448837,28.238823948843287,2407000
2022-01-14,28.303020477294922,28.40734207766864,27.596848435116105,27.709193361132577,3547400
2022-01-18,27.492530822753906,28.230802396935243,27.17154571059818,28.118457454622234,3238000
2022-01-19,27.13944435119629,27.893762525352678,27.02709941687192,27.893762525352678,2478200
2022-01-20,26.256729125976562,27.468453313935644,26.208579989457217,27.412280851914534,2296900
2022-01-21,25.534513473510742,26.096241288852383,25.462291282092956,26.007969381433938,2701000
2022-01-24,25.430187225341797,25.526482436867308,24.242534548710434,24.940681719901946,3439500
2022-01-25,25.31784439086914,25.59870827071312,24.386982383249393,24.87648795867504,3654100
2022-01-26,25.470312118530273,26.224631815023113,25.133275788657723,25.83944787533589,2522100
2022-01-27,25.141298294067383,26.208579650416183,24.956731198218556,25.79129632282205,2432200
2022-01-28,25.061052322387695,25.077102035030475,24.290684482552283,24.788213329799774,4434300
2022-01-31,25.654874801635742,25.67092451233086,24.691915118698596,24.884507055286026,9154100
2022-02-01,25.79129981994629,26.433273079765403,25.253646640878415,26.361050896712626,6922600
2022-02-02,25.80734634399414,25.847469093803817,25.341915405511816,25.79129663183635,3985200
2022-02-03,24.844388961791992,25.831423456423856,24.80426620565315,25.783277373525273,2772100
2022-02-04,24.972782135009766,25.261669311633625,24.683893427801056,24.8042632122764,2351000
2022-02-07,24.940685272216797,25.36599352035492,24.756118148350918,24.948710129417705,3497900
2022-02-08,24.828338623046875,25.245620454667613,24.691919121194452,25.04500363021316,2633900
2022-02-09,25.14932632446289,25.325868586612593,24.94068463433053,25.036981387693533,2796400
2022-02-10,25.1894474029541,26.505493250984582,24.83636290214608,24.83636290214608,4175400
2022-02-11,24.579572677612305,25.446237298698907,24.38698070965805,25.10920250271764,2798300
2022-02-14,24.395002365112305,24.86043327590579,24.04191637157027,24.555496415972694,2569000
2022-02-15,24.932655334472656,25.00487750397907,24.63574333146602,24.691915789841076,1762700
2022-02-16,25.181425094604492,25.301796423126344,24.715994086819737,24.715994086819737,1744100
2022-02-17,24.162290573120117,24.948708149375435,24.090068394628823,24.90858539714022,1633500
2022-02-18,24.370929718017578,24.43512703326982,23.96167125931528,24.065991322630897,3319100
2022-02-22,23.680809020996094,24.298709178398838,23.351797566916154,24.298709178398838,2871900
2022-02-23,23.295623779296875,24.049941858625814,23.231426463384096,23.91352237098807,2292100
2022-02-24,23.239452362060547,23.343773968586454,22.228344907114288,22.605503988543926,2551500
2022-02-25,24.24253273010254,24.25055758555846,23.335745491768833,23.343770347224755,2926300
2022-02-28,23.857351303100586,24.138215150578276,23.544389561085783,23.66475934412341,2915100
2022-03-01,22.533283233642578,23.785131877015775,22.43698647772848,23.632664181813887,3354800
2022-03-02,23.632659912109375,23.73697997579925,22.669698649286328,22.757970532044116,2765700
2022-03-03,23.440067291259766,23.993770114137064,23.199327732053007,23.73698084282724,2951100
2022-03-04,22.629579544067383,23.01476349897096,22.27649348677995,22.9505661731537,2511300
2022-03-07,21.835132598876953,22.581427367850218,21.70673796449282,22.461057589438187,3402400
2022-03-08,22.156124114990234,22.685752445735538,21.851185663600507,22.06785221633768,2774200
2022-03-09,22.902416229248047,23.215377969414696,22.830194053735,22.86229194808256,3574600
2022-03-10,21.851184844970703,22.685751595839637,21.257359209430092,22.43698562360854,4891000
2022-03-11,21.87525749206543,22.348713293600742,21.859207779671227,22.164146192821843,3589400
2022-03-14,21.530197143554688,22.420936317549963,21.36167974879065,22.30056653120638,4338000
2022-03-15,21.64253807067871,22.019698603541464,21.225256323901558,21.730809945278008,4022100
2022-03-16,22.364761352539062,22.733895526806293,21.81908341615733,22.027725070102388,4532700
2022-03-17,22.420934677124023,22.477107137935516,22.00365135311756,22.13204598656805,3081500
2022-03-18,22.404888153076172,22.58143041654293,22.019704197920532,22.404888153076172,6659400
2022-03-21,22.18821907043457,22.717847330936213,21.96352922087921,22.412910450574735,3232300
2022-03-22,22.54130744934082,22.74994913906272,22.40488794185284,22.5011846950264,1944400
2022-03-23,21.843162536621094,22.453037957124526,21.827114351528074,22.372790909318915,2198400
2022-03-24,22.14809799194336,22.156122848688128,21.835134701237198,21.94748116507899,1908600
2022-03-25,22.332664489746094,22.509206741510003,22.124022811887908,22.204269846538732,2527300
2022-03-28,22.4610595703125,22.469084426992328,22.01167831033643,22.268467601751325,1580000
2022-03-29,23.25550079345703,23.30364993100771,22.790069844560946,22.878341732819027,2853300
2022-03-30,23.012327194213867,23.58783883504769,22.906952650823598,23.40951054400191,1794200
2022-03-31,22.631359100341797,23.20686927934275,22.623253127193802,22.947484322832107,2461900
2022-04-01,22.63945770263672,22.898842574697998,22.35575491904877,22.75293819764958,3882400
2022-04-04,22.712413787841797,23.004221045947084,22.404393039881256,22.615143671102665,2113100
2022-04-05,22.412504196166992,22.744841390645412,22.26659976033619,22.574620579547087,2748900
2022-04-06,21.7235107421875,22.274704561392884,21.6100302074298,22.177435973330955,2936000
2022-04-07,21.366853713989258,21.69108486485773,20.73460181025368,21.57760434856778,3191500
2022-04-08,21.3020076751709,21.73161337415973,21.058833150293054,21.358747933825565,3145000
2022-04-11,21.2209529876709,21.634348356450293,21.164212719691513,21.188529093936193,2648500
2022-04-12,20.88861083984375,21.439804533808648,20.750812416352524,21.09125548932755,4854000
2022-04-13,21.2209529876709,21.269587282216605,20.62923084151967,20.734605404044764,2807600
2022-04-14,20.72649574279785,21.504652047355542,20.710283798815052,21.318217783665464,2671500
2022-04-18,20.81566047668457,20.945352940098623,20.531957633195294,20.669756068829734,3338500
2022-04-19,21.691085815429688,21.739720103677246,20.82376686907684,20.888613102092304,2455400
2022-04-20,21.63434410095215,22.072055757877884,21.61002618543448,21.91804693110078,2302200
2022-04-21,21.464122772216797,22.10448066248021,21.350642253357403,21.926152365922746,3099200
2022-04-22,21.391172409057617,21.788355805298956,21.310115772072393,21.399278381967388,4297100
2022-04-25,21.585708618164062,21.593814590134063,20.726495688073115,21.25337149767447,3678100
2022-04-26,20.89672088623047,21.439808714591944,20.718392570434702,21.31822066434709,3668100
2022-04-27,20.783235549926758,21.123678635901573,20.702178923882883,20.880505665657864,2926000
2022-04-28,21.034515380859375,21.164207833744836,20.507638051699207,21.066937721052746,3698900
2022-04-29,19.932126998901367,21.14799484407523,19.88349271799007,20.94535020321292,12256600
2022-05-02,20.531957626342773,20.548169570778146,19.818649077803563,19.948341541174326,5203300
2022-05-03,20.71028709411621,21.366857015384642,20.207729119133816,20.32120965295765,7039800
2022-05-04,21.7235107421875,21.81267490295788,20.377950087565562,20.629230623180938,4484700
2022-05-05,20.296890258789062,21.38306423387569,19.867283015154495,21.220949430545428,5083800
2022-05-06,20.272573471069336,20.54006438020786,19.859178148572315,20.304995815117795,3261700
2022-05-09,20.13477325439453,20.44279245294106,19.87538834065934,19.98076288209325,4526900
2022-05-10,19.883499145507812,20.63733615451315,19.494420134276435,20.353634802441665,3717000
2022-05-11,19.356616973876953,19.924022632412395,19.235030488778225,19.745695890671332,3704700
2022-05-12,19.875391006469727,19.915919324905744,19.153974879069896,19.218821116201273,3463600
2022-05-13,20.337417602539062,20.491427972500603,20.03750283430406,20.191513204265604,2623000
2022-05-16,20.207727432250977,20.37794821877719,19.794332105757935,20.150987170075574,2207500
2022-05-17,20.945354461669922,21.01830667089694,20.426584570327783,20.71028588837037,2344500
2022-05-18,20.450899124145508,20.92103468288255,20.353630551196375,20.66975573236519,3190300
2022-05-19,20.3536319732666,20.6616512038677,20.06992911457368,20.11856340444623,3062400
2022-05-20,20.912933349609375,20.929145297382323,20.345529092064076,20.661654343354407,3319100
2022-05-23,21.075048446655273,21.350645357719117,20.896721670225396,21.269587169866867,2507300
2022-05-24,21.042619705200195,21.10746747738715,20.353629132329612,20.929139195984988,2672700
2022-05-25,21.439807891845703,21.561394391368427,20.880508138773703,20.880508138773703,2272100
2022-05-26,22.055845260620117,22.16122135538453,21.472229164426956,21.569499286820555,2019000
2022-05-27,22.33144187927246,22.355759796104238,22.096374867456436,22.1936434426713,1720000
2022-05-31,21.950469970703125,22.347653327124224,21.828883481358886,22.177432551253506,5173200
2022-06-01,21.528968811035156,22.05584463166411,21.25337194251119,21.8856238548996,2132000
2022-06-02,21.772144317626953,21.780250290131686,21.366854968727306,21.585710042130426,1598700
2022-06-03,21.447912216186523,21.674874814653464,21.415489871294795,21.52897039750016,1334000
2022-06-06,21.70729637145996,22.02342154392901,21.48843976926321,21.601920283266246,1543300
2022-06-07,21.836994171142578,21.845100144990898,21.366858510335128,21.577609192222113,2799100
2022-06-08,20.97777557373047,21.731613994059863,20.945353230455556,21.54518126857474,2348100
2022-06-09,20.79134178161621,21.164208759513922,20.758919440004615,20.93724618400853,2010600
2022-06-10,19.907812118530273,20.353631323984985,19.89970614613406,20.264467173682814,3340700
2022-06-13,18.70005226135254,19.470102723003745,18.618994073906673,19.267458027417252,3139000
2022-06-14,18.70815658569336,18.991859443719047,18.554146197726922,18.805426711265895,3068100
2022-06-15,19.27556037902832,19.543051265100623,18.88648146160457,18.94322326439473,2965500
2022-06-16,18.764896392822266,18.79732028257852,18.448771197979543,18.74058002156123,3484600
2022-06-17,18.894588470458984,19.162079371212496,18.594675226673356,18.967540674851406,4612600
2022-06-21,19.599790573120117,19.713271081095407,19.226923617399073,19.397145925417977,2708900
2022-06-22,19.53494644165039,19.688956823308075,19.27556151215711,19.27556151215711,1823100
2022-06-23,19.753803253173828,19.794331569041294,19.34040793788986,19.526840664570038,1877800
2022-06-24,20.540063858032227,20.629228007497037,19.98076413639539,19.988870108715478,3264500
2022-06-27,20.369844436645508,20.6778652445153,20.22394155224316,20.613019002762137,2207000
2022-06-28,20.005081176757812,20.783235932714646,19.98886923282803,20.53195698602726,3212300
2022-06-29,19.08643913269043,19.68519682739159,18.873182645994355,19.635984273366,4906800
2022-06-30,19.119247436523438,19.365313341397425,18.545096787361974,18.610714049107255,3988100
2022-07-01,19.34070587158203,19.455535686092304,18.96340701565462,19.04542741776831,2866000
2022-07-05,19.537555694580078,19.54575804685718,18.66812669091076,18.889585509076326,2151000
2022-07-06,19.430931091308594,19.627782881489967,19.22587694764813,19.496548354702384,2717200
2022-07-07,19.92306137084961,19.931262159898743,19.537558579103862,19.603175842569673,3376700
2022-07-08,19.578571319580078,20.005082771085586,19.439134432230478,19.988679627733134,2897600
2022-07-11,19.381715774536133,19.55396205809118,19.16025850202088,19.41452518642809,3396700
2022-07-12,19.70980453491211,20.111710462291377,19.39812136547419,19.430930778862994,3847900
2022-07-13,19.750812530517578,19.865642335670984,19.061830570719625,19.348906648041897,4031700
2022-07-14,19.93946075439453,19.996875653548376,19.35710784647563,19.398118041745896,3152400
2022-07-15,20.19373321533203,20.42339286021431,19.816432768907006,20.316765391438825,2777200
2022-07-18,20.095304489135742,20.4562001914733,20.02148487810218,20.349571169118665,2552400
2022-07-19,20.808897018432617,20.866311933400468,20.41519183898046,20.41519183898046,2083700
2022-07-20,20.84990692138672,20.931928897763164,20.472606455830714,20.71867238496004,2632000
2022-07-21,21.013948440551758,21.054958641771123,20.677658219909603,20.82529744740155,2250200
2022-07-22,20.751476287841797,21.243606488009014,20.562826873183308,21.120574329076906,2713900
2022-07-25,20.694061279296875,20.833498142560497,20.53001892303535,20.833498142560497,2461700
2022-07-26,20.398784637451172,20.694061507757255,20.30035797105662,20.505412091976382,2849500
2022-07-27,20.858110427856445,20.907322990625623,20.333172253147463,20.612044485132238,3544700
2022-07-28,21.784950256347656,22.137643609014347,20.603839598108,21.325629444810012,4417600
2022-07-29,22.51494789123535,22.777416971524257,21.825965773257412,21.948997959087944,6408500
2022-08-01,22.916851043701172,23.007073801164818,22.260676859349676,22.400113736635962,3343800
2022-08-02,22.45752716064453,22.777412660588173,22.29348479873078,22.67898599188886,3279800
2022-08-03,22.613372802734375,22.75280969588929,22.432925702832353,22.687192426430453,1537500
2022-08-04,22.662582397460938,22.793818483640504,22.408315707143267,22.564157288374894,1879700
2022-08-05,22.678987503051758,22.91685105566861,22.38371060615637,22.473933363667133,1568000
2022-08-08,22.84303092956543,23.105499971798718,22.79381837525641,22.826626223316126,1551300
2022-08-09,22.57236099243164,22.84303240527555,22.400114694564245,22.793819847787294,1615400
2022-08-10,23.28594970703125,23.44999365938421,22.900448452772597,23.039885342940888,1886700
2022-08-11,23.515607833862305,23.745269024055755,23.474597633388665,23.54021489280981,1468500
2022-08-12,23.802688598632812,23.8436988071493,23.482803027335358,23.720666617160667,1657500
2022-08-15,23.663246154785156,23.778075963276198,23.523809288286543,23.581224192532066,1554800
2022-08-16,23.614036560058594,23.810888355451677,23.48280046535754,23.523812233838807,1312300
2022-08-17,23.29414939880371,23.326958811300145,22.908648188604,23.20392664331631,2082900
2022-08-18,23.343360900878906,23.392575017405168,23.138306775335955,23.277743643282715,1246500
2022-08-19,22.728199005126953,23.228531582658075,22.629773898869626,23.08909471176115,1699400
2022-08-22,22.129438400268555,22.383706614154285,22.01460860331284,22.36730191046385,2432600
2022-08-23,22.170452117919922,22.432921142397397,22.10483486180055,22.170452117919922,2128200
2022-08-24,22.203266143798828,22.309895192446085,22.072031595032374,22.203266143798828,1320900
2022-08-25,22.44932746887207,22.605167485636404,22.236070979972617,22.277081181344514,998200
2022-08-26,21.7275333404541,22.56415448597415,21.62910824359216,22.473930176818445,5437800
2022-08-29,21.41585350036621,21.817759401100627,21.39124644195596,21.571693510314628,3638300
2022-08-30,21.456863403320312,21.637310469184442,21.243606926696078,21.547087718471783,2603200
2022-08-31,21.383045196533203,21.678323654992692,21.32563028837473,21.56349383867574,2465700
2022-09-01,21.268217086791992,21.276419440678353,20.92372604576004,21.24361002513291,2862000
2022-09-02,21.23540687561035,21.72753713927986,21.12057705438176,21.56349476101601,2592200
2022-09-06,21.251811981201172,21.47327083867025,21.005747626972653,21.33383395409035,3206000
2022-09-07,21.36663818359375,21.415852297650382,20.972934657773166,21.186191125369003,2404200
2022-09-08,21.538888931274414,21.547091285322235,20.60384247196965,20.874513897791505,2924000
2022-09-09,21.637311935424805,21.834165284447455,21.604504086880308,21.768548022919543,2023900
2022-09-12,21.940793991088867,22.006411256335124,21.66192022268252,21.883379079553265,2743000
2022-09-13,20.210134506225586,21.399449083296854,20.01328272960585,21.325629471509597,4379400
2022-09-14,20.128114700317383,20.39878609671691,19.923060564728683,20.308561776437433,3419000
2022-09-15,20.11991310119629,20.505414327352494,20.029688777535473,20.11991310119629,4770600
2022-09-16,19.80002784729004,19.955869436372843,19.586771347608035,19.898454525773648,5513300
2022-09-19,20.35777473449707,20.382381794453515,19.537558175882758,19.59497308467553,2281600
2022-09-20,20.128114700317383,20.283954716968786,19.947666059758433,20.15272019534713,2912100
2022-09-21,19.89025115966797,20.57103082750379,19.882048806508635,20.275752371523325,3827900
2022-09-22,19.44733238220215,20.013282202862545,19.430929241244705,19.972272003810716,2423800
2022-09-23,19.20126724243164,19.316097046444394,18.832169208906716,19.152054692774566,2490300
2022-09-26,18.782957077026367,19.35710923873812,18.76655237196288,19.053628452818757,2817100
2022-09-27,18.5697021484375,19.19306691272865,18.422062919468686,18.996215128916536,2458200
2022-09-28,18.897790908813477,18.98801366953347,18.569703022576824,18.668129701335616,2234700
2022-09-29,18.44091796875,18.798105577241525,18.26647603494622,18.607051408526775,3009600
2022-09-30,17.876066207885742,18.391082087041642,17.826224734897888,18.332935286270637,4252100
2022-10-03,18.640281677246094,18.673507736137225,17.87606331017522,18.092038238301907,4102500
2022-10-04,19.454341888427734,19.4709557117408,18.947631368049,19.0223919885764,3971000
2022-10-05,19.371273040771484,19.437726745129588,18.9808577257153,19.105458223339078,2431600
2022-10-06,19.063926696777344,19.52079575080969,19.047312873333627,19.321434622629315,2265000
2022-10-07,18.150188446044922,18.864565482673946,17.992360279555758,18.773192615238354,3523500
2022-10-10,18.04219627380371,18.38277168600875,17.94251651550922,18.283091927714256,2782600
2022-10-11,17.759765625,18.14187554654785,17.618551329877253,17.884367685223197,2964900
2022-10-12,17.53548812866211,17.79299603002421,17.228138761708955,17.685009356672765,3760300
2022-10-13,18.4492244720459,18.548905809781687,16.812801192440155,17.128457441619222,4444600
2022-10-14,18.033889770507812,18.964243180428372,17.95913074228912,18.548907147931576,2837800
2022-10-17,18.465837478637695,18.7399591648546,18.324623180624076,18.4907582080687,2590200
2022-10-18,18.706737518310547,19.00577842004758,18.499069477257493,18.955938533821644,2283900
2022-10-19,18.482452392578125,18.77318791562974,18.21663760043304,18.54059918031222,2720600
2022-10-20,18.058813095092773,18.73165712069444,17.959133320238465,18.50737683508152,2200500
2022-10-21,18.715042114257812,18.781495815796475,17.959130665112557,18.083731157449897,2554700
2022-10-24,18.955936431884766,19.063924688511623,18.789802968092953,18.906096551185346,2077600
2022-10-25,19.479257583618164,19.587244238451404,18.839639810983073,18.955933375323642,2968600
2022-10-26,19.479257583618164,19.69523089328465,19.354655525389287,19.495869818251826,2493700
2022-10-27,19.36296844482422,19.84475825512127,19.304821644606182,19.69523700634262,3357700
2022-10-28,19.70354461669922,19.736772266219347,19.055621294872044,19.346356890647037,3765200
2022-10-31,19.479257583618164,19.86136591466916,19.296508743219004,19.52909745628112,6670900
2022-11-01,18.7731876373291,19.645392609172916,17.925901811641264,19.520792125249674,8809200
2022-11-02,18.739959716796875,19.446031227660683,18.573826268840214,18.698426750902982,6867200
2022-11-03,18.623666763305664,18.897788466700135,18.23325148404116,18.424305668507973,3590300
2022-11-04,19.379579544067383,19.421112514274252,18.847949920389432,18.939322771720796,3333600
2022-11-07,19.288204193115234,19.620474276528746,18.93932187303599,19.437725413775077,3175300
2022-11-08,19.53740692138672,19.728461111903137,19.163603866566604,19.279897446118998,3229500
2022-11-09,18.85625457763672,19.36296340800074,18.806413118087946,19.321430442757826,3039800
2022-11-10,21.273513793945312,21.281820705385773,19.64539559238607,19.711849299528406,5834800
2022-11-11,22.702268600463867,22.893322804650076,21.331659942026022,21.398113647150847,5491700
2022-11-14,21.979581832885742,22.843481531299695,21.96296959590179,22.43645241414046,5914400
2022-11-15,22.3616943359375,22.876711765940076,22.04603961614207,22.477987929907176,5015600
2022-11-16,21.96297264099121,22.320161927959212,21.813451396736568,22.228787482163277,2266600
2022-11-17,21.705463409423828,21.722077233308404,21.22367360744126,21.572555987110114,2361600
2022-11-18,21.722076416015625,22.170640137733287,21.514408378416277,22.087572605817268,2237200
2022-11-21,21.697154998779297,21.79683475915974,21.51440613077978,21.580859832493815,1870000
2022-11-22,21.99619483947754,22.145716057463087,21.73868695538085,21.81344756437362,2114300
2022-11-23,22.05434226989746,22.104183733598024,21.830062020769713,21.92974177940845,1561400
2022-11-25,22.237092971801758,22.278625943935573,21.97958347455185,21.996197297157906,776000
2022-11-28,21.61408805847168,22.112491626959468,21.5808604145279,21.92143584304528,1879200
2022-11-29,21.84667205810547,21.946353391089513,21.55593813769584,21.630698741338612,1943300
2022-11-30,22.270320892333984,22.34508151592286,21.157220034878975,21.79683799919206,3987700
2022-12-01,22.660736083984375,22.777029674192942,22.170639404703508,22.353386701371445,4441300
2022-12-02,22.635814666748047,22.735496015619294,22.0958781200138,22.38661367114187,3350400
2022-12-05,22.519519805908203,22.735494729258424,22.26201032938609,22.52782671654258,2921100
2022-12-06,22.09587860107422,22.511214659047866,21.938050455417464,22.477987013906937,3423000
2022-12-07,22.24540138244629,22.585976846918637,21.921438157318335,22.0294264271548,2755900
2022-12-08,22.320161819458008,22.419841592222262,22.154026752342357,22.353387882252285,1937800
2022-12-09,22.08757209777832,22.52782889773984,22.021118390650294,22.270319396285053,2051000
2022-12-12,22.46137237548828,22.46137237548828,21.896515143503937,22.095876239901738,2990500
2022-12-13,23.009620666503906,23.939972647000506,22.50291011545929,23.358503055285503,5275900
2022-12-14,22.511211395263672,23.200669088163764,22.361690182570456,22.843479876592436,4164900
2022-12-15,21.66392707824707,22.145716805598084,21.57255264541769,22.145716805598084,4022500
2022-12-16,21.381500244140625,21.746996421686482,21.107378507076568,21.331660360414798,7755400
2022-12-19,21.41472816467285,21.60578237506089,21.215367042826895,21.406421253214933,3146700
2022-12-20,21.605777740478516,21.663924523829714,21.24858854631428,21.356575203340643,2781900
2022-12-21,22.353382110595703,22.48628949621889,21.89651317056363,21.89651317056363,2467100
2022-12-22,22.08757209777832,22.220479512034373,21.539328617876766,22.070958274900974,2368700
2022-12-23,22.303543090820312,22.328462236340386,21.954660794109632,22.029421399431996,2002700
2022-12-27,22.353382110595703,22.444756532354525,22.162327941810002,22.30354223708226,3949400
2022-12-28,21.730379104614258,22.486290487823325,21.71376528458347,22.320157040658668,2366100
2022-12-29,22.54547691345215,22.73874748312561,21.89003570870935,21.923648817919304,2384300
2022-12-30,22.167339324951172,22.411029579066188,21.915247395583787,22.26817705835496,2771300
2023-01-03,22.789169311523438,22.99924645575563,22.436239645102894,22.537075776787955,4213500
2023-01-04,23.385787963867188,23.520237209863893,23.016051735995525,23.1084861936538,3450700
2023-01-05,22.96563148498535,23.301754568005666,22.81437569693589,23.184111889638878,1955200
2023-01-06,23.847957611083984,23.873167446340588,23.184114643608176,23.276549103454247,2889500
2023-01-09,23.957202911376953,24.34374417119059,23.755529001548737,23.974009471219745,3521500
2023-01-10,24.494997024536133,24.520206861233646,23.90678192644824,23.94879671818253,2562000
2023-01-11,24.76389503479004,24.889942612953377,24.60423754723647,24.713476965181624,3392500
2023-01-12,25.06640625,25.25127357072977,24.53701252082386,24.923553719466515,4433800
2023-01-13,25.26807975769043,25.36051421808174,24.688266365460237,24.805910661256856,3331200
2023-01-17,25.024391174316406,25.343707743345224,24.97397150334226,25.251273282654108,2423300
2023-01-18,25.133630752563477,25.553785063509387,24.999181501281704,25.083212684023188,5111800
2023-01-19,24.6546573638916,24.7891066275489,24.410967071786715,24.738688554367826,3688400
2023-01-20,25.242876052856445,25.31010068990052,24.545418239726764,24.789108550737634,2638600
2023-01-23,25.50336456298828,25.713441698428447,25.184046419572876,25.259674316552243,3124800
2023-01-24,25.150436401367188,25.587397253633046,25.100018334647725,25.209257746333467,2918700
2023-01-25,25.36891746520996,25.39412569782264,24.377353045820282,24.730282727251158,3785500
2023-01-26,25.45294761657715,25.679829714713463,25.074808115080923,25.478155848169283,4454300
2023-01-27,25.81428337097168,25.85629976874192,25.15044031381879,25.419338848501567,5954600
2023-01-30,26.26804542541504,26.730214486108192,25.09161377775499,25.34370570126737,8210200
2023-01-31,26.217628479003906,26.410899068787216,25.79747418672988,26.142000578173665,16785100
2023-02-01,26.898279190063477,27.09995468184696,25.679832576877704,26.007554048954667,5737600
2023-02-02,28.419240951538086,28.88141011127282,27.242807449010215,27.310033685965365,6114000
2023-02-03,27.957069396972656,28.419238517117517,27.72178399883123,27.923456281374413,6204000
2023-02-06,26.99071502685547,27.62935144531547,26.906685437569163,27.62935144531547,3190700
2023-02-07,26.99071502685547,27.436080825538284,26.747026332954164,26.856265760683367,3133100
2023-02-08,26.46971893310547,26.99911420931393,26.39409103650426,26.780633797217252,2653100
2023-02-09,25.90671157836914,26.789034882272844,25.76385906601926,26.620974140118534,3185600
2023-02-10,25.982341766357422,26.041163111440728,25.427738223055602,25.772264618053356,5565200
2023-02-13,26.688203811645508,26.70501036987209,25.906716484486957,26.007554231084864,2665700
2023-02-14,26.64618682861328,26.83105575950672,26.20082426475888,26.53694740807208,2453800
2023-02-15,26.671396255493164,26.705009370688682,26.31006328094909,26.394094466176337,1863000
2023-02-16,26.217628479003906,26.553751592270842,26.007551332866893,26.209225200827053,2028100
2023-02-17,26.326868057250977,26.335271335481284,25.915117040534565,26.116790909777617,3228900
2023-02-21,25.125226974487305,26.007551971588722,24.973971169112122,25.881504398601756,2693800
2023-02-22,25.015987396240234,25.42773841773731,24.839521756877797,25.12522680897968,2429200
2023-02-23,25.007585525512695,25.402530012584236,24.64625255088308,25.259677478492563,1947400
2023-02-24,24.612642288208008,24.721881712643103,24.402565115803753,24.595835729752874,2528900
2023-02-27,24.76389503479004,25.125228006300333,24.755491756061712,25.024391867083505,2403100
2023-02-28,24.76389503479004,25.091616494148568,24.730283522638274,24.864732776768403,4469300
2023-03-01,24.45298194885254,24.738687017060478,24.04963418294541,24.63784927420292,3463900
2023-03-02,24.419368743896484,24.528609765154137,23.982409467150514,24.108455443188035,2183300
2023-03-03,24.864730834960938,24.889940669177154,24.37735192611062,24.637847135299218,1955700
2023-03-06,24.55381965637207,25.041198638646012,24.53701470045767,24.948765771451033,2645400
2023-03-07,23.738718032836914,24.64625125989332,23.688299965434187,24.52860856836647,3526300
2023-03-08,24.058034896850586,24.192485749537518,23.67149370400529,23.763928164364593,3157700
2023-03-09,23.385787963867188,24.226096552727327,23.33536989730878,24.041229240172214,3275000
2023-03-10,23.16731071472168,23.755527448674165,22.831187553646682,23.343776376012087,5348500
2023-03-13,22.7303466796875,23.31856333279039,21.932054482203792,22.31859566362005,8662600
2023-03-14,22.957233428955078,23.520240322099802,22.646320107482683,23.385791058312552,5102700
2023-03-15,22.60430335998535,22.780769017693252,22.13373094403366,22.39422618823314,5423400
2023-03-16,22.65471839904785,22.990843111054804,21.98247218055677,22.377416633575102,4035500
2023-03-17,22.074907302856445,22.411030422246196,21.940458055100546,22.38582058725642,19038800
2023-03-20,22.133729934692383,22.478256352434,21.965667563849937,22.41103172464933,3728900
2023-03-21,22.637916564941406,22.805977341340615,22.528675537658373,22.688334637585005,3115000
2023-03-22,22.100114822387695,22.730346251954966,22.09171314709017,22.579092055178403,4294800
2023-03-23,22.007680892944336,22.56228439561892,21.814408712563964,22.24296625604184,2708900
2023-03-24,22.09171485900879,22.184147719296988,21.503498171393023,21.67156054007225,2859600
2023-03-27,22.217761993408203,22.570691703840403,21.999281543830023,22.47825723596766,2984600
2023-03-28,22.158939361572266,22.33540340520976,21.990876993836203,22.175744316136655,1714200
2023-03-29,22.29338836669922,22.495062244082472,22.142132557971404,22.436240896857544,2205600
2023-03-30,22.318885803222656,22.5568638418973,22.191398205076254,22.51436689511999,1765800
2023-03-31,22.896833419799805,22.93932874939882,22.48037302957639,22.53136774931379,2742900
2023-04-03,22.88833236694336,23.100812241688704,22.701349039668067,22.854334808859562,3550300
2023-04-04,22.6673526763916,23.007320145372116,22.48886874199385,22.9903213666499,2895300
2023-04-05,22.616357803344727,22.684351296665902,22.386879155475977,22.395378544777717,3169700
2023-04-06,22.607858657836914,22.786340971819897,22.522866384995734,22.590859879050125,2673900
2023-04-10,22.616357803344727,22.93932649134712,22.43787387019367,22.641854350157196,3210200
2023-04-11,23.083812713623047,23.27929380298352,22.73534586003516,22.769343417015804,2548400
2023-04-12,22.454870223999023,23.41527841608716,22.43787144723116,23.398281260411874,3540800
2023-04-13,22.87982940673828,22.93932350300733,22.420872170789824,22.488865655253385,2593800
2023-04-14,22.7353458404541,23.236798457837516,22.57386068712061,23.12630801883833,3145800
2023-04-17,22.820341110229492,22.820341110229492,22.480373601509374,22.590862433933555,1982400
2023-04-18,22.930824279785156,22.98182060931912,22.522863370068762,22.947823056296475,2443000
2023-04-19,23.05831527709961,23.117811003702432,22.718347801976034,22.78634129700075,3116500
2023-04-20,22.854337692260742,22.93083058650716,22.743848856734246,22.87133647344728,1658800
2023-04-21,22.684349060058594,22.922325452672588,22.573858631122732,22.8373348102205,2528100
2023-04-24,22.939329147338867,22.964827318196352,22.607861031656252,22.820340925523148,2394700
2023-04-25,22.30188751220703,22.769344210423153,22.293388122665707,22.726847262716525,2429100
2023-04-26,22.242395401000977,22.531368186947237,22.089409617724375,22.250894791304447,2155100
2023-04-27,22.624855041503906,22.650351585892196,22.250890053247183,22.429372348335615,2369600
2023-04-28,22.84583282470703,22.973322031949355,22.480368843369217,22.53136355361058,6365300
2023-05-01,22.208396911621094,24.222706938756442,22.072409914634804,24.010227053328755,5360800
2023-05-02,21.43497085571289,22.012916419557556,21.035509243569862,21.970421089724887,4545000
2023-05-03,21.366975784301758,21.842931873115816,21.28198513088542,21.39247395298234,3025700
2023-05-04,21.33298110961914,21.349979889745498,20.831528443541814,21.154497160478158,3461100
2023-05-05,21.706945419311523,21.834433023682543,21.562459035399613,21.655949080688842,2766800
2023-05-08,21.553958892822266,21.910925145249198,21.32448024031364,21.842931650553247,3000900
2023-05-09,21.349979400634766,21.468967616607564,21.188494235319638,21.2819859027799,2027300
2023-05-10,21.247987747192383,21.851429821088093,21.154496082355035,21.63894994361617,3135200
2023-05-11,20.840024948120117,21.196991175884065,20.602046922579927,21.196991175884065,3873500
2023-05-12,20.814529418945312,21.027009304750504,20.59355014317677,20.95901580613656,2363300
2023-05-15,20.831525802612305,20.950514006226225,20.738034144862684,20.857023969569298,2057000
2023-05-16,20.415063858032227,20.738032508540368,20.415063858032227,20.644542479260217,1599300
2023-05-17,20.789030075073242,20.89102112778104,20.381069106427624,20.57655020126705,2111100
2023-05-18,20.967514038085938,21.01850875395679,20.602048395310437,20.75503416401579,2812300
2023-05-19,20.814529418945312,21.09500280336445,20.559554204416237,21.09500280336445,2353100
2023-05-22,20.916521072387695,21.052508073483768,20.695541790333348,20.899522291977455,1956400
2023-05-23,20.712539672851562,21.09500248894459,20.695540893178222,20.780533170452067,2583300
2023-05-24,20.46605682373047,20.644540720959352,20.338569252048366,20.568047853731606,2496600
2023-05-25,20.61904525756836,20.670039968698788,20.35557069211974,20.42356418065786,2432800
2023-05-26,20.916521072387695,20.993013963140854,20.636047679990433,20.721038339855784,2063600
2023-05-30,21.001508712768555,21.14599508329627,20.848524574350407,21.01000810175168,2520900
2023-05-31,20.406564712524414,21.00150731182202,20.279077128467254,20.865520339348706,6671200
2023-06-01,20.755033493041992,20.840025764140957,20.36406969442384,20.44906196552281,3305600
2023-06-02,21.264986038208008,21.366975469240877,21.03550738674489,21.09500149169619,2687600
2023-06-05,21.281982421875,21.358473675994475,20.993009697983315,21.247984867961815,1867600
2023-06-06,21.876928329467773,21.936422436708302,21.230989297398203,21.247988076922024,2519700
2023-06-07,22.318885803222656,22.420875233302674,21.902425451361598,21.995915492086155,3343900
2023-06-08,22.225393295288086,22.361380277612948,22.055410377928357,22.293386786450515,2512300
2023-06-09,22.412378311157227,22.624858189787073,22.233894370139886,22.276389697428726,2970600
2023-06-12,22.43787384033203,22.633354930733656,22.15740047811886,22.344383800322806,4603000
2023-06-13,22.939329147338867,23.0498195999617,22.344386417167325,22.412379918361015,3566100
2023-06-14,22.87982940673828,23.37278257437225,22.709844885033103,23.075310471934458,3096700
2023-06-15,23.20279884338379,23.27079233016447,22.718345047434873,22.72684443591903,2316900
2023-06-16,22.922325134277344,23.372782990042396,22.8713304252959,23.245295407042498,3239900
2023-06-20,22.43787384033203,22.709847813254772,22.293387464580228,22.709847813254772,3249700
2023-06-21,22.208396911621094,22.454874356841792,22.182900362869212,22.378381468400395,2579000
2023-06-22,21.638948440551758,22.233892704584807,21.638948440551758,22.097905722136005,2186900
2023-06-23,21.698444366455078,21.78343501545972,21.35847528606564,21.375474064303656,2986900
2023-06-26,21.961915969848633,22.055407616400775,21.672943263317006,21.6814426512847,1989600
2023-06-27,22.650352478027344,22.71834596756186,21.92792063854018,22.063907617609214,2524800
2023-06-28,22.675851821899414,22.743845314964325,22.488868500151355,22.743845314964325,2471100
2023-06-29,23.036876678466797,23.036876678466797,22.667256516351866,22.675850923318624,2377400
2023-06-30,22.959510803222656,23.22598329004601,22.85636153825001,23.17440701803168,3416100
2023-07-03,23.114238739013672,23.243177792902834,22.925130640586108,22.99389737088051,964600
2023-07-05,22.804786682128906,23.148620294545942,22.744614365368932,22.94232012709572,2670400
2023-07-06,22.36639976501465,22.55550785509722,22.08273681012674,22.521125311231344,3375100
2023-07-07,22.478147506713867,22.736023991401613,22.28044334945639,22.332017990582628,5364400
2023-07-10,23.337732315063477,23.458075329390788,22.555510099813144,22.632872880620607,3797400
2023-07-11,23.853483200073242,23.879271339708893,23.268965151224407,23.621394861937105,3381500
2023-07-12,24.437997817993164,24.61850985151534,24.171526970615094,24.274676235619765,3055500
2023-07-13,25.108476638793945,25.43511985141082,24.609917412798726,24.63570555259319,4223900
2023-07-14,24.446596145629883,25.185838078937913,24.377829416030806,25.142859487761548,2810100
2023-07-17,24.842004776000977,24.92796359907584,24.283274885306636,24.360637662121196,3037000
2023-07-18,25.340566635131836,25.44371756152547,24.84200737654069,24.919370161453827,2978700
2023-07-19,25.787548065185547,25.864910840543356,25.357755597432455,25.42652232669182,3224300
2023-07-20,25.45231056213379,25.72737748022114,25.228818281305774,25.650014704568054,2769200
2023-07-21,25.203031539916992,25.624227986526208,25.177245039622054,25.564057299800353,2240500
2023-07-24,25.383543014526367,25.598439242297246,25.246009559915255,25.246009559915255,2187100
2023-07-25,25.168649673461914,25.392141972720346,25.091286891429064,25.246012455494768,2135200
2023-07-26,24.927963256835938,25.306181089455816,24.850600481083504,25.10847530723951,3161900
2023-07-27,24.420808792114258,25.151456342293223,24.31765951416441,25.04830542481516,4755500
2023-07-28,25.366352081298828,25.8906994256557,24.558341768910637,25.46950135720394,6081400
2023-07-31,25.134262084960938,25.45230921689469,25.03111281589404,25.42652107986393,16859500
2023-08-01,24.74744987487793,25.22022091056887,24.661491057608284,25.04830327602958,3709400
2023-08-02,24.36923599243164,24.480981325232765,24.042592762037575,24.39502249410126,2808600
2023-08-03,24.395017623901367,24.455189941350508,23.853479883083153,24.128546776167198,3846000
2023-08-04,24.360637664794922,24.927963601811836,24.29187093423312,24.45519253414047,2310000
2023-08-07,24.532556533813477,24.76464323632304,24.40361747299584,24.47238420698539,2208900
2023-08-08,24.197317123413086,24.29187199689499,23.76752462871826,24.11995434320576,2371500
2023-08-09,24.033994674682617,24.429404608509163,23.999612128865813,24.154337683861932,2041000
2023-08-10,24.01680564880371,24.386427465587307,23.98242146141533,24.240297948243285,2148400
2023-08-11,23.99101448059082,24.102761435972266,23.793310346642837,23.85348102745065,1911400
2023-08-14,23.913652420043945,23.930844512080206,23.65577759761255,23.836289645408897,1774800
2023-08-15,23.15721893310547,23.69875672836651,23.1486228868914,23.629989998182122,2331500
2023-08-16,22.779001235961914,23.268964396448663,22.779001235961914,23.05406815837355,2100400
2023-08-17,22.572702407836914,22.993898863166475,22.503935673079603,22.856365393651853,2608100
2023-08-18,22.572702407836914,22.693043783780137,22.263251281664875,22.30623151559337,2203000
2023-08-21,22.177291870117188,22.650064593727954,21.996779810949462,22.615680407489393,2864000
2023-08-22,21.816267013549805,22.30623185052179,21.730309823458732,22.280443709777483,2744100
2023-08-23,22.340612411499023,22.374996596099695,21.73890393674075,21.893627848859282,1992300
2023-08-24,22.01396942138672,22.64146599371875,21.98818128461612,22.340610956174007,2186700
2023-08-25,22.168697357177734,22.289038729381303,21.910820880205222,22.091334578038804,2234000
2023-08-28,22.306230545043945,22.521126786751392,22.28903845222058,22.340613091162467,2110400
2023-08-29,22.796194076538086,22.796194076538086,22.27184671377965,22.34920949318756,1886900
2023-08-30,22.87355613708496,23.028281691038124,22.76180917499515,22.813385452664996,1692000
2023-08-31,22.985301971435547,23.088452889543802,22.899343146266705,22.91653523920612,2224700
2023-09-01,23.097049713134766,23.25177363621064,23.00249483831483,23.225987135462134,1856700
2023-09-05,22.460954666137695,23.036876664732414,22.426572119706485,22.97670597883163,3023300
2023-09-06,22.443763732910156,22.65865997197815,22.24605794692618,22.38359304829563,2592600
2023-09-07,22.289037704467773,22.417975117261005,21.988182648264797,22.263249566097866,3389600
2023-09-08,22.289037704467773,22.417975117261005,22.160100291674542,22.314824203309527,2371700
2023-09-11,22.3148250579834,22.641468265066955,22.19448368670431,22.512530847335327,3088100
2023-09-12,22.443763732910156,22.753213202288897,22.194483308617755,22.237463540148266,2698700
2023-09-13,22.271848678588867,22.5641077289065,21.89363079473163,22.5641077289065,2623200
2023-09-14,22.53831672668457,22.589893003979903,22.33201653608777,22.486742088917413,2558200
2023-09-15,22.564104080200195,22.753212171785087,22.349207850864957,22.46095316872691,3211500
2023-09-18,22.460954666137695,22.57270163097763,22.349209340825983,22.512530945076847,2201800
2023-09-19,22.546913146972656,22.701638702369326,22.400783637934488,22.51253060106684,2189600
2023-09-20,22.271848678588867,22.84777073191733,22.263252631282068,22.744619803764127,1499500
2023-09-21,21.644351959228516,22.07414448696688,21.644351959228516,22.065548439668706,2050800
2023-09-22,21.506813049316406,21.72170925890703,21.45523677855452,21.670132988145145,2493000
2023-09-25,21.429454803466797,21.541200134635453,21.257537143715304,21.395070615705173,2293500
2023-09-26,20.939489364624023,21.44664460315841,20.93089331860315,21.266130915776408,2472000
2023-09-27,20.86212730407715,21.085619589685532,20.750380341508862,21.025447265479734,2031700
2023-09-28,21.288593292236328,21.3930352037975,20.896939858989633,20.91434712092447,2037900
2023-09-29,21.393033981323242,21.767281791297112,21.31470296714044,21.514881487808587,2008600
2023-10-02,21.071008682250977,21.393036405949957,20.966568424868793,21.253781622741737,3551600
2023-10-03,20.322513580322266,20.93175281015302,20.278995425303577,20.88823631518221,3169700
2023-10-04,20.653242111206055,20.688056633287513,20.252885067556,20.400843466306625,2503100
2023-10-05,20.801204681396484,20.818611945928037,20.313812894849814,20.522695089084102,3845800
2023-10-06,20.879535675048828,20.97527396975601,20.33122012365339,20.47917855181535,4229600
2023-10-09,20.792497634887695,21.001379794822377,20.67935375410768,20.67935375410768,2646300
2023-10-10,20.966567993164062,21.105822773505004,20.896940602993592,20.896940602993592,3584300
2023-10-11,20.627134323120117,21.07971152151462,20.409548525028335,20.940456743539713,3024400
2023-10-12,19.913450241088867,20.696760392307123,19.86993374826465,20.68805676173272,4256700
2023-10-13,19.71327018737793,20.07881434288106,19.486980790157165,19.93085595470009,3107700
2023-10-16,19.974376678466797,20.26158986194583,19.730679990041484,19.95696941642616,2685200
2023-10-17,20.30510711669922,20.435658266792725,19.76549359358534,19.817715381661092,2429700
2023-10-18,19.92215347290039,20.139739252761856,19.817713228193632,20.009188116854528,3537800
2023-10-19,19.695863723754883,20.087518784785868,19.652347232550433,19.913449499872602,2967200
2023-10-20,19.63494110107422,19.82641765749841,19.565313715114826,19.71327211778451,2889100
2023-10-23,19.356433868408203,19.69586720798283,19.321621001295743,19.46957942163176,2453100
2023-10-24,19.63494110107422,19.81771402674751,19.530500852159044,19.530500852159044,2710000
2023-10-25,19.373842239379883,19.574020801850637,19.182367309196742,19.469580534495513,2991100
2023-10-26,19.800308227539062,20.000486769449928,19.278101964253718,19.278101964253718,4498700
2023-10-27,19.539203643798828,19.826416806052922,19.478278231158956,19.80900954529867,3558800
2023-10-30,19.5914249420166,19.826417996161492,19.417355644120864,19.73938334721362,3607200
2023-10-31,19.83512306213379,20.592320744653495,19.043109193448988,20.148445496948025,11461300
2023-11-01,19.626235961914062,19.974374525002034,19.243286198593612,19.89604351431201,5479800
2023-11-02,20.479177474975586,20.548804869270164,20.03530221382963,20.03530221382963,3789900
2023-11-03,21.10582160949707,21.201559888219375,20.792497540986137,20.923050342897582,3570500
2023-11-06,20.740278244018555,21.114526082999312,20.6097270969445,21.044898693889955,2399600
2023-11-07,20.496580123901367,20.731573168288996,20.409547138615093,20.661945784031303,1771600
2023-11-08,20.531396865844727,20.601024257630314,20.37473481931516,20.49658233992795,2778000
2023-11-09,20.017892837524414,20.80120135567884,19.98307831402749,20.66194658178685,2792000
2023-11-10,19.948265075683594,20.017892461321058,19.434762484089358,19.756790180192517,3776000
2023-11-13,19.582719802856445,19.800305578443737,19.426057778825957,19.721974566428496,2865600
2023-11-14,20.836015701293945,20.888235826045666,20.191961962529945,20.191961962529945,3509800
2023-11-15,21.375629425048828,21.48007134385689,20.836017548009792,20.84472117958113,7066300
2023-11-16,21.36692237854004,21.532288031870152,21.24507487611139,21.3234058876863,5005700
2023-11-17,21.123228073120117,21.775985417826814,21.10582081218314,21.610619759021073,5150400
2023-11-20,21.062305450439453,21.175449332507426,20.84471965719131,21.044898188568112,2661100
2023-11-21,20.60972785949707,20.975272080858176,20.59232059656369,20.975272080858176,1769300
2023-11-22,20.78379249572754,20.85341987731943,20.627132132181583,20.79249612593249,2081500
2023-11-24,20.7315731048584,20.870827872947714,20.67935298183685,20.818607749926166,1518500
2023-11-27,20.63583755493164,20.670652081576282,20.2702949854509,20.574913793351516,3382100
2023-11-28,20.86212730407715,20.88823819944374,20.47917746565526,20.635837857710744,3435300
2023-11-29,21.40174102783203,21.506181290047483,20.966569395155574,21.062307685559766,4454400
2023-11-30,21.584508895874023,21.78468907681579,21.393034005459914,21.51488151208273,3461800
2023-12-01,22.306896209716797,22.31559984120509,21.453960244439852,21.471367507416435,3176900
2023-12-04,22.341711044311523,22.53318595955518,22.08931070780817,22.115421602633756,2415100
2023-12-05,22.019683837890625,22.193753154098847,21.92394720801933,22.150236655070806,2448200
2023-12-06,22.167640686035156,22.541888527299303,22.141531452489787,22.141531452489787,2277000
2023-12-07,22.350412368774414,22.420039754407288,22.045791934112653,22.176343074668317,1951900
2023-12-08,22.254674911499023,22.454853445067766,22.1589366302062,22.289489435622915,2294400
2023-12-11,22.185047149658203,22.359116447250226,22.063199637372495,22.14153065528412,2290400
2023-12-12,23.098909378051758,23.133722242907066,22.202455282368735,22.245971778449846,4097300
2023-12-13,24.04758071899414,24.25646453770303,23.020577187255892,23.272975839786735,5930600
2023-12-14,25.561981201171875,25.796972609848762,24.508865037653834,24.648119820591234,6193200
2023-12-15,25.579383850097656,25.884004275113657,25.31828157725409,25.422721822372413,7366800
2023-12-18,25.431427001953125,25.683827319784843,25.318283119508198,25.605496301150712,3809700
2023-12-19,25.86659812927246,25.962336408131037,25.466241072314492,25.492351964743513,2839300
2023-12-20,25.431427001953125,26.066778781990816,25.422723370988457,25.71864018359564,2865500
2023-12-21,25.718639373779297,25.762157527232347,25.370502446393957,25.66641924968345,2710000
2023-12-22,25.849193572998047,26.101592236493808,25.74475165910635,25.805675417189878,1877600
2023-12-26,26.179920196533203,26.188623826677404,25.762155909897814,25.884003411821208,1791900
2023-12-27,26.266958236694336,26.388805754383977,26.03196517253753,26.258254605423947,1454500
2023-12-28,26.162513732910156,26.293064868953117,26.092886349684058,26.13640450173022,1407000
2023-12-29,25.927528381347656,26.197334346584615,25.83179008463048,26.040672282883108,2031900
2024-01-02,25.760421752929688,25.86596026432024,25.5053672749778,25.69006050866346,3657700
2024-01-03,24.86333656311035,25.505367833560996,24.854541407384453,25.505367833560996,3577900
2024-01-04,25.03923225402832,25.320672177868037,24.801769782122957,24.85453903393479,2725500
2024-01-05,25.399826049804688,25.584520953459442,24.801770595481155,24.863335004197967,3083000
2024-01-08,25.79559898376465,25.79559898376465,25.23272248706607,25.48777527056851,2775300
2024-01-09,25.61090660095215,25.865959392806026,25.540547036560973,25.59331629047827,3211200
2024-01-10,25.575725555419922,25.85716380831244,25.478980526924005,25.681265739006772,3491500
2024-01-11,25.329469680786133,25.549343555367624,25.021647598375672,25.338264837069936,5964800
2024-01-12,24.9776668548584,25.619698038488455,24.84574289181861,25.452595134806682,3449600
2024-01-16,24.48515510559082,24.722619295629965,24.282871541115053,24.722619295629965,3981200
2024-01-17,24.071792602539062,24.38840984222316,23.91348314394474,24.05420228991646,2914400
2024-01-18,24.150943756103516,24.238893634799247,23.71119604012927,24.238893634799247,2407500
2024-01-19,24.56430435180664,24.573099506234033,23.983837579632183,24.27407096571941,3397400
2024-01-22,24.91610336303711,25.021643543836355,24.625869962719516,24.705024678942884,3644400
2024-01-23,23.966249465942383,25.004054298372875,23.922275367281838,24.995259143139897,5172300
2024-01-24,23.640838623046875,24.256486152411952,23.632045144131414,24.256486152411952,4063200
2024-01-25,24.168533325195312,24.186123635895193,23.649630902079394,23.860709597964867,4183100
2024-01-26,24.265277862548828,24.300456805728057,24.0454040157896,24.203713453856935,5037000
2024-01-29,24.194921493530273,24.740207766093647,23.570478813976614,24.731414287265938,9094300
2024-01-30,23.8607120513916,24.071792446485322,23.684813958819543,23.975047405192743,4879700
2024-01-31,23.420961380004883,24.03660882091554,23.39457759204012,23.667220691870007,5663400
2024-02-01,23.79034996032715,23.79034996032715,23.077959154191902,23.526502010648716,3641700
2024-02-02,23.667221069335938,23.84312082025991,23.297832934399075,23.42975690883988,2737800
2024-02-05,23.157114028930664,23.403373347108296,23.042780363975844,23.36819272558105,3257800
2024-02-06,23.420961380004883,23.420961380004883,23.086753871584794,23.086753871584794,2423400
2024-02-07,23.50011444091797,23.667219022090542,23.060366779151135,23.464935500278806,2646100
2024-02-08,23.59686279296875,23.68481267323322,23.289039050795328,23.544093535811847,2301400
2024-02-09,23.834325790405273,23.860709578929686,23.37698777759942,23.632042250031116,2687800
2024-02-12,24.72261619567871,25.074414019678052,23.834325641640156,23.843120796928183,4671400
2024-02-13,23.139522552490234,24.036608226191046,22.928443866473152,24.010222761374806,5787200
2024-02-14,23.544092178344727,23.64963068657357,23.262653919728685,23.447347147881334,3265500
2024-02-15,24.071792602539062,24.133357019213623,23.67601895605326,23.73758337272782,2825700
2024-02-16,23.983842849731445,24.09817652740234,23.676019087149655,23.80794307754055,2635700
2024-02-20,23.834325790405273,24.027814175436507,23.588066473316502,23.676016349241372,2395500
2024-02-21,23.79914665222168,23.82553211989482,23.56168415318127,23.693608136538046,1626300
2024-02-22,23.851917266845703,24.04540566133362,23.772762542395093,23.93986546956466,1793400
2024-02-23,23.755170822143555,24.027813924914067,23.737580511641113,23.878299640651978,2319000
2024-02-26,23.508913040161133,23.851917407301766,23.35060359032768,23.60565807672701,2539600
2024-02-27,23.825531005859375,23.869505105754,23.535297585043438,23.57047652945826,2285800
2024-02-28,23.755170822143555,23.9838398261623,23.60565653788147,23.62324684838391,2518400
2024-02-29,24.142148971557617,24.282868098854138,23.878299349748406,23.975044378828883,3868900
2024-03-01,24.115764617919922,24.23889344060483,23.87830045059526,24.106969462370373,2760900
2024-03-04,24.388410568237305,24.731414964570682,24.186126999569282,24.203717312715526,2006100
2024-03-05,24.318050384521484,24.5731048862447,24.168536081529666,24.282871436614055,2399800
2024-03-06,24.493947982788086,24.72261699515844,24.24768865927284,24.625871961365952,2021300
2024-03-07,24.599483489990234,24.951282959900517,24.54671424050537,24.73140912995869,2689500
2024-03-08,24.669845581054688,24.99525962087714,24.661052103157974,24.73141166886224,2438400
2024-03-11,24.9776668548584,24.99525716393149,24.414790384553058,24.608278751844466,2658700
2024-03-12,24.493947982788086,25.16236470875426,24.274074125990175,24.986464952314172,3634400
2024-03-13,24.467561721801758,24.76659029154017,24.40599731229756,24.5027423429495,3639000
2024-03-14,23.781558990478516,24.41479514298957,23.64083816797153,24.37961451798669,3773500
2024-03-15,23.658428192138672,23.93986647871359,23.403375373994344,23.526504204994744,10803400
2024-03-18,23.623247146606445,23.728785655944755,23.350602362889695,23.658426090551092,2888600
2024-03-19,23.79914665222168,23.922277157191868,23.56168415318127,23.570477631567858,2998700
2024-03-20,24.054201126098633,24.247689523072037,23.61445339683725,23.64963234287584,3863600
2024-03-21,24.493947982788086,24.68743637286866,24.10696952512253,24.318048226347997,3043100
2024-03-22,24.071792602539062,24.599488561180742,24.036611977293862,24.529128988194884,2300200
2024-03-25,24.019018173217773,24.33563704438205,23.97504407555798,24.1245583561073,2476100
2024-03-26,23.77276039123535,24.247687017459214,23.76396523625843,24.186122610125036,2813200
2024-03-27,24.582386016845703,24.600180406574037,23.950700454187523,23.950700454187523,5497600
2024-03-28,25.009443283081055,25.045030366137063,24.59128360264956,24.63576957767761,3102100
2024-04-01,24.5734920501709,24.964958466788843,24.546800463915194,24.964958466788843,2405700
2024-04-02,24.270992279052734,24.40444680586993,24.110846168085544,24.37775522171994,1717800
2024-04-03,24.466724395751953,24.55569464203886,24.155329382230942,24.155329382230942,1952600
2024-04-04,24.199817657470703,24.982752165998182,24.128641793059117,24.804811656485978,2553500
2024-04-05,24.066362380981445,24.270994484123204,23.79055610757281,24.075259576506436,2031700
2024-04-08,24.253198623657227,24.46672621242056,24.14643398079234,24.279890208615054,2527500
2024-04-09,24.502317428588867,24.511212927492846,24.057467816859656,24.40444997097913,3063200
2024-04-10,23.399085998535156,24.075257528207796,23.26563147094751,23.88842152897837,3512500
2024-04-11,23.38129234313965,23.550333945871998,23.22114623784263,23.47026089322349,3676600
2024-04-12,22.607254028320312,23.27452835429663,22.47379950251832,23.167765412441582,4734000
2024-04-15,22.189096450805664,22.989825316628487,22.055641922662925,22.76740053740179,5014100
2024-04-16,21.984464645385742,22.17130234474819,21.708658390767898,22.046745009817503,5064200
2024-04-17,22.073436737060547,22.38483179730327,22.037849651386082,22.171304192356803,2886700
2024-04-18,22.260271072387695,22.39372559309705,22.028949111240546,22.18909521487829,4018900
2024-04-19,22.375934600830078,22.527183533115817,22.242480059864203,22.313655928177106,3621200
2024-04-22,22.75850486755371,22.856372320000414,22.42041992714062,22.57166885502802,4328600
2024-04-23,22.536081314086914,22.776300512244436,22.500494227489465,22.705124642082943,4895400
2024-04-24,22.553874969482422,22.660637922755544,22.22468552012945,22.349244561570153,7187000
2024-04-25,22.322553634643555,22.456008178663264,21.966674284935458,22.278069352292516,6577400
2024-04-26,22.23358154296875,22.509387804170583,22.14461128862306,22.36703607600406,7536000
2024-04-29,20.801166534423828,22.340347439015076,20.68550638517202,22.028952379844984,10158100
2024-04-30,20.32072639465332,20.658811286271025,20.31182920053624,20.454180912476986,8588800
2024-05-01,20.258451461791992,20.67660948046788,20.222862678772817,20.338524526618567,4111400
2024-05-02,20.43638801574707,20.54315265597774,20.2940362934171,20.463079600046335,4712800
2024-05-03,20.801166534423828,21.246016134104945,20.68550638517202,20.79227103576077,5865200
2024-05-06,20.836753845214844,21.076973019347623,20.747783592169398,20.988002766302177,5717900
2024-05-07,20.72998809814453,20.91682578928615,20.721092600583525,20.87233981664941,3240000
2024-05-08,20.89013671875,20.899033914347662,20.48977309865438,20.552051770871483,5095800
2024-05-09,21.477336883544922,21.539615552372467,20.84565130318958,20.88123838667684,4444900
2024-05-10,21.121458053588867,21.51292616282453,21.03248779735806,21.47733738154561,3856700
2024-05-13,21.308298110961914,21.450649857841242,21.210430648619873,21.22822504122146,3239600
2024-05-14,21.72645378112793,21.779835256132714,21.45954470913751,21.45954470913751,2928700
2024-05-15,21.806528091430664,22.117923157903874,21.71755783001452,22.046747288164276,2723000
2024-05-16,21.495132446289062,21.842114589807704,21.48623525069031,21.71755724535825,3156000
2024-05-17,21.601896286010742,21.610793481275678,21.406161384115183,21.495131639798032,2401500
2024-05-20,21.299396514892578,21.61079153322944,21.23711785061847,21.539613977526084,3197700
2024-05-21,21.237123489379883,21.388372441475624,21.20153470207887,21.299402170189875,2608000
2024-05-22,21.13925552368164,21.36168034817707,21.041388057874297,21.112563933834164,2978900
2024-05-23,20.578739166259766,21.13035334768559,20.463079031442888,21.13035334768559,3725600
2024-05-24,20.75667953491211,20.78337111830536,20.596533428485266,20.72998795151886,2491000
2024-05-28,20.525360107421875,20.88123944516661,20.4719786310018,20.801166382053225,2668800
2024-05-29,20.231760025024414,20.28514150298369,20.13389256796025,20.240657220845392,3415500
2024-05-30,20.516460418701172,20.525357613184422,20.28513845303566,20.347418814418415,3324000
2024-05-31,20.996902465820312,21.023592357041025,20.55205284449771,20.560950040560154,5772600
2024-06-03,20.81896209716797,21.228224634326445,20.649918764626424,21.157048762251055,2636700
2024-06-04,20.863445281982422,21.059178479718565,20.667710387279858,20.667710387279858,3780800
2024-06-05,20.74778175354004,20.934619438074918,20.48976990923584,20.90792785543671,2849300
2024-06-06,20.6588134765625,20.899032652293407,20.578740417985532,20.721093841985155,3394200
2024-06-07,20.365211486816406,20.525357593428105,20.28513843351056,20.35631429234172,1710500
2024-06-10,20.329627990722656,20.427493753268774,20.205068943079173,20.249554923297072,2361400
2024-06-11,19.982643127441406,20.20506792643946,19.938158846428415,20.151686449830564,2922100
2024-06-12,20.089406967163086,20.91682745757005,19.97374682301543,20.560948132923635,5667900
2024-06-13,19.537790298461914,19.9915370170174,19.51999760717904,19.973744325734522,4201300
2024-06-14,19.422134399414062,19.431031595476668,19.19081239268617,19.350958527879836,3330800
2024-06-17,19.715734481811523,19.795807546972334,19.279782069806327,19.377649526551,3162800
2024-06-18,19.92926025390625,19.955951838823047,19.66235119260399,19.715732665471155,3730300
2024-06-20,20.107200622558594,20.196170874709246,19.964848897904115,20.053819150054768,2784500
2024-06-21,20.311832427978516,20.391905490789153,19.938158700517725,20.107202021669792,6392900
2024-06-24,20.614328384399414,20.738885716394467,20.285138968027145,20.400800802279445,2651000
2024-06-25,20.329627990722656,20.560949996955834,20.222863335166334,20.52536121278152,2056600
2024-06-26,20.196170806884766,20.302933751533875,20.133890442711976,20.18727361200294,1782300
2024-06-27,20.044923782348633,20.2406569973491,20.018232195180428,20.187275519979256,2804400
2024-06-28,20.162199020385742,20.32457941925559,19.97275464815702,20.162199020385742,5196900
2024-07-01,19.96373176574707,20.31555650938946,19.91862686764394,20.189259697545868,3763300
2024-07-02,20.053945541381836,20.099052165207148,19.909607786424374,20.035902891851713,4133700
2024-07-03,20.24338722229004,20.441851178746443,20.0449215451921,20.180239677992162,1828100
2024-07-05,19.927648544311523,20.216324026823774,19.765268155237983,20.216324026823774,4466800
2024-07-08,19.972753524780273,20.11709126662586,19.882543726607988,19.999817496616924,3207100
2024-07-09,19.900583267211914,20.017858749690863,19.738202888789672,19.873521017902533,5784400
2024-07-10,20.25240707397461,20.288490644961733,19.90058236316206,19.96372990287058,3162600
2024-07-11,20.820735931396484,21.010180264606877,20.360658802904215,20.793671963611757,3760900
2024-07-12,20.928991317749023,21.073329046508,20.74856829647958,21.019201107742298,3330600
2024-07-15,20.9560546875,21.073330173791035,20.883885819259955,21.03724487935024,2585000
2024-07-16,21.62361717224121,21.659702466720987,20.9470333865193,20.992140004619024,2641900
2024-07-17,21.488300323486328,21.921313524613755,21.434174103505775,21.533406940671377,3149300
2024-07-18,21.289838790893555,21.984465288763207,21.262774817504788,21.325922368103537,2748700
2024-07-19,21.19060516357422,21.362006880786392,21.082352715281424,21.22669046009958,2989700
2024-07-22,21.2357120513916,21.29885960046378,20.856825036316863,21.2357120513916,5083300
2024-07-23,20.938013076782227,21.407111603885244,20.928993473367072,21.127457440691444,3088600
2024-07-24,20.64031410217285,21.100391256998606,20.604230530369247,21.010181467168866,3350600
2024-07-25,21.32592010498047,21.605575971728644,20.577167460433195,20.67640029835297,4379100
2024-07-26,20.820735931396484,21.740890188381023,20.721503103493834,21.65067868307328,6473100
2024-07-29,20.36968231201172,20.820738166326098,20.14415438485453,20.739547974898187,4257000
2024-07-30,20.577165603637695,20.676398432603122,20.28849016007431,20.486954097363796,4568300
2024-07-31,20.631296157836914,20.883886342687134,20.360661604672494,20.604232186327994,8542700
2024-08-01,20.062965393066406,20.883886959353227,20.044922744861026,20.730527890890766,4566300
2024-08-02,19.738204956054688,19.873523099339984,19.359317940267527,19.774290253101878,4108200
2024-08-05,19.35931396484375,19.467568113113728,18.87217459923213,19.14280738894511,6351700
2024-08-06,19.657014846801758,19.936668993130304,19.26910653896197,19.35029672993502,3857000
2024-08-07,19.34127426147461,20.081005539313303,19.314210292538526,19.98177270718909,4072300
2024-08-08,19.79233169555664,19.86450056461166,19.485613571912417,19.485613571912417,2294100
2024-08-09,19.990795135498047,20.01785910593055,19.611908152650603,19.792331180917582,2979500
2024-08-12,19.404422760009766,20.053942560780758,19.359316142888616,20.026880311149572,2425300
2024-08-13,19.729185104370117,19.81037358042214,19.530719414389306,19.729185104370117,2680800
2024-08-14,19.864500045776367,19.918626265993534,19.684077017530456,19.846457398823475,2210900
2024-08-15,20.234365463256836,20.351639225765933,20.10807037737912,20.126111303474868,2391900
2024-08-16,20.53206443786621,20.53206443786621,20.18926099592691,20.198282320256016,3197700
2024-08-19,20.50499725341797,20.604230084854763,20.378702173873986,20.55912519091517,2336700
2024-08-20,20.40576934814453,20.56814802421981,20.351641402144427,20.432831600502904,3516900
2024-08-21,17.843769073486328,20.432828547901803,17.690410024014085,20.432828547901803,24063000
2024-08-22,18.655672073364258,18.682734325825813,18.033214457123147,18.051257105858646,8884800
2024-08-23,18.890216827392578,19.187913577767134,18.66468893405909,18.71881514667957,6321300
2024-08-26,18.709796905517578,19.07064125014519,18.511332946132782,18.97141013077357,5758000
2024-08-27,18.348953247070312,18.69175495712562,18.339931923037064,18.6646927056675,5908900
2024-08-28,17.690410614013672,18.348951728152432,17.627263071649885,18.339930404865964,8386500
2024-08-29,18.015169143676758,18.02419046671012,17.591177284957418,17.69943144071631,5736400
2024-08-30,18.25874137878418,18.32188892516968,17.93398060235407,18.186572508537665,5400600
2024-09-03,18.20461654663086,18.538396951772754,18.132447670872473,18.132447670872473,6186200
2024-09-04,17.89789581298828,18.213635244131087,17.74453675904129,18.132445055533182,5755500
2024-09-05,17.582157135009766,18.069298287464804,17.410755427222824,17.952022800847903,4535400
2024-09-06,17.257396697998047,17.627264091578105,17.185227828172042,17.564114824918967,4615900
2024-09-09,17.636281967163086,17.816704984375352,17.365649161986102,17.365649161986102,4709300
2024-09-10,17.591175079345703,17.65432261202025,17.212288162657224,17.65432261202025,3463200
2024-09-11,17.537052154541016,17.546073478133618,17.095017622352717,17.44684063925653,3145900
2024-09-12,17.744537353515625,17.879853765498325,17.239355279147496,17.762580000617728,3828500
2024-09-13,17.9520263671875,18.08734280731527,17.852795228769473,17.879857484409897,4376800
2024-09-16,18.141468048095703,18.267763143917467,17.897897459889478,18.0422352038691,2834900
2024-09-17,18.357975006103516,18.484270104278355,18.23167818728701,18.267763484275058,3609100
2024-09-18,18.394058227539062,18.781966559467623,18.285805779946962,18.31286803152417,3622200
2024-09-19,18.827072143554688,18.863155717218735,18.520354024523364,18.682732686973885,4449800
2024-09-20,18.7729434967041,18.809028789653784,18.466225389197692,18.736859924395894,13472600
2024-09-23,18.727842330932617,19.007496524421754,18.664694776335892,18.800011210563422,5613700
2024-09-24,18.980430603027344,19.03455682213305,18.754902682671837,18.90826001669776,2891000
2024-09-25,18.5925235748291,19.025536798538262,18.574480927014154,18.980431899642493,4132500
2024-09-26,18.62860870361328,18.989453086801962,18.448187372339813,18.827074404848364,6605900
2024-09-27,18.754901885986328,19.007492044844223,18.655669054639922,18.83609035087536,2791500
2024-09-30,18.452701568603516,18.782378191585856,18.37028241285793,18.672485401696196,3089900
2024-10-01,18.049760818481445,18.4618565321535,18.040604688565498,18.41606889582832,4181200
2024-10-02,18.1962833404541,18.342805858570536,18.03144507090156,18.04975907565147,3195600
2024-10-03,17.92155647277832,18.095552658474336,17.77503392061955,18.0314492602407,3929500
2024-10-04,18.2237606048584,18.251234240129225,17.866612079771194,18.132183567309017,3169100
2024-10-07,17.930709838867188,18.20543911836537,17.72008394147284,18.15965148734439,4423200
2024-10-08,17.72008514404297,17.985656566022676,17.655981757588773,17.930711055731404,2633900
2024-10-09,17.95818519592285,18.022288584203615,17.70176989611346,17.765873284394228,4711600
2024-10-10,18.498489379882812,18.562592774060725,17.857451944730705,17.857451944730705,6491500
2024-10-11,18.41606903076172,18.873952384113835,18.397753277422904,18.590063447421333,4449200
2024-10-14,18.425228118896484,18.443542126753076,18.13218128626664,18.30617746105294,2797100
2024-10-15,18.544275283813477,18.873951847798672,18.507643778176753,18.525959530995113,3389700
2024-10-16,18.80984878540039,18.901424057705594,18.654168377120644,18.754901525993642,2400900
2024-10-17,18.928895950317383,18.956369577499522,18.69995429719148,18.892264447407864,2600700
2024-10-18,19.212785720825195,19.44172740504862,18.89226701357511,18.938056398431655,5399500
2024-10-21,18.80984878540039,19.203626997697295,18.773217279129224,19.121207855273525,4943600
2024-10-22,18.663326263427734,18.809850555615604,18.553435227644986,18.718273528005632,2708800
2024-10-23,18.397754669189453,18.654169995271225,18.18712872991863,18.58090872306022,2425400
2024-10-24,18.525959014892578,18.626693905900932,18.379436489800216,18.535116891046634,2055300
2024-10-25,18.6541690826416,18.91058264949218,18.507644798701584,18.681640966697636,2344400
2024-10-28,19.029632568359375,19.185312976519604,18.80069089439941,18.809848770960173,3709400
2024-10-29,19.07541847229004,19.19446736339672,18.88310832203628,18.92889595399588,3858200
2024-10-30,19.13036346435547,19.50582762570009,19.047944331700684,19.047944331700684,3467500
2024-10-31,19.02047348022461,19.166996002490826,18.75490031693819,19.112050493312555,9834100
2024-11-01,19.084577560424805,19.27688772289565,18.93805503282236,18.9930005440017,6586000
2024-11-04,18.46185874938965,19.762247689423624,17.610195336641727,18.8281651240429,12310000
2024-11-05,19.185312271118164,19.295203292434138,18.37943663026499,18.562590661373335,5602900
2024-11-06,19.716455459594727,20.146865131320464,19.56993294382911,19.91792348210091,5473500
2024-11-07,19.496673583984375,19.826348403208403,19.469199954596398,19.65235224379056,2656800
2024-11-08,19.267732620239258,19.496674300156435,19.14868196853794,19.460042792960216,2606400
2024-11-11,19.753087997436523,19.862980773082334,19.3684659027058,19.52414631597029,2353000
2024-11-12,19.661510467529297,19.817190876771562,19.46004242185134,19.64319646096684,3379500
2024-11-13,19.707300186157227,19.954557619166664,19.56993552782523,19.688984432596587,3072800
2024-11-14,19.762245178222656,20.04613236416938,19.698141789139815,19.780560931299565,2577300
2024-11-15,19.844663619995117,19.95455638789174,19.59740620224244,19.85382149621036,3345100
2024-11-18,19.963714599609375,20.08276525613806,19.66151163973217,19.743930787579266,4017700
2024-11-19,19.67066764831543,19.927082944669316,19.496673238665657,19.70729915351726,3496300
2024-11-20,19.81719207763672,19.85382358635413,19.49667510979173,19.67982741331937,4115600
2024-11-21,19.890453338623047,20.000346118034873,19.743930797198256,19.954558478847055,2499900
2024-11-22,20.1102352142334,20.165182471991372,19.844663788481753,19.844663788481753,2585200
2024-11-25,20.80621910095215,20.87948036816131,20.192655333068025,20.330021737435793,7134000
2024-11-26,20.33917808532715,20.59559339664872,20.11939428134569,20.558963635995013,3406200
2024-11-27,20.769590377807617,20.815378017092325,20.531490810816887,20.66885547535749,3085100
2024-11-29,20.842853546142578,20.989376101216365,20.650541600929085,20.943588457763298,1683500
2024-12-02,20.687170028686523,20.952741465154894,20.632224515397617,20.842850438577077,4832500
2024-12-03,20.513174057006836,20.83369275644324,20.31170600860877,20.74211573564907,2923800
2024-12-04,20.76042938232422,21.30988970464223,20.421594963777476,20.549803478552946,8167400
2024-12-05,20.513174057006836,20.824534879695186,20.50401618025878,20.751273612397124,4582300
2024-12-06,20.073606491088867,20.742115774780647,20.018660977183263,20.668854507344378,2988100
2024-12-09,20.42159652709961,20.604750564121897,20.046132323221627,20.165182971292023,4161200
2024-12-10,20.467388153076172,20.604752822555902,20.06445027547396,20.45823027555265,3091900
2024-12-11,20.50401496887207,20.897794912341833,20.421595829695317,20.66885324722558,7179300
2024-12-12,20.238445281982422,20.7512741667691,20.229287404989712,20.577277997280493,3403100
2024-12-13,20.119394302368164,20.384967490802257,19.963713889382827,20.330021976421083,2497000
2024-12-16,20.0552921295166,20.174342789042374,19.89045382967262,20.091923639120385,2820700
2024-12-17,19.542461395263672,19.92708347672073,19.460042253045277,19.87213796413725,2836000
2024-12-18,18.44354248046875,19.698143743747146,18.42522847226093,19.579093083620414,4782800
2024-12-19,18.287860870361328,18.938056153420916,18.2787029935085,18.599221696611878,4590600
2024-12-20,18.764060974121094,19.157840966084887,18.26038994751273,18.297019710165422,9415800
2024-12-23,18.73658561706543,18.883109894245408,18.562591203783203,18.69995585778519,3446200
2024-12-24,19.12120819091797,19.157839697832145,18.69995634152324,18.809849115579386,1350900
2024-12-26,19.194469451904297,19.295204349199594,18.947213767058436,18.956371643784042,2262400
2024-12-27,18.919740676879883,19.249417261665684,18.883110915618367,19.084578969272783,2362500
2024-12-30,18.705801010131836,18.901136712132427,18.58487738817946,18.71510296367942,3626600
2024-12-31,18.873233795166016,19.077871463394892,18.67789630689479,18.854629886918023,4187500
2025-01-02,18.733707427978516,19.105778519520452,18.63138947455429,18.975552927814192,2949600
2025-01-03,18.984851837158203,19.003455743584336,18.56627281340104,18.724402469690837,2949900
2025-01-06,18.60348129272461,19.44993954961028,18.51046353142774,18.956946656653233,5230500
2025-01-07,18.361635208129883,18.808118318403675,18.24071336440971,18.733704466691375,2914900
2025-01-08,18.417444229125977,18.426746181893986,18.045374989236116,18.082582800308142,3175300
2025-01-10,17.784927368164062,18.28722039733759,17.710513520354425,18.110486843477425,5529500
2025-01-13,17.664003372192383,18.036072603143108,17.515175679812092,17.673305324736905,6380600
2025-01-14,18.054677963256836,18.110487908855653,17.673306749026917,17.719814741331568,4294300
2025-01-15,18.25931739807129,18.584878698525884,18.063981682298348,18.510464839064806,3828100
2025-01-16,18.04537582397461,18.24071329280646,17.933755933927408,18.147695534989683,2681300
2025-01-17,18.19420051574707,18.44534788803863,18.101182773324357,18.19420051574707,3811500
2025-01-21,18.43604850769043,18.56627230074526,18.277918855766938,18.315126667591816,3628700
2025-01-22,18.48255729675293,18.594177178002763,18.212805997761453,18.26861593838637,3274200
2025-01-23,18.594179153442383,18.631386967255956,18.324429599958826,18.49185943962127,2945600
2025-01-24,18.687198638916016,18.89183631128313,18.566275007025066,18.566275007025066,2324200
2025-01-27,18.891834259033203,18.910438165636435,18.594178850046227,18.61278275664946,4352400
2025-01-28,18.86393165588379,19.254604854425256,18.575576403369293,18.91974160591362,3729400
2025-01-29,18.64999008178711,18.956947465243385,18.631387948067264,18.79881779654371,2749800
2025-01-30,18.74300765991211,19.06856894800397,18.56627408509088,18.956947275967853,3690100
2025-01-31,20.687070846557617,21.01263212184096,18.212807993070182,19.347619705653536,22382300
2025-02-03,19.27320671081543,20.566149916081827,19.208094807690433,20.4638301973618,10596200
2025-02-04,19.35692024230957,19.55225770284835,18.854627210089724,19.031358990855658,5523700
2025-02-05,19.20809555053711,19.375527178857322,18.984853970832287,19.319717227472704,3839700
2025-02-06,19.152284622192383,19.55225976407314,19.152284622192383,19.487147861751392,2755800
2025-02-07,19.00345802307129,19.422035322871125,18.929044162606893,19.22669960446448,3544000
2025-02-10,18.85462760925293,19.133679102597625,18.79881589125109,19.068567205761603,2941700
2025-02-11,18.780214309692383,18.854628161709098,18.575574886021784,18.733704543328074,3348500
2025-02-12,18.622085571289062,18.659291612050257,18.240714339113946,18.510463900672953,3446300
2025-02-13,18.826723098754883,18.901136953921256,18.510463770756235,18.73370533625535,2308900
2025-02-14,19.09647560119629,19.245303320636552,18.938345927520214,18.9755519702971,4091600
2025-02-18,19.47784423828125,19.90572343066894,19.059265224714053,19.115075168467637,4184700
2025-02-19,19.422033309936523,19.515051069418085,18.994154100154017,19.22669761177482,2661600
2025-02-20,19.282506942749023,19.524352400020533,19.152283148128266,19.468542455778227,3572000
2025-02-21,19.09647560119629,19.44063903708951,18.91974201904859,19.347621268897758,3688100
2025-02-24,18.938344955444336,19.180190430662797,18.7616113823681,19.105776574762217,3828900
2025-02-25,18.817419052124023,19.040660592793138,18.59417751145491,19.003454556431315,2886600
2025-02-26,18.538368225097656,18.956945463335266,18.463954375577675,18.891833566776047,3121600
2025-02-27,18.454652786254883,18.705800198645832,18.408144794700778,18.556972496673303,2407500
2025-02-28,18.83602523803711,18.901137140178538,18.48255986605525,18.48255986605525,4121100
2025-03-03,18.463953018188477,19.161583471463864,18.31512533008967,18.975547974257367,2951500
2025-03-04,18.19420051574707,18.538365630461342,17.72911357779938,18.408141855569067,5316200
2025-03-05,18.74300765991211,18.873233239648627,18.17560266838019,18.287222566250016,6395300
2025-03-06,18.659292221069336,18.929043565599002,18.38954265070599,18.63138813312925,3588400
2025-03-07,18.90113639831543,18.97555025129438,18.43604937365544,18.575575126220194,3823500
2025-03-10,18.63138771057129,18.97555113124648,18.324430331027827,18.52906799266804,4174900
2025-03-11,18.250015258789062,18.687196414418157,18.073281696229998,18.59417865653622,4246200
2025-03-12,17.868642807006836,18.380239603533305,17.747720960070016,18.27791988939477,4927500
2025-03-13,17.598894119262695,18.05467921733869,17.58029021138213,17.933757364447633,4000200
2025-03-14,18.156997680664062,18.212807626279286,17.69191066081611,17.933756124036986,3424300
2025-03-17,18.417444229125977,18.584875830617936,18.036073036468107,18.082582800308142,4329000
2025-03-18,18.473257064819336,18.519765057310682,18.305825453184593,18.473257064819336,2265700
2025-03-19,18.677894592285156,18.817420343004102,18.436049129761436,18.603480740290642,2872400
2025-03-20,18.612783432006836,18.81742108956903,18.501161762503482,18.556973484338283,2607100
2025-03-21,18.48255729675293,18.58487522553761,18.250013807622082,18.42674558196199,12327300
2025-03-24,18.668594360351562,18.73370626507963,18.426748875528496,18.59418050149572,3187600
2025-03-25,18.63138771057129,18.79881755691349,18.538369946492544,18.733705654308253,2098300
2025-03-26,18.473257064819336,18.7802144280943,18.370937352338952,18.603480863128052,2292000
2025-03-27,18.463953018188477,18.631384610841128,18.250013438317193,18.38023722186215,2496300
2025-03-28,17.93375587463379,18.44535087968536,17.89654806196363,18.343031169008583,3509100
2025-03-31,18.208057403564453,18.312104023185668,17.725661900015805,17.763497690463442,4407100
2025-04-01,18.264808654785156,18.387773165386534,18.028340384977596,18.151304895578974,4068100
2025-04-02,18.37831687927246,18.46344561305856,18.028342995472943,18.047260892783186,2574500
2025-04-03,16.978424072265625,17.72566293618927,16.95950617593594,17.668911051310104,10242300
2025-04-04,16.562238693237305,17.25272564391875,16.259559580835017,16.723037197214747,11448300
2025-04-07,15.956881523132324,16.83654207515308,15.47448597931517,15.862293843227206,10424400
2025-04-08,15.758247375488281,16.723038472953267,15.540696972366751,16.420359337460713,8021100
2025-04-09,17.574323654174805,17.754040063954456,15.370439211679873,15.370439211679873,10625700
2025-04-10,16.76087188720703,17.347314045165817,16.250101314632506,17.300021108410547,5617100
2025-04-11,16.931129455566406,17.05409397850094,16.325771201457634,16.56223949498261,5794800
2025-04-14,17.082468032836914,17.28110232606689,16.855458700652513,17.158137810231715,3745600
2025-04-15,16.997339248657227,17.413523924936527,16.95950526214627,17.233807527707544,3386400
2025-04-16,16.600072860717773,17.120304169411536,16.477110146508608,16.89329483264165,3504900
2025-04-17,16.65682601928711,16.902753244009283,16.562238347607845,16.647367071708203,4102900
2025-04-21,16.410900115966797,16.600073670447756,16.240642654056987,16.467652001900092,4107400
2025-04-22,17.073009490966797,17.120304230531346,16.66628555537072,16.66628555537072,3403900
2025-04-23,17.394607543945312,17.99050866933085,17.262185873464063,17.593241853777144,3836600
2025-04-24,17.73512077331543,17.84862634007295,17.328395048256496,17.432441667441744,2549500
2025-04-25,17.706745147705078,17.80133282581971,17.517571595585714,17.640534314257806,3536200
2025-04-28,17.716205596923828,17.90538096918088,17.574324969786066,17.659453706890734,3351600
2025-04-29,17.73512077331543,17.763497616032254,17.545945430089485,17.64053310170246,2965300
2025-04-30,17.744583129882812,17.810793971499034,17.18651774467448,17.432445016470535,5809500
2025-05-01,17.725664138793945,17.990509293048387,17.640535403644662,17.886462660285925,4898500
2025-05-02,18.97421646118164,19.04042729852819,17.78241597661372,18.15130776257451,8990800
2025-05-05,18.926923751831055,19.210685002231088,18.84179501588904,18.917464802936383,5284900
2025-05-06,18.983675003051758,19.135014572059955,18.7188316593424,18.7188316593424,5169700
2025-05-07,19.352563858032227,19.51336236631983,18.993132853447513,19.021509697537045,6426700
2025-05-08,19.711997985839844,20.071429014477427,19.47552968159907,19.532281569466058,6730800
2025-05-09,19.806583404541016,19.967381905210488,19.740372575578842,19.863335285921483,4693000
2025-05-12,20.515989303588867,20.894338205993044,20.393024782738838,20.620034124181345,5871700
2025-05-13,20.411941528320312,20.780831461857318,20.40248258077965,20.544363185670054,5353300
2025-05-14,20.81867027282715,20.88488111110927,20.345733651829104,20.724082587805533,8293500
2025-05-15,20.979467391967773,20.998385288527924,20.724081200735508,20.790292034586116,3624400
2025-05-16,21.16864013671875,21.206475928393935,20.951089746915958,20.960548694834756,5060300
2025-05-19,21.007841110229492,21.055135848652604,20.84704441192031,20.95108922823156,3458100
2025-05-20,20.970006942749023,20.99838378555816,20.856501375622262,20.932171152336842,2911800
2025-05-21,20.44032096862793,20.856503888649645,20.421403071142397,20.771375154074747,3630100
2025-05-22,20.44032096862793,20.572742642806656,20.2511456019926,20.3362743365675,5210200
2025-05-23,20.345731735229492,20.440319411340802,19.995757874850607,20.090345550961917,3288700
2025-05-27,21.007841110229492,21.03621795328336,20.45923477329,20.601117184449535,4907000
2025-05-28,20.478153228759766,21.10242936014109,20.421401345209606,21.055136424534265,6813600
2025-05-29,20.62003517150879,20.695704955833023,20.46869560286032,20.63895306861734,4681800
2025-05-30,20.46869659423828,20.544366382227494,20.241687230270635,20.4876144922631,23398900
2025-06-02,20.147098541259766,20.355191800952998,20.05251266406462,20.307897058245462,3986700
2025-06-03,20.222768783569336,20.364651210795913,19.92008963982465,20.043054169539683,4325900
2025-06-04,20.2038516998291,20.355191264283185,20.0998050727257,20.241685688887664,3673500
2025-06-05,20.57274055480957,21.017300275939714,20.468693933309186,20.57274055480957,4666100
2025-06-06,20.686248779296875,20.92271709188819,20.6011200424352,20.80921150803594,2949400
2025-06-09,20.695703506469727,20.922714647654335,20.657869519012184,20.780832233386494,2837300
2025-06-10,20.676788330078125,20.884879780580615,20.563282754461365,20.676788330078125,3044300
2025-06-11,21.319982528686523,21.376734414829567,20.73354035817529,20.742999306550786,7022600
2025-06-12,21.376733779907227,21.509155445011178,21.055136761132022,21.215935270519626,4274000
2025-06-13,20.970006942749023,21.21593416809885,20.894337166034447,20.988924837955114,2203300
2025-06-16,21.5469913482666,21.707789858481647,21.168640638977163,21.452403670944243,3738900
2025-06-17,21.14026641845703,21.499697441288532,21.083514531506786,21.376734718878005,2820700
2025-06-18,21.367273330688477,21.622659498969952,21.064594229366616,21.10242821497697,3041500
2025-06-20,21.55644989013672,21.60374282585163,21.405108526807332,21.4807783064171,7125000
2025-06-23,21.65103530883789,21.698330047673707,21.19701664067294,21.461861765824068,2843000
2025-06-24,21.972633361816406,22.152349769722775,21.849670643213038,21.868588539647373,5569200
2025-06-25,21.95371437072754,21.97263226621859,21.792917671383037,21.915880383855246,2647600
2025-06-26,22.209102630615234,22.24693842514612,21.991552224392585,22.03884516344621,2797700
2025-06-27,22.842004776000977,23.14886601240485,22.563912466398932,22.97625610966836,9929500
2025-06-30,22.870773315429688,23.0433832152426,22.774878723418375,22.85159403121998,3791800
2025-07-01,23.340654373168945,23.522853911720915,22.784467944622516,22.81323687040562,4055500
2025-07-02,23.77217674255371,23.82012311837057,23.32147276211245,23.33106240308322,3597100
2025-07-03,23.85848045349121,23.916018300763476,23.628334551513266,23.685872398785534,2467100
2025-07-07,23.542030334472656,23.954375774100978,23.446137577473873,23.685873128045028,3908800
2025-07-08,23.494083404541016,23.762587873331967,23.46531448069436,23.56120906447949,4414700
2025-07-09,23.877660751342773,23.877660751342773,23.599568460515428,23.829714372280613,3700300
2025-07-10,24.10780906677246,24.318777545369628,23.76259107922335,23.887252774636607,3196200
2025-07-11,23.848892211914062,23.944784964233865,23.657103049200444,23.887248947034582,3108300
2025-07-14,23.829713821411133,23.89683948216127,23.666693575716344,23.829713821411133,3393300
2025-07-15,23.14886474609375,23.916019624175046,23.110508008160114,23.791356110557157,3935900
2025-07-16,23.350242614746094,23.388599351119407,22.842002597280942,23.187222369826106,3373500
2025-07-17,23.513263702392578,23.647515028066408,23.23516958031149,23.292707430489244,4245900
2025-07-18,23.589977264404297,23.829712801991665,23.51326196553782,23.666692563270775,3943300
2025-07-21,23.283119201660156,23.810536723701095,23.273529559381945,23.781767796866458,3363700
2025-07-22,23.551620483398438,23.618746146358646,23.254348906415892,23.254348906415892,3135200
2025-07-23,23.73381996154785,23.80094562434871,23.589978994254988,23.647515015364707,2769200
2025-07-24,23.70505142211914,23.84889422078924,23.58997937802766,23.724230705813444,3389800
2025-07-25,23.800945281982422,23.86807094381771,23.474904785322078,23.724229978593936,3633800
2025-07-28,23.6571044921875,23.7817661752293,23.551620263357197,23.714640512896246,4146500
2025-07-29,23.570798873901367,23.820124061906416,23.417368270365504,23.820124061906416,2662900
2025-07-30,23.3118839263916,23.66669333841814,23.177632606237427,23.58038839573701,3914300
2025-07-31,23.01461410522461,23.426959567255835,22.861183490846088,23.235170384764086,11790000
2025-08-01,22.96666717529297,23.369422985671356,21.902240713070697,22.32417580704738,8425900
2025-08-04,24.09821891784668,24.22288243967782,23.13927662884457,23.26394015067571,4947900
2025-08-05,24.21329116821289,24.337952852619427,23.86807138210688,24.21329116821289,3654100
2025-08-06,24.1557559967041,24.37631227712588,24.059861405074614,24.29959696962973,3343100
2025-08-07,23.839303970336914,24.27082686821916,23.532442755210752,23.647514796364504,5694500
2025-08-08,23.963966369628906,24.14616590744685,23.858482137886334,24.02150239192614,2460400
2025-08-11,24.251649856567383,24.35713225804352,24.011914299246016,24.06945032087274,2524100
2025-08-12,24.635225296020508,24.731119880527377,24.318774447473785,24.357131183854293,2710500
2025-08-13,24.961265563964844,25.009211941273403,24.472204833461923,24.750297114118258,3507600
2025-08-14,24.577688217163086,24.9037287172691,24.47220581703735,24.692762087980498,3099100
2025-08-15,24.290008544921875,24.66399545907931,24.242062161222773,24.66399545907931,4280700
2025-08-18,24.031091690063477,24.290006530253155,24.021502048311586,24.261237604997476,1889100
2025-08-19,23.800945281982422,24.146165061749162,23.77217818635993,24.002324096525392,2538800
2025-08-20,23.551620483398438,23.810535322562497,23.34065385280391,23.772178584744008,2736900
2025-08-21,23.513263702392578,23.609158290318373,23.388600189377904,23.513263702392578,2490600
2025-08-22,24.347543716430664,24.347543716430664,23.570800987742054,23.570800987742054,3951200
2025-08-25,24.318775177001953,24.395490481101383,24.155754927161023,24.280416610433676,3121700
2025-08-26,24.251649856567383,24.30918587819411,24.13657598427678,24.251649856567383,4015900
2025-08-27,24.587278366088867,24.721531522985202,24.136576173249384,24.146165815101778,3442100
2025-08-28,24.491384506225586,24.7119407718184,24.318774618705266,24.7119407718184,2302800
2025-08-29,24.60645866394043,24.6831739728842,24.48179697279576,24.491386615043385,4192100
2025-09-02,24.376312255859375,24.43384827917199,23.99273571871327,24.270828022255245,3499200
2025-09-03,24.481796264648438,24.59686831021697,24.184522850682498,24.27082779937749,2685200
2025-09-04,24.68317222595215,24.846192474549692,24.462615956978148,24.60645692243784,3691900
2025-09-05,23.944786071777344,24.788656231905275,23.70505052181508,24.788656231905275,4708300
2025-09-08,23.85848045349121,24.069448902082105,23.72422913459667,24.01191288384688,4057700
2025-09-09,23.551620483398438,23.791356039134683,23.484494820438233,23.71464073446057,4806600
2025-09-10,23.3118839263916,23.75299828109927,23.18722224753945,23.67628297972016,5029500
2025-09-11,23.839303970336914,23.839303970336914,23.340653581238342,23.388599960212886,4880700
2025-09-12,23.628334045410156,23.781764643442404,23.561208387400676,23.733818267446203,3034100
2025-09-15,23.359832763671875,23.791355659692588,23.292707101782238,23.609157957145605,2601200
2025-09-16,23.244760513305664,23.436549699811565,23.15845556228173,23.417370415353528,1880000
2025-09-17,23.21599006652832,23.628335510191214,22.995433796813742,23.263938274533956,3025500
2025-09-18,23.398189544677734,23.52285305616651,23.273527862226068,23.331063882662445,3328100
2025-09-19,23.417369842529297,23.49408514944764,23.225580660714847,23.465316223464313,4873300
2025-09-22,23.244760513305664,23.340655106558614,23.091329895715837,23.235170871076644,4707200
2025-09-23,23.04338264465332,23.51326412193282,22.957077696883903,23.283118204226767,3190000
2025-09-24,22.611858367919922,23.120098423055808,22.57350162870361,23.09132949686567,3734100
2025-09-25,22.43924903869629,22.602269299839218,22.381713013892096,22.477607607923918,3567000
2025-09-26,22.314584732055664,22.611856292587817,22.28581580850596,22.496782427426027,3393700
2025-09-29,22.410480499267578,22.487195803750907,22.189922398470518,22.487195803750907,4406400
2025-09-30,22.48826026916504,22.624377247942586,22.12852691069388,22.449371028392516,7720700
2025-10-01,21.914630889892578,22.575762801552557,21.885462569237067,22.575762801552557,5559700
2025-10-02,22.274364471435547,22.361867579885107,21.934074811290536,22.002132372433646,3066300
2025-10-03,23.139671325683594,23.227174435637576,22.429925526660856,22.478539395762784,6544400
2025-10-06,22.536874771118164,23.178563024537322,22.06046996809058,23.110505460451886,5384400
2025-10-07,22.750770568847656,22.90633124743164,22.527152325186876,22.575764341833285,3345800
2025-10-08,22.935497283935547,23.129949039997943,22.566039318302874,22.7993821673495,4622000
2025-10-09,22.97438621520996,23.013277307674027,22.672987666330872,22.84799387356046,5224400
2025-10-10,22.04102325439453,23.246619359320853,21.97296569390804,23.081335917669612,12014100
2025-10-13,22.20630645751953,22.47853855097079,22.147971671219054,22.30353233763994,6177800
2025-10-14,22.284086227416992,22.575762005975605,21.895184571195713,21.943796582812357,4804500
2025-10-15,22.157695770263672,22.67298981319941,21.982689546463032,22.468817121718352,6270200
2025-10-16,21.48683738708496,22.332698258291988,21.477114613867375,22.23547423497486,3357200
2025-10-17,21.66184425354004,21.671567027052696,21.350721064423333,21.6035076124641,5137000
2025-10-20,22.021577835083008,22.099358169580334,21.710456497093706,21.749347591557093,4365500
2025-10-21,22.021577835083008,22.14797203765957,21.807682378822726,21.807682378822726,2138800
2025-10-22,21.96324348449707,22.109081382775468,21.7882372647912,21.943797936878752,2282300
2025-10-23,22.04102325439453,22.118803588440443,21.81740502581622,22.002132160156858,2844400
2025-10-24,22.20630645751953,22.38131267085038,21.856294030857832,22.186860910609564,3966000
2025-10-27,22.731325149536133,22.98411171727838,22.50770690460515,22.517429678875573,3621500
2025-10-28,22.672988891601562,22.818826787364323,22.53687376948025,22.809104013722877,2583200
2025-10-29,22.303531646728516,22.65354220811828,22.206305769619938,22.497981546516307,2386700
2025-10-30,22.13825035095215,22.36186859180713,22.002133368076887,22.177139592895408,3160000
2025-10-31,21.982688903808594,22.225752684330388,21.827128232629,22.002132596883932,5334300
2025-11-03,22.20630645751953,22.24519569691004,21.836848483947865,21.904907898132745,4630400
2025-11-04,21.96324348449707,22.1479724780121,21.904908696071608,22.118804156584623,3772100
2025-11-05,22.12852668762207,22.23547534391999,21.89518568205072,21.992411564646147,3915000
2025-11-06,22.604930877685547,22.741045997080004,22.16741534473277,22.216029211966088,8667300
2025-11-07,21.613231658935547,22.702158248905167,21.039600968909603,22.177139574876186,8809800
2025-11-10,21.895185470581055,22.03130059224234,21.224328927024313,21.48683825116775,5396100
2025-11-11,22.186861038208008,22.322976158501735,21.895185250598754,21.934074490212918,4054300
2025-11-12,22.410480499267578,22.488260837206802,22.16741671140381,22.284088145527413,4349900
2025-11-13,21.671567916870117,22.4202029637887,21.64239959513452,22.264642290057864,3224200
2025-11-14,21.55489730834961,21.729903536594247,21.341001837400373,21.613232099621296,2644100
2025-11-17,20.96181869506836,21.535449332125957,20.806258032926912,21.42850253592207,7515800
2025-11-18,20.845149993896484,20.981265115332228,20.602086217372975,20.738201338808715,6250600
2025-11-19,20.845149993896484,20.922930328206828,20.602086217372975,20.845149993896484,4866700
2025-11-20,20.592363357543945,21.39933501804539,20.524305797111086,21.204883255869127,4646700
2025-11-21,21.0784912109375,21.127103224964213,20.54374978449634,20.718756002079648,6033100
2025-11-24,21.418781280517578,21.496561617099992,21.010434049852535,21.088214386434945,5939300
2025-11-25,21.642398834228516,21.70073362121926,21.370166737555966,21.467392618826835,3881600
2025-11-26,21.895185470581055,21.982688578628863,21.681288160051093,21.691010933659676,3698100
2025-11-28,21.96324348449707,22.060469368159165,21.875740374644135,21.885463148453294,1717600
2025-12-01,21.914630889892578,22.079912476985495,21.72017912771471,21.807682235251807,3270800
2025-12-02,21.797958374023438,22.011853818202567,21.759067281756682,21.982687353431846,2156200
2025-12-03,22.37158966064453,22.39103520734871,21.827127333933294,21.904907666320614,3432300
2025-12-04,22.497983932495117,22.886887482173815,22.439649141815135,22.488261158310195,2786900
2025-12-05,22.750770568847656,22.838273682354846,22.410480889034105,22.507706776756486,3171400
2025-12-08,22.478540420532227,22.857719344666123,22.41048100068678,22.857719344666123,2711100
2025-12-09,22.809104919433594,22.88688711165375,22.478539874645577,22.478539874645577,2194800
2025-12-10,22.663265228271484,22.847994211348144,22.11880290673065,22.70215632131052,8153500
2025-12-11,22.81882667541504,23.003555664837297,22.624376766828483,22.624376766828483,2627700
2025-12-12,22.828550338745117,23.003556561394447,22.770215549338513,22.99383378742176,2533600
2025-12-15,22.96466636657715,23.363290810761217,22.867440485316035,23.24661938236199,4683200
2025-12-16,22.81882667541504,23.188284654259554,22.663266006774016,23.01327843843104,4011200
2025-12-17,23.01327896118164,23.20773072861465,22.770215179105126,22.789660726734322,5216300
2025-12-18,23.236896514892578,23.791081625083187,23.178561728143418,23.58690894424641,6721800
2025-12-19,23.334123611450195,23.654967736930452,23.227174951480265,23.227174951480265,5815200
2025-12-22,23.907752990722656,23.975810550824267,23.285510321874288,23.295231240949292,3881800
2025-12-23,23.518850326538086,23.888306431910923,23.47023646107498,23.82997164778455,2998000
2025-12-24,23.50912857055664,23.586908904233386,23.363290676716424,23.577186130720115,1583600
2025-12-26,23.518850326538086,23.56746233757184,23.382733357670745,23.499404780352844,1773600
2025-12-29,23.70357894897461,23.732747270094553,23.35356836768261,23.518851811836694,3337100
2025-12-30,23.51631736755371,23.772572511795794,23.496604999563964,23.68386873571681,3046200
2025-12-31,23.545883178710938,23.772571642554443,23.516316507682298,23.516316507682298,2771100
2026-01-02,23.45718002319336,23.67401230910871,23.319197208428943,23.634587573533246,5480600
2026-01-05,24.13724136352539,24.45263172458761,23.348765460869842,23.35862164463739,3606300
2026-01-06,24.758167266845703,24.79759012122116,24.14709704509034,24.14709704509034,4182800
2026-01-07,24.787734985351562,25.24111004901812,24.62018361745575,24.68917502543493,6220200
2026-01-08,25.08341407775879,25.250965440395333,24.462487665686666,24.639895211992986,4436000
2026-01-09,25.290388107299805,25.47765183588459,25.05384534060709,25.073557707800184,5149200
2026-01-12,25.270675659179688,25.280531842744672,24.866581532389358,25.0834138110694,3128400
2026-01-13,24.915863037109375,25.290388622026732,24.78773452762131,25.28053243822959,3642600
2026-01-14,25.260820388793945,25.379092715974497,24.768022471978906,24.79759102374276,3911200
2026-01-15,25.595922470092773,25.76347383273344,25.250965441016245,25.37909206897684,4066700
2026-01-16,25.625492095947266,25.8718910584083,25.457940726278768,25.58606735961355,4395100
2026-01-20,24.482200622558594,25.34952412776101,24.324505439794518,25.231253680625386,3781600
2026-01-21,25.103124618530273,25.132693169602387,24.64975144800677,24.718742853966884,3588200
2026-01-22,25.398805618286133,25.58606747710651,25.231254247848227,25.290389472745456,5826100
2026-01-23,24.9454288482666,25.329812483598687,24.93557266480939,25.260819199398217,3460800
2026-01-26,25.18197250366211,25.467796194421897,25.034133506316458,25.073558241541882,5799500
2026-01-27,25.132694244384766,25.45794080058769,25.10312569204817,25.221398021519644,5727000
2026-01-28,25.290388107299805,25.428370917901855,25.08341389139673,25.260819556510164,5033300
2026-01-29,25.507219314575195,25.8324658640621,25.014421398390493,25.625491641604462,8293400
2026-01-30,26.236560821533203,26.512526440292703,24.54133485544009,25.379091654977408,24424500
2026-02-02,26.680078506469727,26.80820701560682,25.76347409446913,26.138001558235423,8433700
2026-02-03,26.611087799072266,27.074317169190046,25.901459467851964,26.68993539143008,8395800
2026-02-04,27.42913246154785,27.537548606731306,26.63080034850349,26.640656532599706,8426400
2026-02-05,26.522382736206055,27.46855567848016,26.413966597019755,27.202444362227308,6891700
2026-02-06,26.80820655822754,27.09402836318604,26.453391468055102,26.867341779964676,4964200
2026-02-09,27.281291961669922,27.399562404579733,26.630798886041575,26.630798886041575,3855000
2026-02-10,27.754377365112305,27.882505870861195,27.232010918356806,27.261579468885348,5822100
2026-02-11,27.15316390991211,27.91207313747531,27.074316320027286,27.75437795770566,5196700
2026-02-12,26.699790954589844,27.330571678784338,26.34497585729302,27.182732681535608,5975100
2026-02-13,26.640655517578125,26.896910654691556,26.394256564185383,26.7293592911895,3884800
2026-02-17,27.09402847290039,27.172876062160793,26.394256353198664,26.78849429950068,4909700
2026-02-18,27.507978439331055,27.764233571162087,27.054605276774083,27.08417194745184,4224200
2026-02-19,26.84762954711914,27.34042745043603,26.601230595460695,27.3207150831334,5775600
2026-02-20,27.27143669128418,27.36999665025911,26.70964736896438,26.926477774809346,4878400
2026-02-23,26.680078506469727,27.360140147611272,26.285840555037975,27.13345356052237,3948000
2026-02-24,26.729358673095703,26.916620519834037,26.305552182280383,26.551951129975357,5211800
2026-02-25,26.867341995239258,27.044749541746953,26.601230675477712,26.926477217450216,4225700
2026-02-26,27.034893035888672,27.44884334618194,26.68993413066515,27.01518066876166,6415800
2026-02-27,26.15771484375,26.680079442775778,25.8817473281256,26.56180899313311,5444800
2026-03-02,26.611087799072266,26.857486760174787,25.47765295397565,25.586067218545836,4768300
2026-03-03,26.118289947509766,26.335120357111492,25.43822828666247,25.793043393169736,6185900
2026-03-04,26.1971378326416,26.542096758945508,25.950738868120943,26.344976835379015,4274200
2026-03-05,26.53223991394043,27.025037830707618,25.901459182038383,26.118289588660996,8632700
2026-03-06,25.86203384399414,26.10843279663876,25.467795895737716,25.881746211375667,4480500
2026-03-09,25.408660888671875,25.497364662765218,24.28508037678114,25.30024474703005,5784800
2026-03-10,24.856725692749023,25.586066367775977,24.846869509047668,25.46779592310935,3775000
2026-03-11,24.610326766967773,24.856725720148816,24.08796218934385,24.797590497750317,5547800
2026-03-12,23.4276123046875,24.087961557074614,23.398043754326963,23.94997686860022,4643200
2026-03-13,23.782426834106445,24.087962898556597,23.614875465815192,23.634587833820017,6151100
2026-03-16,24.038681030273438,24.275223797375627,23.89084203581892,24.01897054292103,4000200
2026-03-17,24.265369415283203,24.630038808435163,24.196376130210723,24.39349604209678,3159100
2026-03-18,23.32905387878418,24.255514505502926,23.26006246996335,24.01897172674227,5782200
2026-03-19,23.526172637939453,23.74300303778171,22.99395000213373,23.131932812953817,4786600
2026-03-20,23.12207794189453,23.595165382757713,22.885535161400394,23.575453014414474,11517500
2026-03-23,23.555740356445312,24.028825911616835,23.31919757885955,23.78242694998064,6510600
2026-03-24,23.32905387878418,23.654300434564448,23.181214877043132,23.45718051232645,4081500
2026-03-25,23.545883178710938,23.802138313583082,23.29948422747328,23.585307913248872,4094700
2026-03-26,23.250205993652344,23.674012505225154,23.171358401723094,23.24034980967683,5291000
2026-03-27,22.422304153442383,23.161500993665758,22.25475279446343,23.122076259847287,6244300
2026-03-30,22.579999923706055,23.013662607757706,22.471583782724437,22.66870369725923,4478800
2026-03-31,23.6200008392334,23.670000076293945,22.809999465942383,23.020000457763672,4995900
2026-04-01,23.59000015258789,24.030000686645508,23.59000015258789,23.799999237060547,3939100
2026-04-02,23.399999618530273,23.649999618530273,22.610000610351562,22.969999313354492,3194000
2026-04-06,23.399999618530273,23.920000076293945,23.100000381469727,23.3799991607666,5807200
2026-04-07,23.780000686645508,23.989999771118164,23.079999923706055,23.280000686645508,5733100
2026-04-08,24.8799991607666,25.209999084472656,24.6200008392334,24.809999465942383,5226100
2026-04-09,25.040000915527344,25.200000762939453,24.670000076293945,24.700000762939453,3344000
