Price,Close,High,Low,Open,Volume
Ticker,CCL,CCL,CCL,CCL,CCL
Date,,,,,
2021-04-12,27.622316360473633,28.946196672257937,27.353558232119727,28.767024586688667,39161600
2021-04-13,27.691993713378906,27.8114424021677,26.607008892956294,26.985261491977067,27690600
2021-04-14,27.81144142150879,28.61771387204258,27.72185538271921,27.88111902977348,23267500
2021-04-15,27.194293975830078,28.07024595286849,26.995215361828603,28.0503375218966,24024400
2021-04-16,26.905630111694336,27.662133423704994,26.696595377491604,27.403329509182466,22092400
2021-04-19,26.766271591186523,27.14452417671945,26.26857221969657,26.975306314469968,22214500
2021-04-20,25.601655960083008,26.3880219082726,25.00441821042851,26.358159261360875,31217000
2021-04-21,27.204248428344727,27.224156859490076,25.133819053540524,25.531978183585085,31354100
2021-04-22,26.78618049621582,27.77162504139421,26.64682527727316,26.845903890252323,29698400
2021-04-23,27.1445255279541,27.28388075136511,26.447745613753998,26.87576739831356,19297600
2021-04-26,27.423234939575195,28.368864516211218,27.184339466214745,27.691993059070377,20033500
2021-04-27,27.682039260864258,27.75171687098955,27.015122009051122,27.463052214960125,18145200
2021-04-28,27.67208480834961,28.139923441308504,27.4431435488779,27.572546451064497,17273000
2021-04-29,27.08479881286621,29.00591868546063,27.00516698958329,28.657530645205625,40714900
2021-04-30,27.831348419189453,27.88111949633455,26.746365517440868,26.87576652087319,21653500
2021-05-03,27.80148696899414,28.2295087287645,27.403327854756277,27.891073007019212,21866600
2021-05-04,26.557239532470703,27.433189616186336,26.07944857771672,27.353557790394007,33649300
2021-05-05,26.39797592163086,27.1843399652223,26.248666485361344,26.69659479416989,25678100
2021-05-06,25.830598831176758,26.70654891307415,25.402577056466757,26.35815896399119,25871400
2021-05-07,26.636871337890625,26.73641159469803,25.76091935627245,25.870413828617842,20185500
2021-05-10,26.149126052856445,26.70654883052267,26.109309190879763,26.70654883052267,18093900
2021-05-11,25.76091957092285,25.999816948680206,24.974555522594276,25.213451001779127,28145500
2021-05-12,24.66598129272461,25.721103418339542,24.566441039687938,25.382667697158304,24001500
2021-05-13,25.004417419433594,25.482208363471656,24.178236533403116,24.845151872848465,28167000
2021-05-14,27.074846267700195,27.134569660015224,25.392621879152188,25.412530309447998,35569900
2021-05-17,27.393373489379883,27.473005311790832,26.66673287255843,27.17438455382047,29753400
2021-05-18,27.871166229248047,28.488314316839023,27.293835004727953,27.52277627166794,33424800
2021-05-19,27.552637100219727,27.67208388440263,26.616961764115796,26.885719876385927,26292100
2021-05-20,27.40332794189453,27.552637372886956,26.835949066407434,27.522774727259502,24022300
2021-05-21,27.044984817504883,27.910982587921275,27.03503060191705,27.761671252676297,20551500
2021-05-24,27.771625518798828,28.02047521322995,26.776226741074336,27.25401769872469,26473300
2021-05-25,28.448495864868164,29.234861779445374,28.100105926746267,28.120014357169786,38680700
2021-05-26,29.23486328125,29.284632461293036,28.498266506319947,28.707301239360238,24530200
2021-05-27,29.861963272094727,29.861963272094727,29.085551543534166,29.43394149475644,30294500
2021-05-28,29.423986434936523,29.93164002382522,29.27467700257454,29.82214555409263,25635800
2021-06-01,30.011272430419922,30.60851207003759,29.77237695428735,30.051089292394924,36826700
2021-06-02,31.165935516357422,31.3550618176515,29.792286024479836,30.17053672849547,36078200
2021-06-03,30.528879165649414,31.155979531011663,30.210351875397325,30.99671588588562,24269800
2021-06-04,30.399478912353516,30.966855899367516,30.11081236186712,30.77772960417203,19384100
2021-06-07,30.747867584228516,31.315244582797803,30.508972105808425,30.608512363126586,24165700
2021-06-08,30.936992645263672,31.374968620793513,30.46915592273407,30.96685529083585,25061900
2021-06-09,30.309892654418945,31.205751148448,30.28998422378948,31.15598007187434,18447300
2021-06-10,29.692745208740234,30.628420583371106,29.27467764974112,30.499017680176927,30486500
2021-06-11,29.792285919189453,29.9017803930105,29.155231304752455,29.364264138149903,20215000
2021-06-14,28.617713928222656,29.842053929320535,28.498265243411247,29.73256135836355,24538300
2021-06-15,28.47835922241211,29.25476904261401,28.2792787103451,28.687392051367247,19070900
2021-06-16,29.14527702331543,29.354309856241205,28.55799158999181,28.846656249542526,25453900
2021-06-17,28.28923225402832,29.583249856017755,28.279278038804105,29.065643954365438,26049300
2021-06-18,28.050336837768555,28.388772561746578,27.602406644688106,27.99061344488197,26749900
2021-06-21,28.538082122802734,28.567944768667807,27.781578848039494,28.169783751423253,21897600
2021-06-22,27.930889129638672,28.557991421869225,27.672085219988087,28.518174559504907,18403400
2021-06-23,28.020475387573242,28.358911125991117,27.891074381035825,27.980660423474234,17916700
2021-06-24,27.333648681640625,28.408681151043357,27.26397107312136,28.000565918081705,31193600
2021-06-25,28.000566482543945,28.100106738966282,27.393374525655396,27.40332874115488,31580700
2021-06-28,26.02967643737793,27.4033277494346,25.88036700743414,27.29383328147536,63786300
2021-06-29,25.661380767822266,26.368112977526827,25.641472336924892,26.03963146201003,33185800
2021-06-30,26.238712310791016,26.358159100564237,25.57179505574432,25.671335312937,22820200
2021-07-01,26.238712310791016,26.72645748260539,25.99981683267209,26.46765357333343,19363500
2021-07-02,25.940092086791992,26.178987569953854,25.581749811335463,26.13917260537981,20454000
2021-07-06,24.904876708984375,26.159079338059747,24.815290671295248,25.95999883240115,30647200
2021-07-07,23.969202041625977,25.173635527316314,23.760169213543357,24.74561375715956,36383500
2021-07-08,23.610857009887695,24.048832979307715,22.73490696962005,23.033525826886375,37066500
2021-07-09,24.148374557495117,24.22800638371105,23.511319947767646,23.95924825826759,23124400
2021-07-12,23.750215530395508,23.89952496788251,23.451594756848998,23.85970810531397,23022800
2021-07-13,22.744861602783203,23.451593797305584,22.71499895707866,23.451593797305584,27175500
2021-07-14,22.476104736328125,23.252516480645564,22.37656447701986,22.9041265223529,26614200
2021-07-15,21.849002838134766,22.356654518650277,21.27167165186129,22.197390874062584,43232200
2021-07-16,20.823741912841797,22.257116643540286,20.704293227545072,22.157576388888423,41516000
2021-07-19,19.629262924194336,20.206594130830272,19.10170279485523,19.629262924194336,85011700
2021-07-20,21.092500686645508,21.281625087934685,19.529724905309937,19.828343779977846,68222400
2021-07-21,23.083297729492188,23.252515594294145,21.570291161683194,21.639968770971212,76771400
2021-07-22,22.605504989624023,22.774722855226084,22.0878990759346,22.65527606690255,40877000
2021-07-23,21.85895538330078,22.695090475417768,21.789277775386434,22.605504437078633,32632400
2021-07-26,23.053434371948242,23.09325123235425,21.610105457961453,21.649922318367455,37050500
2021-07-27,22.695091247558594,23.22265328032993,22.38651815976564,22.84440258225203,26484800
2021-07-28,22.71500015258789,23.28237716082877,22.0978539641258,23.083298541371416,27108200
2021-07-29,22.605504989624023,23.23260727332621,22.595552672740787,22.973803367195263,26426800
2021-07-30,21.550382614135742,22.57564401280269,21.391118965605095,22.117759599347735,36760800
2021-08-02,21.361255645751953,22.456194618792313,21.261717292489333,21.729554007969785,34093900
2021-08-03,21.331396102905273,21.500613971001822,20.42558336738036,21.47075132419449,33254000
2021-08-04,20.943191528320312,21.59020036443535,20.724202578645436,20.97305227704141,33239400
2021-08-05,22.44624137878418,22.54578163494308,21.04272927280388,21.062637703750152,32938000
2021-08-06,22.97380256652832,22.993710996745897,22.306885342818713,22.744861314743392,30680700
2021-08-09,22.605504989624023,22.764770538342848,21.88881856396542,22.764770538342848,29949200
2021-08-10,23.541179656982422,23.74026016302193,22.615458531471802,22.714998784491556,34886200
2021-08-11,23.879615783691406,23.899524214347977,22.963848857786086,23.481456663422232,29487300
2021-08-12,23.25251579284668,23.770121708508558,22.854354767391037,23.670583350717123,29141100
2021-08-13,22.75481605529785,23.272421962900395,22.635367369806527,23.192790138763662,21235800
2021-08-16,22.685138702392578,22.824493921560702,21.83904937478795,22.326794540448862,25770200
2021-08-17,21.938589096069336,22.396471604218597,21.560336512441975,22.137667704518936,26331800
2021-08-18,22.376564025878906,22.87426341381343,21.580245764612663,21.91868150029394,31060700
2021-08-19,21.56033706665039,22.1675309199603,21.24180976608535,21.898772798143867,27943900
2021-08-20,21.85895538330078,21.918680674575153,21.23185501349925,21.411027090177523,22632800
2021-08-23,22.724952697753906,22.88421634104076,22.137667301168985,22.15757573122294,23992000
2021-08-24,23.73030662536621,23.95924788484726,23.093252025567644,23.13306698876882,32814300
2021-08-25,23.999065399169922,24.208098233447878,23.302285487765023,23.8696624934595,30576000
2021-08-26,23.362009048461914,24.208098404408027,23.133067781139005,23.7203532224091,28762800
2021-08-27,24.237960815429688,24.456947864833,23.431688330482586,23.461549078972006,36693800
2021-08-30,23.521272659301758,24.526625668747915,23.491411910577757,24.516671452982404,27629300
2021-08-31,24.0289249420166,24.07869601808955,23.391870356862253,23.42173300250602,28512600
2021-09-01,23.401824951171875,24.307637666076477,23.20274444079995,24.108557155704553,31875000
2021-09-02,23.90947914123535,24.357407452904095,23.013620619325366,23.471503146618637,36546600
2021-09-03,22.854354858398438,24.038879926843627,22.53582755562351,23.809938665295707,44194500
2021-09-07,23.45159339904785,23.49141025931107,22.456194675336132,22.595551787685,33580100
2021-09-08,22.67518424987793,23.7004437491631,22.6552758191842,23.461548276555707,24700600
2021-09-09,23.172883987426758,23.61085807808919,22.51592095286063,22.665230388248844,27193100
2021-09-10,22.645320892333984,23.3918699327406,22.61545824723166,23.292329680971907,25471400
2021-09-13,23.20274543762207,23.37196330913631,22.13766902809175,22.92403498941453,36359500
2021-09-14,22.75481605529785,23.39187064839172,22.595552407024385,23.09325178252208,24577500
2021-09-15,23.06338882446289,23.07334303966686,22.25711637866562,22.645321278758303,21566100
2021-09-16,22.98375701904297,23.32219274194797,22.81453915759047,23.003665449466187,19305700
2021-09-17,23.441640853881836,23.73030741563657,23.033527499973268,23.10320511182509,33586000
2021-09-20,23.133066177368164,23.292329821731574,22.515920030103043,23.073342785374983,32162300
2021-09-21,22.854354858398438,23.580997403747787,22.754816500210634,23.322193495600036,25614500
2021-09-22,23.501365661621094,23.819892965528656,23.063389669461955,23.063389669461955,32222300
2021-09-23,24.57639503479004,24.944691499583836,23.79002913127116,23.899523598488322,48872400
2021-09-24,25.32294464111328,25.830598229627967,24.486809542215266,24.685888152360427,48644500
2021-09-27,26.25861930847168,27.26397231663708,25.80073677527671,25.8405517397155,58020600
2021-09-28,26.049585342407227,26.865812012976512,25.98986194905574,26.318343460347585,34642300
2021-09-29,25.402576446533203,26.36811254639938,25.362759585389473,26.338249900541584,27404000
2021-09-30,24.89492416381836,25.39262356277857,24.61621181691453,25.322945950695747,28685100
2021-10-01,25.969953536987305,26.44774448128579,25.55188598608302,25.950045106331757,36843200
2021-10-04,25.223403930664062,26.298434481440996,25.123863678105153,26.07944744466932,33448100
2021-10-05,25.303035736083984,25.89032113735936,25.153726306631622,25.41253020368284,26161500
2021-10-06,24.785429000854492,25.024324477898748,24.247914652148037,24.904877688662864,36943300
2021-10-07,24.377315521240234,25.163681456718535,24.28772948052568,25.103956163860516,26234900
2021-10-08,23.720352172851562,24.5863499220485,23.65067456401654,24.427086273690605,32061800
2021-10-11,23.77012062072754,24.327545271427283,23.31223812040888,23.60090276222447,26631100
2021-10-12,24.21805191040039,24.2578687723709,23.700444096218604,23.82984699905029,25818400
2021-10-13,23.541179656982422,24.287728706771965,23.501364694917967,24.287728706771965,28606200
2021-10-14,23.620811462402344,23.88956957578733,23.471502032268155,23.829846183448137,19413900
2021-10-15,23.56108856201172,24.307637626842798,23.52127170057262,23.949293468180695,22362900
2021-10-18,23.02357292175293,23.49141156294606,22.714999831878576,23.342102125817984,37062300
2021-10-19,22.23720932006836,22.95389577181463,22.167531707914595,22.95389577181463,50814000
2021-10-20,22.336748123168945,22.665229629455,22.03812736381736,22.257116300389672,27014600
2021-10-21,22.22725486755371,22.794631873132445,22.11776039329377,22.40642695322542,26812500
2021-10-22,22.18743896484375,22.237208142726416,21.74946298490104,22.097852925797003,29155700
2021-10-25,21.94854164123535,22.067990326406758,21.620060130229533,21.689739637413442,26140400
2021-10-26,21.719600677490234,22.36660949290957,21.560337027496935,22.067990623815252,25617900
2021-10-27,21.540428161621094,21.898772316155913,21.510567414458144,21.79923206227708,20827900
2021-10-28,21.86890983581543,21.978404305767494,21.211946813247927,21.54042832453168,23048700
2021-10-29,22.05803680419922,22.366609894277,21.669831887695796,21.779324462423233,26720300
2021-11-01,22.963850021362305,22.993712668860297,21.90872782454294,22.197392489400034,27315500
2021-11-02,22.804584503173828,22.96384814634738,22.446240356747143,22.87426210974071,21579400
2021-11-03,23.06338882446289,23.22265247058155,22.466149202231705,22.605504417942427,23001300
2021-11-04,22.774723052978516,23.381916911041543,22.625413616991416,23.222653259512306,20186900
2021-11-05,24.675935745239258,25.17363511663749,23.989110081109413,24.287728944519383,67588300
2021-11-08,24.476856231689453,24.954647191985924,24.33750100957944,24.77547510723162,33083000
2021-11-09,24.058788299560547,24.42708667910863,23.60090387900273,24.387269817072088,22673500
2021-11-10,23.381916046142578,24.22800535020255,23.202743970156654,23.620811514599673,21338300
2021-11-11,22.914079666137695,23.521271612223682,22.864308589525766,23.232606962164265,19703700
2021-11-12,22.257116317749023,22.844401723168872,21.95849555816453,22.844401723168872,37320300
2021-11-15,22.197391510009766,22.615459063673033,22.03812786085923,22.40642623612763,22519600
2021-11-16,21.490659713745117,22.038128280810916,21.231855804300697,22.038128280810916,40285700
2021-11-17,21.231855392456055,21.749463201304604,20.883465448093666,21.57029112142838,30081600
2021-11-18,20.853605270385742,21.48070566851755,20.475352669516234,21.351304662055355,26850800
2021-11-19,20.395719528198242,20.80383285117683,19.76861917048581,20.26631853007651,49148700
2021-11-22,20.2364559173584,20.81378709946345,20.0572838438478,20.40567377583259,29802700
2021-11-23,20.05728530883789,20.734156792173547,19.917930085294383,20.44549212932306,26273500
2021-11-24,20.06723976135254,20.55498494808171,19.669080618978988,19.86815924087949,30483200
2021-11-26,17.867408752441406,18.195890271913218,17.120859671953422,17.98685554211889,84158400
2021-11-29,18.076440811157227,19.151471365175038,17.608604090864098,18.72344960688206,58061500
2021-11-30,17.53892707824707,17.8176375174175,17.03127348016489,17.708144944274462,60131100
2021-12-01,16.304630279541016,18.40492219675855,16.244906887643438,18.036625731722356,82486400
2021-12-02,17.80768394470215,17.90722420452982,16.274770778217118,16.65302148727523,76746800
2021-12-03,17.120859146118164,17.718096873307516,16.762514990946606,17.69819034135432,59329100
2021-12-06,18.50446319580078,19.10170283459806,17.319938133686296,17.479201784222575,78131600
2021-12-07,18.41487693786621,19.191288649002868,18.235704858482947,18.892667883839945,62779400
2021-12-08,19.43018341064453,19.947791199119184,18.45469312368472,18.61395676651194,69762100
2021-12-09,19.101703643798828,19.509817002908406,18.80308286246355,18.932485770613937,38179500
2021-12-10,19.191287994384766,19.270919815997466,18.594048383003315,19.091747742725794,33181500
2021-12-13,18.255613327026367,18.763266920139777,17.827591558406876,18.59404905576864,39686300
2021-12-14,18.066486358642578,18.753312005915923,17.927131145614393,17.937085360626746,38288200
2021-12-15,17.80768394470215,17.996810248517477,17.16067510368108,17.90722420452982,45971600
2021-12-16,17.48915672302246,18.166028215082058,17.369709929466385,17.91717851350559,45611100
2021-12-17,18.195890426635742,18.38501482832866,17.32989265053407,17.618559208758796,48588400
2021-12-20,18.81303596496582,19.201242767869438,17.52897256679293,17.588695960096395,59262500
2021-12-21,20.445491790771484,20.634616191428144,19.17138067273307,19.24105828335105,69186200
2021-12-22,21.152223587036133,21.40107327629538,19.937837786937084,20.455443697681254,62921900
2021-12-23,21.102455139160156,21.67978636228537,20.783925931080272,21.440890880154853,39191000
2021-12-27,20.853605270385742,21.032775456585895,19.937838313770758,20.246411405005613,37286800
2021-12-28,20.8038330078125,21.69969148210636,20.415628111952056,20.54502911104807,39749600
2021-12-29,20.6943416595459,20.80383423490935,20.18668805116896,20.56493875424476,30313700
2021-12-30,20.435537338256836,21.411027672744368,20.176733431410096,20.66447859865386,49120200
2021-12-31,20.027423858642578,20.674432672025798,19.9278836030669,20.415628766958015,29363700
2022-01-03,21.311487197875977,21.63996871116341,20.33599687339481,20.465397876204573,38836800
2022-01-04,21.630014419555664,22.277023228469268,21.411027377659927,21.95849593168549,44776400
2022-01-05,21.07259178161621,22.067990539560157,20.96309731069919,21.689739846913337,31833200
2022-01-06,20.973051071166992,21.888817984553814,20.923281893778356,21.520521515304097,31459900
2022-01-07,21.799232482910156,22.187439290671104,21.02282266453319,21.2517639238714,37140600
2022-01-10,21.301532745361328,22.02817337294251,20.86355676632958,21.898772371573266,32828800
2022-01-11,21.878864288330078,22.11775976289251,21.01286843036282,21.281624652637767,29608000
2022-01-12,22.207345962524414,22.356655397875752,21.69969236347189,22.077944958172584,33645000
2022-01-13,22.794631958007812,23.19279109510942,22.267071813312885,22.316840993485886,43271400
2022-01-14,22.844402313232422,22.844402313232422,22.167530852311096,22.496012367337922,28270800
2022-01-18,21.878864288330078,22.655276004587332,21.80918667890426,22.4163805300249,29779000
2022-01-19,21.122360229492188,21.85895505706425,21.08254526780925,21.829094310445146,27894500
2022-01-20,20.704294204711914,21.878865088179975,20.634616592738812,21.21194781868061,25457800
2022-01-21,19.898021697998047,20.594801614409487,19.688988862218135,20.58484739862389,41314300
2022-01-24,19.649171829223633,19.66908026062273,18.166027864296105,18.99220878163352,52166800
2022-01-25,20.1070556640625,20.30613427645005,19.002162435522123,19.161426084861148,36484500
2022-01-26,20.19664192199707,21.00291439279464,19.947792229898962,20.445491614095175,40706400
2022-01-27,19.022071838378906,20.61470841315441,18.85285396498744,20.365858711024167,42718200
2022-01-28,18.882713317871094,19.191288292667203,18.19588955775117,19.11165646981682,50152500
2022-01-31,19.718849182128906,19.77857447554349,18.066487369108575,18.693589659954267,50989300
2022-02-01,20.833696365356445,20.973051584312152,19.768619995172198,19.858206035521572,38953800
2022-02-02,20.754064559936523,21.142269469433458,20.33599700410426,20.624661657722566,30717600
2022-02-03,20.246410369873047,20.8635565207901,20.23645615471988,20.435536660638395,27585900
2022-02-04,19.8681583404541,20.146870676770614,19.46999921612513,19.927883633032796,33287000
2022-02-07,21.420982360839844,21.639969410585156,20.017470222469733,20.04733097100579,41055700
2022-02-08,22.44624137878418,22.47610402520359,21.371210789127513,21.62006048023852,41620200
2022-02-09,23.083297729492188,23.252515594294145,22.65527595978297,22.724953569070987,39322700
2022-02-10,23.013620376586914,23.750215237880152,22.496012561005998,22.76477068431599,42465600
2022-02-11,21.938589096069336,23.531225557955832,21.888818020027617,23.07334304980657,51041700
2022-02-14,21.26171875,22.416381193865597,21.17213270706452,21.898773367698944,36570700
2022-02-15,22.67518424987793,22.764770289427258,21.94854171813644,22.117759581888233,31683800
2022-02-16,23.20274543762207,23.531226964847054,22.515921634334173,22.675185290044922,40609500
2022-02-17,22.31684112548828,23.073344439742254,22.16753168551359,22.794632092836306,25412100
2022-02-18,22.067991256713867,22.665230910603498,21.85895652349486,22.316840954286835,29897300
2022-02-22,21.411027908325195,22.08789938005298,21.251764255986007,21.450842872123744,34908600
2022-02-23,20.117008209228516,21.898772916969456,20.097101676764538,21.779324229323187,36958200
2022-02-24,20.535076141357422,20.614707968378088,18.564186998666592,18.753313299805363,49931700
2022-02-25,21.002914428710938,21.30153330031033,20.19664195653459,20.604755300387588,34048000
2022-02-28,20.2364559173584,20.69434031617131,19.72880234193583,20.53507477416114,48343800
2022-03-01,18.773221969604492,19.937838641178978,18.524372269683212,19.878113346225643,55954900
2022-03-02,18.932485580444336,19.499862591137955,18.60400405327579,19.032025839889585,41781800
2022-03-03,18.185935974121094,19.619308835205157,18.02667232288953,19.17138052808107,40969400
2022-03-04,17.150720596313477,17.986855726937268,16.941687762943786,17.767868677896754,56989800
2022-03-07,15.458542823791504,17.3995702594786,15.448589557425752,17.220398174887524,67688600
2022-03-08,15.80693244934082,16.473848746320893,14.871257081764403,15.607852886862721,68269000
2022-03-09,17.190536499023438,17.69819007845124,16.772468957057743,16.832192349175013,58123200
2022-03-10,17.568788528442383,18.14611975939642,16.633113120147026,16.74260759623966,42701100
2022-03-11,17.13081169128418,17.91717762038241,17.100950943669915,17.84750001118585,28443500
2022-03-14,17.041227340698242,17.7977287157517,16.762515008760566,17.220397519901997,31014800
2022-03-15,17.956995010375977,18.106304448558323,17.26021510076167,17.34980114338558,40891100
2022-03-16,19.241058349609375,19.350552822998967,18.006764089715116,18.195890389595547,51372500
2022-03-17,19.061885833740234,19.071840049147756,18.13616468513768,18.633864064079056,38740600
2022-03-18,19.370458602905273,19.45009232487384,18.594048799436045,18.68363483807825,32136300
2022-03-21,18.86280632019043,19.121608314132654,18.50446217692832,19.121608314132654,32803500
2022-03-22,18.842899322509766,19.21119581012443,18.285476533957223,18.554232763258664,43514800
2022-03-23,18.215797424316406,18.813037088743883,18.156074027445424,18.623910783651127,27832900
2022-03-24,18.404922485351562,18.434785131054802,17.747959468459694,18.225750408276976,31280500
2022-03-25,18.305381774902344,18.66372592011165,18.146118132269848,18.355152849832738,25947400
2022-03-28,19.31073570251465,19.340598349014495,18.43478562281635,18.504463232743518,32494500
2022-03-29,19.83829689025879,20.30613360745757,19.57949299396614,19.868157636918294,40091600
2022-03-30,19.509815216064453,19.82834250145777,19.360505788357884,19.489906786084276,24681700
2022-03-31,20.126962661743164,20.445491866359763,19.42023043877939,19.539677229259674,42409900
2022-04-01,19.957744598388672,20.3658579425979,19.58944811633278,20.256365368821207,27871800
2022-04-04,19.649171829223633,19.848252346069582,19.2609669098038,19.828343914670484,25523400
2022-04-05,20.126962661743164,21.40107378449205,20.04733083523214,20.59480130374637,68213000
2022-04-06,18.842899322509766,19.798481245742693,18.773221711262263,19.738757850183763,44802800
2022-04-07,18.653772354125977,18.832944432964368,17.976900900102027,18.803081786967155,42475400
2022-04-08,18.255613327026367,18.64381823411267,17.95699445981728,18.51441723127472,28731700
2022-04-11,18.454694747924805,18.932485718457944,17.90722426627127,18.046579491366966,27851900
2022-04-12,18.42483139038086,18.862807379113672,18.275521955163814,18.683635297424228,23404200
2022-04-13,19.420230865478516,19.549631874437424,18.693590195278194,18.713496728413954,35391100
2022-04-14,19.469999313354492,19.997561342332713,19.36050674022503,19.61930874840192,25316700
2022-04-18,18.952392578125,19.499861115794026,18.882713072784448,19.350551687209055,18700700
2022-04-19,19.818389892578125,19.987607763978527,19.02207161456007,19.02207161456007,28760200
2022-04-20,19.52972412109375,20.23645631542947,19.52972412109375,19.86815794612707,21267000
2022-04-21,19.420230865478516,20.53507646112811,19.300782173801213,20.385767020460893,37800100
2022-04-22,18.753313064575195,19.589448187090458,18.663727022979096,19.380413457175397,25671500
2022-04-25,18.793127059936523,18.803081274997894,18.255612736629203,18.643817631160733,27164700
2022-04-26,17.419477462768555,18.79312685017503,17.34979985668906,18.753311888946335,44476200
2022-04-27,17.329893112182617,17.817638300746417,17.071089194023195,17.51901941748615,35893100
2022-04-28,17.74795913696289,17.917176995642407,17.041226955671743,17.648418885050397,30952100
2022-04-29,17.22039794921875,18.11625836043413,17.160674554661885,17.678282370348,22197100
2022-05-02,17.27016830444336,17.399569303666013,16.653020257928453,17.230351444022602,34360800
2022-05-03,17.40952491760254,17.747960664082203,17.03127420607544,17.54888014312738,28177600
2022-05-04,17.648420333862305,17.648420333862305,16.613206565276798,17.339847236317038,37917900
2022-05-05,16.463895797729492,17.45929452121285,16.284723723730906,17.220397156833137,44517800
2022-05-06,15.846748352050781,16.483802951587307,15.518266836843203,16.34444773258181,43828900
2022-05-09,14.074938774108887,15.548128479689224,13.985352734039715,15.478450870429302,55563200
2022-05-10,14.12470817565918,14.960843297129891,13.75641074344684,14.741856250486604,46996200
2022-05-11,13.487653732299805,14.672177869263788,13.457792034537352,14.184432692236633,40917100
2022-05-12,13.19898796081543,13.796226655179733,12.661472661244433,13.19898796081543,53708800
2022-05-13,14.21429443359375,14.433282432857954,13.487653773665892,13.487653773665892,40862000
2022-05-16,14.025168418884277,14.463143447435343,13.96544407671148,14.204340496116457,29771800
2022-05-17,14.801579475402832,14.891165515858807,14.25410996650561,14.443236262865165,29133500
2022-05-18,13.776318550109863,14.761763063194602,13.636962386419478,14.542775077191482,36536400
2022-05-19,13.517515182495117,13.875858396940414,13.427929141562235,13.607101223428002,37716400
2022-05-20,13.069585800170898,13.895766692970799,12.641564030665085,13.746457259057074,45620600
2022-05-23,13.049677848815918,13.129309676400455,12.482300839954524,13.05963206458555,41410400
2022-05-24,11.705889701843262,12.81078198902506,11.506810138741077,12.78092029188129,63216500
2022-05-25,12.123957633972168,12.253359591312305,11.556579674975215,11.596395588827082,38049800
2022-05-26,13.14921760559082,13.408021509996429,12.243404889457416,12.243404889457416,49498400
2022-05-27,13.905720710754395,13.905720710754395,13.268665173251105,13.288573603775996,35625500
2022-05-31,13.816134452819824,14.104800045848561,13.65687080829172,13.79622602261071,38118300
2022-06-01,13.408021926879883,14.134662585742761,13.08949366952072,13.975398931706309,33402900
2022-06-02,13.995306968688965,13.995306968688965,13.328389724241655,13.427929030566096,34067200
2022-06-03,13.447837829589844,13.826089482265795,13.278619959990436,13.587193052116703,27169400
2022-06-06,13.54737663269043,13.736502926608301,13.278619464078483,13.607100975318764,26843100
2022-06-07,13.716594696044922,13.746457342437786,13.149217704587802,13.238803745193923,23383200
2022-06-08,12.870506286621094,13.497607620117437,12.860552071179985,13.288573842285322,43179100
2022-06-09,11.676027297973633,12.790874773078425,11.676027297973633,12.761012126028048,63169100
2022-06-10,10.999156951904297,12.014463236310547,10.98920273605564,11.506810568750558,67279900
2022-06-13,9.864401817321777,10.491503166412796,9.725046594825722,10.481548950724147,71269000
2022-06-14,9.4761962890625,10.12320507864564,9.366701822099737,9.963941435012018,59250200
2022-06-15,9.794723510742188,9.973895583273336,9.466242010625875,9.59564395753324,67274100
2022-06-16,8.709738731384277,9.446333550552662,8.65996860591913,9.386610159423435,76859100
2022-06-17,9.555828094482422,9.595644005322507,8.709738802522866,8.869002445883208,69584400
2022-06-21,9.525965690612793,9.744953680421771,9.386610473786714,9.645413426157813,49067200
2022-06-22,9.575736045837402,9.784769825341893,9.237300312421915,9.316932138015414,38634600
2022-06-23,9.605597496032715,9.695183534842576,9.177576681799021,9.575735799524832,48309600
2022-06-24,10.800076484680176,10.82993818046059,9.436379403796527,9.675275817898436,85277300
2022-06-27,10.501457214355469,10.760261122408767,10.13315978333481,10.680628347457857,52876800
2022-06-28,10.282468795776367,10.999156146536608,10.262561314822968,10.441732440548376,46295200
2022-06-29,8.82918643951416,9.555827991091432,8.620152672543842,9.446333525501247,109730900
2022-06-30,8.610198974609375,8.769463575095577,8.062730410931069,8.620153190130933,74706500
2022-07-01,8.779417037963867,8.928727426272621,8.490751426377122,8.57038325376062,51985500
2022-07-05,9.336840629577637,9.366702327047198,8.112499641890595,8.500705506139902,69309900
2022-07-06,8.699785232543945,9.48615024190595,8.659969318751676,9.207438845360068,52642200
2022-07-07,9.287070274353027,9.406518010603259,8.888911153518924,8.908818634917518,46116100
2022-07-08,8.96854305267334,9.386610607687798,8.898864493980108,9.167622614754931,45688300
2022-07-11,8.450935363769531,8.928727268937502,8.421073666348486,8.918773053368405,40155700
2022-07-12,9.087990760803223,9.227346928456937,8.391211821107104,8.440980999503362,65626100
2022-07-13,8.958588600158691,9.087990549408662,8.61019866377137,8.689830486496552,41433700
2022-07-14,8.669922828674316,8.958588417488613,8.610198488205137,8.779416345367261,40652900
2022-07-15,9.137761116027832,9.147714382383196,8.669923423020663,8.839141291783124,44346700
2022-07-18,9.605597496032715,10.073435171325206,9.386610455926625,9.386610455926625,66343700
2022-07-19,10.312331199645996,10.362101329374818,9.94403375851074,9.973896405919794,60355900
2022-07-20,11.038972854614258,11.048927070452637,10.232699408144706,10.29242375388871,69920800
2022-07-21,9.804677963256836,9.854447140800161,9.3766562015235,9.625505886384982,144225000
2022-07-22,9.217392921447754,9.944033574466586,9.107898448213614,9.854447532470017,100507900
2022-07-25,9.137761116027832,9.24725464022685,8.799325378502912,9.217392942588255,54848200
2022-07-26,8.46088981628418,9.05812947714816,8.421073902179,9.02826682960457,68820200
2022-07-27,8.809279441833496,8.849095354425296,8.431027797568277,8.749555098302679,66105600
2022-07-28,9.05812931060791,9.336840704219863,8.530567271806037,8.928727354823653,58406700
2022-07-29,9.01831340789795,9.137761148158592,8.729647798279833,8.968543278801118,40901800
2022-08-01,8.87895679473877,8.938680187255954,8.530566857672431,8.85904836437557,54740900
2022-08-02,9.306979179382324,9.59564479402089,8.63010769018033,8.72964795010519,56616000
2022-08-03,9.744954109191895,9.764862540635129,9.426426800390232,9.456288498268822,45506500
2022-08-04,9.705138206481934,9.894263558973575,9.555828767635177,9.725046637947507,40094000
2022-08-05,9.774815559387207,10.00375776875195,9.436379827717907,9.486149955778611,42444200
2022-08-08,9.96394157409668,10.441732511666935,9.734999371212941,9.993803270373268,67345200
2022-08-09,9.426426887512207,9.715092501103216,9.217393101857596,9.6653223713214,51552800
2022-08-10,10.292423248291016,10.561180417721117,9.774815441557156,9.844493999716699,71504000
2022-08-11,10.49150276184082,10.899616096475237,10.391962507365305,10.790122575981146,50079000
2022-08-12,10.670675277709961,10.740352889128067,10.401917149177962,10.660721061997014,39632900
2022-08-15,10.660720825195312,10.74035265055754,10.372055220935676,10.511411389962696,34057500
2022-08-16,11.138511657714844,11.327637952883151,10.362100894130483,10.581088886167281,59639300
2022-08-17,10.511411666870117,10.919525019924231,10.352147062663835,10.919525019924231,53063700
2022-08-18,10.40191650390625,10.521364237193017,10.153066822237268,10.511410971383771,47229500
2022-08-19,9.824585914611816,10.19288335191881,9.655368044864513,10.093344042782094,50379400
2022-08-22,9.346795082092285,9.585690566476979,9.30697916802817,9.496104522511152,35610400
2022-08-23,9.49610424041748,9.69518380482415,9.406518199112918,9.436379896452358,37301800
2022-08-24,10.00375747680664,10.899615958610013,9.446333767509598,9.466242197867375,37870300
2022-08-25,10.49150276184082,10.640812194267873,10.163021251072328,10.192882947700495,47824200
2022-08-26,9.924125671386719,10.810029939567922,9.924125671386719,10.571134470572062,46325500
2022-08-29,9.784770011901855,9.99380379539186,9.595644659832926,9.715092400500605,31611600
2022-08-30,9.725046157836914,10.282468921346208,9.525965650154523,10.023665020788073,41537700
2022-08-31,9.416472434997559,9.914171821732554,9.40651821943416,9.864401693201806,43196800
2022-09-01,9.306979179382324,9.316932445945792,8.898864873119416,9.247254833570153,43701600
2022-09-02,9.326886177062988,9.665321904074963,9.22734687159761,9.545874167944776,39677800
2022-09-06,9.396563529968262,9.67527585596949,9.107897938191858,9.506057997070958,35375100
2022-09-07,9.774815559387207,9.824585687447911,9.346794736352125,9.346794736352125,38557200
2022-09-08,10.03361988067627,10.053528312438084,9.496104563828837,9.525966262185284,41765200
2022-09-09,10.352147102355957,10.471595793290223,10.163021748734858,10.182929231033057,47276400
2022-09-12,10.551227569580078,10.740352922278506,10.352147051851718,10.491503224404317,34324800
2022-09-13,10.192883491516113,10.411871493474068,9.914172093115434,10.023665619451275,41934000
2022-09-14,10.521364212036133,10.541272642179425,9.88430963602992,10.093343406103509,38845700
2022-09-15,10.869754791259766,11.138511969163474,10.40191709723627,10.41187131289951,59124100
2022-09-16,10.710491180419922,10.76026130964795,10.411871354338007,10.660721051191894,47810800
2022-09-19,10.730398178100586,11.088742332935439,10.571134531190081,10.610950442917707,37564600
2022-09-20,10.372055053710938,10.939432037590766,10.352146623048238,10.829938516804585,47008400
2022-09-21,9.665322303771973,10.312331138554928,9.655368088027924,10.272515224864996,67793100
2022-09-22,9.595643997192383,9.88430958785997,9.356747583068087,9.695183299565162,62079500
2022-09-23,8.908818244934082,9.297024082718295,8.699784478325073,9.187529617317367,79394400
2022-09-26,8.859048843383789,9.316932324346837,8.8391413612304,8.948634886289685,56042300
2022-09-27,9.177577018737793,9.506058540242769,8.978497452566026,9.15766858747749,64007800
2022-09-28,9.784770011901855,9.804678443322931,9.08799105003059,9.157668661431838,65649300
2022-09-29,9.117852210998535,9.615551575784798,8.978496996401551,9.56578144944893,57340600
2022-09-30,6.997653484344482,8.470843666593684,6.977745528150971,8.411119323370032,237674800
2022-10-03,6.8184814453125,7.156917177297857,6.549723797748574,7.137009220983608,104262100
2022-10-04,7.724294662475586,7.784018531559496,7.047423196905036,7.0673311532663385,117870500
2022-10-05,7.395812511444092,7.53516867761838,7.137009084314759,7.435628423310143,82831500
2022-10-06,6.947883129119873,7.574984440653775,6.937928914027383,7.3360884995081035,86819900
2022-10-07,6.728895664215088,6.957836917192157,6.539769847951197,6.868251353962075,82260200
2022-10-10,6.350644111633301,6.788619616709022,6.121702381131062,6.69903357770807,82505700
2022-10-11,6.609447479248047,6.708987257996355,6.08188641456046,6.390459966001768,73379000
2022-10-12,7.276364803314209,7.355996627346921,6.519862000360329,6.609447565075576,97735700
2022-10-13,7.067331314086914,7.286319313687549,6.818481616586367,6.957837314286597,81275600
2022-10-14,7.097193241119385,7.395812583004135,6.977745504365484,7.236548933998935,63672500
2022-10-17,7.236548900604248,7.43562846094205,7.137009120435346,7.346042896111595,52393700
2022-10-18,8.042821884155273,8.20208553345954,7.644662286251493,7.664570242414526,116496300
2022-10-19,7.644662380218506,8.10254632688274,7.584938510995289,7.983098588436306,70897600
2022-10-20,7.963190078735352,8.251855681118059,7.674524476352644,7.684478217136643,59658500
2022-10-21,8.162269592285156,8.18217802302094,7.754156255063832,7.8935119477125335,57281000
2022-10-24,8.182178497314453,8.24190189441132,7.883558663971274,8.072684020493062,51101500
2022-10-25,8.580337524414062,8.640061869977016,8.172224169140394,8.231948514703348,52082000
2022-10-26,8.630106925964355,9.08799037235678,8.530566674854017,8.550475104790559,58695700
2022-10-27,8.610198974609375,8.91877301077398,8.600245708374057,8.75950935957402,48689900
2022-10-28,8.89886474609375,8.908818961801401,8.440981265690683,8.520614042065626,42739400
2022-10-31,9.01831340789795,9.107898501128739,8.75950949602343,8.978497494477736,49289000
2022-11-01,9.0083589553833,9.44633399149089,8.99840473996839,9.346794685200463,52041000
2022-11-02,8.650014877319336,9.217392820665166,8.610198964565791,8.968543128633943,52525000
2022-11-03,8.7893705368042,9.028265999469207,8.212039360720672,8.301625396541596,63837000
2022-11-04,8.958588600158691,9.277115891059415,8.79932495470833,9.078036334246463,51717100
2022-11-07,8.719693183898926,9.038220476696113,8.530566891835937,9.028266261474649,46375900
2022-11-08,9.05812931060791,9.187530317105912,8.78937118337455,8.869003010120823,53290100
2022-11-09,8.520613670349121,8.97849713077677,8.48079775854177,8.958588700229985,41664900
2022-11-10,9.734999656677246,9.764862303115722,9.038220710978852,9.078036623610583,84559500
2022-11-11,10.302377700805664,10.401917008732381,9.71509227167892,10.123205617536827,69889400
2022-11-14,10.551227569580078,10.700537008590086,10.172975914896961,10.362101267595389,70950200
2022-11-15,11.108650207519531,11.437131728225713,10.909570641831882,10.939432339363467,106425900
2022-11-16,9.58569049835205,9.77481585149093,9.446334325474906,9.734999937709784,124544100
2022-11-17,9.466242790222168,9.525966186460302,9.107898615648288,9.326886616856074,45732600
2022-11-18,9.426426887512207,9.685229853662365,9.34679505957581,9.655368155507784,38882000
2022-11-21,9.277115821838379,9.486149592253827,9.087990481598782,9.416471985210745,38776300
2022-11-22,9.426426887512207,9.516012931262221,9.137761273921198,9.316932412134959,36685900
2022-11-23,9.685229301452637,9.734999428396776,9.346794526662162,9.446333831264226,44422600
2022-11-25,9.685229301452637,9.884309809229194,9.595644212096644,9.65536760500064,23780800
2022-11-28,9.277115821838379,9.685229147581351,9.227346644971147,9.535919718407259,32078200
2022-11-29,9.705138206481934,9.744954120126819,9.277116422834716,9.316932336479601,46085800
2022-11-30,9.884309768676758,9.89426303459578,9.366701969439246,9.764862034072612,65648500
2022-12-01,9.924125671386719,10.2426529633812,9.854447114298267,9.914171456190338,52863100
2022-12-02,9.953987121582031,9.993803032096912,9.406517640037782,9.685229013641946,48326900
2022-12-05,9.635459899902344,10.22274529576718,9.585689774114677,9.844493668781586,52424100
2022-12-06,9.257208824157715,9.71509229995478,9.127806869118736,9.655367955595924,50508400
2022-12-07,8.849095344543457,9.306978813480958,8.819232698168278,9.177576860380551,52196200
2022-12-08,8.98845100402832,9.1974847924609,8.898864959087746,8.95858930547689,37881700
2022-12-09,8.82918643951416,9.087990331817636,8.809278958952607,8.978496815513635,37684100
2022-12-12,8.96854305267334,8.96854305267334,8.530567066807606,8.72964757817543,44353700
2022-12-13,8.869002342224121,9.62550558863008,8.679877005265721,9.555827982795858,62156900
2022-12-14,8.888911247253418,9.068082378875031,8.669923253842299,8.839141119302768,57877700
2022-12-15,8.590291023254395,8.908818308241656,8.431027380760764,8.679877059478608,52117200
2022-12-16,8.41111946105957,8.659969154873679,8.311580153105675,8.450935374098378,43358200
2022-12-19,8.052776336669922,8.450935471654264,7.983098725369227,8.440981255958091,41998400
2022-12-20,8.06273078918457,8.231948663844745,7.893512439881252,7.913420397215205,49501000
2022-12-21,8.440980911254883,8.749554940231244,7.744202453486535,7.843742233167728,77709700
2022-12-22,7.843742370605469,8.4608894900856,7.594892679720599,8.431027792979561,64849100
2022-12-23,7.774064064025879,7.903466013500761,7.495352684003321,7.823834190637173,39623700
2022-12-27,7.634708404541016,7.863650133510777,7.515260669768037,7.744202398737799,37674800
2022-12-28,7.634708404541016,7.873603874086972,7.594892492950023,7.6745243161320085,34112400
2022-12-29,8.042821884155273,8.06273031496142,7.664570242414526,7.694432413980634,38092700
2022-12-30,8.02291488647461,8.182178545383616,7.893512451646328,7.9432825823769635,30690600
2023-01-03,7.933327674865723,8.281717135683406,7.8835580231163975,8.202085313170004,33965200
2023-01-04,8.699785232543945,8.719693664083211,7.943282395847708,8.032867964558747,52046600
2023-01-05,8.908818244934082,8.948634155274553,8.431027320848452,8.530566622056535,35689900
2023-01-06,9.157668113708496,9.187529809767813,8.789370698022914,8.958588557836046,40099600
2023-01-09,9.426426887512207,9.595644759198619,9.16762297207578,9.217393101857596,44454500
2023-01-10,9.635459899902344,9.665321595660465,9.217392362143856,9.376656005235434,38995500
2023-01-11,9.814631462097168,9.854447374648396,9.615551899341023,9.705137939902846,33668900
2023-01-12,10.232699394226074,10.242653610050914,9.814631822445525,10.01371234179723,48425800
2023-01-13,10.461641311645508,10.561180619179536,10.093343880268495,10.103297146521529,41626900
2023-01-17,10.829938888549805,10.889662284015506,10.382009625412023,10.561180761095383,48197800
2023-01-18,10.382009506225586,11.118604370421428,10.292423464769234,11.038972544523837,57513800
2023-01-19,10.07343578338623,10.192883525961607,9.874356212427267,10.083389999255747,44119300
2023-01-20,10.421825408935547,10.57113484502528,10.113251371920853,10.23269911064989,39941600
2023-01-23,10.670675277709961,10.780168802693595,10.481548976309016,10.591043450578908,34611400
2023-01-24,10.630859375,10.909570770243288,10.352147030470451,10.670675288606184,33317400
2023-01-25,10.829938888549805,10.84984637060962,10.332239496333102,10.441733020877724,29042400
2023-01-26,10.58108901977539,11.038972491114297,10.521364675998036,10.949386450091389,32096200
2023-01-27,10.969294548034668,11.198235802109298,10.710490648335007,10.730398129465483,50631600
2023-01-30,10.591043472290039,11.168374694816805,10.561180825089982,10.780168824792423,35766600
2023-01-31,10.770214080810547,10.780168296055672,10.53131861064481,10.730398169116256,30246300
2023-02-01,11.287821769714355,11.367453592309932,10.571134417067961,10.770213973556903,47240000
2023-02-02,11.984601020812988,12.203589013600888,11.417224031934488,11.666073721693301,61194400
2023-02-03,11.745705604553223,12.094094602366532,11.626257866792697,11.735751389084953,35978400
2023-02-06,11.815382957458496,11.845244653928043,11.496855663686757,11.546625790660144,33494900
2023-02-07,12.133910179138184,12.561931939565584,11.646165026126528,12.094094267653277,70218900
2023-02-08,11.815382957458496,12.342944025089494,11.785521260988949,12.263312201646558,38275600
2023-02-09,11.476947784423828,12.074187438217637,11.307729914158458,11.895015352222241,34305000
2023-02-10,11.108650207519531,11.397315815088184,10.959340770575357,11.317683988813124,39694500
2023-02-13,11.586441993713379,11.65611960365638,11.078788394535467,11.16837443548289,28988700
2023-02-14,11.825337409973145,11.904969235013807,11.33759224427753,11.496855894358855,34073000
2023-02-15,12.133910179138184,12.153818609523741,11.576487418349494,11.765612760581247,34244000
2023-02-16,11.546626091003418,11.944785218574747,11.516763444470888,11.944785218574747,30227800
2023-02-17,11.238052368164062,11.516763765226436,11.108650410777823,11.457040369070489,31103300
2023-02-21,11.078788757324219,11.228098197601758,10.979248497615012,11.068834541496043,20923500
2023-02-22,10.989202499389648,11.28782232341432,10.829938846386158,11.01906419700624,25605800
2023-02-23,10.839892387390137,11.168373888588063,10.620904403496121,11.108649547785625,28657500
2023-02-24,10.54127311706543,10.71049098376192,10.332239337574837,10.630859158173717,32077800
2023-02-27,10.780168533325195,10.939432183607718,10.710490923648152,10.77021431786098,23336700
2023-02-28,10.571134567260742,10.650766390987714,10.202837145201945,10.511411174108623,39800000
2023-03-01,10.54127311706543,10.71049098376192,10.461641291477227,10.571134814339445,26906600
2023-03-02,10.710491180419922,10.750307093945093,10.302377829465351,10.391962922932294,22463300
2023-03-03,11.058879852294922,11.148465892341243,10.800076896844278,10.939432115328572,29919900
2023-03-06,11.019063949584961,11.476947416331841,11.019063949584961,11.138511686655509,32128800
2023-03-07,10.819984436035156,11.148465951765058,10.810030220580012,11.00911073253797,24794000
2023-03-08,10.481548309326172,10.91952427996306,10.40191648726241,10.800076546867418,29901000
2023-03-09,9.9440336227417,10.54127327276073,9.894263493692403,10.461641445996358,37505400
2023-03-10,9.645413398742676,10.023665034869909,9.476196485832862,9.914171514919742,46525200
2023-03-13,9.197484016418457,9.516012254807434,9.068082067898905,9.396563572107691,50015700
2023-03-14,9.028266906738281,9.51601304530168,8.968543509713394,9.426427000478071,45033700
2023-03-15,8.689830780029297,8.849095380145645,8.33148756566155,8.679877513817093,54438600
2023-03-16,8.98845100402832,9.117852963466229,8.450935683671158,8.5106600300603,51497900
2023-03-17,8.510659217834473,8.938680020510532,8.510659217834473,8.849094933405908,53049200
2023-03-20,8.570383071899414,8.849095411113717,8.480797979958647,8.540521374585825,45019800
2023-03-21,9.078036308288574,9.16762234591979,8.908818448159877,8.908818448159877,43641300
2023-03-22,8.948634147644043,9.416471805710268,8.928726667133875,9.107897788870115,47728500
2023-03-23,9.177577018737793,9.51601275587292,8.948634805675574,9.008359150170229,57700900
2023-03-24,9.187530517578125,9.227347381106322,8.918773333766728,9.03822107649249,45523800
2023-03-27,8.749554634094238,9.675275739347171,8.640061117597536,9.486149452605556,93540200
2023-03-28,9.287070274353027,9.43637970734426,8.898864419575109,8.898864419575109,72930100
2023-03-29,9.844493865966797,9.914171473893456,9.52596562411733,9.625505877686452,55593500
2023-03-30,10.113251686096191,10.252607860252388,10.013712375372858,10.073435771949603,46584200
2023-03-31,10.103297233581543,10.302377748937559,10.013712140814837,10.232699188848454,37314300
2023-04-03,9.924125671386719,10.023664975491888,9.774815291299648,9.934078937296889,39031900
2023-04-04,9.804677963256836,10.073435129278405,9.506058151565815,10.023665002448865,38016300
2023-04-05,9.615551948547363,9.844494158853188,9.565781820282076,9.734999686812309,25510600
2023-04-06,9.685229301452637,9.834539682285055,9.496103958208366,9.67527603549278,28095400
2023-04-10,9.824585914611816,9.844494346010915,9.516012822215858,9.555828735727797,24047400
2023-04-11,9.993803977966309,10.09334423831765,9.744954276374234,9.864402019224077,26263500
2023-04-12,9.575736045837402,10.182928953309384,9.555828564082148,10.143113040512635,34149900
2023-04-13,9.725046157836914,9.804677981195384,9.655367600433593,9.675276030916317,21807900
2023-04-14,9.555828094482422,9.82458525533145,9.506057968610767,9.774815129459794,21640200
2023-04-17,9.705138206481934,9.754908335859605,9.466242724612618,9.57573624981449,24539000
2023-04-18,9.794723510742188,9.814630991419989,9.615551438211039,9.715091689458609,22055200
2023-04-19,9.754907608032227,9.80467773369648,9.476196233313074,9.65536735670372,25981000
2023-04-20,9.287070274353027,9.615551786362719,9.257208577612026,9.585690089621716,38877300
2023-04-21,9.336840629577637,9.336840629577637,9.028266591437998,9.25720880346797,28720300
2023-04-24,9.237299919128418,9.396563563534498,9.097944704916198,9.277115830229938,23084800
2023-04-25,8.91877269744873,9.227346722772827,8.869002570875656,9.227346722772827,27625300
2023-04-26,8.719693183898926,9.038220476696113,8.659968841856347,8.988450349875,33804600
2023-04-27,8.859048843383789,8.918773188416473,8.679877706858255,8.869003059103614,25196300
2023-04-28,9.167622566223145,9.257208606007165,8.789370925627402,8.799325141000343,34200500
2023-05-01,9.446333885192871,9.585690051574796,9.167622501715243,9.227346844246416,43945100
2023-05-02,9.40651798248291,9.496104021724326,9.127806598732233,9.336840373866796,33396200
2023-05-03,9.386610984802246,9.655368167088367,9.366702553151134,9.416472682992644,28997800
2023-05-04,9.346795082092285,9.794724352635154,9.167622994160629,9.735000006895845,51862300
2023-05-05,9.96394157409668,10.043573397025055,9.486149687240214,9.496103902427814,52156100
2023-05-08,10.561180114746094,10.61095024077906,9.993803146114397,10.103296663957964,44199800
2023-05-09,10.600996017456055,10.660720358506323,10.332238855945342,10.441732373703603,26602000
2023-05-10,10.441732406616211,10.839892466538545,10.29242297744921,10.750306429323865,29655000
2023-05-11,10.192883491516113,10.44173319169543,10.113251663401634,10.32228544952371,25870000
2023-05-12,9.784770011901855,10.212791794592405,9.63546057338882,10.202837578881866,29797400
2023-05-15,10.262561798095703,10.332239408643083,9.774815676405295,9.814631589473263,27705900
2023-05-16,10.312331199645996,10.591043546412894,10.023665586362348,10.21279188947462,30032700
2023-05-17,10.989202499389648,11.128558670410829,10.352146938089433,10.362101153723714,53763700
2023-05-18,11.228097915649414,11.267913828676013,10.91952482701484,10.91952482701484,33835000
2023-05-19,10.88966178894043,11.16837411939683,10.760260788218929,11.1186039925806,28822700
2023-05-22,11.168374061584473,11.228097454025825,10.78016821357086,11.01906368190868,24221100
2023-05-23,10.989202499389648,11.476947674034403,10.969295017407338,11.068834325891395,31999100
2023-05-24,10.620904922485352,10.81003027057664,10.332239317954711,10.790122788860511,34266800
2023-05-25,10.949386596679688,11.168374594413432,10.819984641168213,10.949386596679688,40944700
2023-05-26,11.228097915649414,11.317683957280822,11.098695960991408,11.098695960991408,30569800
2023-05-30,11.327637672424316,11.78552112664485,11.148465597077003,11.447085406227124,32709100
2023-05-31,11.178327560424805,11.397315552274645,10.889661959512564,11.347545424678833,32724100
2023-06-01,11.795475959777832,11.875107786485149,11.14846618117307,11.267913921234046,39965900
2023-06-02,12.123957633972168,12.223496943958706,11.845245287722825,11.984601460847497,36332300
2023-06-05,12.24340534210205,12.323037169588384,12.024417341871503,12.114003385115193,26125500
2023-06-06,12.71124267578125,12.780920285510726,12.143864734615036,12.17372643174392,32243400
2023-06-07,12.970046043395996,13.11935643233686,12.751058991807422,12.810782387954754,38518700
2023-06-08,12.691333770751953,12.910321756518005,12.641563644538822,12.790874023178214,31998400
2023-06-09,13.029769897460938,13.328389714795078,12.790874423308118,12.820736120255663,34064600
2023-06-12,14.652270317077637,15.030521967641814,13.776319276184742,13.875858584678733,126582800
2023-06-13,15.269416809082031,15.299278505453723,14.672177185930927,14.99070542794508,68046100
2023-06-14,15.528221130371094,15.707392262748645,15.120106838882885,15.4386350895392,59729300
2023-06-15,16.04582977294922,16.085644738390183,15.339095625289504,15.378911540016755,64037400
2023-06-16,15.727300643920898,16.32453933209841,15.617806172457012,16.224999076092374,51111900
2023-06-20,15.826839447021484,15.986103092134293,15.627759890630475,15.91642548471899,37891000
2023-06-21,15.816886901855469,16.105552509096896,15.378910908552875,15.806932686260808,37155600
2023-06-22,15.687484741210938,15.886564304061586,15.518266875466328,15.667576310282755,23564100
2023-06-23,15.727300643920898,15.926380206646735,15.359003215556541,15.418726609731173,39855000
2023-06-26,14.532822608947754,14.970797655704448,13.836042701541814,14.911073311049044,107033000
2023-06-27,15.816886901855469,15.83679438375854,14.63236182610578,14.682131954792837,62431700
2023-06-28,17.210445404052734,17.40952401612659,15.806932360570144,15.866655754335055,96977000
2023-06-29,17.081043243408203,17.668328686857144,16.802330896129412,17.170629287227367,60301600
2023-06-30,18.743358612060547,18.793127790730345,17.53892702138467,17.718097203739433,115111200
2023-07-03,18.872758865356445,19.101702014423065,18.345198757571694,18.464645541058946,44829000
2023-07-05,19.12160873413086,19.460044454962592,18.713495405817135,18.842898304202897,55764800
2023-07-06,18.773221969604492,18.95239405731942,18.06648783457034,18.743359322127823,56532200
2023-07-07,18.952392578125,19.370458218733965,18.733403644199473,18.733403644199473,44380200
2023-07-10,19.21119499206543,19.30078103087529,18.88271348262008,18.942438774208277,39739700
2023-07-11,18.81303596496582,19.29082690853841,18.574140493179527,19.221149299922295,43404900
2023-07-12,18.136165618896484,19.071841031080755,18.106304869708968,19.071841031080755,55581800
2023-07-13,17.66832733154297,18.39496794360539,17.638464686369794,18.21579586971112,49645400
2023-07-14,17.150720596313477,17.857454720361623,17.021319589737836,17.658374204090244,41398100
2023-07-17,17.628511428833008,17.897269554272444,17.260214944554516,17.27016916015292,35689400
2023-07-18,18.166027069091797,18.49450857850782,17.76786795140153,17.807682913884342,39141300
2023-07-19,18.066486358642578,18.414876289785425,17.80768246403853,18.404922074773072,35920000
2023-07-20,17.568788528442383,18.076442146818398,17.52897356350032,17.917178489905044,32239300
2023-07-21,17.7977294921875,17.817637923602803,17.489156399540413,17.519019046663363,27228300
2023-07-24,17.767868041992188,17.92713168988031,17.14076576718182,17.797728789363433,28805300
2023-07-25,17.369709014892578,17.69819052773495,17.260214544420972,17.628511020161458,26368800
2023-07-26,17.568788528442383,17.65837457277771,17.25026121461568,17.419479087407684,23856600
2023-07-27,18.136165618896484,18.723451068170093,18.00676460908127,18.534326661407277,50553800
2023-07-28,18.404922485351562,18.633863740025788,18.27552148444904,18.27552148444904,24508400
2023-07-31,18.753313064575195,18.77322149572377,18.414877329339376,18.673681238553385,27014200
2023-08-01,17.907222747802734,18.325290286211732,17.39956917269378,18.076440606172387,42573300
2023-08-02,17.638465881347656,17.85745483030898,17.46924801104687,17.538927521171622,25360500
2023-08-03,17.479202270507812,17.81763801195607,17.30998439978368,17.48915648626482,22112300
2023-08-04,17.081043243408203,17.56878842721668,17.001411415410338,17.53892767832532,26799300
2023-08-07,17.956995010375977,17.966947327491955,17.309984280631614,17.309984280631614,29955200
2023-08-08,17.83754539489746,17.86740804041303,17.429432065713424,17.678281749292587,21033700
2023-08-09,17.190536499023438,18.046578114612316,17.180582283908493,17.907222900147886,24718700
2023-08-10,17.280122756958008,17.628510797564076,17.100950679747786,17.37966111223264,22120800
2023-08-11,16.712745666503906,17.071087919957574,16.60325119814651,17.04122717300368,26491300
2023-08-14,16.752561569213867,16.77247000068251,16.4041716128027,16.523620303042037,20464000
2023-08-15,16.533573150634766,16.752560182951253,16.414124470279724,16.57338811170487,17912200
2023-08-16,16.105552673339844,16.533574455412705,16.0856442419475,16.404171549934972,22550600
2023-08-17,15.727300643920898,16.21504675920699,15.727300643920898,16.18518411283344,27220500
2023-08-18,15.518266677856445,15.767116365572459,15.319187117540878,15.368956295655103,25707700
2023-08-21,15.637714385986328,15.777070552600284,15.428680610708506,15.697438728616943,18829000
2023-08-22,15.587944030761719,15.787023587809298,15.359002777478555,15.717345980164197,20250500
2023-08-23,16.175230026245117,16.314585246620343,15.418726732573571,15.62776051242265,29806800
2023-08-24,15.637714385986328,16.25486149650032,15.627760170666855,16.095597848533643,21392500
2023-08-25,15.826839447021484,15.91642548471899,15.478450460658769,15.647668320912677,19060500
2023-08-28,15.637714385986328,16.015966024550302,15.60785268931413,15.84674816126415,19018100
2023-08-29,15.96619701385498,16.045828838672882,15.359003163010701,15.518266812646502,17645000
2023-08-30,15.796977996826172,16.165275419205084,15.75716208492808,16.095597810704977,18121700
2023-08-31,15.747207641601562,15.96619657779929,15.617805692485037,15.777070287057365,21797600
2023-09-01,15.657622337341309,15.986103858454324,15.508312900212209,15.75716259495154,16767300
2023-09-05,15.29927921295166,15.498358780112834,14.851349949517454,15.498358780112834,31023200
2023-09-06,15.359003067016602,15.418726460613637,14.970797211490957,15.040474820449576,19238600
2023-09-07,15.22960090637207,15.289324299150282,14.921026879397274,15.179830779532754,18761400
2023-09-08,15.22960090637207,15.448588894893339,15.02056713307591,15.140014867918543,13695000
2023-09-11,15.408772468566895,15.528221156064554,14.881211387478224,15.488405243327414,18092800
2023-09-12,15.388864517211914,15.568036593704283,15.15992231399542,15.249508352241604,15495000
2023-09-13,14.950889587402344,15.199739273350161,14.851349333308729,15.090244803989943,23991200
2023-09-14,15.558082580566406,15.707392013391765,15.189785156882465,15.279371196292168,24656700
2023-09-15,15.12010669708252,15.548128466249139,15.04047487248681,15.468496641653427,24302500
2023-09-18,14.970797538757324,15.140015406458462,14.91107319456847,15.070337795976668,19251100
2023-09-19,15.020567893981934,15.508313073285578,14.930981850990191,14.990706196080106,23552300
2023-09-20,14.58259105682373,15.229600802760629,14.572637790952552,15.169876461102529,22637100
2023-09-21,14.383511543273926,14.622407012050875,14.20434041633432,14.383511543273926,22663700
2023-09-22,13.985352516174316,14.602499622353678,13.945536604462301,14.59254540710412,21291500
2023-09-25,13.836042404174805,13.985352787961178,13.318435541859586,13.487653407245736,29506500
2023-09-26,13.696686744689941,13.905720515840231,13.587192276910235,13.607100707156075,26210700
2023-09-27,13.915674209594727,14.11475472103018,13.656871253443853,13.82608911859225,25160200
2023-09-28,14.373558044433594,14.572638560955667,13.577239775490325,13.597147257570779,45202200
2023-09-29,13.65687084197998,15.169876418015393,13.17907895793087,14.582591015404667,91954900
2023-10-02,13.577239036560059,14.104800098344453,13.358251049875776,13.437882872436205,38918600
2023-10-03,12.681380271911621,13.447837790740142,12.5917942295253,13.308481619329614,53693600
2023-10-04,13.029769897460938,13.169125116073634,12.761011777074343,12.780920207896859,35704600
2023-10-05,13.23880386352539,13.587192864313332,13.03972429889139,13.208942166151852,24169100
2023-10-06,13.19898796081543,13.408021741164497,12.93022983638681,13.00986166230205,26188700
2023-10-09,12.631609916687012,12.701288475787633,12.22349657471206,12.601748219521737,37982300
2023-10-10,12.840643882751465,13.228849748708603,12.741104574319603,12.761012056291476,26502400
2023-10-11,12.59179401397705,12.950138177388144,12.432530363254893,12.86055213653537,25157700
2023-10-12,12.542024612426758,12.860551908216113,12.283220709954795,12.631609702402848,28842100
2023-10-13,12.20358943939209,12.462393353599788,12.09409496453469,12.323037180729582,25958500
2023-10-16,12.303128242492676,12.472346106406453,12.183680506074637,12.412622712840546,28778300
2023-10-17,12.442484855651855,12.601748509918398,12.17372672711237,12.213543589965266,22430900
2023-10-18,11.636211395263672,12.283221175991736,11.61630391316464,12.243405262507414,37759500
2023-10-19,11.337592124938965,11.666073637095685,11.28782199749087,11.536671685445125,36476100
2023-10-20,10.979248046875,11.337592207687731,10.969294780741714,11.188281824253682,33490700
2023-10-23,11.327637672424316,11.586441570306837,10.790122395668579,10.929477610462085,41028400
2023-10-24,11.397315979003906,11.67602737497503,11.347545849544641,11.45704032421228,23219100
2023-10-25,11.218144416809082,11.41722397781522,11.188281770693491,11.267913595095948,22471300
2023-10-26,11.317684173583984,11.685981613440466,10.899616604171488,11.586442303614703,38025200
2023-10-27,11.078788757324219,11.526718027443104,10.959341015244934,11.506810545073026,25951000
2023-10-30,11.347545623779297,11.447085880717424,11.138511843638225,11.307729710861295,28263900
2023-10-31,11.407269477844238,11.427176958805068,11.048926276973466,11.377407781759892,25679000
2023-11-01,11.248005867004395,11.516763031148109,11.068833791384447,11.397315297163546,26672000
2023-11-02,11.845244407653809,11.984600570424702,11.556578816353257,11.566533031398219,30172100
2023-11-03,12.492254257202148,12.76101142079907,12.10404841057748,12.133910106691316,43517900
2023-11-06,12.20358943939209,12.681380404742058,11.964693956717104,12.591794361417373,30665400
2023-11-07,12.502208709716797,12.512161975752925,12.104048640398858,12.19363467972755,22553000
2023-11-08,12.731149673461914,12.910321747996438,12.452438295853032,12.55197759892739,30333400
2023-11-09,12.253358840942383,12.860551727321722,12.19363449917884,12.741103993080847,22164800
2023-11-10,12.701288223266602,12.751058350410043,12.173726204546817,12.243404762262124,21955600
2023-11-13,12.721196174621582,12.770966303604112,12.392714652337629,12.571886736960241,19364700
2023-11-14,13.826088905334473,14.05503016095326,13.268665190628292,13.517514876798044,46888800
2023-11-15,14.502959251403809,14.58259107418528,14.084891707157983,14.124707618548719,45858300
2023-11-16,14.74185562133789,14.761763102325745,14.343695559432557,14.423327381956383,31253700
2023-11-17,14.72194766998291,14.940935663690423,14.57263823521511,14.851349623115249,25665200
2023-11-20,14.502959251403809,14.930981010818869,14.483051770351544,14.682131327305221,23870500
2023-11-21,14.134662628173828,14.293926282688377,13.816135319144731,14.25411036905974,26656000
2023-11-22,14.403420448303223,14.771717878792892,14.343696104497706,14.43328214556286,26064700
2023-11-24,14.343695640563965,14.393465767244418,14.055030044960782,14.204340425002144,8927300
2023-11-27,14.552729606628418,14.672177342677486,14.293925703878992,14.31383413453028,21496800
2023-11-28,14.562684059143066,14.711993494314717,14.413373674685179,14.612454187295695,18419200
2023-11-29,14.841395378112793,15.229601236737087,14.692085943642189,14.741856071561134,27451400
2023-11-30,14.990705490112305,15.120106491355006,14.761763285550003,15.020567186607835,30451000
2023-12-01,15.687484741210938,15.697438956675029,14.960843150198274,15.050429190802625,31943600
2023-12-04,16.274770736694336,16.334494133009546,15.677531077824606,15.677531077824606,36854500
2023-12-05,16.42407989501953,16.543528584173394,16.075689941774314,16.125461019993633,27681700
2023-12-06,17.39957046508789,17.738006206965306,16.72269898133306,16.742607412872324,43374500
2023-12-07,17.84749984741211,17.956994317186215,17.349800473635185,17.46924726014108,33502900
2023-12-08,18.02667236328125,18.056533111346273,17.75791423926111,17.83754606505532,32727000
2023-12-11,17.548879623413086,17.9769014017892,17.37966175518468,17.927132222310696,34179200
2023-12-12,17.738004684448242,17.966945931781364,17.52897186694557,17.558832613118888,22240600
2023-12-13,18.185935974121094,18.21579672211921,17.53892715367131,17.668328158332272,38465400
2023-12-14,18.69359016418457,19.141518485441168,18.394969384774296,18.41487781644949,41074500
2023-12-15,18.524372100830078,18.862807841523917,18.46464680642115,18.594049712401304,36118100
2023-12-18,18.275522232055664,18.63386450229131,18.126210896003933,18.444740100818123,26063300
2023-12-19,18.62390899658203,18.773220322291053,18.315335927356642,18.365107002117107,27102200
2023-12-20,17.986854553222656,18.713495162623712,17.97690033820139,18.554231519428203,34109700
2023-12-21,19.101703643798828,19.410276742463314,18.245660061972615,18.414877935157502,63822500
2023-12-22,18.842899322509766,19.649171807559114,18.613958057390107,19.051932156252274,38240400
2023-12-26,18.524372100830078,18.773221798483046,18.27552240317711,18.703544186911817,26668600
2023-12-27,18.454694747924805,18.52437236047265,18.11625900248736,18.31533762425656,25594200
2023-12-28,18.584095001220703,18.67368104187324,18.454693997262858,18.53432582244595,17540700
2023-12-29,18.454694747924805,18.7931285947897,18.444740532050464,18.55423310952313,25436700
2024-01-02,17.210445404052734,18.25561333851472,17.130811680936244,18.225750692346036,36400200
2024-01-03,16.274770736694336,16.82223931649094,16.18518469293525,16.68288409223127,43978500
2024-01-04,16.77246856689453,17.02131824326219,16.224998139742272,16.274769214159218,33978600
2024-01-05,17.250261306762695,17.47920257747702,16.772470333470388,16.82223951455696,34785400
2024-01-08,17.27016830444336,17.499109556145502,16.96159523047211,17.32989169650209,26151600
2024-01-09,17.300029754638672,17.47920183667275,16.971548237100357,16.971548237100357,21013000
2024-01-10,17.698190689086914,17.74795986780641,17.11090526704901,17.18058287668529,24717400
2024-01-11,17.4493408203125,17.698190508515957,17.081042446399504,17.658373647088627,23338900
2024-01-12,16.881961822509766,17.449340702586557,16.662974781854253,17.449340702586557,24801400
2024-01-16,16.951641082763672,17.02131869020462,16.453941716959868,16.57338850155223,24477200
2024-01-17,16.78242301940918,16.901869802556444,16.493756479420583,16.493756479420583,15919000
2024-01-18,17.200490951538086,17.56878742301225,16.76251497329759,17.04122730464562,31558400
2024-01-19,17.250261306762695,17.270169738626347,16.74260768567491,17.140766830085163,21539400
2024-01-22,16.563434600830078,17.469247311902198,16.31458491320428,17.419478133806013,54155000
2024-01-23,16.175230026245117,16.702792058279513,16.13541316409649,16.434033934493737,40097200
2024-01-24,16.006011962890625,16.672929207118255,15.986103532060556,16.424079517459774,35602600
2024-01-25,16.394216537475586,16.42407918311277,16.135412637670573,16.20509214415734,40046700
2024-01-26,15.757162094116211,16.434033546064693,15.737254612798665,16.424079330762808,39896600
2024-01-29,16.473848342895508,16.473848342895508,15.617805770560052,15.627759985761747,37138300
2024-01-30,16.394216537475586,17.12085905940107,16.314584714348843,16.732652260407338,42567900
2024-01-31,16.503711700439453,17.100951348298068,16.27477043664161,16.324539616224616,37512800
2024-02-01,16.722698211669922,17.160674192513273,16.145367013610596,17.011364759985806,41876600
2024-02-02,16.364356994628906,16.58334404969913,16.065736211999447,16.553481401864413,32332100
2024-02-05,15.757162094116211,16.17522964393307,15.568036749811546,16.135412782725542,32575500
2024-02-06,15.89651870727539,16.055781410150686,15.488405361289878,15.687484926491805,22660700
2024-02-07,15.647668838500977,15.956242873078603,15.538174366899446,15.926380226667511,27082300
2024-02-08,15.617806434631348,15.717346692308356,15.34904925776143,15.568037255079096,25545000
2024-02-09,15.239555358886719,15.667576178082491,14.89116541487306,15.60785278437435,45686600
2024-02-12,15.418726921081543,15.568037308105623,15.209693138676837,15.259463267684863,28026400
2024-02-13,15.050429344177246,15.169877083104893,14.83144134816677,14.96084330265995,26733700
2024-02-14,15.199739456176758,15.289324546795104,14.771717687426557,15.189785240790421,25927100
2024-02-15,15.149969100952148,15.538174002325482,15.07033727763012,15.289324317122592,26700100
2024-02-16,14.731902122497559,15.050429428080342,14.702040424920735,14.950890119728848,24237600
2024-02-20,14.692086219787598,14.761763830612008,14.373557964691182,14.682132004159467,24917100
2024-02-21,14.642315864562988,14.682131777173705,14.473097998645883,14.552729823867317,18529500
2024-02-22,15.140015602111816,15.538174737562082,15.030522077184559,15.478451341887672,39773500
2024-02-23,15.15992259979248,15.388864807325026,14.881211213883763,14.970797253818835,26825200
2024-02-26,14.711993217468262,15.179830894441348,14.702039951454024,15.080290640009213,25467300
2024-02-27,15.836793899536133,16.135412763955465,15.418726350205604,15.936334153866724,56116000
2024-02-28,15.398818969726562,16.045828728538904,15.359003057590897,15.647668657896027,28772600
2024-02-29,15.787023544311523,15.866655366911147,15.368956001020399,15.448588772906227,34166800
2024-03-01,15.926380157470703,16.035874628596503,15.577990211811539,15.826839901772018,22562800
2024-03-04,15.996057510375977,16.334493235180886,15.946288332610962,15.986103295108487,26876000
2024-03-05,15.816886901855469,16.085644077907574,15.687484946983622,15.846748599353202,26446500
2024-03-06,15.936334609985352,16.254861914101955,15.806932655366419,16.075689830893243,21260400
2024-03-07,15.587944030761719,16.155321005668874,15.538173904178272,16.085643398023773,26335600
2024-03-08,16.294677734375,16.702791053997537,15.607852092187553,15.886563465466278,44025100
2024-03-11,16.15532112121582,16.304630552747852,15.996057474438661,16.28472402083003,24125300
2024-03-12,16.16527557373047,16.1752297891217,15.836794060109664,16.16527557373047,22403600
2024-03-13,16.573389053344727,16.86205560643652,16.274770183349226,16.32453936215765,32798700
2024-03-14,16.12546157836914,16.543529157025304,16.06573628243785,16.46389732768949,23985100
2024-03-15,16.185184478759766,16.304631269809573,16.006012393612544,16.11550686755196,24012900
2024-03-18,16.115507125854492,16.57338966317197,16.045829513529878,16.28472499803107,25799400
2024-03-19,16.006011962890625,16.125460649298578,15.81688661643612,16.03587460913573,21516100
2024-03-20,16.77246856689453,16.77246856689453,15.966196147063584,16.006011108024783,29629800
2024-03-21,16.941686630249023,17.20049052466959,16.792377202314338,16.991455806703126,31116800
2024-03-22,17.00141143798828,17.100951697760934,16.881962746546588,16.991457222153763,18601300
2024-03-25,17.031272888183594,17.588695645721756,17.01136445791413,17.260214140565218,41079600
2024-03-26,16.951641082763672,17.538926486297957,16.712745615006536,17.369708625981765,65639200
2024-03-27,17.110904693603516,17.598649843283937,16.0955975337435,16.533573506372363,112964400
2024-03-28,16.264816284179688,17.05118033636581,16.234953637170403,16.921779329803922,60284300
2024-04-01,16.185184478759766,16.593297828896212,15.986103962246737,16.404171528066087,33043900
2024-04-02,15.408772468566895,15.806932545224537,15.339094858598457,15.767116632487395,35824500
2024-04-03,15.269416809082031,15.52822070906659,15.179830770680743,15.279371024301332,26613300
2024-04-04,14.990705490112305,15.727300332243475,14.911072717313866,15.518266558202336,35613200
2024-04-05,15.050429344177246,15.090245257153128,14.771717953346068,14.94093582081513,29861000
2024-04-08,15.587944030761719,15.60785246110958,15.169876486318698,15.179830701492628,26731500
2024-04-09,15.428680419921875,15.637714192614846,15.080290482338187,15.548128154419828,25736000
2024-04-10,14.881211280822754,15.269417139192234,14.721947631015656,15.080290843081627,33185600
2024-04-11,14.901119232177734,14.960842624290398,14.522867601414793,14.811533194722537,26083900
2024-04-12,14.293926239013672,14.672177891973117,14.164524282794419,14.642316194164446,34056700
2024-04-15,13.995306968688965,14.692085910104984,13.855950800691268,14.59254565449431,30780000
2024-04-16,13.836042404174805,14.015214485003959,13.736503097603457,13.955491090918397,27095100
2024-04-17,14.055030822753906,14.234202909004283,13.945537297426599,14.124708434390714,22639800
2024-04-18,14.114754676818848,14.493006318360695,14.094846246023168,14.144616373726137,23061100
2024-04-19,14.055030822753906,14.244157124748474,13.985353211117097,14.035123340551788,29493400
2024-04-22,14.21429443359375,14.343696390009587,14.005260650042977,14.283972994301514,24348300
2024-04-23,14.72194766998291,14.871257104750713,14.264064200932422,14.333741810585897,25455300
2024-04-24,14.940936088562012,14.98075200225141,14.702040606425625,14.76176400231659,24536500
2024-04-25,15.110153198242188,15.13006067944138,14.731901562595375,14.990705463188386,29288000
2024-04-26,15.010613441467285,15.159922877907398,14.841395573882494,15.110153698618191,20459000
2024-04-29,15.060383796691895,15.209693235379017,14.781672401475674,15.010613667367434,19562500
2024-04-30,14.751809120178223,15.070337364590554,14.702039942279432,14.88121107114476,22986100
2024-05-01,14.403420448303223,14.731901966017961,14.144616540623053,14.562684099402945,33933600
2024-05-02,14.393465995788574,14.612453987088008,14.293925740847133,14.54277542891451,19596400
2024-05-03,14.373558044433594,14.801579825955294,14.303880433222622,14.692086301297158,23570400
2024-05-06,14.532822608947754,14.642316133315363,14.37355800629543,14.52286839329081,29357200
2024-05-07,14.055030822753906,14.52286852058197,14.055030822753906,14.46314417540309,25935000
2024-05-08,14.23420238494873,14.264064081795631,13.915674137865615,13.955490999376453,23651400
2024-05-09,14.493006706237793,14.632361928392205,14.204341096978473,14.244157010349197,24245800
2024-05-10,14.363604545593262,14.562684109607417,14.274018504465333,14.562684109607417,16374000
2024-05-13,14.493006706237793,14.62240771272796,14.383512232503609,14.393466448167853,24898100
2024-05-14,14.453190803527832,14.692086283928393,14.343696329712882,14.612454457128207,24220000
2024-05-15,14.791625022888184,14.950889619638607,14.512913639825825,14.542775336403809,35205300
2024-05-16,14.831440925598145,15.010613003527874,14.751809101915203,14.871256837439615,29313600
2024-05-17,14.930981636047363,15.050429375221393,14.86130402551741,14.9210274204613,22775900
2024-05-20,16.015966415405273,16.16527585169624,15.239555637977007,15.319187463903688,53286300
2024-05-21,16.12546157836914,16.12546157836914,15.77707161306024,15.886565141075414,29685600
2024-05-22,15.577990531921387,16.11550678459615,15.518267136703914,16.065735706437835,29002500
2024-05-23,14.711993217468262,15.667576052729133,14.702039951454024,15.577990013597454,33957700
2024-05-24,15.060383796691895,15.07033801241404,14.731902272151213,14.741856487873358,21930800
2024-05-28,15.577990531921387,15.627760660793449,15.110153788668264,15.130061270645337,27374300
2024-05-29,15.149969100952148,15.229600924274177,14.672177211733766,15.140014885715342,37684800
2024-05-30,15.130061149597168,15.3789108426803,15.010613410831613,15.159922846966994,27430100
2024-05-31,15.010613441467285,15.359003392209209,14.891165702457947,15.22960143762753,27997800
2024-06-03,15.936334609985352,15.966197256710966,15.130061184832389,15.140015400407595,43854800
2024-06-04,16.8620548248291,16.881961356286258,16.06573471079883,16.095597355843147,51622200
2024-06-05,16.87200927734375,16.98150184690275,16.483802480592576,16.9217784545458,29171100
2024-06-06,16.543527603149414,16.99145588912631,16.493756527881498,16.812283815306596,23698600
2024-06-07,16.623159408569336,16.67292858521565,16.33449286801802,16.364355513149242,17319800
2024-06-10,16.453941345214844,16.762514413441316,16.284723488721802,16.51366473616169,16632000
2024-06-11,16.264816284179688,16.424079937750864,16.155321810384812,16.414125722081103,13762600
2024-06-12,16.662975311279297,16.9516418681342,16.623160347428016,16.67292952688524,25555900
2024-06-13,16.43403434753418,16.62316065034854,16.195138864355656,16.603252218773868,21689200
2024-06-14,15.269416809082031,16.155321079303175,14.97079699750648,16.095597686559792,56577700
2024-06-17,15.617806434631348,15.707392476683404,14.9110732631261,15.18978560490722,25057400
2024-06-18,15.876609802246094,16.195138046348376,15.737254585407175,16.02592018365579,28003700
2024-06-20,15.986104011535645,16.075690054385472,15.6277607894226,15.67753091870431,21089900
2024-06-21,15.996057510375977,16.025920156178444,15.697438646641025,15.866655559757262,24785100
2024-06-24,16.314584732055664,16.42407920093843,15.926379831213023,16.215046376968523,38154600
2024-06-25,17.738004684448242,17.927130970692822,16.58334233429503,16.94168647695374,105894500
2024-06-26,18.285476684570312,18.41487769244259,17.708145459885284,17.817638036216433,55127800
2024-06-27,18.524372100830078,18.574141280931663,18.046579238421266,18.404923410584743,38085600
2024-06-28,18.63386344909668,18.832943953531867,18.48455402005649,18.544277411958088,34277000
2024-07-01,17.628511428833008,18.653772852598735,17.37966173459038,18.56418681078559,41781100
2024-07-02,17.479202270507812,17.907224055196643,17.429433090295284,17.588696745262403,24523800
2024-07-03,17.369709014892578,17.509064232894662,17.240306113685687,17.479201586791735,14095400
2024-07-05,17.13081169128418,17.45929510362075,16.931733079090073,17.449340888225176,25550000
2024-07-08,17.479202270507812,17.79772958044205,17.250261003814142,17.250261003814142,29603500
2024-07-09,17.817636489868164,18.026671205763357,17.419477386463473,17.429431601370137,26254200
2024-07-10,17.65837287902832,18.086394627892826,17.64841866410445,18.03662545184585,22307800
2024-07-11,18.0366268157959,18.06648756425324,17.230352433142485,17.598650818887286,30702600
2024-07-12,18.1461181640625,18.4845538798926,18.066486342606737,18.066486342606737,22504500
2024-07-15,18.23570442199707,18.2556128522459,17.70814431040997,18.21579599174824,25269100
2024-07-16,19.09174919128418,19.151472587382035,18.295429016165162,18.31533744772196,28752600
2024-07-17,18.315336227416992,19.032024527130215,18.315336227416992,18.594048554924623,30846600
2024-07-18,18.166027069091797,18.613957263101117,18.016717637279502,18.375059893914525,20659600
2024-07-19,18.345199584960938,18.414877194899773,18.076441462134735,18.205844365083266,13619900
2024-07-22,18.33524513244629,18.65377243009061,18.116258089958933,18.315336701700407,21676000
2024-07-23,18.982254028320312,19.390367367580698,18.37506017785232,18.42483125494045,35636000
2024-07-24,18.106304168701172,18.942439287885747,18.096349953166538,18.78317563647654,28171400
2024-07-25,17.021318435668945,18.07644054379451,17.001410005677123,18.07644054379451,34773400
2024-07-26,17.190536499023438,17.42943196606492,17.041227069444062,17.300029068143033,20816900
2024-07-29,17.170629501342773,17.459296068042494,16.951642446261044,17.260215546279063,16795900
2024-07-30,17.041227340698242,17.319937774063483,16.991456264331283,17.250260165722175,20316800
2024-07-31,16.583343505859375,17.449341278940658,16.57338929024091,17.349801021328528,38380700
2024-08-01,15.687484741210938,16.782423760818862,15.408772403933794,16.712746151142692,41570900
2024-08-02,14.731902122497559,15.13006125447604,14.562684254085141,15.090245341278191,44420000
2024-08-05,14.333742141723633,14.64231618313499,13.716595008187175,13.806181050831965,35572300
2024-08-06,14.473097801208496,14.970797176696115,14.373557546396482,14.383511761734928,32738600
2024-08-07,13.945536613464355,14.77171749398667,13.88581227121467,14.73190158224895,29573300
2024-08-08,14.423327445983887,14.483051787784984,14.015214116416045,14.04507581267349,24132100
2024-08-09,14.70203971862793,14.781671541198078,14.423327390346213,14.423327390346213,26030000
2024-08-12,14.532822608947754,14.781672304653803,14.42332813529389,14.7219479599984,19250800
2024-08-13,14.801579475402832,14.841395387907017,14.493006390816955,14.731901865842067,18842800
2024-08-14,14.692086219787598,15.010613525597762,14.463144006771854,14.83144144143642,23097000
2024-08-15,15.66757583618164,15.717345962709818,14.970796912645794,14.990705342971546,32425400
2024-08-16,15.388864517211914,15.597898290024276,15.239555086325748,15.577989859620141,23514000
2024-08-19,15.528221130371094,15.59789874022424,15.349049048707306,15.418726658560452,17931300
2024-08-20,15.24950885772705,15.45854263746839,15.209692944885187,15.45854263746839,20241900
2024-08-21,15.418726921081543,15.538174661129055,15.229601569994548,15.339095094383204,13809500
2024-08-22,15.378911018371582,15.597899016586643,15.249509062575694,15.5879448009209,18683600
2024-08-23,16.533573150634766,16.67292836223868,15.398818281551318,15.44858840681822,42378900
2024-08-26,16.52362060546875,16.633113183405253,16.334494300200163,16.52362060546875,21673600
2024-08-27,16.96159553527832,17.290077045362885,16.434033516657227,16.473848479221072,30136600
2024-08-28,16.55348014831543,16.94168694647865,16.41412493278487,16.85210090833117,24878400
2024-08-29,16.463895797729492,16.792377300536106,16.43403315253893,16.712745478600333,22800000
2024-08-30,16.42407989501953,16.71274645297407,16.175230199640446,16.543528584173394,20664200
2024-09-03,16.264816284179688,16.712746496456443,16.125461061948034,16.224999421500637,23606100
2024-09-04,16.0756893157959,16.443987685987512,15.916425668840724,16.155321139273486,18999300
2024-09-05,16.0756893157959,16.513665294208845,15.996057492318311,16.224998747494823,15078900
2024-09-06,15.597898483276367,16.384262508258228,15.428680619889521,16.135412820840653,24505600
2024-09-09,15.956242561340332,16.125460423885553,15.777070483519225,15.80693218006067,21478400
2024-09-10,16.06573486328125,16.095597508608996,15.418726069759307,16.055780648172004,17919700
2024-09-11,16.463895797729492,16.47384811422062,15.806931842830071,16.035874042860065,31864300
2024-09-12,16.842147827148438,17.090997527964124,16.533574729737303,16.563435478748755,27585200
2024-09-13,17.18058204650879,17.409523295271836,16.92177815281354,16.931732367790943,23340800
2024-09-16,17.74795913696289,17.85745360392387,17.190536384254283,17.290076636166777,27539900
2024-09-17,17.947040557861328,18.096349994073414,17.787776906092105,17.956994773418465,24716400
2024-09-18,18.275522232055664,18.653772933574544,18.04657906944351,18.04657906944351,30907100
2024-09-19,18.673681259155273,18.902622521898998,18.53432603810648,18.842899126959875,25872300
2024-09-20,18.91257667541504,19.002162716815963,18.464646468410425,18.613957803126954,36581200
2024-09-23,18.882713317871094,18.932484393760344,18.623909418964235,18.912575963404645,27346800
2024-09-24,18.643817901611328,18.922530231655607,18.285475647065734,18.912576016449837,32022100
2024-09-25,17.956995010375977,18.594049625859334,17.90722393193352,18.584095410170843,32886900
2024-09-26,18.59404945373535,18.81303650113748,18.29542868156246,18.345199759544187,31889000
2024-09-27,18.454694747924805,18.783176277487907,18.39496945267875,18.71349676636751,34530800
2024-09-30,18.394968032836914,18.633863499663995,17.250259875659165,18.58409432270634,68527300
2024-10-01,17.93708610534668,18.733404353673045,17.538926981183497,18.613957565710322,45154300
2024-10-02,17.628511428833008,17.777822764236582,17.39957016578719,17.628511428833008,29643700
2024-10-03,17.26021385192871,17.618557996496985,17.031272603375594,17.34979988807078,31611000
2024-10-04,17.93708610534668,18.06648710873504,17.469247473204035,17.59865037516486,31705200
2024-10-07,17.92713165283203,18.335244987023493,17.747959574685062,17.90722322224405,31436400
2024-10-08,18.783174514770508,18.90262129690797,17.986854406707163,17.996808621647347,35723400
2024-10-09,20.1070556640625,20.35590535347628,19.002162435522123,19.061885829381144,70901700
2024-10-10,20.296180725097656,20.405675199565362,19.629263459705545,19.76862058136604,38703100
2024-10-11,20.335996627807617,20.714247314860305,20.26631901955363,20.36585737501794,28855400
2024-10-14,20.117008209228516,20.3359971534846,19.878112732508455,20.236456896874785,27465900
2024-10-15,21.450841903686523,21.699691586553293,20.664477893085188,20.684386323371907,46916700
2024-10-16,21.301532745361328,21.570290861942567,21.192040174532718,21.470750607811837,22859800
2024-10-17,21.311487197875977,21.679785572687923,21.132315118160566,21.520521923734773,20065300
2024-10-18,21.221900939941406,21.321441194157362,20.953142823130058,21.26171780105676,17996300
2024-10-21,21.182086944580078,21.281625304768554,20.93323724696384,21.15222429738002,17595600
2024-10-22,21.35130500793457,21.460797584846297,20.684387736350704,21.072592660598502,19644100
2024-10-23,20.90337371826172,21.30153283794269,20.72420163976217,21.18208605132462,15934800
2024-10-24,20.81378746032715,21.15222318314323,20.515168598347035,20.95314267610821,15605400
2024-10-25,20.81378746032715,20.963096891317203,20.644569598919105,20.883465068217678,16284000
2024-10-28,21.819141387939453,22.286978132219698,21.45084300304936,21.62006087201413,32073400
2024-10-29,21.998313903808594,22.247163604307396,21.331396630528904,21.37121159535099,27969800
2024-10-30,22.05803680419922,22.19739202580096,21.620060809571957,21.819141324922303,23747300
2024-10-31,21.898773193359375,22.943941154522523,21.809187151137102,22.386518368473677,32433300
2024-11-01,21.799232482910156,22.04808217312277,21.649923048497083,21.898772738709695,23499000
2024-11-04,21.809186935424805,22.107805807497094,21.450842770080065,21.699692462997803,16784900
2024-11-05,22.346702575683594,22.565689616009365,21.83904898810925,21.83904898810925,17652300
2024-11-06,24.118511199951172,24.228005669736074,23.401824785127793,23.521271571645467,48011000
2024-11-07,23.571043014526367,24.07869661154784,23.571043014526367,23.720352449280337,24617800
2024-11-08,23.959247589111328,24.297683315720022,23.561088469151816,23.590951115113448,18979500
2024-11-11,24.4868106842041,24.616211691904695,23.899525244527695,24.387270425203052,20466800
2024-11-12,24.476856231689453,24.66598253210483,24.098603630858697,24.10855784651977,18197400
2024-11-13,24.43703842163086,24.715750753617822,24.20809716601966,24.466901067456316,17563900
2024-11-14,24.198143005371094,24.875014457029998,24.148373827455416,24.456946907391995,20945300
2024-11-15,24.198143005371094,24.297683259774892,23.809938101625963,23.89952414073214,18241900
2024-11-18,24.39722442626953,24.526625432831423,23.83980163877041,24.108557867563956,24142300
2024-11-19,25.01436996459961,25.103956004746347,23.750214984276965,23.88957020291746,27670700
2024-11-20,24.964601516723633,25.3328999035025,24.775475215481915,25.064141775196774,14496000
2024-11-21,25.23335838317871,25.48220806763102,24.884968445230992,25.014369445774328,19109500
2024-11-22,24.785429000854492,25.462300468432794,24.735659821768287,25.233359206920277,32540400
2024-11-25,25.074094772338867,25.32294445714175,24.934737657820005,25.084048987559672,24680900
2024-11-26,25.223403930664062,25.68128643443368,24.85510556576782,24.964600033439858,20993100
2024-11-27,25.024324417114258,25.40257701211158,25.024324417114258,25.233359145628036,9131300
2024-11-29,25.312990188598633,25.462299619451354,25.143772327346234,25.153726542546075,8047700
2024-12-02,25.870412826538086,26.5373300531707,25.512068675340736,25.551885535950404,21179700
2024-12-03,25.9898624420166,26.44774496401693,25.810690359991263,25.96995401099768,19172800
2024-12-04,26.656780242919922,26.666734458634895,26.13917241717642,26.13917241717642,19191500
2024-12-05,26.328298568725586,27.04498500897081,26.298435921750677,26.865812924266375,21657700
2024-12-06,26.48756217956543,26.527377143562177,25.770873841898943,26.36811349043018,18633200
2024-12-09,25.273174285888672,26.47760779071441,25.213450890997994,26.43779092840563,19616000
2024-12-10,25.711149215698242,26.2387112280488,25.522022924693715,25.840550215708234,18652700
2024-12-11,26.48756217956543,26.497516395207743,25.810690704468197,25.810690704468197,15172100
2024-12-12,26.059539794921875,26.656779429590156,26.059539794921875,26.378067093792303,15743800
2024-12-13,25.780826568603516,26.288480145607576,25.661379784939264,26.169033361943324,13799100
2024-12-16,25.790781021118164,26.338249564859872,25.731057628736185,26.159079387713934,15710900
2024-12-17,25.601655960083008,25.870414086571035,25.283128653981276,25.750967296069135,17328000
2024-12-18,24.70579719543457,26.069494347241292,24.437039071574688,25.989862521494565,21896700
2024-12-19,25.06414031982422,25.332898432524257,24.65602699249708,24.884968244690857,21381700
2024-12-20,26.676685333251953,27.015121054970265,25.322944344951118,25.66138006666943,61015000
2024-12-23,25.611610412597656,26.417884799518824,25.143773664755358,26.39797636806021,35169600
2024-12-24,25.671335220336914,25.93013723010285,25.303036839624262,25.880368050972283,10234900
2024-12-26,25.54193115234375,25.711149011673978,25.25326650911712,25.36275907792675,12363700
2024-12-27,24.964601516723633,25.422485946271077,24.775475215481915,25.293083040684238,14967400
2024-12-30,24.934738159179688,25.233358926090936,24.198143305181222,24.42708646271825,15497600
2024-12-31,24.80533790588379,25.263220437657775,24.745614510124685,24.745614510124685,10363500
2025-01-02,24.89492416381836,25.28312908746411,24.486810808556793,25.01437095636819,26418700
2025-01-03,24.267820358276367,24.984508663577103,23.819892066035827,24.914831055800068,20575500
2025-01-06,24.018970489501953,24.62616432158607,23.949292882260643,24.536578284112267,20057300
2025-01-07,23.73030662536621,24.058788140708906,23.162929635099054,23.969202100290673,23142500
2025-01-08,24.068742752075195,24.158328793967087,23.292331021869625,23.401825494975824,18531000
2025-01-10,24.158329010009766,24.407178706696545,23.232607834563353,23.44164066846544,20698600
2025-01-13,23.780075073242188,24.0687416165129,23.451593567993825,23.620811428186766,16174100
2025-01-14,24.39722442626953,24.47685625305512,23.720352949305774,23.969202645332302,16470100
2025-01-15,24.825244903564453,25.163680624274136,24.556486790311634,25.1039553333919,27603600
2025-01-16,24.934738159179688,24.994463451705414,24.47685564125056,24.795382940431253,14694700
2025-01-17,25.73105812072754,25.989862024094467,25.054186665548254,25.084049311596438,21345400
2025-01-21,25.482208251953125,26.64682485955693,25.412530643574062,26.31834334964675,30257400
2025-01-22,25.133819580078125,25.80073684883894,24.994464356286247,25.75096766850542,16706300
2025-01-23,25.492162704467773,25.531977667381007,24.83519967853357,25.133818545386404,15381900
2025-01-24,25.303035736083984,25.621563025201667,25.233358128911043,25.402575988576363,17631700
2025-01-27,25.561840057373047,25.75096635039016,24.76551992279029,24.894922822749738,17600300
2025-01-28,27.642223358154297,27.69199253553213,25.641471670692233,25.67133431626238,37778500
2025-01-29,27.781579971313477,27.990614703675874,27.24406561401627,27.64222474878689,39258100
2025-01-30,28.358909606933594,28.36886382206827,27.881118671903508,28.030428101778856,19956000
2025-01-31,27.54268455505371,28.587852523599636,27.473006943626984,28.398728120747815,18005900
2025-02-03,26.925535202026367,27.40332804093027,26.14912539863083,26.39797508404169,18261600
2025-02-04,26.96535301208496,27.21420270625439,26.48756205493706,27.054939053871756,18287100
2025-02-05,27.06489372253418,27.46305286015596,26.61696350610185,27.164433981582757,13072200
2025-02-06,27.31374168395996,27.443142683493598,26.81604231893883,27.15447803903899,14071200
2025-02-07,26.626916885375977,27.691993257019423,26.547285060353268,27.413282818726167,15149200
2025-02-10,25.979907989501953,26.806088883525476,25.890321949306546,26.62691680313466,14713100
2025-02-11,25.492162704467773,25.731058177664533,25.213450369785328,25.681287100807424,14040800
2025-02-12,25.7708740234375,25.780828239149933,24.94469310503069,25.084050226432243,13942600
2025-02-13,25.741012573242188,26.2188035229806,25.263219724931307,25.870413576831666,14560100
2025-02-14,26.10930824279785,26.129216673063276,25.362759194996045,25.860458560197248,12164800
2025-02-18,25.611610412597656,26.268573462151743,25.263220456362,26.02967798036594,22472200
2025-02-19,25.969953536987305,25.97990775231508,25.084049257112305,25.41253076863907,13325400
2025-02-20,24.446992874145508,25.561840314339673,23.312238901780297,25.47225427456637,52245800
2025-02-21,23.1131591796875,24.586350829213163,22.715000044101856,24.586350829213163,31226400
2025-02-24,23.521272659301758,23.93934022859053,23.152976168840535,23.610858702618817,21830700
2025-02-25,23.630765914916992,23.999064284948336,23.202744151946554,23.969201639192573,19622200
2025-02-26,24.00901985168457,24.486810819237363,23.710399073034672,23.96920298843557,12983300
2025-02-27,23.391870498657227,24.45694685163301,23.12311238195144,24.29768320437901,18890600
2025-02-28,23.81989288330078,23.8398013143694,23.172884062150505,23.441640287286937,16216900
2025-03-03,23.15297508239746,24.35740665491881,22.91407961095287,23.710397849101497,18349000
2025-03-04,21.809186935424805,22.54578179863261,21.34135019622555,22.42633500923269,44502500
2025-03-05,22.23720932006836,22.267071967522487,21.630015445175488,21.948542757062718,28569300
2025-03-06,20.77397346496582,21.769372249325855,20.704293955259708,21.460797259202035,26983500
2025-03-07,20.54503059387207,20.764019544632493,19.73875809867265,20.764019544632493,34604900
2025-03-10,18.99220848083496,19.907975426391886,18.574140920937833,19.86815856422431,41514100
2025-03-11,19.012117385864258,19.111657645192114,18.076441985898462,18.803082651418507,46610200
2025-03-12,19.410276412963867,19.85820662807666,19.131564068163406,19.350553017139667,30901500
2025-03-13,19.032024383544922,19.698941602650788,18.693588666471953,19.43018349228595,28369700
2025-03-14,19.82834243774414,19.848250867660347,19.16142522413022,19.320688866315123,22467900
2025-03-17,20.79387855529785,20.923281451488776,20.15682398504215,20.176732415005734,27688100
2025-03-18,20.027423858642578,20.644570025781356,19.7686199535748,20.495260591704067,26922300
2025-03-19,20.953144073486328,21.27167328569976,20.176734221129813,20.206594970175804,31084000
2025-03-20,21.102455139160156,21.46079741306967,20.634616492070265,20.644570707813937,29910600
2025-03-21,20.843650817871094,21.430936245253537,19.7288033578276,20.296180354112085,59554700
2025-03-24,21.341350555419922,21.649923648231187,20.953143736905083,21.430936598263923,21696800
2025-03-25,21.16217803955078,21.679785854667042,20.953143310973164,21.470751126089425,18816800
2025-03-26,20.833696365356445,21.291578883966604,20.6545242846577,21.072591840097285,15994700
2025-03-27,20.68438720703125,21.072592121344773,20.435537513533355,20.654524560325406,14326900
2025-03-28,19.778573989868164,20.60475487609094,19.569539265195083,20.60475487609094,18880900
2025-03-31,19.44013786315918,19.589447292812388,18.683634601200865,19.071839498013688,25028400
2025-04-01,19.30078125,19.579493584858547,18.773221124988492,19.509815975787024,20870100
2025-04-02,19.92788314819336,19.95774389518374,18.94243862749005,18.94243862749005,20897000
2025-04-03,17.200490951538086,18.365107556047004,17.170628305781086,18.325290695037673,46293300
2025-04-04,16.42407989501953,16.66297537475475,15.538174637726941,16.414125679375665,39839300
2025-04-07,16.354402542114258,17.369709770937185,15.000659570350352,15.259463485456541,41421800
2025-04-08,16.613204956054688,17.9171767309874,16.26481502879324,17.698189698872493,42041100
2025-04-09,19.5197696685791,19.888066134832066,16.533573483820927,16.692837128455572,66939000
2025-04-10,17.519018173217773,18.514416911485007,17.001410373661432,18.23570458128411,47116900
2025-04-11,17.558834075927734,17.738006162183733,17.021319715732254,17.43938728413875,18749000
2025-04-14,17.738004684448242,18.295427429694392,17.33984558070099,18.195889077686854,21774700
2025-04-15,17.917177200317383,17.94703984580398,17.509063871529282,17.837545377592203,22760900
2025-04-16,17.787776947021484,18.166027646200614,17.439386996009986,17.7678685158614,21109300
2025-04-17,17.907222747802734,18.136163997781562,17.608603891184472,17.80768249607252,17701900
2025-04-21,17.160675048828125,17.757914707312594,16.97154874561733,17.50906500782511,18735400
2025-04-22,17.897268295288086,17.907222510186262,17.389614726915344,17.469246547528382,18510400
2025-04-23,18.394968032836914,19.430183620993336,18.31533621056122,18.793127144215383,21605300
2025-04-24,18.61395835876465,18.713496720116964,18.22575153491495,18.34520022653929,17254700
2025-04-25,18.51441764831543,18.79312809103593,18.30538291770256,18.613957905818108,14859300
2025-04-28,18.773221969604492,19.241058721970383,18.643819062444805,18.75331353795338,18025400
2025-04-29,18.62390899658203,19.131562567704535,18.225749891360177,19.081793391516445,30363300
2025-04-30,18.255613327026367,18.265567542409663,17.250260356182842,17.708144770952224,31787800
2025-05-01,18.54427719116211,18.713495048345518,18.4248304087811,18.59404826596451,20649000
2025-05-02,19.47995376586914,19.549631376500955,18.932485197842727,18.95239362904396,27621700
2025-05-05,19.469999313354492,19.798480829887826,18.97229993081475,19.032025223691697,16771300
2025-05-06,19.44013786315918,19.629262254719453,19.131562890160488,19.131562890160488,15400400
2025-05-07,19.599401473999023,19.917928762993697,19.350551792150387,19.61930800563189,23037000
2025-05-08,20.156824111938477,20.40567379233278,19.808434179671977,19.888066001455257,30449300
2025-05-09,20.09710121154785,20.27627328958346,19.82834309449444,20.136916174126632,17379300
2025-05-12,22.028173446655273,22.25711660149379,21.450842249052048,21.490659110266552,43025800
2025-05-13,22.63536834716797,22.675185210241793,21.878865035918093,22.117760518643443,27784500
2025-05-14,22.88421630859375,23.123111773185308,22.59555166751026,22.615458198963605,28264100
2025-05-15,22.8941707611084,23.00366522881339,22.396471396736477,22.645321078922436,25853400
2025-05-16,23.282377243041992,23.352054855026733,22.943941500339644,23.152976234866404,18741000
2025-05-19,23.282377243041992,23.302285674629786,22.645322620812884,22.874263888354903,19197100
2025-05-20,22.794631958007812,22.983758260095772,22.496013079824742,22.86430956967903,18785200
2025-05-21,21.938589096069336,22.49601185772961,21.73950858904731,22.426334249843627,22318800
2025-05-22,22.326793670654297,22.43628813777647,21.928634560990574,21.948541092544463,15231000
2025-05-23,22.14762306213379,22.19739224217025,21.520522660240786,21.630015236035504,15876600
2025-05-27,23.491411209106445,23.56108881881186,22.48605822968089,22.48605822968089,27592600
2025-05-28,22.8941707611084,23.34210094847209,22.85435390064389,23.332146733355962,18060800
2025-05-29,23.053434371948242,23.232606446630456,22.81453890522943,22.943939904404136,14925700
2025-05-30,23.1131591796875,23.232607869649453,22.794631871218986,22.943941309742037,22350600
2025-06-02,23.43168830871582,23.481457488533632,22.794631795327266,22.963849664709343,19914900
2025-06-03,23.81989288330078,23.919433140071394,23.371962677119253,23.5013655804928,21199700
2025-06-04,23.720352172851562,23.899524251897304,23.48145670031472,23.809938212374433,21135600
2025-06-05,23.90947914123535,24.287729842104902,23.571043404291412,23.660629446339662,23975700
2025-06-06,24.168283462524414,24.20809842712673,23.88957111601809,24.178237678318126,16655100
2025-06-09,24.098602294921875,24.546532481976055,24.048833117948035,24.347451976935886,17924500
2025-06-10,24.39722442626953,24.407178641939293,24.009019508011352,24.148374730243003,14021800
2025-06-11,23.760169982910156,24.516671393529094,23.670583939810342,24.496764860618875,21334500
2025-06-12,23.4615478515625,23.630765712249,23.133066345356042,23.471502066729048,22811700
2025-06-13,22.306886672973633,22.724954239610017,22.00826779619301,22.177485665988034,36875900
2025-06-16,23.73030662536621,23.740260840809622,22.784677042539304,23.003665985149414,32993500
2025-06-17,23.172883987426758,23.8398012374951,23.093252161981546,23.53122625264398,25124100
2025-06-18,23.501365661621094,23.700444277277075,23.0832981005993,23.0832981005993,19275500
2025-06-20,23.660629272460938,23.790030277483847,23.521272153314168,23.670583488012312,23641100
2025-06-23,23.92938804626465,23.989111442621784,22.476104812042422,23.242562343153715,43972100
2025-06-24,25.581748962402344,26.407929859551583,24.835199890331136,24.95464667866195,70082400
2025-06-25,25.362760543823242,25.681287850720157,25.113910847988464,25.661381317968484,27543700
2025-06-26,26.049585342407227,26.149125597041333,25.412530750464846,25.59170093051931,29096500
2025-06-27,27.134571075439453,27.22415711787129,26.08940121325885,26.238712549693584,46846200
2025-06-30,27.99061393737793,28.050337331315347,27.05493857235354,27.23411065273826,32239400
2025-07-01,28.508220672607422,28.69734697387353,27.940843667381614,27.950797883087464,35589200
2025-07-02,29.513572692871094,29.583250301918422,28.488313190764778,28.49826550756658,33758000
2025-07-03,29.822145462036133,30.10085779387128,29.523526598233953,29.652929498168017,20052800
2025-07-07,29.17513656616211,30.31984473856044,28.82674662710894,29.642975189503268,45731600
2025-07-08,28.707300186157227,29.603158684072564,28.66748332472557,29.483711896922493,26835500
2025-07-09,28.697345733642578,29.1552301434604,28.59780547945849,29.065644104551964,23875300
2025-07-10,28.96610450744629,29.274677593701558,28.806840856567927,28.926287645440457,22868400
2025-07-11,28.528127670288086,29.05568968474946,28.518173455082504,28.926286785649303,14579200
2025-07-14,29.185091018676758,29.24481441202009,28.458450387520116,28.528127996182747,16150000
2025-07-15,28.836700439453125,29.155229626913265,28.47835818874062,29.09550433631751,18347500
2025-07-16,28.906381607055664,29.3742183521852,28.697346875097352,29.135322871784638,17907800
2025-07-17,29.314495086669922,29.37421848239167,28.747116182309504,29.21495482808533,18769900
2025-07-18,29.414031982421875,29.503618020831073,29.125367335326345,29.414031982421875,17147500
2025-07-21,29.652929306030273,30.090903383625932,29.523526406934685,29.583249799593652,17523800
2025-07-22,29.75246810913086,29.931640188379244,29.115413514978783,29.822145718044688,12900600
2025-07-23,30.59855842590332,30.8673165535356,30.15063011175537,30.16058242886248,22087400
2025-07-24,29.642974853515625,30.37956968565409,29.603157993013458,30.3098920783477,16342100
2025-07-25,29.613113403320312,29.822146233676015,29.2448150231004,29.762422839084742,13068100
2025-07-28,29.593204498291016,29.742513931664057,29.3443548098118,29.692744753397193,15433000
2025-07-29,29.563343048095703,29.752467439872618,28.866563177486043,29.38417097287765,22569600
2025-07-30,30.001317977905273,30.28998452922603,29.533481244829954,29.802239365320492,25730700
2025-07-31,29.63302230834961,30.77773053228294,29.57329701423056,30.499018188778233,23139600
2025-08-01,28.936241149902344,29.05568983441219,27.940842407085903,28.906380402704208,26986600
2025-08-04,29.583250045776367,29.73256137652494,29.224907788268123,29.324446144003925,15609400
2025-08-05,29.14527702331543,29.861963462939883,28.796887069866628,29.842055031640523,12020000
2025-08-06,29.105459213256836,29.324446254703684,28.94619556519141,29.294585507299196,11524300
2025-08-07,28.87651824951172,29.573296242225467,28.5082198730153,29.473757885103833,15559200
2025-08-08,28.239463806152344,29.00591941249708,28.189692728745236,28.966104449143863,18063000
2025-08-11,28.47835922241211,28.717254697749038,27.990614056277654,28.070245881389965,13503900
2025-08-12,29.503618240356445,29.513572455650692,28.727208433129658,28.856609434809975,14826800
2025-08-13,30.4990177154541,30.51892614651815,29.563344238313448,29.583250770805016,22097800
2025-08-14,30.11081314086914,30.160582320515953,29.712654007977108,30.11081314086914,15950600
2025-08-15,29.62306785583496,30.150629891567142,29.44389577205526,30.130721460353286,10998200
2025-08-18,29.83209991455078,29.981411246211728,29.10545928123363,29.463803439503984,18898100
2025-08-19,29.433940887451172,29.782330831485176,29.26472302312451,29.782330831485176,13672900
2025-08-20,29.125368118286133,29.244814906994463,28.518174263539283,29.16518308166475,12257300
2025-08-21,29.13532257080078,29.34435540202716,28.74711575790931,28.966104703276933,10453200
2025-08-22,31.155981063842773,31.235612890323573,29.254769545362787,29.364264018738574,27206100
2025-08-25,31.106210708618164,31.235611709794146,30.82749837718287,30.96685549218673,15569700
2025-08-26,31.723360061645508,31.763175025722944,30.96685675844913,31.046488585176508,17354700
2025-08-27,32.19119644165039,32.250921734948676,31.623819445324095,31.623819445324095,21174600
2025-08-28,32.34050750732422,32.61921794610803,32.13147088109142,32.310642962351,13455100
2025-08-29,31.74326515197754,32.46990577516776,31.603909936180077,32.14142616609444,14832500
2025-09-02,31.016624450683594,31.05644131142399,30.39947829778681,30.558741943603557,15255600
2025-09-03,31.185842514038086,31.603910061662823,30.85736100508811,31.07634804486395,12020500
2025-09-04,31.61386489868164,31.773128548664122,31.036533692852036,31.26547495238029,10765900
2025-09-05,31.42473793029785,32.091657060873565,31.215705106131,31.852759692436557,12091700
2025-09-08,31.414783477783203,31.942345489690478,31.355060085411267,31.55414059141427,20390300
2025-09-09,31.42473793029785,31.922437300492174,30.93699277533611,31.315243461311926,13089300
2025-09-10,31.21570587158203,31.733311786361472,30.419385720600822,31.424738700874645,19089800
2025-09-11,32.32059860229492,32.649078215022534,31.3451063851432,31.36501481578501,22241400
2025-09-12,31.365015029907227,32.27082584742395,31.365015029907227,32.250921213791145,13004100
2025-09-15,31.096256256103516,31.394877015771282,30.568694243024485,31.37496858541228,25356700
2025-09-16,31.056442260742188,31.106211439616583,30.409431543940183,31.106211439616583,19976900
2025-09-17,31.04648780822754,31.434692716487,30.618466038314562,31.245566420777728,18048300
2025-09-18,31.3052921295166,31.44464735001195,30.897178785003803,31.215706088177452,15543800
2025-09-19,30.37957000732422,31.574047356450755,30.14067453749891,31.464554786055256,33360000
2025-09-22,30.568695068359375,30.74786714928308,30.220307020532687,30.4293398492287,17155200
2025-09-23,30.568695068359375,31.52427886709499,30.459202495573475,31.165934705247576,21772600
2025-09-24,30.230260848999023,30.708051792964326,30.041134555048092,30.568694677045112,15228900
2025-09-25,30.339754104614258,30.58860379752987,29.78233132408358,29.931640760118448,24816900
2025-09-26,30.479110717773438,30.60851172056982,30.100858127619478,30.40943121011274,22456400
2025-09-29,29.26472282409668,32.35045932394092,28.687391625950784,32.06179277558175,102357500
2025-09-30,28.7769775390625,30.011271753875658,28.45845024473297,29.6429752817718,38967500
2025-10-01,28.229509353637695,28.97605842132355,28.189692492046337,28.747115264318154,29096900
2025-10-02,28.717254638671875,28.866564073128735,28.20960104266057,28.36886469255755,20949000
2025-10-03,28.438541412353516,29.105458637397,28.339001159638944,28.866563170025476,23869100
2025-10-06,28.95615005493164,29.01587344887906,27.891073686435824,28.528128284734827,21702900
2025-10-07,28.577898025512695,28.8964272295015,27.811442408819396,28.88647301388568,24053600
2025-10-08,28.78693199157715,29.12536771923458,28.33900179362689,28.657530989153987,15208900
2025-10-09,28.319095611572266,29.095505432853958,28.17973849350256,29.035782038579782,13514400
2025-10-10,27.562591552734375,28.657530542894776,27.48295972973575,28.269323744525614,17265700
2025-10-13,27.960750579833984,28.38877233907078,27.741763541919248,28.080197364670237,13933500
2025-10-14,28.82674789428711,29.135322884523703,27.343603932877315,27.512821802223264,18603400
2025-10-15,28.707300186157227,29.26472295619328,28.597805715792617,28.99596483724694,13077100
2025-10-16,28.080198287963867,28.98601291204663,27.90102810481827,28.816795045820946,18101200
2025-10-17,28.179738998413086,28.43854290966826,27.59245356490567,27.851257476160846,16897400
2025-10-20,28.727209091186523,28.926287705914437,28.279278885546876,28.31909574763595,15392300
2025-10-21,29.83209991455078,29.881870991295248,28.677437514093477,28.85660959322865,19411400
2025-10-22,29.861963272094727,30.230261654489126,29.49366488970033,29.861963272094727,19819600
2025-10-23,29.304540634155273,29.961503677503384,29.11541433423006,29.62306794019405,19081400
2025-10-24,29.26472282409668,30.01127188541839,29.234862076730174,29.752467982998173,19776100
2025-10-27,29.284631729125977,29.752468464980335,28.916333350869053,29.56334406668723,19687500
2025-10-28,27.731809616088867,28.358909989452954,27.652177792509736,28.239463203370477,36340400
2025-10-29,27.741764068603516,28.279278407716316,27.53272934331288,27.672084561125004,32133800
2025-10-30,28.19964599609375,28.796885614891252,27.423234301799752,27.49291380782693,23362400
2025-10-31,28.697345733642578,28.846655165632487,27.891073282039105,28.1200145376618,44832700
2025-11-03,28.577898025512695,28.82674772019075,28.000566809802518,28.677438283098418,21219900
2025-11-04,25.9898624420166,27.18433982456473,25.79078192897234,26.875766738061355,39919000
2025-11-05,26.776226043701172,27.154478632585683,26.38802113804242,26.407929568735803,21405900
2025-11-06,26.248666763305664,26.90562980870603,26.16903493654721,26.557239854673107,16602400
2025-11-07,26.60700798034668,27.00516709836514,25.890321567913457,26.009768354032776,18927700
2025-11-10,26.766271591186523,27.30378782371044,26.547284551217018,26.965352099211476,21167200
2025-11-11,26.666732788085938,27.064891898879427,26.567192535744464,26.616961712629003,16090300
2025-11-12,27.00516700744629,27.69199267032355,26.756317322201006,26.796134183155015,17427300
2025-11-13,26.019723892211914,27.283880817444263,25.85050602112906,26.985261938391005,18128500
2025-11-14,25.90027618408203,26.049585618328482,25.173635545129507,25.601655417016673,14243700
2025-11-17,25.24331283569336,25.94009081956666,25.00441736420202,25.82064403310721,16530000
2025-11-18,25.64147186279297,25.8903215486913,25.18358745348237,25.263219277026938,17925300
2025-11-19,25.959999084472656,26.268572162524556,25.731057829742937,25.97990751494631,12727100
2025-11-20,25.2034969329834,26.50746880976181,25.17363618451915,26.238712580721,21939900
2025-11-21,26.437789916992188,26.696593816380894,25.46229961061566,25.671334332594867,18027600
2025-11-24,24.646074295043945,26.736412136032765,24.486810640356467,26.60700922999136,42975800
2025-11-25,25.601655960083008,26.238712470858975,24.536579568340652,24.57639643088962,32096800
2025-11-26,25.312990188598633,25.830597987555663,25.312990188598633,25.81068955715599,30084200
2025-11-28,25.661380767822266,25.890322027424663,25.392622646425124,25.551886296459177,12260700
2025-12-01,25.81068992614746,25.860459104285734,25.293082119790675,25.522023376942638,17335300
2025-12-02,25.72110366821289,26.029676746909104,25.293081904997777,25.9998159997087,17932900
2025-12-03,25.920185089111328,26.029677663656436,25.412531484528547,25.7111503584843,20048800
2025-12-04,25.701194763183594,25.95004444431213,25.482207727276545,25.880366837367724,15680500
2025-12-05,25.750967025756836,25.920184892668633,25.54193229671403,25.81069042038086,10879900
2025-12-08,25.890321731567383,26.029676949111604,25.43243731902252,25.810689907460333,15756300
2025-12-09,25.392621994018555,25.741011931481626,25.15372652510536,25.561839855153625,17038500
2025-12-10,26.159080505371094,26.43779094744329,25.432437956292524,25.671335333172255,17622000
2025-12-11,27.71190071105957,27.960750392805025,26.248665265882366,26.248665265882366,24096700
2025-12-12,27.4929141998291,28.03042853541021,27.482959984540432,27.930888281095946,16421300
2025-12-15,28.46840476989746,28.677437597111997,27.791533312792847,27.980659607824418,21363700
2025-12-16,28.07024574279785,28.90638085163506,28.040383096563502,28.538082475701245,22716600
2025-12-17,27.90102767944336,28.76702352978124,27.881119248762097,28.129968936560505,18753700
2025-12-18,28.2096004486084,28.378818310382023,27.851256294600148,28.259369626188466,22533800
2025-12-19,30.976810455322266,31.345106935803607,27.831348605838567,28.41863403008204,84281000
2025-12-22,32.051841735839844,32.21110539004801,30.877270862125236,31.106212127727908,29981700
2025-12-23,31.514324188232422,32.73866419177735,31.17588846225818,32.37036771846991,24490100
2025-12-24,31.106210708618164,31.47450907878007,30.976809707442182,31.33515196377621,7559200
2025-12-26,30.55874252319336,31.30529158908337,30.469156483400763,31.106211078750388,10287000
2025-12-29,30.578649520874023,30.578649520874023,30.13072121366458,30.29993908045192,14914700
2025-12-30,30.678190231323242,30.867316531958846,30.558743440396288,30.578649973169107,9327600
2025-12-31,30.399478912353516,30.757821173399357,30.38952469696718,30.67818934888112,8289900
2026-01-02,30.777729034423828,31.076347896196165,30.230260488317075,30.548787780493544,15892000
2026-01-05,31.34510612487793,31.643726886308208,30.27007556058827,30.369615814398365,21182300
2026-01-06,32.1513786315918,32.64907800296983,31.325197751047163,31.454600650806015,23312500
2026-01-07,31.962255477905273,32.04188540590089,31.33515318243036,31.33515318243036,18236300
2026-01-08,31.544187545776367,32.320599269687115,31.345107032392335,31.94234667397195,20601600
2026-01-09,31.982162475585938,32.03193165299542,31.205750777420107,31.623818322805953,14978600
2026-01-12,31.464555740356445,31.85276065327504,31.255521011311636,31.75322039651906,14816100
2026-01-13,30.8474063873291,31.384922612363933,30.170534947761862,31.14602714520592,19716400
2026-01-14,30.041135787963867,30.618467010259256,29.453850349939117,30.598558578800528,23791600
2026-01-15,29.304540634155273,30.419386205291,29.23486302328085,30.319845947510757,19752000
2026-01-16,28.78693199157715,29.354308976599178,28.66748330593293,29.30453979841468,16310400
2026-01-20,27.89107322692871,28.55799046050015,27.632269325990436,27.811441403453273,20008700
2026-01-21,28.120014190673828,28.398726519235602,27.901027153028984,28.19964601332399,15394100
2026-01-22,28.358909606933594,28.836700541963683,28.27927778442858,28.73716218776172,16454800
2026-01-23,28.41863441467285,28.73716361913094,28.06029214483782,28.219555797780615,18889900
2026-01-26,28.538082122802734,28.75706916342929,28.189692181999966,28.279278221022746,15455200
2026-01-27,28.55799102783203,28.587851775620763,28.209601081241235,28.538082596924564,10045400
2026-01-28,28.587852478027344,29.175137914220002,28.488314118189276,28.61771512512227,19948900
2026-01-29,31.006671905517578,31.29533846571577,29.09550615420885,29.155231448536245,40745500
2026-01-30,29.881872177124023,30.8573625371574,29.443896177254388,30.8573625371574,22778800
2026-02-02,32.300689697265625,32.539583267169014,29.981410721585736,30.04113411406158,30352500
2026-02-03,31.79303741455078,32.997470919916495,31.49441664281852,31.783083198969123,29019700
2026-02-04,31.942346572875977,32.280782305414206,30.996716985153416,32.280782305414206,23860000
2026-02-05,31.3052921295166,32.459954552807325,31.106211615746826,31.693497042937924,17165700
2026-02-06,33.8336067199707,33.873419785948904,31.584003316392277,31.66363514406627,27375400
2026-02-09,32.659034729003906,33.46530529557744,32.6291701841029,33.31599775965212,18347600
2026-02-10,33.19654846191406,33.49517113963707,32.35046100075242,32.40023018132456,21443400
2026-02-11,32.937744140625,33.405582758996545,32.39027559833723,33.126868532427736,18968700
2026-02-12,32.44999694824219,33.59470700198247,31.96225369891079,33.176641359698415,21246400
2026-02-13,31.770000457763672,32.380001068115234,31.360000610351562,32.2599983215332,18274800
2026-02-17,32.68000030517578,33.209999084472656,32.130001068115234,32.599998474121094,21158200
2026-02-18,32.540000915527344,33.16999816894531,31.84000015258789,32.15999984741211,17421100
2026-02-19,31.549999237060547,32.689998626708984,31.469999313354492,32.20000076293945,23590700
2026-02-20,31.989999771118164,32.36000061035156,31.399999618530273,31.549999237060547,18134900
2026-02-23,30.420000076293945,32.369998931884766,29.959999084472656,31.920000076293945,24145900
2026-02-24,31.610000610351562,31.639999389648438,30.079999923706055,30.31999969482422,15667800
2026-02-25,31.700000762939453,31.940000534057617,31.190000534057617,31.780000686645508,13818900
2026-02-26,32.70000076293945,32.9900016784668,32.02000045776367,32.20000076293945,15711500
2026-02-27,31.549999237060547,31.959999084472656,31.219999313354492,31.3799991607666,19943500
2026-03-02,29.139999389648438,29.75,27.899999618530273,28.850000381469727,38114600
2026-03-03,28.530000686645508,28.829999923706055,27.110000610351562,27.68000030517578,30039700
2026-03-04,28.010000228881836,28.950000762939453,27.8799991607666,28.600000381469727,21974000
2026-03-05,27.15999984741211,28.40999984741211,26.709999084472656,27.709999084472656,34668300
2026-03-06,25.790000915527344,25.969999313354492,25.440000534057617,25.84000015258789,36028000
2026-03-09,26.389999389648438,26.389999389648438,23.469999313354492,24.469999313354492,56154000
2026-03-10,26.209999084472656,26.959999084472656,25.280000686645508,25.899999618530273,35613600
2026-03-11,25.969999313354492,26.549999237060547,25.510000228881836,26.010000228881836,23368300
2026-03-12,23.920000076293945,25.239999771118164,23.8700008392334,25.09000015258789,38826500
2026-03-13,23.989999771118164,24.829999923706055,23.780000686645508,24.09000015258789,23093200
2026-03-16,24.719999313354492,25.09000015258789,24.40999984741211,24.43000030517578,24107700
2026-03-17,25.09000015258789,25.40999984741211,24.90999984741211,25.290000915527344,21006500
2026-03-18,24.15999984741211,25.040000915527344,24.15999984741211,24.739999771118164,26305600
2026-03-19,24.940000534057617,25.040000915527344,23.959999084472656,24.020000457763672,30118800
2026-03-20,24.1200008392334,24.760000228881836,23.90999984741211,24.56999969482422,48721700
2026-03-23,25.450000762939453,26.219999313354492,25.3700008392334,25.649999618530273,34796900
2026-03-24,25.469999313354492,25.690000534057617,24.709999084472656,24.760000228881836,24791300
2026-03-25,25.729999542236328,26.389999389648438,25.520000457763672,26.219999313354492,24569000
2026-03-26,25.280000686645508,25.8799991607666,25.15999984741211,25.389999389648438,22463500
2026-03-27,24.190000534057617,25.459999084472656,23.65999984741211,24.56999969482422,43089900
2026-03-30,23.959999084472656,24.84000015258789,23.790000915527344,24.389999389648438,26741400
2026-03-31,25.8799991607666,25.93000030517578,24.5,24.739999771118164,41039100
2026-04-01,26.579999923706055,26.739999771118164,26.030000686645508,26.489999771118164,27439500
2026-04-02,25.639999389648438,26.059999465942383,24.940000534057617,25.34000015258789,26943800
2026-04-06,25.969999313354492,25.979999542236328,25.280000686645508,25.700000762939453,16505100
2026-04-07,25.200000762939453,25.479999542236328,24.739999771118164,25.459999084472656,25395300
2026-04-08,28.030000686645508,28.989999771118164,27.600000381469727,28.280000686645508,52285400
2026-04-09,27.850000381469727,28.1200008392334,26.899999618530273,27.81999969482422,25694500
