Price,Close,High,Low,Open,Volume
Ticker,CRM,CRM,CRM,CRM,CRM
Date,,,,,
2021-04-12,225.4500274658203,226.5242675004001,223.86332222653118,226.19904052163818,6205700
2021-04-13,228.6431427001953,230.11158898725387,225.19378494394238,225.68655033769278,5397100
2021-04-14,224.720703125,229.76661524311456,224.3659114893198,229.48081797120756,4617600
2021-04-15,229.628662109375,229.70750637302902,226.17930452404104,226.54394608518595,5073900
2021-04-16,228.554443359375,230.61419904945595,226.5636670030927,230.61419904945595,5088700
2021-04-19,227.1648406982422,228.84023998646316,225.55842074361547,227.49006765434487,4257700
2021-04-20,224.66160583496094,228.10109867278652,223.60708066986965,226.6720820327898,4081200
2021-04-21,227.22396850585938,227.45063636890677,223.39025446976925,223.82389040812487,4024000
2021-04-22,228.00253295898438,230.50577431475926,225.69637969717013,226.6720605017071,4975400
2021-04-23,230.1313018798828,232.08266377761444,228.3967730087953,229.56955711878354,5447100
2021-04-26,232.05308532714844,232.38816218503425,229.05706331850527,230.6536183785546,3459600
2021-04-27,230.82119750976562,232.48673209020916,228.55447344390862,232.0531111283827,3445200
2021-04-28,233.4525604248047,234.8815771978445,230.15102595087836,231.5997575522244,4274500
2021-04-29,230.96897888183594,234.23108314117516,228.81066421071887,233.88615641385837,4140800
2021-04-30,226.9874725341797,231.10698426791868,226.19904484677295,229.43158483093393,5024800
2021-05-03,220.52236938476562,228.11096867807797,219.8423657554698,227.43095001077535,5835700
2021-05-04,214.03758239746094,218.787848304109,211.25839322525363,218.46262131963658,6727500
2021-05-05,212.28334045410156,216.39301735875054,211.73144558059684,215.65386921644796,4205800
2021-05-06,214.89500427246094,215.1216721567096,210.41083590941295,212.6874097607123,5200000
2021-05-07,213.36741638183594,218.04868764194552,211.97781435655557,217.3193894424777,5774700
2021-05-10,210.795166015625,212.8352218331359,210.14471212847613,212.38187108324277,5263700
2021-05-11,212.44100952148438,213.43640521950857,205.88723594252133,205.97593010234345,6097900
2021-05-12,207.49366760253906,210.2827218343847,205.97595664399108,210.25315711063433,5482500
2021-05-13,208.7945556640625,212.51986088099935,207.42466845506198,209.88849545240151,5337000
2021-05-14,214.51063537597656,215.11180975944012,211.0514126785032,211.09084233138967,4429000
2021-05-17,211.9482421875,214.56975761015684,209.74066291621503,213.45610304262087,3816100
2021-05-18,211.22885131835938,214.2051590120965,210.69665618155412,212.3227912795602,3540600
2021-05-19,218.13739013671875,218.39363777664784,211.40621276839133,212.72683550846955,8092100
2021-05-20,220.5420684814453,223.54794025541378,219.1426166308448,219.75364087938715,6705500
2021-05-21,219.35943603515625,222.5131314260541,219.22146233174217,221.95138671858447,4913600
2021-05-24,223.70562744140625,224.3068017925935,220.96585319514466,221.7444158607778,5288300
2021-05-25,224.4152374267578,226.39614903001848,223.005920485487,224.70103475775272,6256300
2021-05-26,226.356689453125,226.90859929044822,224.9868023483878,225.17405559201464,5807100
2021-05-27,222.56239318847656,226.19900376976275,222.12875728724936,226.19900376976275,15344100
2021-05-28,234.65487670898438,239.97673672379642,234.38877919684202,235.75866633267734,17810800
2021-06-01,232.78236389160156,234.95052856892093,229.09648845156042,234.55632227777417,8103900
2021-06-02,231.22523498535156,234.84213127156252,230.5156515955656,231.00841700302772,5543900
2021-06-03,227.49990844726562,229.8060467295494,226.11030651896436,229.5202494366532,5109000
2021-06-04,234.04385375976562,234.44792500307906,228.17009852304193,228.2785075142234,6177600
2021-06-07,234.69432067871094,236.0050785398046,232.42759667109038,233.17660975629113,3510800
2021-06-08,232.9991912841797,238.29148689874344,232.26004317988836,235.34475941395965,5827300
2021-06-09,232.6739501953125,235.41372446593178,232.1023405581178,235.41372446593178,3350900
2021-06-10,236.71463012695312,236.8131741778501,231.74754679117228,232.58525393282753,4659500
2021-06-11,236.83291625976562,236.89204570471,234.96041365915937,235.57143797426107,4624200
2021-06-14,242.69680786132812,243.07131437512467,237.00044107634963,237.21725905402064,6764700
2021-06-15,239.070068359375,241.80984283867588,238.5083085731696,241.66201923073072,5135300
2021-06-16,238.88282775878906,241.46491383446855,236.01492930859084,238.49847131975272,5099300
2021-06-17,240.89328002929688,243.60348965958258,237.71001983782122,238.49844746514196,5170200
2021-06-18,239.26715087890625,242.4504109454897,237.5720368099751,238.35061451268479,7822200
2021-06-21,240.94256591796875,241.1790987237931,235.43345235178384,239.92747039640003,5895100
2021-06-22,239.5924072265625,241.17911250771883,237.4045275211666,240.27242592391627,4457200
2021-06-23,238.3407440185547,240.96225932420927,237.36507823702541,240.22311128947243,4482400
2021-06-24,240.2428436279297,244.10612249989092,239.18831846992168,239.8289225028631,4987300
2021-06-25,238.3703155517578,240.66660398321696,237.50305872538252,240.65675408948744,15409300
2021-06-28,241.03125,244.00754188024936,240.07528402001105,240.67645834724118,4274900
2021-06-29,242.25331115722656,243.20927718739532,238.92221241135988,240.9031388424134,3871900
2021-06-30,240.73562622070312,243.0614796405955,239.9767632515244,241.92811013426228,4168800
2021-07-01,241.43533325195312,243.02203845513387,239.10947994240885,240.96228267452233,3899600
2021-07-02,244.60874938964844,245.357762445971,242.28289602560798,243.34727112827127,4056200
2021-07-06,246.6291046142578,249.26047027950733,244.78616666666548,245.39719100479599,5590200
2021-07-07,244.8452606201172,249.8320437822339,244.2736509836287,249.33927840988235,5101400
2021-07-08,242.24346923828125,243.01218204524858,238.24221666919317,241.29735307077956,5159600
2021-07-09,241.51416015625,244.4116229309478,240.5581941377135,242.03649024415068,4213500
2021-07-12,239.39527893066406,243.682328685386,238.35061873808363,243.64291407197044,5604500
2021-07-13,240.48924255371094,243.58380882538643,238.18308893269852,238.78426335353393,6699800
2021-07-14,238.92221069335938,242.58838625861227,236.39925439856293,240.9622665486397,6375700
2021-07-15,234.1424102783203,238.5280193496323,232.4078814765224,237.72974180427073,7912600
2021-07-16,234.98008728027344,237.39464962532534,234.329648420314,234.8519785098299,7288100
2021-07-19,234.1128387451172,235.04908997431087,230.91971361857637,233.0878783172371,8843000
2021-07-20,236.6357879638672,239.6613595335607,232.85135350930355,235.24618600323646,8487000
2021-07-21,238.6068572998047,239.46426426463458,234.82242272082402,237.94655348300387,15323100
2021-07-22,244.6875762939453,245.10149740926832,239.81905192542231,239.97674045640423,7868700
2021-07-23,244.65802001953125,246.9345937513963,243.11072945212132,246.38269891191467,5877300
2021-07-26,244.01742553710938,244.88468239195691,242.2631819632961,244.60873497841368,3960700
2021-07-27,239.9866180419922,244.5397809119392,237.70019423095187,243.63309431118117,6352500
2021-07-28,240.4300994873047,242.51941996160608,239.48398330690023,240.29212577745471,4100200
2021-07-29,240.5089569091797,242.59829266639278,239.96692693852398,239.96692693852398,3271100
2021-07-30,238.42945861816406,240.70604739228813,238.13381140932273,239.48398378971996,3748400
2021-08-02,237.37493896484375,238.96164408668682,235.42359227471576,238.80395555629107,3525700
2021-08-03,237.6410369873047,239.5332542420741,235.58126626987848,237.88741967732162,3077900
2021-08-04,240.63702392578125,241.11007444074326,236.20213587325009,238.12391768841263,4121600
2021-08-05,246.93458557128906,247.26966242158775,240.01615540438488,241.13965987268503,5235200
2021-08-06,246.96417236328125,248.43261874507468,245.61399990946256,245.6238498042907,4045400
2021-08-09,245.71255493164062,248.76769149648086,244.26382340155573,247.78216066175685,3312200
2021-08-10,239.86831665039062,247.61458855968854,239.52337488993132,247.24008208124758,4430600
2021-08-11,238.77439880371094,242.5883981521322,236.62594889790452,241.12981679231837,3999200
2021-08-12,244.79600524902344,244.83541986598124,238.42946939281995,238.99122919101757,4467400
2021-08-13,247.92015075683594,250.0981806621986,245.26907023019393,248.0679894146163,5986400
2021-08-16,245.59425354003906,247.36821185175634,240.93269742375307,246.55021954585322,4047500
2021-08-17,243.416259765625,245.59427443077305,242.38144940926645,244.6678730648522,3472600
2021-08-18,247.58505249023438,253.08430120321998,244.13569463853,244.4116420636258,8306700
2021-08-19,249.4082794189453,251.743982533901,244.7861376971758,245.56470038949232,6600800
2021-08-20,252.4240264892578,254.13884057835247,248.95495361698536,249.33931005467977,5510700
2021-08-23,256.75048828125,258.07109602175797,252.85765943802497,253.28143048869242,7603900
2021-08-24,255.90292358398438,258.70182736425136,255.31159910623506,258.13023275056815,6685200
2021-08-25,257.0757141113281,258.11050941656,255.00609342485134,257.0855489675977,9701000
2021-08-26,263.91534423828125,271.23783205390777,263.4915430676455,265.89624101647865,18987000
2021-08-27,262.6735534667969,266.99018368493216,261.5894634455273,263.98429634977504,7992500
2021-08-30,261.13604736328125,263.7082678231189,260.91922942568516,261.96388946791893,5730000
2021-08-31,261.4317321777344,262.91002830812096,258.8989409987743,260.93896680093883,5901500
2021-09-01,264.4376220703125,269.30614645525907,261.74711225462767,262.41726595655246,7189000
2021-09-02,260.32794189453125,265.36401967230734,260.1012890704199,265.107772052691,4498300
2021-09-03,263.215576171875,263.5408182072841,258.0119742894727,259.7859479323923,7356700
2021-09-07,261.37261962890625,264.02369993346406,260.24913013673694,262.6833924584531,4672500
2021-09-08,258.82012939453125,260.51524380614524,257.7951688006207,259.80566032974826,3851500
2021-09-09,256.96728515625,259.8943127668164,256.681502885665,258.03167523791734,4126500
2021-09-10,253.478515625,257.80497988741934,252.78863208403487,257.22352036621095,5280900
2021-09-13,250.43324279785156,253.9614450158667,248.54102538625818,253.2814263289801,5258200
2021-09-14,250.68946838378906,251.4187665999443,249.3392959805624,250.43323578579188,4097500
2021-09-15,252.45355224609375,253.0350117603946,249.2899920256679,250.8569822576334,4764600
2021-09-16,256.5928039550781,257.4403761463681,251.31037290616536,251.8327030664199,5122600
2021-09-17,256.76031494140625,257.91339910675504,254.93707711080006,255.51853662118606,7049400
2021-09-20,254.4837646484375,255.45943051714613,251.25122482405607,252.87734463057484,5985500
2021-09-21,254.23733520507812,258.7510522105359,254.04021705070556,255.71563113484925,6040600
2021-09-22,255.42001342773438,256.5927673306374,252.5028208019252,255.15390088104942,4355600
2021-09-23,273.83953857421875,275.3474293780391,262.5453654742221,266.0932819149567,15617200
2021-09-24,281.4971618652344,282.21658008691065,274.18451023479344,274.4703225826442,13368300
2021-09-27,275.6332092285156,279.65419118514956,275.0024852423041,278.35328348882626,5941100
2021-09-28,268.34033203125,272.6963915144962,266.13275260590206,271.1293710346668,7127100
2021-09-29,266.58612060546875,270.7056327370613,265.3443419905224,269.5328485065049,4361900
2021-09-30,267.295654296875,270.29167623266784,266.52694150606106,266.7338945446616,5224200
2021-10-01,271.2771911621094,272.3415510888073,264.8810764425294,267.5715860913643,4756000
2021-10-04,266.94085693359375,271.3166160733496,262.2891804500471,271.23778684312555,6393800
2021-10-05,267.8376770019531,269.591920507071,267.1083938824356,268.1727538427047,4050400
2021-10-06,271.28704833984375,271.5038663155685,263.6294849683156,265.76810000505554,4745500
2021-10-07,270.6070251464844,275.4558497603262,270.1142597622977,272.8934637473533,5374200
2021-10-08,268.53741455078125,272.91317324184433,268.3304314501427,271.5531360708369,2683300
2021-10-11,269.7890319824219,272.272558545362,267.58145281536395,267.84753527981843,2693000
2021-10-12,274.9631042480469,276.68778321734464,272.0262115186775,272.42044791532845,5970100
2021-10-13,280.2948303222656,280.974849009181,274.56889853755405,275.94863570085545,6573500
2021-10-14,285.8236389160156,286.4346932911041,280.54120813277774,281.8618158285872,5433900
2021-10-15,287.43988037109375,288.6323640669406,285.133742199981,288.25785759815994,5119300
2021-10-18,287.4793395996094,289.00690027312027,284.5325821255283,286.5726380515815,5163300
2021-10-19,288.1100769042969,291.25392263266644,287.14424587133857,287.87355913133314,3631200
2021-10-20,285.89263916015625,291.1356704727586,283.7836187918026,288.86893148409996,4487900
2021-10-21,285.6166687011719,287.35121247251885,284.0989429012433,285.28159185007297,2828500
2021-10-22,288.3268737792969,288.7605097153257,284.01024428265333,284.8183867157991,2927000
2021-10-25,289.6672058105469,290.8596895742743,287.49902617103237,289.0561514932211,2993500
2021-10-26,290.84002685546875,294.0430024720147,289.3715953509781,291.5003458314046,3601400
2021-10-27,290.87945556640625,294.8610090488117,290.8203261151443,292.23949309746666,3742700
2021-10-28,294.06268310546875,294.48645412861623,289.28285273969794,290.80057858363625,3450400
2021-10-29,295.353759765625,296.4279848445537,291.9832308320555,293.6882101276119,4251900
2021-11-01,298.3792724609375,300.44886278762175,295.38325083109606,297.13749420411983,3825100
2021-11-02,298.5665588378906,299.0494592909249,295.0777714903867,297.3543451632801,4177500
2021-11-03,298.5074768066406,299.5521371827982,293.8754694210233,299.5521371827982,3260200
2021-11-04,303.5829162597656,303.94755784385154,298.0245081074988,299.1085980034387,3833800
2021-11-05,302.80438232421875,306.8943297236467,298.95095272685353,304.0362960033246,4681800
2021-11-08,305.4751281738281,306.88446012093624,301.4738754031892,302.75508353001345,3893000
2021-11-09,305.228759765625,307.23925117777594,302.77479750403927,305.5145721414933,3126500
2021-11-10,295.3340148925781,304.12493239378784,293.57977134988744,302.13417109397403,4350900
2021-11-11,298.5960998535156,301.32600904266286,297.13750360216795,297.13750360216795,2681900
2021-11-12,302.2129821777344,302.7747418931885,297.2656289068474,300.09409719468164,3803700
2021-11-15,301.0697937011719,303.3069678601246,298.84251455053135,302.4593957347556,3595300
2021-11-16,302.64666748046875,303.12956797641453,298.33990244450354,299.68020997448167,2989400
2021-11-17,303.5632019042969,305.41600471637975,302.8043539763756,303.3266841243764,3864700
2021-11-18,298.6059875488281,302.5481110139346,295.24532368570306,301.73013362837173,4443100
2021-11-19,296.81231689453125,301.57241730681096,296.7433225220024,301.28660496062884,4758900
2021-11-22,292.54498291015625,301.06981900986943,292.4267240166783,297.47263731184194,4474700
2021-11-23,287.20343017578125,292.18034922614737,284.1384134152224,289.4011448499274,6431100
2021-11-24,284.9859619140625,285.2619093420368,279.1023416854547,281.9012456194839,5091400
2021-11-26,280.09771728515625,283.40911661411667,278.9446630215829,280.383529655826,4195300
2021-11-29,292.4464111328125,294.07256107570686,280.58064150252585,285.3308772821122,8215600
2021-11-30,280.8368225097656,294.93976455421574,279.29939700928963,291.9043432029199,13597600
2021-12-01,247.86099243164062,272.93289800854046,247.82157781696276,267.33509036789,30723100
2021-12-02,257.4206237792969,258.78063084398457,248.49170325133557,249.16187192863723,12200800
2021-12-03,254.5823516845703,257.962715484906,248.058126839775,257.76559727265806,8944000
2021-12-06,255.00608825683594,255.4791538566189,247.08242743554916,252.39443771597809,7123000
2021-12-07,263.1268615722656,266.32000185120285,259.78592776291276,261.62886556709435,7401200
2021-12-08,262.4566955566406,264.6150103375418,260.74188165028545,264.42775708615676,4586500
2021-12-09,260.4954528808594,262.82129063779234,258.8397687071776,262.1905666994403,3967000
2021-12-10,262.18072509765625,266.6550427976111,260.613734928564,262.24971946336706,3480100
2021-12-13,261.9146728515625,266.6452086217697,260.78128838018876,261.95407242850496,3625700
2021-12-14,251.89183044433594,258.35691051953603,249.63497137780715,258.20908690483174,7227300
2021-12-15,256.2774353027344,256.42525890617594,248.25520022782712,251.1625280915667,6484900
2021-12-16,249.45755004882812,257.56847932003745,248.57057834842198,256.2380067314217,6556700
2021-12-17,249.27029418945312,250.22626025378122,243.21913577210154,247.60475979501146,12119400
2021-12-20,243.63307189941406,247.900406963667,242.93333842556285,246.27428718413452,5580100
2021-12-21,248.8957977294922,249.3491334601473,241.7014201367799,244.4116297407601,5428200
2021-12-22,249.14219665527344,250.58106324477114,245.89979180558427,249.75322095727873,4982400
2021-12-23,249.47726440429688,250.6303336278502,245.73224438230787,247.59489698004887,3769500
2021-12-27,254.56259155273438,254.69071536786126,249.575823189115,249.72364679271794,3531800
2021-12-28,251.75384521484375,257.00672629529276,251.25122990982024,255.97193096365652,3293700
2021-12-29,250.8570098876953,252.7196625477188,249.45755791903278,252.2958915106903,2592700
2021-12-30,251.63555908203125,254.1683651979717,250.7781521727681,251.60599436364322,2950600
2021-12-31,250.4529266357422,252.7787646979925,249.9601612758406,250.78800347135396,3169300
2022-01-03,251.76368713378906,252.98575065379362,245.05221022439935,251.32018627447724,4316800
2022-01-04,244.6383056640625,253.15329115333483,239.87819010735723,253.13359136474864,7240700
2022-01-05,224.3757781982422,234.75341552214653,224.02098653597173,232.75278935484528,18882500
2022-01-06,225.83436584472656,231.08724655835738,222.7792295358007,224.7404261082968,9376100
2022-01-07,225.00653076171875,228.91908917502673,222.77923660482057,225.19378401665386,6286700
2022-01-10,226.3074493408203,226.50455249925005,215.72284281126534,222.23720220011492,7803800
2022-01-11,231.44203186035156,232.93019287949238,223.28183866002274,225.4894328978046,7635300
2022-01-12,234.38877868652344,235.81779525794448,232.3487228278835,233.57078636431558,6718900
2022-01-13,225.32188415527344,235.33486443406608,224.6221507558299,234.06353647373084,6680300
2022-01-14,227.88430786132812,229.91449912764335,224.3166907831628,224.73061196035258,5805100
2022-01-18,222.78909301757812,227.39152010635755,222.04009501392898,225.1445110574033,6032000
2022-01-19,222.99607849121094,228.8501343786489,222.89751938709603,224.1787125505501,5332600
2022-01-20,219.71424865722656,228.05183117200013,219.2707627852505,225.7555575400784,5663700
2022-01-21,215.4665985107422,221.51775687784144,215.0920920034539,219.8324926330504,9128400
2022-01-24,219.8029327392578,220.14787453386143,204.50749053917747,209.31688564698777,11664300
2022-01-25,212.27349853515625,220.66036102459384,211.56391508884337,217.8023274488394,9092700
2022-01-26,207.94700622558594,218.25566537842107,206.04493893190812,216.43242731811236,10029600
2022-01-27,209.6618194580078,219.92118324864677,208.9916507209271,210.9824270683063,9462100
2022-01-28,218.91595458984375,219.07362808404213,207.8287334355696,211.1992468619082,8254900
2022-01-31,229.26400756835938,229.5399549565228,219.04404416114755,219.72406273840906,7084200
2022-02-01,228.7613983154297,229.4118522350122,223.04533185996513,229.00778100878614,6387100
2022-02-02,221.75430297851562,231.0971467624525,219.79310610668298,230.3579985855086,9378900
2022-02-03,209.6913604736328,217.59530545408657,207.35564260882157,214.91467592280839,12826600
2022-02-04,216.05792236328125,218.462620024758,210.10532269205802,211.8792812159349,6176500
2022-02-07,213.83062744140625,218.23595149684806,213.52511528725375,215.8312538424763,3922300
2022-02-08,214.28395080566406,214.78658112902778,209.0803494774705,212.48044270726146,5628700
2022-02-09,218.82725524902344,218.97509389387696,212.45088471958968,217.9402835319294,6107700
2022-02-10,214.52047729492188,218.77797736798973,212.68738949201864,214.55004201448435,5312600
2022-02-11,204.891845703125,216.74777993140472,203.1277522016381,214.47120620728214,8165600
2022-02-14,203.41354370117188,206.86290137562588,201.66916507602662,202.82223426549766,7005900
2022-02-15,211.1499786376953,211.46535571901478,205.50289123763017,206.71508993818713,6353000
2022-02-16,208.67628479003906,209.34643847656596,205.19736247273127,207.9469866270489,7072700
2022-02-17,197.13571166992188,206.715071614777,196.61338158354238,205.31561977598616,8820100
2022-02-18,193.99188232421875,199.66854945197758,192.95707195922046,197.50036962512144,6691800
2022-02-22,192.306640625,198.54505274419864,190.72978524116823,192.70084695195425,8434800
2022-02-23,187.78302001953125,196.12061667164107,187.37896384622772,193.50896623367828,7784300
2022-02-24,201.33407592773438,201.93525030355644,181.77129901629038,182.06696125715482,11792600
2022-02-25,205.07913208007812,205.45363865379557,198.69289572526327,201.75789758582258,5853600
2022-02-28,207.48379516601562,208.60729966049462,203.95559314770279,204.78343539879126,7904700
2022-03-01,205.86753845214844,211.28795812180797,205.4437674053095,210.31227716758661,12587300
2022-03-02,207.3458251953125,214.16569655256586,198.23951515516148,212.97321270133585,16670100
2022-03-03,201.7874298095703,208.56788647565102,201.26509969246882,207.345822878995,6559900
2022-03-04,200.07260131835938,203.39385032400273,196.37686083638727,201.73815076831585,6813600
2022-03-07,193.3907012939453,201.9648160965153,193.20344803913642,200.5062347486452,7043500
2022-03-08,189.30075073242188,194.34666342604217,186.46241732325745,191.46891540308647,8229000
2022-03-09,200.22044372558594,202.2604846902341,194.36638828597563,195.48004291764755,6881300
2022-03-10,197.25399780273438,198.2888082248192,194.67191173304323,196.2192024186572,5604200
2022-03-11,195.03652954101562,201.80713602391475,194.7704470657008,201.80713602391475,5196900
2022-03-14,190.32571411132812,197.26385975931782,189.0445360288481,195.37164232023176,5665500
2022-03-15,193.30203247070312,197.0667677726419,189.9512333852357,195.65745074877194,5276300
2022-03-16,202.59559631347656,202.92080828021136,194.47481620433842,195.7855741187241,6043400
2022-03-17,207.36553955078125,207.63162203981898,199.62911674387655,201.65930778886636,5842600
2022-03-18,215.63414001464844,216.40285282836066,205.29591660643266,206.20260312932382,12220600
2022-03-21,210.62765502929688,215.92981582866335,207.56265347606566,215.032979143639,6448700
2022-03-22,215.0526885986328,218.64002021109974,209.54355984112425,210.62764976714735,7018800
2022-03-23,208.05538940429688,210.83457819494495,205.29590040054322,210.77544875825112,8404700
2022-03-24,210.8838653564453,211.01198916591403,206.83333337853136,209.27746046221097,4150300
2022-03-25,207.9765625,212.73667804519332,205.46345596473554,211.1696876900073,3656500
2022-03-28,212.16506958007812,212.26362867535468,206.2715996023,207.33597467165905,4290900
2022-03-29,218.08811950683594,218.94554158919294,213.6335308038183,215.45675388968823,5370400
2022-03-30,211.82997131347656,216.66893066529488,210.31224561240685,216.53095696865265,4951200
2022-03-31,209.2478790283203,213.65318728732296,208.72553393836674,211.39632867022303,7141300
2022-04-01,209.1789093017578,210.93315289757305,207.00087964825346,209.40557717186707,6007900
2022-04-04,215.6834259033203,217.80231115044086,211.00215450981537,211.52448464120798,7843600
2022-04-05,207.0994415283203,215.11181173743495,205.65071005055407,214.84571421102717,7304600
2022-04-06,197.91427612304688,202.49698771768144,195.2139166769025,202.24075515747975,7171300
2022-04-07,197.26385498046875,199.78681150479653,195.32235803801194,196.23889449370617,5246000
2022-04-08,194.31710815429688,197.24413586531432,193.77506320077387,195.76583964916435,3897700
2022-04-11,192.6219940185547,194.24812887964555,189.37960426681485,191.39994543713618,5173800
2022-04-12,191.9912567138672,198.20995378443962,191.7645888358197,196.85978137266912,4832200
2022-04-13,192.8881072998047,194.24814474232457,186.58071560900294,189.2120812849159,8733000
2022-04-14,186.66937255859375,193.60750203502548,186.4821193204534,193.47939327051233,5126700
2022-04-18,184.30413818359375,186.61029204346084,182.84555658318888,185.57548153477816,4899500
2022-04-19,188.6207275390625,189.41900503158587,182.83566691319086,184.53078098734161,6120400
2022-04-20,183.535400390625,190.50311050598992,183.38757678283366,190.0990392606844,6015400
2022-04-21,174.66563415527344,187.41840618531762,174.18273364700636,186.0485188596889,9119500
2022-04-22,168.9495086669922,176.45926229273857,168.62429679256587,175.12878992716034,8843900
2022-04-25,172.04412841796875,172.23136664832097,166.78138222820476,167.2347330378127,7988900
2022-04-26,167.6190948486328,171.20642667115072,165.12570291078973,170.1223366816503,8073300
2022-04-27,172.1525115966797,174.66561812487896,168.16112391789986,168.5257654989226,9644600
2022-04-28,183.052490234375,184.22525921619288,176.3902926193766,178.78514020501834,10614800
2022-04-29,173.394287109375,182.67798521333438,172.76354801435036,179.92836096543172,7110800
2022-05-02,175.00070190429688,175.20765493981418,170.61507805121423,172.55657482519305,6278400
2022-05-03,175.779296875,177.7799234552917,173.58156711676003,174.38969465775054,5047700
2022-05-04,182.79623413085938,183.2889994919266,172.21164379945864,177.1097326915074,7563100
2022-05-05,169.8069610595703,179.60313968756995,167.3628488687677,177.87846077526035,8379400
2022-05-06,167.24459838867188,169.9350936583584,163.18421570671185,167.03764531146996,7232700
2022-05-09,161.23284912109375,167.82603771397478,159.78411760408218,164.30770048552307,9997800
2022-05-10,164.73146057128906,168.7819925977,160.91746134103565,164.99755808721554,8598700
2022-05-11,158.93653869628906,167.52050259081204,158.50290278630993,163.1053293072158,7220100
2022-05-12,158.09886169433594,164.4358330616496,152.4024944207301,154.6593535153424,10187500
2022-05-13,164.49493408203125,166.2393126078342,159.66582459000963,161.18355030161837,6499700
2022-05-16,161.74530029296875,163.70651187993383,159.53772105892355,162.35633957782542,5065800
2022-05-17,161.3609619140625,166.6532728061853,155.97997189253903,164.90887899045728,7317700
2022-05-18,155.0535430908203,162.13951105876598,153.93003872147457,160.46411191683,7454400
2022-05-19,153.34861755371094,156.9457994055741,152.4911954253041,152.9839608865461,8382200
2022-05-20,157.3400115966797,158.40438683701174,152.31381272834446,156.4431898528336,9068700
2022-05-23,158.0003204345703,158.40437667296646,153.65412557492442,157.52725477721552,6148800
2022-05-24,154.65933227539062,156.09821377684332,152.31377933297577,155.48718952836632,6928400
2022-05-25,157.3400115966797,159.54760635862863,153.07267577745333,153.07267577745333,7436800
2022-05-26,160.10934448242188,161.32154318680398,155.29009934860258,157.37941988591274,6697700
2022-05-27,162.71115112304688,162.8392599090977,157.93132043326457,158.34524159021362,7883600
2022-05-31,157.9214630126953,164.85959332493545,157.04434118995746,164.54423128429156,18114600
2022-06-01,173.52243041992188,181.75160430013304,171.8470158823147,175.43434770797737,37037400
2022-06-02,185.67398071289062,187.3789596774073,172.17221292338516,172.4678751455214,19231200
2022-06-03,182.23451232910156,186.89606901968446,181.1405724886046,182.32320649611304,9224000
2022-06-06,180.22401428222656,187.66477489994787,179.0709450399211,186.1963285804272,5811700
2022-06-07,184.4420623779297,185.87109390697128,179.08078806324073,179.08078806324073,6331100
2022-06-08,186.45257568359375,187.80274807630602,182.70755561137722,184.29426081132655,6226200
2022-06-09,184.4026641845703,189.89206278967794,183.90989879634134,185.8021160825799,8467700
2022-06-10,175.86795043945312,181.28836929044107,174.6360370642286,180.9730072861462,7855800
2022-06-13,163.62767028808594,170.18144380318526,162.6717042513022,168.08227351781989,10726200
2022-06-14,162.07054138183594,167.17559888197223,159.80381747368295,166.28861211547394,8576200
2022-06-15,166.11122131347656,169.0185342002824,162.2972068464944,164.31754801800582,7740700
2022-06-16,157.537109375,164.48508970422256,156.3248956253168,161.36095877402857,8090900
2022-06-17,160.89776611328125,163.82479403097997,155.88141754138974,156.26577398320836,13074600
2022-06-21,164.41610717773438,166.89964903472523,162.5140248907274,162.66186353533794,6736800
2022-06-22,165.0271453857422,167.98373807120072,161.83403490977213,162.31693542407186,5864500
2022-06-23,170.5460968017578,170.88117364273768,164.70189171993567,166.6433884720919,7258000
2022-06-24,183.22988891601562,183.71280443325386,173.99546991120388,175.14853917023532,12107100
2022-06-27,178.68658447265625,183.88033592752586,177.85874222121777,183.4171352548863,6170600
2022-06-28,168.97911071777344,179.69182526626952,168.95939589193276,177.6813340946879,6668600
2022-06-29,168.1414337158203,171.26556498067097,165.62832681957508,170.0040865847063,5430400
2022-06-30,162.65199279785156,165.07640512567374,158.77886406299666,162.66185772994424,9539400
2022-07-01,165.7662811279297,166.70253240052304,161.67633423491336,162.37605269672238,4561600
2022-07-05,169.70840454101562,169.85624318711996,162.22822921114772,163.69667554961208,4614200
2022-07-06,170.23072814941406,172.52701668123083,168.3582256745795,171.00930589023935,4085100
2022-07-07,174.0841827392578,174.37984502563123,170.66438921175776,171.64992014099678,4000100
2022-07-08,172.96066284179688,174.05460267838492,170.3391471918821,171.53164612791338,2869200
2022-07-11,171.83714294433594,173.76878983974584,168.78199159039346,171.48235127122007,3689300
2022-07-12,163.92333984375,170.87133499453827,161.9719930694968,169.71826576257016,7073000
2022-07-13,161.12445068359375,163.4404392532062,158.83801179964442,160.06007551741126,6225900
2022-07-14,158.70986938476562,159.37018823744233,155.36892065913085,158.70001949069814,6096100
2022-07-15,164.95816040039062,165.18482828788026,159.87281754622606,161.34126394345793,6037700
2022-07-18,165.4607696533203,170.14204107336016,164.69205681264904,166.50542992202705,3818200
2022-07-19,171.29513549804688,171.58094790064607,165.38194967775593,168.4469515961271,4373400
2022-07-20,179.8101043701172,180.8449147920602,173.06907682295733,173.55199236333277,5654000
2022-07-21,182.66815185546875,182.84554019293725,177.30686154342018,178.04600969222085,3886000
2022-07-22,179.829833984375,184.84618292009307,178.3121078972641,182.39222047434959,3804700
2022-07-25,174.72474670410156,179.3567534358879,172.54673208494845,179.1990649007619,4407900
2022-07-26,167.99359130859375,174.56708011704933,167.30370769961073,174.54736528987658,3886500
2022-07-27,177.69119262695312,179.59325970690992,171.82728782404317,172.32990307983357,4960900
2022-07-28,178.6668701171875,179.2483447115697,173.38442448674255,175.82855167077383,4562100
2022-07-29,181.35739135742188,181.75159768250103,177.61237111714044,179.1892264934718,4751400
2022-08-01,180.33242797851562,182.5005928079245,177.15901748675995,178.67674339395117,3997100
2022-08-02,181.1306915283203,182.4611640677939,176.83377681878338,178.1938140779781,4317900
2022-08-03,186.90591430664062,187.9210098498774,182.68784359311124,182.84553213369344,5786300
2022-08-04,188.50247192382812,188.80798405212838,184.54063407379186,185.8316769581604,3759700
2022-08-05,187.4183807373047,189.0248006703754,183.58466672512213,184.29425006745979,4090300
2022-08-08,187.0044708251953,191.55761834616834,186.34416698837072,188.3250784988445,3396800
2022-08-09,179.60313415527344,184.42237905170305,177.2181514802762,183.6043867025005,5851700
2022-08-10,185.88096618652344,186.82708237835695,183.5156982639497,185.4374803307917,4179200
2022-08-11,184.0281219482422,189.71463763500776,183.62406583722677,189.34999613067558,4175100
2022-08-12,187.14244079589844,187.27056461054437,182.8258111308179,183.92961583960033,3846200
2022-08-15,188.29551696777344,189.3303273413465,186.16676677722432,186.31460542373875,2768500
2022-08-16,186.84677124023438,188.08854960927135,183.66351112911104,186.80735662696603,3835900
2022-08-17,185.24037170410156,186.68908811322203,183.77192543076728,185.0038389036297,3181300
2022-08-18,185.21080017089844,185.84155433350148,183.90990730554702,185.6937156873888,2791600
2022-08-19,181.11099243164062,182.75682700042196,178.95267765572788,182.54000902963583,4346100
2022-08-22,174.4192352294922,177.977001987521,173.5125487060785,177.39554242978934,5182900
2022-08-23,173.4534149169922,175.5328854359832,172.37918999054818,173.33515603716526,5076800
2022-08-24,177.4053955078125,178.60774429778834,173.51255182000858,174.1137262149965,11438800
2022-08-25,171.39364624023438,171.62031408873366,163.16445894753372,166.14076584776146,24025600
2022-08-26,162.8392333984375,173.7490654689011,162.24792400106594,171.44292723934143,11074700
2022-08-29,157.8919219970703,163.4207512939514,157.73423343406975,161.90302519158692,9329900
2022-08-30,157.35971069335938,161.47923751006263,156.08838250002245,159.79397312186416,8079400
2022-08-31,153.86105346679688,158.87741633457364,153.71322987181563,157.4779494580585,9166100
2022-09-01,151.30857849121094,153.08253736053155,148.68706233088216,152.62918646803453,9924000
2022-09-02,151.46621704101562,156.37415576018077,150.74678383423563,154.1961413150234,7315700
2022-09-06,149.52474975585938,152.1955300808056,148.63777795866127,150.66796921207646,6373700
2022-09-07,151.06216430664062,151.83087715042646,148.3026749770983,149.1009525427215,6211400
2022-09-08,154.62979125976562,154.75791508815348,149.58387789444038,150.11607299850678,6659200
2022-09-09,160.23745727539062,160.92732586271603,156.17707498598344,156.3051988086322,5642300
2022-09-12,163.23345947265625,163.26302419148877,160.38527626708338,161.32152745212534,6353400
2022-09-13,155.8124237060547,158.9266895694095,155.52661135605288,155.96024730915462,5463200
2022-09-14,157.96087646484375,159.31104885760425,155.72371732341765,156.29532699575591,6037300
2022-09-15,152.5404510498047,157.5272343292089,152.07725038585946,154.53122741156895,7012200
2022-09-16,149.31776428222656,150.00764786425955,147.39598225315024,149.72183551444442,9882300
2022-09-19,150.61866760253906,151.31838601968118,148.22382003999581,148.52934720700802,4874800
2022-09-20,147.6325225830078,149.38676627211825,146.6962712942365,148.8151565813509,5505700
2022-09-21,145.49392700195312,151.0818852245961,145.37565307182848,149.03197921252476,6164400
2022-09-22,147.97743225097656,150.64822713077817,146.9919015265931,147.34669318889135,12405100
2022-09-23,144.8828582763672,147.67191187497465,142.69497898753735,145.92753341772206,9175800
2022-09-26,144.20285034179688,149.0023797424001,143.24688441876032,144.87300395819142,7862400
2022-09-27,146.73568725585938,148.43080151628925,144.1437363152471,146.22320700461125,7046600
2022-09-28,147.99716186523438,148.69689536619234,143.56227316233714,143.88750013844376,7908400
2022-09-29,144.68577575683594,146.82437580918904,142.91181729188665,146.30204568312158,8602500
2022-09-30,141.7587432861328,146.47944412696765,141.67004912536711,143.89734326662978,7575600
2022-10-03,145.75999450683594,146.80466975237405,141.81787143659824,142.88224647012316,6819900
2022-10-04,153.47669982910156,155.14224920639657,149.0319615503722,149.50501210078542,8017900
2022-10-05,153.96945190429688,154.6889001186147,149.74153195932726,149.99776451908147,4256200
2022-10-06,153.2106170654297,155.960241242171,152.2053714894357,153.46684964683743,3853900
2022-10-07,148.1154022216797,150.9537354486034,147.11017173548174,149.60356320235388,5956700
2022-10-10,143.53269958496094,148.7757304573653,142.48803938325784,148.44063856938018,5497800
2022-10-11,140.50714111328125,142.87240914835598,137.50126900011853,142.41905833866284,7415000
2022-10-12,140.2311553955078,141.36452471287865,137.56037564437406,140.25087021996777,5707100
2022-10-13,143.3355712890625,144.22254280407762,135.59915014919525,136.94933728214485,6548600
2022-10-14,140.16221618652344,145.56292170805273,139.94539816941742,145.1982800601968,5736300
2022-10-17,145.0504150390625,146.8440883023409,143.8283664788571,143.956490294236,6288200
2022-10-18,151.30857849121094,156.66986972381983,149.7021580931581,154.18632730677095,16354800
2022-10-19,151.44650268554688,153.6935115055262,148.46034583167946,149.66269450317782,6220500
2022-10-20,155.22109985351562,158.9661198734557,151.37753577710734,152.75727287171378,9203400
2022-10-21,157.85247802734375,158.10871064048433,152.57989688282186,155.2211124026034,8335500
2022-10-24,158.32550048828125,159.23220196313997,156.10805641960502,158.84783055475125,6259200
2022-10-25,162.878662109375,163.62766002359928,159.35046041809892,159.36031031136326,5804500
2022-10-26,157.59622192382812,161.74529785690012,156.4037231292507,157.4878129425029,6617500
2022-10-27,157.4385528564453,162.27751292581837,157.0147818103491,159.45889410101523,4987700
2022-10-28,160.66122436523438,160.73020369680765,155.88139429316934,157.20200186676885,5055400
2022-10-31,160.23745727539062,161.62705938286507,158.67046683317852,159.77425657289913,4878100
2022-11-01,157.50753784179688,163.30244865253425,157.33013448009737,162.61258010816152,4545900
2022-11-02,147.83949279785156,157.4582845203346,147.7902282806247,157.20203684831208,7238200
2022-11-03,144.21270751953125,148.24352442824122,144.01560438934098,146.84407265448388,5999400
2022-11-04,137.7476348876953,144.82373833884697,134.07159442288827,144.38025251619356,14265300
2022-11-07,142.49790954589844,142.8329864435384,136.7621275146203,138.58535066096118,7379900
2022-11-08,144.9716033935547,149.36706284655588,142.980826737608,142.9906766330602,9101800
2022-11-09,140.0044708251953,144.21269058347485,139.88621196857022,143.73964011897132,5588500
2022-11-10,154.03846740722656,154.10744674362417,147.5635228178667,148.81515114743064,8777900
2022-11-11,155.44776916503906,157.60608402716994,153.32888395626583,154.22572059507024,7382500
2022-11-14,156.36431884765625,157.8426150335746,152.41233075297714,153.56541501143911,6580100
2022-11-15,159.72499084472656,162.8589717052899,158.42408291452557,160.3261502220988,8116100
2022-11-16,152.8755340576172,158.49307169115397,151.60420593257882,157.68492921070586,6454700
2022-11-17,147.5240936279297,149.56413436738424,146.19362116106421,148.01685898039761,7357900
2022-11-18,145.89796447753906,150.11604988966886,143.54254660489497,149.64298430598723,7555700
2022-11-21,142.75413513183594,145.2080970746535,141.32510351414015,143.9072043046067,8015900
2022-11-22,147.09046936035156,147.2185931743015,140.85205769950252,143.09906668166536,7017700
2022-11-23,150.0372314453125,150.697535351742,145.41508906229777,145.48406840636827,5558900
2022-11-25,151.1311492919922,151.81115289000502,149.18965247594045,149.86967111195938,3023700
2022-11-28,151.46621704101562,153.0726369085156,149.8006677370687,149.8006677370687,7931700
2022-11-29,149.4853057861328,151.791459306462,149.07138465120366,150.5102662480584,6398100
2022-11-30,157.9313201904297,157.9313201904297,147.95775270725886,148.56877702781452,14591500
2022-12-01,144.87301635742188,145.4544758751773,140.02420700226475,145.4150612629589,33721500
2022-12-02,142.46832275390625,143.1089267639399,140.71407922268565,142.20222524087671,15086700
2022-12-05,131.9921417236328,142.30080120328475,130.9573463442803,140.73381073477213,20294600
2022-12-06,131.3416748046875,132.60315284198916,129.01582185378675,130.78978004311858,16981800
2022-12-07,128.59202575683594,131.81471496129697,128.1386901117088,130.5828017373596,12915900
2022-12-08,128.24713134765625,129.55788915231088,125.18212235473266,126.5717169111157,15156900
2022-12-09,129.21295166015625,131.44024599014313,126.5027417950716,127.86277919407648,10287500
2022-12-12,131.1840362548828,132.149852455481,129.05528561690258,129.20312429449044,11852400
2022-12-13,133.65768432617188,137.8560552226486,132.10054383381745,135.40207807946862,12579800
2022-12-14,132.80027770996094,135.28381958167228,131.3022666561343,133.0565103089285,9611800
2022-12-15,128.55264282226562,132.17938902882727,127.80362977325322,129.76484152263185,10807300
2022-12-16,126.41403198242188,128.00073707222904,125.0539947517284,127.05462094696279,15464700
2022-12-19,127.1433334350586,127.70509325499046,125.35952494806007,125.92127724898802,9441400
2022-12-20,126.5914306640625,128.10915654626004,125.34966724608833,125.65517939382751,8455500
2022-12-21,128.4146728515625,130.2477608353527,124.76820419263416,126.10852675108298,9313200
2022-12-22,127.32073211669922,127.66565888922511,124.5119631966642,126.8082518672808,9968600
2022-12-23,127.56709289550781,127.98101397417933,125.74385513273612,126.8673594999887,5821300
2022-12-27,128.7694549560547,129.84367989406437,125.80300521140833,126.69983430876465,8300800
2022-12-28,126.61115264892578,129.2425182792564,126.31549037897688,127.83321634697766,6249800
2022-12-29,130.6222381591797,131.02630937323633,127.62623131491878,127.82333445606655,7628800
2022-12-30,130.67153930664062,130.7208188595759,128.47380959540232,128.72019232207055,5630200
2023-01-03,132.82984924316406,134.9684494230835,131.10517022342182,133.2339205083398,8196400
2023-01-04,137.5702667236328,139.7975763762705,135.62876947821417,139.17668704294096,14322600
2023-01-05,134.3672637939453,136.58470806310257,132.29765816553572,135.64845682372635,8493500
2023-01-06,138.4769287109375,139.6004332329107,133.58870431421462,135.5893306556405,9145700
2023-01-09,144.9716033935547,147.0412092891354,140.52684934926768,140.52684934926768,13679700
2023-01-10,145.30662536621094,147.11999795246902,143.49325277995283,143.70020577227436,6527700
2023-01-11,142.80340576171875,144.91244105531658,141.48279810941122,143.1779122748831,13595000
2023-01-12,147.43539428710938,147.65221223760844,141.8572870842784,145.70085068311693,11678000
2023-01-13,147.34669494628906,147.7901958079556,143.97618163325828,144.08459061575365,8378100
2023-01-17,146.32174682617188,148.31252308610766,143.98604383792392,147.4354013490774,9407600
2023-01-18,143.34544372558594,147.3762608599416,143.18775519740433,146.7061071721784,7812600
2023-01-19,144.29156494140625,144.55764742433283,141.08858991012474,141.4433815920331,7070100
2023-01-20,149.0615234375,149.33747083983144,142.21208784747714,142.21208784747714,10127100
2023-01-23,153.61468505859375,155.58574671087777,151.0128842790991,155.07328150864896,19922900
2023-01-24,152.61929321289062,157.8918887636143,152.2645015398213,153.64423858064322,6390200
2023-01-25,153.9103240966797,154.13699194185756,147.65221331751752,149.0221003576873,9390500
2023-01-26,162.70127868652344,162.78012295630717,155.81242791199531,155.90112207624946,13354600
2023-01-27,162.1395263671875,164.82017126258032,161.23283986404084,162.661856471848,9872300
2023-01-30,162.36622619628906,164.03177593027175,161.03575338069095,161.69607235951992,8169800
2023-01-31,165.5396270751953,165.5790416946144,161.90301563495166,161.90301563495166,6421300
2023-02-01,169.33389282226562,170.57565609593723,164.5836276095441,165.30306081300427,8853900
2023-02-02,172.1130828857422,176.25230886718433,170.3982540337424,173.16760796547905,10667100
2023-02-03,168.565185546875,172.5467384977481,167.40226639261456,167.55995493360115,6481700
2023-02-06,166.60397338867188,168.69329373006153,164.9285741505006,165.5691631116231,4310600
2023-02-07,168.80172729492188,169.24521318166924,164.19929990701735,165.14541616501845,6179200
2023-02-08,167.17559814453125,169.9547872427496,166.78137679293533,167.5402397365014,7694500
2023-02-09,171.1472930908203,172.84240737636998,169.5211581458414,170.82206610182453,11512300
2023-02-10,164.6132049560547,167.28399998618312,162.93780563790332,165.23409415952503,11273700
2023-02-13,168.60458374023438,168.68342799601567,164.5343373837994,165.84509493990566,8820300
2023-02-14,167.5008087158203,170.2898474354259,165.42133828358052,165.7859798398388,8393100
2023-02-15,168.62432861328125,169.1269439157006,165.8057098783273,166.40688427753796,4997000
2023-02-16,165.6775665283203,167.90486049596362,165.52974293856713,166.54483835621915,7483500
2023-02-17,162.7801513671875,164.69208388862407,160.38531828630175,162.6421776304864,8084500
2023-02-21,159.28147888183594,162.1296622171778,159.11394045481657,161.3708143485617,5210800
2023-02-22,160.99630737304688,162.61257723617712,159.76439390913646,160.7499246802648,4343700
2023-02-23,161.74530029296875,163.0757728076344,159.23220893549808,162.89836945460965,4679400
2023-02-24,159.85308837890625,160.04034163186415,157.34984683211647,158.26638323279735,6569900
2023-02-27,160.77947998046875,162.38589985545158,159.87279352871315,161.46934847223875,6891200
2023-02-28,161.24269104003906,162.07053328366712,159.19278521914606,160.1783159962289,6912600
2023-03-01,164.92857360839844,165.5494477421825,160.62179409434276,160.63165902596197,15841200
2023-03-02,183.89019775390625,191.10429079656356,182.52031047346821,190.32571300351893,37712500
2023-03-03,183.7324981689453,187.02418244014748,181.62346287748386,185.34878310285677,12087200
2023-03-06,181.14056396484375,186.2653211149011,180.9730255334811,182.39219229091375,10770300
2023-03-07,180.6675262451172,183.46643030584218,180.3817138716302,181.79103083501425,9024300
2023-03-08,180.3028564453125,182.2246384933722,179.16950204307403,180.64779823973635,6749100
2023-03-09,176.13406372070312,181.17997654557348,175.9566603590129,180.45069338642026,7102400
2023-03-10,170.67420959472656,176.7647975040159,169.2254932142222,175.91724044990787,14109000
2023-03-13,172.97052001953125,174.53752555381755,167.54025026292743,168.525781146827,9154800
2023-03-14,180.24374389648438,182.6287268460662,176.5184383347896,177.39556022549536,10138100
2023-03-15,180.26344299316406,181.19969424948948,175.63145122133835,176.56770247766377,7716900
2023-03-16,184.5899200439453,184.93484679777103,180.33241981130283,180.6477968824644,8369500
2023-03-17,182.17538452148438,184.944723817338,181.51506561533452,183.34815360674762,10493300
2023-03-20,182.569580078125,182.83567760386043,180.00719399165044,181.5446346663391,5513200
2023-03-21,185.94996643066406,186.54129099679676,182.21481086735088,183.18062695655973,6982000
2023-03-22,183.81134033203125,188.67001489634637,183.7127962768522,187.2508481673131,6575600
2023-03-23,184.7279052734375,187.80275671899042,182.89481728751002,184.6884756180801,8685000
2023-03-24,187.30996704101562,187.5662146536388,183.3974088627833,183.80148006883877,6102700
2023-03-27,188.49261474609375,189.33032193841552,186.17662639686236,186.1864762911461,7776500
2023-03-28,189.517578125,190.03990825223622,188.4137733898913,188.4137733898913,4899000
2023-03-29,193.79476928710938,194.57333197577734,190.08917901943857,190.3454116049989,8085200
2023-03-30,193.75535583496094,195.30263132759356,192.66141607626912,194.90842503390536,6932500
2023-03-31,196.88934326171875,197.10616124212564,194.13971892911405,194.63248433221938,6634300
2023-04-03,193.64695739746094,196.05163998076443,192.70084118786073,195.35192151564965,5340800
2023-04-04,194.34666442871094,195.82496058060985,193.77505477874928,195.2829156506457,4659100
2023-04-05,192.48402404785156,195.4209017113211,190.92688353151348,195.13510438727496,3953700
2023-04-06,189.7639617919922,191.2619728442455,186.85664888988723,191.19297846882273,6304700
2023-04-10,188.71929931640625,189.76395956392008,186.54126962001848,187.83231256885185,5263800
2023-04-11,186.15692138671875,187.70421203723257,184.59978084140178,186.32445982641644,4907700
2023-04-12,187.56622314453125,189.1134986318523,186.78764541586148,187.54650831851265,5033400
2023-04-13,191.2126922607422,191.56748395440778,187.69434004539113,187.69434004539113,4716400
2023-04-14,191.8335723876953,192.34605263619764,188.42364409552428,189.0740980603918,5073800
2023-04-17,194.2283935546875,194.66202947188086,192.20805259758495,192.33617640166622,5413500
2023-04-18,195.6278533935547,197.22440839246366,194.20868671096636,196.19946303170863,4679000
2023-04-19,196.04177856445312,196.18961720245562,192.89793300847694,193.45969276447545,3665100
2023-04-20,194.6521759033203,197.18499718659635,193.9721723076684,194.32694894644015,3620000
2023-04-21,196.15020751953125,196.2389016885586,193.62725090270246,194.17914578288278,4860100
2023-04-24,192.09967041015625,195.8939701767785,191.25211328234488,195.5785930882872,4449700
2023-04-25,187.9111328125,191.31121064839232,187.87171820205117,191.1633870617032,5010000
2023-04-26,188.74887084960938,191.55762472321825,187.81261955840642,189.83294575173645,4007600
2023-04-27,193.10488891601562,194.652164304483,190.47352373587927,191.3604953559683,4794400
2023-04-28,195.49972534179688,195.77567274208914,192.44458911341664,193.31184592661856,4094600
2023-05-01,194.92813110351562,196.16990954086125,194.26782726940633,194.8985663824366,2882900
2023-05-02,191.03526306152344,195.53914547933672,190.13842653520106,195.1547891163421,6051000
2023-05-03,189.8230743408203,192.957054841237,189.7737947967623,191.39992952264356,3779900
2023-05-04,189.59642028808594,191.74487021579097,187.9998501647937,189.12335467629222,4386500
2023-05-05,194.7310333251953,195.24351356805474,190.45383312696373,191.1437017011935,4284400
2023-05-08,195.03652954101562,197.59891550794188,193.2428713945719,195.84467197480214,4169400
2023-05-09,198.2690887451172,200.85118979223668,193.93275902993545,193.93275902993545,6996800
2023-05-10,201.885986328125,203.29528812549086,200.10216298413533,201.97468048921664,6535600
2023-05-11,200.52598571777344,200.85121273926998,195.67717519711465,199.974090786025,5366300
2023-05-12,198.8899688720703,201.0088691205223,197.23428434190018,200.4865239601639,4733600
2023-05-15,200.3879852294922,202.4280262253957,199.55027800978837,200.80190637303772,4518200
2023-05-16,201.6001739501953,202.69411371751272,198.8308348644835,199.00822318664004,4423200
2023-05-17,206.35044860839844,206.4588576004889,201.83671563282434,203.51211502494402,5772200
2023-05-18,210.2334442138672,210.78533907347867,206.30117078212473,206.46870921893486,5165500
2023-05-19,207.31626892089844,210.15460256344588,206.89248283826467,209.878655130199,6091600
2023-05-22,207.2176971435547,209.74066858146557,206.01534838453668,206.14347219856515,3890800
2023-05-23,203.6500701904297,206.60666239124197,203.48253177027766,204.73416001259642,4256800
2023-05-24,206.03506469726562,207.16843412937234,202.44773322064478,203.05875749871555,4894000
2023-05-25,206.8727569580078,209.25773949485207,205.42402559717183,208.9522273778604,6496700
2023-05-26,212.32278442382812,213.0225029577634,209.47460065832615,209.72098338903743,6933300
2023-05-30,215.70310974121094,218.92579949390733,212.60854379776114,216.0973310627367,10421000
2023-05-31,220.14788818359375,221.74444336364962,213.91932593398008,216.37330318755383,19624000
2023-06-01,209.81948852539062,212.24390076245064,203.0784618730857,205.20721188055222,20907400
2023-06-02,209.9476318359375,213.01263332348896,207.38524565877933,209.81950801567746,11026900
2023-06-05,206.82347106933594,209.24788318186876,204.06398213154395,207.42464539136202,7804400
2023-06-06,209.77020263671875,210.3122324580506,205.35501454431278,205.53241787918827,6796000
2023-06-07,202.75323486328125,213.52509366772304,201.81698366818844,211.77085015413692,9323900
2023-06-08,206.4982452392578,207.335952344881,201.88596880671054,202.40829887181513,5548600
2023-06-09,212.19464111328125,215.49617541695122,207.64149347985597,207.64149347985597,7676700
2023-06-12,210.59808349609375,217.20113698764106,209.07050771630125,213.0224808939003,11568300
2023-06-13,205.9562225341797,213.10132083975896,204.91156229144502,212.38188756583904,11698900
2023-06-14,206.37014770507812,208.6467365313394,202.05353293906595,204.6947483185798,8963400
2023-06-15,208.8536834716797,210.2432854964274,204.3695153640081,204.94112502747893,7905400
2023-06-16,208.6959991455078,210.5586517769724,207.55279483351336,210.45024278623077,13672700
2023-06-20,213.83062744140625,213.90947171312416,205.59158902197225,205.63100363882762,9522900
2023-06-21,206.55740356445312,214.6486183156056,205.05940752649147,213.38714005310786,7971600
2023-06-22,210.203857421875,210.86417629039912,206.06463107525383,206.59682612779469,5689800
2023-06-23,207.05015563964844,207.94699224851468,205.05939431373324,207.45422686403953,14037600
2023-06-26,204.3596649169922,208.68614447724335,204.3498150227889,205.99564963512069,4771500
2023-06-27,205.79855346679688,207.4345232024198,204.51736039060475,205.1283846880781,4014800
2023-06-28,209.10006713867188,209.1296318595051,204.59619922166488,205.39447676017554,4775900
2023-06-29,207.38523864746094,209.57311822251052,206.685520202021,208.8339701238588,3838300
2023-06-30,208.20323181152344,210.7557680175233,207.90758460133628,208.794556307911,5984200
2023-07-03,208.58758544921875,208.89311262569396,206.88262139511474,207.52322543068436,2400000
2023-07-05,210.72621154785156,211.5146241898978,207.05017068517893,207.44439204420925,5069300
2023-07-06,207.0994415283203,209.4252948157948,204.82286778840378,208.1441017693204,4250900
2023-07-07,206.55740356445312,209.04094547287366,206.2518914124742,206.73480693405813,3022200
2023-07-10,209.73080444335938,209.78993388451752,205.3057808326194,205.9759345497535,3820100
2023-07-11,217.9698486328125,219.13278281472327,214.0967197466163,218.84697045697953,10028100
2023-07-12,223.99142456054688,224.7897020509307,218.4034670898544,218.68926438668103,8923500
2023-07-13,227.03671264648438,227.61818721423492,224.306803313409,224.9572421754597,5800300
2023-07-14,226.01177978515625,228.84024836419596,224.8488456233656,226.37642136837556,4278700
2023-07-17,224.70101928710938,226.94802827693994,224.51376603162242,225.9230828758619,3557900
2023-07-18,224.3363800048828,226.29757666546624,222.20762987545956,223.76477033838918,5092700
2023-07-19,230.9788360595703,234.77313544575085,227.88427011956543,230.59447967026418,8516300
2023-07-20,224.85870361328125,230.12143430474802,224.03086137736636,227.75616647698945,5303000
2023-07-21,224.76014709472656,227.47035673748383,224.00128418411276,226.67207921242542,3529700
2023-07-24,222.39488220214844,224.29694941306664,220.30554669660353,223.97172244704305,5363200
2023-07-25,222.75950622558594,224.22795240407186,221.931664034415,222.611682633593,3203700
2023-07-26,222.3160400390625,224.21810726798924,219.8916276502992,221.2122503533851,4856700
2023-07-27,221.8922576904297,226.81006188666206,220.7687531592632,224.74044115335212,4299600
2023-07-28,222.33575439453125,224.02100364048448,220.73918427340968,222.7299606991501,4238700
2023-07-31,221.75430297851562,222.11895963832015,218.54147764974903,219.13280220650742,5571900
2023-08-01,221.02500915527344,221.557189200476,218.42320829848978,220.65050261805217,4212600
2023-08-02,217.30953979492188,219.62554317301817,215.6341404548979,218.76812115750673,5127000
2023-08-03,212.44100952148438,215.0526750742938,211.49490840736945,213.07174861022966,5515200
2023-08-04,211.48504638671875,214.10656186959454,209.9870504290808,213.27871962384629,4800400
2023-08-07,212.93377685546875,213.7517692033373,211.26822743952005,212.1946287741665,3615200
2023-08-08,208.51861572265625,211.0908518016613,208.08497974948955,210.46011266923898,4843800
2023-08-09,202.88136291503906,208.59744433232845,201.94511170036375,208.5875794004017,7847500
2023-08-10,205.23678588867188,207.2965416193214,203.45297757466406,205.16779151550824,4004700
2023-08-11,205.68026733398438,206.46869495238226,202.52657189839883,203.14746109156317,2930800
2023-08-14,208.99169921875,209.0311288796137,204.12317372473737,204.89188669347521,3304700
2023-08-15,205.75912475585938,209.29717681391105,204.83272337285823,207.28670054455233,4076400
2023-08-16,203.99502563476562,206.65595578623925,203.95559598149563,204.9904063287372,2759600
2023-08-17,200.8905792236328,203.93586555246878,200.4470934053178,203.5810889282211,4062700
2023-08-18,201.8662872314453,202.52659110103377,197.3032745516538,198.06213752213915,4267200
2023-08-21,206.0054931640625,206.389849558204,201.26509262364885,203.01933617003883,4023300
2023-08-22,203.7683563232422,207.06989073764572,203.01935827919584,206.8136581263159,3153200
2023-08-23,206.10406494140625,207.93715286583762,204.14285319837268,204.99041030403464,3833200
2023-08-24,202.5364227294922,208.92267293385902,202.46744339549144,207.9568419537998,3960300
2023-08-25,206.4391326904297,207.74002549396982,202.50685948358048,202.53642420379688,3068800
2023-08-28,208.6565704345703,210.39109913125804,206.60666468139078,207.40494217837778,4086900
2023-08-29,208.8931121826172,209.3858775760072,203.53182229645282,203.75849016677043,5850400
2023-08-30,211.92855834960938,212.4706033528001,206.39972939308007,208.70588313047267,9946000
2023-08-31,218.25564575195312,225.4795728908608,217.99939813352142,224.7010102177936,19268400
2023-09-01,218.3246307373047,220.729328227277,217.32925007117944,220.2661275613558,5600900
2023-09-05,215.52574157714844,217.13216165680737,214.46136646651618,216.15648071255933,5807300
2023-09-06,218.41331481933594,218.99478937692052,215.850943952951,216.2944297723248,5066700
2023-09-07,219.31019592285156,219.50729910059647,216.13678513573066,216.5901359787516,4201900
2023-09-08,221.50787353515625,222.20760694514092,219.63537123036005,220.08872196666076,4578900
2023-09-11,222.04994201660156,223.54795304239798,219.56640019136134,222.73981056861092,4418000
2023-09-12,218.45277404785156,221.53747541396362,218.05855268102698,220.21686767061814,4002300
2023-09-13,215.63414001464844,218.6498618281358,215.14137461929414,217.9796930706906,4173600
2023-09-14,215.6144256591797,217.37853419968525,215.18078970423963,216.24516476509072,4297200
2023-09-15,211.50474548339844,216.01847792287356,210.3713911863403,215.70310087861085,9939000
2023-09-18,211.8891143798828,213.24915164713423,211.0809719347027,211.4554784373965,4279400
2023-09-19,212.57896423339844,212.93375587899263,209.1887362950551,211.28792145132107,4001500
2023-09-20,209.9476318359375,214.03757877154797,209.83922284294988,212.08623193577782,2990900
2023-09-21,205.59158325195312,208.82412311162972,205.05940323030197,206.76436732408098,4957300
2023-09-22,203.443115234375,206.68551997823346,202.90108532635588,206.28144874228644,3848300
2023-09-25,203.35443115234375,203.54168441916292,200.9201687597092,202.03382342783962,4067300
2023-09-26,199.56011962890625,203.45296294038337,198.36762084861823,202.496996945063,5404500
2023-09-27,199.79666137695312,200.9792953678478,198.0325678042529,200.05290901761848,4123800
2023-09-28,200.2598419189453,202.18162384051135,196.6626607590398,197.8551445245732,4344000
2023-09-29,199.845947265625,204.78345147729001,199.17579349679548,202.1126712589151,4405100
2023-10-02,200.7624969482422,202.14223412907342,197.61865111691165,197.8945985530779,3745700
2023-10-03,196.93862915039062,200.62451989797404,194.56349622183015,199.81637739261865,4622400
2023-10-04,198.9490966796875,199.80651869677337,196.62324340307552,197.9734308174266,3656400
2023-10-05,199.08705139160156,199.22502508814947,195.61799415325265,199.07720149827853,3592600
2023-10-06,204.3596649169922,205.2565015437019,196.99774872342036,197.57920827954828,4989200
2023-10-09,204.2216796875,205.2663398583592,201.7282881361457,201.92539127513703,2781100
2023-10-10,203.88662719726562,206.19276577869462,203.27558784400975,204.63562523008665,4503500
2023-10-11,203.85704040527344,206.1730286307981,201.4523429839072,204.2315318621379,3971000
2023-10-12,202.70396423339844,205.5620125269615,200.32884647520402,204.82286443969616,3548500
2023-10-13,201.62974548339844,204.14285206490823,200.2697231868926,202.14222571695498,3677500
2023-10-16,205.51272583007812,206.45884196558356,202.07321810332078,202.86164570990766,3623200
2023-10-17,206.8037567138672,208.87337718140557,203.01932246728748,203.50223791984774,4006100
2023-10-18,201.8662872314453,206.5968383523556,201.23554808452442,205.8576902096511,3380800
2023-10-19,205.30577087402344,207.89770649310424,202.5561316894932,203.4628181652864,4995900
2023-10-20,200.78216552734375,205.09879481038533,199.19546049702976,204.3596467845497,5539100
2023-10-23,199.0771942138672,200.62448457525673,194.9872479717049,197.0075738033727,4564100
2023-10-24,201.2650909423828,201.67901205276937,198.0226863540129,200.78217546126228,3959600
2023-10-25,194.2086944580078,200.7920479341809,192.60227446321883,200.25985288797798,4490000
2023-10-26,193.41041564941406,196.77107921962858,190.87759432559656,194.56348485789695,5149100
2023-10-27,193.72579956054688,195.4406135546567,192.58258020580246,194.44523284499516,3168600
2023-10-30,196.38673400878906,197.67777699858073,194.2284190706763,196.12063647228015,3438300
2023-10-31,197.9241180419922,198.98849292595528,195.78551838145668,197.52004687494988,3425400
2023-11-01,200.9595947265625,201.53120441130633,197.58908109969943,198.01285213745382,3593600
2023-11-02,205.09884643554688,205.24667006272045,202.9700959761941,203.32488771941956,4963600
2023-11-03,204.46807861328125,207.1388586904876,204.2019810836016,206.3602959663223,3861900
2023-11-06,204.41879272460938,205.46345294605186,201.72829790398785,205.1973704626321,3729700
2023-11-07,208.77487182617188,210.2531682440011,205.93655292978576,206.4687330234804,5467100
2023-11-08,208.41021728515625,209.44502772116954,206.61654385766553,209.3464686175462,3433500
2023-11-09,206.97132873535156,210.48968109388392,206.04494236675353,210.47983119905035,4731400
2023-11-10,210.53895568847656,211.16969481714793,205.81825459903953,206.3701494568761,4112600
2023-11-13,212.16506958007812,213.01262667023403,208.69599695083454,209.4942895313588,3306600
2023-11-14,217.9796905517578,218.0486849245532,214.79643034519592,215.83124067108318,4743800
2023-11-15,216.2451629638672,218.16694498633808,214.51063419656126,217.55592071201562,4800700
2023-11-16,218.2458038330078,219.54671177389577,215.7721268119651,216.8167871074014,3712300
2023-11-17,218.0191192626953,219.56639475978253,217.19127702076304,217.96983971634086,3634900
2023-11-20,221.87254333496094,222.82850936884188,217.4277900126057,218.22606751681423,4599300
2023-11-21,221.0742950439453,222.7004149868039,220.30556711971255,220.75891794292593,3852300
2023-11-22,220.60122680664062,222.42446493526919,219.98035258304907,221.0545776245401,3893600
2023-11-24,221.1333770751953,221.24178605067456,218.90606813134985,221.11366225110692,1869100
2023-11-27,221.53744506835938,222.94676182495064,221.00526509355214,222.2371784998707,4885500
2023-11-28,221.6655731201172,222.26674747543456,219.01449301286527,220.37453025165016,5535300
2023-11-29,227.0170135498047,228.15036789346843,223.9717121131846,225.30218463662095,12327400
2023-11-30,248.2552032470703,248.84652774404097,240.12457412276004,245.4464494814762,24425700
2023-12-01,256.2380065917969,259.6183699989763,246.08703639998205,246.38269864595853,14538200
2023-12-04,247.03317260742188,251.4286318863387,246.23489500517064,249.14220807729853,11429200
2023-12-05,247.38795471191406,248.02854374023693,245.04238650961145,246.37285915367542,5771500
2023-12-06,245.52528381347656,250.3050989915174,245.24933640286005,247.88070173567144,5374800
2023-12-07,245.24932861328125,247.10211616314328,243.31768176231233,245.15076952490318,6568200
2023-12-08,247.1809844970703,248.44246275352512,244.411645277228,244.95369024008133,4605800
2023-12-11,248.45230102539062,249.85175284603613,246.09688320138784,246.38268049403854,4766000
2023-12-12,252.73936462402344,252.86745835349546,247.38792500631428,248.15663776319983,5827600
2023-12-13,253.5968017578125,255.37074523094802,251.46805154444135,253.78405502260077,6567600
2023-12-14,253.48837280273438,255.02579846985986,249.55611447058803,252.78865434454596,6613200
2023-12-15,257.81488037109375,258.5145988641546,250.82745510740958,251.32022054004696,13739500
2023-12-18,259.77606201171875,261.74712362726444,255.9226329442054,256.06062169378004,7498500
2023-12-19,260.5151672363281,262.72274625804386,259.9238428337947,261.62882167796425,4665500
2023-12-20,256.484375,261.0868167877197,256.31682154081057,257.87397695206084,4510500
2023-12-21,263.3830871582031,264.477011830214,260.416630041471,260.91926033726577,5160700
2023-12-22,262.4862976074219,264.27010613924676,261.4613370450199,263.392999273396,3110600
2023-12-26,262.3680725097656,262.67358472356636,260.7912168435558,261.68805369168774,3218800
2023-12-27,262.8607177734375,263.14653006321595,261.5598101882459,262.09200512328,3387000
2023-12-28,261.7372741699219,263.0579119973112,261.4613267304708,262.64397580012695,2958700
2023-12-29,259.3325500488281,261.80621153218436,258.84961957795076,261.1754875548057,3706600
2024-01-02,252.4240264892578,256.7899210241455,250.09817303505355,256.7702212341154,4741400
2024-01-03,248.19607543945312,250.48251413558984,248.12709610255604,249.8320601922399,5097100
2024-01-04,247.6047821044922,248.98451931237113,246.22502985860552,248.18624171081206,4489800
2024-01-05,247.48648071289062,250.23611996650476,246.5502294944294,247.57518991056008,3676000
2024-01-08,257.09539794921875,257.77541656224315,247.75257079489737,248.56071321559466,6626000
2024-01-09,257.55859375,260.111114695712,255.03563752273215,255.7452208414019,4571800
2024-01-10,260.3082580566406,262.60453161401597,258.9482207245929,259.46068591921386,5128300
2024-01-11,267.453369140625,269.01049466330994,261.26423655347196,264.12227002737114,9012600
2024-01-12,267.9953918457031,271.2574964925461,267.1379848342871,267.3055383091222,4847600
2024-01-16,265.2950439453125,267.64061210998915,263.84631243630713,265.79767428803285,5858700
2024-01-17,267.5124816894531,267.9658174343585,260.3082539763128,264.40806569705694,4706500
2024-01-18,270.4887390136719,271.70095256400026,268.20233071917954,269.0498726581016,4752400
2024-01-19,276.8158874511719,277.919677101256,271.5432918172044,272.50912279903423,7413600
2024-01-22,276.2442932128906,281.5858838078026,276.1161994625388,279.68381643054306,6735900
2024-01-23,272.7653503417969,277.63387492938483,271.7206900935465,276.7666030079664,6573800
2024-01-24,272.8738098144531,276.89476279167206,272.68655653091423,275.92896172501594,7037800
2024-01-25,274.99261474609375,275.80075709345556,272.85400001241845,274.57867864163745,4178000
2024-01-26,275.8895263671875,279.2403254583204,274.6576127251521,275.2390723550708,4877400
2024-01-29,283.6949157714844,283.9807281591427,276.9341881068584,277.32839445906694,5762300
2024-01-30,283.5667724609375,285.10419801908824,282.37425860318336,283.468213371105,4810900
2024-01-31,277.0228576660156,281.4971760598675,276.75677516902095,279.9400205043795,4557300
2024-02-01,279.69366455078125,280.92557820732276,277.2889666871308,277.92958584934604,3218300
2024-02-02,281.5267333984375,283.99056041122645,279.06290638564855,281.0733976493681,3629600
2024-02-05,283.94122314453125,284.86762436816826,277.2888912099512,282.1081505590423,5274800
2024-02-06,281.6942443847656,284.4636134950884,277.8309806414478,283.7737299314899,4207200
2024-02-07,284.6607360839844,285.6068373085433,281.0734193163566,283.19230469549007,3621400
2024-02-08,287.7256774902344,288.8688665463255,284.7986503361213,285.1139972777976,4488400
2024-02-09,287.0850830078125,290.9680764006787,286.838700330986,289.0068799174632,4376300
2024-02-12,283.1627502441406,286.7894967998605,282.84737313250844,286.6121084530737,3750000
2024-02-13,277.0819396972656,279.3289484043246,272.4203989131176,276.35265663146856,4956600
2024-02-14,284.9662170410156,285.271729174611,280.5214937057992,280.8762703476471,3850700
2024-02-15,287.71588134765625,287.77501079310787,283.84275229049945,287.1245568171249,3986500
2024-02-16,285.52801513671875,287.84401877978394,283.71464187977017,287.77502439815686,4159400
2024-02-20,282.2461853027344,286.6416443281612,280.03857581951326,285.3111717091335,4295500
2024-02-21,279.4472351074219,279.4669649712794,274.3323280543816,276.01760730955345,3797200
2024-02-22,289.401123046875,290.3669540904187,287.18367867299565,287.77500318789964,5264300
2024-02-23,288.5633544921875,293.68812576411204,286.86824061695165,293.68812576411204,4416800
2024-02-26,296.04364013671875,299.43383874731524,290.7316141734683,291.31307379269333,8719300
2024-02-27,295.1664733886719,297.38391767957177,292.30844009560354,297.2163642108136,6178800
2024-02-28,295.4325256347656,296.5264803458222,292.31824502921273,295.24527239662086,12490800
2024-02-29,304.3516845703125,306.0467990595574,290.52468611902543,295.6592941053701,21737800
2024-03-01,312.29498291015625,314.0984909147805,302.18342798387164,302.55793447388385,9450200
2024-03-04,310.08740234375,313.05382937998803,309.0033125289737,310.01840797462535,9350000
2024-03-05,294.4272766113281,308.027587316444,291.8550560956595,306.80553895583586,9015300
2024-03-06,299.3746643066406,301.4640147549526,298.3595688398716,300.24193617650377,8270000
2024-03-07,298.04425048828125,302.331285590417,297.3839315906568,301.5724376693984,6788900
2024-03-08,300.86285400390625,304.40090611475614,297.827432246402,297.827432246402,4851600
2024-03-11,301.5724182128906,303.15910832974697,295.90561623666804,298.2610492337057,4895500
2024-03-12,302.1835021972656,304.56850038591176,299.47329202090424,302.2721963757334,4832000
2024-03-13,300.6637268066406,303.67354003403346,299.1144151860524,300.9795158214034,5548800
2024-03-14,299.32171630859375,305.4103679954856,298.0191090018402,300.979563727024,4828800
2024-03-15,290.4501953125,296.09479677186596,289.89757951496506,295.01916851897465,11885100
2024-03-18,296.54876708984375,297.00269506043503,292.11793259205785,295.67048437675913,5240500
2024-03-19,297.4763488769531,297.7921078031773,292.71000025954714,294.24943419285455,3329900
2024-03-20,302.0452880859375,302.9728995622566,296.726353882444,297.9894799181317,4946600
2024-03-21,304.3248291015625,307.6898521086576,302.311711872372,303.880748938479,6083900
2024-03-22,303.71307373046875,306.1406685624221,302.607841993306,305.2426602471508,3779000
2024-03-25,302.02557373046875,303.6538177258052,298.5519845327309,299.6966972504096,4141200
2024-03-26,301.7985534667969,303.9202363840115,300.8709721982292,303.42682735494714,3893900
2024-03-27,297.4072265625,305.2228085970409,294.6934769447545,303.38734149274455,3859900
2024-03-28,297.2099304199219,298.80857125851907,295.68037409047514,296.0454920455492,4892300
2024-04-01,298.275634765625,299.50915733364894,296.03553850830343,297.7131412469348,2918100
2024-04-02,299.99273681640625,300.4466647621992,291.0028373493911,293.57841843052915,4746100
2024-04-03,300.72296142578125,303.11107466329474,299.1045952765141,299.9828477935144,3047400
2024-04-04,290.2626953125,307.19646769425174,288.24957792207186,304.1965623023851,8351000
2024-04-05,297.93023681640625,299.4203416874301,289.4337178678093,289.6705746748142,4918200
2024-04-08,297.752685546875,299.49934303210983,295.5717955010856,297.13098522229717,3142900
2024-04-09,298.38421630859375,301.5716499573926,295.30534832247685,299.32170565097624,2997700
2024-04-10,295.67047119140625,296.9533529506377,294.2198471988144,294.5159107349304,3036400
2024-04-11,295.2066345214844,297.1210640831616,292.50276251006966,295.52242354749893,3468600
2024-04-12,290.4403076171875,293.9237742719633,289.63110955532386,292.9566817017874,3820000
2024-04-15,269.30267333984375,282.70368099132395,268.0790284424417,279.21033622725275,18365100
2024-04-16,273.7532043457031,276.8616752423847,268.8487173343886,271.15786800378913,7624300
2024-04-17,272.6775817871094,275.2926437018845,271.21708017277354,274.07884660998593,4199400
2024-04-18,268.3356018066406,272.68744330139475,266.1941931926905,272.67759559840124,5918200
2024-04-19,266.8059997558594,269.54935281657487,265.1876337628873,268.89804926924415,4913600
2024-04-22,270.2006530761719,276.0130259581937,266.00667628272777,275.7071147660133,6747200
2024-04-23,273.0328674316406,273.052623070525,266.8455278173384,271.32569112512306,6285200
2024-04-24,272.5493469238281,275.2630972312801,270.49674800853035,274.335485626054,3938800
2024-04-25,269.5395202636719,269.97369253766385,265.7303865967594,268.0198119011514,4811900
2024-04-26,270.67437744140625,273.2499585349832,269.85530145591554,271.37500994388586,3754600
2024-04-29,272.105224609375,273.63481079736863,269.618453735134,271.2664532816201,3576400
2024-04-30,265.39483642578125,270.99007764433424,264.8224651188509,270.8914199361629,5218000
2024-05-01,265.148193359375,270.3881957659061,263.0363878860041,265.47383012544026,3761000
2024-05-02,268.5428466796875,269.4803059182936,264.40807593401166,266.8652436617366,3859900
2024-05-03,270.0526428222656,274.0097930103041,269.74673162279765,273.1709916085732,4041600
2024-05-06,271.9967041015625,273.4769313951251,270.44739230662793,272.5295943595294,3744800
2024-05-07,273.5262756347656,275.2038787078951,270.4572853289372,271.95723822922366,3507700
2024-05-08,275.2926330566406,276.2498477712947,272.09535220638446,272.09535220638446,3283300
2024-05-09,271.54278564453125,271.7204056982879,267.4968248778048,268.5823309540439,4709700
2024-05-10,273.02301025390625,275.95386157273174,271.3454072333198,272.4605166406776,2912300
2024-05-13,273.8617858886719,274.1380937900141,271.5625126505706,273.4868202560166,2998700
2024-05-14,273.1512756347656,275.1841187913746,271.41449601809063,273.30917016633657,3056800
2024-05-15,283.74969482421875,284.0062470607831,276.04264760305733,276.0524953059986,5828500
2024-05-16,280.9273986816406,286.19700426955984,280.8287108383227,285.6049374402556,3559200
2024-05-17,281.8451232910156,283.552329567912,280.51294285275094,283.25629616280884,3478900
2024-05-20,283.285888671875,283.9273144352739,281.3517034481528,282.2299860418786,2799300
2024-05-21,280.0195617675781,283.43394454748704,279.5557559763385,283.0096199193092,3492100
2024-05-22,280.0787658691406,283.3056507388484,279.10179531302646,279.6741667685767,3309200
2024-05-23,274.8979797363281,283.21685073763865,273.80259576863887,282.9010616554846,5456600
2024-05-24,268.70074462890625,271.3355324418681,264.9902984423775,267.35865617440123,8325100
2024-05-28,266.27313232421875,269.628338178883,263.63834468711883,269.5000469989305,9294100
2024-05-29,268.03955078125,269.2730735133744,264.2402947432467,264.467273767466,13397900
2024-05-30,215.13621520996094,222.1228893808322,209.20544366639854,220.45516433106008,66763300
2024-05-31,231.34967041015625,231.52729046554182,213.2119463549857,216.2217449961135,36807400
2024-06-03,233.50091552734375,237.81332126105684,227.17542236708195,231.52727914541668,19962700
2024-06-04,231.7641143798828,237.4185782381064,229.1391744522924,232.6127786024252,11197500
2024-06-05,233.41209411621094,233.7969525896041,228.49774398111757,232.5338265714086,10772100
2024-06-06,239.55996704101562,243.49737685344226,236.29360139599484,236.71794102758162,11693800
2024-06-07,238.66197204589844,240.71454051659524,237.1225231064012,239.13564053470157,6883800
2024-06-10,238.652099609375,240.42837530450484,237.26068239338576,238.6027556899672,7656900
2024-06-11,237.81333923339844,240.53695222553603,233.14567799588184,237.98109653162214,7264400
2024-06-12,232.69171142578125,239.00734125450785,231.79370333926957,237.3889601697936,10260100
2024-06-13,226.01095581054688,232.5436870329685,225.6458379197619,232.41541091487227,13566700
2024-06-14,228.8826141357422,232.14897994594887,226.17872686567063,226.32675862923824,8833700
2024-06-17,227.44183349609375,228.78390672634418,224.7675648535763,227.24447288586708,10563700
2024-06-18,228.7543182373047,229.22798674412678,226.208325544454,227.44184826050665,7119800
2024-06-20,238.6126251220703,240.55665802874086,229.78060593389247,229.78060593389247,14809600
2024-06-21,241.8296661376953,242.13557737104665,237.02386631310307,237.39886204825675,15719600
2024-06-24,236.77719116210938,241.18827027672157,236.64889996149049,239.9843507163599,7545700
2024-06-25,238.57315063476562,239.89549840019777,236.7080649326998,238.59289121391686,6037800
2024-06-26,239.94482421875,240.39876718757154,236.7376652704223,238.28697697467098,4524700
2024-06-27,249.5169677734375,255.19117196590207,241.22768652724733,241.77043950501297,12869000
2024-06-28,253.71095275878906,256.7503394144983,249.84261235440454,250.15840139053796,12619300
2024-07-01,252.8326873779297,256.05960222683484,251.1748399982053,254.7471171314098,5871700
2024-07-02,252.81297302246094,254.3326815786554,250.71104530535828,251.68800080576904,5130600
2024-07-03,257.51019287109375,257.7766229141342,253.55304268961834,253.59252384553855,4755700
2024-07-05,259.72064208984375,262.30610053353854,257.87529717538814,259.25683640690863,6562100
2024-07-08,253.9773712158203,259.37526746222983,253.79975118434692,257.9345214592256,6539300
2024-07-09,249.49024963378906,254.00703567835393,248.16585859251495,253.1076297146619,7014900
2024-07-10,249.64842224121094,251.83269199558944,243.24389026067328,248.27461029468486,8947700
2024-07-11,248.1955108642578,252.44543709434896,247.99784303331867,249.65828599160284,5341800
2024-07-12,251.0123291015625,252.3169488643161,246.78217413452154,248.68969059067106,4705500
2024-07-15,249.91526794433594,253.40417248457976,249.18388033594402,253.03845605874923,4404300
2024-07-16,253.04833984375,253.78960553834705,249.72746892871174,250.82454275995892,4780400
2024-07-17,248.29437255859375,252.59371986712904,246.70312150603525,251.0419963515447,5625300
2024-07-18,244.4694366455078,249.5100344136185,242.85841434675018,249.20364700047577,6351600
2024-07-19,244.7461700439453,246.09033243976842,242.31481193051187,245.75428052999578,4468900
2024-07-22,251.12103271484375,252.60356398986607,245.11183747035608,245.85310310786724,5647600
2024-07-23,253.07798767089844,254.33318671412533,250.79489175889518,253.60181421862694,3905500
2024-07-24,246.8711395263672,252.92975630160095,246.00138290345743,250.67630967050746,5204100
2024-07-25,253.53260803222656,261.00456335671157,248.78851994632944,251.77335384722548,7155800
2024-07-26,259.6505432128906,261.4098126163984,254.0762407846553,255.16343651989695,6127300
2024-07-29,255.57852172851562,262.9812854044981,255.50932969213608,259.65053641002555,5101400
2024-07-30,254.92620849609375,257.7133747641049,252.14893542263607,256.59652961798975,3944300
2024-07-31,255.78604125976562,258.7807531196374,252.37623754884032,253.22620763768563,4647700
2024-08-01,250.11294555664062,260.29298314041705,246.83161700720433,256.8732855873495,5527400
2024-08-02,241.1287841796875,245.11185054454933,238.3119685744618,244.90428951929624,6504500
2024-08-05,236.22654724121094,239.00383539153933,229.50575030997865,229.61446988227684,6899300
2024-08-06,235.6434326171875,241.01020435893554,235.2579750397982,238.2823368133282,5673900
2024-08-07,237.2445526123047,243.6589772612911,236.86898824440664,239.78463032809526,4035500
2024-08-08,246.21881103515625,246.52519844602966,240.2491578771575,240.40729817989518,4474300
2024-08-09,249.589111328125,250.0042183263162,245.55662395572358,245.8037125318676,2975300
2024-08-12,248.38327026367188,251.1308934972831,246.11994597567212,249.65825551761534,3679700
2024-08-13,251.63499450683594,252.8012452663414,250.05362169687078,250.05362169687078,4031600
2024-08-14,252.34661865234375,254.7087696657944,250.90361478705617,252.4157956088572,4145200
2024-08-15,259.7296142578125,259.82845571237675,253.25587601106656,254.89654763786672,5167900
2024-08-16,259.8482666015625,260.53023357068815,256.65587093684655,258.7017718442235,3494900
2024-08-19,262.2894592285156,262.299352423046,258.5831307410274,260.0360127146099,4501300
2024-08-20,258.7906494140625,262.4080292560361,257.9900849581198,261.8644465333702,5731300
2024-08-21,258.0494384765625,259.0872286608945,256.1616780130875,258.0593316721466,4648200
2024-08-22,255.57852172851562,260.19414934449304,254.2738868804072,258.4546362136818,5111400
2024-08-23,260.925537109375,262.50691003338295,257.6639799603797,258.93893529994017,4711300
2024-08-26,262.19061279296875,264.1870775086156,260.17436168863674,260.8662217247067,3818300
2024-08-27,261.1231994628906,261.3801510522447,256.37908106463607,256.6261696219771,5276400
2024-08-28,255.88491821289062,262.0917819127791,254.3628441694202,258.78078902742,10981900
2024-08-29,254.0169219970703,268.7829361233509,253.295412574382,267.8538807645597,14301700
2024-08-30,249.9547882080078,256.1122461526632,248.07692113227094,254.4419250276828,10507700
2024-09-03,245.17115783691406,250.73559720372722,243.76769658305193,249.67805089575904,6190400
2024-09-04,244.7955780029297,246.57461870259124,242.3049361044928,243.5996777833581,4706500
2024-09-05,243.2537384033203,245.60602629803864,242.14678649102402,243.11536941428326,4083600
2024-09-06,241.1287841796875,247.08855901668278,238.62824916892578,244.85488387236393,6259400
2024-09-09,242.89793395996094,246.4560152764173,241.91947290875214,243.62932153086834,4588800
2024-09-10,243.29327392578125,244.45952464494084,240.47645841831746,244.25197870797976,3544800
2024-09-11,246.66357421875,247.1083306092755,239.19160351734814,241.95899839774637,4822200
2024-09-12,250.41932678222656,251.18036382388541,246.66359246784654,248.4623894704794,5219700
2024-09-13,251.6053466796875,253.83900675681332,249.51002543105048,249.59897369338853,4998900
2024-09-16,253.9180908203125,254.80760360178365,251.60534552361645,251.60534552361645,5367000
2024-09-17,252.21812438964844,256.34943793078173,251.7931242184333,255.7070136983761,5423400
2024-09-18,249.88194274902344,253.53469799032126,248.42679495108064,253.41591411410525,4436700
2024-09-19,263.3050537109375,266.81923768872446,255.44519865602624,258.08826063132483,11022800
2024-09-20,264.1069030761719,267.59139145586204,258.6822376461174,263.32489910373585,11463200
2024-09-23,261.5430603027344,265.3542045102345,259.5929442407897,264.5523830531971,6034000
2024-09-24,267.71014404296875,269.70974301107066,263.60204075286475,267.1062857575011,7154500
2024-09-25,271.3233337402344,274.2534470612778,266.6608849075363,267.7200915849504,7920000
2024-09-26,272.97650146484375,275.8274357166231,269.95726989270815,273.3427618690799,5253400
2024-09-27,273.8476257324219,275.0354948734669,272.2835572471732,273.47145659775356,5220100
2024-09-30,270.9471435546875,272.9566513835614,266.4232964152831,271.18474152029273,5059700
2024-10-01,268.13580322265625,271.92715969348814,266.96772152434716,271.37281481261164,4369900
2024-10-02,276.658935546875,279.15348775349554,268.11604206330475,270.95706740656146,8512300
2024-10-03,278.0744934082031,278.28236520603747,274.9265996314357,276.1738606279751,3868400
2024-10-04,284.8454284667969,284.9840297961655,278.6288204978663,280.9946799376004,6129900
2024-10-07,281.69757080078125,285.2612386087977,280.51958018911,283.68726141104185,4794700
2024-10-08,288.62689208984375,289.67619000552247,281.2322932556728,283.1131085643687,5211200
2024-10-09,285.0137023925781,288.6268526622048,284.182154903621,287.88442328312277,4851000
2024-10-10,287.24102783203125,287.30041977330836,281.74703158763606,285.0137394055412,3965500
2024-10-11,285.1918640136719,287.3102466943726,283.41001546675045,286.2906449395086,3597000
2024-10-14,288.6961669921875,289.49798834280335,285.340371539252,286.99352766048446,3642500
2024-10-15,285.4393615722656,290.61654990046526,285.09288847838945,290.49776603045734,3850800
2024-10-16,287.92401123046875,287.98343337634066,281.36096058846954,284.6474251676542,3497000
2024-10-17,288.1714782714844,290.3789791983789,287.171693902763,289.0129042881635,2830000
2024-10-18,289.9830627441406,291.7351854686931,287.22121657702115,289.09215339622466,3087900
2024-10-21,288.3497009277344,289.9632523942525,285.1325067208462,286.0828079355968,2712600
2024-10-22,285.4195556640625,288.9931316821507,284.74642690044135,286.82523533824155,3100100
2024-10-23,281.5589294433594,285.3898604640144,279.76720217121596,284.8256370571383,3227100
2024-10-24,283.86541748046875,285.99370906305313,282.30134928559966,283.66742422228566,3210700
2024-10-25,287.5281066894531,291.40855174981186,285.91455497273716,287.0727583590019,3351200
2024-10-28,290.80462646484375,293.08142801256673,289.53754820358694,290.6363593901185,3867800
2024-10-29,295.87298583984375,297.56571645237256,289.8543411138054,291.03233153917876,4280700
2024-10-30,293.4081115722656,296.51643069264003,293.3586283595846,294.071361837474,2826500
2024-10-31,288.42889404296875,293.10125137139346,286.62725794978286,289.6464892462931,4301800
2024-11-01,291.7451171875,293.9921930834861,287.07275934427383,287.3004486150487,3527500
2024-11-04,295.0018615722656,297.1499404189445,289.96324425785167,294.98204412052564,5107900
2024-11-05,294.4870910644531,295.79377407851587,291.76484988992075,294.4376078541828,4456100
2024-11-06,303.8020935058594,305.4453408105378,300.0107674651489,301.92127846877924,5874900
2024-11-07,307.6429748535156,309.0387458904855,302.9112255452103,304.3960844939613,5722600
2024-11-08,318.7001953125,319.5514998290925,306.31646366318375,306.9005044800497,8485000
2024-11-11,338.2805480957031,341.39874558361265,321.96688827698347,321.96688827698347,13954200
2024-11-12,337.7063903808594,345.33855638040427,335.09305452435694,335.86517991486113,7659700
2024-11-13,338.27069091796875,344.67538416199636,335.35045603583086,342.01253451557545,6902900
2024-11-14,328.30230712890625,342.50746376330835,327.4806984704545,338.9834009459745,7630600
2024-11-15,321.9768371582031,326.9263671878894,320.9077217544519,323.62996327077934,7093000
2024-11-18,318.9971923828125,323.6992456452434,316.9777757861732,323.6992456452434,4250400
2024-11-19,320.1653137207031,321.4225137666546,312.8103188536419,315.78003707060685,5469900
2024-11-20,322.4123840332031,323.95663491776395,318.7596286152331,322.00651896348063,3763500
2024-11-21,332.3906555175781,339.4783865301721,325.28313725922294,328.005378923397,8364200
2024-11-22,338.567626953125,339.3496611234033,332.39062340442723,335.5286386026988,5649400
2024-11-25,335.68695068359375,344.3387481589551,334.87525086423545,341.51751050850095,7117200
2024-11-26,339.7159118652344,340.3395574384377,335.7167136346685,338.52804286775677,4492800
2024-11-27,326.6788635253906,333.9744653490456,325.5602649981596,333.06373860710886,7471500
2024-11-29,326.65899658203125,328.6388081293453,323.9466644292596,326.01556387105956,3517600
2024-12-02,327.66876220703125,331.123524137107,326.777822727827,328.64875938271905,6063400
2024-12-03,328.0845031738281,329.4406694149828,320.38303652745986,324.09518362968487,12632400
2024-12-04,364.15667724609375,365.2752757424614,353.0499318809905,363.1073794127559,24733100
2024-12-05,357.73223876953125,361.76116348099475,353.0697899205507,357.1382891215544,10942100
2024-12-06,358.3360290527344,363.44394715008474,357.44511977972076,361.3057467691336,5738900
2024-12-09,348.021240234375,358.04899228788133,347.2491148058772,358.04899228788133,6475000
2024-12-10,345.2989807128906,351.90163609930784,343.9229970215786,347.80344141282995,6033000
2024-12-11,351.2681579589844,356.5641612187477,348.32813586517614,349.92187006006674,7546600
2024-12-12,354.416015625,356.36613149740873,349.35761087015345,351.4166018932781,5422000
2024-12-13,350.7335510253906,361.11765407208935,348.94182379373694,360.3257414494192,5538000
2024-12-16,353.6241149902344,354.4556323668441,347.02142898173486,347.23920950009926,5482300
2024-12-17,347.4272766113281,353.624097242342,345.58603591946905,353.29741137642515,6911000
2024-12-18,334.20684814453125,351.58958568884947,332.2346673136875,351.32201704325644,8400000
2024-12-19,333.21588134765625,340.45042849330093,332.4230347910353,338.63684681228716,7423400
2024-12-20,340.5693054199219,343.3442226558385,328.1714732680367,329.7571056954178,14932300
2024-12-23,339.8260498046875,340.76754557992257,333.6618080950479,339.18188281089596,5330300
2024-12-24,341.3423156738281,341.85767343815496,337.7745821838743,339.92514230992987,1811000
2024-12-26,338.6566467285156,341.7883224865542,337.97282982518425,341.7883224865542,3483300
2024-12-27,335.41595458984375,339.20168696064553,332.26443892564566,337.29891586482915,3220400
2024-12-30,332.7302551269531,335.07900446551406,328.6372735986744,330.48061538899054,3411100
2024-12-31,331.3328857421875,334.12761311357013,329.43011451690813,333.255497033649,3026000
2025-01-02,327.69580078125,335.8817636574054,324.87134356846485,333.2951452856116,4807100
2025-01-03,329.9156799316406,330.4508475181026,326.31821657620225,329.12286370606756,4101200
2025-01-06,327.5669250488281,333.5825171026854,324.3460600431088,331.02562886919753,5785300
2025-01-07,322.0171813964844,328.52829236804126,320.0153004273627,327.537256795287,4643100
2025-01-08,323.9694519042969,325.8524130323429,320.213419435848,324.8019179742541,3788200
2025-01-10,315.0005798339844,319.87645663031134,313.18696827715735,319.87645663031134,6540000
2025-01-13,316.20965576171875,317.67636872067754,310.98688012132214,311.7797265461635,4583000
2025-01-14,320.6396179199219,326.9822387503026,318.6178971338624,322.0865212084146,5935200
2025-01-15,318.2809753417969,328.55800897784275,317.904377000294,326.9228063975315,6042700
2025-01-16,317.1313171386719,324.7821113744023,316.6853391263459,320.0449635344034,5047700
2025-01-17,321.6504821777344,326.61557975275986,320.17384894834106,325.7731935218428,6303600
2025-01-21,323.9100036621094,326.56597125222436,319.5593740211972,326.44705184430876,6397200
2025-01-22,329.63818359375,332.2248016650757,324.3460582884166,328.2804699608011,7259300
2025-01-23,331.6599426269531,332.4527589259279,326.6453054381299,329.35081298528365,4355900
2025-01-24,330.8869323730469,335.6141607458301,328.81567183991535,333.2852213086717,3299100
2025-01-27,343.9884033203125,349.98415556581966,327.53720915653935,329.3805205366387,15661100
2025-01-28,356.7231750488281,363.799151497173,347.31822930883783,351.5895891127373,12099300
2025-01-29,350.8265075683594,356.95109866226437,348.34891923807436,355.54384542730145,6266700
2025-01-30,340.4900207519531,344.88030007189485,336.95201731162143,337.8439430733525,7591100
2025-01-31,338.6368103027344,346.36687437136203,337.05114760445167,344.8803212624721,5778000
2025-02-03,336.1988830566406,338.39898313997435,328.29043889428226,332.95820776584003,4549400
2025-02-04,341.0549011230469,343.8198678219158,335.6339368467024,342.52161400428275,4965600
2025-02-05,344.81097412109375,344.92000375293264,335.83219491413837,342.62079413527437,4521000
2025-02-06,327.84442138671875,334.45464087523317,326.1497593048479,334.45464087523317,13240600
2025-02-07,322.9090270996094,330.8274199236125,320.8179570779852,329.0237283709712,7626100
2025-02-10,324.2668151855469,328.7760144389551,323.7217275351775,324.9803619277743,5981900
2025-02-11,321.4919128417969,323.5136337470378,318.38007707263534,321.11531450960456,5455900
2025-02-12,323.19647216796875,324.06858819235845,314.12850396001033,316.6853620824243,5643400
2025-02-13,326.89306640625,327.38858415728447,320.3224961884922,323.2757928724989,4312100
2025-02-14,323.61273193359375,325.5551529930244,319.7278595707299,325.0893651107933,5879700
2025-02-18,326.010986328125,326.20920549940934,320.10442400064346,325.64430808084836,5262100
2025-02-19,321.6206970214844,326.78398266398597,319.9755747311752,326.78398266398597,5012000
2025-02-20,315.57537841796875,321.5414305655505,315.35734943177806,319.3512206720901,6393100
2025-02-21,307.02276611328125,316.11057437284904,304.10911951061075,316.11057437284904,7353200
2025-02-24,305.5560607910156,309.92653080612274,300.79907242874845,308.7174663331634,6652900
2025-02-25,303.1379699707031,305.6552088281788,297.9251131087827,303.5046482985862,7360100
2025-02-26,304.5748596191406,310.88777976441537,303.7027739767698,309.85709460379957,12638500
2025-02-27,292.2563171386719,302.1865106499292,290.04632767588197,293.68341045473284,16691400
2025-02-28,295.179931640625,299.27291312124436,289.5310171563411,293.3068600163402,10863100
2025-03-03,290.4328308105469,300.35310480526164,288.4507600180125,298.3016542764285,6298200
2025-03-04,284.76409912109375,289.0354591392926,279.70981269355474,287.40025683026505,9096300
2025-03-05,289.35260009765625,290.0562267466786,283.05951940783797,284.64518205909917,6612600
2025-03-06,283.4856872558594,295.4078428830933,282.27662275922205,285.64616758998363,10396800
2025-03-07,280.3540344238281,285.72542965408707,272.7032395003285,280.64141293013955,8248100
2025-03-10,270.45355224609375,275.85470722646096,268.29310235154685,274.4870735473808,10040200
2025-03-11,274.56634521484375,277.9358897668832,269.5616285471385,271.26621064329953,8313400
2025-03-12,282.02880859375,283.3667122796514,276.58803454761403,279.3233016171016,7463900
2025-03-13,269.3039245605469,280.02693383743974,267.3317739783226,279.5214961529511,9494500
2025-03-14,276.8952941894531,277.3809221179966,270.2355348637265,272.5347443289896,6976900
2025-03-17,278.23321533203125,280.19547650075367,273.6050662611771,274.88351051855705,4484300
2025-03-18,276.2313232421875,277.98544510958374,273.46632585459514,277.50973720337373,5881700
2025-03-19,276.8853759765625,279.68999265928966,274.8041957301723,275.01230468161185,5245400
2025-03-20,276.5285949707031,280.344087151083,274.5762541040048,274.5762541040048,5504700
2025-03-21,278.1043395996094,279.32332398776816,271.5932299856867,273.7338700057708,9804100
2025-03-24,283.396484375,284.1893308689832,280.6810569626108,281.19638450069885,6763800
2025-03-25,286.022705078125,287.84623678294975,283.04959895295354,283.04959895295354,4301700
2025-03-26,278.4710388183594,286.44889226280054,277.0736752176212,285.7551553566747,5070300
2025-03-27,275.3195495605469,278.3818454007545,273.53569788951364,278.0250871641483,3757200
2025-03-28,267.5498352050781,274.7249220122595,266.7768287824481,274.22940429918896,4973400
2025-03-31,265.95428466796875,266.0435044818532,256.866505645723,262.1784416563697,7585800
2025-04-01,267.7778015136719,268.39223867847284,263.4370612281385,266.44978734225964,4598200
2025-04-02,269.10577392578125,271.1770343821094,263.3676702155123,263.5757791912003,5396900
2025-04-03,252.9419708251953,260.2161824391229,252.16896439264727,257.8079735812618,8872600
2025-04-04,238.60166931152344,248.04623514121926,237.38270004531284,245.47945717215808,9705000
2025-04-07,242.02076721191406,250.68240712753988,227.9381472027918,227.9381472027918,11965200
2025-04-08,241.80271911621094,255.08260180393856,238.1160664254029,251.6734226777943,9340300
2025-04-09,262.7928466796875,265.76595261217227,238.74040032972732,238.74040032972732,12491100
2025-04-10,253.23020935058594,259.3048709781,246.29199704152617,258.07406589557706,9692300
2025-04-11,253.11111450195312,254.51067371124074,245.84532935687287,252.38652614046657,6089000
2025-04-14,252.66444396972656,258.074070495185,251.264884798597,258.074070495185,6038100
2025-04-15,253.04161071777344,254.818359858396,251.91999143886454,252.48576131481676,5227700
2025-04-16,247.9893341064453,254.70917517279668,244.86267344250558,250.0638490268564,7190900
2025-04-17,245.42843627929688,249.69658740942216,244.97185217337696,247.91985335245417,5566900
2025-04-21,234.50991821289062,240.68384529096377,231.04577979142212,238.64902746661141,9240000
2025-04-22,241.5871124267578,242.41096610265356,233.85482273309714,236.46533097326102,7145300
2025-04-23,248.6245880126953,255.88045257709055,247.6518515140943,250.7388150786776,5818900
2025-04-24,262.7392883300781,263.0172130622773,255.0963127573155,256.287436061897,7857600
2025-04-25,265.8659362792969,267.03718828751244,262.2429793161094,262.7591165676478,5651700
2025-04-28,263.6722717285156,267.5036640277227,261.3793553115105,266.16365816816716,4977700
2025-04-29,265.7765808105469,266.59048364915094,263.2057698384419,263.43404672971883,3139800
2025-04-30,266.71954345703125,266.878361904675,261.0518483118115,262.8385028376411,4624100
2025-05-01,267.3349304199219,272.56591239348063,267.0073882161782,271.37478925137304,5208900
2025-05-02,273.0423278808594,274.27316316245447,270.233304472099,272.4269253858212,4323400
2025-05-05,270.61053466796875,274.1243210741358,270.2928977551068,271.34504352387904,4219600
2025-05-06,271.3350830078125,272.7644186930186,266.5508099722269,267.8213272155745,4681600
2025-05-07,276.1690368652344,276.7248862714701,271.6824991400905,271.6824991400905,4267600
2025-05-08,277.6678161621094,280.9532949126684,276.31790490249847,277.1417433489494,4789900
2025-05-09,273.3798522949219,280.38755324501017,271.8512512927506,279.533907904024,4324200
2025-05-12,286.68060302734375,286.82948585957183,281.1320140084806,282.8888920118165,5937400
2025-05-13,287.02801513671875,290.57154769304395,286.7897723147605,288.8444462643381,6711600
2025-05-14,288.58636474609375,293.85702906375394,287.1173470749179,291.3259300335637,7926200
2025-05-15,288.6062316894531,289.8072602439233,285.8170489297744,287.42504408187136,4635600
2025-05-16,288.99334716796875,290.00581106868054,287.5739469328218,288.9337940316356,3846000
2025-05-19,285.4994201660156,287.7525945086945,284.7847522678827,285.96593990912356,5781200
2025-05-20,285.92620849609375,286.3033985130119,283.0973136607281,285.9559850610336,4032300
2025-05-21,280.18902587890625,285.4994021190672,279.02767925853004,282.30325287271876,5689800
2025-05-22,281.32061767578125,284.2289068236345,278.94830674042794,280.4074191241686,6642700
2025-05-23,271.1068115234375,278.66042638639397,269.63776362555006,276.9333250204136,8887800
2025-05-27,275.1367492675781,276.5164372502968,268.28786628506094,271.14653786178667,10958000
2025-05-28,273.9853210449219,276.7447271291104,271.55345717477724,275.6528692630961,12758600
2025-05-29,264.94281005859375,265.8063607085615,252.6147975718107,261.637459987625,28053100
2025-05-30,263.404296875,267.7419217473283,258.7689063353696,266.0942143747041,12388500
2025-06-02,259.6820983886719,261.8360378847461,257.2204878691875,261.1610518244282,9213500
2025-06-03,262.5109558105469,262.78888051595675,259.4239771943492,260.05925097329805,7838500
2025-06-04,261.2206115722656,263.53333903477164,259.6820748455483,262.23304513366577,7372500
2025-06-05,265.16119384765625,266.7592533463778,261.6871198505871,261.75657830897234,8642900
2025-06-06,272.4765930175781,272.86368836393075,266.2232417220396,267.9702143188662,7507000
2025-06-09,270.2333068847656,272.16887436749,267.66249595654665,270.8288684403361,5728300
2025-06-10,266.2331848144531,271.72222060720446,264.86340219817333,270.05467233152547,6309700
2025-06-11,263.9402770996094,267.51361618214196,263.4439808462443,266.51108805705826,6568100
2025-06-12,264.9328918457031,267.02724767078183,261.4488821613344,262.73927070331484,8054000
2025-06-13,256.4859313964844,263.73187582302364,256.08890039990547,261.5283189567589,7659300
2025-06-16,261.9253234863281,262.0245887983231,258.03434741337384,258.46118522580036,7177000
2025-06-17,260.81365966796875,268.4963172406424,260.15854487077206,261.89558204330854,9110100
2025-06-18,257.9862060546875,263.5336417603326,255.9680492787089,263.255276354665,7628000
2025-06-20,259.109619140625,261.33654238673626,257.74761589315324,259.16926670332055,12859200
2025-06-23,261.8734130859375,263.1956412405084,257.24059334855605,259.11958268034937,9283800
2025-06-24,269.5881652832031,271.78526493347414,263.8915798483668,264.15999390315983,9713900
2025-06-25,266.1980285644531,272.40161774158986,265.422579917311,270.4132847653739,6074300
2025-06-26,269.16064453125,269.4290889195517,263.6132084802752,267.21208657027836,6708000
2025-06-27,271.8250427246094,272.5706676680349,267.85829739468716,270.2741149298922,21741400
2025-06-30,271.0992736816406,274.7677506070595,268.82262383127994,272.85893751872624,8541900
2025-07-01,270.3238220214844,272.4016264069809,269.0612414636624,270.49281333968855,6256800
2025-07-02,267.6395568847656,270.1249731525477,264.10032654660836,269.9360790890319,6115200
2025-07-03,270.56243896484375,273.1274058289055,267.74896078589074,268.12674895498185,5031800
2025-07-07,268.22613525390625,272.4016470896432,266.6454140082569,269.9261819762093,6283500
2025-07-08,272.0536804199219,275.1852991005459,268.1565643896741,269.21037854455636,6661200
2025-07-09,269.3396301269531,273.9525474001687,267.7986536846053,272.75953533767733,6373600
2025-07-10,262.4301452636719,269.9062667930616,261.67456897745586,269.3197121696511,7244600
2025-07-11,256.5645751953125,261.416112933818,255.75930269702965,261.04824581597916,7011200
2025-07-14,258.1651611328125,260.7003040263811,255.99788534613265,257.09147461358054,6533900
2025-07-15,256.0774230957031,260.2827587953442,255.72948905243405,259.47748626513425,5201500
2025-07-16,256.4453125,257.46930298781365,253.03531282939568,257.4195764490584,5649500
2025-07-17,258.364013671875,258.6821542565146,255.15284472100365,256.4850242871813,5837400
2025-07-18,260.8494567871094,261.445962859441,257.60846372110285,258.7815731149676,6381200
2025-07-21,260.75,262.76815687115004,260.11374918827875,262.0821795284855,6714700
2025-07-22,262.0523681640625,264.33896952782175,260.4716469246179,261.46581351593323,5001400
2025-07-23,265.6611633300781,266.9138227815191,260.96869641336804,262.3804261395597,5620700
2025-07-24,266.1383972167969,267.7290394230367,264.0904165536856,266.41676263684434,5877100
2025-07-25,267.5401306152344,269.5185425690273,265.4524052496499,266.44657174356774,4015400
2025-07-28,268.67352294921875,268.76299430223855,265.03486956196264,267.92789800116356,4533700
2025-07-29,265.8302307128906,272.40165759779114,265.7506803920527,270.0156637451381,5137100
2025-07-30,263.2652282714844,266.20795261454987,261.79385093017476,265.313208833026,3928200
2025-07-31,256.8230285644531,263.4939078828691,256.35576907773384,263.4541327262501,7340300
2025-08-01,249.27732849121094,254.49670292651433,248.67088628336552,253.50253636740894,7646900
2025-08-04,250.84812927246094,252.02123860459005,249.17792145969585,249.53582205030415,4403500
2025-08-05,246.04629516601562,251.8124492602968,245.5690842799046,251.53408382828783,6761000
2025-08-06,247.7164764404297,248.80011433479675,245.57902443449265,247.91530671566935,5834700
2025-08-07,239.474853515625,251.53408396014552,235.5876585004774,249.22762535517964,10010200
2025-08-08,239.10699462890625,241.53276347002299,236.4426355213045,239.88244333453827,8812000
2025-08-11,231.32266235351562,240.45905524804178,230.2191520613582,237.5262670003088,10740100
2025-08-12,230.30862426757812,232.30689355160166,225.15883370275498,231.6408037902605,13178000
2025-08-13,235.6472930908203,235.96543366420656,228.2705792054236,231.65073936387623,10209200
2025-08-14,232.00865173339844,235.61748130133012,231.51156843951378,235.61748130133012,7544800
2025-08-15,241.02574157714844,243.0737222495095,233.26130322407292,234.7724254626479,12942800
2025-08-18,242.54681396484375,243.09360860027977,238.09295207668592,238.37131749658468,8809200
2025-08-19,244.56497192382812,247.05038830516784,242.02984418090608,243.57080537129224,8642200
2025-08-20,245.01234436035156,246.12582121701215,243.02401125104495,244.2667194443616,8195100
2025-08-21,244.39596557617188,244.85327369553588,238.61986032965456,243.61056550412414,5646800
2025-08-22,246.8415985107422,248.07437045633557,242.68598973973553,244.34624600732266,6694300
2025-08-25,246.424072265625,247.9153221775947,245.35037050863338,247.9153221775947,4957700
2025-08-26,242.3181610107422,247.3784651231242,241.4333533856503,245.26088551159216,8862300
2025-08-27,248.70071411132812,248.90948059705997,244.17725315987514,244.3164358736224,6506900
2025-08-28,253.0452117919922,254.15867347821353,248.82994014164643,251.00716732220815,8461200
2025-08-29,254.75518798828125,256.13709410757554,251.39490006897506,253.91014032118932,7363200
2025-09-02,251.3849639892578,253.50254367552807,247.29893870674914,253.33353717598126,9312500
2025-09-03,254.95404052734375,256.49498664461834,249.088448397557,253.57213436964295,17417900
2025-09-04,242.58657836914062,243.78952658900343,233.2513549188597,238.65962346641524,30967500
2025-09-05,249.2971954345703,249.66504736882345,242.93453566370152,243.40179514981912,13029400
2025-09-08,250.79840087890625,251.46449064985578,245.85739189088432,249.3369748306306,12602200
2025-09-09,250.58961486816406,253.85047989567,249.744582413651,249.85394133950297,10901900
2025-09-10,241.1549835205078,252.50836352249323,240.31987210261696,251.27559155877046,11363600
2025-09-11,244.84335327148438,245.728160954005,242.0795712892388,242.27840157872393,6944900
2025-09-12,241.3438720703125,246.1456984436469,239.84268600452347,244.66439995687796,8386400
2025-09-15,241.10528564453125,243.28251290370721,239.43507788511445,241.8310230076638,7244600
2025-09-16,237.91400146484375,241.26433797993545,235.85608453570973,241.1052828564127,8779800
2025-09-17,241.2163848876953,242.00313737225153,238.3979926165659,238.98556860342873,10124000
2025-09-18,243.2779083251953,246.2755551704246,241.95336245510958,243.15840545445482,9344400
2025-09-19,246.0763702392578,246.18591959908863,242.3517223973972,245.01076755380677,11813900
2025-09-22,248.6656951904297,249.45244767459488,242.1624845285308,244.2737827561779,7523800
2025-09-23,243.55674743652344,250.32885506809865,243.12851870500444,248.7155056015298,7669800
2025-09-24,244.8813018798828,247.81919726001365,242.01311144158052,244.66220315494616,6707100
2025-09-25,239.9615478515625,243.65633500605452,238.50754571897124,243.4969877269179,8145500
2025-09-26,242.43138122558594,243.52687482561674,239.36402953788692,239.70263112473512,4974600
2025-09-29,244.09454345703125,244.81159104935898,241.8736805437026,243.71609745102674,6373500
2025-09-30,236.02777099609375,244.2040983570095,234.84265022088266,244.0447510670564,10801100
2025-10-01,234.72314453125,241.4753301008956,232.5520795212582,235.51986577524877,10016600
2025-10-02,237.90005493164062,238.417910810692,232.64171612572034,234.46419560147106,7679200
2025-10-03,239.3739776611328,241.81392404684235,237.5216072857734,237.77058171689055,8849800
2025-10-06,244.77174377441406,249.44250657688326,234.4442891386711,238.348206431253,13922600
2025-10-07,238.75653076171875,246.34526671281057,236.57551226964753,245.4688718347781,8387400
2025-10-08,239.4436798095703,240.33004336236414,234.6832899577788,238.7565231524968,7120200
2025-10-09,244.32359313964844,244.95101357545096,236.17714176570942,238.2884552972221,7929100
2025-10-10,240.6885528564453,248.02832936128195,239.73249955836667,245.50870935395082,7988300
2025-10-13,247.7295684814453,248.32711321756653,241.3757358923854,241.8936069839442,8276500
2025-10-14,238.78640747070312,247.26149184186426,238.5673087502845,247.09219104812144,9123900
2025-10-15,235.60948181152344,240.33004242266787,234.93226346740383,239.8818762966772,8389200
2025-10-16,244.9908447265625,255.68677675857293,241.67450341952556,252.15135192862007,24869700
2025-10-17,242.08282470703125,249.7512342735308,241.1666006088499,245.55851329376827,10851200
2025-10-20,253.23687744140625,254.352278053282,243.2978221989444,243.99494758136672,9963900
2025-10-21,262.32940673828125,266.03414725582263,252.95800609378367,253.45595492467692,13354700
2025-10-22,255.58721923828125,261.32356974813916,255.45774766491434,261.12440842882614,9370000
2025-10-23,254.00372314453125,257.4993187621963,253.07753033877435,256.54326543594993,6110100
2025-10-24,253.7846221923828,257.43956506433716,252.95802524696958,256.3640088808192,5490800
2025-10-27,254.4219970703125,257.0412129915265,253.874250273607,256.0253778447331,4942400
2025-10-28,253.21694946289062,257.77816285567604,253.09744659896745,254.42199239349145,6435600
2025-10-29,250.42845153808594,252.52979637021275,248.0183656428028,250.9662296295384,7904200
2025-10-30,255.59713745117188,258.21635325290924,248.97442385510325,249.47237270281346,7767800
2025-10-31,259.34173583984375,260.7459553096397,251.59365258697179,253.75474887355597,6878300
2025-11-03,260.2679138183594,260.4870125386175,254.05352159632866,258.9334144831098,7054300
2025-11-04,253.39622497558594,258.1964594064631,252.42024943924005,257.09099710413506,6792200
2025-11-05,251.6434326171875,255.77640214276323,250.9761829576667,253.65515029867285,5241200
2025-11-06,238.2884521484375,249.5122085317898,233.51809355117896,249.5122085317898,11041800
2025-11-07,238.8959503173828,239.98147518682765,234.8227170869798,235.1812408745993,5741500
2025-11-10,240.71844482421875,240.91762132917594,234.1156380713445,239.0154530350192,6486600
2025-11-11,243.49700927734375,244.69208358425138,240.17071431098935,240.90766894888202,5762800
2025-11-12,245.01077270507812,247.41087477260695,242.68036038297123,244.73192254622668,4278200
2025-11-13,239.4436798095703,244.89124151462846,238.92582394014042,244.2439140797445,5542100
2025-11-14,242.6604461669922,244.17419978548932,236.44603881946762,237.33238719726674,5512900
2025-11-17,236.05763244628906,241.8338421903309,234.62353731577463,241.07696540308964,5280900
2025-11-18,232.5421142578125,236.81450872851548,229.32536892365562,235.27087944178848,8045100
2025-11-19,226.9451904296875,231.32713457279306,224.13675140259053,231.04828441075148,9710700
2025-11-20,224.44546508789062,230.1220942689338,222.38396470221582,228.3095531179468,7521100
2025-11-21,226.17832946777344,227.7418809700509,221.04946234106984,223.93755962084978,7479300
2025-11-24,225.88954162597656,227.90124419917868,224.11682959808087,226.40739753002381,8563300
2025-11-25,233.15957641601562,233.6674939941859,225.59076263214777,225.86961278651063,10233000
2025-11-26,227.21405029296875,231.86490584512586,225.07287635304297,229.5643694326447,8506600
2025-11-28,229.59425354003906,231.60597118812515,227.692100445126,228.06057773851555,3691500
2025-12-01,231.8748779296875,233.2890509292801,227.66223464809732,227.73193958947053,5634700
2025-12-02,233.74717712402344,235.67920607303358,230.66984140188313,232.06410742647535,7626200
2025-12-03,237.74070739746094,238.27848548550813,232.20351844827792,234.39449041574116,13782000
2025-12-04,246.44485473632812,247.94865481227382,236.62530267865807,242.6903161035208,20912100
2025-12-05,259.5010681152344,260.80569165642515,248.47647340390273,249.80101915380735,15852400
2025-12-08,258.46533203125,263.1958461641941,255.28841589794504,260.80569773339437,10805400
2025-12-09,259.94921875,261.1741839189824,257.93751624410464,258.93341399022086,8045900
2025-12-10,263.1161804199219,264.83906396309857,258.0868788774203,259.6803212512068,8894700
2025-12-11,261.2737731933594,266.8009933881776,259.7002377743795,262.41904949407825,7783800
2025-12-12,261.154296875,263.4050052865042,259.8397044554307,262.4389831832072,6006600
2025-12-15,253.53564453125,261.20405397079736,252.05175145108907,260.13843611139066,10271800
2025-12-16,253.86428833007812,254.81038811320366,251.0757717091347,252.95801776893774,6145300
2025-12-17,257.0810546875,260.89532962189156,255.19879338889092,255.2784518346646,6269000
2025-12-18,257.20672607421875,259.4211888717437,255.52093982359895,257.7753113533743,5654200
2025-12-19,259.2615966796875,261.3862877614952,254.86259481484151,260.029664773634,20732100
2025-12-22,263.9698181152344,263.9698181152344,257.76533426755947,259.9698123375785,5664200
2025-12-23,262.7727966308594,263.5807734355272,259.87005274535335,262.06457643793505,4745100
2025-12-24,264.5982666015625,265.63565019957264,261.8950053106858,262.57333205270294,2076600
2025-12-26,265.4161682128906,267.2416197622822,264.1393627842122,264.1393627842122,2456400
2025-12-29,265.5658264160156,268.4386158867702,264.0495989948868,264.0495989948868,4300100
2025-12-30,265.2566223144531,267.6107202065141,264.668067399992,265.9947664939221,3291800
2025-12-31,264.2491149902344,265.43614865310394,263.73042322787006,264.6281718494961,3367900
2026-01-02,252.98727416992188,264.7179455369111,251.85011880482824,264.3388886749725,9680600
2026-01-05,255.62069702148438,258.9423760046907,251.68053923202604,252.9872686328812,6421500
2026-01-06,262.2441101074219,262.892482396947,254.36382514228285,254.56332313746586,6103300
2026-01-07,265.4560852050781,267.16181061364534,262.84262639015986,262.84262639015986,5976200
2026-01-08,259.8800354003906,264.53839820162807,259.76033964386096,263.7403757556908,5243500
2026-01-09,259.29150390625,260.37878092036664,255.87006837906054,259.3513517828845,5174400
2026-01-12,258.75286865234375,260.9074837526564,255.13193476454603,258.35387262075534,4927700
2026-01-13,240.4586181640625,260.2591038794056,239.76036751858797,257.0172117490315,13661000
2026-01-14,238.9723358154297,241.63567295926623,235.8700939340521,238.58329416292764,10149300
2026-01-15,232.94740295410156,238.2441534676664,231.09204255526936,236.42870180297643,11489600
2026-01-16,226.5434112548828,232.36883809010013,225.87508458358042,232.36883809010013,13902600
2026-01-20,219.52098083496094,227.37134203727652,218.81274543240602,222.9823099415697,13050800
2026-01-21,221.0272216796875,222.83270380044326,218.41376271777347,219.60078121508738,12616600
2026-01-22,227.52096557617188,228.14939874534454,220.55838329222703,221.68556907928988,9483000
2026-01-23,227.4810791015625,230.27409689230103,226.084562595832,226.21424315112648,9408000
2026-01-26,228.82769775390625,230.37383393211957,227.02221569072847,228.8576216936821,7239600
2026-01-27,227.95986938476562,235.1518888025041,225.70551304056352,231.36136587786606,9838400
2026-01-28,227.39129638671875,231.28156065195455,227.10201134964737,228.8177215437313,8465900
2026-01-29,213.54592895507812,216.73794275889466,208.2591480064982,216.12946393842319,18555600
2026-01-30,211.7603759765625,215.0122527276515,210.50352488167195,213.62572108382403,11090400
2026-02-02,210.28407287597656,216.3489064366914,209.2765980837965,213.81524987641757,7950900
2026-02-03,195.8900909423828,205.04718206875432,192.6282444285455,204.488581549593,20194200
2026-02-04,198.94244384765625,200.16937100852354,186.81277669902488,192.8277319681121,23010000
2026-02-05,189.49607849121094,199.06215043466523,188.3190143508059,193.50605396236043,21956300
2026-02-06,190.8726348876953,194.11452693680988,186.65317673869706,191.15193513888434,13652600
2026-02-09,193.5459442138672,194.71302354057786,185.26664751883544,188.82774859992284,12112000
2026-02-10,192.96739196777344,198.60330589119863,190.27413077551486,191.421255750879,13393000
2026-02-11,184.53846740722656,193.1868359181489,181.35642329067295,192.66812893714805,16350200
2026-02-12,184.96739196777344,187.85019676410866,179.7903524842344,185.49608375552793,16849100
2026-02-13,189.2467041015625,192.9673945570117,183.84022727724403,185.97488798072564,14822900
2026-02-17,183.83023071289062,192.51850789587922,182.71302973459214,190.49357351235233,13692900
2026-02-18,187.32150268554688,187.67063560851238,181.40630390682867,183.42126875733624,9852900
2026-02-19,184.82774353027344,186.48360592024,182.77288512329625,186.13448821053632,9565100
2026-02-20,184.6980743408203,191.25167586879246,183.27163392937373,184.85767883258197,10816200
2026-02-23,177.71554565429688,182.01479100763024,174.13450532554185,180.81778770690732,15498600
2026-02-24,184.95742797851562,188.19932015231703,175.84023028933072,177.196838084735,15564700
2026-02-25,191.27163696289062,192.1195225370647,181.80530639984335,182.54346578466223,21875100
2026-02-26,198.9723663330078,200.53844160483254,190.85267449666222,196.26912050488014,26680500
2026-02-27,194.30404663085938,195.43123246694375,189.4462007919714,191.43124177696404,16346500
2026-03-02,192.4686279296875,195.4511739979618,190.2042868328992,192.01975362768917,9932700
2026-03-03,195.5609130859375,198.17437204754034,189.1070527100527,190.274132060556,13208900
2026-03-04,192.5983123779297,195.97985451184678,191.62076151056044,194.61327721210554,11583700
2026-03-05,200.88758850097656,203.91002829331285,193.75543180990664,193.87512757333457,15860900
2026-03-06,201.6057891845703,202.45367474586595,196.87760876152007,200.2890749323073,9657400
2026-03-09,198.2940673828125,203.16189800680186,195.38135379950296,198.0646454308295,10754800
2026-03-10,194.4237518310547,199.07212994665105,190.12450664106865,196.76788003492268,14467400
2026-03-11,193.6457061767578,199.0521830041587,190.81277959479434,195.91003221863537,9580000
2026-03-12,198.7828369140625,204.34891780907077,192.66812510973307,193.64569117387683,26309700
2026-03-13,192.34893798828125,200.49855400363384,191.2716304984915,199.2317180822067,14834700
2026-03-16,197.84518432617188,198.13446936744256,194.66314019652606,194.66314019652606,13419600
2026-03-17,194.82275390625,201.87512354558928,193.96489875615978,197.7254979255844,11559300
2026-03-18,193.85516357421875,195.66064561292413,192.1594077201115,192.9175062186935,10525100
2026-03-19,194.50355529785156,199.90004716370177,192.8177689803211,195.10204931886724,9254300
2026-03-20,194.892578125,195.1818479466855,189.52599507795117,192.72799358664898,20201100
2026-03-23,194.6930694580078,197.5559199060217,191.52101003524578,196.59830815872763,13976200
2026-03-24,182.56341552734375,191.66065855717017,181.83522573428624,191.66065855717017,18631400
2026-03-25,181.5060577392578,186.92250381404787,179.40132110218693,185.23671754568545,12565200
2026-03-26,185.1768798828125,187.0023163747792,179.08212200290018,180.72799962938814,10330700
2026-03-27,178.8626708984375,183.65069932879598,178.37390304819075,183.54097313819966,9902000
2026-03-30,184.56838989257812,185.92499760247125,179.13198948025172,179.65069645716662,11617700
2026-03-31,186.2042999267578,188.02973632874367,181.85517650417125,184.43871140340727,11041400
2026-04-01,185.77537536621094,188.50852989411632,182.55342258633885,186.3838541517522,11677700
2026-04-02,186.71302795410156,187.11203919201645,181.1270076097946,184.83772840842994,11635500
2026-04-06,184.56838989257812,187.67063173987012,183.14196473196435,187.0322290070217,14391000
2026-04-07,182.50357055664062,186.11453475668867,181.5659131692702,184.48859629898368,12344600
2026-04-08,175.92999267578125,186.30405620795747,175.34146824261524,186.03472553385433,13472100
2026-04-09,170.85000610351562,174.2899932861328,167.1199951171875,173.1699981689453,20833900
