Price,Close,High,Low,Open,Volume
Ticker,DE,DE,DE,DE,DE
Date,,,,,
2021-04-12,354.20050048828125,355.03387651651207,351.8969500430018,353.79782923999403,1165100
2021-04-13,354.58453369140625,359.95005612657616,352.6742808248543,359.1447705374033,985100
2021-04-14,357.23443603515625,358.6203099277559,353.8166024541802,353.8166024541802,1077100
2021-04-15,357.8337707519531,361.40143113999596,354.5938255436523,359.83763991388645,1127000
2021-04-16,358.7045593261719,361.5043690447732,356.59767222184996,361.5043690447732,1092000
2021-04-19,356.5040588378906,359.2757781184049,354.46272600887977,358.47049269239585,1145100
2021-04-20,346.7186279296875,356.52267515299707,343.31016831647594,354.2847081472652,1807400
2021-04-21,351.7097473144531,351.9250997405365,343.984493405526,347.13076491717396,1819900
2021-04-22,344.9302673339844,353.2454551392838,342.3458379232913,351.96259923525093,1880200
2021-04-23,352.3371276855469,353.66682037167993,345.42656068269946,345.42656068269946,1301300
2021-04-26,356.2512512207031,359.3881495141893,353.03939679793245,353.03939679793245,1235700
2021-04-27,358.0397033691406,359.10720656560545,354.45332584854066,357.23441800463746,925700
2021-04-28,355.642578125,360.0530162798689,355.40847952734623,356.934806956287,891000
2021-04-29,352.449462890625,358.4891889556894,348.40423267237225,358.4891889556894,1104500
2021-04-30,347.26190185546875,349.7714322268684,345.16435876873135,348.85375534039,1196700
2021-05-03,349.9960632324219,353.72292257849335,348.22629298650645,352.55242978372667,924600
2021-05-04,355.4366149902344,356.76630776606385,344.48081638583346,348.1983037279254,1692300
2021-05-05,354.7623291015625,358.95738583323487,351.94380170391827,358.32064457060636,1460800
2021-05-06,365.1094970703125,366.1301634061283,354.53759764982954,355.6799998142585,2010900
2021-05-07,369.1453857421875,371.6549157686299,359.88443180507505,363.1430944654101,1597200
2021-05-10,366.5047607421875,374.8761289254193,366.39239798694774,372.6849694687766,1601300
2021-05-11,358.82635498046875,364.4259753512966,353.4982684177348,361.65425585556443,1588500
2021-05-12,349.8650207519531,363.81729065980625,348.7319916054493,360.3058118955905,1631600
2021-05-13,354.0600280761719,355.68000047077,343.1604134988251,345.03320206190403,1483400
2021-05-14,359.57537841796875,362.112998738201,356.4197344869026,357.5246728018101,1143600
2021-05-17,359.15399169921875,361.1204252767827,354.68740155674584,357.6932190019389,1170200
2021-05-18,346.17559814453125,361.74783934509367,346.17559814453125,360.7271730253318,1664800
2021-05-19,335.62249755859375,339.1433211139793,328.6931560519901,338.80623284253915,2800600
2021-05-20,332.6260681152344,336.1656383171294,328.23437545667105,335.1730623954044,2947000
2021-05-21,336.8678894042969,344.9583508331818,329.77003234158104,335.04190887199604,3614400
2021-05-24,336.502685546875,339.4336046580021,333.6466939922919,338.5440471035943,1914700
2021-05-25,337.74810791015625,344.40585856447126,337.44845483538097,338.76877440565016,1682300
2021-05-26,334.9856872558594,338.272440388609,332.1296960755604,336.80229448136623,1949800
2021-05-27,339.1714172363281,340.3793740479844,335.8940367434314,340.2670112890378,3337100
2021-05-28,338.1319580078125,340.41676218701826,334.8358320698193,339.53654933552997,1348100
2021-06-01,341.41876220703125,345.76364611459763,338.97478644139295,341.2315004653888,1483500
2021-06-02,334.021240234375,342.0742378333538,333.13168269544343,341.3251337398862,1882700
2021-06-03,336.0813293457031,340.31382189492984,332.0080078472369,332.6354046909438,1336800
2021-06-04,333.9557189941406,338.45040077050874,332.71029841521005,337.3548067276557,1279300
2021-06-07,332.8226013183594,336.82102305359876,330.50036186801276,334.358301604607,1537000
2021-06-08,333.89947509765625,336.6056684076452,330.0134443727833,334.2178743147618,1521700
2021-06-09,327.2979431152344,333.2721441351823,326.99829004006375,333.1410351986114,2000800
2021-06-10,319.7225036621094,331.85816698752245,319.09510684547763,329.4984634059527,2232000
2021-06-11,319.84417724609375,324.46059384416407,317.08180289532635,323.4118369009455,2028400
2021-06-14,314.1977844238281,320.6495269686863,310.7237406308768,319.347953614754,2775000
2021-06-15,316.5949401855469,317.4657800857148,314.40378080295267,315.4619110065169,1722400
2021-06-16,315.15283203125,318.3740303895453,313.8137951735559,316.5948871114886,2264600
2021-06-17,307.4931640625,315.4806062791212,301.4253187256414,314.3850123771172,3387800
2021-06-18,308.045654296875,310.742474630681,302.87676770807224,303.4947628394554,2930600
2021-06-21,316.38897705078125,317.2130087799429,311.38863386863255,311.79127664377086,2010700
2021-06-22,320.34051513671875,320.8555206022995,314.31013319355804,317.24105210221546,1677400
2021-06-23,325.6311340332031,326.96082657904213,319.7692962789561,320.88360783753956,3352700
2021-06-24,328.31854248046875,332.1764821608613,324.4886934840991,327.3259668763477,2140200
2021-06-25,327.72869873046875,333.2534490880542,325.05999729255785,331.567921858514,6604800
2021-06-28,327.6350402832031,328.6276160306388,323.14970324336434,328.0938643806531,1304200
2021-06-29,327.5786437988281,331.1179723491528,326.7900476135244,329.3342121857736,1213400
2021-06-30,331.1273498535156,331.7657618160661,326.86517716488345,326.86517716488345,1643600
2021-07-01,332.61077880859375,334.39451087667186,330.3858051918163,333.8969430579418,1467900
2021-07-02,330.93017578125,334.13151794101327,329.7191041371924,332.87351730656115,1131800
2021-07-06,328.06683349609375,331.3995941585803,323.1944122418046,330.9301896342764,1924000
2021-07-07,330.34814453125,330.9865278313014,326.9120998513084,327.06231274252866,1309100
2021-07-08,322.5560607910156,326.09538990397436,318.72573176062133,323.88918249606587,1621000
2021-07-09,328.0950622558594,329.25917654095315,326.2831386554413,327.83219681567095,1325400
2021-07-12,332.6013488769531,333.0425903823113,324.6496331698797,326.4521595843729,1608000
2021-07-13,329.30609130859375,334.21607371687094,329.1277152693707,334.21607371687094,950100
2021-07-14,324.4243469238281,331.8221690255145,323.44797719893785,331.7658427577503,1409400
2021-07-15,324.921875,326.4427413440762,321.36378005355346,321.9176740523106,1516200
2021-07-16,321.5327453613281,327.1374372852864,321.07273803337375,326.34884101585794,1153900
2021-07-19,314.45416259765625,316.6979017560431,308.8025127050428,314.50109159901535,1848600
2021-07-20,326.7337951660156,327.916704036265,314.50111129651964,316.7918082499181,2053900
2021-07-21,331.399658203125,332.9017587012213,329.43755035036935,330.4608489730878,1478900
2021-07-22,329.8318786621094,332.5732145895797,329.606573584576,331.0147876195354,810600
2021-07-23,332.9956359863281,333.90628205985297,330.03836407475865,330.7424709774784,796800
2021-07-26,333.7091064453125,335.05162536030645,329.57835174194895,333.8781138735451,865500
2021-07-27,331.8878479003906,335.7651348289149,329.09021456905333,330.8363860859133,986900
2021-07-28,331.92535400390625,335.04220719430214,329.62526017330265,332.62946085202805,1250400
2021-07-29,337.7835388183594,339.9521857791051,334.34752235731577,336.5912614480073,1392600
2021-07-30,339.46405029296875,339.6705894843337,335.2769688500461,337.69908423042943,1053900
2021-08-02,334.16912841796875,344.9278732554136,333.51195055286587,341.63264397070367,1148300
2021-08-03,343.4726867675781,344.4021272673426,332.67638201719234,335.6993484933075,991500
2021-08-04,338.6003112792969,344.1674427045596,338.48763011429816,342.0363275819398,825500
2021-08-05,342.0270080566406,342.6653914990051,339.21994879209774,341.5857665434975,794400
2021-08-06,344.4303283691406,346.1295707512729,343.20049059312623,344.54298089057954,665400
2021-08-09,346.72100830078125,348.2231086974471,341.0411956524795,342.58085643786205,923300
2021-08-10,353.5743713378906,354.32543600486986,346.90881925066117,348.2982673969321,1184000
2021-08-11,362.4554443359375,362.67138076660274,352.485295188294,354.3065873333638,1651500
2021-08-12,362.0235595703125,364.74610022284895,360.2022676292669,362.4460351242319,1314000
2021-08-13,360.5027770996094,363.5445101133276,359.2260101828045,362.5212113976037,814300
2021-08-16,359.59210205078125,359.8925278836251,355.44255260390486,357.6863204395908,910400
2021-08-17,353.30206298828125,359.1977837744414,351.2179053630682,358.1557192869268,1206300
2021-08-18,348.8708801269531,353.00166361077646,348.6925327335088,351.3493502172471,1374500
2021-08-19,337.01373291015625,346.0075123327976,333.1646095060321,346.0075123327976,2281000
2021-08-20,329.9256896972656,344.7025650655224,323.66384876801834,340.78771833967284,3498300
2021-08-23,340.59991455078125,341.0129928280347,330.695490455686,332.4792219346376,1946800
2021-08-24,345.4630126953125,350.1758244692784,342.6559537623489,342.6653510222161,1638700
2021-08-25,353.3395690917969,356.09967008085647,345.26580526836324,346.4205507515999,1657500
2021-08-26,356.569091796875,359.535732072581,352.11914570840634,352.32568486210045,1490400
2021-08-27,356.2686767578125,359.46065080222456,354.97311554099286,356.8225707207664,1115600
2021-08-30,357.6863098144531,360.16477988651536,353.6963706629796,357.6863098144531,1378500
2021-08-31,354.8979797363281,358.1556482464643,350.92680718875795,357.6862437271373,1589800
2021-09-01,353.65875244140625,356.4376478829772,346.5989186348335,355.0575974208349,1895400
2021-09-02,361.39459228515625,361.4321240228731,354.6820839697666,355.8931557904,1333700
2021-09-03,365.51593017578125,368.95197490682824,360.50269303873296,361.1880339932099,1902000
2021-09-07,348.9929504394531,363.4975651865991,347.60353104969045,361.87341482809,3627000
2021-09-08,347.5753173828125,349.6219144270615,339.9427945088856,348.75819741425283,2427100
2021-09-09,342.5151672363281,348.523540774781,340.81592476647313,346.25163840798683,1725300
2021-09-10,340.8534851074219,345.913652123742,340.5999882709524,345.04056638746596,1235500
2021-09-13,339.39837646484375,344.27079972217916,335.1455708723349,343.6042530457011,1832900
2021-09-14,334.1972961425781,340.3464846998567,333.2960187180108,340.33708744016894,1410800
2021-09-15,337.75543212890625,338.7505677555325,332.3572783249562,333.35241395158243,1403500
2021-09-16,333.5870361328125,339.2011250539713,331.57799948923764,338.5157840738228,1681800
2021-09-17,327.7289123535156,332.6482635760369,326.6774505945203,330.00084330791805,7677100
2021-09-20,318.9416809082031,321.5421722499978,314.19130833427636,319.7960007746852,2410000
2021-09-21,316.3318176269531,323.81412919038166,313.30885041518707,321.7769003225924,1503800
2021-09-22,319.9837646484375,324.3867826437898,319.1106788583621,320.7441979043337,1336800
2021-09-23,329.9914245605469,330.7518576992408,323.85160454240486,323.8891649314045,1497600
2021-09-24,327.87908935546875,331.7469783953325,327.1937483750342,328.45174917390966,1193200
2021-09-27,330.8551025390625,334.0282531053777,327.43782379816764,327.43782379816764,1291500
2021-09-28,332.28216552734375,334.7418413063036,329.02449611432326,329.2685957000841,2018700
2021-09-29,330.38006591796875,334.8809247368155,330.3141468461986,334.0899820818573,1320600
2021-09-30,315.50274658203125,331.8678021115481,315.3803336632387,331.8678021115481,2079500
2021-10-01,322.21636962890625,324.53270360815185,314.16565144652833,318.35579383987937,1740800
2021-10-04,318.6759948730469,322.5553930924377,317.150603217406,320.84166941752414,1464500
2021-10-05,318.5347595214844,321.2183327453077,313.32769816340846,317.1317520725003,1401400
2021-10-06,318.6383056640625,318.82663767325295,310.41813357418425,314.0244587931975,1534700
2021-10-07,323.9959716796875,327.45166518793076,320.5497033909347,321.30300256454,1139200
2021-10-08,323.12969970703125,325.1729607691632,321.491292034267,323.96771087845076,1168200
2021-10-11,313.1676025390625,323.94896370867525,313.0546148257224,322.98851067442325,1052100
2021-10-12,311.2937927246094,314.92836458717943,310.59698733344953,313.8549526779553,1410000
2021-10-13,309.7872314453125,313.44065384847596,307.9040263909337,312.6591076590687,1771800
2021-10-14,310.5122375488281,313.44063618579196,301.7835929584043,302.7534423573403,2403800
2021-10-15,313.3276062011719,316.37838861029286,312.3012630911333,313.5065129459461,1435000
2021-10-18,312.4613342285156,313.8266691907162,309.44822381618536,311.37849722509344,1154000
2021-10-19,323.05438232421875,323.76058416434626,314.58938546255996,315.35208115106354,1433600
2021-10-20,323.9583435058594,325.85097381309924,321.98100115340907,323.5817082356512,1001900
2021-10-21,322.9037780761719,324.91882146659395,320.86051649213005,323.8453806917864,876400
2021-10-22,320.8133850097656,325.9074580668669,319.8435355682187,324.8905399937164,825700
2021-10-25,332.1220397949219,333.09188923465445,319.3162398610057,320.4179274456671,1564800
2021-10-26,321.22772216796875,333.1860867165782,321.08648752464825,332.72468190115643,1386300
2021-10-27,318.47821044921875,325.869766773239,318.28045324307516,322.7248180045109,2003100
2021-10-28,329.27838134765625,329.3631221181264,318.4782003234337,319.46687138101106,1897900
2021-10-29,322.3199157714844,328.95820120815415,320.66268634944237,328.1484369358358,1562500
2021-11-01,337.7998962402344,344.2781260257295,325.58731068876614,326.8490545881438,2391200
2021-11-02,334.5513610839844,339.0333982373063,330.0222552992247,339.0333982373063,1371300
2021-11-03,323.01678466796875,326.7643736418613,315.8606273594714,325.93575869403116,2948400
2021-11-04,330.3612976074219,330.3706940938878,324.2126334131083,324.69283122757804,1334000
2021-11-05,334.45721435546875,337.7339726144498,330.51189764225154,332.19734540184777,1422900
2021-11-08,339.78668212890625,344.10866311713596,337.09371263106084,338.0353151803096,1540500
2021-11-09,335.0316467285156,341.9618573844996,331.44414282236954,340.86016960709594,1394500
2021-11-10,332.0184326171875,334.824418318007,329.6927021060555,333.2331078474442,1067800
2021-11-11,335.2199401855469,337.6586873939191,331.688930547578,332.4516263305449,782400
2021-11-12,337.9034729003906,338.1765456822554,332.8847440178249,336.35925968092005,1011100
2021-11-15,340.0597839355469,342.5079565196119,338.6379835049337,340.96371441404887,975400
2021-11-16,340.86956787109375,344.8148850807081,337.28206424867017,338.8639497268947,1162200
2021-11-17,332.8753356933594,339.3629913006979,328.807634362778,338.9769307923771,1647600
2021-11-18,336.2556457519531,344.36285799683685,336.05791727830047,343.1952801242232,2228000
2021-11-19,325.9356689453125,334.1276214183179,325.35188004793713,333.0730313152623,1742000
2021-11-22,328.76995849609375,333.9864448068929,323.0732456767642,327.4611171239932,1707000
2021-11-23,328.8829040527344,332.4609818845148,324.7586807056805,328.60043481064565,1680300
2021-11-24,346.3779296875,352.762023105075,337.8752590878035,338.2895665438485,4482900
2021-11-26,338.3178405761719,340.2010459870839,328.4216156819244,334.26896043688464,2308700
2021-11-29,327.762451171875,345.5681600895933,326.13346830135674,344.62655747354535,2902000
2021-11-30,325.3613586425781,331.66068210681055,321.88684287583357,325.982819784277,3681500
2021-12-01,321.6042785644531,333.07301729084134,321.46304395578096,332.96942608753244,1755200
2021-12-02,330.14471435546875,333.4403236086088,323.402835977936,324.73992437565727,1969800
2021-12-03,328.8452453613281,332.42335207491124,324.8528599875427,332.02786638438175,1379600
2021-12-06,333.80755615234375,336.9995741121907,330.04114564818866,332.15032633517734,1543500
2021-12-07,340.2386779785156,345.539905182131,338.17656599814956,338.68503944499577,1478900
2021-12-08,339.97503662109375,342.74335059783385,336.86775949720897,341.1237929565807,1182900
2021-12-09,340.7847900390625,343.0352050755723,337.09369558902455,338.835665964154,897900
2021-12-10,337.4326171875,342.7432684364978,336.4721930987219,341.6698279236655,1200600
2021-12-13,330.8979797363281,340.36107384024996,328.977102494377,338.14830210754025,1375000
2021-12-14,328.1955871582031,333.6568996861752,325.80393715318814,329.44793475544645,1799800
2021-12-15,323.854736328125,329.73032619176075,318.28043739782106,329.080618227752,1982700
2021-12-16,327.95074462890625,331.2275029567967,326.7360693511048,329.34429794612754,1945200
2021-12-17,326.7642822265625,329.9186560378193,321.61371590967696,328.90170934618857,2976500
2021-12-20,318.88311767578125,323.44047049299144,316.6797711940368,322.9131753726814,1784700
2021-12-21,329.3819580078125,331.9336926577307,322.17870485336323,322.75306856753946,1518500
2021-12-22,326.73614501953125,331.0675232942546,323.4782076424916,328.69466604061034,1582400
2021-12-23,328.8264465332031,330.9638739956221,326.0769544195933,327.6776902627499,997800
2021-12-27,330.26708984375,331.21811760143135,328.1014155028806,329.56088794101925,953100
2021-12-28,329.3443298339844,332.51755472196027,328.5157436868239,328.8829537570359,718700
2021-12-29,325.52142333984375,328.9111984108972,325.3236948418662,328.01666445623357,1417300
2021-12-30,323.0374755859375,328.7231816964313,322.85802375643107,326.6075754828472,1538800
2021-12-31,323.8497009277344,324.8413840278659,322.1213027186288,323.3207706082984,1004700
2022-01-03,330.6687927246094,330.848244555586,324.88863368444714,324.898087619648,1570700
2022-01-04,350.6726379394531,352.9960284778667,333.1243510049629,334.4466046112565,3034100
2022-01-05,351.3904724121094,365.08530379807587,351.13547558326115,352.325518430496,3310100
2022-01-06,355.46112060546875,357.41618265182575,347.79202007404473,353.7138721718824,1600700
2022-01-07,357.6239013671875,360.78788465427203,355.76329253686333,355.94274431412543,1791700
2022-01-10,358.7668151855469,364.46200417554587,353.2227738688523,360.0985230325494,2120000
2022-01-11,359.4184265136719,362.2329604620535,354.87552332223913,361.6190600783672,1249900
2022-01-12,355.3572692871094,362.5446808853716,351.83438153026555,361.0713082009425,1458900
2022-01-13,359.267333984375,362.86576615307433,357.5578149740925,357.6522678377552,1325100
2022-01-14,358.48345947265625,358.9745740835422,352.7505128012295,355.74449896272836,1309400
2022-01-18,362.5918884277344,366.4547716078338,358.4267675906519,359.5034784350404,2685500
2022-01-19,355.0267028808594,366.54926254911334,353.8083270153948,365.7370023644795,1919100
2022-01-20,346.6020202636719,358.99347668453976,345.5630962722638,354.74335666575587,2014300
2022-01-21,344.0519714355469,350.5026971216694,339.87739600269435,347.17816883671406,1493300
2022-01-24,343.8157653808594,345.2513508761716,327.7408798793016,336.77002002892925,2251800
2022-01-25,347.7731018066406,349.69983065631624,331.32040482333537,338.2906051952199,2511900
2022-01-26,351.5699157714844,359.64516103299155,346.1864477534504,348.86874223952873,2296100
2022-01-27,355.0833435058594,361.6190961414399,349.87932739108044,354.82834668741225,2030000
2022-01-28,353.03387451171875,356.19785858653626,344.29751649095334,351.4565950301865,2100300
2022-01-31,355.4988708496094,355.86722836656634,346.63972845195906,353.2321462638465,2191600
2022-02-01,356.896728515625,358.4739790438624,350.4270959945421,354.1766472530465,1622500
2022-02-02,353.6855773925781,358.60626416340546,346.4981367343852,357.5484610548871,1642900
2022-02-03,350.294921875,355.98062787393724,349.2937559296728,350.72937053755703,893700
2022-02-04,348.9726257324219,352.08939772959053,343.35303984888765,347.6976127757774,1102400
2022-02-07,351.5322265625,353.71395294211845,348.2265770390809,349.7566159211015,1087300
2022-02-08,368.2303466796875,370.1948336166995,353.44938175236433,355.49886761798604,2647500
2022-02-09,373.4438781738281,377.43900142075927,370.7049176677562,370.7049176677562,1630400
2022-02-10,371.31878662109375,377.0422788640475,368.428707521106,370.9882159898206,1402300
2022-02-11,370.8654479980469,377.5334110914774,365.81252227791737,372.3765785712345,2390200
2022-02-14,365.7558898925781,375.6067166149454,362.62969283619105,372.2254939131258,1799900
2022-02-15,371.5549011230469,374.0105315899992,367.44644633719935,369.0520586333136,1590800
2022-02-16,368.8726501464844,372.1594201257195,364.0086294871504,369.7226684171396,2174900
2022-02-17,359.3995361328125,368.9859106889565,358.0489495667132,365.06636193817445,2570300
2022-02-18,348.6042785644531,371.1393445154061,345.67641247561215,358.68176876543373,3729400
2022-02-22,334.1349792480469,349.8982039601599,332.6521527273074,344.94918469885584,2359000
2022-02-23,318.77777099609375,336.22214765845604,318.5322281900519,335.2871307987311,3068300
2022-02-24,323.72686767578125,324.699671588232,308.60587874703066,310.79705823896666,3599900
2022-02-25,327.7126159667969,328.96874993704756,319.2312545091879,323.67028052415566,3424600
2022-02-28,340.0284729003906,342.26689360456305,326.78699853820444,328.6759407262865,3265400
2022-03-01,338.73455810546875,341.77575623499877,331.1410023046164,341.06740290193716,2863200
2022-03-02,355.1023254394531,360.05134576802124,340.3780215099583,340.746350324539,2564200
2022-03-03,360.7218933105469,364.6508971226375,354.7811899711491,357.2367921336028,2961400
2022-03-04,368.40985107421875,369.0804174887544,353.71388297710735,357.831763162445,2404400
2022-03-07,348.50982666015625,382.973566962088,347.6031424986264,372.4238411956504,5456700
2022-03-08,344.66583251953125,367.39925887433265,343.9008132323401,353.0999525473854,3512000
2022-03-09,348.37762451171875,353.19443327899296,344.0141722856729,348.7459821057742,1744600
2022-03-10,357.15179443359375,358.53071437661936,342.1819194817945,344.2597677435933,1768800
2022-03-11,367.8526306152344,370.553804245247,361.2035457077829,361.7041142599237,2144300
2022-03-14,371.9893798828125,377.3634228382579,364.99087427803,371.177148558144,2466500
2022-03-15,366.8986511230469,373.06604561021607,360.5423509063817,370.6954141729888,2197700
2022-03-16,366.6437072753906,378.61959438688785,360.7974286257379,368.34374379448417,2271500
2022-03-17,383.5969543457031,384.61699933531594,362.6958030462499,363.1869464942014,2783800
2022-03-18,390.2082214355469,391.88937880717424,381.64186181149825,385.0230844230779,2941700
2022-03-21,398.8406982421875,403.1002431898569,391.39826156119165,391.9554960365595,2750200
2022-03-22,403.80853271484375,412.0537742716758,399.7095323564575,401.4001433837275,2234400
2022-03-23,407.55810546875,410.8448748437682,397.19725770195515,399.6528880058446,2633500
2022-03-24,408.2192687988281,411.2982535728829,402.1840850960106,406.5381115222209,1878500
2022-03-25,412.2144775390625,412.68671315140057,404.3470160966452,408.33268581769715,1457500
2022-03-28,408.58758544921875,413.65941893019175,403.62911269953133,413.65941893019175,1656000
2022-03-29,389.990966796875,400.9184740474503,386.6097445731626,400.9184740474503,3572900
2022-03-30,393.4754943847656,402.0920976952417,391.55333147597435,391.81845639799906,1693800
2022-03-31,393.39031982421875,398.3330290908877,391.3450578280331,392.197271998783,1953700
2022-04-01,394.6590576171875,399.50710116606626,391.8373773917584,394.89577730839176,1480900
2022-04-04,395.27459716796875,396.4771229341866,386.1750761705458,396.32561884690364,1072400
2022-04-05,391.7332763671875,400.02794509014353,389.3755570643412,396.4582219055529,1399000
2022-04-06,389.4039306640625,392.7180066697141,384.47069990094127,388.7695091142571,1237000
2022-04-07,387.70904541015625,390.6159707115642,380.4749052837962,388.00257557190605,1637300
2022-04-08,396.07940673828125,397.62282386906156,386.00463091892044,391.19353735861745,1341900
2022-04-11,396.2783203125,402.95380538007544,394.36560633155966,394.36560633155966,1437700
2022-04-12,397.4334411621094,404.7906788879483,395.3313691123772,400.35929312790125,1119700
2022-04-13,404.59185791015625,405.22625053569703,398.83481851931646,399.8953181711953,1153200
2022-04-14,413.5493469238281,416.06804818835093,405.19786834616576,405.19786834616576,1522700
2022-04-18,415.1590576171875,421.862947391277,409.2789189510432,409.525116707373,1525700
2022-04-19,414.5625305175781,418.0659651399994,411.6461272983496,416.4373322620597,1207800
2022-04-20,414.1553955078125,423.0276465965444,413.3410645891855,421.067600245795,1718200
2022-04-21,401.81744384765625,417.6114030196614,401.03154721647564,417.4314937493106,1641300
2022-04-22,382.13189697265625,398.4560787812394,380.2759936574292,397.4334623576326,2148800
2022-04-25,365.03131103515625,371.1102576750694,352.41887656292687,371.1102576750694,4496300
2022-04-26,361.4899597167969,369.88880012246204,359.8992100450857,364.5767942841152,1559000
2022-04-27,365.0502014160156,369.3490394805029,355.5530077185655,361.62250460684777,1599200
2022-04-28,364.3778991699219,369.3395347318271,355.07954261223546,367.2374626837048,1515200
2022-04-29,357.4941101074219,369.25435852863194,356.28210629511017,365.63727426660233,1526800
2022-05-02,360.9786682128906,362.17171602609693,351.86021940953566,355.041718773355,1563400
2022-05-03,368.75250244140625,369.96450621613064,363.1185617133225,365.33425475946945,1468200
2022-05-04,375.29547119140625,377.24603948332066,364.31166978002165,370.45690481352705,1750100
2022-05-05,362.6923828125,375.11542527643894,358.97112799652757,372.96602128218154,1465800
2022-05-06,357.40887451171875,363.19431917996036,351.8980616911942,363.19431917996036,1516100
2022-05-09,345.1657409667969,354.6534565017731,343.1394352837014,352.2389270283038,1818100
2022-05-10,345.37408447265625,351.7560391170755,341.3498490812682,348.44196291240297,1344100
2022-05-11,344.6922607421875,354.59660410423214,342.9500073575993,346.4534701949808,1380900
2022-05-12,343.69805908203125,348.04422907701223,335.479129570629,343.5654821867354,1889400
2022-05-13,347.2110595703125,350.34522671924674,343.93486635199895,345.1847246589899,1750300
2022-05-16,354.5588073730469,362.1148823246371,346.5860745070323,349.3225683343422,1896400
2022-05-17,363.8476867675781,365.5047248034425,357.29527221989343,361.24376985407696,1229300
2022-05-18,349.0858154296875,364.6335489441112,347.83592849458313,363.60145453293256,1543400
2022-05-19,345.2510070800781,350.7713276837677,337.3729670766029,345.0426925498171,2253600
2022-05-20,296.6666259765625,326.07668231166247,291.29783879323537,321.5884855705709,8814300
2022-05-23,317.5452880859375,319.3538302186368,299.38415805925183,300.1132732923237,4286400
2022-05-24,319.1266174316406,319.9788027235566,309.81880989056816,314.6668255833331,1900600
2022-05-25,324.7510986328125,327.36449397477776,318.35966524805747,319.64740684490994,2005800
2022-05-26,329.04986572265625,330.38496831725047,322.3175423325917,325.21498919015426,1349900
2022-05-27,341.567626953125,341.7096530050732,333.61382128662507,335.0909789162365,1968000
2022-05-31,338.7743835449219,342.9122403479031,335.93374641008387,339.26675024556994,2705000
2022-06-01,333.4434509277344,343.7928319857919,330.04415861345973,343.7928319857919,1714800
2022-06-02,341.8990173339844,342.21150355010536,332.3639688605144,335.07202861916045,1161600
2022-06-03,341.8232421875,344.3230160560634,338.05465421163143,338.43342884367854,1082200
2022-06-06,343.6318359375,344.484021195169,339.5318339887824,343.8780337061528,1011000
2022-06-07,348.2999267578125,348.9343483273263,338.9826419657688,341.58655890824326,987000
2022-06-08,336.16094970703125,345.3835702001457,335.2235488065558,341.7759637630078,1772700
2022-06-09,326.98565673828125,334.892100822758,326.95725152897086,332.4491661327186,1415500
2022-06-10,317.4222106933594,322.885691313747,315.67047902277784,318.9845550333295,1327900
2022-06-13,307.6409606933594,315.954556600074,305.1790696791386,307.73565436630093,1816700
2022-06-14,309.2315979003906,312.8581590902206,305.44408353190727,308.8434031064895,1630400
2022-06-15,313.01922607421875,317.4600905975593,308.18068857961146,310.93610975205286,1442500
2022-06-16,300.7003173828125,306.68459853161147,297.92596934232756,305.4063063301019,1799600
2022-06-17,305.57672119140625,309.136994652863,298.01116898225786,298.01116898225786,2329100
2022-06-21,311.7787780761719,317.08130523755466,310.43422633629507,313.32219517332,1425400
2022-06-22,301.0411682128906,306.6561525293642,300.75711613310773,303.9480930472752,1636100
2022-06-23,281.7059020996094,300.25525307721523,279.8878822113731,298.06796550795264,4232900
2022-06-24,294.3562316894531,297.1873902830868,283.44819743580933,284.8874429252467,2297000
2022-06-27,298.57928466796875,303.65457015354434,294.67814856512797,300.7571232850675,1708300
2022-06-28,292.73712158203125,303.17171799008946,292.0932507829397,301.47682534805034,1818100
2022-06-29,285.7235107421875,292.4615073692849,282.91047509448686,291.95782163842165,1800800
2022-06-30,284.6020812988281,289.4678817484615,279.67926201599266,283.00549596425316,2082100
2022-07-01,286.6548156738281,289.73394834758386,279.70774154720425,285.666440999831,1373600
2022-07-05,277.6264953613281,280.16392043109687,273.42592432486725,279.28009951926543,2147900
2022-07-06,274.784912109375,277.45540008422205,269.7195174791818,275.45014140061795,2083200
2022-07-07,288.878662109375,289.46787604248755,280.8671971753621,283.0339998017044,2051800
2022-07-08,289.515380859375,292.72754774025907,286.3031849760361,289.5723996855031,1516100
2022-07-11,283.5946960449219,288.888166487248,283.0719847628454,285.6379481413305,993900
2022-07-12,281.26629638671875,286.3126654577047,278.58632458241954,279.40361374907883,1210200
2022-07-13,282.0455627441406,284.3169187292405,276.8281377441977,277.5313891861343,1199900
2022-07-14,279.71722412109375,280.22090975998833,274.02462222080976,275.6497167912123,1366800
2022-07-15,282.91998291015625,284.77315309367486,278.6338833686893,283.27160873460775,1184500
2022-07-18,283.1575012207031,291.2640058047105,282.20714884741994,286.1891276116727,1056200
2022-07-19,296.1203918457031,296.70012206915396,285.88510379286066,286.5883555042137,1282200
2022-07-20,299.7031555175781,300.30188224303726,294.8088458607839,295.9967865057561,1152500
2022-07-21,300.8245544433594,301.03363312980804,293.28823792895173,299.18994716815735,1223300
2022-07-22,296.75714111328125,304.5595285999214,295.0464888648861,302.06009637764225,1110700
2022-07-25,306.9258117675781,307.33448535313914,296.42442904800834,299.2564897219456,1433100
2022-07-26,303.590087890625,309.58680925609985,302.4496534017187,307.69558824528934,1122600
2022-07-27,309.53924560546875,310.83173984018526,302.8297605555913,305.0630943050437,1148200
2022-07-28,315.1654357910156,317.88343029214536,307.79069037137253,313.28372721160764,1295600
2022-07-29,326.1419982910156,327.59603660884414,316.4674157840922,319.3659796129627,1880300
2022-08-01,321.3997497558594,324.9730848308986,319.30896242419607,322.04598256656993,1238900
2022-08-02,316.6669006347656,322.23598052594133,314.4145701899252,318.36803947383487,1271500
2022-08-03,319.8031311035156,321.8083609701761,316.97107019449726,320.4778732621482,1142800
2022-08-04,325.3817138671875,327.64355759853174,320.0027149016899,322.2645586330342,1333900
2022-08-05,326.2655029296875,327.4724401211688,320.57290093656104,320.7344446144789,917100
2022-08-08,326.64569091796875,331.90113974676734,325.78086655342463,329.6583214846215,953200
2022-08-09,326.61712646484375,330.1904609949301,326.06593479917035,329.0595392474284,1146300
2022-08-10,334.8661804199219,339.51341789181,331.28336207017713,331.5684852109578,1136200
2022-08-11,343.9515380859375,345.4530820501383,339.4753575990655,342.6020249768222,1718800
2022-08-12,349.88177490234375,350.28090670528934,343.75198976357274,344.45527032523734,1256500
2022-08-15,347.8764953613281,348.1045996661715,341.27156337504493,344.46473361830704,1196100
2022-08-16,351.6114196777344,354.8330994916217,344.9874617567819,346.2229083751841,1431500
2022-08-17,346.58404541015625,349.20702751423937,344.29369247183746,346.37496670617196,1722500
2022-08-18,349.7202453613281,351.5734445395618,344.740406998634,346.35601802593817,1983500
2022-08-19,351.30731201171875,351.55441294488327,335.521941753503,340.8249249959213,4242200
2022-08-22,351.2883605957031,354.5955691914363,343.2863786781453,345.31063442344305,2353600
2022-08-23,356.2681884765625,366.8265919754091,350.19542142181075,350.20493422862853,2389800
2022-08-24,362.4454650878906,363.3673082340241,355.54589620028435,359.9555460134263,1566300
2022-08-25,368.8792724609375,369.14536996865644,362.6544759397692,363.03461109330294,1325400
2022-08-26,360.544677734375,373.42194042414087,359.87941949106784,371.7588238183249,1452800
2022-08-29,361.7137145996094,366.2944214143034,355.9640925662944,357.48466263370904,1323400
2022-08-30,350.4329528808594,360.91533923674245,347.3728168339561,360.41165359870195,1622700
2022-08-31,347.1162109375,351.6588942080145,346.43195605563596,351.6588942080145,1500200
2022-09-01,345.709716796875,346.6505854889536,339.5134289680005,341.15754922586075,1349900
2022-09-02,344.2366638183594,351.9915432505379,342.906176195733,351.5828986597411,1141700
2022-09-06,343.1342468261719,346.8406155110043,337.8312930159432,345.15850214701044,1092600
2022-09-07,347.7720031738281,348.7508651084428,339.48492804684,340.1121641897665,913100
2022-09-08,350.1859130859375,352.0485959367656,344.8829296909588,345.70024795361644,1227200
2022-09-09,353.7687683105469,356.62933902213285,353.62622121581654,354.50052939846995,1240300
2022-09-12,355.4603271484375,357.332522642594,351.4688352413413,356.6577805210574,1129200
2022-09-13,345.2630615234375,352.98943220980243,343.9801088137108,347.40135470959206,1085700
2022-09-14,342.98211669921875,347.11615473266426,339.8269403102603,346.260843519439,1121700
2022-09-15,340.9579772949219,346.49854895759853,340.5208232382864,342.98223288683647,970000
2022-09-16,336.89996337890625,338.41102038315995,331.79657506205047,337.6602337827278,2422600
2022-09-19,344.683349609375,345.1680386638452,332.1862200687963,332.8894716361008,1008700
2022-09-20,337.9358215332031,342.5545494848236,335.0372581846894,342.0128416320336,1434000
2022-09-21,332.4428405761719,343.1628167405383,332.4428405761719,342.4120300660972,1007100
2022-09-22,328.9455261230469,336.47230192553457,328.75544401590565,335.008779909886,1006400
2022-09-23,317.6268005371094,326.06593502750485,312.30482095733737,324.5358524846847,1717600
2022-09-26,315.7451477050781,322.007968040509,314.33864437784035,314.6142257580658,1331600
2022-09-27,319.0142822265625,324.72590935176714,315.84010873508294,319.22336091174753,1180100
2022-09-28,328.7268981933594,330.78917571785837,320.3352990369322,321.4092019181837,1292600
2022-09-29,325.1323547363281,328.5648428932231,322.6914807353169,325.1323547363281,1589500
2022-09-30,318.3531494140625,325.1894923430257,318.13384150222066,322.996529614636,1697200
2022-10-03,328.0404052734375,331.59684869457703,323.39702428636076,323.80700823239357,1536900
2022-10-04,343.52471923828125,343.91564429746234,333.7135332144727,333.7802829045182,1639000
2022-10-05,339.21502685546875,342.92402835696186,338.75738120624317,338.75738120624317,1073700
2022-10-06,338.9290466308594,342.61896069120246,336.61212790890187,337.75627129254656,915100
2022-10-07,339.5773620605469,339.81572887781493,333.4275156335386,335.66814043784865,1351700
2022-10-10,342.9430847167969,348.2825069996028,339.1959655036308,341.589177551065,1366900
2022-10-11,346.4232482910156,353.0307985458805,339.5296985934136,340.2161961875225,1457200
2022-10-12,344.40191650390625,347.3100092377004,341.77036653290673,346.03236654288264,1179400
2022-10-13,350.0845642089844,351.2477953554961,332.8268020900842,337.63225582214056,1596600
2022-10-14,340.5213317871094,355.0712232679163,339.8443490413786,351.2382951261269,1231700
2022-10-17,345.71771240234375,350.09412391368596,344.17309999804803,344.5735690757423,1077100
2022-10-18,354.03192138671875,356.53954490356637,348.7306458177414,354.5563167339064,1214800
2022-10-19,354.0414733886719,357.1211540458318,350.3992214368641,352.782889609904,817800
2022-10-20,348.51129150390625,356.67296772978347,346.795062325547,354.52766670808074,788300
2022-10-21,365.2351379394531,365.7786212188725,346.1753382026156,347.59599499854517,1387500
2022-10-24,367.93353271484375,369.41139548061506,362.42246345244786,363.9098993005176,1059700
2022-10-25,373.4064025878906,374.2359144815853,365.3114745387159,366.13144244822615,1402500
2022-10-26,372.977294921875,377.35370590879035,370.1550401374338,376.4002387021201,1157500
2022-10-27,376.2286682128906,386.54519165095235,375.36100945559383,379.4799952822619,2043100
2022-10-28,378.38348388671875,379.2225397221093,372.01432964172534,375.4753913164443,1712300
2022-10-31,377.4013977050781,387.12674577979703,376.6290915934758,377.4967502454941,1638400
2022-11-01,370.62225341796875,379.47997248071385,367.7809395831087,379.47997248071385,2269000
2022-11-02,367.9907531738281,378.84118769982854,367.7046954964809,370.62230340082516,1719300
2022-11-03,375.3133239746094,379.460912394619,362.56547130405437,363.44264489277344,1627400
2022-11-04,376.70538330078125,385.1912362538448,375.18937382075467,381.97805618320547,1548500
2022-11-07,380.21417236328125,380.25231920535566,375.5707909306048,380.03301123532134,1186300
2022-11-08,385.7442932128906,389.74883862894967,380.0044011369344,381.20577931050934,1360800
2022-11-09,378.6122741699219,386.06839440551846,377.9734674621009,381.72058644815206,2182800
2022-11-10,388.6427917480469,389.03371683230773,376.8770087710129,387.4032958984494,2370900
2022-11-11,387.1363220214844,394.2587238311372,386.29726615192493,387.68932024595995,1519200
2022-11-14,388.00396728515625,391.37924951696584,383.6084681065479,385.753769431446,2035700
2022-11-15,388.0325927734375,393.75339664020214,383.1031539720028,392.59970934104166,1701100
2022-11-16,387.4891357421875,389.567687638224,383.34154683756304,388.299588831197,1101600
2022-11-17,393.77239990234375,394.3826328620938,382.8838210415729,383.9135527892649,1284100
2022-11-18,394.9833679199219,396.6614505599914,392.14202492742737,395.7842769499008,1590800
2022-11-21,392.5424499511719,395.95584965533016,387.5939529553115,394.0203124423209,1326000
2022-11-22,397.17633056640625,397.43375625867606,392.304126698832,394.7354566405843,2195200
2022-11-23,417.1610107421875,427.5347398237453,408.92306824051786,409.53327219369066,5080300
2022-11-25,420.92724609375,421.8235077602018,412.42230424747845,415.492470379948,1135500
2022-11-28,420.6792907714844,422.99623837770093,416.58893708747905,417.02752388929883,1974800
2022-11-29,420.450439453125,423.84478041468543,415.9214701765896,423.1392239859653,1643100
2022-11-30,420.4790954589844,421.1369902490683,412.77509218182564,420.67931545237525,2397200
2022-12-01,421.2513427734375,423.8257158614203,416.064478859546,419.8402008374122,1747400
2022-12-02,424.8745422363281,426.8673144646666,418.2384180904294,421.65184725998796,1471200
2022-12-05,416.5603332519531,421.585095334318,414.7582661288633,420.54581949250115,1467600
2022-12-06,417.8570251464844,418.8200363867193,413.4806139310041,418.69608098777684,1015900
2022-12-07,420.14532470703125,421.27995302672264,415.44473829545854,415.9310158889007,1433800
2022-12-08,422.31927490234375,422.85321427606664,417.2373068675304,422.68159714112295,1200200
2022-12-09,414.5771484375,423.8543965036139,414.16716444822805,422.74837085306626,1340400
2022-12-12,416.7128601074219,417.0656674404112,411.55462776529015,415.82614252676075,1591700
2022-12-13,416.8463134765625,419.20137854525814,412.6224609060201,418.4195284841507,1675500
2022-12-14,418.0382385253906,421.6709468989689,414.1576193229281,419.2014698876332,1767500
2022-12-15,409.79071044921875,416.49358426422066,406.2438110034524,414.75826683108767,1561900
2022-12-16,411.0301818847656,412.85130777334234,402.0389929506101,404.9947471629468,3097300
2022-12-19,412.5367431640625,414.4150750622675,409.70494388803803,411.9360540604338,1327700
2022-12-20,415.1014709472656,416.70331797559516,409.7334749921091,411.9645847737884,985200
2022-12-21,421.0893249511719,423.8257715285312,415.7594169787205,417.47567562863316,1220500
2022-12-22,415.5782165527344,420.03092135886556,410.3341467416541,419.8497602557728,1223600
2022-12-23,416.5984802246094,417.5042858417068,413.0611245206289,415.6068951356455,735600
2022-12-27,415.8547058105469,421.6708614430564,415.47332475706463,417.66628763771956,713800
2022-12-28,410.1625061035156,417.52327392563114,409.8192718841857,416.6651592797971,821700
2022-12-29,409.8374328613281,412.820567299714,407.7052428028734,410.87961577865497,835300
2022-12-30,409.9523010253906,410.88929430595243,406.1851281778504,408.1547632184733,760200
2023-01-03,405.67828369140625,409.37851925061466,401.7676973913663,409.2255342410183,1166300
2023-01-04,404.9038391113281,407.65748189675645,401.77726069482077,405.3340821189379,1050800
2023-01-05,396.5376281738281,404.91334563302826,394.51059874598815,404.03371832974676,1485000
2023-01-06,407.7626647949219,409.7418701323487,397.7615065018501,397.9431743837728,1042200
2023-01-09,409.4167785644531,415.23006311645963,407.7626554801195,409.13949140697247,1200300
2023-01-10,418.24188232421875,418.7390909089912,408.1642463056032,408.1642463056032,1079200
2023-01-11,414.46514892578125,420.58440323094493,411.2238393139995,420.45053040948676,1130000
2023-01-12,416.960693359375,420.68007059483415,412.38080090401024,415.91851024895595,1205500
2023-01-13,420.3453674316406,420.94773676723713,414.20697179616434,414.85716535870534,985700
2023-01-17,418.9781188964844,425.61369417497986,418.4809103183851,420.77562711459774,1767700
2023-01-18,407.3037109375,423.68229897265144,406.9595165363736,419.8290782503098,1390800
2023-01-19,390.6765441894531,404.7030203055749,389.98812621462514,403.69909079928357,2241000
2023-01-20,392.5888366699219,393.3728739731134,388.2575484954352,392.3402323594197,2781500
2023-01-23,391.38409423828125,395.4285536932899,389.4718252309047,393.40155321409634,1390500
2023-01-24,398.3925476074219,400.7828836933454,387.24401660120566,390.58091643990457,1319700
2023-01-25,395.4954833984375,397.1878309368328,391.28846831049054,395.0460990221754,1002000
2023-01-26,402.723876953125,402.82903774587334,393.6023453386187,399.4156304602778,1191100
2023-01-27,399.8362731933594,404.3205458278312,399.30084026795134,402.72381773278056,1324500
2023-01-30,402.1501159667969,407.0742020643842,399.66416080543183,400.3621493897131,1376100
2023-01-31,404.2919616699219,404.48320026664624,397.8093700741845,403.30714417250897,1269800
2023-02-01,408.2598876953125,410.9753063526115,400.14231459314755,403.52703911607364,1112100
2023-02-02,388.71649169921875,408.0208507007463,384.2417889843483,407.9061192227615,2551300
2023-02-03,388.24798583984375,395.5624091759385,387.1580076460876,388.668687368356,2295500
2023-02-06,392.23504638671875,394.7974797127783,387.25356488757814,387.7125199285218,1378100
2023-02-07,391.55621337890625,395.2755908124699,387.02414491481255,390.29413793931417,1313100
2023-02-08,389.8064270019531,393.44929664876287,388.2096697515617,388.24792329678513,1061500
2023-02-09,390.1123962402344,394.4341131170237,389.2709933204033,393.04770659972405,1262700
2023-02-10,399.4634704589844,400.08495209415105,390.25588987460657,390.73395715995196,1357000
2023-02-13,397.1112976074219,404.8177679119058,395.97352448709466,400.9836595331969,1428400
2023-02-14,391.35540771484375,397.15915110095943,386.41220871713705,397.15915110095943,1503000
2023-02-15,392.0533142089844,395.8395978443593,387.731568524205,388.831146305784,1424800
2023-02-16,385.2839660644531,391.31717267747996,385.1596639056287,387.20580582708527,2122500
2023-02-17,414.3025817871094,417.23792130776553,397.27383098116997,400.62030127824363,4888700
2023-02-21,408.43194580078125,418.67213708763364,406.99774419616693,412.9735842153932,1936300
2023-02-22,407.705322265625,412.084405508,403.2401612394124,410.54504294388465,1356300
2023-02-23,406.40496826171875,412.4477454638769,401.863329267052,411.1187336468919,1086900
2023-02-24,399.1096496582031,405.12371426003267,396.99657154294766,405.01855347780474,1031200
2023-02-27,403.135009765625,404.42579722719495,398.44995636706585,400.22835260116324,920200
2023-02-28,400.8497619628906,403.67037001202976,398.88012750472546,403.28792210169865,1465200
2023-03-01,401.3374328613281,405.2575899174347,398.52639526170924,399.989279793845,1354000
2023-03-02,402.857666015625,404.69345690881954,399.43471769026917,399.43471769026917,959800
2023-03-03,411.4055480957031,412.73458904560516,403.49832635040354,404.2249687227451,1097400
2023-03-06,407.0359802246094,413.05007396234964,406.9403609457811,411.42463375899047,1007500
2023-03-07,399.8075866699219,408.2024453908442,399.56855307401986,406.8829752728402,1181500
2023-03-08,405.67828369140625,407.4279968518953,399.912794271008,400.4099736680158,1365900
2023-03-09,402.9342041015625,413.9010677189699,402.4178833139323,407.3323993522591,2082000
2023-03-10,378.5623474121094,401.3565917050854,377.74962720446143,399.9988969769822,2354300
2023-03-13,380.7518310546875,385.0448650507586,369.2973307656082,371.81196883437417,2000700
2023-03-14,384.79632568359375,388.51567356561634,379.8244148124714,386.6225168275311,1636600
2023-03-15,373.3514099121094,379.1073290953541,365.6258268150716,377.3767279853728,1964100
2023-03-16,373.9537353515625,376.08592570579964,367.8057977650798,370.59772323227656,1621800
2023-03-17,368.5898132324219,372.8637351911447,364.6601148326283,370.21525339294715,3124500
2023-03-20,377.195068359375,379.27943461124886,370.49255603302566,372.0893135210747,1325100
2023-03-21,384.93017578125,386.7946496838706,382.2051866846924,383.20914539337605,1341700
2023-03-22,377.6444091796875,386.47908179305585,377.49142417258025,385.934107355188,1202400
2023-03-23,374.6612854003906,383.1326225159708,371.984091466401,377.67310304458493,1566800
2023-03-24,369.54595947265625,371.5442769422038,364.7652872931911,370.3873624448673,1361500
2023-03-27,375.77044677734375,377.70182805337146,369.62247947849994,373.6478269207977,1392700
2023-03-28,378.0077819824219,379.51846165998273,375.17763202074957,377.1185838966631,982000
2023-03-29,383.20916748046875,384.0983655928242,379.2125029583372,382.11916010745733,1455000
2023-03-30,387.1990661621094,389.88460647897915,385.5493687474053,385.8562667334803,1267900
2023-03-31,396.0038757324219,396.65607426927147,389.4050853661385,389.4050853661385,1779200
2023-04-03,398.027587890625,402.2573359846137,396.1668815834229,396.1668815834229,1632200
2023-04-04,381.4059753417969,397.9221230571448,379.55486954254644,396.5793527693517,1801600
2023-04-05,358.5404052734375,378.08739330776365,354.96285558505883,377.2913025208991,3265700
2023-04-06,354.540771484375,357.9456849197514,351.13588731918895,356.97695869920744,1848500
2023-04-10,361.9069519042969,363.1346318479576,353.44748397026194,354.1956009785834,1486500
2023-04-11,365.2638854980469,370.3856433077416,362.3961085657758,362.3961085657758,1543800
2023-04-12,368.6783447265625,372.86011876123996,367.1533090939872,367.8151081737256,2166100
2023-04-13,369.0140075683594,371.5365128092099,363.56618068929714,369.9539612791906,1627000
2023-04-14,371.9201965332031,373.91519456493535,369.45526550168415,370.865181581829,1113200
2023-04-17,375.4210510253906,377.1858390672808,373.0999536022428,373.4068808974058,1116600
2023-04-18,380.4755859375,383.27621666131887,375.9772839486418,377.1474185031673,1402000
2023-04-19,376.7158203125,380.1878802068356,374.1837434856372,379.08486214883453,860000
2023-04-20,374.4043273925781,376.34178021125365,370.2321536438772,374.749627895689,1336300
2023-04-21,370.8939514160156,374.56739028029307,369.551151905752,373.9727369789914,2556900
2023-04-24,372.17919921875,376.61035591714574,370.4719563940391,371.4886274430132,1132800
2023-04-25,363.95953369140625,369.95407101518344,363.1730433696782,369.2826711268397,1688400
2023-04-26,359.2981262207031,362.73181320854945,357.168894899896,359.67219935773045,1416500
2023-04-27,356.6509704589844,358.7130852823699,350.93458831163775,357.1976792448241,2741600
2023-04-28,362.5687255859375,362.9523993233722,355.8356729847899,356.6221631682557,1999300
2023-05-01,366.5011291503906,368.8989435400694,363.92107852548065,364.41984265145874,1184100
2023-05-02,368.1124572753906,371.06658102592127,358.9432172942289,368.3138947607874,1547800
2023-05-03,366.5970764160156,374.06867483761454,366.52035922839735,369.51282713886843,1235400
2023-05-04,358.3198547363281,368.32353121889315,358.07047262663025,366.48202581401824,1382900
2023-05-05,365.51324462890625,367.0862249777733,360.669671086483,362.64546787675516,1862900
2023-05-08,364.70758056640625,373.36848525362507,363.36481031842584,370.212953218224,1106500
2023-05-09,365.84893798828125,367.0382445829183,360.9861632837767,362.3001609124055,1478700
2023-05-10,364.8418884277344,370.4719523651266,360.78477563062705,369.9348442420832,1014600
2023-05-11,357.5525207519531,361.5904322372498,355.039615800008,360.53538798676215,1825100
2023-05-12,358.6938781738281,362.0699904615231,356.12339877765254,360.74639217077663,1332000
2023-05-15,355.0780029296875,359.4708160875757,354.742302999599,359.0967429245684,1466300
2023-05-16,347.85577392578125,353.76399297436893,347.45295743962726,352.95833073186145,2181300
2023-05-17,353.0254821777344,357.4950124492326,349.2177511284876,350.0809585970156,1843900
2023-05-18,355.3752746582031,355.98912920915245,350.7523106284733,352.325261692438,2034300
2023-05-19,348.690185546875,376.93645309090067,346.6952166893012,374.8455657958037,7522100
2023-05-22,345.7648620605469,350.89619111021443,341.3241047799773,344.98797247908624,2936200
2023-05-23,345.7456970214844,348.20105685640976,339.96216931551743,342.6764825927286,2111400
2023-05-24,339.6072998046875,344.0288856066178,338.5714566688383,343.68358504786755,1717000
2023-05-25,340.37451171875,342.7819264409912,336.4708633401096,339.20437726744376,1540000
2023-05-26,342.6093444824219,344.8824681154383,340.7678391998105,342.11060956633935,1412900
2023-05-30,336.2982482910156,342.47502012991924,332.2795092733695,340.4896229095159,2094800
2023-05-31,331.8383483886719,335.90503233537737,331.42590205731767,333.9676087942046,3384700
2023-06-01,338.1589660644531,341.1226610613538,332.6535644637888,334.9554896347592,2116800
2023-06-02,355.9028015136719,356.929073098044,343.05052222973086,345.35241819144943,2855600
2023-06-05,348.7861328125,356.02755102615964,348.3065698554444,356.02755102615964,1476800
2023-06-06,358.4157409667969,359.1542573334871,347.0117205689164,347.41456630450983,1927600
2023-06-07,366.21337890625,368.24672069095834,354.9532233734586,358.69383699006755,1928800
2023-06-08,365.20635986328125,368.3043470699173,363.0770991859753,366.16548576710915,1317100
2023-06-09,363.3840026855469,367.70006896991754,361.6575878798777,366.1271178112275,1254800
2023-06-12,371.306396484375,372.2079771286103,362.53040077568255,363.1921999564553,1527000
2023-06-13,381.9622497558594,384.40803811137306,373.29177358636264,373.88642689995686,2141700
2023-06-14,382.73919677734375,388.56109829036774,382.0294529442611,383.6503781334912,1900100
2023-06-15,389.9038391113281,391.3233559397537,383.18038664952974,383.85175719809143,1471200
2023-06-16,390.9684753417969,393.19365434105225,388.91593197088076,391.1027377404392,2119900
2023-06-20,391.30413818359375,392.2440626956646,383.65030407992884,385.41509196627305,1700700
2023-06-21,399.5621643066406,400.9145350305304,388.47467376559354,390.28743535406056,1868200
2023-06-22,398.6990051269531,401.2790558639898,395.14065661368176,397.8741417205543,1518000
2023-06-23,387.9184265136719,394.51718717547146,387.553954040538,394.277405734746,2033400
2023-06-26,393.423828125,398.85248385696576,388.39801812213454,388.39801812213454,1360400
2023-06-27,392.7716369628906,394.68028804163464,384.2545947151153,393.95134302775534,1404900
2023-06-28,388.6378173828125,395.9271506377491,388.2925168463098,393.3470996849164,1676100
2023-06-29,386.4056701660156,390.42721450169233,380.02698468733826,386.4633934350814,1871600
2023-06-30,389.830810546875,393.11155410806424,388.031699739946,390.1001956512156,1848800
2023-07-03,391.0718688964844,391.870393771514,384.5681059035967,386.98297055489786,652600
2023-07-05,389.3208923339844,393.3424374922835,388.46461473307437,390.6100945414441,1398600
2023-07-06,385.9631652832031,389.38821670809693,384.5969792299882,387.67569099565003,1390700
2023-07-07,389.9173583984375,392.94794787432534,384.28910402277626,384.28910402277626,1013900
2023-07-10,391.65875244140625,393.2462013024601,386.6943450251714,387.85849963594666,1005500
2023-07-11,398.1144104003906,398.78788781773346,394.852927622873,394.852927622873,1131200
2023-07-12,392.216796875,402.17444433088883,392.05322800837905,401.19311921348236,1376000
2023-07-13,394.0255126953125,395.62259196166417,389.7442128077933,392.73631049830476,999400
2023-07-14,398.8936767578125,399.2208144712453,393.573299479225,397.51788973788473,984200
2023-07-17,404.6566162109375,407.36972749231865,399.182300707469,399.24002398062436,1509100
2023-07-18,415.2011413574219,415.5859729527872,404.7912808144476,405.34931158438064,1575400
2023-07-19,419.6364440917969,421.2142625750816,415.2685302433291,415.86502367094056,1664800
2023-07-20,422.9653015136719,423.3309018549823,418.55889547261944,422.14751591244163,1284900
2023-07-21,420.3676452636719,423.5521734555075,418.80905797470984,422.36881684910395,1195600
2023-07-24,425.81304931640625,430.05588607818817,419.71337875080445,420.38685608852336,1301700
2023-07-25,429.41131591796875,432.94221310805676,423.78309063618235,424.3218608191883,1160700
2023-07-26,416.5384826660156,429.77687212414213,415.15306537749063,426.7174211789703,1759500
2023-07-27,412.3725891113281,417.54865781608,408.37027587256375,417.0579806430159,1977000
2023-07-28,410.9198303222656,413.8253721169153,408.91868832450956,412.5073084321395,1194700
2023-07-31,413.31549072265625,416.48078745661036,410.7466874301949,413.21927547320894,1169600
2023-08-01,417.0099182128906,422.16672663040515,413.7099436901383,414.9991457945169,1115800
2023-08-02,414.2102355957031,418.47230401166786,410.8525376854392,414.3160811795305,1077900
2023-08-03,407.8700256347656,413.03646436074683,405.2723607723935,411.0256919519085,1083400
2023-08-04,407.9662780761719,413.7003491126232,407.29280064726044,412.2283467192814,961200
2023-08-07,414.9606628417969,416.41343383432695,408.0624669321168,408.66856134599715,1009400
2023-08-08,414.1429138183594,414.739407312487,408.31262738880145,410.8140772913015,1354400
2023-08-09,419.5594482421875,422.7247448126458,416.08630399447947,416.58658216068426,1361300
2023-08-10,418.0971374511719,424.73557923944367,417.70267544370864,420.12714141068125,1283900
2023-08-11,418.578125,420.8197904659611,416.1728906816523,418.7801564617255,1217200
2023-08-14,421.05072021484375,421.7722905228395,417.73148505375497,419.0014558424125,1058500
2023-08-15,415.316650390625,418.7032394052479,413.30587784357914,417.096529817864,1576800
2023-08-16,407.8700256347656,419.22272011014314,407.1580856571135,411.77612390047386,1870300
2023-08-17,403.2712707519531,409.29398778374855,400.00975843398595,405.7919519978762,2149200
2023-08-18,381.970458984375,397.2966350943383,380.39264046509163,392.2552437611622,4233700
2023-08-21,375.97662353515625,382.91331122860834,370.87750906062416,381.0083550400558,2549100
2023-08-22,370.60809326171875,378.18939605576304,369.68449156236994,377.8526574001433,1663900
2023-08-23,379.3343811035156,380.6620753810905,370.5697197818759,370.5697197818759,1582200
2023-08-24,371.9839782714844,377.23700244342643,371.21428557912856,375.59183018972533,1379900
2023-08-25,375.4186096191406,377.1792576970807,371.57986479203527,373.4848210663379,1099900
2023-08-28,379.7287902832031,380.98913076591555,376.6404775199803,378.0162645567165,1247000
2023-08-29,388.7821350097656,390.2445071082589,378.36264205558064,379.25741166028644,1875600
2023-08-30,397.6044616699219,399.8365261501369,388.16632461192495,388.5607865609882,1815500
2023-08-31,395.36279296875,401.4720939215394,395.11263920779726,398.3548903245215,1515500
2023-09-01,403.0210876464844,403.50213454731824,398.86483537669403,398.95144965632414,1249700
2023-09-05,398.7205810546875,407.30247184391004,398.17218046705017,404.9453299670121,1474000
2023-09-06,398.5858154296875,400.644680722628,395.07417922428317,396.49805913881113,1002600
2023-09-07,396.12286376953125,399.68259296976595,390.0327939897448,395.574463294428,1028800
2023-09-08,384.51043701171875,397.5179354764281,383.9331748214608,395.9016248323255,1837500
2023-09-11,385.1934509277344,388.68585576512936,382.624677184387,388.01237842914924,1428200
2023-09-12,387.0118408203125,390.33104663748924,384.1640221838696,384.26986776384746,1127800
2023-09-13,386.98297119140625,391.47593246387277,384.52961456595676,386.6077405439207,1104200
2023-09-14,396.0747985839844,396.52698387871845,389.77309546024094,390.8891278761968,1272400
2023-09-15,396.4884338378906,399.1438219339019,393.47710511950044,396.1805861578079,1986200
2023-09-18,395.2665710449219,397.9219590447111,392.0628119518988,395.3627862867984,969300
2023-09-19,383.5771789550781,388.6378017317206,383.3077938658713,387.3293388978782,1957300
2023-09-20,387.07916259765625,393.6406489697249,384.40454316727124,386.5019298406293,1289700
2023-09-21,372.946044921875,384.5584944684418,371.40668901018415,383.90427774822405,2209100
2023-09-22,366.4326477050781,369.0206822826886,363.2577500237842,367.2600636108667,2410500
2023-09-25,369.8192138671875,370.60810839218834,364.0177606317126,364.67200666619823,1383600
2023-09-26,365.2396240234375,367.39470444515456,362.94020606284903,363.67140664626106,1270400
2023-09-27,369.79034423828125,371.7145317621206,365.8553842753223,367.29852491820185,1403900
2023-09-28,371.4510192871094,375.6894827121004,369.7807197890223,370.7462046970877,1309200
2023-09-29,364.3547058105469,373.6233669859371,362.75199729889664,370.48554097882794,2124300
2023-10-02,360.9368591308594,367.49250962755127,357.76040566854846,366.10220906197947,1989800
2023-10-03,359.9134826660156,360.94655864594694,357.7121781329985,359.55625794464527,1212200
2023-10-04,363.9877624511719,365.5132154409381,357.3838500845856,359.52722747705934,1219000
2023-10-05,362.7230529785156,365.7739890382857,360.3190048169198,362.74235207090027,997200
2023-10-06,365.4746398925781,368.6993557251933,359.4693230041306,360.5506613115634,1203400
2023-10-09,369.7227783203125,370.64963554513207,364.49950164008584,365.3684321298704,831200
2023-10-10,377.35009765625,378.42180116803206,372.8026722336039,372.9667881591703,1317400
2023-10-11,375.9211730957031,378.9431454390597,374.00953191910145,377.87147138117814,942500
2023-10-12,369.0855407714844,377.5045696936052,364.8180848454567,376.34597610833055,1375200
2023-10-13,367.5214538574219,372.50335904726,365.68703859856004,369.7806847927685,1074200
2023-10-16,377.0605163574219,379.03008452334143,370.80416301321486,371.6634587974185,1202600
2023-10-17,377.62042236328125,381.66580616206386,374.627413494513,375.4770448600223,899800
2023-10-18,369.0372619628906,376.91562138658253,364.98221405837387,374.955658976802,1495000
2023-10-19,368.2070007324219,373.034425614383,367.1256622731447,368.46770053317624,1348000
2023-10-20,362.2016296386719,369.21105896316664,361.8830326076761,367.26079020531597,1468100
2023-10-23,360.3865051269531,367.0966363552901,358.65830852793636,360.3285783953804,1308100
2023-10-24,360.6761779785156,364.7987876293616,358.7645073922726,362.71333684371257,899100
2023-10-25,359.073486328125,363.01265168600645,358.24315400743166,359.3920833752013,773900
2023-10-26,356.7852478027344,361.8636776237466,356.71765679785847,358.1948473076459,1124900
2023-10-27,348.68487548828125,357.1232337858402,346.4159800170109,356.2639380579767,1436400
2023-10-30,355.10528564453125,356.59214043623757,349.1868887706697,352.6240121852846,1277500
2023-10-31,352.7495422363281,353.2709123224409,346.9856257782484,349.5055271766495,1233200
2023-11-01,357.6831359863281,359.51755111578564,348.8875546053185,352.2860797774567,1073000
2023-11-02,360.66650390625,365.3491111359081,359.06379558309595,362.53954679811324,1259300
2023-11-03,369.00836181640625,371.35448318709365,364.45127164739904,366.4015406505785,1173200
2023-11-06,365.19464111328125,371.2771838259614,362.22096076723426,370.0510286850078,925900
2023-11-07,356.49560546875,359.6527596869257,350.48065389794164,354.2363745259113,1711400
2023-11-08,356.6211242675781,360.18376562069324,356.4087164280012,358.001760492699,1178000
2023-11-09,356.862548828125,361.2555231070235,355.0763957461229,360.73415297479164,1094900
2023-11-10,361.0816650390625,361.60303510143643,356.28320421690785,359.4982852265781,1311800
2023-11-13,356.9976806640625,360.73410224705873,354.4584508433624,359.9906600698029,1418100
2023-11-14,362.0181884765625,365.3684220602991,357.80868870398183,360.79203333310176,2115800
2023-11-15,367.7242736816406,368.82494074378116,360.56039135605107,363.9492237297552,1515500
2023-11-16,365.4939270019531,369.6841275380365,362.4429914692675,368.21660123523225,1736200
2023-11-17,370.89105224609375,372.0110183678816,366.32432710999785,369.2014535170995,1342600
2023-11-20,367.2028503417969,371.5475322887306,366.3435841225964,369.30762976670474,2197300
2023-11-21,369.44281005859375,370.26347815857736,366.00568599527963,366.8842808350962,2163100
2023-11-22,357.9632263183594,360.45416464218255,343.3843969951584,348.5207842420421,6304700
2023-11-24,357.4128723144531,358.5714660282186,354.1784918724314,357.73146938039446,1275300
2023-11-27,349.7082214355469,356.2735353838382,349.3027343423995,355.645946727826,2322200
2023-11-28,347.5938415527344,351.29166499059033,346.3773506898098,349.5055121434145,1904600
2023-11-29,351.3785705566406,355.6459972380633,347.2366321599866,350.2199769117306,2263500
2023-11-30,351.83233642578125,354.4681206636873,348.91658279667513,352.0447442705677,1950200
2023-12-01,356.0804748535156,358.10799898649776,351.02134353051616,352.3150897289832,1764900
2023-12-04,356.19635009765625,357.58665076158564,351.46547980768673,352.8654447495327,1405900
2023-12-05,348.67523193359375,355.2405174868081,348.3179777695852,355.0860363666516,1572700
2023-12-06,352.9233703613281,357.1135714313047,349.98828791748883,350.49032947509136,3218300
2023-12-07,348.75244140625,352.739898582024,347.74832890445293,352.41163726618373,2753800
2023-12-08,351.1178283691406,351.6005707116556,348.414453572504,349.31234725816086,2060500
2023-12-11,348.5689697265625,353.29983926632093,348.4820796318785,351.9095388228624,2057900
2023-12-12,346.9856262207031,348.897267431787,343.3264302643882,348.49178028094025,1832000
2023-12-13,363.9974670410156,364.769843165685,346.145631426808,346.9470003838065,3406900
2023-12-14,375.01361083984375,381.685084734479,367.0193980479446,368.0814077334853,3576000
2023-12-15,372.7447204589844,374.4343188438064,369.24967022866235,372.609538445355,3891400
2023-12-18,369.5489501953125,376.19148995106923,369.481359191783,373.4784507121881,1404400
2023-12-19,380.3431091308594,380.5748160693209,370.0703360499217,371.62478200012714,2078500
2023-12-20,373.8936767578125,381.7913358506035,373.5654154407324,380.5555164069009,1592100
2023-12-21,379.7638244628906,379.8700431225882,375.6701779431292,377.446666611408,923300
2023-12-22,383.1237487792969,384.03130699855524,379.532143550645,379.7252228640272,1077300
2023-12-26,387.420166015625,389.41872709210526,383.0175566514818,383.1527386980525,966100
2023-12-27,387.77734375,388.6559090223846,385.5180833047687,386.30978794186626,823500
2023-12-28,386.8955383300781,388.6397832559775,386.02338629463304,388.4362949148715,1125200
2023-12-29,387.4866027832031,388.33935519433044,385.44196061003964,387.10869589383583,1104300
2024-01-02,388.49444580078125,393.9888381787713,385.67456041587513,386.7598710301697,1414600
2024-01-03,381.1686096191406,385.2869941767731,381.0814003183848,384.3373325032663,1397600
2024-01-04,380.23828125,386.20748921550154,379.9572538370886,382.29262328095103,1332100
2024-01-05,383.69769287109375,384.9283817653204,376.0423501668027,378.3389500208406,1100300
2024-01-08,385.6551818847656,386.00401904341743,378.43588510243285,381.34297971451383,1233300
2024-01-09,381.0426330566406,384.56022273738273,377.93204968769913,383.45551244285235,1012400
2024-01-10,381.5173645019531,381.96314026185235,378.5521306260679,380.96503904967517,1003900
2024-01-11,378.1355285644531,383.62995098707836,377.86420088756415,382.6124500193706,1190600
2024-01-12,374.5403747558594,383.0097006078091,373.8039013522135,379.8894179930127,1221800
2024-01-16,373.4162902832031,377.29241624006005,372.1080918582651,373.80389696439,1292900
2024-01-17,366.885009765625,370.18941079908456,365.7996991943118,369.3948274274057,1466300
2024-01-18,369.5789794921875,369.93751645586053,364.5690730625599,367.3598888276331,1125900
2024-01-19,370.86773681640625,372.4763326549039,365.64464283726363,370.76112797372247,1223100
2024-01-22,372.67987060546875,375.14121922314473,369.77277571880376,370.13131268989264,1113600
2024-01-23,375.4609375,377.80600674683365,372.70889158290663,375.18960986232867,955000
2024-01-24,376.38153076171875,380.9941301930795,374.43376797162836,377.8641477828712,1447800
2024-01-25,380.839111328125,382.7674747122103,376.5656785047903,380.96509016532605,1103500
2024-01-26,381.43017578125,384.43417935742724,380.8972202831759,381.5852243705521,884900
2024-01-29,385.36444091796875,385.8586564475718,380.56775272283124,381.7499723390914,969400
2024-01-30,384.63763427734375,386.42064854067587,382.1956857460939,382.903089328486,1098300
2024-01-31,381.3914489746094,385.67458171307067,380.5871657482626,385.015647314076,1342400
2024-02-01,381.4883117675781,384.8993215556,377.45713720059416,382.84494994577125,1485600
2024-02-02,380.4417724609375,382.84495165230766,374.6566532284141,378.1548427453657,1666900
2024-02-05,374.07525634765625,381.4496019841622,371.2941404691666,379.86037601217004,2164000
2024-02-06,376.8563537597656,381.9631688175161,376.11990991084065,377.1567511663986,1740600
2024-02-07,373.99774169921875,379.69562242027786,373.67794472442944,378.338984153359,1671500
2024-02-08,373.8813781738281,375.56751294673916,372.36969153086784,373.9298474881169,1142000
2024-02-09,369.4820556640625,373.72641867293356,368.6680726938333,372.27287131770356,1426300
2024-02-12,377.3312072753906,379.38554941795564,372.42788045394366,372.42788045394366,1698100
2024-02-13,367.5245666503906,373.464734481701,363.88102831679714,372.7185908722072,1765200
2024-02-14,372.86395263671875,373.6197960506776,365.45086731279565,371.13907768832553,2409000
2024-02-15,353.3670654296875,360.4797537973111,349.5975183255566,355.7315048902868,4933800
2024-02-16,349.5103454589844,352.72753779118324,347.16530531229165,349.8107429193252,2274300
2024-02-20,346.3124694824219,349.5199612638193,344.083679370783,348.366811455372,1973600
2024-02-21,346.22528076171875,347.49470968968797,343.482904993972,345.546946867348,1364300
2024-02-22,345.7310791015625,347.04897740203336,342.2134898040328,343.1631513797766,2197900
2024-02-23,353.3670654296875,354.14227887767197,346.3318865778634,346.893941464275,1704300
2024-02-26,351.9619445800781,355.0047178728681,350.4211879485844,352.74685777777313,1592500
2024-02-27,349.4909362792969,352.8340775163358,347.14586682307925,351.88444548594373,1559700
2024-02-28,353.5123596191406,354.01624532520503,349.9463309935473,350.2176586156578,1675600
2024-02-29,353.7449645996094,356.4582707529146,351.61311287825896,355.0240933759177,2491200
2024-03-01,356.4582824707031,357.3982443121854,350.1401774680603,353.70623625613086,1967100
2024-03-04,353.1344909667969,358.5223040266852,351.69061384593925,357.18503575417765,1335000
2024-03-05,355.3729248046875,358.24124970113894,352.3107817835122,352.6693186990069,1710000
2024-03-06,355.2760314941406,356.4388515765581,353.07631101372203,354.7043064450987,1068700
2024-03-07,363.69696044921875,364.5400132403092,355.88656783469344,356.04161644503745,1844600
2024-03-08,362.51470947265625,365.00512765838585,360.67355543858423,364.49154211878954,1064700
2024-03-11,363.4352722167969,363.7938387323955,359.14246953330576,361.8363760684363,855700
2024-03-12,361.1095886230469,366.1388645582812,361.0611488762314,364.5011989299874,1140800
2024-03-13,367.1175842285156,368.7358502488465,361.2258562355599,361.77821127974215,1250700
2024-03-14,368.4548645019531,370.60611565345084,365.27644230782533,368.71649236554924,1436300
2024-03-15,371.51702880859375,372.08875388772,366.2939344375561,366.2939344375561,3448500
2024-03-18,373.3775939941406,375.3931964477324,369.6758858817268,371.1391331807045,1145200
2024-03-19,379.3855895996094,380.18017307509086,373.57139971731146,373.5907697041528,1490600
2024-03-20,381.8468322753906,383.0484513865624,378.49399172787196,378.66841029203636,1763400
2024-03-21,385.3257141113281,386.98274975733773,379.8603620543201,381.68214607332277,1411800
2024-03-22,386.5079345703125,388.31034874634446,385.5195329721646,386.1300276193287,1514600
2024-03-25,385.70361328125,389.1921326547117,384.7442815432336,386.4497569027633,1106300
2024-03-26,386.178466796875,387.6029444473077,383.97877568698823,385.9846782182604,1053200
2024-03-27,397.9374084472656,398.2097406186802,386.39239434406176,387.102417000455,1543800
2024-03-28,399.4936218261719,402.0029961167224,397.3927606812868,397.3927606812868,1426700
2024-04-01,393.0743103027344,400.6412859633566,392.62688413093286,398.9392024821449,1319500
2024-04-02,392.9381408691406,398.48208195716603,391.2263216483084,393.91076002970783,1164500
2024-04-03,394.9125671386719,397.4608246583871,392.24760006568454,393.1618644756257,1077300
2024-04-04,395.9629821777344,402.58654613533787,394.2220152075246,399.42553378393035,1218600
2024-04-05,401.2442932128906,401.8375766185927,394.89309165520046,397.4607906534531,994400
2024-04-08,399.50335693359375,403.4424530232617,398.4334698222074,401.6917502460724,1269800
2024-04-09,400.2133483886719,402.5670701677577,398.24863866079414,402.15858673660205,1114500
2024-04-10,400.6899108886719,401.4193752483972,393.3271768275021,395.7490186855372,1407700
2024-04-11,401.5361022949219,402.722698892397,395.77821331981596,401.43883443965694,1472900
2024-04-12,386.3924255371094,401.19569120272416,385.94502900837773,399.98965287223757,1886000
2024-04-15,383.0174255371094,393.1521305672455,381.8211229286664,391.2749826523201,1353300
2024-04-16,382.24908447265625,384.87513852533004,376.053504866192,381.51962006658306,1865400
2024-04-17,386.0130920410156,386.73282071199156,381.6460415666113,385.1571824420275,1442200
2024-04-18,389.63128662109375,391.2652798757257,385.85751909350233,387.5693385118699,1562900
2024-04-19,389.3589172363281,391.9460878168002,387.84163369018387,389.99111376689126,1125200
2024-04-22,388.6683654785156,391.8585851233438,381.4418115517596,387.9291950299191,1005500
2024-04-23,386.3341064453125,394.51383837526896,385.8575324833365,389.89389666913803,1278300
2024-04-24,383.8149719238281,386.8690103634479,381.62657879242545,386.6647389668236,986600
2024-04-25,383.27032470703125,384.0970569744925,373.62195873581015,375.2073031201628,1316900
2024-04-26,382.560302734375,385.10859001026415,380.39138088162935,381.8697514027551,998300
2024-04-29,389.98138427734375,391.5667583149658,384.5152691483029,384.5152691483029,847100
2024-04-30,380.6928405761719,387.47199680289793,379.44788933152967,386.888419414039,1016600
2024-05-01,376.889892578125,380.51777242316354,373.26201273308646,378.3099081204976,2017800
2024-05-02,385.1183166503906,387.46233264569895,375.14896916363995,377.9792947924483,1790100
2024-05-03,389.98138427734375,390.35098432071356,384.03869524079033,388.69754949771993,1627000
2024-05-06,390.8373107910156,395.85602961778676,388.25987574832845,393.91079114300646,1042800
2024-05-07,394.46514892578125,395.4377680588584,391.71262015726387,392.6074428197662,942000
2024-05-08,394.3193054199219,395.8171176787939,390.46771185772155,393.1521504588944,640300
2024-05-09,397.8012390136719,399.2504320732138,394.3192754584162,394.3192754584162,995100
2024-05-10,396.7216491699219,400.41759015869917,394.56243341614646,399.2601709669648,1426800
2024-05-13,396.8188781738281,405.16396711669216,396.4006590623042,397.80123301520473,1402800
2024-05-14,401.477783203125,406.039369978069,398.7739028055279,398.7739028055279,1765800
2024-05-15,402.6838073730469,405.12509116558385,400.972017693062,403.32573963378513,1861200
2024-05-16,383.6302185058594,398.77390793831523,383.38706368394577,395.7490762010628,3623800
2024-05-17,386.1492614746094,386.703661538518,380.81932729129494,383.669094404255,1612100
2024-05-20,380.7609558105469,385.9644445213301,380.2357331582018,384.91402889862087,1158500
2024-05-21,376.1507568359375,380.4691886528185,374.6723862709269,380.2260338418769,1370900
2024-05-22,375.44073486328125,377.92090187103804,373.7289156278837,375.43099917335877,1318800
2024-05-23,368.8561096191406,376.9580444781776,368.3503583018569,376.5300896397131,1736600
2024-05-24,364.69329833984375,370.9180554783487,363.49699568285547,369.47859801374705,1511800
2024-05-28,359.15911865234375,364.73223793348217,356.9318418237262,364.73223793348217,1448000
2024-05-29,354.986572265625,357.7779846674062,352.7495302588511,354.99627827404004,1673500
2024-05-30,358.2642822265625,358.487965642329,354.9573829386164,355.33668898560154,1340300
2024-05-31,364.498779296875,364.8099948812079,356.2898709102006,359.4800606849758,2332100
2024-06-03,358.0405578613281,365.20875626998304,354.5683003613643,365.08231103097324,1284200
2024-06-04,359.25628662109375,359.47026399512714,354.08194625408726,357.82653545868345,1328700
2024-06-05,360.83197021484375,361.3669285583923,355.4631231736899,359.8204676663531,1394800
2024-06-06,361.10430908203125,363.6525962439769,359.23689689484326,361.32802217696775,1305400
2024-06-07,358.4879455566406,362.7966708570153,356.6205334506096,358.8964586509488,1080000
2024-06-10,358.2156066894531,362.47568314452326,356.99983280076776,357.7487685126649,1033700
2024-06-11,355.1324157714844,357.37916351184856,353.8193740536403,356.63996349961474,948400
2024-06-12,359.95660400390625,362.72857441262613,357.5153205318014,359.0812527385157,1055500
2024-06-13,367.6014404296875,367.91265601700377,358.09893179966696,358.09893179966696,1583900
2024-06-14,367.6500549316406,368.68102890159935,362.7383398800822,364.74193304298177,1485200
2024-06-17,368.8366394042969,370.8304968114603,364.4112340947482,365.6561854334902,1227900
2024-06-18,372.27972412109375,372.7562980175853,369.0214439554504,369.79952742098544,1211900
2024-06-20,371.0834045410156,373.9720847706062,369.6050340331579,371.2973819536513,1352600
2024-06-21,364.7711181640625,369.5953011523591,363.7693215613762,367.6111496457439,2450600
2024-06-24,367.8153991699219,372.4450461672914,365.7145382317791,366.4440025985517,1323100
2024-06-25,359.3536071777344,365.6658961147671,357.0874175638198,365.23794130391934,1644700
2024-06-26,365.9479675292969,366.064677082116,357.3013687468347,360.58882633382296,2442500
2024-06-27,366.47320556640625,367.78624745464566,364.43069926047633,364.7322088452297,1709400
2024-06-28,364.822998046875,372.4000930086575,360.79034343240295,369.27550977952984,6689500
2024-07-01,352.4809265136719,366.46339025469155,352.06106939615165,366.2290569422587,1458100
2024-07-02,356.34759521484375,356.84555349014823,350.7819408108686,351.0553396006429,1290000
2024-07-03,354.2385559082031,358.9546931449416,352.59813314051206,356.8260858537527,668900
2024-07-05,351.5435791015625,354.5998053128227,348.389704073034,354.5998053128227,1273500
2024-07-08,346.6321105957031,353.11561000971517,346.3880034755653,351.61190180616114,1671600
2024-07-09,340.6173400878906,346.94460797309455,337.78570318368986,346.39781035565863,2112700
2024-07-10,343.2439270019531,344.2398733956246,339.6018377829573,341.0664806080101,1475800
2024-07-11,353.07659912109375,354.21900393297176,344.19109261451837,344.5816581074832,1764900
2024-07-12,356.7186279296875,359.4721635835367,354.9024851355962,355.9082053469793,1034900
2024-07-15,362.90924072265625,363.4071990593704,354.57053190883585,356.4550320064049,1158600
2024-07-16,368.611572265625,371.6580247459753,357.3045123309753,363.2314411158127,1732900
2024-07-17,376.05194091796875,378.39536353246706,368.7775361330984,369.11929209314167,1528000
2024-07-18,371.66778564453125,381.1391249062253,371.560363006617,373.7768451358752,1736000
2024-07-19,369.1485595703125,375.0852615894962,368.2892977150438,374.2064520931866,1152100
2024-07-22,370.3105773925781,371.6775715867857,363.50486829181204,370.1934107185373,1071200
2024-07-23,362.7627258300781,369.3731662147239,362.020660391479,367.46911861420955,1335900
2024-07-24,360.6829528808594,366.82466694591676,359.2573457569912,361.6788992648117,1256300
2024-07-25,372.6930236816406,377.1553094030797,359.49172012792377,359.49172012792377,1241600
2024-07-26,377.4384460449219,380.79736265823846,375.01692229920627,376.18861868635537,1380800
2024-07-29,367.8890380859375,377.4287657506639,362.2550550992269,376.09106317205897,1491000
2024-07-30,363.0068664550781,366.1607417043235,355.5957766187711,357.3435922360129,2266900
2024-07-31,363.2119445800781,367.89879024047275,362.24525994146524,364.4227065860618,1659500
2024-08-01,349.4735107421875,362.4599972311906,347.62804666522595,357.73408710050086,2991300
2024-08-02,345.4116516113281,351.89515246345593,342.81434770116164,347.76484834721094,2820600
2024-08-05,336.7116394042969,343.1267825446776,332.18102613407535,337.6197108630074,2509200
2024-08-06,337.9029235839844,341.3106503128594,334.62213735760145,339.2992095149185,1570900
2024-08-07,337.82476806640625,345.69477997283207,337.7075716072492,341.7500001984639,1384500
2024-08-08,340.9102783203125,342.57996279765047,338.2348438299624,338.7035402614233,1557700
2024-08-09,337.8735656738281,340.6856846298338,335.28603600883474,340.4122858312352,1335200
2024-08-12,336.8775939941406,339.95333769695304,335.7937429037174,338.5765699865408,1581300
2024-08-13,342.3260803222656,344.1227052708861,337.844276872491,339.62138397755837,1696600
2024-08-14,342.99981689453125,347.4132631751116,340.1388884192761,341.74998955323736,2040500
2024-08-15,364.4617614746094,369.5489463144151,349.4638021607785,350.73317726396374,3184500
2024-08-16,369.01190185546875,369.60750898577777,362.4112351229782,363.3681458582001,2103100
2024-08-19,364.1199645996094,372.029041606675,363.0458872631527,370.0566369165725,1676500
2024-08-20,363.80755615234375,367.72304467140765,362.99713346396493,366.1021694964116,932300
2024-08-21,368.16241455078125,368.9240277141008,363.34862840572004,365.0280868938398,1249100
2024-08-22,367.7132263183594,369.19738699607495,364.7448751646935,368.1916667753514,1072700
2024-08-23,372.1950378417969,373.82568667666527,367.7132342490044,369.87113306074104,1197500
2024-08-26,374.0600280761719,376.21792693450044,371.7068315789259,372.4879923363597,1108500
2024-08-27,367.1176452636719,373.025026527378,366.1021511498646,372.50752054790405,1107200
2024-08-28,369.0412292480469,370.4277412780775,365.633472913073,366.15097891835006,1096600
2024-08-29,372.8199768066406,375.43679831431587,368.0647742719118,370.83782793204716,1075000
2024-08-30,376.6475830078125,376.7940711458831,369.5294395078068,373.1910469948115,1413200
2024-09-03,376.5987243652344,379.2253195104556,371.00377812760723,375.78827199349064,1929700
2024-09-04,382.7111511230469,389.1848468551824,376.99903860812054,377.4286695192138,2370300
2024-09-05,374.6458740234375,385.68927857810627,373.8061299724639,382.7599929180194,1397300
2024-09-06,372.56610107421875,379.8307323754907,372.33176774135086,375.7687857491058,1670300
2024-09-09,378.1025085449219,382.76006286827396,374.44090080064626,375.0853473394276,1215300
2024-09-10,378.1707763671875,380.2798656716068,372.68325252615216,379.3620204243622,1041600
2024-09-11,379.430419921875,379.69404494001043,369.7344902111249,377.555693529768,1160000
2024-09-12,377.87786865234375,379.88930918689266,374.0698030674325,377.5263686590763,1068500
2024-09-13,385.3768005371094,385.8845624376082,377.31152123694955,380.7973484014013,1126000
2024-09-16,385.3572998046875,390.18085928420015,383.8535914758969,386.6657105018095,940200
2024-09-17,388.50140380859375,390.6885942677588,386.1286895374565,387.15392761563135,983200
2024-09-18,391.6162109375,396.4202227807369,387.5347466954913,388.61856809733365,1163500
2024-09-19,400.0721130371094,402.7280001009118,393.8327197923129,396.9377556821169,1751000
2024-09-20,396.3226013183594,400.24783339027823,392.9929763630796,397.0353750941252,2709400
2024-09-23,399.3105163574219,400.58963553075546,394.5455396819936,395.47312903918277,1184500
2024-09-24,401.2047119140625,405.95014001736774,397.76766459818805,402.0346522823672,1253600
2024-09-25,397.3380432128906,404.1144594014071,396.49832900422615,403.108739236161,923600
2024-09-26,401.7710266113281,403.41141930106426,398.7440923730705,400.29661007566705,1062100
2024-09-27,408.14715576171875,409.7387391511868,402.84515560280227,404.339090172393,1410800
2024-09-30,408.9310302734375,409.5287692950202,404.2374527383144,407.6278102874655,1176700
2024-10-01,408.0589599609375,412.007853200979,402.8460201785478,406.82430845895095,1089200
2024-10-02,408.10797119140625,409.1760309395223,405.80528975556524,407.74542236630447,863800
2024-10-03,400.513916015625,405.5014739118436,399.5144547348132,404.3844324689832,1103800
2024-10-04,399.7790222167969,403.8455256657581,396.91780517556157,403.70832887027734,877900
2024-10-07,397.8682861328125,400.8568916652159,396.2514990430959,399.66144347157467,942000
2024-10-08,392.22418212890625,397.7408806081636,390.7543703097108,395.41858271837845,981500
2024-10-09,397.3194885253906,398.191561204901,393.4195775888028,393.4195775888028,760300
2024-10-10,397.59393310546875,398.3680125203917,393.7723981866133,396.62383690290693,578100
2024-10-11,402.80682373046875,404.0708702944914,396.32986719806956,396.89818128927277,653400
2024-10-14,399.5144348144531,400.55309939862457,391.42066182515794,399.8181935190657,996200
2024-10-15,393.89971923828125,400.807852029175,393.4000036048002,396.8687376154839,834600
2024-10-16,401.1312561035156,402.1895374065659,395.00703991632463,395.11484167098683,867600
2024-10-17,396.98638916015625,401.0136592031654,388.54965374297507,399.9063961781829,1398500
2024-10-18,400.504150390625,401.337019866192,396.0653197111877,398.799148276292,749900
2024-10-21,398.7697448730469,402.46389112380655,397.7506968551947,399.7888227942977,838600
2024-10-22,398.4659729003906,399.6908160667532,393.7233837486425,398.8579167329471,610200
2024-10-23,400.4159240722656,403.44373264378027,398.0838180124424,399.0538841839132,1112700
2024-10-24,402.79705810546875,403.4731739702412,398.97555315462427,400.7589021960853,718300
2024-10-25,399.7201843261719,406.4029353709308,399.2204686820863,404.68815505290996,591000
2024-10-28,404.0513000488281,405.0115580252073,400.03380818072384,400.7687141357405,828300
2024-10-29,397.8682861328125,402.7284557169312,397.0549734787701,401.9445680077957,758600
2024-10-30,396.54541015625,399.9259891115687,393.253016316714,394.5562661356499,785100
2024-10-31,396.54541015625,399.1126765381343,393.9095453831804,396.1240713019339,746300
2024-11-01,392.361328125,398.88726544240814,390.29377755055737,397.6330273818674,1522500
2024-11-04,393.59600830078125,398.671751373353,391.46969723950866,392.3613866825386,801900
2024-11-05,392.3123474121094,395.87910493329923,388.80440987183925,390.2938083414216,902200
2024-11-06,397.5448913574219,407.1378714795546,394.0173370317931,404.31582801905154,1664000
2024-11-07,402.8852233886719,403.67891938154986,398.1328258425888,399.4066507956676,1073500
2024-11-08,386.12939453125,398.3092290124539,385.7962407452633,394.00759493400756,1623200
2024-11-11,394.5465087890625,394.77189071633063,385.25731655255305,389.1865934347482,1143200
2024-11-12,385.8255920410156,394.09573537760787,385.20826630920646,394.09573537760787,1144900
2024-11-13,381.61212158203125,384.23817796609296,379.24081222404413,383.1798968001367,1474700
2024-11-14,386.6977233886719,387.55998791088376,379.98557645195604,382.5626514137809,1225000
2024-11-15,390.92095947265625,391.52847690256806,382.1510703832708,384.76734856108203,1168100
2024-11-18,396.3886413574219,398.78934591081656,388.16750962262535,388.2360781129586,1457300
2024-11-19,392.03802490234375,394.51710644279603,389.7451219280574,391.46971079216326,1076500
2024-11-20,396.80999755859375,400.7099091130497,392.5769621420904,396.02610986382615,1487000
2024-11-21,428.73431396484375,433.1535277993394,402.68923198460243,404.4432157815367,4148700
2024-11-22,437.66094970703125,438.4938490322412,423.5115592029705,427.1566936245811,2202200
2024-11-25,453.378173828125,459.94334550467244,437.7099887933543,438.9838137916579,3266900
2024-11-26,451.7613525390625,454.01505195108143,445.24519302714987,447.44991067501934,1747300
2024-11-27,456.62152099609375,457.6601855829118,451.8201418847541,452.61383784442836,1258700
2024-11-29,456.5235290527344,459.64933113755086,454.8283652855472,456.62152248459074,732200
2024-12-02,453.6329040527344,454.9557106826114,449.6154126901032,454.36780991528656,1318600
2024-12-03,450.0073547363281,456.17077358568946,449.71340435381956,454.67156682810383,1166100
2024-12-04,447.07757568359375,452.92742799467203,444.17712545964116,449.7624224051163,1056400
2024-12-05,439.10137939453125,449.14509355108646,438.9152008374062,448.7629580256285,1159700
2024-12-06,435.0643005371094,439.9244699359238,434.05503094596327,437.5139869140075,1129900
2024-12-09,440.3654479980469,444.1281628772587,435.18190298610835,436.0441974194818,1209100
2024-12-10,435.0251159667969,439.65993355724595,432.1246955442589,438.1313315843273,1215300
2024-12-11,439.01318359375,440.70837729245187,437.10241630274726,438.944585199973,1677400
2024-12-12,430.6352844238281,438.6212561447904,429.635793229742,438.6212561447904,867000
2024-12-13,431.575927734375,433.2221097197039,428.22474378251576,431.1447805615417,900700
2024-12-16,429.5965881347656,432.5165949840749,427.2252787055569,431.4681221003448,956800
2024-12-17,434.66253662109375,435.98537320950294,426.24541804624346,427.7838282261223,1357100
2024-12-18,417.4265441894531,436.3479187180695,415.96654072839397,434.28039784109035,1423600
2024-12-19,418.0439147949219,422.38475219384117,413.47769546770417,419.4549366429634,1757200
2024-12-20,423.7859191894531,427.71522556152235,417.1717662168523,417.4363514739304,2446400
2024-12-23,423.6781311035156,423.92309972273887,418.4064016332882,423.92309972273887,1093900
2024-12-24,424.1288757324219,424.86378160870555,420.0819892558097,421.9437448283823,383200
2024-12-26,425.1087646484375,426.68637819945207,421.777197210333,423.10003381317676,444900
2024-12-27,421.4048156738281,426.4119898068563,418.49458727763573,423.62911997396867,735300
2024-12-30,416.09393310546875,419.288303726158,413.24249464618725,418.6415829505418,792500
2024-12-31,416.7627868652344,420.7956336956466,414.5594418939725,418.5333035216146,772700
2025-01-02,411.3331604003906,421.81862855528334,411.0380842869357,419.1038082398345,1005300
2025-01-03,415.3070068359375,416.01521950000813,409.85770467122467,412.9561238198158,875100
2025-01-06,411.1561279296875,422.0743947467147,411.03809748051697,417.05789053154905,1077900
2025-01-07,406.5035400390625,413.2217295988104,405.5986199633355,411.0085687368983,1223400
2025-01-08,403.287109375,405.2248559549088,401.5264084680778,404.34941343083614,878000
2025-01-10,401.8805236816406,404.65435925431336,396.41155951280683,399.24441030890534,1699200
2025-01-13,422.87109375,425.1924390975104,399.4312451653564,401.3296681185013,1988700
2025-01-14,425.2318115234375,426.343314903101,420.36284557366497,423.64818636686607,1224700
2025-01-15,421.85797119140625,430.8286450246699,419.46776468015804,430.8089832902507,1432100
2025-01-16,431.92047119140625,432.66803737534536,421.4940481939197,424.81871251564945,1181300
2025-01-17,447.9830627441406,449.733917523158,436.3762766834065,440.4779842753365,2315500
2025-01-21,455.5668640136719,457.9669164266394,446.1240382925768,450.9634966056845,1733700
2025-01-22,452.2225646972656,456.71774780296107,451.06189190952057,455.2619688708949,1132200
2025-01-23,466.9474182128906,468.12778263919733,453.1077788941632,453.60943827803067,1934700
2025-01-24,470.93115234375,471.6295492220949,464.62609880991494,466.6917217957978,1400800
2025-01-27,476.2230224609375,476.4591133612565,466.34739863552727,472.1409762738198,1418500
2025-01-28,472.13116455078125,477.8853891189506,468.521269885254,474.5115553529037,1642400
2025-01-29,470.33111572265625,474.9344831308795,469.5146884578386,473.12461295374686,977000
2025-01-30,472.13116455078125,475.6623822557874,466.6523843892283,467.96059523107124,1122300
2025-01-31,468.7572937011719,471.73768239299955,466.29822613306607,471.15734604907635,1400700
2025-02-03,459.40301513671875,461.9801432981702,451.62255135934055,456.5505026118419,1397700
2025-02-04,464.5375671386719,466.85894274110825,457.3866088137755,460.99653353638297,1045500
2025-02-05,460.0226745605469,466.2293586155288,457.10130112915635,464.7736098467254,1084600
2025-02-06,457.3669128417969,463.6424281553419,455.8717805263402,463.6326122971032,809300
2025-02-07,457.9767761230469,461.7834081336732,455.41933970212983,460.7506117030704,898000
2025-02-10,462.2850646972656,464.15395014096214,456.40296396727206,459.9341815734034,1348800
2025-02-11,466.5343017578125,468.8950307121322,461.2030599117074,461.8325656197212,1489000
2025-02-12,468.7572937011719,469.9573198751241,456.37343303034066,461.1341842400438,2038900
2025-02-13,458.58660888671875,466.6130092944921,443.83220299402853,447.05849854851346,3058400
2025-02-14,472.3573913574219,473.2623414670253,459.4522090401019,462.20635282078024,1919300
2025-02-18,493.34796142578125,493.87912841694185,472.1409654618847,473.12459247326365,2367600
2025-02-19,500.9317321777344,506.61709527188805,487.8790121549574,488.03639608360885,2095200
2025-02-20,487.6724853515625,500.921943508793,485.0363419259594,499.8202859663519,1514500
2025-02-21,481.95758056640625,490.60364050416297,479.28211385740957,489.1281999665085,1104300
2025-02-24,476.6164855957031,484.2887947658839,474.2557866271536,481.95760340876944,1245800
2025-02-25,479.60675048828125,482.7150158327267,474.94436748057205,478.71164619452077,1214700
2025-02-26,470.6852111816406,482.69531922870067,469.60324542712993,481.9772606665641,1557700
2025-02-27,472.6819763183594,479.4788429718658,471.31475030084704,474.4230154431253,1328600
2025-02-28,472.9180603027344,477.26567507694415,464.8227988315076,472.07212542589605,1995800
2025-03-03,458.2029724121094,476.73453232524633,455.96030395390835,476.1443500956324,1487700
2025-03-04,450.8749694824219,455.70458187329854,440.3206404879807,446.3699408083631,2325900
2025-03-05,459.8456726074219,461.1637293288952,451.14056670528083,452.8520982839605,1291500
2025-03-06,474.9344482421875,476.95090156542176,457.68162257814254,460.3374274358996,1695800
2025-03-07,491.4397277832031,492.0790793437309,470.43928486614084,470.43928486614084,2615900
2025-03-10,480.7772216796875,496.7119916774884,472.681960363181,489.47248107983484,2174100
2025-03-11,467.71466064453125,480.54116573683393,464.9703327795818,476.02632119522264,1492200
2025-03-12,463.65228271484375,468.8163247825782,455.6258822988438,467.2130078710627,1679800
2025-03-13,459.4423522949219,472.14098103276547,457.87838889740067,465.78675873471576,1314500
2025-03-14,469.6819152832031,473.4393778097684,462.747356603989,464.1440902017096,1018000
2025-03-17,474.4525146484375,478.1214243418028,467.72450921330983,469.5146876347592,893000
2025-03-18,473.2918701171875,478.0821293439741,471.09837085362705,474.23614373854997,931700
2025-03-19,471.5606689453125,474.9148409394864,469.36716971827207,470.92131733751296,841700
2025-03-20,469.2097473144531,472.67213361447966,460.4259652855555,468.20645856683046,1153400
2025-03-21,464.6949462890625,467.91142613580513,460.63256154011367,465.84580321048503,1685000
2025-03-24,472.10162353515625,475.31810315258133,466.39659873664465,468.8360045910389,903800
2025-03-25,471.0884704589844,474.26559646567637,469.3376156050778,473.8229523098702,808200
2025-03-26,475.70172119140625,476.9509467880773,469.3671604272024,473.58692898381605,811200
2025-03-27,471.8655700683594,482.54774543275795,470.97046584987174,474.0197157113088,1193200
2025-03-28,457.6914978027344,471.6983373145948,455.17341496954407,469.7704367118524,1183600
2025-03-31,463.2783203125,466.7823841464604,452.45023109706585,454.79944735381764,1496300
2025-04-01,472.2605895996094,473.34633545707885,459.9815160543945,463.2881550030723,1253600
2025-04-02,464.8082275390625,468.3517821288158,458.7674033304452,467.31537743288635,1394700
2025-04-03,441.6615905761719,457.6914927377051,440.8225805472606,450.64384464219677,2287700
2025-04-04,424.29913330078125,433.1136339065992,414.60619190107474,420.9431231750041,3609600
2025-04-07,417.8733825683594,435.33454012418434,406.9663116759558,411.73384574964723,3007400
2025-04-08,407.64739990234375,429.9550440189648,400.826786587779,427.8525936623229,1816400
2025-04-09,446.735107421875,449.7752801535438,399.18827107109337,402.44556887509117,2914700
2025-04-10,438.44378662109375,443.4185956417667,422.9863668989533,438.6115705657574,1956600
2025-04-11,453.19049072265625,457.3855107934157,435.7885555859537,438.5029803376216,1245100
2025-04-14,461.62005615234375,466.66393678868576,455.5002496627681,458.323237155395,1283600
2025-04-15,455.2929382324219,461.0869963942648,454.69081380899627,458.66867867144435,1143600
2025-04-16,446.5672912597656,455.6186468752283,442.87565320909437,452.10470315159034,1015600
2025-04-17,446.2218322753906,452.93385245648756,445.6888095168456,449.4199085810817,1044800
2025-04-21,435.8477783203125,446.01452082668294,430.31036626893314,444.5931770289789,969300
2025-04-22,448.7783508300781,452.3219056249307,440.47714213884416,440.47714213884416,751600
2025-04-23,450.5353088378906,465.8545249583772,448.4920799707334,456.9611024681719,1025500
2025-04-24,458.5009460449219,460.4750733464036,451.05847768395415,452.58841429348564,828400
2025-04-25,453.3583068847656,459.93215418358426,451.42367063133867,458.1455714480334,983400
2025-04-28,454.2466735839844,459.16223095564567,451.1670098975535,453.3582922598041,755100
2025-04-29,454.6809997558594,456.91174305052016,446.55745533012964,451.50265369888086,799600
2025-04-30,457.5632019042969,459.27083278358526,446.15274905078587,454.493448554502,1325900
2025-05-01,473.8102722167969,479.1897810424696,458.2442896359945,458.98458735753894,1855300
2025-05-02,475.43896484375,485.9413064886667,474.4617513399805,480.82832397571,1108800
2025-05-05,475.1131896972656,478.92327085782244,471.0761031872528,474.3531615693295,805200
2025-05-06,469.1512756347656,475.5375777681743,468.86504890443035,471.8657002952551,887700
2025-05-07,466.288818359375,471.23401641984344,463.1894544538656,468.94402173785346,1011200
2025-05-08,483.6512756347656,487.79695473453785,470.3456778079117,471.72756080023913,1568800
2025-05-09,486.2275390625,487.5403204064024,482.7925468643123,484.37185466081667,653500
2025-05-12,489.2084655761719,507.35069969624044,487.5699363554141,501.1716718077285,1597200
2025-05-13,492.1203308105469,495.1703538718363,486.59276835047484,489.6033004314146,1500100
2025-05-14,491.06414794921875,494.53860102618233,489.6427739352812,492.3177078947537,1601200
2025-05-15,509.64068603515625,524.6637651344422,501.6257344093771,510.6573302171571,3211700
2025-05-16,524.6044921875,526.8747864447189,509.1273436636233,509.1273436636233,2322000
2025-05-19,522.9759521484375,525.5817544057667,514.80303618355,519.2053617644303,1273000
2025-05-20,519.5211791992188,522.8969196978312,517.0337597551999,520.863571178768,1250500
2025-05-21,508.0021057128906,516.244122593236,507.4395324993221,512.8486215341298,1060100
2025-05-22,508.9794006347656,512.4439434768275,504.73500882094265,506.18599360678854,949200
2025-05-23,503.4616394042969,510.0848576118849,502.1093671402955,504.3401404358245,850800
2025-05-27,503.0372009277344,508.2785059592588,499.25673066907405,506.15629523223345,1103500
2025-05-28,501.41839599609375,505.1001538294509,499.3060956929765,503.76761203133907,739800
2025-05-29,496.9371643066406,503.8959503971922,495.5848619182004,503.8959503971922,994200
2025-05-30,499.7108459472656,507.2026252061786,496.6015713959645,498.6448003517362,1686500
2025-06-02,501.27032470703125,502.6916985582203,494.5385444010924,499.6120652549065,993700
2025-06-03,506.51171875,508.0120144796245,499.473920224074,500.04643399023155,1107700
2025-06-04,501.2111511230469,510.04535222566005,500.8854333906864,507.7849982812537,992700
2025-06-05,504.1427307128906,508.2390687268517,500.49058336541384,503.5011454012502,1126000
2025-06-06,513.26318359375,519.1954453750659,511.3186972504329,512.9078551623185,1473800
2025-06-09,514.9313354492188,518.8006079212405,510.9040990624966,513.2730758183524,1101000
2025-06-10,509.14715576171875,513.875168739413,502.37588377021217,513.2039727177448,1294000
2025-06-11,514.1022338867188,514.8622318946133,505.9984200114981,511.5062517892021,1037000
2025-06-12,510.1736755371094,513.3816322226473,508.33775170832547,511.79247429275097,797000
2025-06-13,502.99774169921875,509.719672600216,501.1618178424851,506.36363222602137,824500
2025-06-16,517.6556396484375,519.6297668593238,506.2155459532954,508.6141635306339,1278800
2025-06-17,516.3526611328125,518.1984650861651,513.1743455324772,516.1256558029531,862500
2025-06-18,518.1886596679688,524.5058911745951,514.5957937410897,515.247229247023,959700
2025-06-20,514.63525390625,523.1437378033291,512.2268161752189,521.6138011852853,1389700
2025-06-23,507.4296569824219,516.155265204524,499.1185684682073,511.75300023907766,1261400
2025-06-24,507.4493408203125,511.8911267415991,501.3098345314334,511.8911267415991,1215600
2025-06-25,500.1846008300781,507.35069223123645,496.42389091032743,506.4721911651261,1189200
2025-06-26,501.95147705078125,502.8398283117913,496.8384945699796,502.61282295073295,1199400
2025-06-27,506.6992492675781,507.7158934365107,500.53007171375384,501.97117611926217,1835500
2025-06-30,503.50091552734375,507.34285155020666,499.5104572805358,506.97648665842445,1408600
2025-07-01,503.3721923828125,509.76883160879,490.0739685813897,499.7283060925105,1375200
2025-07-02,515.2049560546875,515.4723262789468,502.41173805255835,503.88710919058195,1096800
2025-07-03,515.8585205078125,518.4429586582347,514.3336518369217,514.8980665853443,470300
2025-07-07,505.28326416015625,514.3633053907699,501.9859197546421,513.9077969543184,1017000
2025-07-08,503.91680908203125,509.6796829108605,502.3622059589592,502.3919104038136,1285000
2025-07-09,504.3326721191406,507.0458090321944,494.6090444639714,505.9665072432147,1152400
2025-07-10,514.1058349609375,523.7898461914255,505.4911836999459,506.68930321589943,1268800
2025-07-11,507.3824157714844,510.81840097561366,504.65942786645485,509.15489170180825,1046900
2025-07-14,502.6295471191406,507.7488649454413,497.2033337255607,507.4715831686242,1087100
2025-07-15,498.53021240234375,506.6002427486227,498.1737288238272,502.6691931389219,1173100
2025-07-16,502.7484130859375,503.6791926843226,494.2129629158367,498.06481064802773,1150600
2025-07-17,494.2427062988281,507.90729561950525,487.2321547412837,500.837335168944,1778500
2025-07-18,494.9159851074219,498.2628268139003,492.0246216146903,497.4409535001945,1064500
2025-07-21,491.37109375,501.28288954191163,491.16316264208757,499.81739979617265,1111000
2025-07-22,500.7284240722656,503.2038953177659,491.311721784573,492.22270849890526,975800
2025-07-23,510.1153564453125,510.7391799909755,500.936320579828,504.8673698547631,995100
2025-07-24,509.6103515625,512.4225132999272,506.39226937828613,507.69929514206666,850000
2025-07-25,512.3036499023438,513.9077501836198,503.7781125529115,509.62021773487567,858400
2025-07-28,505.5406799316406,511.44222460406155,504.0553973187166,511.3530810553122,824700
2025-07-29,507.4715881347656,509.74900951620646,500.9957471148506,506.65962634139305,1139100
2025-07-30,502.88702392578125,507.6894139310463,499.78772911505405,505.43181559918105,1121000
2025-07-31,519.2251586914062,521.3936740064742,506.97653131466586,506.97653131466586,1549300
2025-08-01,496.06463623046875,515.0663253855406,495.09424064027826,513.9078217846088,1623100
2025-08-04,505.55059814453125,507.1447869986883,488.4500549810232,496.5794934617571,1087400
2025-08-05,503.59002685546875,507.08539086309924,499.0549770662117,506.0060890825273,1027900
2025-08-06,504.6396484375,508.986590171169,502.40181290494854,504.8376679935766,966700
2025-08-07,501.6690979003906,509.006367826578,496.7082440259936,508.17464336115904,958500
2025-08-08,505.3624572753906,511.21450466101845,502.35227602826,503.7682684295981,883700
2025-08-11,502.0057373046875,510.2341704598463,497.4409529636404,507.4418318561115,1098000
2025-08-12,500.8868408203125,508.4419534213394,496.8468549629109,504.1940666656258,1285800
2025-08-13,508.5013732910156,509.4817106585542,495.63883452900933,502.0849712420151,1853600
2025-08-14,474.141845703125,480.597863681049,465.8836774484949,480.2414103347928,5100700
2025-08-15,484.0041198730469,487.5589231297886,469.3295494762179,471.478241568687,2674700
2025-08-18,486.311279296875,487.42028557389057,475.2904765372625,481.5781795100843,1391600
2025-08-19,484.6378479003906,494.30209705187997,482.27128294883084,486.5191999525787,1493700
2025-08-20,487.8856506347656,491.42063062711867,482.6277524221394,484.588336416975,1438800
2025-08-21,481.984130859375,488.42035566776553,479.8651131100531,486.380569915174,844800
2025-08-22,491.1235656738281,494.2030675045662,484.49920244456723,485.5487997969979,1133400
2025-08-25,483.1129150390625,491.4899004545112,482.87527949251563,491.38099423506117,729600
2025-08-26,482.9743347167969,485.5686236567469,475.3003741232382,483.2218818327181,1502800
2025-08-27,488.24212646484375,488.8164527101653,480.69689501967724,481.3306301568383,912400
2025-08-28,486.61822509765625,490.1432936405277,484.806163271728,490.1432936405277,1120400
2025-08-29,473.9438171386719,483.0040354684757,469.96324020547905,480.0631745450938,1535100
2025-09-02,472.1020202636719,477.1618986595302,466.23021035228123,468.2799075757938,1600700
2025-09-03,464.91326904296875,473.1516441794347,462.18036947591145,470.5474437273178,1515400
2025-09-04,470.240478515625,470.240478515625,462.3783799781465,465.46776303927254,1486800
2025-09-05,468.6165771484375,473.69624853273405,465.6261888070336,470.67615574772066,1262400
2025-09-08,476.78564453125,477.0133685324103,466.42825171096064,469.22059035894625,1271500
2025-09-09,470.93365478515625,478.6373200760286,465.1905433769277,475.21127634063237,1204300
2025-09-10,466.725341796875,474.78546023646646,466.5966124607549,469.01267474717486,1347400
2025-09-11,471.7851867675781,473.92399747450605,466.4678795545083,466.8738604506438,1368700
2025-09-12,465.8935546875,469.71566741444695,464.6954049640295,469.30968654345514,1764500
2025-09-15,464.5072937011719,468.4086386488009,458.2889113846418,467.6264115229173,1787700
2025-09-16,464.1013488769531,470.8346183987589,462.2991986056987,467.34916585613007,1659200
2025-09-17,464.5172119140625,470.5870720923146,459.7742006642951,466.95306709810734,1522500
2025-09-18,471.4485168457031,473.43880528678415,461.42781463320836,462.665550187482,1785000
2025-09-19,465.022216796875,473.0427494612327,464.2597523340515,471.32971252666545,2754900
2025-09-22,464.4280700683594,467.56698063306766,460.19006487010523,463.3487683245356,1678800
2025-09-23,467.0422058105469,470.24049520759183,463.63595507912487,466.7253382499137,997200
2025-09-24,464.3389892578125,472.537748681658,463.7052541244938,466.6263222342298,976900
2025-09-25,462.1209716796875,466.12131134698643,459.45736227422657,464.71526063979496,1343700
2025-09-26,459.4375305175781,466.3985541316226,458.77412117640745,462.4774163198504,1106200
2025-09-29,460.9228210449219,464.636027805927,458.70480854282414,461.25948149840787,1055900
2025-09-30,454.3548278808594,460.70421352126596,450.7975562762416,460.05834933315964,1954800
2025-10-01,448.8599548339844,453.92752784326933,444.59720275889737,452.10916804826604,2141700
2025-10-02,458.8858337402344,459.40251900351933,450.4696466753581,451.6321960986704,1511900
2025-10-03,459.9391174316406,461.80717778734095,456.5805872589904,458.0710570759403,989400
2025-10-06,454.40447998046875,462.512639085922,453.2319843843049,461.7574580398644,1150200
2025-10-07,458.57781982421875,463.0194210268506,455.5869340649458,456.83893839648994,1237600
2025-10-08,457.8226318359375,463.66527819656125,452.6954121791388,459.4422805073529,915300
2025-10-09,453.3214111328125,459.66088070620293,452.1191073486579,458.95540017609227,992700
2025-10-10,443.51416015625,457.693486035703,439.0825048690217,453.9673113345869,1581100
2025-10-13,436.3200988769531,447.1409237879911,434.68058822113403,446.5149216428984,1758500
2025-10-14,445.10400390625,446.97203403104925,430.2489751966594,433.30939336371887,1258400
2025-10-15,445.6107177734375,449.48593320544444,443.47438378227724,446.58450229683854,1019900
2025-10-16,454.2554626464844,454.83176430586576,442.7192103765516,447.4887320339638,1574500
2025-10-17,455.5869140625,462.75109673956877,451.72161467462746,459.58136202172335,1136300
2025-10-20,459.5019226074219,460.94272226449635,452.9935496984289,454.702592689394,813800
2025-10-21,456.8985595703125,463.8143310021647,455.8353504942,458.1803417746156,953900
2025-10-22,459.42242431640625,469.21979549452504,457.20661182053817,457.20661182053817,1293400
2025-10-23,466.43756103515625,467.00391650346006,457.7828780449223,462.6020697138299,1161800
2025-10-24,469.75634765625,474.56559326795957,467.56036697118793,470.4419661943103,1187200
2025-10-27,475.06243896484375,479.93130117287456,471.14746898900853,477.5068010764582,1273100
2025-10-28,465.21539306640625,473.4725936910306,464.9073650535935,472.42927691520515,1064700
2025-10-29,470.481689453125,474.85375847815004,466.050034385416,468.84217873058356,1134800
2025-10-30,462.4530334472656,476.7615373613457,462.2642381813725,469.14028548583684,1035000
2025-10-31,458.6970520019531,461.588567039983,455.80553696392326,460.62472869397305,1116400
2025-11-03,459.0050964355469,460.8532644901655,451.61236356969914,456.87867823212633,957500
2025-11-04,465.3246765136719,466.6859977862118,453.1028358344541,454.3846484001444,1576900
2025-11-05,470.6804504394531,473.26393760962924,463.4367583878023,465.02659897896353,891600
2025-11-06,472.35968017578125,478.22218848777777,466.53689589091294,472.12121471827294,1258600
2025-11-07,464.81793212890625,468.25594073096187,454.7423414695326,460.9725247989904,1912500
2025-11-10,471.3760070800781,473.5222569690516,460.7340305685111,465.9208668348513,922900
2025-11-11,474.91339111328125,477.168957914702,469.01112805099376,471.5449146795663,1179100
2025-11-12,477.7253723144531,481.84899930462416,474.7344865879164,475.95668272312673,1068200
2025-11-13,470.4022216796875,479.72263126568896,469.8855363849364,478.26196960932026,1005300
2025-11-14,473.20428466796875,476.60253872429206,468.0075025448403,470.282961525552,1180100
2025-11-17,472.9559020996094,476.7118848958052,470.1041109911408,472.25039120663655,1318400
2025-11-18,470.83941650390625,474.0886297556522,467.01387128080506,468.4745328996733,1117500
2025-11-19,471.7535705566406,473.3732193155882,465.18558129218667,471.34617182458675,1202100
2025-11-20,473.30364990234375,481.13358960259734,470.7003007816748,474.9630529905696,1543200
2025-11-21,484.1443176269531,487.9201925731879,473.48250994221314,474.60533535447297,1835800
2025-11-24,484.1343994140625,491.1694033541618,481.0242809896331,485.51555229302085,2182900
2025-11-25,494.96514892578125,497.33994835497714,485.11810821273497,486.9464141820194,2188500
2025-11-26,466.88470458984375,484.72067248256633,466.42763566258776,474.09858832357276,5473600
2025-11-28,461.53887939453125,470.66057783057505,460.0683018978494,463.943517404045,1682600
2025-12-01,465.1358642578125,471.4852801624718,458.4784506773378,460.7737717439093,1824400
2025-12-02,466.1692810058594,470.7599232952102,463.46656112972954,468.7229599616246,1303600
2025-12-03,478.7587890625,479.38479124218077,465.5830260766435,468.0075260899257,1157700
2025-12-04,479.9610900878906,480.4281051776395,472.1907668174673,477.934042642631,1379800
2025-12-05,472.0914001464844,482.3557860399378,470.6804390197808,478.3315296220391,1224900
2025-12-08,463.3870544433594,485.8831955857155,461.9661472165269,475.9765387014164,1896600
2025-12-09,459.9192199707031,466.3381984105892,458.86595707101867,461.9363515445791,1173700
2025-12-10,465.9208679199219,466.98407702137206,453.0134087536771,459.71057689325494,1677800
2025-12-11,472.9161376953125,477.6856289681434,467.1430537113336,468.88193516009073,1186500
2025-12-12,481.7198181152344,484.07478582656876,474.5655814048211,475.1816373920408,1852100
2025-12-15,484.9094543457031,485.88320854103046,481.7198271412406,481.7198271412406,1473200
2025-12-16,482.35577392578125,486.0421940612711,481.1335777774135,483.9058600866115,1632200
2025-12-17,477.9439697265625,487.3041331621735,476.64229522866975,481.8688855575332,1641500
2025-12-18,472.0317687988281,484.03503578243675,466.7952625371796,479.97102514068376,1927500
2025-12-19,467.58026123046875,473.4725779554617,465.9407504985081,472.0814788593644,2990700
2025-12-22,465.79168701171875,469.7364650678412,464.67880771631565,468.5043530370287,1173200
2025-12-23,463.2479553222656,468.1863799498762,462.4530502018951,467.4014209987085,1083700
2025-12-24,464.4701232910156,465.42401544224276,461.4494294344974,463.0690780844432,343300
2025-12-26,465.95068359375,466.427644868792,463.1684852985559,464.75832589167555,503200
2025-12-29,467.2523498535156,468.7527658664931,462.8306408445354,466.5071149316293,981500
2025-12-30,466.9542541503906,470.19355155159496,465.39422181587446,466.8946377843047,826700
2025-12-31,464.2122802734375,468.8586941146193,464.2122802734375,465.62812213245553,812100
2026-01-02,465.43865966796875,469.1079508150454,457.58166566050687,464.6410048782363,1175500
2026-01-05,464.74072265625,466.525511014616,457.62153037124904,460.9617668807181,1320200
2026-01-06,484.562744140625,486.03840853216354,462.9559271219667,463.74363175954005,1621000
2026-01-07,473.814208984375,487.67366698893636,472.30860278850105,485.7193913638352,1286900
2026-01-08,499.3395080566406,502.4105429127446,471.34141096597403,472.53792358523685,1796900
2026-01-09,486.6566162109375,502.0815028155264,483.4460053656382,499.2398385123522,1725600
2026-01-12,489.3088684082031,495.57055312404435,482.9175579366412,484.9017752851845,1547500
2026-01-13,498.0632629394531,498.1330661046856,488.57103661101405,490.8942283557111,849100
2026-01-14,510.6065368652344,514.5849519360786,499.75829180242516,501.76243977044015,1890900
2026-01-15,513.5379638671875,517.6659049662104,506.668073038148,512.3015898237296,1203700
2026-01-16,512.89990234375,515.3028473900475,508.5127095265385,514.7544635021867,1323300
2026-01-20,507.196533203125,513.7573610407419,505.61117375908293,513.0593902738193,1377100
2026-01-21,527.9658203125,528.653810526615,509.63941632327777,511.19486452164705,1620600
2026-01-22,520.8566284179688,531.0567759847389,519.6401545640229,527.7165696738841,1159300
2026-01-23,512.9297485351562,520.108763179293,504.9431289757055,516.7485960571689,1590500
2026-01-26,515.0336303710938,517.1474431019958,511.0752370023832,514.2160143740974,750600
2026-01-27,517.6759033203125,519.9691837239258,512.351449434143,515.8213421914292,1043300
2026-01-28,523.4789428710938,527.2279874620208,517.5762241838692,518.4237210180561,1106700
2026-01-29,528.524169921875,535.6932042372916,520.0190166567468,528.4543667592551,1493500
2026-01-30,526.460205078125,528.4443919472396,517.1873386373856,523.3991507495274,1517800
2026-02-02,530.6978149414062,533.1406822497223,520.8665839758289,525.7123962947044,1557900
2026-02-03,543.41064453125,543.7297186345683,531.4456395140481,531.7048910265669,1605300
2026-02-04,565.605712890625,569.8931606556595,546.4018709729344,546.4018709729344,3209200
2026-02-05,564.0801391601562,573.2633018974385,559.5633816686333,562.1857166544148,1913100
2026-02-06,581.4094848632812,582.3567265874491,565.8948643075013,566.3435641618083,1440400
2026-02-09,583.9620361328125,586.0260068452163,572.6251985054836,578.3085881814583,1101800
2026-02-10,591.679443359375,592.0284591873811,581.88813445477,584.4007441306009,1609100
2026-02-11,610.9032592773438,612.5484718455615,588.7779679215023,590.7721354673838,1826300
2026-02-12,596.36572265625,624.4236728366149,595.0396451402751,611.0826879400119,2767800
2026-02-13,601.1616821289062,609.1782739556775,595.4583926260086,597.1135247764452,1565100
2026-02-17,599.0878295898438,605.2697001795259,591.3205081968304,591.3205081968304,1863200
2026-02-18,591.5398559570312,602.0490960649528,589.1966727882038,602.0490960649528,2558200
2026-02-19,660.0693969726562,672.2238494811068,626.8864228499665,631.7621766568873,6653300
2026-02-20,660.5579833984375,664.9750569716527,644.514940436452,662.3128604813826,2989900
2026-02-23,644.9536743164062,667.8466780793143,642.5606489932461,650.2780674175526,2074700
2026-02-24,642.6603393554688,645.9208226975322,632.9088919104272,641.4239652406158,1399200
2026-02-25,621.7913818359375,645.0433821552967,621.6717366546828,643.3882499098329,2100500
2026-02-26,617.6535034179688,625.171492762064,612.8076302848303,623.1374638807939,1421700
2026-02-27,627.8735961914062,629.6683346729878,611.7008669946401,613.2064731129246,2015300
2026-03-02,629.0401611328125,634.5939245705812,617.9824762701783,623.9350975254897,996900
2026-03-03,617.4141845703125,621.7315743464621,607.4334271247875,618.1919391245207,1071400
2026-03-04,612.249267578125,620.903946993956,611.1624803996821,617.4241345366053,1073200
2026-03-05,588.9674072265625,608.5800276990661,584.5901949248639,605.8380473655938,1642100
2026-03-06,588.0501098632812,588.1298327470938,575.9454983853537,583.5332912094126,1412700
2026-03-09,597.7317504882812,599.0678694982845,576.6334849914487,584.7596810874048,1499500
2026-03-10,590.991455078125,601.2714470328974,589.7052389405208,595.3387865089157,1092800
2026-03-11,592.3076171875,596.2560908010489,583.5931148283231,589.0372140876941,998400
2026-03-12,584.12158203125,591.9386844405476,580.6118278066567,589.7351683328337,1622500
2026-03-13,575.8158569335938,587.9503489479293,569.9330385545244,583.2939849457183,1381700
2026-03-16,570.8104858398438,581.2400037755076,569.0655892769948,580.2728008920898,1150900
2026-03-17,572.5853271484375,575.1677399950714,560.5505189171582,574.6891592667421,1462300
2026-03-18,569.3547973632812,576.7232002179968,567.470294420533,572.0768165980304,1226400
2026-03-19,565.9248046875,568.3477108664113,556.3129028536868,561.5475924747963,1449100
2026-03-20,558.09765625,572.0369281665655,549.6723474243033,566.91190319295,2726900
2026-03-23,567.37060546875,570.2720924552112,562.3851866309268,568.5870184537404,1244200
2026-03-24,581.3197631835938,582.7954275978309,558.3668767404367,558.9152606086606,1144900
2026-03-25,576.3043823242188,588.967357140643,575.4269438235522,586.8635251966809,930100
2026-03-26,579.4951171875,586.13566830098,572.2862210237639,572.2862210237639,1516500
2026-03-27,564.987548828125,580.2229568317695,562.4050751470556,579.0264441643133,1455800
2026-03-30,553.8800048828125,571.618102302525,553.4213244643407,570.6309991596816,1262900
2026-03-31,563.2999877929688,566.52001953125,549.6799926757812,560.0,1445400
2026-04-01,570.7000122070312,579.3699951171875,564.1500244140625,565.4400024414062,1573400
2026-04-02,575.7100219726562,580.6900024414062,556.4500122070312,560.7000122070312,1248600
2026-04-06,575.0900268554688,575.2100219726562,566.6599731445312,572.3900146484375,1055700
2026-04-07,576.0,576.1300048828125,569.3099975585938,573.3099975585938,876100
2026-04-08,609.3200073242188,609.6799926757812,590.0,592.239990234375,1449900
2026-04-09,618.0,618.9500122070312,607.4500122070312,607.6900024414062,1205800
