Price,Close,High,Low,Open,Volume
Ticker,DHR,DHR,DHR,DHR,DHR
Date,,,,,
2021-04-12,203.4328155517578,203.77066161356396,200.184340456748,200.59148827482207,2906743
2021-04-13,210.36293029785156,214.74620702655758,205.47721580355466,206.53405274529737,6945096
2021-04-14,205.5638427734375,209.63526157409652,205.21733396997124,209.3494067212542,2945208
2021-04-15,210.1463623046875,210.8133768421218,205.3126241307563,206.27417115148097,2594400
2021-04-16,210.5535125732422,211.26384071933808,209.2194685729979,210.83070470951282,2076197
2021-04-19,209.62664794921875,210.2590266636497,207.85948245769998,209.49670711748638,2278560
2021-04-20,209.50531005859375,210.6487890515543,208.0500029784953,208.0500029784953,1492570
2021-04-21,211.71434020996094,212.51129570121725,208.73439374696744,210.11175159567512,2081160
2021-04-22,219.09483337402344,221.84953345343547,214.87613369461474,214.87613369461474,4504781
2021-04-23,225.0373992919922,225.21065369397476,218.92159345209353,219.1381614545718,4019177
2021-04-26,223.58206176757812,225.54846927409443,223.26154114607016,224.83814118509306,2343307
2021-04-27,223.51275634765625,224.69087127035706,221.1565265022546,223.32217652177556,2154480
2021-04-28,223.83326721191406,224.30970184584228,221.16517958586036,221.58965281591927,1613830
2021-04-29,222.2653350830078,225.08935171547125,221.42506623261863,225.0200499620358,1930234
2021-04-30,219.9784393310547,222.95837043616638,218.98224138920045,221.18254256373447,2287810
2021-05-03,220.61077880859375,222.54255034720921,220.0303915120705,222.39528411569918,1684894
2021-05-04,221.78890991210938,221.97948975500967,218.2025885075834,220.0217448252506,2256451
2021-05-05,220.4635467529297,223.23558760280272,219.60595229944482,222.7418274247436,1793182
2021-05-06,222.6205291748047,222.79378357598603,218.75700075851287,219.7358732151701,1982122
2021-05-07,223.9112548828125,226.46672742689555,223.55608336779963,224.162458849268,2967204
2021-05-10,224.38768005371094,225.79968842400828,222.91504755685207,224.02386074425996,2266039
2021-05-11,223.41746520996094,223.9718792458473,221.121874412651,222.46458099579726,1729337
2021-05-12,216.80792236328125,222.10943258221494,216.44408811442682,221.0006193052476,2097629
2021-05-13,218.87826538085938,220.16899568027802,216.98980743411846,218.13327150158813,1847213
2021-05-14,219.6665496826172,222.44725272593575,219.2161031942087,219.95241941623263,2624630
2021-05-17,217.35365295410156,220.61945365529266,216.78192834565186,219.27674696891035,1414174
2021-05-18,216.5047149658203,218.91292122880134,216.15820617689735,217.46626194506476,1690872
2021-05-19,215.98497009277344,216.09758545872046,213.05701530820446,214.66825149325683,2132484
2021-05-20,220.82736206054688,221.139219984125,216.40077172982726,216.80791957449867,2720398
2021-05-21,218.7916259765625,222.9669969152319,218.77430053847647,221.36442371230586,1756296
2021-05-24,219.952392578125,220.9572529727526,218.5403844307547,220.1862859679985,2501904
2021-05-25,221.01792907714844,221.23449706706586,219.04285882913445,220.07370755112493,3977779
2021-05-26,218.09861755371094,222.24801541840858,216.9031771859088,222.24801541840858,4110658
2021-05-27,221.09588623046875,221.46838316078905,217.68281955246576,218.21123052034596,4750572
2021-05-28,221.8842010498047,225.6697650381131,221.77158568747356,222.62919498522584,2332817
2021-06-01,212.4159393310547,220.03037991048814,210.796025779874,220.03037991048814,7237699
2021-06-02,209.6439208984375,212.8750856183882,209.3840542100644,212.1907307426273,3759624
2021-06-03,208.7776641845703,210.27629982793138,206.44742233490095,208.89894226403445,3668256
2021-06-04,209.869140625,211.82690032031678,209.08951078068014,210.9433029320691,2246976
2021-06-07,208.1106719970703,210.64881939827723,207.7901513240804,209.8171981926818,2566651
2021-06-08,208.0760040283203,209.48799759767752,207.07979120758344,209.32342082426894,2624066
2021-06-09,208.50914001464844,209.20215767855478,207.798811819163,208.6997198722227,2148840
2021-06-10,213.32553100585938,213.75000428096226,208.93359165659786,208.93359165659786,2881025
2021-06-11,213.98387145996094,214.59024686853869,213.06563817324965,213.78462892670896,3352529
2021-06-14,214.3217315673828,214.772178066471,211.20318240130803,214.772178066471,2119850
2021-06-15,212.32064819335938,214.737516972576,211.93948855763574,214.12247883403745,2429261
2021-06-16,212.00880432128906,213.42947542013593,210.50152093679625,212.72781004528696,2164970
2021-06-17,222.698486328125,224.3443732651602,210.90865890579914,210.90865890579914,5641128
2021-06-18,222.60321044921875,225.16734584401163,221.59834980207404,222.68117493210204,4836300
2021-06-21,227.47157287597656,227.59285094619804,221.46838295009428,224.24907111583832,3134599
2021-06-22,231.32644653320312,231.91549655682164,227.27233848470564,227.9740038632838,4207553
2021-06-23,232.7211456298828,234.42768671124168,230.16568773325648,230.95398041316355,4011732
2021-06-24,231.7761688232422,234.6197340160945,229.85157031892302,233.77013822573613,3530866
2021-06-25,231.09130859375,234.18627448216327,230.2677212407021,231.8282009705105,4510985
2021-06-28,235.53866577148438,236.10218303261388,231.08260434712048,231.08260434712048,2504047
2021-06-29,234.82781982421875,236.7437489773458,232.4524072918423,236.7437489773458,3390204
2021-06-30,232.65179443359375,234.60240148281667,231.43807973322163,234.49836751521204,2108570
2021-07-01,235.98948669433594,236.05884266702725,231.56810312198886,232.33967339649874,2007163
2021-07-02,237.5673065185547,237.62799299117705,235.92011718334126,236.98645028059752,1623192
2021-07-06,241.6332550048828,241.7632974540241,237.72337172075888,238.06146716684526,2857562
2021-07-07,241.48587036132812,243.1764072560736,238.7203457446269,242.50887094767833,2075182
2021-07-08,240.124755859375,240.8616480372419,238.03542241645974,238.4082107138769,2178732
2021-07-09,240.54962158203125,241.2258424264463,239.16251682286318,240.22885015583438,1876428
2021-07-12,241.01776123046875,242.69094441018822,240.37621841332756,241.55525515558023,2007276
2021-07-13,239.9254150390625,242.70827892948458,239.65666062062158,241.57258969581974,1718395
2021-07-14,239.37921142578125,240.88768888701682,239.1798130073498,240.49756154660747,1631765
2021-07-15,243.5665283203125,244.12136115997833,238.43424621458172,238.67699211017066,2556950
2021-07-16,246.89559936523438,248.08330557335555,243.74861661116688,244.84095834901188,2893884
2021-07-19,245.99395751953125,247.23368056504566,243.94797132052656,245.0403278510618,2840304
2021-07-20,245.8639373779297,248.81152161345665,244.2861038345993,245.92462385735323,2733595
2021-07-21,242.56956481933594,245.81191184209678,236.72638369060573,245.36976750739618,3099631
2021-07-22,250.51072692871094,251.62039263773744,244.58952050386378,245.90726905064375,2761570
2021-07-23,252.51336669921875,253.46701143103547,249.84320621517958,251.49039583027135,2341954
2021-07-26,251.56842041015625,254.1259074118203,249.05429582040182,252.27931924986638,2276417
2021-07-27,251.93251037597656,253.36296246737115,250.60609224916934,252.27929025793443,1953583
2021-07-28,253.9091033935547,254.82806999943168,250.7881145754464,250.7881145754464,2423395
2021-07-29,258.0271301269531,258.94609694924384,254.02188158823287,254.33395368451104,2007840
2021-07-30,257.90570068359375,259.84763803951444,256.64863862359636,257.6196222232373,2515440
2021-08-02,257.5155334472656,260.081673999543,255.75564096923583,259.362091027739,1348186
2021-08-03,262.1017150878906,262.41381700423995,257.6629919643204,258.1744774055434,2203435
2021-08-04,264.95391845703125,266.23697404485716,262.25772007398916,262.25772007398916,1788218
2021-08-05,266.2716979980469,267.35537028303247,264.1130080040464,265.3353922514855,1586870
2021-08-06,266.39306640625,266.9652532415787,263.324094132852,266.5057549521323,1874059
2021-08-09,266.9911804199219,268.0054964540929,265.109944694194,266.6877630043806,1737571
2021-08-10,267.7801818847656,271.0919004064035,266.90457747434067,267.4681097879758,1752686
2021-08-11,269.24517822265625,271.07442654011027,266.84377314295034,268.13551283089686,2395534
2021-08-12,272.0195007324219,272.730399541038,268.21363602207384,268.62111733406095,2182793
2021-08-13,273.3111877441406,273.81401851086093,271.1178500267622,273.81401851086093,1549195
2021-08-16,276.38018798828125,276.64892746964057,272.30558414503537,273.0858090201778,1828488
2021-08-17,278.2440490722656,278.55615088583636,275.7125864277698,276.7789193691253,1983362
2021-08-18,273.0598449707031,280.38546616795475,272.8430926037825,278.41753493024584,3748908
2021-08-19,277.2384033203125,278.07932944377325,270.95309382843715,271.39522316760497,3639379
2021-08-20,278.7555847167969,280.1946912738449,276.94367489338407,278.56485579626076,3717550
2021-08-23,276.2241516113281,279.7265986890687,276.1114630677272,278.87698795078086,3091510
2021-08-24,277.9839782714844,279.4057456506681,275.8339732905114,276.4841705132875,1980994
2021-08-25,276.9697570800781,278.7903218645411,276.18084766303537,277.2211576069996,1514678
2021-08-26,275.98138427734375,278.27010155141573,274.42955929743124,277.42052072239693,1450834
2021-08-27,276.6402893066406,278.97233933859286,275.32252570387544,276.6056113170942,1484786
2021-08-30,283.49774169921875,283.8705151054222,277.8799679796965,278.1833854179217,1930346
2021-08-31,281.0269775390625,285.63043559540864,279.24974560879474,284.5900959747555,2718706
2021-09-01,284.00933837890625,284.46015234749353,278.3222064619325,280.53291388620374,2467500
2021-09-02,287.32958984375,288.6820013317249,284.6680994246892,285.65639209268966,2564508
2021-09-03,288.19659423828125,288.9421411681229,284.8848760890326,286.3239828079032,1504526
2021-09-07,286.0899353027344,287.7371100389304,283.6711603417974,286.65343773721736,2177604
2021-09-08,286.53204345703125,287.80644461527686,284.0525971176789,285.4743946490265,2043710
2021-09-09,284.6854553222656,288.0405055976614,284.0178891909895,286.523358679351,1672824
2021-09-10,286.0811462402344,289.52292068112166,285.97714214819695,286.7660512365784,2756606
2021-09-13,278.6775817871094,287.39897601835105,274.2561683517521,286.95684661216006,2292434
2021-09-14,280.96636962890625,283.43713202260403,279.2758322840765,280.7756406552482,2130115
2021-09-15,281.98065185546875,284.7808548639286,275.131808319068,279.8479852521376,2654522
2021-09-16,280.8883056640625,283.23772472088183,278.8163105456642,282.50080246276764,2023745
2021-09-17,281.34771728515625,285.3789883106397,278.99832854647235,281.61648659287164,3902429
2021-09-20,280.983642578125,282.35339322359704,277.4291787479297,277.4291787479297,3576662
2021-09-21,281.4951477050781,283.8618757227821,280.84495032380687,281.7552326262595,2114887
2021-09-22,281.0009765625,282.8128565889956,280.1773594628471,282.5354326974682,2026790
2021-09-23,281.7811584472656,283.5583900596848,280.2119947217652,281.885192390725,2552326
2021-09-24,281.32177734375,282.7262061725439,279.35381622481344,281.7032352547072,1592398
2021-09-27,273.9527282714844,279.6225189093206,271.837401113022,278.76422389263945,2043598
2021-09-28,263.5061340332031,270.0948617450293,260.92265395802605,267.81479912115435,4197965
2021-09-29,265.9959411621094,268.25153854984967,264.7900630633716,265.2238375348584,2316912
2021-09-30,264.1134033203125,269.9606240974403,263.88784057085695,267.78309094815523,3193932
2021-10-01,262.27423095703125,266.31694976517844,251.63819915699418,266.31694976517844,3010181
2021-10-04,259.02093505859375,263.38463154481155,257.77166459129336,261.77102038853945,2596994
2021-10-05,259.84515380859375,263.4801399229002,259.749708470835,261.77974360209,1988890
2021-10-06,260.7820129394531,260.799363918055,256.24480669503475,259.23780570787534,1850710
2021-10-07,262.5257568359375,266.0045830572078,262.4997453014688,262.681915634717,1881842
2021-10-08,260.06207275390625,263.7578029023502,259.45478824481864,262.80349867378396,1215984
2021-10-11,259.16845703125,262.4130608573509,258.1360885163992,259.6542845356497,1265052
2021-10-12,257.52880859375,260.74737107011606,254.65726576939068,260.74737107011606,2874482
2021-10-13,256.669921875,259.5154528469066,255.68960639706788,259.1944746358296,3115536
2021-10-14,260.6345520019531,263.4713922884501,259.012250388308,259.012250388308,3181073
2021-10-15,261.458740234375,262.56920303108603,260.54782865344555,261.24186790139,3336511
2021-10-18,263.88787841796875,265.04170386982327,259.74105315737853,261.22454729033416,1993740
2021-10-19,267.6182861328125,269.28395050932505,265.24123150774943,265.73571955340236,2061984
2021-10-20,273.1184997558594,273.8212295537017,269.804521474581,272.780170493195,2918249
2021-10-21,269.5788879394531,272.84081241176284,261.9965993637238,272.84081241176284,3239729
2021-10-22,271.86920166015625,272.53719948504823,268.4771297296068,269.90857070522924,2452272
2021-10-25,265.5535583496094,272.16422361038826,264.83350743637504,271.0884625885921,2601619
2021-10-26,266.2735900878906,268.69400714516917,265.15446674364455,266.8287916167607,1527763
2021-10-27,264.80743408203125,269.17982135752476,264.1133948751296,267.3666588614909,2119286
2021-10-28,264.22607421875,267.1844004310334,263.13299269218027,265.2497817114904,2715773
2021-10-29,270.4725036621094,270.6720250384007,262.5865862627872,263.22854278198474,3115198
2021-11-01,268.6592712402344,273.25722090349495,267.3753286704445,271.4527489686587,2101915
2021-11-02,271.75640869140625,273.127136183417,267.7830937906556,269.2231953423178,3100308
2021-11-03,269.67431640625,272.9709728611714,263.51480787604817,272.9709728611714,3261048
2021-11-04,265.4581298828125,270.25563198965614,263.3152983681538,269.7351024884436,3754661
2021-11-05,253.390625,256.4096658816127,245.0882999055593,255.89782686536074,7674235
2021-11-08,261.43267822265625,261.9531776941323,254.4923468110956,255.5941488364922,3294550
2021-11-09,259.5588684082031,262.56055881987334,257.9712981451063,262.13547463768896,2095824
2021-11-10,262.02264404296875,262.5692149074447,258.1360838066761,258.1360838066761,2516004
2021-11-11,264.20013427734375,265.56217120899095,262.1527486010821,263.4887441320015,2429374
2021-11-12,264.0613708496094,266.7160412427039,261.9532414598,265.0330258456689,3085080
2021-11-15,259.9840087890625,267.46219416735033,259.49818118078326,263.7838149972396,3526015
2021-11-16,265.1110534667969,267.5401607551587,259.94052125619913,261.276546689994,3104030
2021-11-17,268.650634765625,269.54419532372765,265.9092097279541,268.9369110100678,2745778
2021-11-18,271.2359313964844,271.9559822314315,267.245235323192,268.90223920428537,2246412
2021-11-19,272.5198974609375,278.6447350197816,272.02540935419785,273.3527446840777,2629594
2021-11-22,272.1727600097656,275.0182902601743,267.895789145999,272.2595148913021,2494346
2021-11-23,271.9906921386719,272.381074320634,267.1324766707068,269.0844473085136,2002087
2021-11-24,273.6910705566406,274.0814527556669,269.55290576376495,271.40946100908815,1757198
2021-11-26,281.0477600097656,287.58032979230194,277.56893306412195,278.2195799291885,3472322
2021-11-29,283.26861572265625,285.8105191853706,280.31897919005564,280.48382842068423,3484054
2021-11-30,279.0350341796875,287.7537964281364,277.5341894583216,284.92561677192043,3770114
2021-12-01,277.369384765625,282.65268338453274,273.933920674872,277.87253330914587,2644032
2021-12-02,274.1942138671875,280.0240838804642,273.27461185442803,275.98133508459256,3250106
2021-12-03,271.4875793457031,279.2346905360551,269.24933188125647,277.0137940586507,3402612
2021-12-06,266.2475280761719,272.7106933484897,264.2001423374495,270.04736276298075,2744086
2021-12-07,271.8431701660156,274.532542408306,270.52452544886444,270.6372918955174,2450580
2021-12-08,276.102783203125,277.29131045749506,271.7650977253938,272.39839359343165,2508785
2021-12-09,276.9877014160156,279.2606501890925,274.84487007565855,277.9766775238755,2221596
2021-12-10,275.4347839355469,280.2843083902391,275.1658586661934,276.5452168384198,2103946
2021-12-13,276.3196105957031,277.872478162998,274.13338760383056,276.258867247269,3074590
2021-12-14,266.9416198730469,275.0617903735361,263.671004354016,274.0120409637691,3648742
2021-12-15,273.25726318359375,273.5522298694258,267.0977543361469,269.48346949908904,3362117
2021-12-16,276.3023376464844,280.3277055164883,271.3486773596008,273.8905811478882,4537267
2021-12-17,271.89520263671875,276.1288118986729,269.5788915994545,274.66266901860985,8957899
2021-12-20,272.65869140625,273.91662273662314,266.0567170616574,271.4615034481284,3291842
2021-12-21,272.3376770019531,274.2462550068162,267.5835680384243,274.2462550068162,2469192
2021-12-22,277.3346862792969,278.21089582652843,273.62160646893767,273.9339241050981,2470997
2021-12-23,278.29766845703125,279.76381141042475,275.5649038985072,276.2329315948542,1364654
2021-12-27,284.0406799316406,284.45710336513787,280.07605648518614,281.7156789586012,1202561
2021-12-28,280.5966491699219,285.0644822807323,279.8158848366129,283.4421803805508,1392178
2021-12-29,283.5048522949219,284.45108044054615,280.41440016834196,282.4978711863095,2263670
2021-12-30,285.1454772949219,286.8730065059135,283.42664415202336,284.07771368998243,1297538
2021-12-31,285.6142883300781,287.54146871030724,284.2079457052687,284.96321872325456,1439892
2022-01-03,274.1119079589844,285.2322967141955,271.1777170368326,283.9735482925668,4132992
2022-01-04,266.73309326171875,274.35503432768564,265.0923749399155,271.7160011840756,5044754
2022-01-05,265.0315856933594,269.9450439159114,264.97949893022144,268.6775993462208,4199431
2022-01-06,263.8336181640625,265.8996967712506,259.7014609496863,264.3805441768016,2247089
2022-01-07,256.67169189453125,263.4515457119593,255.04833651287447,262.86992529715917,3645245
2022-01-10,263.0609436035156,263.23456612014326,252.61768370363592,255.39561408628413,3807451
2022-01-11,265.0576171875,268.5213421509903,260.98621331373107,264.8753284561157,4618934
2022-01-12,265.96917724609375,267.6706785571878,263.6079400038989,265.96917724609375,2970475
2022-01-13,253.5292205810547,265.9604450024572,252.56563042773857,264.59752300796373,3951835
2022-01-14,254.62301635742188,254.9442330020762,250.17835398718356,251.64543458485184,3576775
2022-01-18,250.36062622070312,251.9319101235343,247.65215956688368,251.05510140180343,4699699
2022-01-19,249.1713409423828,254.95289683370737,249.09322574084086,251.41105677358675,3361778
2022-01-20,245.63816833496094,251.62807130583255,245.16072128772487,251.02908847959483,3346099
2022-01-21,243.45924377441406,247.69558910728438,241.82720677001083,246.7059405867753,4530274
2022-01-24,240.3427734375,240.94175630836727,231.80932948224554,240.22991877716123,6241111
2022-01-25,235.4292755126953,238.72805866846835,234.05767250445396,238.25927785013482,5518176
2022-01-26,231.58358764648438,237.62557698165276,229.32652464000796,235.66365733446173,5309947
2022-01-27,234.361572265625,237.61695062824435,232.12185605417264,236.2106227528492,6344887
2022-01-28,244.0321807861328,244.2491940132866,233.21561638412877,236.33211100544887,5589917
2022-01-31,248.09487915039062,249.52725007005893,245.36905027567215,245.88122179349313,3982517
2022-02-01,249.39703369140625,250.05679930164783,246.25451074140173,249.55329396751608,2905615
2022-02-02,255.59535217285156,256.5329140822617,248.8415236237935,250.80342884711837,3676942
2022-02-03,251.6715087890625,255.15259615349936,250.06551511464204,251.80171076218315,2679790
2022-02-04,249.69219970703125,252.42672474006366,248.2337853599674,251.02038221161445,1668538
2022-02-07,247.539306640625,251.74959327253032,246.7406429938617,250.59501837705977,1851838
2022-02-08,247.94732666015625,248.6418168494291,243.39847568721677,244.37074701049934,1636502
2022-02-09,253.4944610595703,254.02399479063953,250.02205557144117,250.43873466733078,2538902
2022-02-10,244.97840881347656,250.5689797381041,243.6068057271736,250.5689797381041,2886552
2022-02-11,236.69671630859375,246.3847341498663,235.91541490739547,244.4749012219688,3301430
2022-02-14,235.68971252441406,237.6689945237863,233.3718815162942,235.77652379375928,3399905
2022-02-15,233.58023071289062,240.7767953576632,232.57323492091516,238.76280377371222,3704239
2022-02-16,232.3822479248047,234.16186400420312,227.87680281379744,232.75553638288847,4108627
2022-02-17,233.7538604736328,235.7678521197942,230.2988166402614,232.3822573046835,3638815
2022-02-18,231.72250366210938,234.9865626542622,230.14255345822463,234.8910702553533,2646514
2022-02-22,231.07142639160156,234.06638547726934,228.94458005059087,231.05406413670843,3752630
2022-02-23,227.78131103515625,234.41360237913347,227.01738680475168,231.6530488323109,3166522
2022-02-24,235.7418212890625,236.5578472970716,222.08658664692845,222.24283200463435,4196611
2022-02-25,242.41751098632812,242.63453915950868,234.2660373935577,234.96919373296396,2681030
2022-02-28,238.21591186523438,243.2075005318232,235.68973358495413,243.05124023303884,3653930
2022-03-01,236.1498260498047,240.32540352418587,234.09242872950998,238.21590449754115,2256113
2022-03-02,238.29403686523438,239.49201752166005,235.35986058767858,235.35986058767858,2291532
2022-03-03,240.0910186767578,242.46093664016834,237.62560830926336,240.28200348492567,2730662
2022-03-04,236.59254455566406,239.52672057031967,232.2867505153262,239.33573578193352,2791236
2022-03-07,228.3282012939453,236.52309528186677,225.88883456472615,235.10808656571322,3697358
2022-03-08,223.33660888671875,228.69278891240515,221.07953107171463,224.98599294091397,3142157
2022-03-09,229.8907928466797,231.40997510798888,226.80035650451387,228.54523312285707,2143877
2022-03-10,229.0313720703125,230.4637430368772,226.5138752058529,228.97060418329528,1601534
2022-03-11,227.89414978027344,232.8944187909915,227.65107824247787,230.48977667548073,2229718
2022-03-14,231.65306091308594,237.20890774599172,228.2848283037087,229.222375122121,3253716
2022-03-15,235.16015625,236.14110855815744,232.11311087057155,233.17219331367318,3045713
2022-03-16,241.26292419433594,241.7317050253764,235.54213653883173,236.37550974120575,3481346
2022-03-17,244.28390502929688,244.3186295343955,235.42059463645398,240.49899374033726,2906066
2022-03-18,253.6507568359375,255.1091562882788,244.2405197615138,245.15203809635062,4898002
2022-03-21,251.1159210205078,254.2063726363497,249.1974067168919,249.79640453556524,2955134
2022-03-22,255.13516235351562,255.8990714895154,250.5081674361537,251.46309121039275,3266914
2022-03-23,248.32058715820312,252.93022044502848,247.78237226385767,252.89549593947729,2545219
2022-03-24,248.95486450195312,250.3624222220121,245.70531305108614,249.58912612287875,2680692
2022-03-25,249.82374572753906,251.71787196280582,246.9999412941341,250.90113218361589,1537690
2022-03-28,253.2470703125,253.42084474276723,248.5117769067991,250.26688369772782,2224416
2022-03-29,257.0440368652344,258.9207710954734,254.8023762744818,257.0266594194956,3140239
2022-03-30,258.3647155761719,258.39076678928495,255.5582731219684,256.444522830066,2952991
2022-03-31,254.86312866210938,261.4925480402892,254.72413903503954,258.23432251533126,4470151
2022-04-01,253.438232421875,257.452362104093,249.93672237487914,255.5408732034912,3757819
2022-04-04,251.3181915283203,254.64592683787782,250.56227279430897,253.92477794295834,3764474
2022-04-05,249.68472290039062,253.22967617989445,248.5204492491041,250.3103108081221,3125688
2022-04-06,251.3876953125,252.51719911654905,245.19271210336282,248.39011652059494,2534503
2022-04-07,260.3630676269531,261.7793143287348,250.24082634558764,250.79688958725464,2840981
2022-04-08,260.0415954589844,263.3693612872705,258.17356494899934,258.63405229579917,2737430
2022-04-11,252.94297790527344,259.65928480525014,251.31820195059245,257.1048306111614,2286794
2022-04-12,243.92416381835938,253.14277664961887,242.51660604924098,252.2999857141588,2946449
2022-04-13,246.51339721679688,247.55602882818604,241.33497909061964,244.5845160241724,3139337
2022-04-14,240.65724182128906,247.82534628318396,240.08378628604882,247.74714780110574,3490934
2022-04-18,238.9977264404297,240.49217146060184,236.69524534206417,238.92821667415336,2189561
2022-04-19,237.2860565185547,241.4739749509331,236.99934369574945,240.13592694369055,4022222
2022-04-20,243.61135864257812,246.75664541540849,237.99852022081384,239.21492608243065,4278842
2022-04-21,241.75204467773438,251.17048433695615,240.71810175796003,246.39176221165184,3928824
2022-04-22,229.86598205566406,240.7267482769363,229.64009027349766,238.93690173229513,3404078
2022-04-25,226.3036651611328,226.66859145059485,219.82196889121104,225.42611927695808,4875780
2022-04-26,218.0668487548828,225.44348285237032,217.69323376722403,223.98379273907688,3708300
2022-04-27,219.1963653564453,224.0098567270036,218.2406210497345,220.1173547809205,3217056
2022-04-28,223.29737854003906,225.26099931803506,219.05732811445174,222.20261479290875,4909169
2022-04-29,218.1971435546875,225.55639899636472,217.7800850326412,221.82029460066568,3637913
2022-05-02,217.66717529296875,220.9775480654182,213.58353626549896,217.36308501448454,3633626
2022-05-03,215.92076110839844,218.8835699346225,214.86075216215636,218.05815644188274,3065340
2022-05-04,222.97592163085938,224.39216817607118,213.83549197080796,214.3133716180408,3265334
2022-05-05,218.8748779296875,223.43641125947718,216.20748564049327,222.54147306139768,2591129
2022-05-06,216.55502319335938,217.77142911109263,212.2541663560879,215.99027131446636,2394067
2022-05-09,207.97933959960938,214.8172871787497,206.52833837528252,212.74069814068173,4479401
2022-05-10,208.91773986816406,213.15779086583387,203.99998358502947,211.97613976070775,3400694
2022-05-11,206.0157470703125,211.2115423043325,205.82459521217183,208.92642368223818,2730098
2022-05-12,208.1357879638672,209.32612789315655,203.06163426257706,204.3214839661181,3194270
2022-05-13,216.5115966796875,217.8409560690773,211.89794553962454,211.95007786684647,3568541
2022-05-16,214.06138610839844,217.11109704071313,212.41924787232276,215.38205664639767,2645273
2022-05-17,216.32046508789062,220.47362934818574,214.45241976356084,218.744588621373,3316997
2022-05-18,211.65464782714844,216.30305355512377,210.8813666441836,214.60878293816629,2546122
2022-05-19,216.61587524414062,217.8149038924713,210.40351395844712,211.0725455340906,2699981
2022-05-20,218.77931213378906,221.12523683267477,214.04401913215796,219.28325793856155,2737092
2022-05-23,219.9262237548828,221.1426297935502,216.59848833000336,221.07313497726668,2311385
2022-05-24,218.9530792236328,220.14341897479392,216.1814222544234,218.5881679181893,2159105
2022-05-25,217.49337768554688,219.06602105507565,214.4176156614469,216.70271911815445,2903698
2022-05-26,218.70114135742188,219.50919249159656,217.2240885485798,218.18852172169483,2834326
2022-05-27,231.5428924560547,231.88175256477874,220.73425845275065,221.99410800477636,3218861
2022-05-31,229.22305297851562,229.91813574043272,225.5564573873009,229.2317416999742,7219764
2022-06-01,226.7728729248047,235.86984503440075,224.50514643877224,235.86984503440075,2593610
2022-06-02,237.42507934570312,237.71180712726056,226.78153113838476,229.12745580522605,3008263
2022-06-03,231.1605987548828,234.7750618735034,229.74435216826421,234.58392496379113,2452046
2022-06-06,229.1535186767578,234.323247572137,228.58875184240577,233.29799350454337,1572545
2022-06-07,233.08946228027344,233.7411013597418,227.8241575027138,228.37154689147272,1837286
2022-06-08,230.76962280273438,232.68111155079575,228.84943037873242,230.82175512975985,1805251
2022-06-09,224.82655334472656,230.39596270632808,224.73968110478708,229.13611333785468,1531373
2022-06-10,218.50128173828125,221.61179882084915,218.29275244575342,220.3085056973187,2423395
2022-06-13,211.84580993652344,214.82601135375398,210.568582894106,213.57485047454443,2996081
2022-06-14,210.62942504882812,212.4019093698168,208.1705466493506,211.15074836522803,2704831
2022-06-15,212.81890869140625,216.1553473111132,209.21313470249189,212.77546509076507,2658922
2022-06-16,209.26527404785156,209.80397471388525,206.98885920737504,208.30952975643117,2290968
2022-06-17,207.31033325195312,213.19252195805632,207.03229421006517,209.42166231675424,7693411
2022-06-21,211.88925170898438,213.27943211327735,209.62152543905265,210.3861179317676,3210175
2022-06-22,213.66172790527344,216.1292946664671,209.00461848960813,209.30872371311375,2107104
2022-06-23,221.94171142578125,222.46356522543726,214.71412612047655,214.71412612047655,3009278
2022-06-24,223.37677001953125,223.82033073082826,220.68055562228915,222.31568237938802,3295565
2022-06-27,223.011474609375,225.80336222043996,221.4981137105745,224.79445994456864,2086913
2022-06-28,219.07156372070312,224.9423595760342,218.4453540789286,222.968027506156,1984265
2022-06-29,219.9239044189453,220.9762946008066,216.65365058127352,218.32356775306312,1690872
2022-06-30,220.4979248046875,221.26331035641613,216.0187396944099,216.47969556807655,2450129
2022-07-01,224.43785095214844,225.03798273830296,218.3496323193538,221.19370519202616,1580892
2022-07-05,222.228759765625,222.36792079687007,216.47972954227555,221.41118870706032,1830518
2022-07-06,226.1686553955078,227.63851348308967,220.88929496346617,222.00256796701245,2168354
2022-07-07,229.13449096679688,231.08273005030716,225.40328146180158,225.82946203600423,2014946
2022-07-08,229.40411376953125,230.71743076370572,227.1949627896576,227.34282135515926,1269338
2022-07-11,230.7435302734375,231.0827352278519,227.31673538752187,227.4124085797926,1907335
2022-07-12,219.7847137451172,231.09140969923195,219.28895270743448,229.87376598017303,2477201
2022-07-13,218.38446044921875,220.73277268849762,215.93177744641739,217.3842556021169,2224867
2022-07-14,215.7490997314453,217.1667874428746,211.21772956833877,215.76649485637066,2673134
2022-07-15,222.46356201171875,223.6290205107924,218.01045456228277,221.0284790533845,4625815
2022-07-18,214.87936401367188,222.42006104395355,214.0357004329683,221.7242560289403,2229041
2022-07-19,222.43748474121094,223.20285538604924,217.22770390205747,218.16702582299297,2320973
2022-07-20,222.65487670898438,226.9166374478845,221.62857929822528,223.52463296385412,3191225
2022-07-21,242.85910034179688,243.13742237240913,236.10116838593663,239.18007590960727,4710415
2022-07-22,238.17115783691406,242.78950384834926,236.831748122771,241.30223556517876,3172726
2022-07-25,237.77102661132812,238.04065101159298,234.34423236952964,237.68405099833944,2500663
2022-07-26,240.48468017578125,240.66732899676356,236.9535145467531,237.94502174781218,2401512
2022-07-27,243.57225036621094,244.6681282333458,239.3974803904565,240.54554363078765,2125490
2022-07-28,251.36520385742188,252.2871455517138,241.90237490610494,245.26828693662114,2801501
2022-07-29,253.50479125976562,254.52239124622344,250.47808399158313,251.3130351397043,3347678
2022-08-01,250.39976501464844,253.75699412616126,250.15623326998104,252.21754056735767,1849807
2022-08-02,248.33847045898438,253.52214269903075,247.81661672509384,248.3732457379238,2151096
2022-08-03,250.9476776123047,251.86961914783626,248.5123902886077,250.97377029727255,1687826
2022-08-04,251.31298828125,251.43475415077063,248.84291058237582,250.9476906726881,2319506
2022-08-05,252.2262420654297,252.54806686499234,248.5472178426871,248.96470086483816,1484786
2022-08-08,249.60829162597656,253.1742473312413,248.9298967228231,253.0959842389429,1580441
2022-08-09,248.08627319335938,250.4867707392948,247.1208436609815,249.79096567091435,1535321
2022-08-10,253.21775817871094,253.26994355523001,248.9125095258484,251.16516330893504,1726291
2022-08-11,253.25253295898438,256.85326383888946,253.148162212322,254.76587884561542,1823750
2022-08-12,258.966796875,259.22772378234777,253.20038707255887,254.13969399903297,2664223
2022-08-15,262.9675598144531,264.24608641612684,258.06219488884545,258.3492293953262,2392037
2022-08-16,261.3411865234375,262.75887441508576,260.106162436713,260.91502087857845,2245284
2022-08-17,258.5492858886719,261.54990008900756,257.3229445266245,259.93218337821304,2422831
2022-08-18,255.94007873535156,258.16662510660274,251.74791290432145,258.1144397243083,2123686
2022-08-19,254.34840393066406,256.2444725552017,253.58304837082486,255.94004289778886,1808635
2022-08-22,248.72988891601562,252.47850894778588,248.2254451891106,250.97383042084266,1734413
2022-08-23,247.04258728027344,248.3297967518119,245.1465333873531,246.94691408076883,1566679
2022-08-24,247.82533264160156,248.9473032825743,246.2076009167161,247.90361070748253,1805815
2022-08-25,253.06988525390625,253.29602188603582,247.88621269041195,249.73876362134462,1558783
2022-08-26,243.8157958984375,253.76568785741478,243.6070543938457,252.58284927136933,1887821
2022-08-29,240.64993286132812,242.91996682975193,239.71930860450084,241.9545523214549,1763854
2022-08-30,237.76239013671875,242.31115598476978,236.94483413456112,241.13699987773975,1807733
2022-08-31,234.75302124023438,239.49313233863958,233.54407517170566,237.93628381298453,3519586
2022-09-01,238.18853759765625,238.2407229715937,232.1698993201395,235.0313524144151,2192832
2022-09-02,234.32688903808594,240.8064987879462,233.4658452491744,240.0498107877009,1722456
2022-09-06,236.98831176757812,239.25834581228145,234.03986779641878,235.22272141614874,2289614
2022-09-07,241.32835388183594,242.38074413256732,235.49236341687677,236.36210482764835,1905530
2022-09-08,250.57371520996094,251.29559790863934,239.27571654711875,240.23243342717012,3775754
2022-09-09,252.59153747558594,253.60045477019358,249.55611796885395,249.99969367596594,2430502
2022-09-12,255.27899169921875,256.22704084611223,251.6434709741332,252.93939263129843,1989454
2022-09-13,245.07691955566406,251.70437229119085,244.44201246981407,249.956192187011,2137898
2022-09-14,245.03341674804688,250.01705982330915,242.72859279075942,245.5204802131281,3354559
2022-09-15,245.19003295898438,253.2438724407074,244.53773062835438,250.92165279048078,3632160
2022-09-16,240.97174072265625,245.99017488805688,239.36272144531853,245.74665808461398,6466486
2022-09-19,242.60684204101562,242.82428110147524,237.35357422025888,239.01479367218346,2531570
2022-09-20,238.63211059570312,240.1802617989234,236.33598396417898,239.58014493772365,2367785
2022-09-21,233.5093536376953,243.31138849166246,233.43107556180803,240.91089077109865,2382336
2022-09-22,231.72634887695312,233.73545605236498,230.75223676069248,231.35235365633966,3267590
2022-09-23,230.71743774414062,231.17839360995777,227.2210623523382,229.6041646578448,2288599
2022-09-26,228.44740295410156,231.95247589652712,226.5948370244396,228.37782245082835,1778179
2022-09-27,226.2208251953125,230.88265838359567,223.81163054592085,230.36950224362303,2529427
2022-09-28,231.5610809326172,233.11792969221898,226.90794474926955,230.02162729848567,3230592
2022-09-29,228.21815490722656,231.44793903994557,226.57278526313056,230.38585389366142,2779618
2022-09-30,224.85777282714844,231.22159261432066,224.6314236309868,228.20943712582624,3008376
2022-10-03,233.99867248535156,234.91277498604947,225.24952556542686,227.45204733708633,3416825
2022-10-04,242.93064880371094,243.05252913408404,236.74094408862535,238.17737585539297,2917234
2022-10-05,245.75128173828125,246.91783564882397,240.30154967436332,240.72813083731452,2346917
2022-10-06,242.06007385253906,245.98631642405118,241.73796157232553,244.69788228725432,2255436
2022-10-07,233.7288055419922,239.83145292547235,232.22272786049768,239.0131135580621,1779194
2022-10-10,227.5739288330078,234.4426663261297,226.54665173173785,234.4426663261297,1853304
2022-10-11,221.24490356445312,226.25064241627345,219.57341704015317,225.7631211430027,3671189
2022-10-12,219.10333251953125,223.04698689363116,218.76382372053297,221.12304875775953,2941034
2022-10-13,223.96978759765625,225.5367904217553,211.15509149301042,214.7940449138693,3268718
2022-10-14,220.8705596923828,227.0080294514547,220.54844741843075,225.41489454001905,2270326
2022-10-17,226.2854766845703,228.20941469471882,222.7858001944864,223.23849854231315,2459942
2022-10-18,231.1954803466797,234.5297332400786,229.3934074611974,231.9441588736376,2327402
2022-10-19,224.50953674316406,227.26922574002444,218.79864749618488,226.6598240758338,4634839
2022-10-20,211.6165008544922,221.13175256245128,210.31065514590287,210.39771252541271,8528018
2022-10-21,212.93106079101562,213.2705696005825,204.42564437812612,211.36404288141668,7548350
2022-10-24,219.09461975097656,219.4254227787087,210.91131673211214,214.85497070995444,4112011
2022-10-25,219.2687225341797,222.25476045050505,218.20663757100175,219.52118891507985,3999888
2022-10-26,220.93153381347656,223.37781635600916,218.6071316095529,220.8096534748676,5127662
2022-10-27,215.98672485351562,219.78238170919366,212.96586370391424,219.36450628080604,3711458
2022-10-28,219.2078094482422,219.84332834762353,215.76038201473446,216.84858432413654,3743042
2022-10-31,219.09461975097656,219.92164979639253,215.56012043523754,217.44925041323992,3328051
2022-11-01,222.70748901367188,223.96980610543224,218.9640664306604,220.90541613776793,3382421
2022-11-02,211.14637756347656,222.26346936264,210.89391117897011,221.63665627007222,5104313
2022-11-03,210.17135620117188,212.04305982895286,204.54750961205772,209.10927119127905,4596713
2022-11-04,215.00296020507812,215.316366730848,208.16032597938488,213.1138302976884,3380503
2022-11-07,216.8050079345703,217.28382343835221,213.54910746102075,216.343618887709,2752884
2022-11-08,220.2611846923828,223.27332494736328,216.42199936607398,217.64949338261934,3632386
2022-11-09,214.98558044433594,221.07081646372947,214.28041565733358,220.26119780345215,2478442
2022-11-10,233.19775390625,233.51116047031405,223.84791128413886,224.02202604195222,3764249
2022-11-11,235.92259216308594,241.3461913110877,233.57207317704683,234.21628272116533,3976087
2022-11-14,232.19659423828125,237.21974474490932,232.19659423828125,235.0607368696449,2705508
2022-11-15,235.33932495117188,239.88367497501733,233.40668119385404,236.86281402995564,2886665
2022-11-16,231.70909118652344,236.04450376893027,229.55880386339177,235.05206461856633,2493331
2022-11-17,226.01559448242188,229.2105551160473,221.95876585698736,229.2105551160473,2439638
2022-11-18,226.9122772216797,231.56978687534757,223.21238371458747,230.76016826714252,3062971
2022-11-21,226.39866638183594,228.93200618313918,225.51938683987217,226.18972866889405,1762387
2022-11-22,228.1223602294922,229.6284378449121,225.20598309597173,228.6447044836463,2042582
2022-11-23,229.26280212402344,230.02020130991414,227.34756978299077,229.29762507509886,1747723
2022-11-25,232.4751739501953,232.83209419095158,230.194285790323,230.6643955986138,979442
2022-11-28,227.3562774658203,233.53727641429856,226.66852417619668,230.76017601039047,2643242
2022-11-29,225.4932403564453,227.8002306692779,223.43001067707115,226.34640257354982,2438059
2022-11-30,238.02066040039062,238.02066040039062,225.47584259200715,225.47584259200715,6479458
2022-12-01,239.0044403076172,241.99918460177486,235.53089534512083,239.85760274280122,2243818
2022-12-02,238.73455810546875,239.5267653186957,233.31094299874633,235.0433699625987,2042357
2022-12-05,233.28480529785156,236.28823984087333,231.95284241882274,235.63532449988875,2464906
2022-12-06,231.00390625,232.6666719909978,228.87973646406584,231.11708082705988,1928880
2022-12-07,233.51983642578125,235.06072186779295,231.03873141149015,231.2302576206582,2225657
2022-12-08,236.63648986816406,238.06421598534175,231.9354510564258,233.99868109436312,1974451
2022-12-09,234.47752380371094,237.42003376232333,234.2250573602929,235.4873745933221,1913652
2022-12-12,238.09033203125,238.49079599670327,235.87910445099592,236.49719689187552,2310031
2022-12-13,240.86740112304688,245.0983294861947,237.7507771586986,244.84587809024796,2943516
2022-12-14,238.73455810546875,243.487831352949,237.02824835691155,241.54646666673543,2940358
2022-12-15,235.12167358398438,236.94986341367948,232.44035147598584,235.54825470719322,3418968
2022-12-16,228.11363220214844,232.98878482832095,227.50424561590503,232.1791662975505,5657822
2022-12-19,225.23211669921875,228.86236457759603,224.33542566433374,228.44448914386322,2898960
2022-12-20,222.51596069335938,225.11894649870007,221.5583294723544,224.3702529986416,2862187
2022-12-21,227.19956970214844,228.2355375010084,223.56061630760226,224.37894066467274,1852402
2022-12-22,225.18858337402344,225.61514955312182,221.1317544071965,224.77070794889013,2079017
2022-12-23,226.2245635986328,227.68711268260293,224.36155054365466,224.73589729916222,1236739
2022-12-27,227.11251831054688,228.6621246728669,223.5432107233111,225.7544381820489,1275091
2022-12-28,225.77182006835938,231.04743660871475,225.57158812287858,228.50539144289743,1558332
2022-12-29,232.533935546875,233.99789571810814,228.04619951610863,228.97861227303233,1357322
2022-12-30,231.28781127929688,233.23103388994622,228.6997425118391,232.40320584931533,1701926
2023-01-03,228.54287719726562,233.53601761292705,225.7456692684309,233.37044901295383,3019318
2023-01-04,232.1156768798828,233.78877650490176,230.02431359749724,231.10485179334702,2465244
2023-01-05,222.408203125,228.2553140385302,221.0052420715286,225.68467362974653,4158710
2023-01-06,220.02059936523438,224.89174281731377,211.29785167221732,223.39292598624687,6586956
2023-01-09,222.25137329101562,227.30551329902963,220.944267599339,222.12937535993095,3325570
2023-01-10,232.56881713867188,233.68421191338996,224.90046493878194,225.35360015915904,3036238
2023-01-11,238.59890747070312,239.69687388137714,233.5360531890572,233.64062284707538,3389866
2023-01-12,237.29177856445312,239.6707080549503,234.79085115151864,238.59017002616358,1828037
2023-01-13,238.43331909179688,239.00843716473275,234.98256565863542,235.71453820560347,1971293
2023-01-17,239.566162109375,241.631382860791,237.5270837724963,239.51387728030033,3020784
2023-01-18,235.8191375732422,242.93849877291353,235.06102251839664,240.5159982546048,2363498
2023-01-19,235.9585418701172,237.44864442426632,232.83892555657664,234.66015034613545,2129664
2023-01-20,239.11302185058594,239.13045012657437,234.36387663780388,237.5270787326714,3406334
2023-01-23,241.37869262695312,243.4003427274649,237.35280570411555,238.72091042678255,2381998
2023-01-24,236.65567016601562,237.89306279003824,229.54502339660817,237.89306279003824,5876993
2023-01-25,229.13548278808594,232.62109320249493,228.25535479707085,231.12227637472907,4918870
2023-01-26,231.6712646484375,231.70612120442462,227.27939858813343,230.05046479207283,4417135
2023-01-27,231.7758026123047,232.83892742448919,229.02218006153876,230.59940900717393,2796199
2023-01-30,228.96119689941406,232.50780623519685,228.61263136316504,229.63217055817643,2432758
2023-01-31,230.38157653808594,231.07869258204067,226.93080787488654,229.19645376588497,2937763
2023-02-01,233.10037231445312,234.72990133537996,229.19648297465278,231.0090089175494,4098137
2023-02-02,235.87139892578125,238.10218817405956,233.4924693369941,234.40743879456244,2843011
2023-02-03,235.1481170654297,236.40293776736226,232.12434158985363,234.19827615328586,1891205
2023-02-06,229.83258056640625,233.29204828970916,228.11591041224307,231.52310830707685,2602860
2023-02-07,231.79322814941406,233.1700469077887,225.39714106735954,226.69553258641764,2772286
2023-02-08,228.25537109375,230.72144247533205,227.45368529073855,230.111467733556,2616960
2023-02-09,222.3036651611328,229.71930678732124,221.8853865270202,228.92633520866607,3947436
2023-02-10,225.5540008544922,225.8938522554613,218.5130669485942,221.22313402082634,3164266
2023-02-13,226.4602813720703,227.76738720489396,224.429902012571,226.25114203905565,2891402
2023-02-14,223.28836059570312,226.80882763931933,222.41696172313928,226.80882763931933,2278222
2023-02-15,224.04644775390625,224.99627369295564,221.42352250133206,221.71108902371384,2106653
2023-02-16,222.86138916015625,225.49301413040314,221.16214706155114,221.46714192513735,2224303
2023-02-17,223.3319549560547,223.5236660280085,219.88120065644378,221.3451611164809,1898311
2023-02-21,218.53921508789062,220.61315010493564,217.4935334406535,219.59361087384238,2958631
2023-02-22,217.94667053222656,219.4803289621831,216.4391395201215,218.72221388599456,3133697
2023-02-23,220.03802490234375,220.45630354725174,217.4586699224454,219.7678866108407,2504160
2023-02-24,217.08395385742188,218.29520405618712,214.82702208398024,216.97938420010257,2042582
2023-02-27,216.0643768310547,220.2994022147337,215.71581136774435,219.08815222824416,2467838
2023-02-28,215.69842529296875,217.1013865587488,213.00580155766372,215.11459302621918,4017936
2023-03-01,213.80746459960938,216.17767996534474,213.41532841826944,214.11245940731823,3254731
2023-03-02,217.61550903320312,218.2167695442441,211.9688077201231,212.62236805659813,2236034
2023-03-03,220.5869903564453,221.057553810061,217.85079601059962,219.46288154910204,2192719
2023-03-06,217.7200927734375,221.7198372958983,217.51095345223428,219.7330287429846,2414822
2023-03-07,213.71163940429688,218.71349496619018,212.42196189012697,218.5130697784077,3195624
2023-03-08,215.8988494873047,217.13624211996844,213.38049353073845,213.74648733714395,3353318
2023-03-09,212.29995727539062,217.72009131964762,211.5418422396081,216.866120762287,2708554
2023-03-10,208.9188995361328,212.08208649428832,206.52254168945012,211.15840290577242,3399228
2023-03-13,209.47662353515625,212.09953420157936,206.52256061056482,208.21308846395146,2691634
2023-03-14,213.36306762695312,215.19302168081393,210.91442474913867,212.44809809928117,2577480
2023-03-15,210.9754180908203,211.1497008530653,207.99522785198073,209.15419322239333,3047292
2023-03-16,217.27565002441406,217.60678724992715,209.50272935346334,210.63556723021858,3028567
2023-03-17,211.7161102294922,216.74410769818496,211.0276933498427,216.70053700959954,3911002
2023-03-20,213.31947326660156,214.1211739053581,211.65510302447453,211.75095853563022,2496264
2023-03-21,216.43910217285156,216.97064954878698,214.2431695737911,214.80085936158474,1991935
2023-03-22,214.6352996826172,220.29071502250105,214.57430071907694,217.31050994370847,3589634
2023-03-23,215.17559814453125,217.6590976304368,213.71163786889434,215.1058850362382,1810553
2023-03-24,216.25613403320312,216.41298852520052,211.83812583601102,213.59835180472558,3377909
2023-03-27,216.08184814453125,220.34301678672037,215.75942502674724,218.93134137764247,2094019
2023-03-28,215.10586547851562,216.05569149413174,213.76390326440463,215.74198253533584,1784834
2023-03-29,215.65484619140625,217.29308912706207,214.5133091187707,216.91838119530993,1692113
2023-03-30,217.91427612304688,218.5947062976312,216.35275666464443,217.77469762264005,2996194
2023-03-31,219.8683319091797,220.48771146757878,217.79213186997598,219.18790177541393,3107302
2023-04-03,218.16722106933594,218.81275649725004,215.54143105472454,218.11487914154054,2987734
2023-04-04,217.19891357421875,220.68834568935216,216.9284952728842,218.51617051903176,2654410
2023-04-05,216.08230590820312,218.14979726398192,214.35505213464853,215.8206112559266,3478865
2023-04-06,215.436767578125,216.70168260460474,213.36929126442755,216.70168260460474,2304504
2023-04-10,217.68743896484375,217.85318841725345,213.46523480078324,214.45973151524151,2348045
2023-04-11,217.98402404785156,220.35682807513368,217.69614344533886,218.38529714554892,1720313
2023-04-12,218.0625457763672,221.66537023640177,217.4257189631834,220.70578320403524,2280026
2023-04-13,221.93582153320312,222.34581833537595,218.9872559423625,221.57815165022652,1989792
2023-04-14,219.54554748535156,222.6162289272596,219.06574647182077,221.054709734483,2791913
2023-04-17,223.1047821044922,223.57584450852875,219.21407661502155,219.93812504033792,2945095
2023-04-18,223.4449920654297,227.8940115805939,223.20074471233585,226.41100507553918,3595387
2023-04-19,222.2411346435547,222.98264537714343,219.41471524492195,222.01431959563342,2690393
2023-04-20,216.64059448242188,217.78337821362555,210.51666406253565,213.72692389238725,4211614
2023-04-21,220.54005432128906,220.67963281390442,216.88488759061875,218.31555212502803,2760780
2023-04-24,221.8834686279297,222.20622885731984,220.40918590540628,221.57814069414437,3568090
2023-04-25,202.3775634765625,216.03863992239954,201.5052131268544,213.88392750162012,11653932
2023-04-26,202.7963409423828,203.6774151286058,198.02456146719166,199.5162915353793,8349343
2023-04-27,201.88038635253906,203.18891974829583,199.8478045177849,203.18019609222478,6785258
2023-04-28,206.66958618164062,208.99877201520061,202.15951664814244,202.84867037184097,5297652
2023-05-01,210.8743438720703,212.92437275857034,207.41980653653528,208.65855052637758,4290122
2023-05-02,211.7990264892578,213.44776717122122,207.2627861778746,207.9781108368619,3717324
2023-05-03,214.22418212890625,220.6447171010329,213.85778862081165,215.63739921666013,4828517
2023-05-04,211.39776611328125,214.07589838462218,211.06626719652817,213.9624908604698,2659373
2023-05-05,211.4937286376953,214.27654480790133,209.73156518111867,213.41291789866082,2325485
2023-05-08,208.70217895507812,212.5928842131566,207.28896179722025,212.5143713146702,2826204
2023-05-09,205.1429443359375,207.44595901108784,204.27059393229456,206.64339784092797,3032064
2023-05-10,203.6337890625,207.2802318592089,202.56079449727213,206.1200007427514,3116100
2023-05-11,201.3482208251953,202.3863207667096,200.0309639206125,202.3863207667096,4401794
2023-05-12,198.3211669921875,201.84547877400317,197.7628530394733,201.84547877400317,3978005
2023-05-15,197.9722137451172,199.0364846648069,196.57644392776928,198.20775243555852,3780605
2023-05-16,196.27113342285156,198.1030861629372,195.68666348735033,198.1030861629372,3026198
2023-05-17,196.49794006347656,197.63200027690846,192.98235190034794,196.75964973155263,3453372
2023-05-18,197.52732849121094,197.97223495415247,195.94837676037272,196.5415703627294,4128367
2023-05-19,199.1847686767578,200.2926577716336,197.85006456728314,198.48689133904156,3686642
2023-05-22,201.75823974609375,203.5029558120444,198.67881941819175,199.2720279856801,3530414
2023-05-23,200.6503448486328,203.82571028125895,200.20543843560213,200.92077815851422,4040496
2023-05-24,198.64395141601562,199.3418439418765,194.2821831889829,196.48923827221907,5289305
2023-05-25,201.03419494628906,201.51398098717803,197.7541304856156,198.89691434904617,3965935
2023-05-26,202.56951904296875,203.95656519872136,201.47035350753964,202.82250504264698,3161558
2023-05-30,198.1815643310547,204.4276258407012,198.02453855100686,203.24994750523814,3066130
2023-05-31,200.31015014648438,200.59803080670457,195.067292727525,197.30053374342504,12662026
2023-06-01,202.98826599121094,203.93912944276974,198.94053481172205,200.3886466356481,3013226
2023-06-02,204.67190551757812,205.73617643545916,202.62186156359934,204.61956358645787,2517132
2023-06-05,203.36337280273438,205.09062650456465,201.47035463701275,205.01211360767263,2692762
2023-06-06,204.69810485839844,206.25960932348048,201.95018312346323,202.59571868186657,2300669
2023-06-07,207.20176696777344,208.03049932150543,204.13106990538014,204.65448929609468,3726235
2023-06-08,205.36105346679688,207.70768661600067,203.8867707967474,207.20172964434775,2519050
2023-06-09,205.32615661621094,206.44276942156776,203.74719010403047,206.242125360116,2055893
2023-06-12,207.66407775878906,207.97812935088953,204.3753047417622,205.3261681585024,2465018
2023-06-13,210.47305297851562,210.69986800457238,207.18428014538222,207.3412909177558,2665126
2023-06-14,208.01300048828125,212.70626646967318,207.01851890713397,211.92987624730725,2639182
2023-06-15,212.42715454101562,213.36058575438182,203.31977758773579,204.12233894320795,3187954
2023-06-16,210.93540954589844,214.8871651861973,210.18517521876785,213.72693409053156,7220554
2023-06-20,206.39915466308594,206.9749158927114,199.25457131211388,199.66458309684717,5795890
2023-06-21,207.36749267578125,208.36198947617154,204.28808710172498,205.6838570698302,3126139
2023-06-22,206.20726013183594,209.51349575981814,205.16916007212834,208.17879139308022,2364288
2023-06-23,207.77749633789062,208.49283611352945,204.4102102436023,204.83765436292737,3684048
2023-06-26,207.51577758789062,208.97261302795488,204.66318731059215,207.856000149229,2309580
2023-06-27,203.9565887451172,208.30092447230794,201.40931117372793,208.30092447230794,4814868
2023-06-28,204.80276489257812,205.2999982343633,201.79313381613647,203.68613700388752,2856209
2023-06-29,207.65863037109375,207.67609776990858,202.31368149467417,204.01672281475226,2152337
2023-06-30,209.6062469482422,211.00362393218862,207.5975109572378,208.74161063826023,3722738
2023-07-03,206.8202362060547,209.06476717097266,205.9905496904489,207.50146484529492,1340628
2023-07-05,207.31802368164062,208.05163937333543,203.6324477606103,204.26125906317952,2765856
2023-07-06,204.71542358398438,205.5014415169615,202.52329504551312,205.15209353244492,2867376
2023-07-07,203.56260681152344,206.2350890459072,203.1957913979686,203.38793280506874,2859142
2023-07-10,204.77655029296875,205.74597587431907,202.85515149652565,203.10842877393566,2314205
2023-07-11,207.57130432128906,207.99925561481675,203.67613430894292,204.9337720577366,3302784
2023-07-12,207.95559692382812,210.38353553725153,207.16084523054883,208.73289624873408,3153437
2023-07-13,208.56695556640625,209.85952817330005,207.44905696479356,209.60625086564247,3020897
2023-07-14,210.06912231445312,211.2918253213706,208.7678160050218,209.45777832708757,3282029
2023-07-17,207.64991760253906,209.99925291557662,205.1521093846094,209.73725693912988,3840276
2023-07-18,210.2961883544922,210.64553634877475,207.18703630193446,208.4359403493089,3065904
2023-07-19,212.99485778808594,214.1651584611542,211.44900804542158,211.60621463269436,3692395
2023-07-20,213.4315643310547,216.11276518850522,211.77217632981504,214.6280662229703,2389442
2023-07-21,223.47520446777344,225.099642673863,209.80712872895427,211.90318675550074,8335018
2023-07-24,225.30923461914062,227.06469323170765,220.65423279438454,222.68042106624537,6410311
2023-07-25,223.31796264648438,231.32665940569493,215.29178345708638,216.49701888712792,8281663
2023-07-26,231.32666015625,232.11269306894755,221.86818436426347,222.10399423807274,6502243
2023-07-27,222.94241333007812,231.98168656096678,222.88127743713778,230.75898373434427,4608444
2023-07-28,227.13455200195312,228.01664059995713,222.70661154894609,224.57560816884438,4129946
2023-07-31,222.759033203125,227.74591581532195,222.13895553022027,227.42276891266903,4084375
2023-08-01,222.70664978027344,224.83764271307166,221.40534339205604,222.76778568593002,2920730
2023-08-02,225.21319580078125,225.9904801541565,220.95994356133943,222.01670634547887,2872226
2023-08-03,224.85507202148438,226.627997952983,222.26992708462097,224.57560867515744,2746680
2023-08-04,222.48831176757812,225.64988145978228,221.40534787762252,223.99049330481498,3062858
2023-08-07,223.24810791015625,224.38347382373578,220.8376368896723,222.9948306222549,1433237
2023-08-08,226.2611846923828,226.61053266878207,221.51884604150217,223.57996903788813,1913088
2023-08-09,223.6323699951172,226.90747719134202,223.07342826816054,226.4533248245396,1914329
2023-08-10,224.78521728515625,229.23062544064462,224.2961451226179,224.7153627180957,1917600
2023-08-11,223.07345581054688,224.52323505138625,221.9555571864243,223.16079281494603,1573560
2023-08-14,224.6105499267578,225.2218938651346,220.96864229868004,222.15641040930092,1840219
2023-08-15,222.9075164794922,225.23065074232193,222.25250397581334,223.49267441153208,1734977
2023-08-16,220.77650451660156,222.81142648750608,220.2786836324355,220.89877631271253,1986634
2023-08-17,220.8026885986328,221.78084785994895,219.44898027820494,221.44023359703365,2014382
2023-08-18,219.57131958007812,221.37043207302895,218.444687088503,219.86825040686583,2303827
2023-08-21,218.48831176757812,221.00358729819257,218.26996926801334,220.71537519876708,2671217
2023-08-22,218.0778350830078,220.104023481629,217.51014456535864,218.16517208572307,1933279
2023-08-23,222.58433532714844,223.00355288562452,219.7633956031231,220.3048699173036,1695835
2023-08-24,221.44898986816406,224.38348298340676,221.04725470314077,222.9686386254214,1738699
2023-08-25,223.1695098876953,224.5843542213592,220.38348971931347,222.2000842432803,1557768
2023-08-28,228.38348388671875,228.82888757372544,224.89876750093313,225.51012652727675,2534165
2023-08-29,230.56686401367188,230.84634240765052,227.66730574051468,229.00354677953948,2328418
2023-08-30,230.71531677246094,231.94675330625765,229.19566817003036,231.24805738229682,2037958
2023-08-31,231.44021606445312,234.0515622111192,231.44021606445312,231.44021606445312,3313387
2023-09-01,231.9555206298828,235.46642306017824,230.80268722041546,234.08651344250634,2897719
2023-09-05,227.81578063964844,232.91620124584514,227.6847751413195,232.68039134885308,2415950
2023-09-06,224.4446563720703,228.42716408086082,223.7372265588224,227.51014046624627,2867489
2023-09-07,222.63674926757812,225.7197151604831,222.29613498334658,223.66731078768328,2016751
2023-09-08,216.9075469970703,222.57564364470448,214.2350646216566,222.1564410392779,3582415
2023-09-11,218.48831176757812,218.7153729349396,213.24815190676705,215.73722633743373,2766194
2023-09-12,216.88133239746094,218.18263870104863,214.409725293887,217.85949179216516,2680015
2023-09-13,220.47955322265625,223.35291029517123,212.19137761845636,212.58437906396077,3273456
2023-09-14,221.37911987304688,222.66295872964812,217.52760330324313,222.38348033208905,2132033
2023-09-15,222.92495727539062,227.13455530693048,219.99046432930447,220.76776357909787,6425765
2023-09-18,221.6324005126953,223.37039179153618,221.06471000909357,222.70663058732492,2210429
2023-09-19,222.9075164794922,223.5450615822146,220.20009939562132,220.73285512479197,1994755
2023-09-20,222.23501586914062,224.9860861668976,221.63239059229113,223.1345719023973,1758665
2023-09-21,218.0166778564453,221.24810154427848,217.7546668739274,221.24810154427848,2718367
2023-09-22,216.91629028320312,219.78091420244183,216.66301294928599,218.49707516270496,3108317
2023-09-25,220.1215057373047,220.25251125021862,215.97305795711307,217.68483326148035,2142862
2023-09-26,215.93809509277344,219.72847567729892,215.59748080345963,218.82890460552147,2277319
2023-09-27,216.10401916503906,217.02977623431423,213.16952634176258,217.02977623431423,2532022
2023-09-28,215.8856964111328,218.31363491013894,215.62368541508488,216.112757575522,2641663
2023-09-29,216.68043518066406,217.95554025341266,215.72847698382324,217.66732817490032,3692508
2023-10-02,210.56581115722656,218.36819160051263,205.85679883185077,215.76739811941727,6387700
2023-10-03,212.49668884277344,213.84635352842068,209.52153391802412,209.52153391802412,4817100
2023-10-04,212.86123657226562,214.2305936273209,210.57568276493458,213.02871016522212,3445800
2023-10-05,213.64932250976562,214.2699713750824,209.47229912516718,212.69372649232264,2273000
2023-10-06,214.0039825439453,215.43244605130366,210.10279965532789,211.5805236351163,2696300
2023-10-09,215.12704467773438,215.26496497642555,211.70857545426165,214.26012352832626,1949400
2023-10-10,215.4620361328125,216.8215321097078,211.89578501266948,214.55568543863274,2215500
2023-10-11,213.47940063476562,215.5014559764404,211.87163267397898,214.61373170485922,2444900
2023-10-12,206.634033203125,215.69873350784277,201.93891653805122,213.6372300405941,5081600
2023-10-13,206.57484436035156,209.04076198897116,206.09153413763286,206.88063078894447,3365600
2023-10-16,207.5809326171875,208.87307098203627,205.3418753078242,206.7326563932062,3088700
2023-10-17,209.05062866210938,209.6523131464413,203.70452121890148,204.16811492244082,2643900
2023-10-18,202.00794982910156,207.32446696805795,201.93889691978654,207.08773348710412,4346800
2023-10-19,204.473876953125,207.4033880733012,203.71437016806604,205.6279245079269,3793700
2023-10-20,203.02389526367188,206.34794680924074,202.95484235819922,204.46398246973882,2926100
2023-10-23,201.26820373535156,203.55656751239528,200.24237355365463,202.15592807844916,3917500
2023-10-24,194.15646362304688,200.21275599411277,189.8065818331181,191.29600553553857,5925600
2023-10-25,190.02359008789062,191.14804782774084,180.75174662251268,190.20114396826986,7514900
2023-10-26,191.03953552246094,192.61772859561128,187.1236727442939,188.13962945550142,3409600
2023-10-27,185.3186492919922,190.80284777425243,184.30269241743943,189.63892680924712,3966200
2023-10-30,182.57655334472656,186.69956053319495,179.60757878815932,186.27542991126666,5493600
2023-10-31,189.4021759033203,192.43031445274593,186.1767519337507,187.4294421079958,5208200
2023-11-01,187.4097442626953,189.21479781615963,186.2852863991498,189.21479781615963,3766300
2023-11-02,190.34913635253906,191.03959037625785,188.34681215837014,189.6784138868605,2535900
2023-11-03,195.1724395751953,197.2734061671204,193.3180797917456,193.3180797917456,2930400
2023-11-06,192.8544921875,195.0738180771271,192.45007807987278,194.93572729046988,2362600
2023-11-07,195.54727172851562,196.20813585966496,192.72626130482766,193.05176424418786,2212500
2023-11-08,194.13674926757812,197.70739279091475,193.58437113593936,196.27716373134592,1611900
2023-11-09,192.8544921875,196.6322798412684,192.6374902297862,196.04045358372773,2316900
2023-11-10,194.31431579589844,194.5017279502203,189.72771486975395,193.1898579207346,2110000
2023-11-13,193.30819702148438,194.46224458494942,191.1086028646629,193.32792857534932,1683000
2023-11-14,200.7454376220703,201.8896120264169,197.6285139550078,197.6285139550078,2900000
2023-11-15,205.32215881347656,206.79183601443137,201.36681750171468,201.9389121691476,4110600
2023-11-16,206.25921630859375,207.087761025966,204.46402103685372,206.39730709482245,3499300
2023-11-17,204.94735717773438,207.15682492527836,203.48753806725466,207.14695162167422,2474400
2023-11-20,208.15301513671875,208.9125218983547,204.79937354503292,206.12110163875198,2568500
2023-11-21,214.88992309570312,218.54935142212344,210.697863192104,211.50667633534098,4614100
2023-11-22,218.2830352783203,218.88471979216112,215.9354768389468,215.9354768389468,3727100
2023-11-24,218.3915557861328,219.3483331322327,217.58272749323666,217.96741008233477,1276500
2023-11-27,217.00076293945312,218.95376559169327,215.94534291351553,217.49394649158825,2048900
2023-11-28,215.7776336669922,217.41500645490066,213.80489972033587,216.63578316830828,1911500
2023-11-29,219.4864044189453,222.2876832828597,217.40516930122172,217.78985185612007,2240200
2023-11-30,220.26559448242188,220.47273815794458,216.67521949589135,219.8907702366021,3543400
2023-12-01,220.43328857421875,220.73905993003223,217.51365074054908,219.3680104292531,3134000
2023-12-04,219.1017303466797,219.81191586795134,216.66540238774425,218.97349780649333,2246800
2023-12-05,216.44837951660156,218.3027543153656,214.1106945144586,218.3027543153656,2674400
2023-12-06,217.7504119873047,218.63815147466488,216.3990937747155,216.90213561534821,1909600
2023-12-07,215.93548583984375,217.06981704640899,213.92330355848287,214.04166279539595,2767500
2023-12-08,214.52499389648438,217.0007699903707,212.73965673710023,216.01440285405087,2527500
2023-12-11,218.3323516845703,218.67757112026115,214.98856800016839,215.09706897727503,2591500
2023-12-12,216.754150390625,219.02279752318296,215.5014600740392,218.94388635631174,2892000
2023-12-13,223.76724243164062,223.76724243164062,216.1623454165219,217.00076347753762,3749700
2023-12-14,226.12464904785156,229.57693376613938,223.4910507974212,227.62393119686558,5922500
2023-12-15,224.13218688964844,226.77565848473265,222.4060445033801,226.65728420086685,7886300
2023-12-18,223.36279296875,226.66712827379587,223.16552258876933,224.9804341658159,2307900
2023-12-19,226.01612854003906,226.075308150545,222.65261353580476,224.1124474985246,3087000
2023-12-20,223.7178955078125,229.18237708316738,223.60939453643857,225.96681105013954,2676600
2023-12-21,227.2096405029297,228.01845360240844,224.89167207309805,225.38485556448643,1743800
2023-12-22,227.21949768066406,229.5473243510467,225.26649527821021,228.47218795708483,1577000
2023-12-26,228.2453155517578,229.0541437082304,226.3810825419855,226.94331895086512,1461700
2023-12-27,229.6854248046875,230.54355929556377,228.16642621671764,228.3439650558922,1683400
2023-12-28,230.1890106201172,231.26525637717756,229.63607757305113,231.04803052778797,1501900
2023-12-29,228.42160034179688,230.89994587915993,227.99703210157892,229.70520361936423,1407600
2024-01-02,231.82803344726562,232.28223701171825,225.98271817505355,226.96023439442033,2764000
2024-01-03,227.8982696533203,232.5587268360155,226.9898774995808,232.38100481446222,2425000
2024-01-04,229.68540954589844,230.30746668871546,227.09846661695414,227.43417377778172,2719400
2024-01-05,227.3848114013672,230.10011927224292,226.14071212803196,227.96737981313893,2236700
2024-01-08,231.89720153808594,232.1440477453322,225.37058721584273,226.0222648188841,3123200
2024-01-09,227.95748901367188,238.50276489577584,223.6524913428861,231.2652336131824,5255800
2024-01-10,226.74301147460938,228.16484778780855,223.54387976991117,227.65140354886572,3334500
2024-01-11,225.084228515625,226.7035388617966,223.34642175738554,226.08148166389995,2440500
2024-01-12,222.39854431152344,226.61466630453964,221.89496845158098,225.88401123920428,2795500
2024-01-16,223.88946533203125,226.69363407132676,221.97393673512153,222.16154222583035,3267400
2024-01-17,221.74685668945312,226.2493284896378,220.66072749805122,222.69473755986317,2225800
2024-01-18,223.4550323486328,224.62015414632444,219.72271933277992,220.87795764089677,2867300
2024-01-19,228.13523864746094,228.7474123421228,221.89496009251386,223.73149624279435,3258200
2024-01-22,229.0436248779297,230.32722797212324,225.89386534564443,227.85876627801812,2276200
2024-01-23,229.1719970703125,230.30748345956513,227.62179584478665,230.15938177967828,1890200
2024-01-24,225.7259979248047,229.95200288081878,225.54826085924856,227.81924849190693,2106300
2024-01-25,224.5214080810547,229.1818651066982,223.76111763756376,228.41170623999648,3468300
2024-01-26,230.06063842773438,237.54501636994829,229.9322735936633,233.55597368712327,6343900
2024-01-29,230.97889709472656,231.06777316867073,228.23396881673258,229.9816439653084,3127700
2024-01-30,241.85986328125,242.30418335365167,235.45174664381946,240.9712231364466,6158400
2024-01-31,236.88348388671875,245.64158197910527,236.57739701849675,242.50170564100037,5077100
2024-02-01,242.03761291503906,242.20546650371386,235.69860503849088,236.34039905791187,2711700
2024-02-02,243.22251892089844,244.74308500456772,239.0952422944288,240.92191034611304,2819500
2024-02-05,242.7189178466797,246.0858882740786,240.03323021686865,241.7710218912131,2644200
2024-02-06,245.06887817382812,245.32560783683954,241.33656523373608,242.590548014376,2443100
2024-02-07,243.528564453125,246.737564763015,243.12373310581268,244.79241567756267,2300700
2024-02-08,242.76828002929688,243.68655566753253,241.00086798240872,243.3409649836846,1774400
2024-02-09,239.8851318359375,244.13088944829758,239.81602273507735,241.9092736696983,2538300
2024-02-12,243.71617126464844,243.96301744365493,238.6410144269267,240.68489295462703,2284800
2024-02-13,238.4830322265625,243.0941170998757,235.39251320569684,241.88950652601795,2189400
2024-02-14,244.86155700683594,245.33549748265517,239.27295553633556,239.95425344511725,2838100
2024-02-15,245.8193359375,248.52476075162852,244.41723620897136,244.41723620897136,2360900
2024-02-16,246.84616088867188,249.14676891610958,245.14785809645429,245.67117075223476,2152200
2024-02-20,244.64430236816406,247.62619320510666,243.7062899508134,245.52307411629386,1982800
2024-02-21,247.4879608154297,247.58670530867073,242.95586880874095,243.20271497554918,1545400
2024-02-22,249.54173278808594,250.22303064654096,246.09576980299443,248.24826123248923,1826000
2024-02-23,250.6377410888672,251.7831110137032,249.3936417289012,250.79572626462988,1351200
2024-02-26,248.47537231445312,251.1117029189903,247.2806451752126,250.12431814513386,2506300
2024-02-27,251.6448974609375,252.36568416565208,248.19891899290752,248.93945761271334,2265200
2024-02-28,252.48414611816406,253.32341406624707,250.34150807905306,250.85495233724748,1945000
2024-02-29,249.94656372070312,253.84673029374918,249.78857855192936,253.53075995620162,3466700
2024-03-01,252.64212036132812,253.14569620473046,248.29763367356472,249.76884231203985,1908700
2024-03-04,252.95809936523438,255.73264807856833,251.63500742737972,253.28392307162764,2888700
2024-03-05,251.1807861328125,254.7057415777356,250.97342872250198,251.94107654889177,2277800
2024-03-06,249.70956420898438,253.83682468607762,249.0677702329195,252.25701833488188,3733100
2024-03-07,250.91421508789062,252.62240160240623,250.11443582792356,251.595512995654,2857200
2024-03-08,250.4896240234375,252.6124950770867,249.76883741943166,249.90707067316285,1786000
2024-03-11,249.61085510253906,250.7957137289444,247.5768450317225,249.314636679364,1360800
2024-03-12,249.9070587158203,252.19778324894597,248.8307980065221,249.6404606441323,2221800
2024-03-13,252.12867736816406,252.45450104557122,249.90706189716857,251.1807814713699,2249300
2024-03-14,250.0255584716797,252.7704867711566,247.37935960382072,250.66735250922906,2635500
2024-03-15,246.25375366210938,250.55875182788236,245.9970390478081,247.54724035625858,5793300
2024-03-18,248.2976531982422,249.7293581238614,246.8264444440798,247.23127582201857,3868300
2024-03-19,250.53900146484375,250.88457707318824,247.0436511581471,247.8335619385409,3211300
2024-03-20,248.50498962402344,250.54888331282095,247.0732847326379,250.10456318325933,1651300
2024-03-21,250.90432739257812,252.14842669404868,248.3272527160146,249.07765966616105,2313200
2024-03-22,251.5856170654297,253.2740514812131,250.35138622726168,251.7830909862777,2310400
2024-03-25,244.67391967773438,251.56586032728356,243.08422978601965,251.0721680014876,3372400
2024-03-26,245.3256072998047,246.31299199219234,244.15061710525623,244.15061710525623,1962900
2024-03-27,245.89894104003906,247.361856085645,244.22844297532168,246.9565842899955,2665300
2024-03-28,246.8379669189453,248.1624982744911,244.34704617490942,245.4738887596208,2560200
2024-04-01,244.93023681640625,247.15426945601547,243.82316761781604,246.83797043471256,1728900
2024-04-02,243.10157775878906,243.43765015593038,239.78035534056306,242.17242400448097,2955600
2024-04-03,241.52003479003906,245.2366497651364,240.966500240391,243.16088012127096,1898600
2024-04-04,239.10821533203125,244.27786652947185,238.93029995970878,243.63535915870514,2693800
2024-04-05,241.4607391357422,243.2597415752967,239.24658576767956,239.33555853161306,2280800
2024-04-08,241.43109130859375,243.15101525986313,240.9072092873947,241.71773775912888,2426000
2024-04-09,246.91705322265625,246.97635834750628,242.69632920614873,243.7243349791722,1602100
2024-04-10,243.0323944091797,243.40801363231054,240.62055218574545,241.99452458979005,2229400
2024-04-11,241.1839599609375,244.12956311763645,240.26470046798835,243.4672974965184,2081200
2024-04-12,237.1807098388672,240.37342786002836,236.24167690119458,239.5826728068425,2684800
2024-04-15,236.89405822753906,240.452501137319,235.41136991112606,239.56289418054538,2824000
2024-04-16,237.56619262695312,238.55465146129944,235.77708455001584,238.31743099397463,3225300
2024-04-17,236.6271514892578,238.0604137324821,235.27296775994247,237.6452628464734,2988500
2024-04-18,233.6321563720703,235.688152783444,228.0770219388395,229.57946867267347,4261000
2024-04-19,232.7919158935547,235.05549488815868,231.3191220019444,235.03572148991293,2351300
2024-04-22,233.3553924560547,235.97480265990075,231.7639729314482,233.236782207635,2820300
2024-04-23,250.18881225585938,253.75714919540678,246.70943299016895,251.78023155760067,6876700
2024-04-24,247.52000427246094,251.1575258950439,245.11804122964833,246.1559261226492,3344900
2024-04-25,242.9632110595703,247.7473487209635,242.44920818636774,247.0455362354742,2943500
2024-04-26,243.7341766357422,245.23663825906925,240.86763702000735,240.86763702000735,2710400
2024-04-29,243.971435546875,246.0966161715287,242.89400387151102,243.40800672816013,1616200
2024-04-30,243.77369689941406,244.14931605827024,241.46070699870614,243.65508667353689,3941000
2024-05-01,244.04061889648438,246.64027064782724,241.7276286744176,243.417884958741,2310400
2024-05-02,243.9912109375,246.56121031788115,239.85945964190498,246.11640679353863,2780600
2024-05-03,245.51341247558594,246.84782286524668,244.73252154259737,246.66001327167513,1787600
2024-05-06,244.5447235107422,246.6699191752251,244.06038830724847,245.83961732693382,1741100
2024-05-07,245.8890380859375,246.2251255851006,243.3585856374524,243.6946580539292,1683400
2024-05-08,246.66989135742188,246.93677945094822,245.28604001697903,246.42277666263038,1471300
2024-05-09,248.52821350097656,248.62706542385746,246.12626561836603,246.73910530870734,1604300
2024-05-10,250.4557342529297,251.95818100144737,247.93516090709448,249.1311877935156,1520800
2024-05-13,248.7061309814453,251.8098911562761,248.7061309814453,250.08008817482965,1305500
2024-05-14,256.26788330078125,256.79176535048566,249.61554354496448,251.36512015242877,3096700
2024-05-15,260.4193420410156,260.97287654524195,256.7422741684447,256.99928310446694,3073100
2024-05-16,261.7834777832031,262.30735984627404,258.53143922884794,259.4309405381536,3448400
2024-05-17,262.7323303222656,262.87072903013876,260.1425731582894,261.9712279250671,3187400
2024-05-20,264.0272521972656,264.5511643926625,261.99102920016304,262.57424651855337,1757800
2024-05-21,263.47369384765625,264.24469054242115,261.6747216701182,264.15573286595253,2561200
2024-05-22,264.1063232421875,265.8756730346637,263.4835893385837,264.3040270788577,2533600
2024-05-23,258.38311767578125,264.1063024276476,258.0865921095158,264.09640818698284,2901100
2024-05-24,259.7472229003906,260.0931895409595,257.83950450446616,259.15414154018265,2089000
2024-05-28,255.7241668701172,260.7653127667978,254.28102547311332,259.52973927081575,2881300
2024-05-29,252.9762725830078,253.51994306335993,250.54467219735048,250.54467219735048,2931700
2024-05-30,249.8231201171875,250.75225885948265,245.66170130689528,246.07685225541525,3450900
2024-05-31,253.8362274169922,254.0141729404427,249.82310187434993,250.16905343151083,4801100
2024-06-03,258.3634033203125,258.55121293269235,253.72752846490587,254.27116881734884,3003200
2024-06-04,260.2908630371094,261.18050015949046,256.99930824656093,258.3732805661802,3119800
2024-06-05,264.7586975097656,264.99591797054705,259.56928877258946,260.95312506942935,2552000
2024-06-06,264.88720703125,266.00414016563633,262.5050176409234,264.33367250196085,2405900
2024-06-07,260.04376220703125,264.6401203669295,259.7867833975113,264.4918273950314,3626800
2024-06-10,261.6154479980469,262.574254402393,258.85763903455654,259.35186851792315,3115400
2024-06-11,258.2348937988281,261.52644874175843,257.2859816784458,261.05200776425346,3444700
2024-06-12,261.5561218261719,263.0388103279606,257.56276918042397,258.40296536451257,3311200
2024-06-13,252.06687927246094,260.4589001177872,249.51665369667958,260.4589001177872,4945500
2024-06-14,251.9087371826172,251.9284954995527,250.03065636850124,250.66326941218506,3097200
2024-06-17,251.19705200195312,252.29424192712256,251.04877412506343,251.33543563743913,3366800
2024-06-18,254.53807067871094,255.3980251279782,251.06857015475543,251.97795056744084,3162200
2024-06-20,245.6913299560547,248.86428950885636,244.3470253133917,247.50021146599215,6112100
2024-06-21,252.01748657226562,252.16574937348054,246.6007209666986,246.96646101417167,6729000
2024-06-24,253.7967071533203,255.30904800612134,250.00101365900443,252.0075839429871,3122500
2024-06-25,251.20692443847656,254.43918900980893,251.0784199651479,253.1838571653084,2524100
2024-06-26,250.6632843017578,252.79835910702238,249.29922130063233,250.25801254023634,2460900
2024-06-27,248.8544158935547,250.15918892664575,248.13284509459842,250.02080527913787,2409200
2024-06-28,247.2316131591797,249.97257307734583,245.3911050937776,247.50867759062695,4638300
2024-07-01,241.9475555419922,247.67688540777783,240.65128661970536,247.36023172657994,3925500
2024-07-02,237.89053344726562,239.9784214848868,236.36666402135057,239.6320834065756,5067900
2024-07-03,237.4848175048828,240.51274651224958,237.4848175048828,238.38528439498623,1935800
2024-07-05,236.74269104003906,238.89983767540804,236.00055094273486,238.4644615013812,3932300
2024-07-08,238.1280059814453,238.17748500621187,235.4563047317147,236.95048974572083,2489800
2024-07-09,237.2770233154297,239.3451318447257,236.21824463673255,239.3451318447257,2064200
2024-07-10,239.66175842285156,239.8398798872313,237.43533826081227,237.87072950832044,2108200
2024-07-11,243.68911743164062,246.08375424386085,239.47375217389367,241.1559484104119,2815400
2024-07-12,244.11459350585938,245.64835260433267,242.2246065851528,243.3526588390786,2546200
2024-07-15,243.64952087402344,244.84684679370673,241.20540511061134,243.81773747286064,2869200
2024-07-16,249.4976043701172,250.04184346007514,244.48074517458193,245.40099164579178,2754000
2024-07-17,248.61692810058594,251.88234748944402,248.28049488629017,249.83403361046697,2718500
2024-07-18,242.22463989257812,252.7828335731543,239.34514762402807,247.02381883829457,4266900
2024-07-19,240.9877166748047,242.679802676422,238.47434228345648,242.42253288797798,2982600
2024-07-22,248.26071166992188,248.63673416135072,242.61054492802987,243.53080652576904,3314300
2024-07-23,261.4114074707031,270.1192022928161,260.79790985278225,267.170421583407,7523300
2024-07-24,262.9748840332031,265.4585590686721,258.8584765963367,259.1355410296951,4080200
2024-07-25,267.25946044921875,273.4142762246203,261.6192144143827,262.5988295777598,4250000
2024-07-26,271.0394287109375,274.80949752136763,268.34793308428686,269.05048383380756,2810100
2024-07-29,268.8031311035156,270.3764644503626,265.28044193741346,269.24842723089523,2176400
2024-07-30,272.3060607910156,273.3549497661528,268.9120138205669,270.3666096932963,2953200
2024-07-31,274.1762390136719,277.3229361458522,270.5941807829181,272.6128104115743,2887200
2024-08-01,277.81768798828125,278.7478393484868,275.33398273946017,276.33340775787985,2132400
2024-08-02,273.8497009277344,276.5214174061327,269.28802754089924,276.5214174061327,3108800
2024-08-05,266.49755859375,270.4061448409724,262.9847441462703,266.37882101427584,2632600
2024-08-06,266.1512451171875,271.1978040954958,265.88408553868203,268.1896542805507,2763600
2024-08-07,260.5505065917969,268.18960213542846,260.1547046346781,267.1703977519146,2805300
2024-08-08,265.82470703125,266.63609060224525,260.68909504774194,262.3118923874909,2265100
2024-08-09,265.30023193359375,267.55636685704,263.9149097683044,265.59710609614325,2017800
2024-08-12,264.3998107910156,265.4684793251421,261.5103985061015,265.42889006157884,2099800
2024-08-13,265.8940124511719,267.4178822894351,264.3305835401598,265.2508302447004,1858000
2024-08-14,265.2705383300781,266.22049937995524,263.0243385470974,265.66637053307227,1357700
2024-08-15,266.5074462890625,267.8631142483522,264.1820981159143,267.17043807054745,1653500
2024-08-16,266.49755859375,266.883455727041,263.94457984402874,266.0621673371736,1746500
2024-08-19,268.4271240234375,269.4166441874609,266.38871490137,267.17044428632096,1603000
2024-08-20,268.8130187988281,270.8316481441252,268.2390802625181,268.9911251593015,1409500
2024-08-21,268.2588806152344,270.8811026008608,266.8933381704825,269.1593474476106,1455100
2024-08-22,265.02313232421875,269.37704454832004,264.4492240025441,269.37704454832004,1662800
2024-08-23,266.6559143066406,267.8928145563597,263.5290268516195,266.4283137894987,1464000
2024-08-26,265.26068115234375,267.49697621836367,264.57790981424756,267.10117418703123,1252200
2024-08-27,266.0028076171875,266.72513798286974,264.37010544823505,265.8543856377841,1552500
2024-08-28,263.271728515625,266.15123577391404,262.43063034914053,265.22108441772065,1693000
2024-08-29,264.2216491699219,265.72573906521734,262.2327342812726,264.2315540343143,1904000
2024-08-30,266.4876708984375,266.4876708984375,262.8066547087996,265.4882458772126,4600100
2024-09-03,261.4609069824219,266.3788230889917,259.8380795229509,264.2513307150682,2325500
2024-09-04,261.7181396484375,262.3415420908249,258.3438727665386,259.4917196100566,1732800
2024-09-05,261.9358825683594,263.17278281307875,258.8485843891814,261.5598600623231,1764100
2024-09-06,263.4102478027344,267.2792446009089,262.29208532132753,262.73735122249275,3324700
2024-09-09,270.22802734375,270.3170805246884,263.48939820627834,264.81535145206476,3223900
2024-09-10,271.8409118652344,272.14766062262254,267.59586298062726,270.1389364059753,2267600
2024-09-11,269.1297302246094,270.91085460714214,265.5179571303019,270.91085460714214,2536300
2024-09-12,269.6343688964844,270.1687182980293,264.75604120945553,268.93181795966933,2606500
2024-09-13,271.3758850097656,272.028971893684,268.4666935258368,270.0400268471033,2248500
2024-09-16,273.1372375488281,275.36365781909825,272.6127930930748,273.7903244518383,1904500
2024-09-17,269.61456298828125,273.53305442152123,268.2193359193623,273.00860993726883,2158500
2024-09-18,269.050537109375,272.9789335225125,265.2310036213839,268.83284145684246,2477900
2024-09-19,273.532958984375,275.3734815684806,270.7326311563242,272.55334401729783,3294000
2024-09-20,269.77288818359375,272.39511058875706,267.4277302175089,272.39511058875706,9267300
2024-09-23,270.28741455078125,272.02897962405444,268.9812407458263,270.86135313072697,1954600
2024-09-24,271.326416015625,272.84038051895794,268.1995289621371,269.68380907119905,2834400
2024-09-25,265.0726318359375,273.31532044136145,264.0633020735658,273.27576138234076,2535400
2024-09-26,274.0278015136719,276.9666774986759,268.0709012205198,269.99057268265756,2713500
2024-09-27,272.81939697265625,276.92990678329977,272.76988477612394,274.8498806660987,1337400
2024-09-30,275.3748474121094,275.6818955876695,271.1355694560379,273.1066567251949,1500600
2024-10-01,271.94781494140625,275.9691854052204,270.4224581432324,275.9691854052204,1367200
2024-10-02,271.303955078125,272.9778784117569,268.45135128525584,271.8784235124432,1111700
2024-10-03,267.94622802734375,270.69977755079714,267.00528458241723,270.263961347612,1332000
2024-10-04,267.46087646484375,269.96680430258294,266.0940012393083,268.9763185133227,1132700
2024-10-07,266.2326965332031,267.92641885048226,264.9252479741113,265.9454471769112,1153200
2024-10-08,266.25250244140625,267.7778591342027,263.96448251582643,264.4399266119165,1431900
2024-10-09,266.6684875488281,267.90659472794556,264.28141328022264,267.21324261674937,1508000
2024-10-10,263.91497802734375,266.5595584318654,262.974004339005,265.8166940128287,1531700
2024-10-11,267.75799560546875,269.56068689879964,264.57854485780763,265.0936167857455,1747200
2024-10-14,268.976318359375,269.719182700895,266.31190916961185,267.82735121722345,1901400
2024-10-15,270.08563232421875,272.8986080735238,269.22391460507555,269.7884987063158,1905400
2024-10-16,265.47991943359375,269.2338692442155,263.76636804247573,268.4216635979818,2820000
2024-10-17,269.392333984375,276.75163609322055,268.39193367141814,274.8598046215312,3222100
2024-10-18,271.7695007324219,272.8887545313943,268.7287020484793,269.93709594287054,1949800
2024-10-21,269.501220703125,271.6010453187172,267.71835873103913,270.5016208222826,2359600
2024-10-22,258.7941589355469,266.67841836365244,258.1305200718139,261.51799520467483,4496400
2024-10-23,253.56436157226562,258.3979370510933,251.7814841322379,255.98114931167947,4717000
2024-10-24,245.64048767089844,253.26722559602197,245.46220747470448,252.82150999192268,3989300
2024-10-25,243.0552978515625,247.99782719032368,242.56005497602538,247.91858651660417,3226900
2024-10-28,241.79736328125,244.9966429612643,240.71773749983194,243.77833467333264,2031600
2024-10-29,240.3809814453125,242.609574311978,239.4598218680122,240.86630977467422,3547200
2024-10-30,240.0145263671875,242.0945374795101,238.80613248181314,239.83623106406617,2553300
2024-10-31,243.32273864746094,246.13571461580287,240.0343186262284,241.56957459725894,4948800
2024-11-01,245.4027557373047,250.54337944429017,244.9174273692631,246.5913507851454,2638500
2024-11-04,244.8282470703125,249.0774391695596,243.64958178756672,246.41303022927696,1836200
2024-11-05,247.69076538085938,248.43362965324206,242.98595832243555,243.32271983198208,1697300
2024-11-06,245.4027557373047,250.53348002721657,242.81758720139462,249.6717622197845,2930300
2024-11-07,243.75857543945312,247.6610770203775,243.40199992640856,247.32431545628395,2528000
2024-11-08,243.0552978515625,244.7787484993324,241.79737671588654,244.6995078256129,2941100
2024-11-11,240.9356689453125,243.8080716971595,239.1329775490288,242.66901908160972,3475300
2024-11-12,237.3203887939453,242.1836622796159,237.01332551982915,242.1836622796159,3077000
2024-11-13,239.23202514648438,239.7569813918252,236.69638401118976,237.32039487828345,2133700
2024-11-14,237.1024932861328,238.6476487006125,235.05218044595597,238.30097262860914,3154300
2024-11-15,228.30697631835938,235.17103564033766,226.82124762214445,233.90321502865672,5435800
2024-11-18,227.87115478515625,228.5347784402101,226.07837795210415,227.8117280568848,3932700
2024-11-19,228.64373779296875,229.7035648504823,226.55381215638167,227.47497180683507,2608200
2024-11-20,230.8822479248047,231.50624370668055,226.71229602251034,227.31649297002534,2662100
2024-11-21,232.81369018554688,232.9424430622191,228.1881233157073,231.69443639580183,2537000
2024-11-22,233.59616088867188,234.67578675310398,232.2590141643683,232.2590141643683,2330100
2024-11-25,235.41864013671875,237.1024779620634,233.20986119921656,233.92301213113336,4460500
2024-11-26,234.32911682128906,235.8346593691529,230.9317428937504,235.2403618831608,2377700
2024-11-27,236.55772399902344,238.6575490459858,233.42778526265832,234.99275463084086,2271400
2024-11-29,237.4095458984375,239.3112768374514,236.0327712289299,237.25106454178282,1931400
2024-12-02,238.99432373046875,239.28157309015302,235.93372608592384,237.1322206125787,2520200
2024-12-03,238.5783233642578,239.37071507199963,236.59735165171068,238.37032979806463,3035300
2024-12-04,234.0121612548828,237.19162720857818,231.96186358166565,236.68648490963793,4167500
2024-12-05,225.70199584960938,233.5070288397615,225.03837217300915,232.76416448502206,5335700
2024-12-06,227.9305877685547,228.81211952720486,225.84066212317768,226.27647829394655,3099500
2024-12-09,233.66551208496094,234.08151431334426,227.1084857168639,227.3957350666424,2625300
2024-12-10,232.1104278564453,234.93331829946925,231.6746117067112,234.67578233083734,2753300
2024-12-11,233.1603546142578,235.45828895770725,232.11044206939746,233.5565580081012,3370000
2024-12-12,232.2689208984375,234.17065182734112,231.18929499999356,231.97177213469325,3996800
2024-12-13,232.6552276611328,233.25942465225015,229.79272407355427,231.90246383351743,2417900
2024-12-16,231.9519500732422,234.57674642861926,231.4567071888631,232.53634816315568,4474400
2024-12-17,231.3081512451172,235.69601126611207,231.0407158431659,231.90244877976133,3211100
2024-12-18,226.12789916992188,232.1005270180716,225.9198905129636,228.69325362859973,5221600
2024-12-19,224.0082550048828,228.87154353780997,223.69129231861524,225.92979972794487,4550000
2024-12-20,226.37550354003906,228.61399571965563,223.2752785478346,224.80063494756175,7073600
2024-12-23,226.97972106933594,227.4452505870206,224.60254617004136,225.7713272294242,2798800
2024-12-24,228.55459594726562,228.80221739466245,225.8307600259006,226.35571628529274,988300
2024-12-26,229.0795440673828,229.28755272579556,226.98961852106487,227.14809986903524,1512400
2024-12-27,229.16880798339844,230.20011051649763,227.48300200869815,227.48300200869815,2130400
2024-12-30,227.7309112548828,228.63331042198604,225.6782171905269,227.55242269766845,2008000
2024-12-31,227.6317596435547,230.06128309829393,226.7591085553107,228.53415882514534,2077900
2025-01-02,227.8895721435547,229.9125331957731,226.65994398561585,228.92088977484033,2760600
2025-01-03,232.8775177001953,233.95840530634675,227.6416420897496,228.15730086190342,2381100
2025-01-06,236.20947265625,238.22250769946513,231.74707701993063,232.19331355730685,3674500
2025-01-07,237.10194396972656,241.11808765125713,236.0111301727198,236.0111301727198,2989300
2025-01-08,236.1003875732422,237.38952709647873,233.53203464537944,236.61604640879247,2527700
2025-01-10,233.1056365966797,236.7152182042781,232.54039255857694,233.58162122315463,2863300
2025-01-13,237.87542724609375,238.9563149370002,232.05447011043515,233.08578773561086,3301800
2025-01-14,235.63430786132812,240.1264514052494,230.1108618041757,239.15464507703263,4137600
2025-01-15,235.9813995361328,239.67031448269992,231.01327116143486,236.98295400108364,4128600
2025-01-16,239.8785400390625,240.08679181744998,232.63955509378107,235.73347775820335,3148900
2025-01-17,236.36813354492188,241.0189437503158,236.17971886825978,240.14629267157696,3075300
2025-01-21,242.07008361816406,242.44691297184778,237.00278497434022,237.94484322727126,2338100
2025-01-22,242.13949584960938,244.1922051006775,240.47354207883978,241.40568936398503,2049900
2025-01-23,243.6071319580078,243.79554663327445,239.77938766090497,242.8832213497436,2512100
2025-01-24,243.74595642089844,245.46149530608017,242.97247576139324,243.5476307625367,1911300
2025-01-27,248.4959259033203,248.66450347230267,244.4004487869514,245.451588411946,2748500
2025-01-28,245.76890563964844,256.07209546961053,245.12434345851597,255.51677756624508,4273700
2025-01-29,221.86036682128906,233.77001337299123,221.13647139831224,233.05602893644968,11407400
2025-01-30,221.2158203125,227.07643667179843,219.4903552804078,223.11977390069927,6668000
2025-01-31,220.878662109375,225.59887936891064,220.51174375256102,221.43398000681708,4785800
2025-02-03,212.46951293945312,218.10205541257395,212.24143919045088,216.17826476385446,5787800
2025-02-04,213.21324157714844,213.35207104763063,208.28477267811405,208.74093529899983,7520600
2025-02-05,210.35731506347656,214.6312956107206,209.16733090233,214.551962324559,5112600
2025-02-06,208.2550506591797,212.51912083108428,207.35266655371004,211.22007023794947,4367100
2025-02-07,205.03219604492188,209.02851797242258,204.07030067961492,208.61202953558015,5230600
2025-02-10,201.7994384765625,205.25035338426875,201.30361676040388,204.12980659501926,7038700
2025-02-11,199.93515014648438,201.4027933660865,198.0807817128835,200.55989037011608,6509700
2025-02-12,200.49044799804688,202.24566098845006,195.15541699092333,197.79319196971647,7207800
2025-02-13,201.888671875,203.93145481449176,199.56822999992355,200.93670270478884,7198800
2025-02-14,204.5760498046875,205.41893767096002,202.22584450395485,202.3944372084878,4791700
2025-02-18,202.82081604003906,205.53792430481442,201.0854401529396,203.72321513283723,5589000
2025-02-19,203.26707458496094,203.86206672047084,199.52858959130762,201.75978740255198,4572700
2025-02-20,206.21224975585938,209.2962614510474,203.9413929422534,204.84379210168376,4718400
2025-02-21,208.47320556640625,211.85471348097832,207.65013965829382,208.850034932628,6217000
2025-02-24,209.37559509277344,210.92255643651706,206.21225010154683,207.85838184169577,4878100
2025-02-25,208.65170288085938,210.36724182028783,207.69971850683163,209.13759848951833,5209500
2025-02-26,207.68980407714844,210.22840885744137,206.51965695203583,208.3145442851017,4746900
2025-02-27,203.99098205566406,208.23521483817632,202.44400555354386,206.20234272648145,4494000
2025-02-28,206.02383422851562,206.36100449556528,203.22740761523565,205.3197758644793,3819000
2025-03-03,203.9711456298828,207.73939380268783,203.14807974264625,207.70964570940157,3223000
2025-03-04,204.18931579589844,206.5196689316244,200.698726454878,203.96122689740594,5652400
2025-03-05,208.80044555664062,210.05983699387164,203.22741412569016,203.72323585815988,5137100
2025-03-06,213.01492309570312,214.34372166238268,207.9079654760806,208.95910509244734,5829400
2025-03-07,210.29783630371094,213.33226287721072,208.02696430162806,211.557212606256,5937300
2025-03-10,203.51498413085938,209.4549339348025,203.02908851691856,207.44189891090306,5709600
2025-03-11,203.89183044433594,206.13293941483863,200.9565588854314,203.4555048623507,4400800
2025-03-12,203.2472381591797,207.00555999180776,202.18617245692704,203.80255604282397,3316400
2025-03-13,202.38450622558594,205.09170371381416,201.52178127399569,202.35475813286064,2456200
2025-03-14,208.97894287109375,210.14907486099918,203.3959854918532,204.4074660319816,4183000
2025-03-17,210.8234100341797,211.99354207830783,209.0880339430794,209.60367765848568,3156900
2025-03-18,211.00189208984375,211.81504698189332,208.7706943272449,211.81504698189332,2467000
2025-03-19,208.50294494628906,210.6250613097538,206.90639839728442,210.2085728793106,4125300
2025-03-20,208.49302673339844,209.88132145342846,205.7660073587642,208.48311574656879,2651200
2025-03-21,209.59376525878906,210.7837344012703,206.64858293066277,208.969025028193,6457700
2025-03-24,211.021728515625,213.59008141145594,209.49458913396245,211.22005417873908,3615100
2025-03-25,210.62506103515625,212.40011126990987,208.61202605833284,211.07131268909328,3077200
2025-03-26,208.65170288085938,211.983625493039,206.84690453075953,209.296265073736,2669300
2025-03-27,208.35421752929688,210.44658593098674,205.99410114438513,208.39387661175093,2989700
2025-03-28,204.44117736816406,208.860718725505,203.94459934701658,208.63229707899754,2389900
2025-03-31,203.59698486328125,204.71925601948325,197.7870160627565,203.0606872783883,3809500
2025-04-01,199.01853942871094,203.64665023958088,198.41271363454678,203.5969894064149,3020000
2025-04-02,203.7559051513672,204.07370721692115,197.8764229722066,197.8764229722066,2974500
2025-04-03,196.54559326171875,203.17988413077185,196.1483368690444,200.91548935293625,5413100
2025-04-04,180.52598571777344,194.12229493889842,179.95987947553175,194.12229493889842,7117800
2025-04-07,179.38385009765625,186.06780156794497,170.74339505057804,175.21259750469017,8557900
2025-04-08,173.4447784423828,185.22361024138752,170.69373183793627,183.77359568632508,5664500
2025-04-09,190.5767059326172,191.5400684735532,169.82967751385348,170.88242045854034,8180400
2025-04-10,179.52288818359375,191.13288522348162,174.30881874563397,191.13288522348162,6293500
2025-04-11,187.43832397460938,188.7989579729887,177.55642499855352,179.90027371893373,4764000
2025-04-14,191.64932250976562,192.62261118705862,189.0869781045849,191.56986820793537,4039300
2025-04-15,188.6201934814453,193.65550188322717,187.26950065955933,190.88458804249558,3505100
2025-04-16,189.35511779785156,194.60890612579436,187.83559040081153,191.14280154565077,3620300
2025-04-17,185.5513458251953,188.4414335550499,184.55818977955664,187.6965665208209,3667700
2025-04-21,183.6941375732422,184.36947636865537,180.69480225663276,184.0119396080373,4857600
2025-04-22,190.75547790527344,198.2736608547989,190.50718890825257,196.88324853322518,6687700
2025-04-23,194.96644592285156,203.70622148420253,194.66849610116827,198.65106123714142,6494100
2025-04-24,195.1551513671875,195.59214242598938,191.92739441073275,195.35377953363624,4453400
2025-04-25,195.790771484375,196.92296870808417,192.6226014479863,195.30411959315455,2608700
2025-04-28,194.5692138671875,198.0750536640389,192.96029069114547,197.46922784097725,2715100
2025-04-29,197.56854248046875,198.11478138509037,193.7151069851636,195.01613909612414,3719900
2025-04-30,197.96578979492188,198.59148293220653,195.55241280422246,197.4294770617184,3729600
2025-05-01,195.36373901367188,198.94903306587426,194.93667401933533,197.02230784746646,3687500
2025-05-02,197.68771362304688,201.43191615279076,196.72435104785262,199.5250432121475,3159100
2025-05-05,196.0489959716797,198.8298359108269,194.668509684103,196.82365646949347,1915600
2025-05-06,188.74929809570312,196.2376875592713,188.59038950095996,194.499664584457,4479800
2025-05-07,191.7685089111328,192.65241723948574,188.37191684641616,190.34830295334442,2902600
2025-05-08,193.48667907714844,196.41648654734942,191.30172352913195,192.4835817152792,3612600
2025-05-09,188.43150329589844,194.2315464583308,188.02432081072897,192.99010132881043,4535800
2025-05-12,199.4555206298828,199.57469450008875,191.20239672224724,192.41404825053402,7207100
2025-05-13,195.264404296875,200.3394321288236,195.01611529365707,199.54490428765465,2648300
2025-05-14,186.53457641601562,196.2774348329872,186.17703963216536,195.94969151826126,4489200
2025-05-15,189.6431427001953,189.90137296923916,178.95678917139003,185.41230342775,6579400
2025-05-16,194.76783752441406,195.06578737633257,188.21300139964265,190.33835478360157,3868600
2025-05-19,195.06578063964844,195.15516104582952,192.35445375062173,192.89076649642504,2724500
2025-05-20,196.41647338867188,196.80380363635166,194.10241800737947,194.32091354754328,2873100
2025-05-21,185.53147888183594,194.4003702697698,185.1739420984208,194.4003702697698,5613100
2025-05-22,186.1968994140625,187.12054245755354,183.05853768859225,184.41915668179638,3104400
2025-05-23,183.27700805664062,184.717096431079,181.79721526307287,183.09824724440764,2814200
2025-05-27,187.88523864746094,188.858542406696,185.71023980841306,186.3160655547298,2990600
2025-05-28,187.71641540527344,189.99075119593786,187.2794394825945,187.51778723053604,2879200
2025-05-29,189.1664276123047,191.17260700818898,187.3390241795973,190.13971626493128,2814500
2025-05-30,188.60032653808594,189.68287814246435,186.49484057593966,188.69964820414734,6514200
2025-06-02,187.93490600585938,188.94792937106902,185.72017236473013,186.9318238994583,3027700
2025-06-03,190.7455596923828,191.63940928226697,184.72703610213966,186.88218303814148,3525700
2025-06-04,191.7585906982422,194.32093537625204,190.73564107909053,191.67913638795196,2596800
2025-06-05,190.83493041992188,193.31782056410177,188.58047708014487,192.5729535208478,3096500
2025-06-06,194.67845153808594,195.3041295393958,191.5797943830049,193.00994150775637,2802200
2025-06-09,197.836669921875,198.91920631253242,194.00308719924686,196.15823387624332,4119400
2025-06-10,201.2332763671875,202.07746508135477,196.66476757609797,199.39594674570412,4626200
2025-06-11,203.3188934326172,205.5832878546092,201.28292064279907,201.68019212740322,4491400
2025-06-12,203.69631958007812,204.36173234008882,201.3425293480614,202.14698335412868,3661200
2025-06-13,199.296630859375,202.87199884686962,199.05826794208892,202.1569252493707,3391400
2025-06-16,199.73361206054688,201.00485058098917,196.09865731255158,200.5678594981449,3143400
2025-06-17,194.41029357910156,198.9092891990049,194.0328894369352,197.63805068833315,2968600
2025-06-18,193.10926818847656,195.65174529656701,191.7982949052905,194.062689526831,3236300
2025-06-20,195.04591369628906,195.2544831321864,192.890766912356,195.18495493543446,6590900
2025-06-23,194.99624633789062,195.65173293807933,191.5599350478552,193.91370992974615,3943100
2025-06-24,196.11851501464844,197.36988610939562,194.60891366311057,195.99934114496523,2739800
2025-06-25,199.62437438964844,199.99183729410504,194.3606440738754,195.55242835279248,4379600
2025-06-26,200.0812225341797,204.20281403942224,199.22710773340103,200.5976527639651,5685500
2025-06-27,197.7535400390625,202.42879668101386,196.6593242558859,200.98643236934896,5619700
2025-06-30,196.50015258789062,199.3948381354777,194.9881647207765,197.8728931936469,4537400
2025-07-01,200.04144287109375,203.96069049408314,195.3462870984144,195.95307674805846,3976000
2025-07-02,201.43405151367188,202.32930789345667,198.25089916742095,201.11572868981295,3503600
2025-07-03,202.13035583496094,203.22457152621843,201.29478122261906,202.2298355081542,1390700
2025-07-07,198.5791778564453,201.4340656833412,197.61428259914143,200.98643746196083,2388400
2025-07-08,199.62362670898438,203.53294734645064,197.93257843019268,198.13152260796795,4225600
2025-07-09,199.90216064453125,201.15552258671795,196.08236272738003,199.93200151135946,2050700
2025-07-10,204.42820739746094,207.05431005515075,199.53410767987847,200.34979855537628,3088200
2025-07-11,203.7716827392578,204.72662083243867,202.43872491738907,204.4281969863944,2369000
2025-07-14,196.7090606689453,199.00689859510732,193.86411486072853,198.9472168586046,4925400
2025-07-15,191.84478759765625,198.94720210569074,191.36731856257333,198.360311502311,4521900
2025-07-16,192.28248596191406,193.2573230635607,190.1437942977129,192.3720085656589,2662400
2025-07-17,193.76463317871094,194.0630570366088,191.4071135404069,192.8594348869936,3064800
2025-07-18,189.04959106445312,195.16721175642763,188.084695872865,194.6300609630485,4240300
2025-07-21,187.0800323486328,189.3281305513288,186.56276530803706,188.8904442230146,5898600
2025-07-22,188.91033935546875,195.2965433961721,184.5235494428626,185.76696958735627,7053300
2025-07-23,196.84832763671875,200.66811064534124,193.7845386052814,199.4644884556324,6374400
2025-07-24,201.742431640625,203.6025833424094,196.96769519172648,196.96769519172648,7411400
2025-07-25,204.39837646484375,205.3035899891756,201.59322846113315,202.4586440401818,5355700
2025-07-28,201.8717498779297,204.9554227314924,201.16548055680445,203.12511192026528,5160200
2025-07-29,205.7611541748047,206.43756739051977,200.9366783509325,202.03089405690372,4973300
2025-07-30,202.9162139892578,206.3778912220411,202.0110005334065,205.85068232543927,5692900
2025-07-31,196.12216186523438,202.94605172681455,195.76405628264393,200.4393126486815,6060700
2025-08-01,196.0525360107422,196.12217482401246,191.2479587845527,194.3018059237691,5736500
2025-08-04,196.4205780029297,196.64936303384934,192.97878475100998,194.96825675875235,3176900
2025-08-05,197.9922637939453,199.59378949885675,195.4656408151156,196.34101342752973,4001100
2025-08-06,194.14263916015625,198.00222001259576,193.12800410728926,197.55459181171761,5123000
2025-08-07,197.44515991210938,198.0320505265408,194.52063355752958,196.06247743857637,2670100
2025-08-08,199.5042724609375,199.68333285414056,196.2116983543697,197.44517659914774,2963100
2025-08-11,198.70848083496094,201.1356393837105,198.11164827314175,199.78279766039773,2566300
2025-08-12,204.63711547851562,204.79627690028195,198.60901702994983,199.11632698605288,2830000
2025-08-13,208.0391082763672,208.21816866797073,204.95542028120212,204.95542028120212,3241300
2025-08-14,209.11343383789062,209.36211787440428,206.06954365951836,207.64122859170104,2634500
2025-08-15,209.81968688964844,211.28195023087665,208.72548624186874,210.90396081873808,3210200
2025-08-18,207.9097900390625,211.03326083463367,207.60142427180853,209.88932037318148,2859900
2025-08-19,211.08299255371094,211.93846618727233,207.77051959510007,208.6458922001772,4851300
2025-08-20,210.2871856689453,212.8834472526321,209.68039609793908,211.0829775097109,3302500
2025-08-21,202.82667541503906,209.60084069522438,202.8167335187437,209.21289424115804,3172700
2025-08-22,210.6851043701172,211.4510554001992,204.5475845898648,205.79100468744758,3364900
2025-08-25,206.6365203857422,210.6154646814282,206.19883408466185,210.18773545530655,1985800
2025-08-26,205.16432189941406,208.25795179676942,204.58737313641404,206.68626692759042,3670600
2025-08-27,203.9208984375,206.29831708531555,202.7272181652668,204.55752892792225,2503200
2025-08-28,204.20938110351562,204.5973276016182,200.95660476498995,203.39370533914555,2519900
2025-08-29,204.73658752441406,206.6066810357681,203.62247279207824,204.25910327692668,1979800
2025-09-02,202.71725463867188,204.91562800599988,199.62362489027754,203.48320565351963,2389000
2025-09-03,198.3901824951172,202.96595973132779,197.63417329809207,201.7125976319793,3468200
2025-09-04,197.98233032226562,198.7383243152232,191.16838177474227,197.85300976852824,3673600
2025-09-05,199.15611267089844,202.8067921790463,197.58442787926128,198.3802045821687,2837600
2025-09-08,197.5844268798828,197.90273452374223,193.3170007165583,194.64000148722823,3502100
2025-09-09,193.30706787109375,198.101687973759,192.37201350981255,197.5844361309608,3345100
2025-09-10,191.5762176513672,195.89336858778003,191.35737449989298,193.02853900401703,5509500
2025-09-11,194.1326904296875,195.18710821016154,192.4515840829641,193.67510516988514,3426200
2025-09-12,189.04959106445312,193.97353152122136,187.8658527255893,193.97353152122136,3899900
2025-09-15,187.54751586914062,190.56157986684755,186.05541189215165,190.05425480045272,4675400
2025-09-16,189.46737670898438,191.05896046080156,186.7716353342301,188.00511350081177,4817600
2025-09-17,191.92437744140625,195.2965320705771,189.72600407490285,190.20348831119563,4419300
2025-09-18,194.24212646484375,195.1174839293666,192.282495093536,192.8793276586468,2871800
2025-09-19,192.27252197265625,195.46563133093923,191.6557904866351,195.13736661721165,5934200
2025-09-22,189.45742797851562,192.07357337499369,189.22862776671056,190.88983508931943,2949600
2025-09-23,188.72132873535156,189.85532724993973,187.4182269099922,188.9998536211474,3461200
2025-09-24,184.93138122558594,188.184157154685,184.4737959677043,187.64700637048847,5522100
2025-09-25,180.50482177734375,184.10576164996885,179.08234124268347,183.45917406931653,7433800
2025-09-26,184.19183349609375,184.4509315073803,180.7140813164308,181.1126725880191,4847900
2025-09-29,185.40756225585938,186.1449728564388,182.80671383598775,185.1983071537876,3513100
2025-09-30,197.5647735595703,197.674388440422,185.00896599847795,185.72644245400122,7731200
2025-10-01,212.13351440429688,212.38263774789257,197.93348381934223,198.01320511392672,11404100
2025-10-02,209.5924530029297,215.4020111931294,209.2636083651506,210.20031456877308,6798100
2025-10-03,214.23611450195312,219.1488195040284,209.48283688262566,210.5889451284998,5927300
2025-10-06,210.96762084960938,214.52509432092052,209.90136563103968,214.2560368499749,3849500
2025-10-07,208.0379180908203,213.20972093941018,207.7290075893916,211.7647934374527,4008700
2025-10-08,204.2412872314453,209.14403277343087,204.1814848569764,206.17447159137453,5089500
2025-10-09,203.76295471191406,206.4634583643226,202.84618266012063,204.09179934004896,2572600
2025-10-10,201.75006103515625,205.73603464663174,201.43117584770255,204.19146683112845,3585500
2025-10-13,204.420654296875,206.02500926989663,202.13869111427033,202.84619290925954,2229700
2025-10-14,205.42709350585938,206.63285712318515,201.62049689926084,202.16857127077256,2254100
2025-10-15,205.37728881835938,208.78529430550606,203.72310618150232,206.25419264086315,3081000
2025-10-16,210.1803741455078,210.84802286088916,204.75944792507707,208.86501083909013,5818300
2025-10-17,208.326904296875,211.89435243401437,207.91833836042085,209.7220041567784,4147000
2025-10-20,207.6592559814453,210.818138188623,207.0115413630291,209.5127342865555,4971500
2025-10-21,219.99583435058594,234.1659705668906,219.95596610285796,222.7162568546879,10741300
2025-10-22,217.335205078125,222.18812281266673,214.52508654085176,221.7197697231212,4498800
2025-10-23,221.94895935058594,223.02517399206846,216.83695881014626,216.83695881014626,3664000
2025-10-24,222.2279815673828,224.26083656260727,221.40089024342484,222.68637520913958,3955300
2025-10-27,220.23500061035156,223.65298087522254,218.61072670978567,222.27781511909154,3454900
2025-10-28,216.139404296875,220.8528288504531,215.4717555684709,219.7965483187905,2251700
2025-10-29,213.25955200195312,217.79360011807697,211.9641227161603,214.71443908999152,3030400
2025-10-30,214.29591369628906,216.72736008169778,212.06376295446012,213.24959256089167,2897200
2025-10-31,214.624755859375,216.98644037921258,212.26305613425467,212.31288384589197,4042500
2025-11-03,213.3093719482422,214.62475051737025,210.45940025374708,212.23315726585076,3883300
2025-11-04,213.08018493652344,215.35218866559543,210.27006625803398,211.36621507700843,3079900
2025-11-05,211.46585083007812,212.890828956923,208.16744521987474,211.8345484870389,2935400
2025-11-06,209.93125915527344,211.75484387065222,208.73547013682503,210.26010379627115,2845700
2025-11-07,209.20382690429688,210.51919028602433,207.0215039246646,208.89491638303068,3028000
2025-11-10,210.4294891357422,210.99749761743485,206.99159027873858,208.1375514959794,2255200
2025-11-11,215.03329467773438,215.83049240387555,210.14052385404074,210.2700576507753,2843000
2025-11-12,218.63063049316406,219.6072049042474,214.6745507571251,214.87386158732596,4324100
2025-11-13,220.42433166503906,225.8153644768745,216.77716226068856,216.99639201976638,6520000
2025-11-14,220.43431091308594,222.57676563328266,216.5778711293363,218.39149640936202,4552300
2025-11-17,219.6669921875,223.34405500954244,217.43484165348966,218.72032656467078,3991200
2025-11-18,224.71920776367188,226.10433289888763,217.09603979023296,218.371550049772,5311300
2025-11-19,221.63009643554688,225.59613583298167,219.87625835425453,224.211010642115,4483400
2025-11-20,221.40089416503906,224.2508658695949,220.56384336642944,222.19809191835975,2987200
2025-11-21,226.59262084960938,227.7485567777418,221.2713500427234,221.96889234236136,3181300
2025-11-24,226.18405151367188,226.74208534495514,223.30418640164953,226.702232302127,4393800
2025-11-25,229.9607696533203,231.53523093683276,225.3768942605483,226.34349400552293,2957500
2025-11-26,227.65887451171875,230.14013319001754,226.67234063396907,228.76498272424476,4135300
2025-11-28,225.98475646972656,227.6488985084664,225.76552672040452,227.47949646676872,1461500
2025-12-01,223.35401916503906,226.6424502655749,222.96538736622094,225.76553125069017,3881300
2025-12-02,225.79542541503906,227.51936986512035,223.17465823382608,225.06798952415775,2737100
2025-12-03,227.65887451171875,229.84118214779505,226.80188963349786,227.2004808862734,3761000
2025-12-04,226.3335418701172,228.07740525125462,222.985323570122,226.90153517894103,4089300
2025-12-05,225.4566192626953,227.6787951641371,224.21100258168593,227.2303762000301,3179600
2025-12-08,223.6928253173828,225.96482896300003,222.4771022010969,224.0814571197836,2945900
2025-12-09,222.44720458984375,225.99471845631538,222.4073515464675,224.54980615073993,3369200
2025-12-10,229.61199951171875,229.67178668081868,222.48707802871172,223.32412880667488,3914000
2025-12-11,231.55516052246094,231.87404570077524,228.80484428327006,229.45255889445795,5781800
2025-12-12,225.53634643554688,232.0035938858759,225.53634643554688,231.6548151239865,4858300
2025-12-15,227.72862243652344,227.97774577224845,223.53339397787204,227.05101426188665,4826600
2025-12-16,223.91204833984375,227.4396432450479,221.9091022192831,227.4396432450479,2992100
2025-12-17,221.8493194580078,225.87514590316854,221.83934479312376,224.7989312601378,5088700
2025-12-18,223.56329345703125,226.7221756126893,222.5867190074344,222.885670059244,3502400
2025-12-19,224.0515594482422,225.1975359151318,222.61660660239048,223.85226382082539,6318100
2025-12-22,227.21044921875,227.8581790364074,223.33409059379426,224.34055863507172,2576100
2025-12-23,230.02056884765625,230.4092006578437,225.25733170524313,226.26378454565616,1868500
2025-12-24,230.6583251953125,230.91740800168265,228.98420840065563,229.93088928125923,785800
2025-12-26,229.83009338378906,231.0474843122242,228.74240035197332,231.0474843122242,1140700
2025-12-29,230.13943481445312,231.15725422282836,229.18147011831684,229.4708617898541,1666400
2025-12-30,230.17933654785156,230.5884680850071,228.37318906227696,229.57063347896928,1375900
2025-12-31,228.4330596923828,230.75810534856822,228.38316300271674,230.4088437472376,1270300
2026-01-02,229.909912109375,231.60630823549218,226.74665681546844,228.32329783861724,2338300
2026-01-05,234.85935974121094,235.12878967999885,228.79229085285334,228.79229085285334,3191700
2026-01-06,236.0867462158203,239.9285629788247,234.3205221423445,234.82943184085465,2663400
2026-01-07,235.0689239501953,237.61348763802636,232.60417669437325,236.34620003098587,2653300
2026-01-08,234.5001220703125,237.19437574670513,232.82370297436384,233.053209468762,2533900
2026-01-09,237.8629608154297,237.99268916622754,233.48229934716753,236.6954513372458,2536100
2026-01-12,238.4916229248047,240.22792725100877,235.48803097949067,237.78312646673902,3615800
2026-01-13,235.05892944335938,240.7468017237577,227.65471461851362,239.48948739640593,4249900
2026-01-14,237.44384765625,238.77102040769228,234.88929553143814,235.62772694071384,3136000
2026-01-15,239.37973022460938,239.70903010994218,234.56999074716992,235.70756524816863,2861700
2026-01-16,235.48802185058594,239.90859131433186,235.24852688256655,237.98270400204476,3904400
2026-01-20,233.83155822753906,238.30202455125993,230.6084330274493,232.99334864677868,4326400
2026-01-21,241.53514099121094,241.70477755880756,233.7916374621793,234.83940706329471,5042900
2026-01-22,239.56932067871094,242.28353610573208,238.98057933918508,241.81453463829104,2955100
2026-01-23,234.51010131835938,240.27780537791364,233.07317715348998,239.13025765022667,3066600
2026-01-26,236.2064971923828,238.17229276664582,234.69969939191756,235.48802749742774,4471000
2026-01-27,235.24853515625,236.76530622105457,232.50438469313363,233.52221931009885,4299300
2026-01-28,224.0623779296875,234.6498101808384,222.61546524629782,228.5128978360367,7764000
2026-01-29,219.15283203125,223.204193395369,217.975349368364,222.84497378404632,7444900
2026-01-30,218.4243927001953,220.52990507261154,216.8477517326974,218.90336741616568,5627900
2026-02-02,222.94476318359375,223.62332467843856,216.37875762458017,218.98320652240827,4782600
2026-02-03,216.13926696777344,225.54920070286647,215.70020047437671,221.04879959821304,4210700
2026-02-04,219.0630340576172,220.16070032581723,216.18915526548028,216.93755993207162,3938500
2026-02-05,215.29107666015625,219.53203645531576,214.48280205305662,218.61399522093518,4141900
2026-02-06,216.1492462158203,217.93543198027618,213.9439404405178,216.48851934238013,4311100
2026-02-09,216.1991424560547,217.366651901848,212.3872607348675,214.18343496929256,3559600
2026-02-10,219.28256225585938,220.390201745932,214.38300283054426,216.8876734685123,4420700
2026-02-11,219.51206970214844,220.19063117151174,215.7700464392577,217.68596052269797,4539000
2026-02-12,214.48280334472656,219.13289470833107,208.10639612924555,218.45433321932643,5167100
2026-02-13,212.12782287597656,218.2846968408536,210.34162185851002,215.5904430565415,5286400
2026-02-17,205.92105102539062,208.0564984096062,200.57245170422468,201.3707530647318,8709200
2026-02-18,208.11636352539062,208.85479493135978,203.78559891986478,205.41213657191028,4646900
2026-02-19,210.80064392089844,210.81061716812536,206.15055268943618,206.58961918872708,4763700
2026-02-20,209.0543670654297,212.2375839691307,208.2959891628054,208.2959891628054,4471100
2026-02-23,210.47134399414062,210.90043724609802,205.87114945261916,207.55755703978042,2400600
2026-02-24,208.74502563476562,212.04798235906316,208.60532404367643,209.9324967721894,3176000
2026-02-25,209.07432556152344,210.59108134337765,208.49555747647454,209.89257338774328,2810300
2026-02-26,208.9146728515625,210.30171558611394,206.35013216661787,208.63526965512997,2839800
2026-02-27,210.1919403076172,210.2318485227515,206.43994380539604,207.5675297923367,5242600
2026-03-02,205.5618133544922,207.57752083619556,204.23464059645144,207.5575591152154,3195800
2026-03-03,203.5760498046875,204.56394948122286,200.24315789184982,201.84973390902394,4620900
2026-03-04,204.2945098876953,206.34015233124083,202.60810228899845,204.17477001485636,2958400
2026-03-05,201.57032775878906,204.27457004365405,199.29517874278653,201.83975770778025,4771400
2026-03-06,195.0841522216797,200.3928433657121,194.694982399191,199.57458027793317,4237700
2026-03-09,198.37713623046875,198.96587758912324,192.9786401690467,194.4155795860782,3522600
2026-03-10,194.80474853515625,198.13764036305633,194.7448785974373,197.7384972940419,3190400
2026-03-11,194.64508056640625,196.10198166353052,192.89880303511032,194.28584572234354,2957500
2026-03-12,185.86380004882812,193.49753683579695,185.78396839002207,192.7591054115899,5235300
2026-03-13,186.9215545654297,188.96718178152648,184.84597715480777,187.37059431466236,4134100
2026-03-16,190.98289489746094,191.51176631960962,187.10116990162192,188.58800601325305,4333500
2026-03-17,194.79476928710938,196.33148680444262,192.8788399811293,193.08839998302233,3751700
2026-03-18,191.0926513671875,193.71706184324646,190.46398659731327,193.10835879380687,4123800
2026-03-19,189.7056121826172,190.98288823984683,187.01135847522124,189.42620899674392,3353500
2026-03-20,188.94723510742188,190.87312244891518,187.57016566650717,189.07694822735942,5686200
2026-03-23,189.59585571289062,193.3378791809082,188.9572176500689,192.22026637755334,3147000
2026-03-24,189.69564819335938,191.09266419090613,185.61433637831382,186.821769311169,4195500
2026-03-25,186.7519073486328,192.54956169409002,184.5965134542888,191.3620905055787,5265500
2026-03-26,187.64999389648438,188.42833350722097,185.10541506461556,185.11538831171114,3695000
2026-03-27,181.52000427246094,186.00999450683594,181.00999450683594,184.72999572753906,5857600
2026-03-30,183.88999938964844,185.72999572753906,181.75,183.6199951171875,3979700
2026-03-31,189.60000610351562,190.4499969482422,185.3800048828125,186.77000427246094,4659500
2026-04-01,190.7899932861328,192.42999267578125,189.47000122070312,190.55999755859375,3770600
2026-04-02,191.1199951171875,193.8000030517578,188.0,189.4600067138672,2739700
2026-04-06,192.1199951171875,192.52999877929688,189.47000122070312,190.6300048828125,2595700
2026-04-07,191.00999450683594,192.1199951171875,188.72999572753906,191.2100067138672,2932700
2026-04-08,196.19000244140625,198.55999755859375,194.99000549316406,195.89999389648438,2610000
2026-04-09,192.99000549316406,195.69000244140625,191.0800018310547,194.77999877929688,2903200
