Price,Close,High,Low,Open,Volume
Ticker,DOW,DOW,DOW,DOW,DOW
Date,,,,,
2021-04-12,48.56052780151367,48.83458046488781,48.18751103104074,48.41588728253199,3143800
2021-04-13,48.195125579833984,48.476789528653825,47.54044485774332,48.40827636229639,4471600
2021-04-14,48.90308380126953,49.31416273811504,48.23318061229298,48.40826914377284,4234400
2021-04-15,49.154300689697266,49.42073913354416,48.56813320927286,49.39028819597274,2632500
2021-04-16,49.238040924072266,49.86988483148881,48.91831478101426,49.687179200093375,3698800
2021-04-19,49.13908004760742,49.51209388358852,48.674710491376196,49.32939405893367,2566600
2021-04-20,47.56327819824219,48.75845288202411,47.411026405712654,48.72038775592067,4532200
2021-04-21,49.34461212158203,49.496860993581,47.483341492971995,47.54804755396767,4283500
2021-04-22,46.383323669433594,48.75844424254055,46.22346062238626,48.72037912318185,12028900
2021-04-23,47.281620025634766,47.57089817626105,46.0179349305348,46.51274968654207,5682300
2021-04-26,47.350135803222656,47.82211382995104,47.144596282559824,47.471936677990044,4871600
2021-04-27,47.692691802978516,47.844940686964755,46.98472345738952,47.4034136962743,3781300
2021-04-28,48.195125579833984,48.76987475850125,47.73075888607379,47.98197189340996,5584300
2021-04-29,48.76606369018555,49.245658748119496,48.29028153376697,48.583363853218046,4366000
2021-04-30,47.57850646972656,48.49962565802969,47.426254668231124,48.30170034885872,4932300
2021-05-03,49.13908004760742,49.50828969421417,48.050480766543,48.096157174687384,6327800
2021-05-04,50.41038131713867,50.44844063847641,48.56813999223947,48.910705827857264,7367200
2021-05-05,51.81869888305664,51.944306827752875,50.34947448014078,50.6159129349861,7467100
2021-05-06,52.55712127685547,52.5951805966931,51.1335702942821,51.78063681075252,4670600
2021-05-07,52.55712127685547,52.77027205330002,51.59793697493191,52.03185271495777,5174900
2021-05-10,52.32113265991211,53.74467780498716,52.267844966908065,53.09761130196006,5039000
2021-05-11,52.19933319091797,52.45054911055486,51.15641019019487,51.6436136542597,5693400
2021-05-12,51.460914611816406,52.60279883755756,51.30866570488699,52.33636034646932,4886200
2021-05-13,51.826316833496094,52.2221674511678,51.24776056958531,51.3543359592632,3068400
2021-05-14,53.158512115478516,53.31837519128349,52.047078963746706,52.146040160790875,4817200
2021-05-17,53.98065948486328,54.11007159594727,52.884449113512545,52.96818772843082,3607500
2021-05-18,52.930145263671875,54.33846814145046,52.91492269440864,54.04919286205554,3523800
2021-05-19,52.18410873413086,52.45816139873475,51.20969603335967,52.14604360541018,4398500
2021-05-20,51.963340759277344,52.31351785314416,51.658837170894884,52.115589649507136,3126500
2021-05-21,52.39725112915039,52.98341568533307,52.18410038144759,52.28306156918895,3855700
2021-05-24,52.94535827636719,53.29553534704368,52.598985394921506,52.97580340605863,3420100
2021-05-25,52.55712127685547,53.630489346214986,52.496219395607575,52.876847441522294,4419400
2021-05-26,52.960575103759766,53.013862786830636,51.92526656873556,52.39724733873602,6059200
2021-05-27,52.799095153808594,53.79878315765229,52.476113433317735,53.306627799800545,6256600
2021-05-28,52.614540100097656,53.191285293478614,52.06855535439834,53.12207868641154,3815200
2021-06-01,54.144840240478516,54.23711571430087,52.945206278189744,53.19128398664161,4139100
2021-06-02,53.02210998535156,54.0756334012269,52.95290337277553,54.0756334012269,4797800
2021-06-03,54.29863357543945,54.36784017694085,52.63068759596831,53.32970008573461,4322500
2021-06-04,54.114078521728516,54.706200977008464,53.737267455958786,54.598542348775744,3041900
2021-06-07,53.24509811401367,54.190962519575194,52.975951613879474,54.11406435767309,2803900
2021-06-08,53.35277557373047,53.61423645696579,52.52995262991572,53.075937399460486,3469400
2021-06-09,52.93750762939453,53.45273771289515,52.65298380050276,53.252797768058414,3379200
2021-06-10,52.283878326416016,53.96028477278388,52.2531178753778,53.82186567658997,4022000
2021-06-11,52.29155349731445,53.07592421831428,52.16851173177094,52.65298134990564,2726100
2021-06-14,51.4918098449707,52.42998295915828,51.23804055337134,52.16083637729024,3712800
2021-06-15,51.69174575805664,51.84939083896079,51.09193174647059,51.453359642414746,3255000
2021-06-16,50.43828201293945,51.61484702333573,50.13837501037421,51.530257267027075,5428800
2021-06-17,48.861854553222656,50.599781749938835,47.93137299163698,50.576707013457586,5696100
2021-06-18,47.66222381591797,48.48504674774008,47.585325627953935,48.10054994096422,8745300
2021-06-21,48.531185150146484,49.176371301492225,48.28510744000054,48.554254018760886,5260000
2021-06-22,48.83108901977539,49.077166714015746,48.200514561599796,48.80032857462597,4019100
2021-06-23,48.561946868896484,49.42321594348225,48.52349484222867,49.21559025356048,3254400
2021-06-24,48.531185150146484,49.08486146471371,48.26203563790844,49.04640943905277,4253700
2021-06-25,48.66960525512695,49.115620014117845,48.531186173566184,48.63884480734061,4259700
2021-06-28,48.36970138549805,48.67729708303994,47.808333443865145,48.67729708303994,2727000
2021-06-29,48.43121337890625,49.0694794328419,48.123617719298146,48.66191085698172,2652900
2021-06-30,48.66191101074219,48.9233689356479,48.254345367071785,48.3312435488474,3356500
2021-07-01,48.83108901977539,49.538561657347024,48.769568129476546,49.38476529855494,3324700
2021-07-02,48.838775634765625,49.038715586450586,48.29279095670128,48.70035950430031,3172800
2021-07-06,47.623775482177734,48.79264614545294,47.22005265522713,48.754197050857144,3727000
2021-07-07,47.869850158691406,48.05440990786474,46.98089494499057,47.4469042781214,3424300
2021-07-08,47.22389602661133,47.69298258370282,46.639462191638835,46.90860877350556,4251300
2021-07-09,48.508113861083984,48.96181723307614,47.75449761120341,47.8544675926737,5063200
2021-07-12,48.61576843261719,48.90798384104,47.65836944405179,48.108232856410304,3100400
2021-07-13,48.21589279174805,48.97719471013312,47.92367444185891,48.76956611417063,3074500
2021-07-14,47.923675537109375,48.94259252941492,47.8083253366682,48.40045069420982,2571700
2021-07-15,47.6083869934082,48.23127277825517,47.439207486380724,47.52379723989446,2745800
2021-07-16,46.14729309082031,47.462274047015924,45.98580517928864,47.13929529047553,6961300
2021-07-19,44.44013595581055,44.97074042534658,43.87492525267573,44.709282512790246,7815400
2021-07-20,45.07839584350586,45.5167218814135,44.315553884625835,44.70927933439822,6771700
2021-07-21,45.931983947753906,46.17806164670917,45.41291389319134,45.770496007841565,7428300
2021-07-22,46.50873947143555,46.824026776841386,44.601635412702876,45.03227294860182,7111300
2021-07-23,46.22420120239258,47.123922217508415,45.98581215387285,46.78556612296081,4690500
2021-07-26,47.68528747558594,47.70835927623663,46.29341106455756,46.29341106455756,6534300
2021-07-27,47.63915252685547,48.00057751210477,46.80094941331338,47.30079347665057,3568500
2021-07-28,47.57763671875,47.9083042258099,46.954753734247674,47.546879201925215,4113600
2021-07-29,48.13898849487305,48.392757739851476,47.6852822448778,48.015949660983345,3708600
2021-07-30,47.800636291503906,48.61961332064215,47.41998532680331,48.05440555695593,4646800
2021-08-02,47.07778549194336,48.90029936170255,47.05471369096175,47.90829699034243,3714500
2021-08-03,47.854469299316406,47.88522974601621,46.258807061865326,47.02395777276527,4819700
2021-08-04,46.90092086791992,47.831402418162995,46.8932292891866,47.47766606685241,3340100
2021-08-05,46.90861129760742,47.52380561317555,46.83171310821562,47.13162015371271,3037100
2021-08-06,47.67759323120117,47.96211998233635,47.331545596859925,47.377686259264486,3142800
2021-08-09,47.53917694091797,47.850618363190605,47.18544064235185,47.46227876591745,3178100
2021-08-10,48.53887176513672,48.88491944726838,47.63145914687039,47.69298003857272,3560000
2021-08-11,49.40013885498047,49.446282452695506,48.6157680972798,48.76956444445105,3583600
2021-08-12,49.2232780456543,49.69236457352927,48.67959905066821,49.49242461075753,3581400
2021-08-13,48.977203369140625,49.292490640941544,48.71574541690489,49.19252358087928,2385600
2021-08-16,48.692665100097656,48.90413947258935,47.785252592914176,48.600386707318194,3163400
2021-08-17,47.915992736816406,48.35047306897867,47.016268690681024,48.20820819554676,3974300
2021-08-18,47.5853271484375,48.315871691350125,47.45459670454803,47.608396018868255,4574000
2021-08-19,46.562557220458984,47.20851189697248,46.25496157141482,46.93936533737415,3981600
2021-08-20,46.82401657104492,46.993196089966126,46.38569048427414,46.4549000207894,3203600
2021-08-23,47.72373580932617,48.00057099443469,47.26233796719074,47.29309841002856,3439900
2021-08-24,48.64652633666992,48.854154928639744,48.031332138320806,48.031332138320806,2896000
2021-08-25,49.11561584472656,49.35400489461737,48.308173226483824,48.677289768152576,3246700
2021-08-26,48.946434020996094,49.646215006178565,48.808014966010475,49.092541719713275,3618500
2021-08-27,50.276790618896484,50.64206720825738,49.30786307740996,49.361692385270324,5348700
2021-08-30,49.73268127441406,50.78050595876223,49.70936274143396,50.52554401321777,3925000
2021-08-31,48.89318084716797,49.654950222149445,48.72994222270911,49.515033095599236,5450000
2021-09-01,48.61334228515625,48.97090692565781,48.045901973431995,48.838764631864905,3949200
2021-09-02,48.6755256652832,49.25074079314905,48.52006187678769,48.78434942766252,3414600
2021-09-03,48.2868766784668,48.83488596789964,47.93708383044857,48.54339242208873,3690400
2021-09-07,48.09253692626953,48.42678302150126,47.91375461385664,48.17804215508114,2514300
2021-09-08,47.17530059814453,48.27909071091641,47.03538349983226,48.06144320919723,4629000
2021-09-09,46.856605529785156,47.56396294096345,46.69336988841135,46.83328699965321,4439100
2021-09-10,46.957664489746094,47.758299106949174,46.90325260111437,47.299682499034915,4093300
2021-09-13,47.19862365722656,47.87488767802203,46.80607828698139,47.62614682059783,4549200
2021-09-14,46.36689758300781,47.649467120803465,46.267399457204164,47.602830061568184,4493600
2021-09-15,46.79442596435547,47.15976248495432,46.382446448886036,46.44463315507967,5167600
2021-09-16,46.226985931396484,46.887703380503005,45.9160583287432,46.74778625583156,4650700
2021-09-17,44.8900032043457,45.99379060441705,44.672355652833154,45.70618448774325,9622900
2021-09-20,43.66960906982422,44.40805979442805,42.99334504276489,43.73179280214378,7683900
2021-09-21,43.16435623168945,44.19818792782569,42.915615350633026,43.98831225345461,6156400
2021-09-22,43.76289367675781,44.29146883588466,43.72791587729265,43.73180032263848,6823800
2021-09-23,44.64126205444336,45.11930977607961,43.99608829423286,44.12823356780479,7814100
2021-09-24,44.159324645996094,44.57130119222367,44.10491276121982,44.46247742267113,7964900
2021-09-27,46.39798355102539,46.9343334029788,44.21372783814763,44.21372783814763,12374000
2021-09-28,46.219207763671875,47.140328273521945,45.970466885651,46.75555769114983,6681800
2021-09-29,45.72172164916992,46.3280271108961,45.682856446663735,46.21920335778883,4578800
2021-09-30,44.74231719970703,45.99379366953043,44.7345423779346,45.79946463837935,4929000
2021-10-01,45.53517150878906,45.8694146520137,44.50133983260135,44.82781112072896,6925300
2021-10-04,45.2708854675293,45.861644327042946,44.835587436944074,45.53517302802296,5652900
2021-10-05,45.93937683105469,46.20755181403704,45.16206079015545,45.28643123809031,5646200
2021-10-06,44.4313850402832,45.52740054578262,43.762892766745544,45.36416488788865,8699100
2021-10-07,45.48074722290039,46.22697266202043,44.92108185009102,44.99881224582927,7235900
2021-10-08,45.63622283935547,46.08706755442967,45.3952567708109,45.71395622051928,4260200
2021-10-11,45.26311492919922,46.467954258733386,45.24756825179049,46.055977685691346,4139000
2021-10-12,44.882225036621094,45.37193195865784,44.69566790068442,45.09987255752632,5443800
2021-10-13,44.237056732177734,45.12319656366148,44.03495586184258,45.02214464588119,7689800
2021-10-14,45.65953826904297,45.69062865215188,44.41583102271445,44.64125335029726,6430400
2021-10-15,45.8305549621582,46.42908869432237,45.73727786364154,46.22698781999867,4288200
2021-10-18,45.82277297973633,46.16479090886512,44.773394733730626,44.85112810300411,4660100
2021-10-19,46.00932693481445,46.071513629961935,45.50407338025292,45.93159653110494,3650600
2021-10-20,46.5534553527832,47.11157005068012,45.81578440466606,45.98601502145261,5875300
2021-10-21,46.063743591308594,47.548416991960046,45.05323341208211,46.69337060151267,8916600
2021-10-22,45.39524459838867,46.78663764803749,45.379697926324646,46.35911454456245,5889500
2021-10-25,45.63622283935547,46.27750914913673,45.55849242341696,46.048202346460414,6293200
2021-10-26,45.63622283935547,46.45240406761104,45.224246297475815,45.63622283935547,6875200
2021-10-27,43.52968978881836,45.535166205968245,43.45195938599967,45.535166205968245,11512700
2021-10-28,43.97276306152344,44.198185398714564,43.69292884504135,43.724022194700474,5974400
2021-10-29,43.506378173828125,44.03495329961092,43.2654091424425,43.63074861723435,5894900
2021-11-01,44.64903259277344,45.068783969060846,43.53747041032274,43.53747041032274,7562000
2021-11-02,45.44967269897461,45.659548398953,44.493574264779,44.804498921423395,5929500
2021-11-03,45.900508880615234,46.31637281904955,45.154286237574716,45.4652138214542,6234300
2021-11-04,44.43914794921875,45.87329671324394,44.147654490854265,45.861637449345324,9047900
2021-11-05,45.32529830932617,45.663428881144704,44.49357040302208,44.49357040302208,4979100
2021-11-08,45.527400970458984,46.39022226341172,45.31363786987144,45.80723522387343,4894100
2021-11-09,45.69841003417969,45.95492278170687,45.39136984704805,45.504081027024874,4447800
2021-11-10,45.675086975097656,46.08706647253135,45.4652142639454,45.73727367856887,5103900
2021-11-11,46.39021682739258,46.62341102283705,45.87718841132472,45.92382843650364,4140400
2021-11-12,46.68559646606445,47.06647961648261,46.21920512250804,46.475720806247814,3499400
2021-11-15,46.5767707824707,47.27635633079706,46.46794702278106,47.027615461442146,3470400
2021-11-16,45.75282287597656,46.63119083695222,45.73727619925195,46.61564416022761,4004700
2021-11-17,45.34861755371094,45.8460993411615,45.21647228598012,45.612905123947215,3342400
2021-11-18,45.06877899169922,45.371931741573924,44.82780997668917,45.356385066551496,3801500
2021-11-19,44.57130813598633,44.711225280130236,43.55302291254473,44.65681338687713,7424300
2021-11-22,45.69841003417969,46.087068048489314,44.62571308442203,44.74231167480505,5309200
2021-11-23,46.00156021118164,46.42131155456836,45.72950080263015,46.12593065012306,5279400
2021-11-24,45.57405090332031,46.14926324678591,45.54295754280161,45.78392663898243,3307100
2021-11-26,44.773399353027344,44.90554461181335,43.51414829312771,44.02717672236276,4317500
2021-11-29,44.7419319152832,45.93798812812961,44.364230427285065,45.56028664013147,4564300
2021-11-30,43.22325897216797,44.45079115822445,42.81408157681581,44.269806366562754,10398200
2021-12-01,41.51572036743164,43.907832420897336,41.46850956484354,43.66390193631444,9113300
2021-12-02,41.84620666503906,42.0783344249611,40.97277088706728,41.31112894523119,7333300
2021-12-03,41.7596549987793,42.349814060945995,41.49211610386222,41.70457372644674,6969100
2021-12-06,42.397029876708984,43.05643228295568,42.36555400482538,42.774731334199174,6066400
2021-12-07,43.16816711425781,43.577344409381595,42.703908548800456,42.84554695871654,5806900
2021-12-08,43.20751190185547,43.656032547759864,43.105216824211105,43.5222646015131,5013700
2021-12-09,42.798336029052734,42.947844917173676,42.27506092403805,42.68030601399886,5607700
2021-12-10,43.02653121948242,43.48291934345392,42.71571374631445,43.39636520051595,3628600
2021-12-13,41.95637130737305,43.00292140082013,41.75729229650376,42.85341252935399,5398800
2021-12-14,42.397029876708984,42.88489388408744,41.81316536059684,41.90129540050745,4048700
2021-12-15,42.52293395996094,42.546539365018475,41.59441667277292,42.32621424660254,4955200
2021-12-16,42.96358108520508,43.5616106514576,42.70391264326457,42.82981313062757,5605900
2021-12-17,42.57013702392578,43.014725416308494,42.00358639370345,42.90849510947026,10400000
2021-12-20,42.10588455200195,42.16883629874088,41.28753285632742,41.783264354226205,6251000
2021-12-21,42.648834228515625,43.12883080681763,42.41277117408805,42.62522582187965,4422000
2021-12-22,42.67243576049805,42.79046877785146,42.208177161521256,42.58587861466612,3729600
2021-12-23,43.388492584228516,43.83150509199618,42.766857668662546,42.884890678551216,6240200
2021-12-27,43.96292495727539,43.978662896072336,43.412109106201875,43.5222746777805,3249000
2021-12-28,44.560951232910156,44.85209557423049,43.994397486163855,44.07308417245432,4748100
2021-12-29,44.89929962158203,44.93864295617022,44.50586027229208,44.592414407704496,3580900
2021-12-30,44.67897415161133,45.50519923468945,44.63569558052803,45.00946478518342,3678700
2021-12-31,44.631771087646484,44.845015192341194,44.29734516188183,44.72619571288235,3093900
2022-01-03,44.749794006347656,45.56028116606166,44.686845266763555,45.00946543660568,5231900
2022-01-04,45.961585998535156,46.18978154815823,44.930773792851134,45.04880680174696,9068000
2022-01-05,45.91437530517578,46.89010630659857,45.88683466812819,46.260603887150474,6706300
2022-01-06,45.82781982421875,46.31568380984305,45.04094107244215,46.024539512162896,5820800
2022-01-07,46.50453567504883,46.831091096023506,45.977328322182686,46.1347046818323,4633100
2022-01-10,45.95372009277344,46.66190916508795,45.62716469188124,46.29994566134692,5544300
2022-01-11,46.56748962402344,46.795685206232584,45.96159256179806,46.46519453515304,5720400
2022-01-12,46.63043975830078,47.32289399313455,46.33929542160546,46.831094707370006,3742400
2022-01-13,47.16550827026367,47.39134447465773,46.58872783921309,46.661906381758186,4482600
2022-01-14,47.795021057128906,47.86584027130762,46.65404616278489,46.98453382781591,6795300
2022-01-18,47.37010192871094,48.11684790246044,46.87436746968104,47.810752113000405,4796900
2022-01-19,47.086822509765625,47.9366499625973,46.73272648704239,47.81074948804061,4351100
2022-01-20,45.48945617675781,47.252062684964066,45.45798031011388,47.13403268760511,5765700
2022-01-21,44.631771087646484,45.45799331229595,44.490132648940325,45.38717409294287,6189500
2022-01-24,44.55307388305664,44.710450233039076,42.96357845147209,43.82914687552336,8872700
2022-01-25,44.99372100830078,45.21404606760667,42.99426208998846,43.978646839292146,5644100
2022-01-26,45.02520751953125,45.83569175220069,44.576686827500154,45.1904513530786,6126000
2022-01-27,47.354366302490234,48.22780224851922,46.22126191401459,46.22126191401459,11664200
2022-01-28,47.24420166015625,48.078291228008425,46.48092829935181,47.771408990651175,6971900
2022-01-31,47.000267028808594,47.25206798680526,45.85929224942759,46.819285277855,8056100
2022-02-01,48.6369743347168,48.77861274320353,46.976659769892166,47.05534644051632,6659400
2022-02-02,48.51894760131836,49.17205845843152,48.094032320910124,48.558290941718134,5463400
2022-02-03,48.16484451293945,49.136640187840186,48.12156594429743,48.393040056378496,5363800
2022-02-04,47.684844970703125,48.56615121958584,47.637634172812014,48.15697396154112,4995100
2022-02-07,47.14190673828125,48.078291388955236,47.0002683203031,47.94452343958936,6214400
2022-02-08,48.07041549682617,48.13336422617006,47.511732391445285,47.511732391445285,5595500
2022-02-09,48.77861022949219,48.9674594299398,48.19631869108689,48.38517089323842,5515900
2022-02-10,47.96025466918945,49.14844011864421,47.77140247105627,48.69991952499473,6537200
2022-02-11,48.07041549682617,48.71565573154569,47.48812399145054,47.84221997433412,6042100
2022-02-14,47.86583709716797,48.29074935235847,47.31108612260461,48.07829172391107,4472000
2022-02-15,48.676326751708984,48.79435677966641,47.7714148621789,47.85797201703713,4076800
2022-02-16,48.849430084228516,49.502537830269496,48.48746360873297,48.511072010383,5613600
2022-02-17,48.133365631103516,48.86909825025289,47.70451820721321,48.28287449585369,3927800
2022-02-18,47.67698669433594,48.25140785912259,47.36223397311106,47.80288718248501,5078900
2022-02-22,47.44879150390625,48.03108314235343,47.165514652861916,47.93665552420236,5664000
2022-02-23,47.189109802246094,48.14909963680676,47.114355375968714,47.897298729213446,5155100
2022-02-24,46.20552444458008,46.40224414606183,45.261269277126765,46.339292400769544,8108500
2022-02-25,47.50361251831055,47.89781598613494,46.444435820659415,46.52407184154048,5445200
2022-02-28,46.95410919189453,47.12931206671895,46.197554913602666,46.444431415589875,6438200
2022-03-01,45.49674987792969,47.2288590048882,44.81186922096312,47.081529037264715,7668100
2022-03-02,47.14524841308594,47.61510826779946,45.79937706355889,45.83123268982551,6499800
2022-03-03,47.51953125,47.734552124542155,46.77890784380248,47.21691197879468,4514800
2022-03-04,46.850589752197266,46.88642505199738,46.05421735216334,46.50814937714911,5869500
2022-03-07,46.173667907714844,47.073569502514054,45.906883902920896,46.78687497405276,6987800
2022-03-08,46.06216812133789,47.16116260680567,45.88696526538711,46.27718897966325,6583400
2022-03-09,47.62306213378906,48.49907347185011,46.938181481207266,47.18505798371813,7484700
2022-03-10,48.2840576171875,48.61057016719132,47.1691350846323,47.17710050956285,5421000
2022-03-11,48.507041931152344,49.765311759789085,48.47518630659759,48.626499004272894,6140000
2022-03-14,48.00531768798828,49.39896910894405,47.5991691819941,48.87336355170035,5836200
2022-03-15,46.88243865966797,47.99337843507014,45.886973237757715,47.67881099719617,8354400
2022-03-16,47.49564743041992,47.901799038385356,46.76298631177406,47.113389059223884,6154800
2022-03-17,50.04404067993164,50.07589630435914,47.097462254618016,47.28859296326347,9420600
2022-03-18,49.6856689453125,50.51389689365717,49.21979186358838,49.558249494637884,9510800
2022-03-21,50.44222640991211,50.744848763364914,49.797163691796285,50.267023515083714,4836500
2022-03-22,50.60945510864258,51.38989953719854,50.362581659173046,50.96782322326496,5136700
2022-03-23,50.410369873046875,50.84041167733776,50.18738658397137,50.49000893194489,2936100
2022-03-24,51.03950500488281,51.1271064563321,50.49797455922476,50.77670368845462,3611400
2022-03-25,51.52528762817383,51.54918390192095,50.840409972138644,51.03950001790749,3962900
2022-03-28,51.055423736572266,51.40582945919357,50.20330570042873,51.20673640331108,3879300
2022-03-29,51.119136810302734,51.222663015781585,50.02810463754429,50.92800613310038,4225600
2022-03-30,51.17489242553711,51.71642590374848,50.99172409909299,51.35009532669951,3145900
2022-03-31,50.74483871459961,51.592977071230024,50.73687329118321,51.08727901145077,4302100
2022-04-01,51.11117172241211,51.708450915455636,50.521854915258096,51.19877315679221,3317100
2022-04-04,50.975791931152344,51.37397807573848,50.426293107355185,51.37397807573848,3650000
2022-04-05,50.56167221069336,51.47749841605846,50.49796097662335,50.967820695173735,3432500
2022-04-06,49.112274169921875,50.40239937518299,48.80965490856639,50.33868813831721,4977000
2022-04-07,48.77780532836914,49.21580950332572,47.80623011132702,49.21580950332572,4644800
2022-04-08,49.1202507019043,49.59807293477992,48.83355614701106,49.19192434062761,3913900
2022-04-11,49.335262298583984,49.868830256572814,48.69816509579169,48.85743711805044,2760400
2022-04-12,50.37851333618164,50.76873712290893,49.6060342253516,49.78123407591212,4137300
2022-04-13,51.09524917602539,51.1509949934372,50.34665727720527,50.561678160616204,3465600
2022-04-14,52.154422760009766,52.56057435397992,51.27841440261119,51.3580504213131,7000200
2022-04-18,52.46500778198242,52.9428360485668,52.00311644057035,52.15442305420586,4958900
2022-04-19,53.39676284790039,53.63567088211811,52.48889895102898,52.584459734380786,5292500
2022-04-20,53.7869873046875,54.288699679757805,53.38880114407463,53.412691341577215,5021500
2022-04-21,55.355838775634766,57.227312414802306,54.86208577569986,54.949687212395375,10282500
2022-04-22,54.551509857177734,56.725609200767394,54.34445133020746,55.801814292622545,7439400
2022-04-25,54.20905685424805,54.424074680604164,52.18627068329213,53.68345434768982,7252100
2022-04-26,53.651607513427734,54.93376748554297,53.63567666392632,54.344447570767805,6612800
2022-04-27,53.715301513671875,54.41611292586585,53.39755343467766,54.24887549591163,5412300
2022-04-28,54.00199890136719,54.18516718739619,52.648168542473925,54.18516718739619,5532300
2022-04-29,52.958770751953125,54.72273290646087,52.807458034107334,54.248896377122634,6499800
2022-05-02,53.404727935791016,53.603821023623034,52.40926249663095,53.47640460684675,7250100
2022-05-03,54.27277374267578,54.41612100045549,53.40472477172129,53.45251124154019,4599500
2022-05-04,56.23185729980469,56.36723915357512,54.49576517383742,54.806349932882256,5589800
2022-05-05,54.52761459350586,56.03275781628048,53.77902265648021,55.95312179817618,6530600
2022-05-06,54.09756851196289,54.447974254822746,53.07821297910319,54.20906014362953,5807800
2022-05-09,53.06228256225586,54.002002090963686,52.93486615753255,53.22952001111425,7266900
2022-05-10,52.40926742553711,54.03386790413493,51.98719101177266,53.69939294332229,7885500
2022-05-11,53.1897087097168,54.551504666450164,52.417226576612435,52.87912398673403,5683300
2022-05-12,53.3888053894043,53.66753450882935,52.29379336064658,52.9826537720483,6035700
2022-05-13,53.802913665771484,54.408158349002065,53.56400560785541,53.75513326935603,3924400
2022-05-16,54.137393951416016,54.6279571705801,53.10210748663714,53.60381986987314,4028300
2022-05-17,55.72216796875,55.977802783552875,54.87004989412769,55.43547346926603,4502600
2022-05-18,54.878028869628906,56.048691276462584,54.547533571226325,55.27621509770339,4623900
2022-05-19,54.7585563659668,55.40361592952927,53.99403975245329,54.40018521611369,4988400
2022-05-20,54.24091720581055,55.531042504050326,53.25341726657427,54.854121196282534,5232200
2022-05-23,53.747161865234375,54.25683962309295,53.22951868357979,53.99404139620578,6582300
2022-05-24,53.41269302368164,53.667531931465874,52.13849848476048,53.51621924139939,4664400
2022-05-25,53.595855712890625,53.898474985430944,52.87911946125494,53.12599291843682,6264900
2022-05-26,54.02588653564453,54.38425766719401,53.28526623061843,53.49231862573131,5732800
2022-05-27,55.57087326049805,55.57892173232612,54.17073998248808,54.38799960836445,4784300
2022-05-31,54.70183181762695,55.321429122557944,54.40812090098085,55.23291434482701,7876000
2022-06-01,54.806427001953125,56.15667308362815,54.713891075223046,55.24095233586333,5958100
2022-06-02,54.79838180541992,55.49845146396893,53.993706577325106,55.06392610409556,4598700
2022-06-03,53.93738555908203,54.84667259709296,53.655750425745424,54.3880017724206,4966800
2022-06-06,53.969573974609375,54.4040993881999,53.64770261574393,53.94543469705194,3117300
2022-06-07,54.21097946166992,54.28339729492081,53.4465342108588,53.720127016795225,4873800
2022-06-08,54.10636901855469,54.565033724212576,53.792546122009064,53.96152720944242,3200900
2022-06-09,52.995914459228516,53.925313425837544,52.955678239533725,53.832777487561735,3113400
2022-06-10,49.785255432128906,52.36826524353995,49.77721003048003,52.311938223220594,6448900
2022-06-13,47.21834182739258,48.74722596261649,46.64702316186066,48.67480507053552,8509300
2022-06-14,47.12178421020508,47.58044886166528,46.23663958471209,46.89647305065809,7128900
2022-06-15,46.196407318115234,48.006926683069466,45.67739139847725,47.49193499928396,6387900
2022-06-16,44.59510040283203,45.037674241254635,43.97550316822527,44.79626921317232,7641800
2022-06-17,44.07206344604492,45.02962588056542,43.42832386529197,44.38588629981246,12735800
2022-06-21,44.21690368652344,45.61703684191629,44.184715941215195,45.33540174445001,6391700
2022-06-22,42.1167106628418,42.47881520765506,41.49711023495978,42.08452291005994,10383100
2022-06-23,41.08672332763672,42.36615722115892,40.57172853957336,42.04428586231842,9662000
2022-06-24,42.76043701171875,43.291522488330685,41.19131985413145,41.4488156567559,9109000
2022-06-27,42.020137786865234,42.889185362430744,41.8189689971075,42.56731714057364,7507300
2022-06-28,42.269596099853516,43.57317240615383,42.12073312130917,42.48685881757023,5169400
2022-06-29,41.82701873779297,42.65583325531808,41.26374545411109,42.414431296480835,4392800
2022-06-30,41.529293060302734,41.955769990485294,40.917738108380476,41.16718855845307,5848000
2022-07-01,41.59366226196289,41.87530043914989,40.15329590793191,40.966016553842216,5255100
2022-07-05,40.8211784362793,40.8935993375455,39.71474987613014,40.85336618564044,5891000
2022-07-06,41.18327713012695,41.23960414876276,40.261923654452296,40.73265791144822,5657000
2022-07-07,42.06843185424805,42.494911933219406,41.63390944093158,41.95577778155143,5507600
2022-07-08,41.344215393066406,42.55122827357187,41.283864135122634,42.189123795501736,4226900
2022-07-11,41.046485900878906,41.320075626985684,40.64414824893321,40.82922627006979,3919100
2022-07-12,40.57172393798828,41.493077451838076,40.43493062123127,40.94992228129226,6068200
2022-07-13,39.96821594238281,40.4027412896049,39.45322430253099,40.233760233327075,6071500
2022-07-14,39.3486213684082,39.485414688948524,38.841675096068315,39.21987344983216,4969400
2022-07-15,39.87165832519531,40.42688621643458,39.565880868396334,40.01650011685838,4809900
2022-07-18,40.61195755004883,41.07866756094056,40.39469488185032,40.57172133514404,4839000
2022-07-19,42.20521926879883,42.49490286223597,41.10281498896758,41.15914201329229,6999400
2022-07-20,42.285682678222656,42.38224284623549,41.690224727619054,42.20521638314403,5977700
2022-07-21,41.360313415527344,41.39249809601245,40.19353356674203,40.69243141457839,10059700
2022-07-22,40.91773986816406,41.69023052853073,40.587823101088176,41.44078006772982,5074800
2022-07-25,41.505157470703125,41.81898037698869,41.06258355712813,41.175237618913414,5933200
2022-07-26,41.279842376708984,41.68218002768976,40.998207248859515,41.175233727968035,4130900
2022-07-27,42.03623580932617,42.228551914374776,41.207418226358854,41.39249316286041,4342000
2022-07-28,42.08451843261719,42.57537086674221,41.649993025071154,42.20522095791088,6137900
2022-07-29,42.816768646240234,43.28750292342682,42.22131068952364,42.45466417548423,9754300
2022-08-01,42.21326446533203,42.32591851343253,41.38444990894182,42.30982770906897,5913400
2022-08-02,41.48101043701172,42.38224589909789,41.472965034761295,42.08451690235018,5797800
2022-08-03,41.43272399902344,41.843106966730495,41.30880149904736,41.843106966730495,5139300
2022-08-04,41.030399322509766,41.60171811042092,40.925790662742386,41.28789520071178,6963700
2022-08-05,41.43272399902344,41.65803205426715,40.821169178230456,40.85335692029157,5954500
2022-08-08,41.96381378173828,42.45466308550276,41.68217561411776,41.74655110486269,4511400
2022-08-09,42.422481536865234,42.52708711264814,41.93162912732558,41.96381687507074,4339000
2022-08-10,43.48465347290039,43.97952705801367,43.29957852427657,43.33176320303399,5998300
2022-08-11,44.46635818481445,44.8365111761614,44.06402051257924,44.06402051257924,5066200
2022-08-12,45.005489349365234,45.013534751668445,44.50659152756466,44.522685401763724,4389100
2022-08-15,44.530731201171875,44.6594791263199,44.144487425727796,44.643385251977314,5991700
2022-08-16,45.150333404541016,45.40380502926347,44.53073303007114,44.54682690507471,3925900
2022-08-17,44.62729263305664,44.989397141969626,44.26518812414365,44.67557425744262,4198000
2022-08-18,45.077911376953125,45.24286821983602,44.595104347672304,44.83650939710907,3561500
2022-08-19,44.65143585205078,44.997443423332925,44.377846114372744,44.80432306120302,3517800
2022-08-22,43.782379150390625,44.014127237422386,43.3719961336281,43.846754642208026,6342700
2022-08-23,44.75603103637695,44.86868506637528,43.87893499905731,43.98354362816665,3894500
2022-08-24,43.645591735839844,44.77213536862889,43.51684380438987,44.65948131230927,6957200
2022-08-25,44.86868667602539,44.89282901874263,44.06159879673188,44.12034158281958,5736200
2022-08-26,43.8226203918457,45.35955024253842,43.66168470217041,45.04572733594774,5777700
2022-08-29,43.1064567565918,43.46051279323992,42.27764215715112,42.64779206859135,9304900
2022-08-30,41.89160919189453,43.17982752683513,41.7937674624811,43.073836985321016,7452200
2022-08-31,41.581787109375,42.10359727350228,41.239350355504186,41.77746747603969,6069600
2022-09-01,40.733848571777344,41.16597518911182,40.06527883578921,41.14151319665959,6378300
2022-09-02,40.20388412475586,41.38610898106978,39.873673682539454,41.198583637583894,5124900
2022-09-06,39.61684799194336,40.83168993098821,39.41301568144977,40.68493041861409,8104700
2022-09-07,39.926666259765625,40.15087989184344,39.16025492985279,39.4130080657099,6517500
2022-09-08,40.27726745605469,40.36695106376786,39.09503938446645,39.53531793971741,5964100
2022-09-09,41.182273864746094,41.34941783286754,40.782764324269735,40.9539826987596,6265600
2022-09-12,41.52471923828125,42.22590289576436,41.41872556418317,41.81823826794714,5042800
2022-09-13,39.02980041503906,40.456626240197465,38.7729728861946,39.74729084369837,9104300
2022-09-14,38.37754440307617,39.029807127566784,37.814968386371895,38.81782290844509,11484300
2022-09-15,38.247093200683594,38.94012178661188,38.06771977881476,38.402004631239514,6535500
2022-09-16,37.84757614135742,38.157402076872216,37.02409510118702,37.51329132759248,10059000
2022-09-19,38.108482360839844,38.22262793378285,37.073014061632605,37.21161851156809,4900300
2022-09-20,37.578521728515625,37.73343315178605,36.991483728359945,37.46437614187068,4996000
2022-09-21,36.67350387573242,37.986184272009815,36.665351952939396,37.847576702657925,5819100
2022-09-22,36.502296447753906,37.1382523642083,36.485989487045494,36.91811305999684,4652900
2022-09-23,35.7929573059082,36.03755547243863,35.091773614349044,35.8744889913402,6729600
2022-09-26,35.37713623046875,36.086471818544204,35.18961087317222,35.48312990554394,5497600
2022-09-27,35.7032585144043,36.013081302481346,35.28336456695158,35.82555600120312,5444700
2022-09-28,36.73057556152344,37.10562620340125,35.80110087937681,35.93970844456087,8315400
2022-09-29,36.004940032958984,36.43706354591329,35.458670921128764,36.282152106043746,4904800
2022-09-30,35.817413330078125,36.559362805121204,35.711419659290776,36.01309060358719,5869800
2022-10-03,36.91809844970703,37.293152177104005,36.24137695441063,36.64088644783979,6868700
2022-10-04,38.010650634765625,38.10033735431689,37.19939886195681,37.342080865681815,6959800
2022-10-05,37.55405807495117,37.8638808821093,37.10562459837098,37.43990939258212,5564500
2022-10-06,37.1137809753418,37.58667023563948,36.94663701706422,37.26054046204231,5430600
2022-10-07,36.208770751953125,37.04855885829164,36.03755236118717,36.73058095823081,5265100
2022-10-10,36.591976165771484,37.04855853719016,36.33107106489391,36.67350784345792,4686100
2022-10-11,35.833717346191406,36.51859396771752,35.40159077471819,36.10277435273706,5222700
2022-10-12,35.71957778930664,36.062014602745194,35.499438504852804,35.8255683590465,4982100
2022-10-13,37.43991470336914,37.91280712384774,34.98577522364024,35.05915497474092,8304900
2022-10-14,36.787654876708984,37.83127843131579,36.47375448406808,37.741591716208596,5888400
2022-10-17,36.901798248291016,37.56221602041901,36.6857365077833,37.43176347274072,6195300
2022-10-18,37.81496810913086,38.271550457809845,36.99556141518521,37.73343332527106,8009100
2022-10-19,36.79581069946289,37.99434260728303,36.76319678231878,37.70082668368897,8371500
2022-10-20,36.63274002075195,38.83412941164406,36.60828114081743,37.00779069417315,9259900
2022-10-21,38.2144775390625,38.25524337574189,36.64904701688921,36.706119810287156,7483600
2022-10-24,38.35308074951172,38.57321997479811,37.77419784796248,38.23078014316363,5645700
2022-10-25,39.01350402832031,39.086883786470906,37.9413471661191,38.08402916523571,5202500
2022-10-26,39.12765121459961,39.58423359399792,39.046116425254056,39.13580313841707,6020700
2022-10-27,38.82596969604492,39.53123071470263,38.70367220088654,39.23363423370673,4524400
2022-10-28,38.711822509765625,38.9482686782113,38.165553544977485,38.48353137346413,6943200
2022-10-31,38.108482360839844,38.990665907542365,38.01471814864603,38.71182413503392,6434000
2022-11-01,38.26340103149414,38.785211241312716,38.11664152120339,38.66291061265903,4892300
2022-11-02,38.26340103149414,39.64130631118596,38.13702599605707,38.206328234184866,7310300
2022-11-03,37.904659271240234,38.2960169490621,37.4806876760413,37.72528583590067,5122300
2022-11-04,39.975582122802734,40.66861367791622,39.24178784767687,39.35593341645866,10593100
2022-11-07,40.35879135131836,40.383250229589805,39.38855082033445,39.9429748695349,5849000
2022-11-08,40.48109436035156,41.051822288707825,40.31802790500665,40.67677161857829,4739700
2022-11-09,38.87489318847656,40.26910525508284,38.78520648649011,40.23649134340889,5089900
2022-11-10,40.733848571777344,40.782769446447546,40.04897187756581,40.31803202290053,6592000
2022-11-11,43.326595306396484,43.57119345629563,41.500259550930885,41.58179123081919,9009800
2022-11-14,42.356346130371094,43.12683185855658,42.28296638910421,42.78031762322047,5484400
2022-11-15,42.070987701416016,42.96785173499959,41.695936996032415,42.731405508035664,4445700
2022-11-16,41.182273864746094,41.76115992315078,40.94175325918659,41.704087131654155,4294900
2022-11-17,40.872459411621094,40.88876637114118,40.10604786534969,40.481101713842605,3620400
2022-11-18,40.82353591918945,41.19043470931308,40.24465288934679,41.16597582671628,3751300
2022-11-21,40.905059814453125,41.31272436804456,39.6086895198567,40.30986993943766,5719800
2022-11-22,42.04652404785156,42.21774242302236,41.47579302038169,41.57363475782261,4495500
2022-11-23,42.03022003173828,42.185134571739496,41.6959351810157,41.818235806255174,3354800
2022-11-25,42.03837203979492,42.25035625002027,41.92422334634479,41.989451171173435,1648100
2022-11-28,40.92951965332031,41.708157292470304,40.717532354853844,41.459481679019376,5657800
2022-11-29,41.88041687011719,42.02511658935221,41.24373495126577,41.54967195110801,4905000
2022-11-30,42.1450080871582,42.1450080871582,40.82864606700429,41.772920872343555,7194200
2022-12-01,42.227691650390625,42.5915084987613,42.00443932722556,42.37652653250067,4757300
2022-12-02,42.62458038330078,42.74861049371923,41.69849919595109,41.7315743126249,4858300
2022-12-05,42.376529693603516,42.947061348106516,42.16154771130617,42.550169350945666,5109900
2022-12-06,42.21115493774414,42.885047099212855,41.814262962226245,42.541899827784235,4373400
2022-12-07,41.921756744384766,42.450119655585,41.553804699473105,42.02097895259697,4248500
2022-12-08,41.80599594116211,42.52536245277782,41.599281172542426,42.31864768415814,3815800
2022-12-09,41.50832748413086,42.50055903577,41.44217724205358,41.764651786637444,3807000
2022-12-12,42.26076126098633,42.277298818422594,41.21065002040803,41.607541936228586,5208100
2022-12-13,42.63285446166992,43.6829658511188,42.413734160237986,43.41010084606225,4884100
2022-12-14,42.46747589111328,43.03635461778441,42.14500140745633,42.583235638660234,4064300
2022-12-15,40.95433044433594,41.8076502767956,40.81376591056841,41.72330966400477,6189600
2022-12-16,41.17757797241211,41.31814564398142,40.41686919898647,40.69800138790829,8969100
2022-12-19,40.78895950317383,41.60341303890037,40.317646930630964,41.18585147891047,4674700
2022-12-20,41.06182098388672,41.3470883702593,40.80549353857969,40.80549353857969,4003400
2022-12-21,41.896949768066406,42.1119349039434,41.4008355616409,41.47525300802645,3840500
2022-12-22,41.4835205078125,41.54967075139122,40.63599180292639,41.47525330447377,3340600
2022-12-23,42.054054260253906,42.096222989232594,41.30161260668258,41.50832738133643,2634200
2022-12-27,42.32692337036133,42.351731292435375,41.96310644019133,42.09540379245476,3094500
2022-12-28,41.33469009399414,42.45921588294625,41.264404669383055,42.31038098433751,3340300
2022-12-29,41.88041687011719,42.00609665895467,41.342957165281604,41.40083705297561,2743400
2022-12-30,41.665428161621094,41.78201433197007,41.326416068040196,41.55793559900753,2700300
2023-01-03,42.2028923034668,42.2938473157848,41.599285494886054,41.83907225419479,3962500
2023-01-04,43.2695426940918,43.41424242072034,42.50056339918871,42.71554539957719,4527800
2023-01-05,43.749114990234375,43.80699487507614,42.599781342351946,43.0132108936315,4803000
2023-01-06,45.493778228759766,45.6715530230092,44.08811743169634,44.35271203417693,6100700
2023-01-09,45.708770751953125,46.46121241852657,45.328416317029664,45.510326331217925,6510900
2023-01-10,46.6927375793457,46.78369259124023,45.7253107259971,45.81626573789163,6611700
2023-01-11,47.61054992675781,47.86687423678311,47.14750768128596,47.38729758452409,8926300
2023-01-12,48.38779830932617,48.61766505433735,47.54440158957886,47.924756045283324,7305900
2023-01-13,48.52008819580078,48.59864081310228,47.784184162819,47.95782380233263,4041200
2023-01-17,47.461708068847656,48.35471415255273,47.34594515880029,48.214149635963246,5948400
2023-01-18,46.9986686706543,48.247224452084076,46.94078878931618,47.97436260494966,5641500
2023-01-19,46.80022430419922,47.12270200622744,46.18007997249578,46.77541954028058,4997500
2023-01-20,47.49478530883789,47.5898754926736,46.56870400508138,46.90771610805939,6712600
2023-01-23,47.990901947021484,48.288571721654925,47.308742572522696,47.486517401583384,5213700
2023-01-24,48.123199462890625,48.33818143751504,47.27153245896787,47.718037122669074,5262500
2023-01-25,47.86687469482422,47.93715696410258,47.00694043966941,47.428640363774115,5491500
2023-01-26,48.05705642700195,48.4291437025389,46.16355123232295,46.84984273678659,8002500
2023-01-27,48.759883880615234,49.05755367193839,47.80072741647244,47.99090463776951,6773300
2023-01-30,47.91648483276367,48.978998635835154,47.792454707741406,48.47874926555498,4824700
2023-01-31,49.0740852355957,49.15677303629324,47.80899184998574,48.01570662040395,5739100
2023-02-01,49.793453216552734,50.20274756489915,48.61931172026179,49.01620368747906,5645100
2023-02-02,49.57020568847656,49.95882733638759,49.22788479595838,49.66942790132435,4726200
2023-02-03,49.61154556274414,49.81247234750699,49.12369857187514,49.28080066397233,3960900
2023-02-06,49.685970306396484,49.8596099843626,49.03275077018007,49.611552850951355,4658600
2023-02-07,50.033241271972656,50.33504622239364,49.34694987948237,49.66942441426117,4777500
2023-02-08,49.454444885253906,50.03324374333499,49.247730106162884,49.77691943596114,3410400
2023-02-09,48.85083770751953,50.19861578508501,48.66479251533559,50.04151368978458,3874700
2023-02-10,49.462711334228516,49.47924889480966,48.5448972243868,48.784687121487586,3826300
2023-02-13,49.87614440917969,49.95469703893449,49.297342364823905,49.46271482809947,3520600
2023-02-14,49.41310119628906,49.64462390212673,48.79295683654829,49.64462390212673,3749100
2023-02-15,49.41310119628906,49.41310119628906,48.801227194373205,49.04101710381846,2357500
2023-02-16,48.52008819580078,49.103022172515665,48.19761367835635,48.759878071824495,4302100
2023-02-17,48.06532287597656,48.3753950546674,47.74284831481286,48.17281229355292,4317200
2023-02-21,46.9986686706543,47.85860284227343,46.88290890797806,47.70976796048485,6615600
2023-02-22,47.13923263549805,47.49065025201183,46.882908350965174,46.94905543418701,3735400
2023-02-23,47.28806686401367,47.72630429546538,46.57697074664561,47.469976860247094,4154000
2023-02-24,47.78418731689453,47.85446958216293,46.35372147722102,46.60177857207348,4831800
2023-02-27,47.70048904418945,48.24453550475804,47.5414574753574,48.02691755910902,5443100
2023-02-28,47.876258850097656,48.1357260382126,47.60004813551989,47.80929751581499,5835300
2023-03-01,48.562591552734375,49.09408351898724,47.901362812914414,47.95158380844605,4535100
2023-03-02,48.91413116455078,49.08655371677183,48.001803791416705,48.344972627574,3992400
2023-03-03,48.81369400024414,49.17360318108601,48.374269035086115,49.01457480534577,3463600
2023-03-06,47.800926208496094,48.75510281714489,47.51634693987348,48.55422201869105,4841200
2023-03-07,46.70446014404297,47.87625792829067,46.48684219759862,47.60841898210127,5499200
2023-03-08,47.089473724365234,47.60004266446423,46.94718569470711,47.04762449169471,4232700
2023-03-09,46.11855697631836,47.43264268201144,45.99719515908031,47.14806662184852,4566100
2023-03-10,45.0974235534668,46.185519601178214,44.62451795020542,46.168779269011345,5399000
2023-03-13,43.85866928100586,44.56174729275271,43.515500441515854,44.31901725697168,8481300
2023-03-14,43.76659393310547,44.980240777303926,43.18488100722232,44.58685098548104,8450400
2023-03-15,42.25162887573242,42.71197681267673,41.57365982415803,42.71197681267673,8006200
2023-03-16,42.61154556274414,42.67013513639019,41.180280504432396,41.515077611996645,6851400
2023-03-17,41.86662292480469,42.55296074382668,41.59878393166892,42.43578158344136,11632000
2023-03-20,42.90449142456055,43.03004232958348,42.36714044770943,42.41066276057163,5403200
2023-03-21,43.57408905029297,44.017696683724125,43.16814477008886,43.875405454785195,4277400
2023-03-22,43.00492858886719,44.0746111958038,42.9672620444399,43.58245566265409,4524000
2023-03-23,43.230918884277344,44.310643151061655,42.81660285421372,43.08862765972944,4781100
2023-03-24,43.3397216796875,43.46527255910775,42.2265168665867,42.56131389022154,4338400
2023-03-27,43.52386474609375,44.10976356394643,43.444348971466894,43.73311409583459,4328000
2023-03-28,44.28553771972656,44.32738695626386,43.62430892660428,43.66615816314157,3083600
2023-03-29,44.863059997558594,45.07230935051902,44.49478228578927,44.996979455737595,3710400
2023-03-30,45.19786071777344,45.448959305404934,44.8463233336677,45.40711007294831,3643800
2023-03-31,45.88419723510742,45.94278679770486,45.16437895989117,45.3401476476835,4410800
2023-04-03,46.31106948852539,46.96392646437151,46.04741325374768,46.218999260056464,6588800
2023-04-04,45.41547775268555,46.26921548822306,45.19367395140755,46.110187130846235,5014500
2023-04-05,45.733543395996094,45.76702406266126,44.73751750939842,44.90491764983211,3959800
2023-04-06,45.75027847290039,46.08507871530126,45.37362899842235,45.515920218954825,5022100
2023-04-10,46.712833404541016,46.712833404541016,46.009755350032925,46.03486425426429,4046400
2023-04-11,47.03089141845703,47.49124262755541,46.87186303260904,46.922084035299484,4411100
2023-04-12,47.616783142089844,48.32823287123694,47.537267364747834,48.08550285095528,4679700
2023-04-13,47.64188766479492,47.842768433816374,46.9388129554486,47.39078909818673,5147600
2023-04-14,47.29035949707031,48.07462639684801,47.08111011876469,47.75070749076425,3394800
2023-04-17,47.62515640258789,47.66281975542411,47.21502624531719,47.4410159410102,2874400
2023-04-18,47.524723052978516,47.909744378385604,47.19410861541951,47.717232119235824,3354600
2023-04-19,47.24013137817383,47.36400918817327,46.73793422307377,47.206653909287695,3828000
2023-04-20,46.62076187133789,47.00996584058379,46.340368472228505,46.70446034504776,3334700
2023-04-21,45.926055908203125,46.43662493828132,45.787953735341404,46.33618612359306,4179500
2023-04-24,46.361289978027344,46.369661740859804,45.85072100357511,46.152040607703775,5036400
2023-04-25,43.94236373901367,46.03485725039528,43.94236373901367,45.58287788564284,8369800
2023-04-26,44.00933074951172,44.48641907631022,43.69963937093632,43.749860371138524,5952500
2023-04-27,44.77936553955078,44.796105872432236,43.821003034108685,44.05954719010836,3910700
2023-04-28,45.53266525268555,45.95953257258361,44.50315551849383,44.56174828092304,6014400
2023-05-01,45.28993225097656,45.716799542970854,45.05138810691378,45.58288007951266,4013200
2023-05-02,45.01372146606445,45.1057916956638,44.009327088705426,44.77936320373293,4206000
2023-05-03,44.36086654663086,45.34015206799663,44.28553664553411,44.98861465813979,3343000
2023-05-04,44.66218566894531,44.70403490401579,43.74985829568409,44.27716759766971,3899900
2023-05-05,45.54103088378906,45.68332210983361,45.055574025683114,45.415479989802215,4145300
2023-05-08,45.32341384887695,45.95953051518654,45.20623152215631,45.5494003538941,2725300
2023-05-09,44.92165756225586,45.14764728685268,44.754260604384704,45.105798047384894,3285300
2023-05-10,44.737518310546875,45.67914052534509,44.23531788025253,45.43222459538296,3888200
2023-05-11,43.80844497680664,44.369231714163014,43.473644732518935,44.36086314485711,5499600
2023-05-12,43.7833366394043,44.1432457891328,43.56990140110209,43.98421423424842,3260200
2023-05-15,43.74148941040039,44.07628969877252,43.3146220759735,44.04280903135687,3774800
2023-05-16,42.737091064453125,43.60756598825898,42.67012973568012,43.532236089835294,4611000
2023-05-17,43.08863067626953,43.389950285449856,42.76136562623599,42.954711204732945,4777300
2023-05-18,43.41505813598633,43.52805458313538,42.56132032830495,42.879380262827496,4451900
2023-05-19,43.482025146484375,43.808453693525024,43.19744584008364,43.73312378321623,3747400
2023-05-22,43.331363677978516,43.699641451653505,43.13885462404212,43.540613066112726,3478200
2023-05-23,43.49038314819336,43.79170271620028,43.06351588877798,43.33135479525265,3611400
2023-05-24,42.954708099365234,43.61593683916452,42.84589753882934,43.61593683916452,3162400
2023-05-25,42.1595573425293,42.78730538059569,41.820574423698766,42.686866588514725,4688200
2023-05-26,42.13445281982422,42.51110232037021,42.05912291971502,42.46088132266676,3511000
2023-05-30,42.015621185302734,42.223576383542614,41.506342223677855,42.04108416200898,5222800
2023-05-31,41.40449142456055,41.905283898312774,41.031020333492734,41.70157357151842,8465200
2023-06-01,41.59122085571289,41.88405803868747,41.17530722247243,41.59122085571289,4573900
2023-06-02,43.80659103393555,43.866006805441074,42.44850839315433,42.5333903795313,7786600
2023-06-05,43.713218688964844,44.447432427550105,43.68775571421133,43.87448959226451,5567400
2023-06-06,44.63841247558594,44.884565364881375,43.348235498976905,43.382188291552104,7378400
2023-06-07,45.724884033203125,45.7927896303806,44.748765358155104,44.83364411670986,6453700
2023-06-08,44.7996826171875,46.12381236372376,44.349819455968365,45.92858866663023,5092000
2023-06-09,43.91693878173828,44.714810076769126,43.82781188091236,44.494120136113274,5478000
2023-06-12,43.967857360839844,44.40074735137602,43.59438637352244,43.967857360839844,3888400
2023-06-13,45.105255126953125,45.45326317986886,44.120646740319565,44.264944499678975,4273600
2023-06-14,44.82514953613281,45.71638929356763,44.56626515945137,45.461749825431475,3319800
2023-06-15,45.39384841918945,45.614538353028934,44.62992994445701,44.76573788915946,3283600
2023-06-16,45.12223434448242,45.2495557143501,44.646904899948964,45.241065896136554,9535900
2023-06-20,44.0697135925293,44.511090172841584,43.492532320646326,44.40923503520534,5083700
2023-06-21,44.035770416259766,44.553539234266374,43.509511780102635,43.86600967033543,3591400
2023-06-22,43.619850158691406,43.70473213778444,42.60977889185752,42.796512770029345,4734000
2023-06-23,43.59439468383789,43.71322623709531,42.660712180683724,43.05964945626249,3703100
2023-06-26,44.095191955566406,44.32861017854642,43.543470268673026,43.653815253635166,3073900
2023-06-27,44.621437072753906,44.66387644545952,43.815076039680804,44.07820533112218,3176300
2023-06-28,44.95246887207031,44.96095868939144,44.027276296979714,44.62143723071143,3364600
2023-06-29,45.19013595581055,45.30047767952645,44.72329313271764,44.94398305598277,2559400
2023-06-30,45.20710754394531,45.48721322806728,44.977934287012026,45.478726648813534,4158100
2023-07-03,45.64848327636719,45.82673381649991,45.181643716217586,45.198620112321485,2228500
2023-07-05,44.850616455078125,45.35989543612899,44.57900056679543,45.13920874111809,5878100
2023-07-06,44.791202545166016,44.88032620866156,43.93391223130373,44.383778695793445,5287100
2023-07-07,45.07130432128906,45.784296856037805,44.40924098113554,44.494119734210706,5400200
2023-07-10,45.215606689453125,45.55512497422976,44.71056931487326,44.79120640504443,3663100
2023-07-11,45.34291458129883,45.75034161159081,45.30047521003572,45.410820165652986,3470800
2023-07-12,45.928592681884766,46.395432279914054,45.13071818984372,46.14079279352687,5983900
2023-07-13,46.01347351074219,46.217187051807876,45.665465441439174,45.99649711249364,3291900
2023-07-14,44.91851806640625,45.88615329509024,44.77422354472754,45.843710682439564,3885600
2023-07-17,44.50260925292969,44.71905428110741,44.28191931575169,44.59597782343447,4318300
2023-07-18,44.969444274902344,45.28774442116121,44.46016533605477,44.50260470797265,4815500
2023-07-19,44.833641052246094,45.02037819380322,44.5874881361784,44.85061745038009,3731800
2023-07-20,45.02886199951172,45.27501490041299,44.64690115982296,45.258038503324975,3751900
2023-07-21,45.02886199951172,45.13920696162551,44.64690115982296,45.071301373273435,4095300
2023-07-24,44.604461669921875,45.291991179571475,44.354067098838065,45.13071702661355,6687900
2023-07-25,45.39384841918945,46.80710196863216,44.85910322033498,44.93549539159991,9077400
2023-07-26,45.58058166503906,45.80126834211629,45.15618146934581,45.19862084133183,7582000
2023-07-27,46.633094787597656,46.70948695635336,45.66546280863662,45.92010229185004,8079600
2023-07-28,47.0744743347168,47.42248240563007,46.815589926583115,47.0744743347168,4560900
2023-07-31,47.9317626953125,47.948739092950234,47.065985843288736,47.1338881959229,6387600
2023-08-01,47.34608840942383,47.889320183310474,47.14237811317473,47.745025659960426,5563300
2023-08-02,46.42938232421875,47.09993541438165,46.40391611054703,46.734950984946984,4498900
2023-08-03,46.59914779663086,47.30365051357374,46.14079475886067,46.14079475886067,4630200
2023-08-04,46.26810836791992,47.06598281598999,46.212937507583476,46.650069195409145,3626600
2023-08-07,47.12540054321289,47.380040026148265,46.54821598833714,46.573678965255674,3263400
2023-08-08,46.69251251220703,46.785881082138076,46.05591215858646,46.44636283629054,3607400
2023-08-09,47.14238357543945,47.56253894331271,46.56519893932882,47.04052517759606,4619700
2023-08-10,47.51585006713867,47.72805018528662,47.21028137893893,47.44794771304809,5147000
2023-08-11,47.06598663330078,47.528581334505866,46.91405062412205,47.27818675045911,4547000
2023-08-14,47.00656509399414,47.142373022801436,46.5312357242104,46.97261230231321,3637200
2023-08-15,45.436283111572266,46.82831521077141,45.34461445825295,46.42938123565527,5280400
2023-08-16,45.258033752441406,45.63150473542335,45.062810063297455,45.14768880191089,3549100
2023-08-17,45.716392517089844,46.39543222597175,45.580584575313466,45.64000034747084,3614900
2023-08-18,45.85219955444336,45.94556811968234,45.35989375151662,45.63150962971183,2921100
2023-08-21,45.97951126098633,46.174738181748076,45.68243244750753,46.047416840019324,3112700
2023-08-22,45.6569709777832,46.24264204560556,45.432039406182945,46.08985772566645,2745900
2023-08-23,45.32594299316406,45.79278256906199,44.82515062391297,45.538143094746445,3391300
2023-08-24,45.44477844238281,45.74185731499434,44.98642540642485,44.98642540642485,3198500
2023-08-25,45.81825256347656,46.15777407318231,45.533905160900325,45.81825256347656,3282700
2023-08-28,46.34450149536133,46.582167814019144,45.96254389786061,45.971030477351384,3429700
2023-08-29,46.88773727416992,46.92593173939835,46.25113695036263,46.505776432302206,3789500
2023-08-30,47.068267822265625,47.19722329247233,46.71579325377099,46.90492706888113,3482600
2023-08-31,46.904930114746094,47.19722635731813,46.87054154986137,46.97370396504149,4116300
2023-09-01,47.532508850097656,47.7646267545229,47.07686854312623,47.308986447551476,4335600
2023-09-05,46.58684158325195,47.62707437172671,46.41060592436753,47.43794054119056,4913900
2023-09-06,47.18862533569336,47.223013898945204,46.354720713942584,46.38910927719443,4645100
2023-09-07,46.50946807861328,47.23161154228649,46.01084700674138,47.06827077864249,4275500
2023-09-08,46.17418670654297,47.094059477478105,46.07961979522692,46.69000532841037,3988400
2023-09-11,46.13980484008789,47.188633238604254,46.09682076856128,46.54386232728179,3322400
2023-09-12,46.10541534423828,46.612635212715986,45.95496946788348,46.13980063063784,2527600
2023-09-13,45.409061431884766,46.26016039619568,45.20703270765836,46.13120491450568,3079000
2023-09-14,46.4578857421875,46.62380744201489,45.81311494802881,45.9076818558879,4604300
2023-09-15,46.285953521728516,46.51807143784063,46.0925235647056,46.457893083234644,7464100
2023-09-18,45.8904914855957,46.380517068561595,45.774430896250344,46.26875586979639,4593700
2023-09-19,45.477840423583984,46.19138515422692,45.00414660210523,45.94207296181434,3986200
2023-09-20,45.09956741333008,45.985054874909025,45.07377763077521,45.52941461310518,2309200
2023-09-21,43.844417572021484,44.9878127808904,43.82722328924066,44.74709610143299,4359000
2023-09-22,43.199649810791016,44.05934433438885,43.04920392505627,43.930388844059436,4465100
2023-09-25,43.92179489135742,44.14961342343241,43.36299211951448,43.672482683644446,4331600
2023-09-26,43.397377014160156,44.0722370506722,43.281319702175566,43.44036108232207,3451800
2023-09-27,43.844417572021484,44.15390810312808,43.509137256480706,43.71546209090236,3048800
2023-09-28,43.78423309326172,43.99915667872659,43.431758544278274,43.81002287408593,3965200
2023-09-29,44.32585144042969,44.50638650584928,44.00776210100539,44.13671759314761,4234800
2023-10-02,44.102325439453125,44.41181597185564,43.62089863747066,44.093729937763776,4691000
2023-10-03,43.86160659790039,44.74709073840401,43.749845412956894,43.80142825511706,5179200
2023-10-04,43.93898010253906,44.257066103554536,43.16095774132833,44.257066103554536,4727300
2023-10-05,42.8643684387207,43.97337513452028,42.761206016626915,43.66388458876465,5161800
2023-10-06,43.225433349609375,43.77134112969849,42.580662550101,42.78699064891219,4215600
2023-10-09,43.68107986450195,43.75845250269825,42.93314326877963,43.225439537579604,3333600
2023-10-10,44.11091995239258,44.5450632543901,43.89599635673977,43.95617470116465,2906500
2023-10-11,43.749847412109375,44.282857020892095,43.4231626224479,43.930382448708926,3049700
2023-10-12,43.199649810791016,44.11092718641548,42.769802548992104,44.11092718641548,3012500
2023-10-13,42.75260925292969,43.595109511987516,42.64944682596684,43.46615729815256,3659600
2023-10-16,43.14805603027344,43.44035222544323,42.80418027561538,43.26841598785096,2786400
2023-10-17,43.612300872802734,43.87020856265798,42.75260638696911,42.769800670222686,3309300
2023-10-18,43.053497314453125,43.698268117273194,42.92454184209955,43.32000048075547,3495300
2023-10-19,42.51189422607422,43.23403774651407,42.456011983994046,42.8127859931432,3754300
2023-10-20,42.11643600463867,42.61505712123013,42.05625437108389,42.537684483201794,3920000
2023-10-23,41.471656799316406,42.03905493793824,41.37279050630694,41.92729375442182,5592100
2023-10-24,42.331356048583984,42.74400898995155,41.265333490445556,41.63500236532205,5506600
2023-10-25,40.869873046875,42.150815881532914,40.62915638198325,42.064847752304814,4920200
2023-10-26,41.28253173828125,41.5060508731891,40.749522047751455,40.749522047751455,6216100
2023-10-27,41.35989761352539,41.73386257418473,41.12777973476761,41.282524987272794,4714900
2023-10-30,41.55762481689453,42.16800701548196,41.26102921809242,41.83272674525714,3698600
2023-10-31,41.55762481689453,41.94878403899893,41.35989551085101,41.60060887829987,4660500
2023-11-01,41.44587326049805,41.63070771899974,40.92145906291305,41.471666326911276,4702900
2023-11-02,42.11643600463867,42.20240414490378,41.70377974883798,41.763961382392765,3741600
2023-11-03,42.75260925292969,43.0492049198566,42.503297048251255,42.503297048251255,3744000
2023-11-06,42.41732406616211,42.81278272396252,42.24538452119157,42.75260437514394,3641100
2023-11-07,41.720970153808594,42.013266394798016,41.47166125842935,41.87571541547794,5172700
2023-11-08,41.52324676513672,41.798348763125134,41.07620519853691,41.72957490336528,4133300
2023-11-09,41.5748176574707,41.935887696138884,41.471655257776014,41.9100979160836,3340800
2023-11-10,42.537681579589844,42.70962112785786,41.703776902148164,41.72956996604654,3825200
2023-11-13,42.331356048583984,42.57206944451322,42.0433559161983,42.236789134619194,3161000
2023-11-14,43.88740158081055,44.265669242536866,42.92454470268504,42.984723052600756,4848900
2023-11-15,44.300052642822266,44.6181419410925,43.7326544538598,44.00775640732803,5032500
2023-11-16,44.22268295288086,44.40322128641719,43.73265736072693,44.248476017371296,5034100
2023-11-17,44.446205139160156,44.600950407455954,44.059341968420654,44.600950407455954,3306100
2023-11-20,44.42900848388672,44.6095435274345,44.15390652815468,44.42040970306597,3761300
2023-11-21,44.471988677978516,44.57515108252854,44.235574697573306,44.43760011663727,2840700
2023-11-22,44.188297271728516,44.514978810600056,43.93038630597056,44.48918902581392,3139600
2023-11-24,44.42041015625,44.65252804866839,44.231279609425926,44.32584652257498,1679700
2023-11-27,43.947574615478516,44.36022751333821,43.86160649156039,44.18829126550195,3896200
2023-11-28,44.43760681152344,44.67832349770437,43.496243579167235,44.016358349786664,6376900
2023-11-29,44.733917236328125,45.29167446809414,44.420177962335906,44.43760829139051,3551700
2023-11-30,45.099945068359375,45.2132405472159,44.646766477428685,44.88207093759435,4649800
2023-12-01,45.57926940917969,45.85814804233487,44.94307731951346,45.14352112931278,4274000
2023-12-04,45.40496826171875,45.98887267042407,45.291676105511,45.55312440179147,6354700
2023-12-05,44.56832504272461,45.19144509721145,44.42017225155042,45.09122487365124,4691000
2023-12-06,44.35045623779297,45.082513428869824,44.245877588923506,44.829778646647924,3603700
2023-12-07,44.50733184814453,44.67727342205662,44.11080261718158,44.542192510612594,2822900
2023-12-08,44.37660217285156,45.12608972835694,44.3591751676265,44.48118415117473,3664100
2023-12-11,44.690338134765625,44.89949875135914,44.23715956922569,44.333024713310415,3582700
2023-12-12,44.28945541381836,44.76180639510128,44.08901160169233,44.69034303807043,4350500
2023-12-13,45.605411529541016,45.67077110470569,43.97571074920136,44.05414556389415,4774200
2023-12-14,47.261260986328125,47.45299130527941,45.971446396327984,46.08474188702609,7892900
2023-12-15,47.26997756958008,47.39198656301018,46.29389897314783,46.677359609066116,9909800
2023-12-18,47.2786865234375,47.78415610414634,47.06081239199309,47.71443478632633,3219100
2023-12-19,47.86259078979492,47.94974244287823,47.40941549174424,47.47041998665475,3796900
2023-12-20,47.566280364990234,48.237329741602,47.55756353830965,47.74057700465831,4953500
2023-12-21,47.90616226196289,48.106606052136954,47.47912752672582,47.94101959432278,2653900
2023-12-22,48.036888122558594,48.50749704977069,47.801583658952545,48.01074429032307,2341900
2023-12-26,48.551063537597656,48.71229156805545,48.03688052976718,48.115315338571655,2266200
2023-12-27,48.551063537597656,48.68004729176186,48.341906263782334,48.533633210697225,2535300
2023-12-28,48.132747650146484,48.54235203795866,48.07174316572702,48.44648689830091,2172600
2023-12-29,47.79286575317383,48.15889266873055,47.653426453271955,48.019453368828685,2271400
2024-01-02,48.21990203857422,48.524924478069195,47.570634764585236,47.705718980214655,3533500
2024-01-03,47.60985565185547,48.002029749382196,47.01723775436961,47.80158262492768,4120000
2024-01-04,47.22639465332031,47.92359452052152,47.10002726050248,47.58370808923802,4579500
2024-01-05,47.77543640136719,47.958449862885246,47.04337923079974,47.086953389566624,3796400
2024-01-08,48.00203323364258,48.05432090077789,47.40069846562151,47.653433271760925,3966100
2024-01-09,47.00851821899414,47.57499225217149,46.86907891729597,47.57499225217149,4287000
2024-01-10,46.520484924316406,46.99980734290182,46.2285310650321,46.755789382420964,4062200
2024-01-11,46.747074127197266,46.773217959700496,45.96272923164092,46.39847750400405,4497400
2024-01-12,46.51176834106445,47.20025138973629,46.20238747540707,47.0782424088568,3673500
2024-01-16,46.276466369628906,46.529201171892666,45.55312594788592,46.51177084161631,5962800
2024-01-17,45.7274169921875,45.858139456976964,45.35267327570018,45.605408028586034,3469000
2024-01-18,45.8407096862793,45.95400515006735,45.404961482704415,45.823282683691865,4230400
2024-01-19,46.02372741699219,46.186697487887216,45.42239275585731,45.91914545231958,4171500
2024-01-22,46.67735290527344,46.72964056666494,45.79713959423683,45.94529572533503,5615500
2024-01-23,46.98237228393555,47.45733956576551,46.838574575487435,47.0608070954077,4668100
2024-01-24,46.26774978637695,47.17410695343144,46.215458799029264,46.816793517793954,6016900
2024-01-25,47.8800163269043,48.04560278893708,46.860367021628996,47.72314669155497,7240800
2024-01-26,47.113101959228516,48.18939734352217,46.848166278696716,47.93230747193047,5240800
2024-01-29,47.121822357177734,47.25254818102952,46.54663471632234,47.20897069008172,3742400
2024-01-30,47.47041702270508,47.52706310030065,46.62506432530494,46.71221264845126,4640900
2024-01-31,46.71220779418945,47.54884690213086,46.69478079096752,47.496555918979816,5471900
2024-02-01,46.6599235534668,47.06952464908802,45.90171920246443,46.98237632861422,5039900
2024-02-02,46.55533981323242,46.84816467492567,45.74485115498851,46.267747706983656,5720200
2024-02-05,46.32875442504883,46.65905301254105,45.63155788064724,45.78842751869952,5482000
2024-02-06,47.09566879272461,47.191533933811726,46.23288584743571,46.38104197215991,5212500
2024-02-07,47.139244079589844,47.40069235504915,46.79936098904322,47.27868338146782,3455800
2024-02-08,46.956233978271484,47.23511260197726,46.625064365935096,47.208965445414236,3554400
2024-02-09,47.052093505859375,47.165385647611,46.67299136370424,46.87779355574799,3897400
2024-02-12,47.74929428100586,48.176325706507534,46.930085439071874,47.06081124454931,5262800
2024-02-13,46.346187591552734,47.29611898035987,45.84071798810694,47.06081450887602,5105400
2024-02-14,46.69478225708008,46.964944033938615,46.389756499197766,46.61634744213836,3766500
2024-02-15,48.08045959472656,48.26347638362322,46.92137099568915,46.98237548382295,4500400
2024-02-16,48.35062026977539,48.7645830578689,47.89744173911769,48.04559785707067,5060900
2024-02-20,47.679569244384766,48.32447807019084,47.45036525604341,47.74929055506438,4493800
2024-02-21,48.58592987060547,48.65565118635691,47.723146872905566,47.79286818865701,4065900
2024-02-22,48.803802490234375,48.96503053456503,48.507493556421,48.5859283719744,5088600
2024-02-23,49.1436882019043,49.518431971242975,48.803805091223964,48.829948922970026,4414200
2024-02-26,48.86480712890625,49.222120550980755,48.6730768404045,48.92581161624859,3741600
2024-02-27,49.03910446166992,49.29183922397368,48.7610968880348,49.12625277477706,3913000
2024-02-28,48.62434005737305,49.14500010905725,48.544917223510275,48.95085802234934,4432800
2024-02-29,49.31267547607422,49.45387125991176,48.509623824303304,48.703765923096775,6733400
2024-03-01,49.21560287475586,49.621540333574835,49.07440709054173,49.3038489774998,4651400
2024-03-04,50.31869888305664,50.442244780548336,48.95968727790151,49.00381033180951,7042200
2024-03-05,50.28339385986328,50.954076328403616,49.96570251859395,49.96570251859395,6093400
2024-03-06,50.17750549316406,51.27177209451686,49.72832692538507,51.13940292645518,4840100
2024-03-07,50.24809646606445,50.879065863798765,49.91275858220246,50.62756076771575,4568700
2024-03-08,49.956886291503906,50.90995708317515,49.9215865005304,50.38929694862264,4723600
2024-03-11,50.680511474609375,51.002612786200565,49.9039329617539,50.02747885476823,4438400
2024-03-12,50.90113067626953,51.05997635947073,50.44224352106309,50.865830887475234,4048300
2024-03-13,51.157047271728516,51.83655303311534,50.83052928658128,51.059974539191394,7650600
2024-03-14,50.583438873291016,51.104098971207186,50.23486103629541,50.88348034270666,6871500
2024-03-15,50.33634948730469,51.007028668728864,50.24810001187172,50.6099144452137,20629600
2024-03-18,50.07160568237305,50.662861994162576,49.91187464353078,50.654038730177966,7409100
2024-03-19,50.08924865722656,50.34516705747714,49.78479725894367,50.04512560768716,6782700
2024-03-20,51.33353805541992,51.81007507484144,49.75391132021389,49.921580256807566,7789700
2024-03-21,51.12174987792969,51.73065609275634,50.790821928624794,51.62476009156327,5870700
2024-03-22,50.90113067626953,51.36884109548797,50.812884570656934,51.174698989865625,3376000
2024-03-25,50.64521026611328,51.051147722170114,50.548137533931644,50.980551513729935,3422400
2024-03-26,50.362815856933594,50.90994906536148,50.35399259376647,50.89229917265441,3621600
2024-03-27,51.307064056396484,51.324713949386,50.68050800394652,50.79523062519195,5126900
2024-03-28,51.12174987792969,51.57181040778014,51.00702724625283,51.360018405393994,4064500
2024-04-01,51.4129638671875,51.483563444390086,50.662861874462244,51.05997608029396,3827200
2024-04-02,52.32191848754883,52.396928018677535,51.19323409584715,51.47474370140802,6330200
2024-04-03,52.93965148925781,53.19556655879098,52.40134145730731,52.40134145730731,4943200
2024-04-04,52.82492446899414,53.557376558476975,52.635192315544856,53.31028477403068,5382100
2024-04-05,52.674903869628906,52.9396489236666,52.14542049429991,52.9396489236666,3862400
2024-04-08,52.52487564086914,53.116131861178395,52.1983610619875,52.90433989458535,3775900
2024-04-09,52.83374786376953,53.16908911947266,52.49223267981303,52.90434744028518,3574800
2024-04-10,51.933624267578125,52.630779947812876,51.51003690102836,52.251315634083745,4251900
2024-04-11,51.589454650878906,52.06599165360408,51.439435612820695,52.03069186828233,3432000
2024-04-12,50.90995788574219,51.73065952376071,50.79523861282983,51.28942222875606,3788300
2024-04-15,50.583438873291016,51.77477812064462,50.22603777235956,51.38649054637801,3885300
2024-04-16,50.17750549316406,50.40694740429501,49.98336000702553,50.28340150088808,3098000
2024-04-17,50.1422004699707,50.61873750456711,50.00982794934736,50.451065196261126,2815400
2024-04-18,49.850982666015625,50.56578480892942,49.45386849418971,50.56578480892942,3856200
2024-04-19,50.001007080078125,50.23044897825673,49.696552287888416,49.85098802480234,3862100
2024-04-22,50.2922248840332,50.57461646397594,49.6656654100604,49.96570688454621,3211600
2024-04-23,50.07160568237305,50.39106102731132,49.81568726396872,49.99218284101905,3099300
2024-04-24,50.28339385986328,50.49518920950046,49.75391053532965,49.780383691644474,4954700
2024-04-25,49.806854248046875,51.0952694388699,48.58904199191463,50.92759714730085,7082800
2024-04-26,50.55696487426758,51.36883979778765,50.43341898298175,50.87465623264433,5573600
2024-04-29,51.007022857666016,51.03349938046616,50.45106300808346,50.50401268731086,4249500
2024-04-30,50.212799072265625,51.139396599553464,50.19514917876635,50.53931368606986,5566000
2024-05-01,50.50401306152344,51.13939575146854,49.79803416512494,50.33634412562033,5102800
2024-05-02,50.151031494140625,50.971729748243824,49.76274052835703,50.8040607916203,4453100
2024-05-03,50.33634948730469,50.68051402556007,50.08043105810899,50.468718650894225,2544400
2024-05-06,50.60109329223633,50.627566452784194,50.053959987215364,50.530493708944114,3862600
2024-05-07,51.501216888427734,52.18072271715868,50.62756557538127,50.839360955213955,6215200
2024-05-08,51.74830627441406,52.3572158589917,51.13057342567688,51.13057342567688,4950700
2024-05-09,52.46310806274414,52.58665395027292,51.845375258727266,51.845375258727266,4208200
2024-05-10,52.42780303955078,53.06318567352169,52.31308042700101,52.67489478992941,3053500
2024-05-13,52.38368606567383,52.87786962371448,52.26896343982596,52.50723195518399,2257700
2024-05-14,52.63960647583008,52.89552152824133,52.52047053043559,52.56018363435813,3516800
2024-05-15,52.11894607543945,53.116139853747086,52.03952323442288,52.98377069630154,3541000
2024-05-16,51.8012580871582,52.42781422580198,51.63358576387794,52.10129957651025,4871300
2024-05-17,52.23366928100586,52.251319176605364,51.80125862112475,52.118950009169126,2668700
2024-05-20,52.27779769897461,52.46311656028419,51.88950671370862,52.15424842506138,1915100
2024-05-21,51.986568450927734,52.3219096763592,51.893909039895256,52.22483695059961,2252900
2024-05-22,50.83053207397461,51.765956296732774,50.55696712150273,51.64241039995538,4851900
2024-05-23,50.230445861816406,50.759932570442125,50.142199760231954,50.733459413241384,3423500
2024-05-24,50.97172546386719,51.02467514557977,50.54813810928565,50.556964739424274,2675800
2024-05-28,51.21882247924805,51.505627374493365,50.97172732195493,51.09527658378807,2493700
2024-05-29,50.301048278808594,50.839358281464676,50.2745751201118,50.74228554441218,2969500
2024-05-30,50.64521026611328,50.78640604936666,50.283395861128184,50.301045754831485,3174100
2024-05-31,51.48497772216797,51.59218130051718,50.55676383566197,50.59160661739711,5920100
2024-06-03,50.09132766723633,51.44925242911604,49.52850280357609,51.413516759817384,4696600
2024-06-04,49.2694206237793,49.778641910138504,49.22474933962036,49.64463487354271,4600600
2024-06-05,49.75183868408203,49.97518147412935,49.16221385467473,49.26942084761462,3945300
2024-06-06,49.7429084777832,50.02878698793616,49.51956567872992,49.68930497915178,3463500
2024-06-07,49.787574768066406,50.274463826602734,49.37662484882107,49.46596060241682,4143500
2024-06-10,50.073455810546875,50.18959502246836,49.46596311302933,49.56423449173669,4131500
2024-06-11,50.16278839111328,50.17172060257734,49.5910280271455,49.94837782863283,3276300
2024-06-12,50.25212860107422,51.11869973149151,50.06898587436105,50.814953395629615,3990800
2024-06-13,50.0823860168457,50.30572879596623,49.59102917642826,50.055582565951795,2831400
2024-06-14,49.153282165527344,50.135989089014735,48.7691322899236,49.59996775037444,3446000
2024-06-17,49.340885162353516,49.47489218976457,48.75126037603737,49.13541021947943,3243800
2024-06-18,49.52849578857422,49.885845615065236,49.22474945843901,49.474895700158925,6081900
2024-06-20,48.42965316772461,49.13541725160803,48.300113931472026,49.04608149250869,8512500
2024-06-21,48.23311233520508,48.42071946831801,47.768558904682095,48.33138030402091,10457200
2024-06-24,48.795928955078125,48.947803815537036,48.34031118958205,48.42964693718824,6987500
2024-06-25,47.49161148071289,48.510054073956596,47.402275726475594,48.49218624152102,7021000
2024-06-26,47.527347564697266,47.567547632076376,46.67864426019648,47.03599409617805,4799100
2024-06-27,47.31293487548828,47.73282040288525,47.178931248915525,47.62561682003896,3952900
2024-06-28,47.39334487915039,47.76856258220352,47.304009115916315,47.321876950151314,13623000
2024-07-01,47.018123626708984,47.7953555572484,46.76797739237437,47.3486699912928,3715600
2024-07-02,47.089595794677734,47.27720293140377,46.65184580898366,46.928788703786644,3847100
2024-07-03,47.2414665222168,47.53627722432071,47.03599157034063,47.09852727708814,1905600
2024-07-05,46.66077423095703,47.13425984459285,46.370427928883196,46.97345617470595,3223800
2024-07-08,47.16999816894531,47.30400521067422,46.732248194120075,46.90198749342814,3885500
2024-07-09,46.0800895690918,47.11640005709764,46.03988609170866,47.04492872305686,4380600
2024-07-10,46.196224212646484,46.58037410359807,45.544063641666995,46.32129563613013,5481100
2024-07-11,46.82158660888672,47.14320080094744,46.32129748702107,46.46423674927685,3798900
2024-07-12,47.26826477050781,47.67028244714542,46.8394470514078,47.19679685462796,3084300
2024-07-15,47.58988571166992,47.83109635211772,47.06726436133675,47.357607284005766,2396200
2024-07-16,48.86740493774414,48.947808481430215,47.500544695080904,47.643487357581165,3730000
2024-07-17,49.5016975402832,49.662504627244175,48.795933481725676,48.849536980026215,4386300
2024-07-18,48.9299430847168,50.001989251258706,48.92100746389533,49.20688939518855,3287800
2024-07-19,48.15270233154297,48.98353770437449,47.804284749436036,48.98353770437449,3456500
2024-07-22,48.61725997924805,48.76913485822325,48.00977068716947,48.313517037179125,3341700
2024-07-23,48.30458450317383,48.460923794505305,47.88469891393418,48.36712021970642,2477700
2024-07-24,47.63454818725586,48.51898710189015,47.59881252429398,48.340312195021156,3761900
2024-07-25,47.214664459228516,47.56308207441961,45.09737576351621,45.36538643002123,6188200
2024-07-26,47.22359848022461,47.52734480076251,46.77691291519477,47.232530692031425,4087400
2024-07-29,47.22359848022461,47.41120559963144,46.93771999124075,47.348669893162494,3314600
2024-07-30,47.96510314941406,48.250981688483144,47.25934242305408,47.25934242305408,4401400
2024-07-31,48.661930084228516,49.05501218318634,48.268844577330036,48.3760515744518,5059300
2024-08-01,47.59881591796875,49.15328328823603,47.20573382118353,48.84953694728452,4273100
2024-08-02,46.464237213134766,47.14320127158353,46.05328725603943,46.94665850604191,4981200
2024-08-05,45.57086181640625,45.85674372569878,45.025908266163185,45.27605110286102,5124500
2024-08-06,46.88411331176758,47.57200944413798,45.99074224239409,46.01754228393444,5549600
2024-08-07,46.607173919677734,47.92936629612622,46.589309494645796,47.27720232041795,4293100
2024-08-08,47.053855895996094,47.25039863561616,46.750112982678424,46.893052227509266,3362600
2024-08-09,47.044921875,47.254864628258666,46.508900579482784,46.96451833987839,2592700
2024-08-12,46.6518440246582,47.30400457591034,46.55804045988295,47.14319749116975,2555300
2024-08-13,47.1342658996582,47.22360506989497,46.64291239114908,46.6518480121432,2379600
2024-08-14,47.1342658996582,47.366544334332914,46.839455157729084,47.20573723584762,2310100
2024-08-15,48.12590408325195,48.31351461941394,47.545214866194144,47.848961201003355,3501500
2024-08-16,48.16164016723633,48.224175877187776,47.70870100633621,48.00976870248012,6049300
2024-08-19,47.92936325073242,48.36711320295496,47.85789192338317,48.242041788034236,2096000
2024-08-20,47.09852981567383,47.84002612476361,46.93772273024412,47.822158292166904,4391500
2024-08-21,47.30400085449219,47.45587230705465,47.17892944463126,47.34866872830818,2809500
2024-08-22,46.95559310913086,47.50858943741512,46.89752179805736,47.44694660439296,2916000
2024-08-23,47.82216262817383,48.25098042555351,47.25934118607977,47.357609162360625,4901500
2024-08-26,48.26884460449219,48.74233365552811,48.17950884811444,48.33138031554475,2823300
2024-08-27,48.03657150268555,48.34925007037786,47.89810005241335,48.14377509618851,3650100
2024-08-28,47.80428695678711,48.05443318687126,47.55861194445027,47.66134771442775,2630800
2024-08-29,48.116973876953125,48.46538810330081,47.41120980371818,48.16164175582885,3065900
2024-08-30,48.49713134765625,48.513421732376656,47.79565039374185,48.144125823565396,5339100
2024-09-03,47.003658294677734,48.029175669616855,46.899566256044935,47.718715734841645,3891400
2024-09-04,46.68686294555664,47.528635282692896,46.49497270409627,46.99460551759226,3776000
2024-09-05,46.442474365234375,46.82262937736894,46.18903423766226,46.723063982910155,4508900
2024-09-06,45.87223815917969,46.804526024670196,45.59164509012586,46.38816478889926,4144200
2024-09-09,46.43342208862305,46.872413090350484,45.917495445079574,45.917495445079574,4022400
2024-09-10,45.99895477294922,46.48772844158077,45.70478524352381,46.433419105238734,3196500
2024-09-11,45.91749954223633,46.134733468129824,45.039517460440294,46.05327117752177,3717200
2024-09-12,45.49208068847656,46.08041978219769,44.82228276463778,45.87223915977127,5680600
2024-09-13,45.39251708984375,46.16188038174659,45.283898414682945,45.61880081720525,4411800
2024-09-16,45.85413360595703,46.198085832570634,45.50837210396576,45.537337774086346,3189400
2024-09-17,46.62349319458008,46.94029245419078,45.899386027036854,46.017054520767424,4029600
2024-09-18,46.74116516113281,47.32950422068332,46.44971299722647,46.75021844360838,3428100
2024-09-19,47.872589111328125,48.162232032161064,47.30235310033129,47.564843076341134,4746700
2024-09-20,46.804527282714844,47.79112451310007,46.433422092541456,47.64630305968645,8466000
2024-09-23,47.10322189331055,47.284249567212015,46.71401360290787,46.9493471620088,5029600
2024-09-24,48.37946319580078,48.58764381750039,47.637252821805376,47.69155870836089,4675800
2024-09-25,47.827335357666016,48.632904985862716,47.5557955378987,48.56954580967755,3863200
2024-09-26,49.52898025512695,49.565183025102876,48.36588210727392,48.388508406906936,5672100
2024-09-27,49.854835510253906,50.388861824693954,49.4565739160059,49.78242305573031,5513500
2024-09-30,49.44752502441406,50.09921986342015,48.850136074515845,49.9091423459107,5537800
2024-10-01,49.366058349609375,49.63940740485027,49.02210612029891,49.393211291749594,5461300
2024-10-02,49.49278259277344,49.85483797767856,49.2321018869659,49.49278259277344,6312700
2024-10-03,49.32985305786133,49.547086957538525,48.786773487891885,49.293646832445845,4066300
2024-10-04,50.09016799926758,50.34813132050495,49.70095969665459,49.87293409320757,3443800
2024-10-07,49.4384651184082,49.904609019159416,49.080936434138955,49.80052044376872,3096500
2024-10-08,48.1622314453125,48.83203284958724,48.07624597014842,48.651005163068454,4219200
2024-10-09,48.35230255126953,48.62384577145127,47.84995588069046,48.04456001365245,3186200
2024-10-10,48.53333282470703,48.922541111569046,48.24368993022586,48.35230515245239,2494200
2024-10-11,48.67815399169922,49.03115605151488,48.605744994903624,48.651001049502824,4288600
2024-10-14,48.4609260559082,48.723416020106924,48.2708485450674,48.51523194311082,2736000
2024-10-15,47.58294677734375,48.47903194853321,47.573896946563096,48.24369491444401,4210700
2024-10-16,47.91783905029297,48.261791269658886,47.39286261813865,47.61009305461094,4492900
2024-10-17,48.0445671081543,48.171285454782726,47.732294430522835,47.97215465132892,3894000
2024-10-18,48.071720123291016,48.40661910455773,47.80923014613949,48.40661910455773,2395700
2024-10-21,47.25709533691406,48.144127181574014,47.1665832222243,48.10792440738762,3542700
2024-10-22,47.130374908447266,47.33855552526887,46.69591056210447,47.28424963998584,4413700
2024-10-23,46.60539627075195,47.05796370861865,46.2713985183737,46.82262670735127,4522300
2024-10-24,46.152828216552734,47.21183434966722,45.90844138903043,47.08511602120725,5804600
2024-10-25,44.985206604003906,45.917494474773775,44.976153321148736,45.817929080261315,5889700
2024-10-28,45.35630798339844,45.39251420615193,44.77702223060431,45.11192115903552,6457100
2024-10-29,44.78607940673828,45.23864690695126,44.641257944782765,45.11192855934219,4900600
2024-10-30,44.659358978271484,45.383466254309994,44.478331296057895,44.713668318780314,4775700
2024-10-31,44.69556427001953,44.93089783500173,44.5009601199548,44.58694559127472,4835200
2024-11-01,44.324462890625,45.003314153424526,44.224897486297166,44.80418334476886,4980400
2024-11-04,43.401222229003906,44.061970338608894,42.942318829723625,43.71801808538442,14634400
2024-11-05,43.35596466064453,43.35596466064453,42.686163291158344,43.26544909567842,7193500
2024-11-06,43.763267517089844,44.985201605585495,43.42384195686583,44.985201605585495,8862800
2024-11-07,44.2610969543457,44.27919661344398,43.464577294215154,43.935247845527954,20309400
2024-11-08,42.07972717285156,43.98050926930286,41.98016177157551,43.98050926930286,12571500
2024-11-11,41.88058853149414,42.52323342495335,41.79007297781412,41.99825702487051,6734700
2024-11-12,40.767276763916016,41.96205455684079,40.64960826001438,41.96205455684079,7101300
2024-11-13,40.72201919555664,40.83877960460655,40.45952925538654,40.640556919394044,6000300
2024-11-14,40.359962463378906,40.85145001624054,40.16083169461706,40.731067607916195,5542400
2024-11-15,39.86214065551758,40.577198034220665,39.825934431903754,40.34186103354636,9814100
2024-11-18,40.02507019042969,40.32376294037978,39.862145616705654,39.97076084824969,5075800
2024-11-19,39.50914001464844,39.82593585051491,39.237596780687866,39.58154901163979,6289700
2024-11-20,39.76258087158203,39.85309299055887,39.219501252088946,39.418628604401206,4808100
2024-11-21,40.55910110473633,40.85779386304052,39.48198823134445,39.6539660933165,6158200
2024-11-22,41.147430419921875,41.21984286697609,40.4233232134573,40.51383531945955,5494100
2024-11-25,41.51853561401367,41.95390802874057,41.156483736884134,41.47327956097442,9463700
2024-11-26,40.3147087097168,41.192687202498426,39.91192396108656,41.16553426077994,9225300
2024-11-27,40.40522003173828,40.80348158421591,40.33281103762495,40.40522003173828,5700600
2024-11-29,40.65350341796875,40.690286439678516,40.14131229342848,40.42361479401576,4339600
2024-12-02,40.8098258972168,40.96614846392552,40.24889714312697,40.717868351074856,7611000
2024-12-03,40.34085464477539,40.910980956336545,40.267292109368086,40.82822091161457,9478500
2024-12-04,39.40290832519531,40.11096570041189,38.82359152459974,40.04659716701238,10962600
2024-12-05,38.79600524902344,39.55923721020942,38.455771047298505,39.34774008439001,9742500
2024-12-06,38.61209487915039,39.11784915102347,38.373008745508706,38.90635203761553,8620000
2024-12-09,39.292564392089844,40.497182081422714,39.007501226815684,40.32706323165589,12855800
2024-12-10,38.786808013916016,39.14083494314664,38.414389574257285,38.989111120803194,7585200
2024-12-11,38.1615104675293,38.82818605449592,37.940815851504354,38.7960017883904,7135900
2024-12-12,37.95920944213867,38.38220718704993,37.91323241772848,38.04196948920586,5738700
2024-12-13,37.572998046875,37.93162374649946,37.18218807953609,37.93162374649946,7580000
2024-12-16,36.883331298828125,37.416671081038274,36.81896276490314,37.1040224129075,8419800
2024-12-17,37.30632781982422,37.65207982556223,37.01207064439518,37.0580476703393,9702700
2024-12-18,36.92011260986328,38.032772653668445,36.883329589946946,37.56379791928984,11720500
2024-12-19,35.9545783996582,37.31552210311757,35.94538439839325,36.837353357436,9553500
2024-12-20,36.72700500488281,37.04425242589251,35.724690472186566,35.85343104713655,17715600
2024-12-23,36.75459671020508,37.021264865386854,36.490682195488674,36.77298822225593,6718700
2024-12-24,36.86494064331055,36.947700689965906,36.25803480377862,36.69942054999983,3784100
2024-12-26,36.9844856262207,37.11782145872176,36.64424791246396,36.77298849778456,5274200
2024-12-27,36.80976486206055,37.42126943563242,36.690225304804706,36.89252490591104,4855000
2024-12-30,36.26722717285156,36.708612899203,36.07412157528942,36.69022489661588,7954900
2024-12-31,36.9017219543457,37.03505777376334,36.258033122193005,36.359184675394104,6867200
2025-01-02,36.368377685546875,37.33390915355183,36.322400664750795,37.085632539688646,7130500
2025-01-03,36.230445861816406,36.61205828344434,36.04653427467496,36.46033446878778,6839900
2025-01-06,36.55228805541992,36.910913716598984,36.36837647055787,36.59826507468001,6899400
2025-01-07,36.23964309692383,36.73160461943565,36.005155714695704,36.322403143132455,7248700
2025-01-08,35.78905487060547,35.963772448225065,35.24652115262929,35.90859792247863,6196900
2025-01-10,35.40284729003906,35.71089719730889,35.356870267850155,35.60515039705659,7833500
2025-01-13,36.47872543334961,36.49711694433973,35.44882537265708,35.44882537265708,8230600
2025-01-14,36.85574722290039,36.8833327362799,36.46953249647656,36.70861513068396,4516000
2025-01-15,37.15000534057617,37.490239542961575,36.91091919243987,37.22356788074118,5446400
2025-01-16,37.58218765258789,37.74770772656474,36.87413033786952,37.08563093847903,5812300
2025-01-17,37.73851776123047,38.0511664335263,37.68794198278393,37.80288629601296,6194800
2025-01-21,38.235076904296875,38.40059348325021,37.83966819786946,37.99599077547836,5583600
2025-01-22,37.53621292114258,38.12932597106554,37.527018919948794,38.06955619375122,5607300
2025-01-23,38.13392639160156,38.189097416818406,37.60978060510926,37.65575762873065,5442400
2025-01-24,38.04196548461914,38.54771971553594,37.986794464263475,38.363811637254734,5111600
2025-01-27,38.54772186279297,38.5937023927463,37.95461231400063,38.38220528468432,6182700
2025-01-28,38.087947845458984,38.78129346471736,37.95921076947998,38.63048517124353,6009600
2025-01-29,37.747711181640625,38.13852113903754,37.550006825617906,37.91323127076765,6765200
2025-01-30,35.44882583618164,36.30401181538338,34.47410029571409,36.15688323336062,18933200
2025-01-31,35.908599853515625,36.120096951851494,35.32008557852508,35.701701509528,12725800
2025-02-03,34.372947692871094,35.21893613682725,33.71086733998576,35.126982091291836,14986900
2025-02-04,35.44882583618164,35.78906002439265,34.52007731987956,34.55686034234078,10017100
2025-02-05,34.8970947265625,35.3568719864439,34.685597607955714,35.14537486783711,6757400
2025-02-06,35.651126861572266,35.761472414663956,35.11778359062232,35.14537260976165,7610300
2025-02-07,35.476417541503906,35.885619050839196,35.25112414274717,35.77067472781642,5966200
2025-02-10,35.46721267700195,35.86262134683639,35.08100151548271,35.77066731061418,5911100
2025-02-11,35.52239227294922,35.70630387946192,35.34307942125042,35.5407837843827,5446500
2025-02-12,35.182151794433594,35.45802093632523,34.99180685716609,35.29250085431899,5607400
2025-02-13,35.25572204589844,35.55457798010023,34.989050381052394,35.28330756025414,6619000
2025-02-14,35.55916976928711,36.33159566653185,35.50399874594087,35.706301852402234,5387700
2025-02-18,36.52470397949219,36.80056961370568,35.57756050800266,35.60514952689931,7612300
2025-02-19,35.78905487060547,36.22124655273194,35.6695153265539,35.862620904934055,6219800
2025-02-20,36.4051628112793,36.423554322226,35.798256981326006,35.86262551572847,5747100
2025-02-21,36.33159637451172,36.8649396627313,36.00515495133815,36.63505104011707,5962900
2025-02-24,35.908599853515625,36.267225520599126,35.76607003911623,36.23964001015325,7411700
2025-02-25,36.074127197265625,36.386775907300404,35.848837298332796,36.037344170715066,6180000
2025-02-26,35.724693298339844,36.386773704885634,35.43963362938328,36.35918819055365,6294900
2025-02-27,35.33847427368164,35.66951440395468,35.09019417597686,35.632731387741785,7949600
2025-02-28,35.694393157958984,35.881716845965265,35.23545030098871,35.404041262904144,10056900
2025-03-03,33.77433395385742,36.23762852268288,33.727500351404174,36.21889579628203,10954300
2025-03-04,33.362220764160156,33.91482368195266,33.231095253650444,33.61510720852983,8840500
2025-03-05,35.38530731201172,35.6194610206892,33.90545773107913,33.961652334504414,10393200
2025-03-06,35.066856384277344,35.30101008132944,34.39717666779227,34.95914768445842,9128500
2025-03-07,35.07622528076172,35.23544808315866,34.42995877646321,34.832703429810934,8667000
2025-03-10,35.029396057128906,35.932289837399175,34.80554302627379,34.991930606447426,6310800
2025-03-11,34.345664978027344,35.31038070713204,33.877357551070425,35.221401152681544,6997100
2025-03-12,33.483985900878906,34.46743092604447,33.4652531723259,34.46743092604447,6923900
2025-03-13,33.93355941772461,34.842077068121554,33.36222372305859,33.418421906647914,7958400
2025-03-14,34.62665557861328,34.82334385910451,34.33630366010066,34.44869645282387,5991200
2025-03-17,35.13242721557617,35.38999777074644,34.664119713741286,34.664119713741286,5097100
2025-03-18,35.22608947753906,35.40404503500901,34.954470279635544,35.37594772933022,4866000
2025-03-19,34.832706451416016,35.32911477238402,34.69221636174384,35.12305835338212,5525100
2025-03-20,34.28947067260742,34.65474989715634,34.18644246611369,34.42996075817892,5406300
2025-03-21,33.877357482910156,34.050632516780354,33.54392353883385,33.952288386065526,13257700
2025-03-24,33.98975372314453,34.52175170046876,33.690037257336925,34.21453928604918,6797400
2025-03-25,33.08123779296875,34.017852687612034,32.99225823464891,33.989755384101464,7218000
2025-03-26,33.32475662231445,33.512076725810324,32.90327924364484,33.03440474525273,5801600
2025-03-27,33.006309509277344,33.15616774519077,32.41624114222353,32.781520368956116,6911900
2025-03-28,32.18208312988281,32.98757238024522,31.96197809369056,32.837714164333725,6913700
2025-03-31,32.70659255981445,32.978211754644796,31.779345753879852,31.957301309336362,8477200
2025-04-01,32.41624069213867,32.56141485128539,31.932948513286046,32.294479760617676,6446000
2025-04-02,32.67849349975586,32.940744530115786,32.1258905622815,32.1446232891504,5146700
2025-04-03,29.465900421142578,31.507720948151874,29.39097130943815,31.357862724743022,18080900
2025-04-04,26.412540435791016,28.510557560974032,26.26736448569033,28.295134780013083,18677500
2025-04-07,25.7756404876709,27.43344916148793,24.65919435536419,25.494654967483545,19652900
2025-04-08,24.174030303955078,27.1618323642263,23.715089212864704,27.1618323642263,17050500
2025-04-09,27.967321395874023,28.22957242370332,23.471568818437152,23.743187996061657,19876900
2025-04-10,25.56022071838379,26.993240329439754,24.932688682587365,26.974507603248554,15213200
2025-04-11,26.627962112426758,26.702891233586634,24.792195964333025,25.297968872000567,11189100
2025-04-14,27.049436569213867,27.5833085439496,26.468736352166072,27.302323012017464,10448500
2025-04-15,25.944232940673828,26.937044215184446,25.930182502659942,26.290779446530323,12375800
2025-04-16,25.728809356689453,26.39380683096131,25.499339718224945,25.944232130480962,8672400
2025-04-17,26.365707397460938,26.60922747031589,25.97232909307233,25.97232909307233,8474900
2025-04-21,26.337610244750977,26.543664867664045,25.953596514513592,26.38444027245134,7745100
2025-04-22,27.16183090209961,27.489646459932406,26.693523472753064,26.730988924597302,8488300
2025-04-23,27.16183090209961,28.800906904812518,26.913628536210286,28.154642152107986,10727000
2025-04-24,27.873659133911133,28.266101355864613,26.272046754942835,26.71225689330456,13069300
2025-04-25,28.11717987060547,28.173376264686667,27.27422681358286,27.480281449514692,12991600
2025-04-28,28.051616668701172,28.978865195381445,27.82682752303523,28.332600421106903,9347200
2025-04-29,28.707244873046875,28.76812533866824,27.88302458885054,27.91112189109805,9498800
2025-04-30,28.65104866027832,28.697878688616107,27.87365839929404,28.29981808839173,11306100
2025-05-01,28.594852447509766,28.889884843491718,28.35133236844056,28.735344319851325,7009600
2025-05-02,28.491825103759766,29.091258063346984,28.295135047363253,28.903936156701548,8619400
2025-05-05,27.115001678466797,28.09844659470088,27.086902588749695,28.00946882360673,9061700
2025-05-06,26.974506378173828,27.42408285408917,26.81528178568217,27.058801855754766,7691300
2025-05-07,26.646692276000977,27.26485791271715,26.482783611046074,27.161829711114123,8814500
2025-05-08,27.38661766052246,27.854925079723838,26.8424450253664,26.91831024132108,7787000
2025-05-09,27.611406326293945,27.87365913669626,27.35383759071997,27.583309023128386,8162800
2025-05-12,29.016328811645508,30.336955661271546,28.978865145066983,29.643860858283144,11832500
2025-05-13,28.819639205932617,29.241114814261305,28.66041461084372,28.969497438198513,8502800
2025-05-14,28.257671356201172,28.81964064855424,28.145276783150106,28.735345165378725,6434900
2025-05-15,28.004785537719727,28.060045831871054,27.531795792755567,27.911123689141835,6481000
2025-05-16,28.276403427124023,28.37474755973139,27.658237755804745,27.995417894237292,5872600
2025-05-19,28.201473236083984,28.30449965308361,27.541159849275143,27.770629483295743,5937100
2025-05-20,27.901756286621094,28.366315721453713,27.828699373276994,28.229570043770927,5576400
2025-05-21,26.92767906188965,27.789364863328167,26.871482666662477,27.63950661842157,8938600
2025-05-22,26.85274887084961,27.01665576142764,26.52493330324243,26.730989721627523,6885100
2025-05-23,26.524932861328125,26.665424734690237,26.14092090712784,26.365708261797437,7095200
2025-05-27,27.086902618408203,27.199297190948567,26.871481623027893,27.021339862114296,8763100
2025-05-28,26.543664932250977,27.24612606817198,26.468735815877448,27.161830588945374,7731600
2025-05-29,26.96514320373535,27.24612695264472,26.412540282622636,27.011973233069877,10227600
2025-05-30,26.62915802001953,26.91714568932645,26.331572409608093,26.835548542183567,13965300
2025-06-02,26.110780715942383,26.61955577174287,25.778635590768086,26.552359204446137,12390500
2025-06-03,26.677156448364258,26.931543995808433,25.429213563516097,26.110782721965723,10557600
2025-06-04,27.14753532409668,27.195532354553617,26.58116157605198,26.73475427067739,8844700
2025-06-05,27.051536560058594,27.45951676853392,26.83074731384769,27.368321687960503,8634700
2025-06-06,27.406721115112305,27.68990798152139,27.171533108839085,27.214731167476717,6728400
2025-06-09,28.213083267211914,28.601865789597138,27.627511829371922,27.64670954219262,11394400
2025-06-10,29.470624923706055,29.648216120330893,28.366674995737977,28.49147019518078,10985100
2025-06-11,29.451427459716797,29.931405086293747,29.062644923040505,29.81620965028877,7842300
2025-06-12,28.933048248291016,29.230635669395806,28.750658084223257,29.000244817260104,6817200
2025-06-13,28.702661514282227,29.777812196368036,28.597067682189117,28.721861058651637,10271600
2025-06-16,29.3458309173584,29.3458309173584,28.683461299841845,29.125041655175973,10658500
2025-06-17,28.26108169555664,29.384229356566326,28.24668112244921,29.230636670528185,8850700
2025-06-18,27.35872459411621,28.241883496358035,27.339525049705244,28.1650871496835,12211600
2025-06-20,26.648357391357422,27.46431970264836,26.4179683559875,27.373122784023042,22583000
2025-06-23,25.793996810913086,26.518762175141163,25.544408241313096,26.11078195098822,17264100
2025-06-24,26.427568435668945,26.752032677172704,25.957190587441392,26.158780309123493,19116200
2025-06-25,25.74599838256836,26.446765244893086,25.74599838256836,26.427567532271986,15726100
2025-06-26,26.062782287597656,26.44676398628473,25.918789379461153,26.01478526187521,13857800
2025-06-27,25.91878890991211,26.648355039685192,25.66920035254481,26.30277060164291,18629400
2025-06-30,25.419612884521484,25.84199367901083,25.323616999732646,25.822794135859223,11746900
2025-07-01,26.715553283691406,27.30784620183052,25.314019563163253,25.371616362795702,21426600
2025-07-02,27.579511642456055,27.579511642456055,26.494763104102883,27.022737716130067,14120500
2025-07-03,27.320323944091797,27.62751114420525,27.233929661118054,27.521915486948462,5950000
2025-07-07,26.379568099975586,27.339523286999174,26.000385361668656,26.888345008247004,13061900
2025-07-08,27.89629554748535,28.41947116624323,26.56195850353938,26.60035575661116,18326600
2025-07-09,28.645063400268555,29.11544122996101,28.03069265633869,28.189084312709063,15427600
2025-07-10,29.019445419311523,29.688534680839727,28.400273872406526,28.510670332278572,12068000
2025-07-11,28.366674423217773,28.625862757473165,27.953895239847434,28.433872822852603,12318800
2025-07-14,27.11873435974121,28.22268247190851,26.94594213104265,28.07868955831612,13284400
2025-07-15,26.8691463470459,27.689907619459706,26.821149318506915,27.521916188603992,9162900
2025-07-16,27.013139724731445,27.15713447474485,26.499563820526927,26.840347489490803,8757000
2025-07-17,27.320323944091797,27.35872303071944,26.85954589037545,26.888345205346184,7623200
2025-07-18,27.205129623413086,27.589111324642477,26.97474060267545,27.497916242778363,9013200
2025-07-21,27.253128051757812,27.757106005958228,27.19553125135207,27.445119827735997,7026100
2025-07-22,28.472272872924805,28.55387002215123,27.334726402184497,27.334726402184497,9296400
2025-07-23,29.153841018676758,29.643416572674216,28.81305552191676,29.000246498028012,20963300
2025-07-24,24.066076278686523,26.494763564331382,23.394108745431232,26.10118208359021,66003500
2025-07-25,24.48845672607422,24.622849864620765,23.4421054391839,23.65329491846693,36918200
2025-07-28,24.680448532104492,25.083629809256426,23.92208483875284,24.31566634371433,17843700
2025-07-29,24.171672821044922,24.574854088159693,23.97968104395435,24.574854088159693,13123800
2025-07-30,22.962129592895508,24.046878216918337,22.827736444158873,24.027680503505483,16559800
2025-07-31,22.357357025146484,22.709659301916233,22.02137234589131,22.688540903158028,21303600
2025-08-01,20.91742515563965,22.155766439287756,20.91742515563965,22.07417112432438,25059000
2025-08-04,20.725431442260742,21.013417249416175,20.46144414720675,20.994219538316493,18562100
2025-08-05,21.483797073364258,21.7525851948062,20.907825404654677,21.071017865714197,22028700
2025-08-06,20.447046279907227,21.867781454457855,20.399049249355308,21.714188759528493,19480800
2025-08-07,20.744632720947266,21.25820861298175,20.456645058714106,20.879025864741184,12719600
2025-08-08,20.370248794555664,20.90782502774865,20.312651994916862,20.76383028219777,11325700
2025-08-11,20.034265518188477,20.735032363862253,19.585006096082978,20.42784699759261,20712400
2025-08-12,20.840625762939453,21.11901363978362,19.981467281403006,20.053462820229857,15785300
2025-08-13,22.002174377441406,22.069370951907523,20.840627574199257,20.93662346528057,16243300
2025-08-14,22.434152603149414,22.520546881934532,21.57019150560685,21.9109769745127,11822600
2025-08-15,22.4245548248291,22.899731639737357,22.41495505278448,22.63574431690285,10779700
2025-08-18,22.309358596801758,22.693340310066056,22.290159053396234,22.366955396049093,12231500
2025-08-19,22.58774757385254,23.269314918932846,22.36695647596728,22.58774757385254,8879800
2025-08-20,23.115720748901367,23.49010268461226,22.58774613028502,22.62614338552678,12660700
2025-08-21,22.7413387298584,22.990927296407488,22.477351421517564,22.88533164068347,9431100
2025-08-22,24.104475021362305,24.229268388440314,22.952528079395076,23.01972464866548,20539200
2025-08-25,23.92208480834961,23.998881154806217,23.528503303888336,23.998881154806217,10012300
2025-08-26,23.749292373657227,23.994081984744188,23.62929796888068,23.816488947377,8049300
2025-08-27,23.749292373657227,24.07567730112697,23.432507218285924,23.51890333620258,10348200
2025-08-28,23.58609962463379,24.05647746595201,23.317313333005828,24.05647746595201,11714200
2025-08-29,23.985368728637695,24.238564082748578,23.605576626185577,23.654269112030985,8791800
2025-09-02,23.771127700805664,24.097360859603683,23.44002622206817,23.59583846412953,12152500
2025-09-03,23.30368995666504,23.878248270703985,23.167354715173886,23.61531442717531,11528200
2025-09-04,23.28421401977539,23.35725182099134,22.592797426625758,23.138140274771935,11630400
2025-09-05,23.85877227783203,24.267779876892003,23.152747012410497,23.274475442399435,18476700
2025-09-08,23.352380752563477,23.708802682794715,22.51489044636632,23.70295921313758,15488100
2025-09-09,23.508193969726562,23.72243719676175,23.07971123051309,23.220914798643566,10959400
2025-09-10,23.20630645751953,23.819816891406944,23.094316531390415,23.313428064003176,11492700
2025-09-11,24.365161895751953,24.482020143121904,23.040756042703496,23.040756042703496,25711700
2025-09-12,24.384639739990234,24.822860969055192,24.219089002584784,24.345685751222636,14732800
2025-09-15,23.53740882873535,24.71573911602244,23.415680401167922,24.5550585574962,13192300
2025-09-16,23.83929443359375,24.228825024189394,23.552015274761644,23.761388315474623,11070800
2025-09-17,23.89772605895996,25.09553335384116,23.552015909155237,23.956155184766054,14775200
2025-09-18,23.478979110717773,24.335946401884797,23.264735894854756,24.160657173425363,15350400
2025-09-19,22.87520408630371,23.517929984711103,22.73886885252889,23.517929984711103,19106700
2025-09-22,22.563581466674805,22.777822831074513,22.339601605153053,22.73887070001475,12901800
2025-09-23,22.261693954467773,23.076787347494484,22.242216961563297,22.92389685379373,11016900
2025-09-24,22.524627685546875,22.768084543553957,22.310386319174874,22.368815445016615,11913600
2025-09-25,21.61897087097168,22.422377430190256,21.58488705765245,22.417509110042587,16437600
2025-09-26,22.35907745361328,22.592797677124324,21.760173792258833,21.84295009171659,12623800
2025-09-29,22.290908813476562,22.641487275342822,22.125358079531757,22.631748778354495,11803800
2025-09-30,22.329862594604492,22.35518120059693,21.729010523731457,22.183788855989317,14368700
2025-10-01,22.446720123291016,22.61227085039789,22.217871954517026,22.300646389356316,12531500
2025-10-02,23.069971084594727,23.340694976565036,22.349339048400395,22.524626416046328,17945200
2025-10-03,23.196569442749023,23.40594249201864,22.787561841551224,23.089447829421747,8354600
2025-10-06,22.807039260864258,23.26473749986236,22.690179148019805,23.206308372154375,9417100
2025-10-07,21.911115646362305,23.050493734270276,21.667658805847168,22.92389699447085,19270000
2025-10-08,22.008501052856445,22.349341036664256,21.852688807246327,21.920856432522193,10240600
2025-10-09,21.50210952758789,22.01823873290157,21.239175676347237,21.920855618653725,15428400
2025-10-10,20.109535217285156,21.76504252204392,20.109535217285156,21.638443921276778,18840800
2025-10-13,20.85938262939453,21.151530101480585,20.450375054017055,20.450375054017055,12276700
2025-10-14,21.346298217773438,21.511848961978924,20.343255254948605,20.464983688704745,9683300
2025-10-15,21.61897087097168,21.974417679464047,21.326821511541592,21.609232373247824,10597900
2025-10-16,21.326820373535156,21.88190171217592,21.00058907562217,21.726089471765473,10929900
2025-10-17,21.317081451416016,21.46802536892979,21.1077084092701,21.326819948426103,9111200
2025-10-20,21.063884735107422,21.506976104468684,20.878858876202816,21.41446317501638,10342700
2025-10-21,21.18074607849121,21.492370551193115,21.00058852847824,21.122316954216696,10565100
2025-10-22,21.132055282592773,21.433941255936,21.000588360952573,21.180745909528394,12026100
2025-10-23,23.86850929260254,24.07496059302469,22.738869681063598,22.84598942974911,33606400
2025-10-24,24.16065788269043,24.24830249949306,23.566624416773994,24.092490260161366,14496700
2025-10-27,25.056577682495117,25.368202142440246,24.296993525735946,24.34568415106676,17744700
2025-10-28,24.71573829650879,24.87155238746281,24.14118184627554,24.852075393915015,11767500
2025-10-29,24.2093505859375,24.9786732923729,24.087622156776398,24.647571816460424,12570700
2025-10-30,23.177091598510742,23.85390320821823,23.15761646197019,23.732174782054983,11446600
2025-10-31,23.22578239440918,23.45950073275476,22.98232555978734,23.293950010914777,13052700
2025-11-03,22.622011184692383,23.06997277690122,22.320125195713057,22.972589660557695,13200100
2025-11-04,21.998762130737305,22.368815742561942,21.969546638713606,22.242218991982803,12009900
2025-11-05,22.17405128479004,22.612272518929956,22.027977540076733,22.115620300961965,12998600
2025-11-06,21.638444900512695,22.339601841283745,21.638444900512695,22.232480229237407,15504300
2025-11-07,21.706613540649414,21.891639408474887,21.307342599597998,21.618968926446463,13745900
2025-11-10,21.52158546447754,22.154572889844577,21.132054884053847,22.105882263827237,14784800
2025-11-11,21.72608757019043,21.901376789667104,21.48750091056916,21.64818145680394,9556900
2025-11-12,21.599491119384766,22.096143295356416,21.511846508482222,21.83320946264879,8406100
2025-11-13,22.505151748657227,22.553842375556677,21.492370363779138,21.570276481275272,18599300
2025-11-14,22.329862594604492,22.57331944477257,21.947148767907095,22.25195647684784,12069100
2025-11-17,21.102840423583984,22.22274159347716,21.04927961789471,22.22274159347716,13080800
2025-11-18,21.27812957763672,21.429071639544023,20.693832751977553,21.0054572303482,12329300
2025-11-19,20.752262115478516,21.409596748424637,20.60618837174441,21.307343456125178,13044100
2025-11-20,20.40168571472168,21.185615247668373,20.382208720039806,20.88372925981313,12657200
2025-11-21,21.61897087097168,21.862427741782493,20.684095521195324,20.723049512090743,19595100
2025-11-24,21.940332412719727,21.979284543606266,21.375512584151952,21.618969438835105,15713700
2025-11-25,22.592796325683594,22.738870063568907,22.037713149834037,22.164311751448768,14209700
2025-11-26,23.28421401977539,23.46924175407494,22.592797426625758,22.612272563845362,10506200
2025-11-28,23.570819854736328,23.738829964150387,23.313863105925314,23.452223707199778,7253900
2025-12-01,23.560935974121094,24.000726630629067,23.289155421955446,23.323745571229885,11456100
2025-12-02,23.58070182800293,23.808009057144368,23.131028011648468,23.590584996881475,10733800
2025-12-03,23.48187255859375,24.178619957701958,23.457165578346007,23.69929662380435,10524700
2025-12-04,22.602291107177734,23.649882520536238,22.483694963674058,23.570819053207703,10415800
2025-12-05,22.69123649597168,23.407750249089588,22.666529515179022,22.898779281677974,9023600
2025-12-08,22.592409133911133,22.977843321910377,22.493579323264136,22.63193992715682,11723700
2025-12-09,22.839481353759766,23.565876365828856,22.58252461543497,22.617114764341988,11305700
2025-12-10,24.302156448364258,24.410869422158115,22.90371914009506,22.918544836080784,11997200
2025-12-11,24.292274475097656,24.75677213004286,24.139088175849956,24.252743682240663,11607200
2025-12-12,23.68941307067871,24.59370323625665,23.6498822799275,24.41086932336111,9613300
2025-12-15,23.17550277709961,23.95625431706914,22.83948255432128,23.738830243221564,17458900
2025-12-16,22.572641372680664,22.977841874285684,22.256387506552038,22.93830919850874,17492000
2025-12-17,22.799949645996094,23.102367466436988,22.641822705700488,22.71100300645209,14084900
2025-12-18,22.770301818847656,22.972902077100326,22.483695563990715,22.542992694814917,11153200
2025-12-19,22.98772621154785,23.2792731126442,22.645775711780725,22.760418969343053,15644300
2025-12-22,23.14585304260254,23.46210692330069,22.997609271653005,23.056906403028457,10433100
2025-12-23,22.631938934326172,23.12608608086177,22.503461505636494,22.98772548303877,7884500
2025-12-24,22.79006576538086,22.80983210355641,22.599326068549914,22.68135467545886,3448700
2025-12-26,23.017375946044922,23.037140400110356,22.60229225032123,22.78018364704123,8930500
2025-12-29,23.076671600341797,23.086554769252473,22.711001890733744,22.91854466781446,10431000
2025-12-30,23.234798431396484,23.3435114039174,22.967958527038814,23.027255655222167,7490500
2025-12-31,23.106319427490234,23.442339633353818,23.02231531853521,23.185382894456858,8939800
2026-01-02,23.985902786254883,24.13414655222859,23.032198648960975,23.274329693546285,10052700
2026-01-05,24.60852813720703,24.850661074487384,23.896956906970217,23.966137207615514,13203100
2026-01-06,25.221271514892578,25.36951528598277,24.396044776954863,24.48005077441979,11674600
2026-01-07,24.50969886779785,25.31021864008066,24.262625282900608,25.231155168314416,8259900
2026-01-08,25.616588592529297,26.081086239656415,24.064966827315978,24.213210596822776,10493800
2026-01-09,26.02178955078125,26.17991649227685,25.438695747133035,26.011906381310045,8765100
2026-01-12,26.18979835510254,26.303451970818298,25.764831514152114,26.04155459047423,7686400
2026-01-13,26.239213943481445,26.75312745210872,26.155209829486413,26.328160584783163,10247800
2026-01-14,27.929197311401367,28.19109469926225,26.520876794457358,26.58511645214803,21174700
2026-01-15,27.612943649291992,28.028027336397376,26.891487367760433,27.958847036050113,9559300
2026-01-16,27.24727439880371,27.528938132282562,26.901371006016152,27.02490779736729,14028400
2026-01-20,26.268861770629883,26.847014902080012,25.9970812218382,26.2392122637534,11465600
2026-01-21,28.07744026184082,28.21086021545303,26.43687191264303,26.555468055305575,12572300
2026-01-22,27.998376846313477,28.74948072449289,27.939079717384555,28.275099923018022,11409000
2026-01-23,27.919313430786133,28.275099975057977,27.795776645694158,28.156503831960112,8892300
2026-01-26,27.850133895874023,28.225684903434725,27.64259111102121,28.037910342165272,8707100
2026-01-27,27.484464645385742,28.052734636164892,27.31645453476579,27.879781998308623,12804900
2026-01-28,27.454816818237305,27.820484660093154,26.881606189499045,27.771070698227817,17825500
2026-01-29,26.842073440551758,27.2373907894878,25.517758907849657,26.2886291520413,23608400
2026-01-30,27.227506637573242,27.672239817215765,26.604882071095457,26.970551783803945,18949400
2026-02-02,28.54193878173828,28.68524190878397,26.782776120152118,27.178093466293852,17168900
2026-02-03,30.133092880249023,30.78042632319684,28.47275816018576,28.5617047976907,21848200
2026-02-04,32.02073669433594,32.465466111444414,30.58770921130989,30.647006341256233,26129300
2026-02-05,30.241806030273438,31.852724913766746,29.806956009413796,31.52658786937746,15877500
2026-02-06,31.40799331665039,31.482114257627675,30.449346645827983,30.637123089342957,8977200
2026-02-09,31.704483032226562,32.15909750654324,30.656889714413555,31.131270527184473,10275400
2026-02-10,33.206687927246094,33.592125882170656,32.020737749164475,32.020737749164475,13531200
2026-02-11,33.60200500488281,34.362992041222135,33.11773915628745,33.30551747943665,12754800
2026-02-12,32.2678108215332,34.02697349193573,31.69756533480091,33.80954753670176,15685900
2026-02-13,32.109683990478516,32.76195808833467,31.94265974774048,32.23815953714639,10184100
2026-02-17,31.052207946777344,32.307340314181374,30.56794395092476,31.92190612840565,9911400
2026-02-18,31.21033477783203,32.09979929531499,31.07197417522988,31.27951507913311,10918600
2026-02-19,31.022558212280273,31.35857843308093,30.528411050517178,31.12138802163726,8869400
2026-02-20,30.162742614746094,30.706303728014163,29.144798802874455,30.607473920595844,17925100
2026-02-23,29.945316314697266,30.53829326731956,29.737775418041437,29.737775418041437,9417700
2026-02-24,30.68653678894043,31.10162046395607,30.152858855361323,30.28133628297537,10487400
2026-02-25,29.668596267700195,30.933611804909717,29.297985893591747,30.795251201782886,11139300
2026-02-26,29.549999237060547,29.698243005277252,28.868075641237567,29.638945874994928,9211200
2026-02-27,30.729999542236328,30.860000610351562,29.20400047302246,29.239999771118164,13297800
2026-03-02,30.600000381469727,31.55500030517578,30.139999389648438,30.700000762939453,13479000
2026-03-03,30.739999771118164,31.0,29.385000228881836,29.829999923706055,13304900
2026-03-04,32.34000015258789,32.38999938964844,31.040000915527344,32.0,13279500
2026-03-05,33.720001220703125,34.59199905395508,33.209999084472656,33.5,24545900
2026-03-06,33.279998779296875,35.150001525878906,32.95000076293945,35.0,19447200
2026-03-09,34.310001373291016,35.749000549316406,34.099998474121094,34.95000076293945,28495500
2026-03-10,33.88999938964844,35.18000030517578,33.185001373291016,34.619998931884766,22301900
2026-03-11,34.369998931884766,34.57500076293945,33.70000076293945,33.95000076293945,11106300
2026-03-12,37.58000183105469,37.68000030517578,35.5099983215332,35.75,25159600
2026-03-13,36.619998931884766,37.75,36.5099983215332,37.70000076293945,16375100
2026-03-16,36.0,36.630001068115234,35.970001220703125,36.38999938964844,9567400
2026-03-17,36.90999984741211,37.56999969482422,36.029998779296875,36.18000030517578,14301700
2026-03-18,37.689998626708984,38.2599983215332,37.053001403808594,37.5,15273900
2026-03-19,37.4900016784668,38.58000183105469,37.06999969482422,38.0099983215332,13780000
2026-03-20,36.650001525878906,38.31999969482422,36.47999954223633,37.81999969482422,15453500
2026-03-23,36.040000915527344,36.685001373291016,35.54999923706055,35.91999816894531,14991500
2026-03-24,38.310001373291016,38.470001220703125,36.22999954223633,36.22999954223633,16393500
2026-03-25,39.619998931884766,39.69499969482422,38.0,38.29999923706055,12223800
2026-03-26,39.470001220703125,40.19499969482422,39.220001220703125,39.619998931884766,9711600
2026-03-27,40.81999969482422,41.05500030517578,39.310001373291016,39.630001068115234,12322100
2026-03-30,41.869998931884766,42.5,41.209999084472656,41.619998931884766,15306500
2026-03-31,41.650001525878906,42.7400016784668,40.86000061035156,41.68000030517578,21086600
2026-04-01,40.689998626708984,41.755001068115234,39.584999084472656,41.59000015258789,21922000
2026-04-02,41.400001525878906,42.369998931884766,40.79999923706055,42.119998931884766,13355400
2026-04-06,40.560001373291016,41.06800079345703,39.935001373291016,40.45000076293945,13059100
2026-04-07,41.40999984741211,42.04999923706055,40.65999984741211,40.84000015258789,14260200
2026-04-08,39.279998779296875,39.345001220703125,35.75,36.619998931884766,27145700
2026-04-09,38.040000915527344,40.599998474121094,37.900001525878906,39.599998474121094,18497700
