Price,Close,High,Low,Open,Volume
Ticker,ES,ES,ES,ES,ES
Date,,,,,
2021-04-12,71.13959503173828,71.85584428174784,70.69502328287457,70.97493533894152,1251200
2021-04-13,71.9875717163086,72.26748377113253,70.68678841405325,70.69502296893778,1623900
2021-04-14,72.58033752441406,72.61326318328035,71.48537407391314,71.65002749274585,1044500
2021-04-15,73.0989990234375,73.2142576690245,72.27571939431596,72.49800213048373,1624800
2021-04-16,73.83997344970703,74.25161338414647,73.0002244660195,73.27190833021999,1221900
2021-04-19,73.55178833007812,74.21864900363191,73.12368574902898,74.1610196892383,1198800
2021-04-20,74.57266998291016,75.03370456321561,73.59296521863601,73.59296521863601,978500
2021-04-21,73.70819854736328,75.08307354221047,73.51884781597006,74.3915219092776,1153400
2021-04-22,72.6297378540039,73.59297361827888,72.52270747055617,73.53534428916309,1711400
2021-04-23,72.58856201171875,73.02489920187509,72.30041540323109,72.77791908651064,1044800
2021-04-26,72.2592544555664,72.60503669341328,71.81468895756771,72.55563564164918,846500
2021-04-27,71.64177703857422,72.46505651228449,71.52651841474469,72.1686816803828,904000
2021-04-28,70.3492431640625,71.92994485637074,70.15165780794594,71.76528515866924,1885900
2021-04-29,70.0528564453125,70.51389728126449,68.70267843664001,70.1269548736953,2791600
2021-04-30,70.98316955566406,70.99140411054593,70.19282187738031,70.63739362412586,2935100
2021-05-03,71.14781951904297,71.98756820480239,70.63739020135067,71.01609805294082,1653500
2021-05-04,70.90084075927734,71.45243657871993,70.11049310430181,71.12312348553225,1103500
2021-05-05,68.81793975830078,70.74441731673822,68.56272508851792,70.68678799513806,1242000
2021-05-06,69.42717742919922,69.50950414157572,68.54626841640713,69.13079623974342,1378100
2021-05-07,69.2131118774414,69.97876211417083,69.07315586068295,69.2131118774414,1302500
2021-05-10,70.3492431640625,70.63739606475882,69.34484727314688,69.34484727314688,1766700
2021-05-11,69.17194366455078,70.57152264065242,68.68621175455992,70.49742421642749,1582200
2021-05-12,68.06875610351562,69.1637194552468,68.05229327556748,69.0484608162356,1610900
2021-05-13,69.74002075195312,70.21752447254211,68.19225721891094,68.32397870117228,1643100
2021-05-14,70.07754516601562,71.0819407632727,70.061076060498,70.061076060498,1595400
2021-05-17,69.20487213134766,70.60445103730763,69.12254543832037,70.14341025033156,1436000
2021-05-18,69.37776947021484,69.74001450596003,68.86734013561926,69.1143202481615,1369500
2021-05-19,69.03201293945312,69.29736096436275,68.35205823022245,69.20614698770045,1705700
2021-05-20,69.45489501953125,70.09338635961726,69.17295925960127,69.17295925960127,1413900
2021-05-21,69.72852325439453,70.27580691125732,69.28904134434062,69.65389711558248,3146500
2021-05-24,69.0734634399414,70.15143682516334,69.03200024857354,69.93583961756104,1528200
2021-05-25,68.26913452148438,69.2973572724294,67.9291540217841,69.0900539413133,1447100
2021-05-26,67.58087921142578,68.2774152979169,67.39845128599383,68.1115751801033,1234400
2021-05-27,67.29063415527344,67.73011601959644,67.19942022195437,67.64719598741354,1871900
2021-05-28,67.3238296508789,67.8959825242255,67.15798319553573,67.48137587546067,1447000
2021-06-01,66.26243591308594,67.57258808093268,66.16292804247678,67.41504186046222,1686000
2021-06-02,66.95067596435547,67.36528258892659,66.17121981211037,66.23755206398152,1572900
2021-06-03,68.16130828857422,68.40178082557047,66.56092689341479,66.89261336949214,2471000
2021-06-04,68.02864074707031,68.54275512589454,67.871088239961,68.3686148146718,1478200
2021-06-07,68.08670806884766,68.26913601644793,67.82136005226428,68.26913601644793,891600
2021-06-08,67.29063415527344,68.327150373542,66.7516444564952,68.327150373542,1380000
2021-06-09,68.4598388671875,68.6671421644611,67.3735716139201,67.64721348465595,1930400
2021-06-10,68.92420196533203,69.15638064406888,68.36862432533228,68.65885400014785,1536700
2021-06-11,68.66712951660156,68.97394061755672,68.13643367944205,68.71688660073073,1583100
2021-06-14,68.45155334472656,68.83299066399066,68.0866975061284,68.83299066399066,1307000
2021-06-15,69.46318054199219,70.0270457187845,68.40178875659348,68.49300270625062,2171100
2021-06-16,67.97061157226562,69.9358429391017,67.90427299348426,69.85292287882254,1652500
2021-06-17,68.56763458251953,69.00711652175107,67.67208289895677,67.99547550806655,1601100
2021-06-18,66.27072143554688,68.31887917569911,66.0965874121778,68.15303905622238,4128900
2021-06-21,66.90921020507812,67.11651348981178,65.70684735778646,66.30388183004244,1968400
2021-06-22,66.51948547363281,67.11652000383422,66.50289766646344,66.85945960386735,1406600
2021-06-23,65.29225158691406,66.41998214849043,65.24250081479592,66.25414202383313,1310900
2021-06-24,65.74003601074219,65.92246396727752,65.0434998054939,65.3420171295706,1240300
2021-06-25,66.57752990722656,66.66044996359173,65.6405212501502,65.70685349940545,1427900
2021-06-28,67.54769134521484,67.8379146347672,66.75164761113128,66.75164761113128,1490300
2021-06-29,66.44486236572266,67.77989634338795,66.23755903163048,67.2077434432426,987900
2021-06-30,66.53605651855469,67.008707726432,66.21266391981726,66.50288723581318,1311000
2021-07-01,66.2209701538086,66.90921866447484,65.98049755394709,66.3370595018252,1840400
2021-07-02,66.9175033569336,67.07505589090437,66.16292262735752,66.61898609593358,1071900
2021-07-06,67.19943237304688,67.23260165719634,65.98048806772901,66.90091514209581,1130600
2021-07-07,68.57594299316406,68.62570009718614,66.88435328991615,67.3404168464129,1441800
2021-07-08,68.50130462646484,69.18955311756189,68.21108126467537,68.38521528174905,1779600
2021-07-09,68.51789855957031,68.6920326082908,68.06183500141552,68.49302317066682,1343600
2021-07-12,68.41008758544922,68.55934621141871,67.90426703779677,68.26912286269874,950400
2021-07-13,68.76663970947266,69.18124624182775,68.18619309473296,68.31056999332459,2198500
2021-07-14,69.68706512451172,70.03533308539485,68.29398695458569,68.63396101362109,1661200
2021-07-15,71.4035415649414,71.61084484289643,69.56268744447772,69.60415063062632,2875900
2021-07-16,72.44007110595703,72.69712519284246,71.40355452800594,71.61085784359616,2194000
2021-07-19,71.50305938720703,73.1366041311251,70.76505379448727,72.35714799926427,2312600
2021-07-20,71.26258087158203,72.7966239496497,70.8230989097653,71.76010750144259,1777400
2021-07-21,69.47148132324219,71.12161383029016,69.11491939193085,70.9972369106191,2331000
2021-07-22,70.32556915283203,70.52458487494555,69.44660518921187,69.64561458493075,1329500
2021-07-23,71.49475860595703,71.5279278910319,70.26752036376404,70.42507288627108,834500
2021-07-26,71.1630630493164,71.65230203408179,70.5162778884346,71.30402774819711,1145000
2021-07-27,72.63906860351562,72.81320260088312,70.7733390692144,71.33720424819232,1339400
2021-07-28,71.62743377685547,72.87125357404852,71.10503173953646,72.37372692045022,1465600
2021-07-29,71.63572692871094,71.88449341609764,70.98894165317898,71.80156703603902,1456100
2021-07-30,71.53620147705078,73.06195666012881,71.29573527847633,72.02544042823094,2082900
2021-08-02,72.39031982421875,72.43177669120739,71.26258928924828,71.54451875979336,1267400
2021-08-03,72.80492401123047,73.76680806680787,72.09180012842891,72.33227272392199,1671400
2021-08-04,73.1117172241211,73.15318040951728,71.9010668620001,72.398593454785,1209600
2021-08-05,73.82485961914062,73.92436749336055,72.87955695643552,73.36879609668912,1045200
2021-08-06,73.76681518554688,74.51310842868392,73.40195930525866,73.77510909002491,1072200
2021-08-09,73.7585220336914,74.13996572682792,73.24441382592538,74.0238700421371,872900
2021-08-10,73.73362731933594,74.01556306300597,73.29414538864437,73.84971664720186,863200
2021-08-11,74.56285858154297,74.61261568160121,73.77510847536978,74.0072871876568,1061700
2021-08-12,74.29750061035156,74.97745517356829,74.26433132356117,74.57114248157642,1197800
2021-08-13,74.99404907226562,75.01063055381051,74.28092516432822,74.45505918932757,1401400
2021-08-16,75.30084991455078,75.86471515294429,75.0189204585514,75.12671589883445,1272900
2021-08-17,75.32572937011719,75.35889865962665,74.45505924447554,75.11842605547939,1348500
2021-08-18,74.81160736083984,75.50814333251523,74.38041300336981,75.45009866820895,1151400
2021-08-19,75.60765838623047,76.14664822122383,74.72869443545008,74.86965915842532,1567300
2021-08-20,76.37884521484375,76.83491510605576,75.0935619406252,75.5330440213953,2316000
2021-08-23,75.55790710449219,76.37053247666354,75.28426523724501,76.10518451259205,1656200
2021-08-24,75.35888671875,75.66569785330087,74.42187816256168,75.4003499056656,1213900
2021-08-25,74.91940307617188,75.26767106335376,74.7203937015528,75.15158173429313,1516800
2021-08-26,74.86965942382812,75.15988277403964,74.61260536026857,74.80332085052419,1646200
2021-08-27,74.77842712402344,75.05206892698206,74.54624850080752,75.00231184601222,1119200
2021-08-30,75.49987030029297,75.58279036150459,74.66236313134678,74.67065703538648,683000
2021-08-31,75.2345199584961,75.7237527328392,74.87795801266834,75.49986794192175,1662900
2021-09-01,76.00567626953125,76.33735645054074,75.33400935228097,75.43351720242018,1542800
2021-09-02,76.80171966552734,76.8265950463257,76.03883880481214,76.09688346880628,943900
2021-09-03,76.27932739257812,76.78514799641798,75.99739791575996,76.58613858181721,926800
2021-09-07,74.40531921386719,76.18812291598502,74.39702530869381,76.18812291598502,1463000
2021-09-08,76.19640350341797,76.79343804362964,74.12337042012464,74.47163845978315,2738700
2021-09-09,74.47162628173828,75.16816857354743,73.7087517501709,74.67064198019453,2580700
2021-09-10,73.24439239501953,74.6374706133513,73.14488454856951,74.4218734425731,1534700
2021-09-13,73.26097869873047,74.19799358360834,72.87124751578773,73.83313778231826,1550500
2021-09-14,72.11666107177734,73.70045473173359,71.66059135675681,73.53461464975899,2134400
2021-09-15,71.23406982421875,72.05237517591951,71.12552177953533,71.99392524869548,1905700
2021-09-16,70.85832977294922,71.42613186490412,70.24877499768505,70.94182876900273,986200
2021-09-17,69.55572509765625,70.99192434164016,69.40542436193454,70.46587495189654,3092300
2021-09-20,69.61417388916016,70.40742386601487,68.81257210196753,69.66427201005823,1286400
2021-09-21,69.75611877441406,70.51596783649977,69.5473681220022,69.61416985970943,1066000
2021-09-22,69.26347351074219,69.98157636409702,68.91277389507547,69.98157636409702,886000
2021-09-23,68.87937927246094,69.6642839440017,68.7708312017319,69.37203423775752,1147000
2021-09-24,69.0296630859375,69.3219127204397,68.67061171481645,68.67061171481645,1359100
2021-09-27,68.05271911621094,69.81457529868074,67.9441710601038,69.07977522616675,1027800
2021-09-28,67.69367980957031,68.027682218823,67.09247674702868,67.65192711945144,1466800
2021-09-29,68.58710479736328,68.88770620681994,67.65189970454662,67.88570575567341,1076800
2021-09-30,68.26981353759766,69.02966258175353,68.07776013886225,68.89606548005582,1979700
2021-10-01,68.33660888671875,69.0547116235431,68.13621004893834,68.68731481603972,1600600
2021-10-04,70.90841674804688,71.30922078487922,68.59546243113226,68.77916401590691,2506000
2021-10-05,70.71636962890625,71.31757249806111,70.46586630990372,70.79986861171909,1442600
2021-10-06,72.02732849121094,72.07742661032155,70.29052149564548,70.71637461977916,1650100
2021-10-07,71.8853530883789,72.68696099323584,71.20065137967576,72.06070919732822,1551400
2021-10-08,71.31757354736328,72.36132677429065,71.21737094417517,71.8853691870702,824800
2021-10-11,70.415771484375,71.31757583024243,70.27382256990448,71.20902141400612,1163200
2021-10-12,71.40107727050781,71.51797713003754,70.41577390406829,70.54937101328888,1462100
2021-10-13,72.01062774658203,72.25277928289347,70.79987643558954,70.88337542762959,1523300
2021-10-14,73.22138977050781,73.32158601867206,72.11918644674513,72.38638705945836,1203500
2021-10-15,72.15257263183594,73.42177369121613,71.94382199656813,73.25477573122741,1164500
2021-10-18,71.31757354736328,71.7100194094141,70.95852218247771,71.56807049948738,1168700
2021-10-19,71.94383239746094,72.48657903117086,71.46787476450005,72.48657903117086,1449900
2021-10-20,72.06072998046875,72.75377732619499,71.63487685267309,72.12752534966913,1552800
2021-10-21,71.8853530883789,72.32790970875963,71.63485619235348,72.15255997037302,985400
2021-10-22,72.22774505615234,72.51164296150714,71.98559347010888,72.13589423487497,931300
2021-10-25,71.8185806274414,72.24442739757328,71.57642909138117,72.22773014740848,862200
2021-10-26,71.83527374267578,72.2527750489757,71.48457417431929,71.8436255525598,1143700
2021-10-27,71.45951843261719,72.3863717555725,71.06706622210555,72.28616915802789,1145500
2021-10-28,71.52633666992188,72.11918784176686,71.19233430492837,71.71003191863132,1017100
2021-10-29,70.8917236328125,71.89372422746588,70.60781942963658,71.26747226316641,1552600
2021-11-01,70.76647186279297,71.02532063574589,70.43246954154007,70.89172352958336,1014200
2021-11-02,70.59947204589844,71.40941921281186,69.99826915743814,71.18397131492137,1440900
2021-11-03,70.57442474365234,72.1024811993563,69.69767573915702,71.14222682918668,1215500
2021-11-04,69.98992919921875,70.75813018874786,69.07977927325683,70.49092956758273,1060200
2021-11-05,70.48257446289062,71.02532107137051,70.02332047203055,70.14857213958916,1322700
2021-11-08,68.98790740966797,70.49090805609389,68.67060238910169,70.49090805609389,1222400
2021-11-09,69.5724105834961,69.85631475654723,69.03800947364378,69.12986026164,1421500
2021-11-10,69.92311096191406,70.51596200123703,69.46386338694975,69.91476552331451,1063700
2021-11-11,68.89605712890625,69.75610867300846,68.59545572331821,69.55570985947091,816400
2021-11-12,68.428466796875,68.88772081721571,68.4117695463921,68.72906827008622,836300
2021-11-15,69.72270202636719,69.79784918624998,68.55369736498618,68.92110046813639,973600
2021-11-16,69.61417388916016,70.13187145994607,69.48892221635028,69.88137448489103,974000
2021-11-17,69.94816589355469,70.16526835608931,68.88771538104032,69.15491596163511,893100
2021-11-18,69.48056030273438,70.014961416488,69.23006336410448,69.94815968462785,888100
2021-11-19,70.0233154296875,70.32391686195622,69.6642640728423,69.88136652293949,1065200
2021-11-22,70.70803833007812,71.56809020660138,69.94818271376906,69.96488633751534,1161400
2021-11-23,71.14221954345703,71.42612374243184,70.29887149748636,70.7581191088382,860800
2021-11-24,70.91676330566406,71.2841664480048,70.63285914006525,71.2841664480048,783900
2021-11-26,70.74142456054688,71.29252298932201,70.48257578116495,70.60782108050165,964100
2021-11-29,71.20067596435547,71.43448206683057,70.11517629897746,70.74142831112185,1121000
2021-11-30,68.69566345214844,71.0336733604636,68.67896620262475,70.79152183370088,3065200
2021-12-01,68.8042221069336,70.52432558917334,68.50362063248481,69.00462096637781,1254400
2021-12-02,69.37201690673828,69.97321979256705,68.66226597729873,69.08811271262394,1285200
2021-12-03,71.22572326660156,71.30087044161064,69.07141506177625,69.92311489803332,1554600
2021-12-06,71.92710876464844,72.83726472546029,71.40105952748685,71.5179593579672,1672300
2021-12-07,72.89574432373047,73.04604507705929,71.43448947714246,71.62653654660589,1541200
2021-12-08,72.9374771118164,73.32992935997204,72.35297782981719,72.9875816006766,1416200
2021-12-09,73.0877914428711,73.63054451751437,71.98558804123246,72.98759518762749,1314100
2021-12-10,73.38004302978516,73.61384916270002,72.7871918122382,73.2714949602847,973200
2021-12-13,74.53234100341797,74.98324321510306,73.00428457002377,73.22973249058387,1901600
2021-12-14,74.53234100341797,75.0583903984348,74.0647351706159,74.69933899119843,1078200
2021-12-15,75.87669372558594,75.96854452748973,74.6325351800036,74.74943504232394,1620100
2021-12-16,76.41718292236328,76.63572925376083,75.46732277106469,75.87920545590556,1203500
2021-12-17,75.14790344238281,76.83747216580959,74.86210271679585,76.2910935184892,2971200
2021-12-20,75.37483978271484,75.45049535037913,73.99628849730496,74.65194015583903,1011500
2021-12-21,74.77806091308594,76.19864439788049,74.45023494169058,75.80357042898814,874000
2021-12-22,75.10588073730469,75.30761830016209,74.46703763961449,74.6519664110344,1091800
2021-12-23,75.1815185546875,75.72789072435496,74.98818222670303,75.12267817888701,779700
2021-12-27,74.9966049194336,75.55138480103734,74.67718017527508,75.48414322453354,819700
2021-12-28,75.70269012451172,75.76993811462837,74.87892469150727,75.02182186066418,550200
2021-12-29,76.16500854492188,76.19022493677811,75.44210871714523,75.77834223917732,577500
2021-12-30,76.61050415039062,76.84586565781964,75.70267569620432,76.43398301981885,820300
2021-12-31,76.47604370117188,76.87951889221621,75.83720050004206,76.54328529093091,980200
2022-01-03,74.92095184326172,76.3667516031367,74.29051634888285,76.22385443022665,1484600
2022-01-04,74.29891967773438,75.9296481149328,74.26529568372686,74.72761758492882,1861700
2022-01-05,75.00502014160156,75.98009043774309,74.10559903163293,74.10559903163293,1180200
2022-01-06,74.72761535644531,75.5093555577244,74.40819062946017,75.10587405478772,1146400
2022-01-07,75.36644744873047,75.84557805648346,74.13919432826282,74.7780372763068,1043800
2022-01-10,74.80326080322266,75.29920665892804,74.1055838257831,74.48384250527587,1537100
2022-01-11,72.81948852539062,75.19833294876605,72.14702795369357,74.86209945635729,1902800
2022-01-12,73.54238891601562,73.73572526006193,72.06297179780606,72.46644686163756,1558200
2022-01-13,74.0299301147461,74.21485886517469,72.94558041614992,73.76094459042834,1142800
2022-01-14,73.44992065429688,74.12238760922698,72.79426890045612,73.95427407705454,1195900
2022-01-18,72.96240997314453,73.21458034442303,71.38211409539569,73.0044351617966,1538200
2022-01-19,73.02122497558594,73.87020660072666,72.63455874358604,72.77745587893213,945000
2022-01-20,72.85311889648438,73.78616387340337,72.75225332911218,73.31544079067704,1087900
2022-01-21,73.22296905517578,74.35775146594938,72.94557594652969,73.4919545630119,2010000
2022-01-24,72.41602325439453,74.03834414244018,70.65080519702207,73.51718183809842,2821200
2022-01-25,71.92847442626953,72.50847703393292,71.08789391110307,71.81920126802123,1411700
2022-01-26,71.15514373779297,72.5925356864505,70.80210145141123,72.02934826582432,1953800
2022-01-27,72.07136535644531,72.95397738646727,71.42412123738376,71.71832310968446,1104900
2022-01-28,73.30702209472656,73.44151804836288,71.20557091755936,71.65107754101959,2593500
2022-01-31,75.22355651855469,75.42530048112886,72.7606550902711,72.87833586187884,2298600
2022-02-01,73.94586944580078,75.53456611716896,73.2145620839327,74.94616231781794,1931800
2022-02-02,74.54269409179688,74.87892764250992,73.5592162467865,73.8618258011161,2037000
2022-02-03,74.0299301147461,75.0386242276575,73.786160981283,74.5258759829974,1970500
2022-02-04,73.75253295898438,74.55108830009716,72.53369377139171,73.382681891458,2426700
2022-02-07,74.38298034667969,74.56790911683288,72.94558819656362,73.66008047051069,1568100
2022-02-08,73.76935577392578,74.81167392963101,73.68529899595491,74.67717795438075,1911500
2022-02-09,73.4331283569336,74.45023020516004,73.14732759231502,74.28211663523496,1885500
2022-02-10,71.18876647949219,72.64296719159519,70.92818215668032,72.49166244106975,2124500
2022-02-11,70.70962524414062,71.68469516900804,70.4490409603713,71.4493336841476,1677600
2022-02-14,69.10413360595703,70.86095047739198,68.67543568412418,70.5667421230604,3978500
2022-02-15,69.07051849365234,69.642113658566,68.69225972246747,69.34791167951974,2928100
2022-02-16,68.6333999633789,69.33108332622683,68.16267051658784,69.02847382940412,2374500
2022-02-17,69.1629638671875,69.55803773601701,66.41426840017769,67.59948359354583,3924300
2022-02-18,69.61688995361328,69.64210634729535,68.3560189645381,68.39805056275586,2208900
2022-02-22,69.2722396850586,69.91948382587776,68.8603506368718,69.74296269656345,1785000
2022-02-23,66.9942626953125,68.73426405847854,66.94382991795472,68.33919661397552,2592300
2022-02-24,67.01107788085938,67.26324818070962,66.09484180931223,66.95223750291564,2995400
2022-02-25,68.76789093017578,69.11253202488693,67.25484982794082,67.6751400918595,3039500
2022-02-28,68.7594985961914,68.9276121581579,68.01138234313427,68.21311990011833,3998600
2022-03-01,67.61628723144531,69.26382399234495,67.0446923214908,68.83512620659924,2787800
2022-03-02,68.4195556640625,68.63138091379643,67.3350114197277,67.78407991486068,3372100
2022-03-03,70.72421264648438,71.01229187193476,68.30093136725266,68.77541783947368,3948300
2022-03-04,72.81703186035156,73.33388585868707,70.2497115045101,70.51237268044086,2704200
2022-03-07,73.42709350585938,73.63891871473011,71.90194941623315,72.67298981503859,1995900
2022-03-08,72.0968246459961,73.6304435467249,71.56302744935773,73.35083272088904,2296300
2022-03-09,71.3342514038086,72.1391845214424,71.18173701195894,71.8341557377431,2721000
2022-03-10,71.47830200195312,71.72402003029514,70.66489394143782,71.08854437698075,2394800
2022-03-11,71.01228332519531,72.1222518525403,70.93602935036313,71.64775897303389,1998200
2022-03-14,70.51238250732422,72.05446989932408,70.13956803967825,71.52914100985865,2429200
2022-03-15,71.31730651855469,71.40203530536026,70.63099494171989,71.18174175254418,3722500
2022-03-16,71.19869232177734,71.47830316524048,69.77522657661095,71.2495283062642,2327400
2022-03-17,71.39356994628906,72.13071753324775,70.9106087304087,71.07159149277392,2013200
2022-03-18,70.6903076171875,71.90194804743783,70.36833563301461,71.65623003409841,4032300
2022-03-21,71.6138687133789,71.83416875583914,70.74114982690037,70.74114982690037,1567000
2022-03-22,71.34272766113281,71.91042413304268,70.84282327181234,71.91042413304268,1636000
2022-03-23,71.74943542480469,72.31712543642766,71.10548497606042,71.45288142353839,1685300
2022-03-24,72.37643432617188,72.49505592354716,71.58844430681191,71.80874432953411,1309300
2022-03-25,73.42709350585938,73.4440366782364,72.46963942455255,72.8085610516242,969200
2022-03-28,73.7406005859375,73.74907540546091,73.02039607188514,73.68128977806009,1115800
2022-03-29,74.37606811523438,74.4269040979955,73.47793127636095,74.17271771979733,993600
2022-03-30,75.104736328125,75.13862913311429,74.06256004836828,74.36758236448881,1451100
2022-03-31,74.72345733642578,75.58770128167467,74.68108971196406,75.096265281243,1604600
2022-04-01,76.12151336669922,76.14693782499616,74.24051070949507,74.72347198684628,1650500
2022-04-04,75.511474609375,75.90123233061593,74.52860225324153,75.79107905295608,1148600
2022-04-05,76.33333587646484,77.0704899953219,75.62160621499702,75.62160621499702,1654100
2022-04-06,78.16351318359375,78.24824198630706,76.38418246904101,76.74852213866221,1371600
2022-04-07,78.07030487060547,78.41770134456875,77.24842195844148,78.07030487060547,2021000
2022-04-08,78.4007339477539,79.07857710398109,77.90082962993972,78.4007339477539,1117000
2022-04-11,77.76527404785156,79.0108073808117,77.60428481139222,78.7227281833505,1368500
2022-04-12,78.66339874267578,78.82438795422233,76.91796126149761,77.5364936550251,1556500
2022-04-13,78.38380432128906,78.7989799324084,78.00251505588382,78.6973015020885,1390400
2022-04-14,78.46004486083984,78.96842399660336,78.23974486506546,78.59561607805222,1191500
2022-04-18,77.67206573486328,78.9175989924767,77.30772611844843,78.4685305857219,648300
2022-04-19,78.37531280517578,78.61255596098616,77.56190492908684,77.83304088778316,1347900
2022-04-20,79.01927947998047,79.49376588977046,78.68035784539083,79.1209514452826,933100
2022-04-21,78.88370513916016,80.18007436093708,78.49394753724235,78.92607276596542,1032200
2022-04-22,77.9516830444336,79.00233435369813,77.85000460893333,78.79898394709048,1089600
2022-04-25,76.84171295166016,78.39226852958095,75.81647974162809,78.22281095240243,1299000
2022-04-26,76.01982879638672,77.55344117550051,76.01135397835849,76.46889718600178,1202900
2022-04-27,75.8418960571289,76.94338321325212,75.27419961089235,76.09608241728408,1065800
2022-04-28,76.42652893066406,76.77392535864688,75.51144898730784,76.1892857429646,1291400
2022-04-29,74.05409240722656,76.14692645128262,73.90157800219112,76.11303364300895,2291800
2022-05-02,73.02039337158203,75.06238522247114,72.26629607171589,74.65568440189251,1465800
2022-05-03,73.47793579101562,74.84209077032467,73.02886734398712,73.55418976984255,1644800
2022-05-04,75.0454330444336,75.15557982337627,73.45250983690036,73.74906382974002,1733100
2022-05-05,76.10456085205078,77.94320211522654,74.70651317938459,74.7912419701296,2401800
2022-05-06,76.59600067138672,77.45177636827833,75.65549617956557,75.65549617956557,2038000
2022-05-09,76.71463775634766,77.51110281105693,75.87581152782248,76.51128731460695,1595200
2022-05-10,75.5199203491211,77.97709403918655,74.80819075767178,76.74851042634997,1562200
2022-05-11,75.65548706054688,77.13826341846416,75.40976905979356,75.52839065127559,1333100
2022-05-12,75.34199523925781,75.86732412975732,74.14730431964784,75.34199523925781,1844900
2022-05-13,75.69786071777344,75.97747157145324,74.49469496874232,75.7825959808713,1525200
2022-05-16,75.63854217529297,76.3587530515977,75.1725305978872,75.94357099094402,1598500
2022-05-17,76.30790710449219,76.36721790123647,74.57941271658305,75.67243151177819,952200
2022-05-18,76.10140228271484,76.84381570251905,75.81126123535509,76.63900795949553,1758100
2022-05-19,76.32328033447266,76.93769059284544,74.81285403088717,75.92220660967295,1936100
2022-05-20,77.11688995361328,77.17662392062093,75.82833551043207,76.5024797155265,1487000
2022-05-23,77.9019546508789,78.40542564986674,76.98033943758146,77.94461804321801,1670500
2022-05-24,79.05398559570312,79.0881202224383,76.83528694203079,78.18357540075608,2652600
2022-05-25,78.63582611083984,79.32703420756347,78.4139543535472,79.19903102025955,1455000
2022-05-26,78.66999053955078,79.16492640189225,78.54198730374101,79.11372771177435,1043700
2022-05-27,79.61720275878906,79.64280210300849,78.02997831203658,78.42251678126898,1232400
2022-05-31,78.78091430664062,79.3867892764904,78.03850083121182,79.0966547179064,2526700
2022-06-01,78.6102523803711,78.97719149788821,77.85930357586277,78.97719149788821,1602800
2022-06-02,78.86624908447266,79.13079081632456,77.15102802220034,79.00278759259163,1099400
2022-06-03,78.76384735107422,79.21611974076619,78.3627736438337,78.61877356660501,691500
2022-06-06,78.74677276611328,79.40385287311932,78.61024078303633,78.95157399598556,672200
2022-06-07,79.2246322631836,79.26730216348315,77.88487942623745,78.62729272206596,1032900
2022-06-08,77.33023071289062,78.91745507798841,77.24489088919643,78.91745507798841,1047700
2022-06-09,74.94084930419922,77.98729442006758,74.89817939780484,77.44968875627211,981400
2022-06-10,75.12005615234375,75.72593110217099,73.94244087795597,74.24964599484218,1439000
2022-06-13,71.59573364257812,74.61657938790749,71.26292920975074,74.35203768989356,1475400
2022-06-14,68.899169921875,72.23575666746015,68.13115704471213,71.74934959700947,1592800
2022-06-15,68.76262664794922,69.94877714310144,68.05434786004861,69.47090543584982,2150500
2022-06-16,67.25221252441406,67.77275423178926,66.62073815385796,67.77275423178926,2214000
2022-06-17,66.5439224243164,67.90073940827122,65.76737445701158,67.57647027946449,3451500
2022-06-21,67.8922119140625,68.30182089632015,66.31352297112707,66.5439300581826,1563700
2022-06-22,68.76262664794922,69.18929967528494,67.57647615279699,67.57647615279699,1203100
2022-06-23,70.0597152709961,70.29865114332682,68.96743327719035,68.99303261915232,1263300
2022-06-24,71.12638854980469,71.35679561812788,69.85490481930702,70.28157782381756,1449500
2022-06-27,71.75786590576172,71.77493647257475,70.52905202628283,70.81918655696792,1279600
2022-06-28,71.1861343383789,72.87576258161695,71.12640036824251,72.07361511648719,2258600
2022-06-29,71.23735046386719,71.68962295150429,70.98987926090217,71.44215174853927,1576400
2022-06-30,72.08213806152344,72.50027578089913,70.68265113460151,70.83625367587409,2060800
2022-07-01,74.36912536621094,74.65073118508747,72.30402904881326,72.56002901191594,2426600
2022-07-05,71.14347076416016,74.21551559751786,69.8805155994,74.14724634309528,1820600
2022-07-06,71.8090591430664,72.50026724212877,70.8703799505158,71.49331881471673,1448500
2022-07-07,71.33119201660156,72.32961182660561,71.31412796050935,71.87733946925593,1911300
2022-07-08,71.10078430175781,71.99680015356604,70.9898516720297,71.48478737509681,1796300
2022-07-11,71.442138671875,71.8773470188443,70.45225404120198,70.95573164073788,1688600
2022-07-12,71.15199279785156,72.04800877335379,70.81918835221104,71.1434640247425,1184900
2022-07-13,70.65705871582031,71.47627017933098,70.46932153471109,70.55465484143873,891500
2022-07-14,71.23735046386719,71.4336164627776,68.83944298504125,69.60745594070586,1172500
2022-07-15,71.39093017578125,71.69812874908128,70.57171227860329,71.57866082876644,936700
2022-07-18,70.35839080810547,71.11786839686958,70.2986568351863,71.09226905283491,970700
2022-07-19,71.04106903076172,71.40800814623609,70.64853057173339,70.85333183067976,1297200
2022-07-20,70.38398742675781,71.51893276329241,70.26451298608238,71.1775995402674,1553100
2022-07-21,70.84478759765625,70.87892222158824,70.20477804758745,70.77652486030608,1263900
2022-07-22,71.73226165771484,71.74933222335981,71.01545415294312,71.17759197400429,1149700
2022-07-25,72.4320068359375,72.48321202358122,71.27999102691123,71.47626347343315,724700
2022-07-26,72.8757553100586,73.12322645036366,72.389348313049,72.47468161751293,840200
2022-07-27,72.71361541748047,72.87575324873546,72.15893918838346,72.51734947381627,781200
2022-07-28,75.31633758544922,75.39313561855556,73.07203290823492,73.37070928724363,1401000
2022-07-29,75.2822036743164,75.94781267631407,74.26671960123463,74.26671960123463,2022700
2022-08-01,76.12700653076172,76.33180777647468,75.06032388150683,75.60646487708419,2062600
2022-08-02,77.00596618652344,77.69718109780146,76.18675454215266,76.30622250004951,1907000
2022-08-03,77.50941467285156,77.71421587915465,75.64058494761117,77.01447245631556,1433300
2022-08-04,77.65449523925781,78.25183490612339,77.21075813108826,77.61182532997567,1746900
2022-08-05,77.12543487548828,77.73130995642695,75.717418713998,77.37290607933909,1555500
2022-08-08,77.5947494506836,78.33716278969021,77.23634570516856,77.68861802839177,1391200
2022-08-09,78.19210815429688,78.5675825569801,77.80810497738153,77.8763742343266,1467900
2022-08-10,78.20916748046875,78.78944306005229,77.87636303884871,78.61024116921949,1278200
2022-08-11,78.1750259399414,78.89183343984917,77.61181446671687,78.1750259399414,1418600
2022-08-12,79.45504760742188,79.47211166301649,78.44809905399129,78.66997083980166,1105200
2022-08-15,79.62571716308594,79.77931971119656,79.04544159361399,79.53184857754535,1500900
2022-08-16,79.85611724853516,80.31692485252002,79.31850512196294,79.31850512196294,959600
2022-08-17,80.0523910522461,80.2401282253624,79.59158340291889,79.7281218962812,994500
2022-08-18,80.1803970336914,80.56440667666142,79.86465663976237,80.2145316582119,737200
2022-08-19,79.89879608154297,80.54734096550641,79.5745268948184,80.34253971654954,1217800
2022-08-22,78.7297134399414,79.8305306962294,78.30304038760563,79.71106276241652,1054300
2022-08-23,78.30303955078125,78.85771581499276,77.82516131012268,78.67850740567452,901300
2022-08-24,78.53343200683594,78.68703454856401,77.9531564614758,78.45663399122859,772600
2022-08-25,79.2246322631836,79.28437272780806,78.3030236155325,78.68702667617772,739500
2022-08-26,78.16650390625,79.33559044365352,78.08117059567998,79.24172184887222,1089500
2022-08-29,78.41397857666016,79.13079274068797,77.37289521373556,77.89343689519785,1099900
2022-08-30,77.45823669433594,78.56758942993623,77.1425027467458,78.17505093393551,1210000
2022-08-31,76.53661346435547,77.57769674357601,76.23793712222424,77.49235692553049,2520800
2022-09-01,77.5435562133789,77.94462337928627,76.35740575063096,76.6560755595039,1237900
2022-09-02,76.4171371459961,78.45663357160818,76.21232941777848,77.69715615004618,1156800
2022-09-06,76.07582092285156,77.5350422565811,75.8539490707273,76.51102934149503,1239000
2022-09-07,78.35423278808594,78.53343467443688,76.57927147016197,76.74140930041388,1843300
2022-09-08,78.01289367675781,78.88331028637403,77.77395782643607,78.08116292271077,1239000
2022-09-09,78.19210815429688,78.6699864423977,77.61183249129311,78.28597675496768,1420200
2022-09-12,78.9686508178711,79.19052263227303,78.15796809662007,78.36277585322841,964800
2022-09-13,76.49393463134766,78.50783170461136,76.16113021344091,78.29449520541405,1839800
2022-09-14,77.38996124267578,77.91050289359939,76.46834587607192,76.59634909540816,1290200
2022-09-15,75.256591796875,76.74141213178926,75.17125198169049,76.73287684816803,1460800
2022-09-16,75.77713775634766,76.32327875011654,75.15419222661934,75.41019866579848,3063500
2022-09-19,76.40007781982422,76.44274773044204,75.15419325385261,75.52966763364365,1240300
2022-09-20,75.61499786376953,76.058734967751,74.94085366866163,75.92220297826209,1248600
2022-09-21,74.94937896728516,76.66459969908915,74.9408436845436,76.11845879286602,1122500
2022-09-22,75.08592224121094,75.63206322964426,74.06190951552699,74.7872524054293,1449400
2022-09-23,74.6544189453125,74.84352733434426,73.80343775273553,74.59424869044476,2121500
2022-09-26,72.74615478515625,74.70600004689192,72.02411170825319,74.62003691653727,1482800
2022-09-27,70.90665435791016,73.21032583614226,70.78631384888851,72.94385850303232,2225900
2022-09-28,71.4825668334961,72.25618240615263,70.65736552201655,71.75763175130096,1905800
2022-09-29,68.40528106689453,71.17312579509088,68.32791556629618,71.17312579509088,1349800
2022-09-30,67.01275634765625,68.98119240704953,66.71190510671518,68.95540609469248,3345500
2022-10-03,69.02417755126953,69.65166637809868,67.59727365146094,68.24195772613133,1598100
2022-10-04,69.64307403564453,70.32214209942983,68.80069045337541,68.96401252992527,1818000
2022-10-05,67.82076263427734,68.76629791905125,67.05573809457312,68.72331635962577,1395600
2022-10-06,64.88959503173828,67.46833116372913,64.80363847228494,67.21046148536912,1870400
2022-10-07,63.823726654052734,64.99275436050961,63.385339624614936,64.70909177922245,1714600
2022-10-10,64.44261932373047,64.8122384450368,63.866703140645015,63.89248945360924,1352100
2022-10-11,63.97844696044922,64.83802571495852,63.82372252231493,64.25351189956957,1827400
2022-10-12,61.69196319580078,63.86670291365764,61.6489881937016,63.815123729847166,1964300
2022-10-13,63.402523040771484,63.84950105308566,60.63467873933183,60.92693233237098,2311600
2022-10-14,62.371028900146484,64.15035656185042,61.906855611258706,64.08159524939916,2204600
2022-10-17,63.497093200683594,64.13317972534877,63.204832976010636,63.204832976010636,2453200
2022-10-18,65.2076416015625,65.34517078525616,64.39104444858144,64.71768199816084,1955800
2022-10-19,64.03861999511719,64.68330408902776,63.42831983984973,64.32228257037362,1626500
2022-10-20,61.61460494995117,63.86670363174739,61.253583449545296,63.78933813419447,1661400
2022-10-21,62.396812438964844,62.783626774879295,61.31374803775988,61.78651237090226,1531100
2022-10-24,62.551544189453125,63.29938008004275,61.90686011213759,62.37963105872854,1845300
2022-10-25,63.737770080566406,63.78934271059136,62.63751025292829,62.68908288295324,1797400
2022-10-26,63.63461685180664,64.60594508285011,63.2048274562839,64.1503628148208,1714100
2022-10-27,64.18474578857422,65.28500557528228,64.09878922237495,64.27929997881309,1622300
2022-10-28,65.9898681640625,66.18757419330602,64.25352170064448,64.25352170064448,2071400
2022-10-31,65.56867218017578,66.11880210737709,65.17326670487896,65.72339663208028,2348000
2022-11-01,66.17037200927734,66.2563285687006,65.37955461161408,65.98126364370711,1536900
2022-11-02,65.5342788696289,67.26203390917718,65.49989493433691,66.22194445933854,1761100
2022-11-03,65.4999008178711,66.1789688452388,63.33376516442308,64.71768753342748,1677200
2022-11-04,66.34227752685547,66.42823407643013,64.96695305946793,65.56005784217808,1268200
2022-11-07,64.49419403076172,66.43684388622464,63.55725631981329,66.41964863831673,1971300
2022-11-08,65.28499603271484,65.7491692920224,64.5801418000029,64.78644539840494,1489100
2022-11-09,64.39104461669922,65.62023588203563,64.28789281011082,65.1560691475507,1614100
2022-11-10,68.00988006591797,68.1302205786678,65.45692986617375,66.30791108006646,1819000
2022-11-11,67.12450408935547,67.92391262073458,66.46263131127695,67.88093761637741,1569900
2022-11-14,66.76347351074219,67.86373315552144,66.76347351074219,67.34798726678926,1255700
2022-11-15,67.60588073730469,68.19898570952614,66.72051553346802,67.58009441999938,1378600
2022-11-16,68.33650207519531,68.6287556657591,67.76058595868577,67.76058595868577,1742100
2022-11-17,67.13310241699219,67.9668948954344,66.7720808978932,67.68323231982845,2331700
2022-11-18,68.46543884277344,68.50841383921609,67.78637094156066,67.97547928848884,2031800
2022-11-21,69.11012268066406,69.35080364609183,68.64594943674001,68.64594943674001,1126200
2022-11-22,69.63448333740234,70.51125086453278,69.13592603860951,69.53992914080142,1269600
2022-11-23,70.64019012451172,70.81210327121028,69.32503553387593,69.50554630532926,1666500
2022-11-25,70.86368560791016,71.25049348418864,70.61440694348336,70.93244693480277,763200
2022-11-28,70.24478912353516,70.86368698405263,69.8407859891381,70.42529990650831,1263700
2022-11-29,69.32503509521484,70.22758894677048,68.86945935708684,69.54852743096173,1704500
2022-11-30,71.22471618652344,71.2848864539658,68.80930130453682,69.17892053541621,3388400
2022-12-01,72.12724304199219,73.64869426933386,71.54272933516953,72.03268887191321,2415000
2022-12-02,71.9553451538086,72.20462380868749,70.5886179224445,71.35364257862935,1549600
2022-12-05,71.90377044677734,72.13585384534657,71.1301481881032,71.2333000086151,1234100
2022-12-06,72.51405334472656,72.5226509672364,71.24187409391361,71.97252117176714,1884000
2022-12-07,71.99830627441406,72.66877654152493,71.54273065999587,72.44528426646653,1991400
2022-12-08,72.71175384521484,72.78052171019475,71.85217520715969,71.99830855975813,1342700
2022-12-09,72.24760437011719,72.92666588492077,72.02411203470113,72.51407171283925,1160300
2022-12-12,73.66590118408203,73.74326668695606,72.14444958026186,72.89228550373684,1480600
2022-12-13,73.88079071044922,75.28190826577152,73.14155246309356,74.6028402684069,2191700
2022-12-14,73.79484558105469,75.39366282346776,73.35645851573074,74.15586713693727,1339800
2022-12-15,72.85780334472656,73.67185915425242,72.45078204713045,73.42937613196816,1770700
2022-12-16,71.68869018554688,72.44212529402736,70.75339279719192,72.22562163601005,3362000
2022-12-19,71.73200225830078,72.3468719287695,71.09980859307628,71.44621580934307,1120600
2022-12-20,71.58477020263672,71.94849474990842,70.99588000874425,71.71466710725727,1379900
2022-12-21,72.7279281616211,72.73658355273945,71.63674762834843,71.93118949842346,1202500
2022-12-22,72.00045776367188,72.74523089425792,70.89196006433474,72.49408585188192,1164500
2022-12-23,72.94441986083984,73.03967539764274,71.54147369186445,71.83591551346983,892600
2022-12-27,73.58527374267578,73.84507420117893,72.74523838512917,73.2215491364705,715100
2022-12-28,72.98770904541016,74.11353066233158,72.82316415798564,73.7584615067665,962500
2022-12-29,73.6805191040039,74.01826424811664,73.08296695341984,73.36009134364483,605800
2022-12-30,72.60665893554688,73.8883634161538,71.97447199460015,73.69783915214238,1050900
2023-01-03,72.93576049804688,73.3687678563994,71.92252486522227,73.18690555875149,1266800
2023-01-04,73.89702606201172,74.3386887428324,73.24751512380453,73.50731553478725,1502200
2023-01-05,72.5287094116211,73.68916559076743,71.89651596273102,73.24750298315159,1210300
2023-01-06,74.3040542602539,74.70242017769688,73.08297052027629,73.55061919044854,912400
2023-01-09,74.22611236572266,75.20470650877586,73.76712567378472,73.86238781065869,1183600
2023-01-10,74.20879364013672,74.2953937792306,73.5333033051705,73.94032461962847,1072800
2023-01-11,74.3127212524414,74.8583147564169,73.6025894440009,74.5205695430835,1381200
2023-01-12,73.72382354736328,74.67644493222245,73.49866449927596,74.53787941909118,1327000
2023-01-13,72.7625503540039,73.42938535622073,71.9311770558058,73.3427852098357,1726100
2023-01-17,72.51140594482422,73.68052434273697,72.42479919839823,72.91842726005771,1480800
2023-01-18,70.32904815673828,72.91843008162736,69.94799960065401,72.77987117488505,1766000
2023-01-19,69.09063720703125,70.40698297475002,69.04734044541974,70.30305885398282,1444100
2023-01-20,69.05599975585938,69.36776552870299,67.02086684386177,69.09930312709697,2319600
2023-01-23,69.1859130859375,69.85274809754455,68.70960236336104,68.99538879690692,1602500
2023-01-24,69.4976806640625,69.82676387616546,68.51908641771595,69.74016372636657,1159100
2023-01-25,69.03002166748047,69.26384930507132,68.31988997319884,68.93475953470893,1934700
2023-01-26,69.55828857421875,69.93067509598248,68.68361202641712,68.83949491011279,1256900
2023-01-27,70.09521484375,70.34635983838339,68.9001106205176,69.35044185474511,1558400
2023-01-30,70.46761322021484,71.0045380652644,69.81810224404148,69.95666114989812,1607400
2023-01-31,71.29900360107422,71.30765899234153,69.73151224256362,70.71877524205667,1947600
2023-02-01,71.6280746459961,72.13902675188324,70.571535660722,70.9266048571889,1689000
2023-02-02,72.22562408447266,72.74523155989554,71.21238851632289,71.93117566386026,2265900
2023-02-03,69.58425903320312,72.03508148766743,68.86546546124377,71.81857787735431,1739600
2023-02-06,70.4156494140625,70.45895278963663,69.06466866789322,69.41107585098386,1180400
2023-02-07,69.87006378173828,70.1645055978528,68.8308488214702,69.92202254760141,1458100
2023-02-08,68.5277328491211,69.74015460931075,68.19864968003881,69.51498896353496,1152200
2023-02-09,67.71368408203125,69.0819821365406,67.61842194690396,68.62299545301843,1075100
2023-02-10,69.341796875,69.385100252936,67.60110547522447,67.96483667125052,1442700
2023-02-13,69.53231811523438,69.89604268813164,69.23786969395978,69.35045582878574,1556600
2023-02-14,68.31988525390625,70.34636267532177,68.18998175390315,70.34636267532177,2182200
2023-02-15,69.17724609375,69.42839112868538,67.89554814455174,67.99081028218818,1897200
2023-02-16,68.17266845703125,68.73557925267608,68.01678556911679,68.38051010519492,2185000
2023-02-17,69.51497650146484,69.7747834774891,67.97347184854112,68.37183769985667,1710100
2023-02-21,67.86090850830078,69.00404758211056,67.76564636821934,68.8395026843031,1612400
2023-02-22,67.92152404785156,68.72691787478921,67.67037902577779,67.93018604369327,1919600
2023-02-23,67.58377838134766,68.6229932308718,67.33263336115984,68.3458688305209,1659600
2023-02-24,67.01221466064453,67.2720217117795,66.38868963082258,66.89963512897552,1206500
2023-02-27,66.76105499267578,67.95615923769081,66.44063385453863,67.34128973224331,1161300
2023-02-28,65.26286315917969,66.83034752791956,65.21955978473726,66.4406435866069,2715500
2023-03-01,63.938995361328125,65.25849819035801,63.72927522080198,64.6817594703073,2107600
2023-03-02,64.79534912109375,64.97011475585889,63.65061221267278,63.790430053990185,2950700
2023-03-03,65.922607421875,65.9488216011794,64.14871017553791,65.09245396490539,2863600
2023-03-06,66.14107513427734,66.33332135965463,65.50316781069658,66.02747145552756,1768500
2023-03-07,64.71671295166016,66.42070823474796,64.48077863052524,66.18476724673009,1987800
2023-03-08,65.46820831298828,65.55559113592933,64.24482879116745,64.76913906257784,1896000
2023-03-09,64.90022277832031,66.3158487902609,64.67302872718975,65.70416224201189,1330200
2023-03-10,63.68558120727539,65.17111610933311,63.318569290380466,65.04877880370147,1631000
2023-03-13,65.36335754394531,67.10230054627716,63.64188844103997,63.89530331746141,2998900
2023-03-14,66.35079193115234,66.9187902957669,65.64298237947331,65.64298237947331,2602200
2023-03-15,67.1285171508789,67.8450670571064,65.669203154897,66.23720157655022,2439600
2023-03-16,67.11104583740234,68.05478981515841,66.63917051508274,66.86636455899418,2222100
2023-03-17,66.33332824707031,67.22464386914038,65.86145291766266,66.7877230086018,4695700
2023-03-20,66.56926727294922,67.09357100919395,66.2197292264915,66.43818967216711,2021300
2023-03-21,65.46820831298828,66.98869743306713,64.32347799863183,66.56051026695651,2322400
2023-03-22,64.24481964111328,65.92260027028131,64.23608602688049,65.20605055720786,2289000
2023-03-23,64.00889587402344,65.01381502658249,63.58944898128427,64.01763615656944,2582500
2023-03-24,66.17604064941406,66.19351455151039,64.00016982637649,64.27979892810356,1923300
2023-03-27,66.28961944580078,67.03238341792907,65.85269867785686,66.54303429123406,1771500
2023-03-28,66.56926727294922,67.21590832542161,66.08865162570937,66.13234638159798,1033400
2023-03-29,67.76641845703125,67.89748936296503,66.82266793301432,66.82266793301432,1510200
2023-03-30,68.25577545166016,68.36063885532526,67.58291361185437,67.94119190754787,1092200
2023-03-31,68.3868408203125,68.57908702590689,67.69650520335168,68.49169753835899,1734900
2023-04-03,67.64408111572266,68.20333920355792,67.04112828135433,67.76641840575647,1676000
2023-04-04,68.2033462524414,68.35189773899509,67.55669860470834,67.78389930977356,1072400
2023-04-05,70.36173248291016,70.536504827343,68.5266662011066,68.64900350876795,1808900
2023-04-06,70.62387084960938,71.0957460668932,69.89858079340192,70.85980512481046,1175900
2023-04-10,70.30928802490234,70.37045666473647,69.41797260633643,70.26559994895325,1179900
2023-04-11,70.12580108642578,70.33552124163911,69.80247723585578,70.16075555677526,1907100
2023-04-12,69.70634460449219,70.32677803499341,69.46167001229134,70.2656093869432,1868300
2023-04-13,69.57527923583984,69.84616803209167,68.2645166729958,69.25195540359371,3175200
2023-04-14,68.56160736083984,69.02474231663757,68.24702386881083,68.73637967134594,1676800
2023-04-17,69.15582275390625,69.44419207805194,68.41305873734375,68.86745342976057,1540100
2023-04-18,68.49169921875,69.1645609548385,68.19459628781993,68.98105502687311,1629100
2023-04-19,69.02474212646484,69.21698833405091,68.51791909459844,68.69268473774106,1112800
2023-04-20,68.69267272949219,69.15580760305275,68.35187511812194,69.12959342785207,1276800
2023-04-21,68.89366912841797,69.54031671805966,68.4917027890334,69.2781615690825,1116600
2023-04-24,69.33060455322266,69.4354679683046,68.47424333081344,68.99854707245554,847600
2023-04-25,69.5315933227539,69.83743662625407,69.26943811010577,69.47042466205387,723700
2023-04-26,67.7314682006836,69.40924256968343,67.68777345140312,68.88493891273133,1501500
2023-04-27,68.14218139648438,68.61405006630373,67.13726206833321,67.81011727053615,1701700
2023-04-28,67.81884765625,68.44801468002485,67.38192685272662,67.81010737345247,2322000
2023-05-01,67.91497802734375,68.71891079172555,67.65282285044907,67.71399150280675,1808000
2023-05-02,66.79646301269531,67.90623906038525,66.5517883985201,67.80137565421734,1555600
2023-05-03,66.9712142944336,67.71397826120881,66.58672188801178,67.5129984428569,1797800
2023-05-04,67.04112243652344,67.39939399270672,66.07989809853893,66.89257097827382,2280500
2023-05-05,67.67030334472656,68.13343837877426,66.45566391573553,66.8838444817762,1336400
2023-05-08,67.06735229492188,68.08974551161333,66.73529483998917,67.39940974985458,1364900
2023-05-09,66.80519104003906,67.01491783482676,66.25467320420735,67.01491783482676,1473300
2023-05-10,67.26831817626953,67.43434351933148,66.42942451215336,67.32948681147788,1844500
2023-05-11,66.63042449951172,67.42562358544559,66.35079544369727,67.25085125875995,1732000
2023-05-12,67.35572052001953,67.53048619504096,66.95375413396371,66.95375413396371,1803500
2023-05-15,67.14598846435547,67.7489413297787,66.37701022069658,67.66155849909424,2119700
2023-05-16,65.1186752319336,67.43435688117442,65.08372743364511,67.11103974538688,2306800
2023-05-17,65.33472442626953,65.51109430897668,64.58517092627766,65.25536302491864,2725100
2023-05-18,64.92027282714844,65.20245792246966,64.25890087925589,64.92027282714844,2210300
2023-05-19,64.52345275878906,65.59046547874134,64.52345275878906,65.28182654781698,1670200
2023-05-22,64.15308380126953,65.07900728953081,64.09135601724037,64.69982040825914,1830200
2023-05-23,64.15308380126953,64.86736340615322,63.87089868458996,64.09135601724037,1502500
2023-05-24,63.315345764160156,64.3735382218836,63.28888523406703,64.15308089920592,1871500
2023-05-25,62.48642349243164,63.11252147563031,62.098416455251375,63.059613871587,1726200
2023-05-26,60.57284927368164,61.992594809206246,59.90265720483096,61.798591310763456,3965800
2023-05-30,59.89384460449219,60.76686045790358,59.779209217196396,60.51112915286805,2120900
2023-05-31,61.04905319213867,61.57814949411296,59.876218458748944,60.10549598980678,3574800
2023-06-01,60.696311950683594,61.25186198416156,60.131941740470666,61.23422835851523,2355100
2023-06-02,61.73686218261719,61.99259344969965,60.00847781375678,60.32593685373345,2754200
2023-06-05,62.17778396606445,63.041972886621586,61.73686932925922,61.73686932925922,2142500
2023-06-06,61.72804641723633,62.653969804624126,61.54286308532339,62.58342185118401,2007700
2023-06-07,63.25362014770508,63.491711104103,61.022586314480584,61.780960068672165,2659900
2023-06-08,63.130149841308594,63.35942731943304,62.389416535122926,63.024334642038035,1852000
2023-06-09,62.054325103759766,63.31534116703061,62.01905112735364,63.24479321421836,1620200
2023-06-12,61.930870056152344,62.23068876631895,61.437041110255684,62.23068876631895,1834200
2023-06-13,61.78095626831055,61.78095626831055,61.16367847278775,61.340041634987585,2362100
2023-06-14,61.63986587524414,62.64515068127915,61.5604977443344,62.0455065226071,1660500
2023-06-15,62.618690490722656,62.90968900016993,61.95731862119443,62.56577616624106,2275200
2023-06-16,63.56226348876953,63.79153428412651,62.900891452066304,62.900891452066304,4269900
2023-06-20,62.29241180419922,63.50052018472502,62.25713783018869,63.24478891901565,2207700
2023-06-21,62.81269073486328,62.90968574778275,61.22539563892857,62.00140283703986,1649000
2023-06-22,62.38941955566406,63.474072495460604,62.02786633312413,63.35061021062938,1584800
2023-06-23,61.489959716796875,62.91851886926624,61.39295795609542,62.662787566310016,2878900
2023-06-26,62.45115280151367,62.54815456591537,61.45468808190631,61.77214717852569,1475600
2023-06-27,62.883243560791016,63.08606725464924,62.415875120649616,62.68924004348927,1902000
2023-06-28,61.366493225097656,62.55696807442775,61.30476544776983,62.398238543038616,2252700
2023-06-29,61.48113250732422,61.772137756140935,60.625757112342065,60.819760611553214,1733900
2023-06-30,62.539329528808594,62.58342368295505,61.48113710752699,61.51641108527949,2583800
2023-07-03,62.65396499633789,63.0419652548357,62.08959486777505,62.21305041290926,1027700
2023-07-05,63.17424774169922,64.04725682660111,62.16896292203683,62.283598303990146,2925200
2023-07-06,62.94497299194336,63.08606890925379,61.93087467952514,62.64515425939416,2001200
2023-07-07,62.4599609375,63.10369245589509,62.23950364778229,62.37177936717743,1702700
2023-07-10,62.06314468383789,62.56578712359588,61.463500481335046,62.2924221892188,1310100
2023-07-11,62.92733383178711,62.944967455988234,61.94850285696018,62.03668443361189,1373600
2023-07-12,63.86206817626953,64.06489184973881,63.12133488775101,63.46524773282358,1644900
2023-07-13,64.40879821777344,64.53225375344499,63.53578929328966,63.720972596797004,2208700
2023-07-14,64.21479797363281,64.6557125454726,63.773883401793036,64.28534591980457,1545300
2023-07-17,63.65044021606445,64.03844726750863,63.08606999277679,63.84444374178654,2068500
2023-07-18,62.97142791748047,64.24125742113384,62.195413896990196,63.773889010332944,2004500
2023-07-19,63.62398147583008,64.33826101253878,63.28888205637802,63.45643176610405,1597800
2023-07-20,64.84972381591797,64.99081299737064,63.297702452999104,63.66806912311352,1581200
2023-07-21,65.52873229980469,65.96964694421801,64.92908811428963,65.08781765539136,1848200
2023-07-24,64.9908218383789,65.63456023833038,64.56754750861765,65.49346430986051,1830600
2023-07-25,65.15837097167969,65.61692600716145,64.8673656677575,65.00846159492855,1497400
2023-07-26,64.92027282714844,65.91673747329013,64.69981551118426,65.15836376814748,1617500
2023-07-27,63.72980499267578,65.14073735327558,63.5005342027288,64.49699895916511,1781600
2023-07-28,63.57988357543945,64.38235137175855,63.147789153941474,64.10016629864232,2103600
2023-07-31,63.78269958496094,64.31179569248889,63.42996660400162,64.13543256592024,7162200
2023-08-01,62.036685943603516,63.782710806227435,61.86032278600737,63.45643156406904,4156000
2023-08-02,61.55168151855469,62.16013909823284,61.3135838643921,62.04550372300604,2130600
2023-08-03,60.07020950317383,61.26067761679246,59.982021198012895,61.26067761679246,1818800
2023-08-04,59.2942008972168,60.69631299803197,59.09138392357809,60.24657816631876,1731400
2023-08-07,59.15311050415039,59.779208493942235,59.091382722842,59.373567827083725,1536900
2023-08-08,59.0296516418457,59.25010895245573,58.32418555676432,59.12665339673997,1677700
2023-08-09,59.338287353515625,59.87620370082404,58.756276855317196,58.83564498135463,1546100
2023-08-10,58.50054168701172,60.06138302622278,58.41236011892475,59.59401466032172,2635600
2023-08-11,59.11783218383789,59.12665235989812,58.3770921347097,58.63282341787163,1473600
2023-08-14,58.50054168701172,59.08255214646598,58.14781541466387,59.08255214646598,1702400
2023-08-15,56.66635513305664,58.09491435454174,56.66635513305664,57.94500498178756,3118400
2023-08-16,56.80743408203125,57.09843932570457,56.60461713849364,56.87798203101073,1346700
2023-08-17,56.77216720581055,57.512907307064985,56.67516544579124,56.78098738249146,1503600
2023-08-18,56.851531982421875,57.22189864726204,56.68398227449854,56.7192562513152,1680600
2023-08-21,56.3047981262207,57.01908441722753,55.81979269548728,56.77216656770233,1646800
2023-08-22,56.32243347167969,56.63107572871074,56.01379457856028,56.295979670529924,1271400
2023-08-23,56.551700592041016,56.81625202641368,56.08433222209544,56.54288714463173,1913700
2023-08-24,56.410621643066406,57.151355028936244,56.08434237862926,56.489983051056605,1976100
2023-08-25,57.468814849853516,57.93618331040035,56.47235014581636,56.613439337762685,2271700
2023-08-28,57.468814849853516,57.99791109334383,57.39826688996847,57.63636457262455,1351300
2023-08-29,57.60990524291992,58.10372745909377,57.38944793529616,57.53935728980277,1090800
2023-08-30,56.80743408203125,57.52172029175874,56.60461713849364,57.116072949038085,2958800
2023-08-31,56.278343200683594,57.23954059420153,56.243069222884245,57.054350528799134,2421800
2023-09-01,55.59933090209961,56.84270995105756,55.30832901263871,56.710434224268035,1809300
2023-09-05,54.12667465209961,55.51114616084629,53.915034174089286,55.43178140208133,2359700
2023-09-06,53.77394485473633,54.25013343576382,53.23602849808433,54.23249644788375,3354200
2023-09-07,54.100223541259766,54.65577691475567,53.77394765824671,54.214862286501194,2331700
2023-09-08,54.743961334228516,54.77041513521859,53.923859864419995,54.33831732354819,2381100
2023-09-11,54.990875244140625,55.29951415109468,54.6910531499945,54.70869013952213,1860000
2023-09-12,55.01732635498047,55.24660384371141,54.43531918468814,55.140781911722534,1905100
2023-09-13,55.86388397216797,56.12843544933242,55.202512007080365,55.228969173143874,1884400
2023-09-14,56.82508087158203,56.84271449691347,56.207799703717825,56.34007207717404,2596500
2023-09-15,56.62225341796875,57.17780340464182,56.48116424121403,56.648707218121324,4358600
2023-09-18,56.69280242919922,56.860352137059124,55.87270097003604,56.65752845239591,1852200
2023-09-19,56.25189971923828,56.904451608684674,56.19898874283224,56.72808841515578,1777000
2023-09-20,56.401798248291016,56.76335147159254,55.95206680911303,56.56934795936473,2228600
2023-09-21,56.445892333984375,57.16899205189158,55.899155775440576,56.30479642423503,3097100
2023-09-22,55.77302169799805,56.28993190900168,55.59477550808658,56.21863547289507,2179700
2023-09-25,55.086769104003906,55.5769435143935,54.739187547778656,55.31848674172454,2681100
2023-09-26,53.21518325805664,54.96198801546885,53.188447525980294,54.96198801546885,2234600
2023-09-27,52.37743377685547,53.393432450870776,52.11006624155081,53.081504226309114,2377900
2023-09-28,51.12080764770508,52.7517521315691,50.996036347271684,52.71610561699024,2882100
2023-09-29,51.82488250732422,52.43091750295524,51.3436188226002,51.700107796653995,3915000
2023-10-02,49.6681022644043,51.55750338793165,49.151192143711405,51.52185687598789,3621700
2023-10-03,49.95329666137695,50.149367783468634,48.3134380578031,49.18684052930529,3123800
2023-10-04,50.00677490234375,50.18502107992025,49.08881167750491,50.00677490234375,2767700
2023-10-05,49.20466613769531,49.935472366384154,48.90164867215875,49.935472366384154,2366900
2023-10-06,49.73939895629883,49.890905971868584,47.32417028656711,48.52732923269084,3080800
2023-10-09,51.01386260986328,51.04059834642232,49.55224668231343,49.739407037515825,2771100
2023-10-10,51.940738677978516,52.18137051588822,51.21884656401259,51.25449308092414,3144400
2023-10-11,52.55567932128906,52.60915078786937,51.61988785898221,52.270486833652015,2269200
2023-10-12,48.62537384033203,52.81414038916452,48.25105652078924,52.39526577413915,6297000
2023-10-13,49.044246673583984,49.097721545793966,47.876740861651534,48.500597371953,4951000
2023-10-16,50.086978912353516,50.300871577450444,47.99259255139021,49.24031223025187,3413700
2023-10-17,49.42747116088867,50.38999839203513,49.23140344324839,49.51659594141858,2103500
2023-10-18,48.562984466552734,49.65027962625375,48.3847382994625,49.33835138366798,3090000
2023-10-19,48.03715896606445,48.95512211439907,47.95694836282804,48.37582293549575,2376500
2023-10-20,47.680667877197266,48.85708782199942,47.56480735845926,48.0728067255437,2906000
2023-10-23,46.7537841796875,47.58262585551783,46.53097735069574,47.110276465979275,3189700
2023-10-24,48.15301513671875,48.48277172119639,47.16375218281125,47.4311231215256,2546500
2023-10-25,48.322357177734375,48.44712848645713,47.377654783491366,47.43112965855676,2372200
2023-10-26,48.268882751464844,49.37400638141613,48.242147013565145,48.554075288272294,2644200
2023-10-27,47.37765884399414,48.65211457762642,47.21723760481221,48.126290160255316,2296800
2023-10-30,47.5826416015625,48.09955524776637,46.74488887123888,47.627202302154394,2651700
2023-10-31,47.93912887573242,48.206496450435615,47.27070823909286,47.82326834678121,2919700
2023-11-01,47.31526565551758,47.94803633173617,46.37056333062913,47.29744069847105,3497500
2023-11-02,48.37582778930664,48.696670234444184,47.636110729473415,47.689582203820926,2797400
2023-11-03,49.40073776245117,50.18501886938413,48.955124038019726,49.36508784855356,4049300
2023-11-06,50.4078254699707,50.452386162229985,48.74122770141785,48.86600239941189,5270700
2023-11-07,50.22066116333008,51.370345291694996,49.578979765909935,50.238486118781005,3137900
2023-11-08,49.63245391845703,50.211753102792784,48.92838683873801,50.06024267314196,2249200
2023-11-09,48.34018325805664,50.0246027644353,48.31344412002174,49.88200649404778,2427100
2023-11-10,47.94804000854492,48.79470683448404,47.79653296167578,48.6342856085266,2398300
2023-11-13,47.26179122924805,47.894565311185794,46.78053098351344,47.894565311185794,2981600
2023-11-14,50.11371994018555,50.247405419817284,48.340179189013995,48.65210744180408,2972900
2023-11-15,51.02277374267578,51.352526961655485,49.944389296983324,50.095896338219404,3170600
2023-11-16,51.227752685546875,51.94073395539971,50.67519262638129,51.441648766384155,2821600
2023-11-17,52.145713806152344,52.49329534880655,51.067329465447344,51.36143614005565,5534200
2023-11-20,51.95855712890625,52.2170138927836,50.906908517054674,51.7446644551726,2658800
2023-11-21,52.421993255615234,52.60915018603051,51.68227631169469,52.05659017252525,2660800
2023-11-22,53.054771423339844,53.117157075695914,52.11898323823573,52.662632551421254,3809000
2023-11-24,52.81414031982422,53.12607198566086,52.537861969805704,52.94782580514894,946600
2023-11-27,52.61806869506836,52.98347180823844,52.234840625187196,52.876525467734794,2353100
2023-11-28,53.41126251220703,53.678630073069854,52.41308869842979,52.671542080731484,2586800
2023-11-29,53.21518325805664,54.21336031923145,52.98346564728256,53.62514701545211,2562000
2023-11-30,52.94782638549805,53.52712562857058,52.502212629215535,53.45582579567907,6350200
2023-12-01,54.16880416870117,54.177718347207566,52.760666543595555,53.03694488156025,2103300
2023-12-04,54.088592529296875,54.525295474180425,53.001297355900554,53.57168237796346,2223500
2023-12-05,53.64297866821289,54.24901360254061,53.13497929675626,54.00838178451964,2029700
2023-12-06,54.008384704589844,54.31140218813694,53.562770958183116,54.06185957807335,2653100
2023-12-07,53.80339813232422,54.14206550221403,53.02803123262115,54.14206550221403,2712500
2023-12-08,53.161720275878906,54.07968348776116,53.001299058300624,53.87470157635847,1923500
2023-12-11,54.17771530151367,54.28466163923741,52.72501366506816,52.83196000279191,2885300
2023-12-12,53.66080093383789,54.186625235787055,53.29539783585712,54.186625235787055,1773300
2023-12-13,56.227542877197266,56.33448922481892,53.22410716661918,53.62515682014113,2357900
2023-12-14,56.61967849731445,57.53764167781148,56.361225122064226,56.65532841106032,3227700
2023-12-15,55.687355041503906,56.606169792626226,54.86762866103297,56.119737847395626,6718600
2023-12-18,55.83148193359375,56.39898586248054,55.48917759467932,55.57925949243209,4266600
2023-12-19,55.48917770385742,56.218825613861775,55.291004400957505,56.218825613861775,2339600
2023-12-20,54.52531814575195,55.85849917207644,54.47127244880389,55.57925390778425,2264800
2023-12-21,54.86762619018555,55.29100250525815,54.41722702479697,54.80457058193298,1106400
2023-12-22,55.0207633972168,55.867512586532776,54.759531057991595,54.95770435303062,1062200
2023-12-26,55.34504699707031,55.534217253969175,54.840602142067624,54.92167412751775,951900
2023-12-27,55.272987365722656,55.516203332839076,54.96671578893972,55.33604297538918,1318500
2023-12-28,55.81346130371094,55.90354319460374,54.98472852513376,54.98472852513376,937700
2023-12-29,55.59727096557617,55.72338217502781,55.07480631353626,55.43512700020328,1485900
2024-01-02,57.41688919067383,57.5069676524977,55.3000109750823,55.408105816525556,2188000
2024-01-03,57.912330627441406,58.22760869656188,56.660221386829775,57.17367620583925,2511800
2024-01-04,56.65120315551758,58.227600142070486,56.58814755095728,57.94835487509566,2351100
2024-01-05,55.91255569458008,56.61517733794344,55.54322849277713,56.480059641443724,3340600
2024-01-08,56.6331901550293,56.64220006265965,55.69636250157568,55.777431052611256,1806600
2024-01-09,52.246307373046875,53.8497274307502,52.210274612221966,53.8497274307502,7426200
2024-01-10,52.57059097290039,52.68769571769907,51.46260944179171,51.660782737289956,3414900
2024-01-11,51.4536018371582,52.45348857581413,50.71494745002507,52.35440020549355,2717500
2024-01-12,51.23741149902344,51.940033117748634,51.01221190981428,51.78689904649746,2195400
2024-01-16,50.660892486572266,51.26442563362291,50.41767655922766,51.05724245913064,2617800
2024-01-17,49.32771682739258,50.76899626941507,49.138549995939165,50.012325507328356,2880700
2024-01-18,48.64311218261719,49.39077648224257,48.23775222717409,49.10251784127063,2993700
2024-01-19,48.111637115478516,48.706163856644594,47.75131642059546,48.64310825048098,5158000
2024-01-22,47.544132232666016,48.65211370736702,47.409014552106036,48.282786549133355,3718700
2024-01-23,47.634212493896484,48.13865731544173,46.92258105061929,47.75131379245656,4203100
2024-01-24,47.886444091796875,48.246764835976975,47.61620525179844,48.08462084472326,6364800
2024-01-25,49.41780090332031,49.597961271047126,48.526008973022854,49.066490076203294,4503500
2024-01-26,49.652000427246094,50.570815088822165,49.33672240251189,49.74208231736497,4415800
2024-01-29,49.68803405761719,50.0483547518875,49.102513788496125,49.52589008882283,2756400
2024-01-30,49.37275695800781,49.9222410445322,49.23763583604122,49.48985826502113,3605200
2024-01-31,48.84128952026367,49.976293973077134,48.69716191615604,49.49887192877182,6070200
2024-02-01,50.40867233276367,50.41768224012819,48.571042965505704,48.832275298711295,2422500
2024-02-02,49.72406768798828,50.34561728843922,48.92235773723663,49.60696294485189,2443300
2024-02-05,48.363861083984375,49.25565294233731,48.327831762364205,49.04846973886142,2224900
2024-02-06,48.40890884399414,48.65212139468565,48.16569285702934,48.390892463151566,2942800
2024-02-07,48.453948974609375,48.61609296891973,47.751323853840034,48.571050297843136,2379600
2024-02-08,48.7061653137207,48.742198071541516,47.48107903799644,48.147671312589786,3148500
2024-02-09,49.52589416503906,49.78712651807206,48.42691904970926,48.535017328651044,3498000
2024-02-12,49.96728515625,50.39065804054385,49.40878770980394,49.525892456481074,2375600
2024-02-13,49.093505859375,50.300575682175676,48.426913625654684,49.63398344845536,3391800
2024-02-14,51.39955520629883,53.011981644940604,50.444707716044,52.255310891749026,8427100
2024-02-15,52.80479431152344,53.534442156764506,51.813917576154545,52.489516287434995,5745800
2024-02-16,53.03000259399414,53.120084498727635,51.88598817592856,52.615636141039985,5241800
2024-02-20,51.81392288208008,53.64254248159554,51.80491297402762,52.885871710024816,3555300
2024-02-21,52.62464141845703,53.47139412235858,51.822931384036124,52.07515727528944,3286400
2024-02-22,52.34538650512695,52.78677572034465,51.669787822172346,52.039114964736626,3568200
2024-02-23,53.03000259399414,53.4443724832216,52.12920416429903,52.27333177559932,2184300
2024-02-26,51.92201614379883,53.00297484688138,51.732849315734455,52.57059205290296,2045400
2024-02-27,53.39031982421875,53.579486657291035,52.14721711095085,52.35440032378332,2677400
2024-02-28,52.79579162597656,53.354285638521155,52.43547091295058,53.183135189783954,1741800
2024-02-29,52.876861572265625,53.3182508205875,52.46249517368142,53.156106849615796,4728800
2024-03-01,52.615623474121094,53.17411740392122,51.822920084671814,52.87685578054804,3089400
2024-03-04,53.723663330078125,54.0337304456293,51.76294429367252,52.237164792683586,2789100
2024-03-05,53.021453857421875,54.47147313173825,52.994096119049566,53.896936273914584,2516500
2024-03-06,53.349761962890625,53.7692635297242,52.82994404771469,53.5321550072533,2078900
2024-03-07,54.18876266479492,54.44411430698674,53.53215260495634,53.78750076829035,2297900
2024-03-08,54.79065704345703,55.06424483989726,53.94253243929202,54.3711520448006,1874700
2024-03-11,55.310482025146484,55.42903454893207,54.790664101292656,54.790664101292656,2871000
2024-03-12,54.54443359375,55.33783934324415,54.04285184748439,55.091609252947755,2028700
2024-03-13,53.933414459228516,55.14632519183093,53.495673260059625,54.59002799741074,3252000
2024-03-14,53.86045837402344,53.92429541367138,52.67490540031542,53.76014203204589,2950300
2024-03-15,53.73278045654297,54.2799595512547,53.34975822121671,53.54126933887984,6062300
2024-03-18,53.769264221191406,54.143168401457174,53.2768040387366,53.73278491607816,2246500
2024-03-19,53.623348236083984,54.16140578798991,53.32240267863578,53.86046023054171,2784300
2024-03-20,53.997249603271484,54.40763305022,53.29503870046129,53.52302911778183,1955200
2024-03-21,52.79346466064453,54.261723621127615,52.775225008350944,54.17052883851764,3736100
2024-03-22,52.79346466064453,53.44095666220603,52.69314831245879,53.258567096986084,2157100
2024-03-25,52.45603942871094,53.12177107797627,52.15509038622854,52.79346429667108,1923800
2024-03-26,51.33432388305664,52.72962414242192,51.21576789038957,52.42867859655349,2165600
2024-03-27,53.78750228881836,53.7966238542569,51.89974179055863,51.89974179055863,2840900
2024-03-28,54.50795364379883,54.708586339931045,53.62334964233363,54.05197277357684,1921000
2024-04-01,53.69630432128906,54.45323070145057,53.377115648180904,54.45323070145057,1533100
2024-04-02,54.05197525024414,54.39852170157187,53.35888234758868,53.404483219786684,1839500
2024-04-03,53.28592300415039,54.05197097985625,52.93025849379728,53.9698942867857,1660800
2024-04-04,53.73278045654297,54.3529146765683,53.167365189646134,54.19788286099082,1733600
2024-04-05,53.35887908935547,53.66894621553453,52.94849909549727,53.3953583933431,1426100
2024-04-08,54.23436737060547,54.362041461306696,53.42272195498364,53.42272195498364,1654300
2024-04-09,54.68122482299805,55.118966038553836,54.19788621644106,54.32556030278759,1860600
2024-04-10,53.86957931518555,54.16140679157334,53.14912871085283,54.024614618874146,2344800
2024-04-11,53.94253921508789,54.40763817957224,53.38624198776288,54.25260635103013,1310100
2024-04-12,53.614234924316406,54.26172696578893,53.28592812051113,54.12493130458401,2204600
2024-04-15,53.11265182495117,54.03373162662315,52.592830446728094,53.82398084958613,2131400
2024-04-16,52.164207458496094,52.802581313951315,51.68086541482668,52.802581313951315,2391600
2024-04-17,53.35887908935547,53.41359804533692,52.04565545552185,52.47427858023177,1994000
2024-04-18,53.79662322998047,53.97901279033979,52.96673820645726,53.59599053895578,1626200
2024-04-19,54.434993743896484,54.635626435271114,53.78750175846113,53.91517584247848,2323400
2024-04-22,54.991294860839844,55.492873146098674,54.22524682338447,54.42587952903125,1559400
2024-04-23,55.036895751953125,55.620554252849274,54.55355708911401,54.74506824093422,1831900
2024-04-24,55.4837532043457,55.67526433759352,54.207005358310916,54.380280317889614,2087300
2024-04-25,55.19192886352539,55.79382351575244,54.41675924185566,55.529353757340715,1432000
2024-04-26,54.22523880004883,55.40167016186866,54.19788106382061,55.23751678678414,1590700
2024-04-29,55.137203216552734,55.41991259424683,54.42587420805131,54.553548288668715,1789900
2024-04-30,55.283119201660156,55.520231200062966,53.896936952011046,54.58090825078711,3515900
2024-05-01,56.19508361816406,56.9884928674283,55.11896844503477,55.319601148829136,2087400
2024-05-02,55.40167999267578,57.67246643171518,55.009536135818145,57.10704760437826,3164800
2024-05-03,54.72682189941406,56.08564640812965,53.71454730111774,55.80293701937462,3447900
2024-05-06,54.45323181152344,55.109845343204476,54.31643964499507,54.9183342227501,1751100
2024-05-07,55.78470230102539,55.86677900315796,54.74506639325166,54.83626466165353,2076200
2024-05-08,55.66614532470703,55.93061506366368,55.18280323792399,55.52023158577542,1567900
2024-05-09,56.322750091552734,56.41394834405877,55.31959366598964,55.57494181529131,1376500
2024-05-10,56.46866989135742,56.7696189387157,56.00357092954498,56.63282328466958,1635800
2024-05-13,55.885013580322266,56.45043235647733,55.693502452362274,56.35923409635978,2147200
2024-05-14,55.53847122192383,56.532509655250806,55.501991917487004,56.4321933074785,1767500
2024-05-15,55.85683059692383,56.29977217395994,55.66304431700554,56.15212498161457,2109000
2024-05-16,56.715030670166016,57.056467660615745,55.54307954771003,55.85683026962885,3011100
2024-05-17,56.253639221191406,56.641215343482266,55.939888463217706,56.52125088656044,1921700
2024-05-20,56.08753204345703,56.29977467185857,55.93065843471163,56.29054826200933,980500
2024-05-21,56.493560791015625,56.613521712155716,55.99525020721525,56.12444105778868,1622600
2024-05-22,55.19242477416992,56.33668973395629,55.14628216241178,55.96757348120041,1565600
2024-05-23,53.08844757080078,54.72179675376818,53.01462572850505,54.703340413147494,1776800
2024-05-24,53.08844757080078,53.80823077425964,52.922344025401586,53.17149934350038,2058900
2024-05-28,52.4148063659668,53.88205198637475,52.377893685157126,53.226867742844576,1506200
2024-05-29,52.38711929321289,52.4701710580889,51.7319351037392,51.99954321706261,1972300
2024-05-30,53.1253547668457,53.15303751482498,52.313293464315805,52.72855228493829,1675300
2024-05-31,54.65719985961914,54.684882609716155,53.20841060142648,53.38374055235246,4679600
2024-06-03,55.07246398925781,55.293933051629786,54.44496244555843,54.69411778086736,2077300
2024-06-04,56.12444305419922,56.31822933695256,54.841757391898334,55.03554367465168,2705300
2024-06-05,54.924808502197266,56.124442383235646,54.869439484849615,56.09675963465519,1865400
2024-06-06,54.2880859375,55.598454460828904,54.18657782255735,54.64797578488788,1238300
2024-06-07,54.05738067626953,54.50032224622607,53.73440002804787,53.826681721905494,1944500
2024-06-10,54.481868743896484,54.79561947897356,53.78977184477235,53.937419042444695,1785700
2024-06-11,54.52800750732422,54.72179379307624,53.84513702205307,53.84513702205307,1661900
2024-06-12,54.38958740234375,55.367752293462196,53.85436762733747,55.367752293462196,1301800
2024-06-13,54.17734146118164,54.62951295947534,53.346827339680566,54.50032210858762,1411000
2024-06-14,54.45418167114258,54.58337604736409,53.54061574907616,53.89127915844664,1677400
2024-06-17,53.19918441772461,54.251171168128714,53.0699900362862,53.96510317522409,2293000
2024-06-18,53.52216339111328,53.706723279257986,52.99616999802248,52.99616999802248,2352800
2024-06-20,53.51293182373047,53.95587340047908,53.06076031736123,53.337598362805764,1734500
2024-06-21,52.765472412109375,53.79900288476676,52.765472412109375,53.52216480532835,4128000
2024-06-24,53.52216339111328,53.65135425675845,52.61782381141003,52.885435473210485,1569400
2024-06-25,52.68241500854492,53.84513622605526,52.62704599049708,53.595984445306954,1542700
2024-06-26,52.571685791015625,52.72855941101466,51.999549774086205,52.45172133324821,1407800
2024-06-27,52.774696350097656,53.208411550349446,52.38712376107972,52.5163146240857,1274000
2024-06-28,52.331748962402344,52.968480317190945,51.95340282528755,52.90388489281915,3215800
2024-07-01,52.193328857421875,52.95924749898697,51.97185632866649,52.66395314077074,1984800
2024-07-02,52.15642547607422,52.84852241149953,51.925726497599115,52.350211773148416,1987100
2024-07-03,52.885433197021484,53.3745138873959,52.304070806452984,52.39634898646015,1105600
2024-07-05,52.84851837158203,53.40219446952261,52.64550215958332,52.922340208553614,1753600
2024-07-08,52.885433197021484,53.05153673718391,52.599365206700206,52.76546874686264,1535600
2024-07-09,53.374515533447266,53.43911096548177,52.48863230538527,52.820839395955275,1914800
2024-07-10,53.6052131652832,53.679035005675274,52.86697716042783,53.522161394725295,1876900
2024-07-11,54.8140754699707,55.109369863436676,53.95587503890183,54.11274864534889,2619600
2024-07-12,55.68150329589844,55.93988501470587,54.657199310359104,55.00786272887413,2294900
2024-07-15,54.684879302978516,55.51539695753776,54.50954936265456,55.238558912746925,1625000
2024-07-16,55.109371185302734,55.192422955468814,54.59260422424857,54.980180325085925,1413200
2024-07-17,56.79808044433594,57.038009322197325,55.03554061774466,55.12782230930157,2593700
2024-07-18,56.65044021606445,57.564009713659914,56.309006715834116,56.401284898538414,1695300
2024-07-19,56.3828239440918,56.85345178985799,55.949112296648266,56.85345178985799,1696000
2024-07-22,56.99186706542969,57.32407411669634,56.336682892201914,56.52124275625968,1530700
2024-07-23,56.12444305419922,57.21334243374676,56.050621217039904,57.05646882966647,1183900
2024-07-24,58.163822174072266,58.246873942629186,56.558159342220854,56.881136486505085,2386500
2024-07-25,58.68981170654297,59.76948110716947,58.24687014319466,58.52370818026403,3254400
2024-07-26,59.52033615112305,59.58493158316047,58.44989303711964,58.77287019730673,3160900
2024-07-29,59.92636489868164,60.323167396768376,59.28040357787549,59.667983186508636,2395700
2024-07-30,60.86761474609375,60.96912285503322,59.64029454918833,59.80639808741895,2054000
2024-07-31,59.898677825927734,60.71996551192648,59.769479938793445,60.54463205973356,4958500
2024-08-01,60.96912384033203,61.264418241917056,59.31731836133724,59.35423104158211,2578100
2024-08-02,61.928836822509766,63.41453886655391,60.69228658742129,62.703982041815735,2955900
2024-08-05,60.00018310546875,62.29794984242533,59.93558767754468,61.993425522051766,2500500
2024-08-06,60.43389892578125,60.87684403653393,60.00018374493712,60.03709642419765,2173600
2024-08-07,60.29547882080078,61.21827469163304,60.212430571805285,60.65537568756923,1887100
2024-08-08,59.84331512451172,60.50772932581296,59.52033795453869,59.686441504864,2782400
2024-08-09,59.898677825927734,60.13859966112811,58.846687673329896,60.055551419798704,2768900
2024-08-12,59.86176681518555,60.1939738704924,59.54801257834093,59.86176681518555,2606000
2024-08-13,60.673824310302734,60.73841973517786,59.9724975256776,60.05555280930178,2426200
2024-08-14,61.31977844238281,61.59662000010563,60.212426292238085,60.30470446468794,2474700
2024-08-15,59.84331512451172,60.83993642646359,59.66798868388309,60.452363822495954,3628300
2024-08-16,60.08323669433594,60.17551486870805,59.72334688602333,60.03709408696318,2269200
2024-08-19,60.75688552856445,60.88608344627901,59.90791489451035,60.07401845685787,2722500
2024-08-20,60.9045295715332,61.02449050433643,60.646147845265325,60.812251389348106,2194100
2024-08-21,61.39360427856445,61.55970780642777,60.88607080591842,60.90452362440397,2247700
2024-08-22,61.956512451171875,62.0580205573208,61.47666170968262,61.504344458564404,2483400
2024-08-23,61.62430953979492,62.233358217762785,61.421293313805634,62.15953285551685,1562900
2024-08-26,61.799644470214844,62.0580262037856,61.50435005465195,61.8273272216154,1406100
2024-08-27,61.31056213378906,61.928833699971996,61.181371270418715,61.6981347239001,1560500
2024-08-28,61.864234924316406,62.13184656693939,61.329011639070444,61.40283699711271,1366800
2024-08-29,61.513580322265625,62.094939225984994,60.97835699100854,61.85501031190867,1089700
2024-08-30,62.31640625,62.32563618034167,61.25518955267703,61.725817434865725,3607800
2024-09-03,62.50096130371094,62.87007398356925,62.06724616046703,62.288715176456634,1526500
2024-09-04,62.90700149536133,63.396082247852185,62.20568160593563,62.49174611240204,1572000
2024-09-05,62.79625701904297,63.68214014238008,62.6670661702463,63.68214014238008,1366400
2024-09-06,62.196434020996094,63.12845968575819,62.131838601084226,62.94389631431519,1104600
2024-09-09,62.805484771728516,62.83316752141828,62.196443157432434,62.307174156191486,1351400
2024-09-10,62.7501220703125,63.303798209916906,62.32563679526998,62.9069956857985,2617300
2024-09-11,62.556331634521484,62.620927062528565,61.71658403005576,62.45482352759983,2126100
2024-09-12,62.288726806640625,63.12847450296912,61.984202452562755,62.66707652662364,1685000
2024-09-13,62.722434997558594,62.75011774657525,62.16875889610471,62.36254517959489,1850200
2024-09-16,63.119239807128906,63.42376413821758,62.77780279587429,63.02696162690097,1984800
2024-09-17,62.962364196777344,63.32225401649652,62.787030731651825,63.11923780221932,1600300
2024-09-18,62.27949142456055,62.88854007940701,61.956514277463384,62.70397668079879,1624800
2024-09-19,62.01188278198242,62.187216259063526,61.33824570544555,61.882691916882905,2331500
2024-09-20,61.956512451171875,62.325632197134006,61.61507545409154,61.95651245117188,4668600
2024-09-23,62.0544548034668,62.455528529494146,61.86791186324074,62.427547800075935,2064800
2024-09-24,62.04512023925781,62.84726762301989,61.56010436626877,61.72799584464121,1999600
2024-09-25,61.68135452270508,62.38090114017659,61.54145089213572,62.343591133306035,1554800
2024-09-26,61.550777435302734,62.4928356063704,61.38288595051995,61.54145527003907,1432700
2024-09-27,62.97785568237305,63.12709573038792,61.7280023029557,61.7280023029557,1844600
2024-09-30,63.47219467163086,63.58411756797485,62.90322956136335,62.90322956136335,1888300
2024-10-01,63.173728942871094,63.518834067408136,62.22234151875662,63.080450363762886,3450800
2024-10-02,62.19435501098633,63.39757598485572,61.690680618471994,62.65139011828134,2741600
2024-10-03,61.45750427246094,62.48350459950933,61.1590313206622,62.166380201541635,1604600
2024-10-04,60.9818115234375,61.17768373401237,60.3289041548546,60.6926678482303,1593500
2024-10-07,59.769264221191406,60.87920667294874,59.70397348873509,60.62737302380471,1374500
2024-10-08,59.4334831237793,60.1516812031005,59.39617311605196,60.12370047634409,2061000
2024-10-09,59.12567901611328,60.27293858972157,58.855186805812856,59.46146195882029,1533800
2024-10-10,59.564064025878906,60.08638989677792,58.93913385566711,59.38684326989976,2094200
2024-10-11,59.526756286621094,59.70397704935279,59.181647600473596,59.5360855678587,1718100
2024-10-14,59.71329879760742,59.77858953350178,59.321554382241295,59.52675587109684,1677500
2024-10-15,61.00047302246094,61.28961671158675,59.93716261892288,60.030434088045055,3339800
2024-10-16,61.32692337036133,61.5041441333165,60.888539661676354,61.29894264276978,2259900
2024-10-17,60.62737274169922,61.448171533924494,60.59006273530406,61.43884936944277,1624300
2024-10-18,61.68135452270508,62.02646674914058,60.422172034487595,60.75795498016642,1622400
2024-10-21,61.68135452270508,62.0171374683839,61.410862310010685,61.77463309795956,1227800
2024-10-22,61.774635314941406,61.895887504505104,60.89786791240818,61.50414309253953,1297100
2024-10-23,62.57677459716797,62.63274316667708,61.718665770362385,61.82126651228005,1382900
2024-10-24,62.32494354248047,62.70736579943772,62.02647058521293,62.70736579943772,1499100
2024-10-25,61.41086959838867,62.623420059043276,61.3549081395193,62.41821855497954,1386900
2024-10-28,62.01713180541992,62.34358544053263,61.56009671626213,61.737317453675686,1554400
2024-10-29,60.2076530456543,61.75597931164564,60.01177371539872,61.61606855410168,1891400
2024-10-30,61.084415435791016,61.224326198070315,60.32890728210256,60.58074096127972,2212300
2024-10-31,61.420196533203125,62.13840176998142,61.0844135605041,61.14038213339178,3621700
2024-11-01,59.386844635009766,61.78395751356785,59.302902453609846,61.33625164712204,2303900
2024-11-04,59.135013580322266,59.84388953561255,58.780575602677125,59.16299430868849,2063700
2024-11-05,57.89447784423828,59.06971815547306,56.93376829371821,58.77124165824158,4821000
2024-11-06,56.616634368896484,57.61465382087779,55.851797098370206,57.61465382087779,4184200
2024-11-07,56.72856521606445,57.60532900537453,56.50471229704307,56.700584490706284,2853100
2024-11-08,57.269554138183594,57.4654263472764,56.812515425555425,56.89646116632067,2412700
2024-11-11,56.980403900146484,57.3908033010757,56.73789597188788,56.99905890356301,2131300
2024-11-12,56.495384216308594,56.896457892657175,56.13162054661524,56.71924069816192,1699100
2024-11-13,56.747222900390625,56.933769380441724,56.09431199925088,56.84982364232264,2014200
2024-11-14,57.34416961669922,57.75456903226494,56.57933223973506,56.66327797906421,1728600
2024-11-15,57.689273834228516,57.885149582895906,57.00838224926665,57.10165726246016,1718500
2024-11-18,57.89447784423828,58.08102432072867,57.33484197284521,57.484078442421904,1684000
2024-11-19,57.52138900756836,57.726590502200104,57.01771811050244,57.726590502200104,2130700
2024-11-20,57.46542739868164,57.49340812675591,57.073679415250204,57.43744667060738,2371600
2024-11-21,58.52873611450195,58.57537184600543,57.26022429236924,57.53071651639894,1452800
2024-11-22,59.11635971069336,59.461468413458526,58.4354680287714,58.6033595183498,1415900
2024-11-25,59.675994873046875,59.75994061676109,59.107029672103664,59.48012265707317,3368900
2024-11-26,59.30290222167969,59.554735881050995,58.60335558145711,59.489445145943144,1420800
2024-11-27,60.24494934082031,60.82324375445681,59.28424338042685,59.45213484785964,1309800
2024-11-29,60.15168380737305,60.35688530067942,59.741287936916954,60.2729431167759,912500
2024-12-02,59.386844635009766,60.15168201333143,59.10702668944202,60.15168201333143,2165500
2024-12-03,57.18560791015625,59.274918572167024,57.14829790167221,58.76191840878534,2208300
2024-12-04,57.63331985473633,58.54739375404595,56.961753905007456,57.19493613109905,2831000
2024-12-05,57.493404388427734,58.015733813014045,57.26955146223226,57.81053233226976,1674600
2024-12-06,55.75852966308594,57.71726238815549,55.65592892001986,57.50273517905287,2574400
2024-12-09,56.19691467285156,57.05502352927313,55.64660449472789,55.96373245429201,2299300
2024-12-10,56.467403411865234,56.82183780036307,55.06831018694139,56.30883766283994,1782300
2024-12-11,55.95440673828125,56.75655058144323,55.64660450186558,56.40211617100362,1987900
2024-12-12,55.76785659790039,56.24354672710137,55.478709384886116,55.926418788274695,2153100
2024-12-13,55.516021728515625,56.0943126208115,55.27351023433857,55.56265745952561,1495100
2024-12-16,54.21952819824219,55.627947174146435,54.10759817617756,55.43207497265055,2334200
2024-12-17,54.57395935058594,55.058978743140536,53.83710631854757,53.96768777845113,1852700
2024-12-18,53.030086517333984,54.814752319027065,53.001759632258306,54.32373256583646,2483200
2024-12-19,52.784576416015625,53.69107272461041,52.775131719955354,53.020643388176524,2855400
2024-12-20,53.77606201171875,53.955471630597856,52.70903818909893,52.784581356266855,7254700
2024-12-23,53.99324417114258,54.040456850411076,53.14340153592346,53.54943706140631,1911700
2024-12-24,54.08766555786133,54.13488183575913,53.6533031771332,53.83271278601753,552200
2024-12-26,54.144325256347656,54.42760492542399,53.82327400416875,53.842159795720036,1354500
2024-12-27,54.12544250488281,54.57869072128202,53.60609581538976,53.80439123467129,1083300
2024-12-30,54.10655212402344,54.30484752648948,53.6721897370703,54.12543791503396,1742000
2024-12-31,54.229305267333984,54.53147070428093,53.74772662575871,54.200978383275256,1635500
2025-01-02,54.144325256347656,54.80531355225673,54.01212831758512,54.64478612511907,1840300
2025-01-03,54.11599349975586,54.56924164990601,53.98379297079464,54.21985994079552,1718900
2025-01-06,53.09618377685547,54.18209330662286,52.81290412624977,53.917695844240846,1806000
2025-01-07,52.95454788208008,54.002682271260525,52.88844581225425,53.40779606169505,2007300
2025-01-08,53.55887985229492,53.596647833107596,52.22746217256937,52.63349768360094,2177900
2025-01-10,52.52962875366211,53.6155347697696,52.50129826482697,52.84123531407679,3693800
2025-01-13,52.74680709838867,52.916775613802514,51.69866912070204,52.86956293776451,2317300
2025-01-14,52.8601188659668,53.171729015273364,52.69015034854437,52.70903613960201,1748000
2025-01-15,53.45500564575195,54.153761864779646,53.30392292795439,53.68162792140024,2277700
2025-01-16,54.880855560302734,54.91862714508733,53.294485020315754,53.33225660510035,2310500
2025-01-17,54.64478302001953,55.24911390693467,54.474814507812624,54.80531043803549,2137900
2025-01-21,54.98472213745117,55.30577338360782,54.72976935943592,54.81475361877434,2048400
2025-01-22,52.68070983886719,54.720328468481604,52.65237935091807,54.62589951214515,1944400
2025-01-23,53.09618377685547,53.64386088984318,52.6146087310354,53.01119952146414,2438900
2025-01-24,53.18116760253906,53.256710763208154,52.661820980275614,52.82234479355319,2938800
2025-01-27,54.98472213745117,55.296332289057496,53.66274917252689,53.728847640668285,5876400
2025-01-28,54.474815368652344,56.268925869367315,54.21986259631308,55.711807648795514,3574100
2025-01-29,54.08766555786133,54.824196988331046,53.9649133211966,54.342618329705125,2657600
2025-01-30,54.21986389160156,54.88085217618707,53.8515999679015,54.74865523968924,2693900
2025-01-31,54.46537780761719,54.89974021736761,53.91770064585634,54.16321233978241,12767900
2025-02-03,55.23967361450195,55.40019743275156,53.54943316418759,54.323732574547954,3183500
2025-02-04,54.795867919921875,55.09803337539073,54.09711165493629,54.69199786921139,2480500
2025-02-05,55.3057746887207,55.81568025678403,54.97528234021472,55.32466048036339,2379000
2025-02-06,55.6551513671875,55.74958032292095,55.16413160366261,55.34354481850799,2305800
2025-02-07,56.108402252197266,56.34446924976207,55.20190584605157,55.57016978591722,2310900
2025-02-10,57.11876678466797,57.260404808233574,56.00453037589026,56.061184144478034,3379300
2025-02-11,58.034706115722656,58.204674631297465,56.4294499142363,56.844930108795296,3212700
2025-02-12,56.39168167114258,57.31706380600593,55.47574063061314,56.71273290993977,4620200
2025-02-13,59.016746520996094,59.93268757967279,56.40112388293399,56.4672223508698,5354800
2025-02-14,58.110252380371094,59.64940659496798,58.03470921293011,59.01674877708395,3268700
2025-02-18,58.0819206237793,58.43130236242315,56.71273496371333,58.20467646714326,4230200
2025-02-19,59.205604553222656,59.23393144066314,57.9308405869522,58.08192332346241,2853800
2025-02-20,59.84770202636719,60.03655633156959,58.5446112827765,59.16782796847704,3294100
2025-02-21,59.838260650634766,60.08377234165126,59.271701305683024,59.32835868101679,3830700
2025-02-24,59.517208099365234,60.329279117660846,59.054518818213054,59.98934207724907,3177900
2025-02-25,60.24428939819336,60.78252539813442,59.51720270588961,59.84769862171644,2660900
2025-02-26,59.92324447631836,60.39537846103961,59.59275212785206,60.00822873765204,2324000
2025-02-27,58.931758880615234,59.847699886738305,58.742904582164606,59.328353267571174,2489500
2025-02-28,59.498321533203125,60.02711287830173,58.846777948962625,59.41333727420686,3890900
2025-03-03,59.498321533203125,59.989341296059756,59.07340384031812,59.27169924394397,2622500
2025-03-04,57.09285354614258,59.921691669316374,57.025951972581574,59.80701002801572,3223700
2025-03-05,56.18495559692383,57.58026062252692,56.156282448682596,56.87304917842359,2119600
2025-03-06,56.108497619628906,56.31875035614107,55.305718752367255,56.1849544858748,3200800
2025-03-07,58.27790832519531,58.53594476408399,56.2518488904733,56.309187890894904,2954700
2025-03-10,59.023345947265625,60.1032754449465,58.44037876988353,58.526390918294645,3445700
2025-03-11,57.85740661621094,59.02334458982434,57.73316603899357,59.013789304960156,2498600
2025-03-12,56.815704345703125,57.714050575729715,56.595896341941206,57.34133249780021,2084900
2025-03-13,57.44646072387695,57.81917881391664,56.88260412350146,57.01639998703736,2172100
2025-03-14,58.669742584228516,58.95644853289765,57.23620919521887,57.3031071283862,1851900
2025-03-17,58.77486801147461,59.62543055874095,58.55505999948047,58.985120738453304,2979900
2025-03-18,59.15714645385742,59.16670173910221,58.28746967002342,58.497718756384366,1671200
2025-03-19,58.77486801147461,59.491634694541375,58.57417421517525,58.937333376384416,1591300
2025-03-20,58.87043762207031,59.30049837695232,58.440380512852315,58.879996553103254,1485100
2025-03-21,58.230125427246094,59.33872441415034,57.866962621600116,58.727084096639565,4539300
2025-03-24,58.16322708129883,58.727083678551864,57.99120278751561,58.010317003009725,1641700
2025-03-25,56.40475845336914,58.13455664836927,56.1467220168334,58.000757142056685,1892100
2025-03-26,57.283992767333984,57.484690211991726,56.39520177674545,56.54811185869273,2068300
2025-03-27,57.6280403137207,58.10588476681236,57.05462842827626,57.37956280220514,1487300
2025-03-28,58.411705017089844,58.9660063334674,57.60892618880557,58.16322750518312,1660700
2025-03-31,59.35783767700195,59.58720096955495,58.54549993124525,58.86087901558538,2448800
2025-04-01,59.338722229003906,59.501187587381985,58.59328607519629,59.252710084667356,1751000
2025-04-02,59.854793548583984,60.036373117196995,59.22403905496702,59.654096119874865,1985900
2025-04-03,59.17625045776367,60.68624055535883,58.87998925441888,60.198840857352636,3874700
2025-04-04,55.75489044189453,60.045935196986704,55.630649864398194,59.79745404199402,3531800
2025-04-07,53.09807586669922,54.90432727956925,52.49599084718795,54.474266551346915,4874500
2025-04-08,51.84611892700195,54.464707920218075,51.28226237256838,53.96774929210174,3500800
2025-04-09,53.814842224121094,54.02509129897793,49.963413553024296,51.1962530849907,4872300
2025-04-10,53.222312927246094,53.94863852461169,51.807893808706105,52.610672621462726,3411200
2025-04-11,53.824398040771484,54.04420604818632,52.27618305838747,53.17452930334337,2615000
2025-04-14,55.88868713378906,56.118054076750944,53.99642352559307,54.20667625283615,2702800
2025-04-15,55.41083908081055,56.3187442173661,55.36305536744734,55.98425457815999,2162200
2025-04-16,55.48729705810547,56.462100142167614,55.32482805459659,55.84090091892308,2099500
2025-04-17,54.89476776123047,56.098937787356896,54.81831454684516,55.27704477014826,3762600
2025-04-21,53.88174057006836,54.780086813080366,53.09807597292381,54.67496045200862,2013000
2025-04-22,55.47774124145508,55.77400611997302,54.407370668665465,54.436040169738064,1637900
2025-04-23,55.39173126220703,56.55767296034719,54.942559929932365,55.26749432225024,2170700
2025-04-24,55.93647003173828,56.30918811864148,54.808756840477216,55.37261343610775,2286300
2025-04-25,55.29616165161133,55.926916194776844,55.143251569803446,55.83134511510697,2992200
2025-04-28,56.4812126159668,56.710579556400944,55.22926248832457,55.429956282664556,7427600
2025-04-29,56.78703308105469,56.96861630653612,55.92691525250087,56.40475970580761,4396300
2025-04-30,56.84437942504883,57.360452343144814,55.898249387536936,56.84437942504883,5246000
2025-05-01,56.462100982666016,57.360447220646535,56.41431362196375,56.9017169940822,2793700
2025-05-02,56.223182678222656,56.86349252480169,55.4586286016941,56.18495424526343,3877400
2025-05-05,56.66279602050781,56.77747766825737,55.90780091102356,56.376090078302,2067300
2025-05-06,56.58633804321289,57.08329670122032,56.309187391420785,56.65323597355391,2492200
2025-05-07,59.48207473754883,60.055486580698464,56.76791829835761,56.97816736315856,4553700
2025-05-08,59.931251525878906,60.57156500045625,59.38650913106291,59.74011301202012,2973100
2025-05-09,60.208396911621094,60.52377597869573,59.75922199027125,60.14149898448349,2341100
2025-05-12,59.491634368896484,60.21795633300297,59.052018347314565,59.959923536695555,2201000
2025-05-13,60.12238693237305,60.69579879864928,59.061571698664665,59.491632421203704,2705700
2025-05-14,58.63151168823242,59.68277165005853,57.93385923904633,59.68277165005853,2670000
2025-05-15,60.356685638427734,60.46311834354704,58.779554180044045,59.069822845209025,2942700
2025-05-16,61.15008544921875,61.2178146781467,59.998681175511166,60.26960178218915,2129300
2025-05-19,61.469383239746094,61.546790186188296,60.61792897468005,60.801764936030736,1887700
2025-05-20,63.42387008666992,64.01408515398546,61.7209541195661,61.924141824094455,3665800
2025-05-21,61.885433197021484,63.24002516302638,61.7790004965683,62.823972074509136,2674600
2025-05-22,61.014625549316406,61.39197515612977,60.279274379812264,61.333919950863844,1949100
2025-05-23,61.40165328979492,61.4306827398548,60.20187516168757,61.28554656245434,1587300
2025-05-27,62.51435470581055,62.8046270632358,61.24684364341485,61.92413965912985,2260000
2025-05-28,61.314571380615234,62.41759819180577,60.97592522649945,62.27246201663257,1692800
2025-05-29,62.01121520996094,62.17570681161766,61.00495077366261,61.24684193746854,1766600
2025-05-30,62.707862854003906,62.98845748945322,61.20813837872478,61.88543437461523,5660700
2025-06-02,62.814292907714844,62.85299637806881,61.6919181042124,62.243433329341215,1775300
2025-06-03,63.13359832763672,63.29808255927851,62.44662825848597,62.93041062114985,2928000
2025-06-04,62.56273651123047,63.32710612160416,62.44662609072588,63.11424809024491,2981100
2025-06-05,63.18197250366211,63.57867015840904,62.30148515801751,62.54337631250024,4307200
2025-06-06,63.365806579589844,63.433535809511156,62.6981919937747,63.35613624812424,2738500
2025-06-09,63.51094055175781,64.09147784266857,62.988454775358484,63.07553942905779,1840300
2025-06-10,63.75283432006836,64.02375124147812,63.152941578423544,63.3948327413869,2142200
2025-06-11,63.42387008666992,64.02375548615375,63.32710770952342,63.67543159783858,1393700
2025-06-12,63.66575241088867,63.94633964340338,63.30775085826396,63.70444849804579,1634400
2025-06-13,63.09489440917969,63.965704132238734,62.80462942278199,63.58835448256865,1750700
2025-06-16,62.272457122802734,63.772185178511876,61.96283675166734,63.43353166907747,1934300
2025-06-17,61.15008544921875,62.46597024765203,60.89851657808677,62.107976058432385,2568000
2025-06-18,60.376033782958984,61.391975896078286,60.33733031231522,61.26619146196908,2799300
2025-06-20,60.49213790893555,61.30489230275871,60.26959849872951,60.695325584649844,5066300
2025-06-23,61.314571380615234,61.70159872043292,60.734034061854956,61.00495098514758,3175600
2025-06-24,61.769325256347656,62.030568145682,61.304894683408634,61.44035313914509,2793800
2025-06-25,60.434085845947266,61.65321934551786,60.36635661718959,61.30489548849769,2292900
2025-06-26,61.19846725463867,61.391980932767574,60.45344199297058,60.608252197280414,2389500
2025-06-27,61.30489730834961,62.1660292632312,61.063006143901234,61.256519813653185,2858700
2025-06-30,61.55646514892578,62.32084583833169,59.87290463873133,61.14041203286207,4386100
2025-07-01,62.456302642822266,63.00781421157793,61.24684310967839,61.61451871917094,2135200
2025-07-02,62.35953903198242,62.84332135924973,61.87576039568136,62.1660290538485,1855900
2025-07-03,62.456302642822266,62.998136497899374,62.19505604702964,62.543379920131386,1471300
2025-07-07,62.30148696899414,62.72721777547718,61.982188864131864,62.46597118715989,1781400
2025-07-08,62.46596908569336,62.678834481773706,61.179110069033484,61.8273802793845,2257400
2025-07-09,62.99813461303711,63.02716037127172,61.846730323514876,62.65948846374599,1972000
2025-07-10,63.965702056884766,63.98505010257701,62.020894968807255,62.27246385440287,1484600
2025-07-11,63.57867431640625,63.92699819219607,63.05618850272151,63.307757386776984,1605800
2025-07-14,63.25937271118164,64.04310507945216,62.969107751986726,63.44321235269102,2174200
2025-07-15,62.620784759521484,63.317432482294095,62.20473166852854,63.172296309727734,1479700
2025-07-16,62.68851089477539,63.34645511359152,62.27245782431913,62.83364706017772,1962700
2025-07-17,62.73688888549805,63.13359393863161,62.233758511355425,62.50467543450395,2106400
2025-07-18,63.28840637207031,63.42386483053001,62.688513640368576,62.688513640368576,3868800
2025-07-21,63.4141845703125,63.830237642280764,62.959428028634164,63.40450685740197,1379200
2025-07-22,64.44947814941406,64.51720737566689,63.327099677873555,63.71412699157483,1591800
2025-07-23,64.21726989746094,64.7107225648769,63.888294070584344,64.59461952874732,1599700
2025-07-24,64.25596618652344,64.41077267803352,63.92699039642536,64.33336574131259,1594300
2025-07-25,64.45915985107422,64.62364407044778,64.04310675493774,64.25597215974233,1715900
2025-07-28,63.06586456298828,64.41077884405256,62.8723545845931,64.32370156835448,1695100
2025-07-29,64.21726989746094,64.26564370187073,62.94975515822959,63.114246762634195,1848900
2025-07-30,63.84959030151367,64.6623484603111,63.63672489368738,64.04310766405239,1859300
2025-07-31,63.956024169921875,64.1495415359841,63.385164549386914,63.385164549386914,4534200
2025-08-01,63.42387008666992,64.42046056304217,63.10457195872553,64.42046056304217,2841200
2025-08-04,64.3043441772461,64.5365576206141,63.617374178413726,63.617374178413726,2027800
2025-08-05,63.74315643310547,64.91390877282954,63.559324169467764,64.45915958851948,1606900
2025-08-06,63.3077507019043,64.33336679346912,63.3077507019043,64.33336679346912,1982700
2025-08-07,63.791534423828125,64.11083251374484,63.57866903055031,63.68510172718921,1692800
2025-08-08,62.93040466308594,64.12050502868142,62.49499614875182,63.84958811234855,2162500
2025-08-11,63.55931854248047,63.59802201085469,63.01747736717321,63.31742740159045,2163300
2025-08-12,63.68510818481445,63.71413394467151,62.998138134443636,63.55932743145624,1784100
2025-08-13,64.14954376220703,64.1592140943962,63.385166749083176,63.68510944947284,1432300
2025-08-14,63.385162353515625,64.08181008334003,63.346458881644,63.83024120714067,2176900
2025-08-15,63.40450668334961,63.6754235886444,63.08520859556703,63.627049788088634,2314000
2025-08-18,62.446624755859375,63.69478406735499,62.30148857881428,63.5496478903099,1924400
2025-08-19,63.57867431640625,63.59802974391273,62.50467692970973,62.50467692970973,1375900
2025-08-20,63.57867431640625,64.97196981956556,63.520622797752175,64.05277894325747,1853000
2025-08-21,63.29807662963867,63.83024013149012,63.18197359791278,63.510942030379255,1456400
2025-08-22,64.37207794189453,64.4494848891159,63.568997473821625,63.76251484187504,1528800
2025-08-25,61.333919525146484,62.13699991640369,59.53424877502095,61.44035222191224,6013500
2025-08-26,62.03057098388672,62.204732918078385,61.22749054389557,61.31457151099141,5334600
2025-08-27,62.69819259643555,62.86267681612087,62.10797756633413,62.46597176424541,2512700
2025-08-28,62.21440887451172,62.80462389138451,62.01121380541648,62.620784248837545,1886900
2025-08-29,61.99186706542969,62.64981132520333,61.88543436297127,62.21441018382433,1740700
2025-09-02,61.63386917114258,62.059596289969264,60.97592491143191,61.682246665628256,1780300
2025-09-03,61.24684143066406,61.55646182249632,60.937221038831815,61.1887899140494,1944700
2025-09-04,61.36294937133789,61.74030269164504,60.734034552758544,61.68224748291326,2336900
2025-09-05,61.469383239746094,61.701600388106336,60.90819764190558,61.50808671296719,1653300
2025-09-08,60.82111740112305,61.65322363051141,60.4244160232712,61.411332456431836,2591000
2025-09-09,61.80802917480469,62.40791820782802,60.59857339558321,60.830786838252706,3149300
2025-09-10,61.93381881713867,62.15635456534571,61.47906222480315,61.94348914919437,3130300
2025-09-11,62.94008255004883,62.988456352709,61.50808364013897,61.933814442369645,2725500
2025-09-12,63.56899642944336,63.694784562094696,62.50467675940009,62.68851641054733,2168900
2025-09-15,63.394832611083984,64.09148034009574,63.26905186409726,63.66575691386935,2869600
2025-09-16,61.36294937133789,63.32710446301792,61.3048978535724,63.26905294525242,2994500
2025-09-17,61.24684143066406,62.09829935368586,61.17911220063615,61.885433950188855,2604100
2025-09-18,61.80802917480469,62.06927206603246,60.85013857363619,60.956571272762254,3176700
2025-09-19,64.82682800292969,67.21671373877369,61.62418785791778,62.32083923987516,13697800
2025-09-22,66.20954132080078,67.13917269524453,63.99798801419571,64.58512401204646,6796700
2025-09-23,67.93180847167969,67.9807395841056,65.99425885938227,66.15082498063398,3831200
2025-09-24,67.61866760253906,68.14709225114142,67.4033826569041,67.95138273647659,3835400
2025-09-25,67.03153228759766,68.02966276807864,66.96303321017092,67.23702951987786,3175500
2025-09-26,68.27430725097656,68.47002424455805,67.11960311928554,67.35446351158332,3139200
2025-09-29,69.01801300048828,69.13544319001105,67.98073912347549,68.35259019153831,2462500
2025-09-30,69.61493682861328,69.64429250957483,68.55808751896036,69.008225380663,2599100
2025-10-01,70.06507110595703,70.44670987061251,69.64428894674214,70.08464653615631,3624600
2025-10-02,70.25100708007812,70.41736092348077,69.49750972798874,69.53665312629052,2994300
2025-10-03,70.97513580322266,71.90477464296156,70.31950073043706,70.45649888099406,2659200
2025-10-06,71.14149475097656,71.6014203462886,70.94578522634326,71.25892494526043,2719500
2025-10-07,71.27849578857422,71.5035684702435,70.46629450930536,71.34700233738496,3379900
2025-10-08,71.91455841064453,72.86376526154093,71.08278175133024,71.56227530173784,2916500
2025-10-09,70.83814239501953,71.93413513868761,70.77943103109008,71.92434742275277,1771000
2025-10-10,70.79899597167969,71.25892154504577,70.37821379454046,71.18063475259208,1459100
2025-10-13,69.4485855102539,70.53479054024545,69.08651467831012,70.01615358221774,2970700
2025-10-14,69.07672882080078,69.77151482135517,68.82230792583944,69.28223353218954,2986800
2025-10-15,70.69135284423828,70.9262132194256,69.19415341515617,69.57579219253634,2094300
2025-10-16,69.8302230834961,71.11213761506866,69.6638692443747,70.59350066613746,2116000
2025-10-17,71.0044937133789,71.0142814289659,69.98678780167683,70.35864633558768,2843500
2025-10-20,71.28827667236328,71.78734563808206,70.59349819286899,71.4839936519782,2344400
2025-10-21,71.64056396484375,72.59955855651359,71.34699967699041,72.55062744228478,2544100
2025-10-22,71.55249786376953,71.97328006784225,71.09257226096447,71.64056491153734,2771800
2025-10-23,72.30598449707031,72.43319493783287,71.43506444561694,71.85584663071101,2336200
2025-10-24,73.06925964355469,73.4411181694545,72.12005282973159,72.30598209268149,1807300
2025-10-27,73.10840606689453,73.1769051456856,72.14941896381961,72.57998140228932,1680400
2025-10-28,73.2747573852539,73.63682819831658,71.80691363379245,73.48025461455778,2287200
2025-10-29,72.22769165039062,73.1181870586229,71.79712925151607,72.97140119875792,1960800
2025-10-30,72.2179183959961,72.69741194987986,71.80691645539889,71.92434664783234,2358500
2025-10-31,72.22769165039062,72.74632855151977,71.18063013325097,71.93412739649965,3103700
2025-11-03,72.76591491699219,73.03012353178487,70.75985861764599,71.79714004163226,2638600
2025-11-04,72.23748779296875,73.30412486431203,72.0026348692887,73.30412486431203,3406600
2025-11-05,71.34700012207031,72.69741377263547,70.52500368610552,72.40384201711093,3167800
2025-11-06,70.00636291503906,71.54270575828481,69.62472413311326,70.22164786193864,2716800
2025-11-07,71.47421264648438,71.58185512891812,70.23143397323658,70.3195084887915,2701700
2025-11-10,70.95556640625,71.48399103309181,70.07485869484698,71.33720517021811,2778600
2025-11-11,71.75798797607422,71.9047738402722,70.82834914671308,71.34699352899119,2591700
2025-11-12,72.03199005126953,72.13963252925863,71.25892473927499,71.90477960720959,2047300
2025-11-13,72.11027526855469,72.62891221523526,71.56227517465099,71.89499031728963,2142000
2025-11-14,71.7286376953125,72.65826912880645,71.68949429752416,71.8362801727705,2526800
2025-11-17,72.44298553466797,72.64848277753704,71.86563720458437,72.05155901527169,1804900
2025-11-18,72.94204711914062,73.0692575520318,72.3744790970001,72.74633014641675,2710000
2025-11-19,63.860992431640625,70.00636389022874,63.449990497361874,68.9005909253787,10405100
2025-11-20,62.187644958496094,64.4676935994839,62.08979020350489,63.95884439402607,5818700
2025-11-21,63.16621398925781,63.67506321740257,62.187647731118474,62.62800161405123,4206100
2025-11-24,64.27198791503906,64.42855403917613,63.410855567685985,64.09584635923505,4035300
2025-11-25,64.52642059326172,64.731917844508,63.939277057312104,64.47748947665252,2356500
2025-11-26,65.2701187133789,65.34840550871833,64.56555995284327,64.75148175947474,1544000
2025-11-28,65.73983001708984,65.88661588742012,65.06461949307428,65.0841949242327,823300
2025-12-01,65.12333679199219,65.98446909676152,64.59491215071124,65.31904630394543,2547900
2025-12-02,64.88848114013672,65.56369169743277,64.58512913478452,65.45604921827427,1838500
2025-12-03,64.55577087402344,65.60283247560288,64.3698416054777,65.08419553264852,1854600
2025-12-04,65.62239837646484,65.6321860918276,63.96863284044478,64.36005186488357,3493200
2025-12-05,65.30926513671875,66.0236191120663,64.94720175671964,65.62240486674396,2980000
2025-12-08,65.2701187133789,66.07253970100868,64.87869966836124,65.46583570172746,2668600
2025-12-09,66.37590026855469,66.90432494710986,65.7594010773204,65.87683127227928,3521000
2025-12-10,66.18018341064453,66.50311084805388,65.62240304868286,66.35632497051873,2504700
2025-12-11,66.05297088623047,67.36424109503558,65.92576044481851,66.37589831347577,1591800
2025-12-12,66.64989471435547,66.88474763182084,66.20954456087794,66.35632296814403,1766500
2025-12-15,66.9043197631836,67.19788402907486,66.18996586442023,66.9238877279073,2583900
2025-12-16,66.43460845947266,67.30552849942008,65.65175546215745,67.22724170652066,2496700
2025-12-17,66.57611083984375,66.96203002925812,66.0318695071294,66.46726106338582,3231600
2025-12-18,67.26879119873047,67.46669576312198,66.58600761730193,66.6354799836122,2307000
2025-12-19,66.4573745727539,67.38753514321189,66.39799716005291,67.14015064742215,4984100
2025-12-22,65.34909057617188,65.73500979309296,63.4491794237026,65.30950815013179,4055700
2025-12-23,65.6756362915039,66.15061027852781,65.14128489392047,65.30950453309245,2114500
2025-12-24,66.4573745727539,66.54642936744189,65.71522108538467,65.81417337378544,844300
2025-12-26,66.53652954101562,66.5959069516349,66.05165806014809,66.28914505389896,876300
2025-12-29,66.4969482421875,67.19952684111207,66.39799595558175,66.42768088660591,1644900
2025-12-30,66.84329223632812,67.23910138077726,66.58601025277578,66.58601025277578,1595100
2025-12-31,66.62559509277344,67.07088417121126,66.56621767929282,66.89276702992098,1564100
2026-01-02,67.34795379638672,67.71408557386569,66.27925849513939,67.08078185846884,1269300
2026-01-05,66.34852600097656,67.26879664408511,65.46783778386552,67.19952928598343,2447000
2026-01-06,66.70475769042969,66.98182711205787,66.31883093936126,66.5563254861073,2156300
2026-01-07,64.93348693847656,67.00161775572121,64.81473965942115,66.81360311794411,1768300
2026-01-08,66.91255950927734,67.47659584395679,64.84442124906909,64.93348359116347,2692500
2026-01-09,67.08078002929688,68.30780500072255,66.94224531717988,67.20941724781247,2003400
2026-01-12,68.03073120117188,68.48591773307797,66.17040265126323,66.62558918316932,3226700
2026-01-13,67.68439483642578,68.19895122996046,66.8927614852915,68.03073159645635,1743500
2026-01-14,69.21817779541016,69.80200912191842,67.71408340687078,67.97136539225963,3043100
2026-01-15,68.96089935302734,70.61342585057203,68.76298724131308,69.20828383048882,2504100
2026-01-16,69.37650299072266,69.58430504442589,68.3275952292944,68.67393198546645,3203500
2026-01-20,70.04939270019531,70.09886506817163,68.55518827512175,68.80257276372977,2583700
2026-01-21,70.63321685791016,70.85091641701437,69.81190608889268,70.57384699618191,2016000
2026-01-22,69.71294403076172,70.82122922833433,69.5447243948443,70.52436483000632,1475300
2026-01-23,68.85205078125,69.78221129903625,68.15936970251741,69.68325901623881,2441700
2026-01-26,69.59420776367188,70.32646375307966,68.86194422468846,68.86194422468846,1587500
2026-01-27,69.89105987548828,70.11865691663401,69.14890644288172,69.44577083575439,1928300
2026-01-28,69.168701171875,70.63321304568235,69.01037148304442,70.25719135907238,3141700
2026-01-29,68.1989517211914,70.09886271810838,67.98125217058265,69.42598417924526,2967500
2026-01-30,68.40675354003906,68.52550080802277,67.43701060835188,68.07031427178131,3315600
2026-02-02,67.19952392578125,68.7135157389365,67.04119423442046,68.38696641268629,3160700
2026-02-03,67.82292938232422,68.73330244930371,67.13024831430276,67.13024831430276,3142000
2026-02-04,67.52606964111328,68.66403982802494,67.35784999641194,68.37707290787674,3332200
2026-02-05,67.02140808105469,68.43644763899098,66.84329094965098,67.84271883459505,2548900
2026-02-06,66.6552734375,68.24843005782571,66.4177864557746,67.84271589570207,3036800
2026-02-09,66.92244720458984,67.06098191023703,65.903224348939,67.03129698039481,2612300
2026-02-10,68.57498168945312,68.96090087886593,66.69485810923095,66.69485810923095,2323000
2026-02-11,69.48535919189453,69.51504412380176,67.5062832026048,68.377073920045,2739600
2026-02-12,69.58431243896484,70.81133745532784,69.2973455106199,69.564525000613,2810800
2026-02-13,72.5925064086914,73.35444732719492,69.85148199173756,70.65301288474323,4279000
2026-02-17,72.26595306396484,74.21534397360352,71.4941146945714,74.21534397360352,4114800
2026-02-18,70.96966552734375,72.74093942732165,70.84102075750148,72.43417751810799,2263800
2026-02-19,72.89926147460938,73.37424302877673,70.95976793177938,70.95976793177938,2642100
2026-02-20,72.79041290283203,73.50288147114291,72.33522632853914,73.06748233504719,4759600
2026-02-23,74.08670806884766,74.19555784589515,72.60240116319117,72.60240116319117,2455800
2026-02-24,74.34398651123047,74.49241871972623,73.18622887419984,74.04712964381467,2336800
2026-02-25,74.13618469238281,74.30440433945057,72.45397312255378,74.10649976049741,3188400
2026-02-26,74.26482391357422,74.64084560531572,73.93827458808609,74.29450884324129,1770000
2026-02-27,75.41268920898438,75.6106013364596,74.23513658662795,74.38356879484043,3171700
2026-03-02,73.64141082763672,75.41268462561433,73.4731911916885,75.41268462561433,2455100
2026-03-03,73.94817352294922,74.47262742282663,71.57328095880256,72.73103853584237,2083700
2026-03-04,74.53199768066406,74.72001230599052,73.19612296545203,73.94817391718247,2337200
2026-03-05,73.87000274658203,74.08999633789062,72.98999786376953,73.79000091552734,2172900
2026-03-06,74.44000244140625,74.7699966430664,73.05000305175781,73.51000213623047,1938500
2026-03-09,73.8499984741211,74.97000122070312,72.7300033569336,74.5,2590500
2026-03-10,73.61000061035156,74.08000183105469,72.9000015258789,73.5199966430664,2038800
2026-03-11,73.94000244140625,74.1500015258789,73.19999694824219,74.01000213623047,1433600
2026-03-12,73.20999908447266,74.56999969482422,73.0999984741211,73.9800033569336,1998100
2026-03-13,73.0999984741211,74.2699966430664,72.91000366210938,74.2699966430664,2245000
2026-03-16,73.19999694824219,73.83999633789062,72.12999725341797,73.44000244140625,2699600
2026-03-17,72.44000244140625,73.87999725341797,72.26000213623047,73.66999816894531,2279200
2026-03-18,72.73999786376953,73.26000213623047,71.8499984741211,72.19999694824219,3029600
2026-03-19,69.62000274658203,73.04000091552734,69.43000030517578,72.73999786376953,4625800
2026-03-20,66.66999816894531,69.66999816894531,66.31999969482422,68.9000015258789,7240500
2026-03-23,67.6500015258789,68.33999633789062,66.76000213623047,67.5199966430664,2904000
2026-03-24,67.47000122070312,68.0999984741211,66.76000213623047,67.0,2693700
2026-03-25,67.04000091552734,68.94999694824219,66.97000122070312,68.47000122070312,3495600
2026-03-26,67.95999908447266,68.55000305175781,66.97000122070312,67.0,2015800
2026-03-27,67.58999633789062,68.12999725341797,67.05000305175781,67.58000183105469,2458100
2026-03-30,68.41000366210938,69.73999786376953,68.0999984741211,68.58000183105469,3025200
2026-03-31,69.27999877929688,69.31999969482422,68.05999755859375,68.80999755859375,3062600
2026-04-01,69.6500015258789,69.75,68.0,68.5199966430664,2467200
2026-04-02,69.47000122070312,69.9000015258789,69.0999984741211,69.87000274658203,2522800
2026-04-06,69.44000244140625,70.08999633789062,68.98999786376953,69.19000244140625,1349900
2026-04-07,69.48999786376953,69.79000091552734,69.2300033569336,69.36000061035156,1345100
2026-04-08,69.94999694824219,70.36000061035156,68.9800033569336,69.25,2426900
2026-04-09,70.56999969482422,71.19999694824219,69.76000213623047,69.76000213623047,2565100
