Price,Close,High,Low,Open,Volume
Ticker,ETR,ETR,ETR,ETR,ETR
Date,,,,,
2021-04-12,42.542728424072266,42.68040791911924,42.22147626896265,42.22147626896265,1490600
2021-04-13,43.143497467041016,43.251969297133705,42.13385129806833,42.19643315884222,2221600
2021-04-14,43.464744567871094,43.489776037935734,42.822243644165894,43.06005215891657,2009400
2021-04-15,44.053009033203125,44.090559423593795,43.34792939212255,43.38964957240996,1955000
2021-04-16,44.491085052490234,44.70386213941681,44.13228572278901,44.27413817508878,3042400
2021-04-19,44.466060638427734,44.67466478495849,44.19070163714473,44.67466478495849,1453800
2021-04-20,45.05430603027344,45.24205160261288,44.4702139991821,44.52445309439028,1433600
2021-04-21,44.92497634887695,45.42562488496276,44.68299484378232,45.22119377074973,1547200
2021-04-22,44.47439193725586,44.954181987185336,44.466049174086116,44.87491141336644,1595000
2021-04-23,44.520286560058594,44.60789989993569,44.0613581774922,44.40764174680117,2162000
2021-04-26,44.64127731323242,44.691343443031656,44.29916671721921,44.56617971005655,2496800
2021-04-27,44.44935607910156,44.77477792239327,44.27412942241303,44.445183106405494,3793200
2021-04-28,44.466060638427734,44.62042566971063,43.877795417348594,44.34506985147429,4290600
2021-04-29,45.30463790893555,45.45483311889047,44.54114930521841,44.54114930521841,2998600
2021-04-30,45.596683502197266,45.6550923941986,45.10437771029611,45.36304793419193,2918600
2021-05-03,45.571659088134766,46.03475732272056,45.529935716203205,45.64675670134664,1831400
2021-05-04,45.52158737182617,45.73019147372876,45.058486010958745,45.67595555313064,2650200
2021-05-05,45.00812911987305,45.45846279598513,44.604091699240115,45.28590344174394,2835600
2021-05-06,45.298519134521484,45.37848596019539,44.71350644702034,45.11754377868279,2795400
2021-05-07,45.584720611572266,45.87512379892153,45.19751850244247,45.19751850244247,1667400
2021-05-10,45.92141342163086,46.21181656704835,45.72781239502032,45.84986584438415,1920400
2021-05-11,45.045997619628906,46.02242200459121,44.667211605849694,45.90878780595914,1948800
2021-05-12,43.72024917602539,45.02495694341459,43.70762351044478,45.02495694341459,2146000
2021-05-13,44.63774871826172,45.01232509040038,43.720246285033674,43.79179707026492,2558800
2021-05-14,45.109134674072266,45.29431968368041,44.780854492315115,44.780854492315115,1438000
2021-05-17,44.41047668457031,45.239596245448915,44.41047668457031,45.15121338209174,2204800
2021-05-18,44.41468811035156,44.604082720369185,44.05273739183255,44.271592957496914,2891400
2021-05-19,44.19583511352539,44.39364576042361,43.69499566380465,44.2968436441318,1730600
2021-05-20,44.50307083129883,44.84818625817278,44.1495393646977,44.1495393646977,1434600
2021-05-21,44.881866455078125,44.94499800506957,44.44836806867638,44.61671779831889,3803000
2021-05-24,44.94919967651367,45.06704350310697,44.6756318156344,45.020747255373394,1873000
2021-05-25,44.578834533691406,44.97445588963098,44.439945775414266,44.97445588963098,1816600
2021-05-26,44.33051300048828,44.65879312414618,44.25475580187467,44.56620063572919,1681600
2021-05-27,44.107452392578125,44.549366722308065,44.094823516583006,44.549366722308065,2015000
2021-05-28,44.30105209350586,44.503069149356264,44.086406162037,44.32630342273636,1445200
2021-06-01,44.03590393066406,44.50728245159731,43.88018310620661,44.40206428977321,1779000
2021-06-02,44.056949615478516,44.32209823193637,43.75813041600913,44.02327903246699,1764000
2021-06-03,44.53253173828125,44.63774989527445,43.75812764409289,43.81704955512882,1420800
2021-06-04,44.578834533691406,44.74718425181487,44.45257465335166,44.61250511951686,1141600
2021-06-07,44.86081314086914,44.89869334817787,44.55357791193686,44.73455327551467,1428000
2021-06-08,44.667213439941406,44.93657168057717,44.30105628742278,44.81031181146863,1739000
2021-06-09,45.294315338134766,45.399533499680416,44.61671012090047,44.84818814969883,1733800
2021-06-10,45.732025146484375,45.84565935276119,45.193305440087485,45.39111610564675,1438600
2021-06-11,45.84986877441406,45.87512010658462,45.34902927967424,45.51316936078999,1278600
2021-06-14,45.833038330078125,45.9340468804469,45.53842550924699,45.9340468804469,1886800
2021-06-15,45.971920013427734,46.18235633403831,45.7446484018479,45.88353393308827,1835400
2021-06-16,45.20172882080078,46.392799337674845,45.121761979928195,46.22865602983009,2351000
2021-06-17,45.30693435668945,45.60996313124354,44.90710347487387,45.10491410331907,1840600
2021-06-18,43.51402282714844,45.18067812818796,43.320421794356335,45.18067812818796,5128800
2021-06-21,43.97698211669922,44.19583769195185,43.52244209695044,43.66553725607422,2283000
2021-06-22,43.44247817993164,43.976985066218454,43.44247817993164,43.85493160471908,1905400
2021-06-23,42.66806411743164,43.358294942109524,42.61756145918894,43.349878902736805,2112400
2021-06-24,42.49130630493164,42.83642178154306,42.31033092018396,42.77749986195114,2025200
2021-06-25,42.75223922729492,42.76486489146019,42.28086076210509,42.428165529038445,2623400
2021-06-28,43.067901611328125,43.17732619492564,42.701741228049315,42.840629981465796,1785000
2021-06-29,42.28086471557617,43.143654905580135,42.154604851114414,42.929008961690734,2113000
2021-06-30,41.961002349853516,42.432380878636906,41.780026980062026,42.33978838092914,2390200
2021-07-01,42.74382781982422,42.96268340885492,41.872621511537254,41.96100438791377,1542600
2021-07-02,42.84904479980469,42.96268221699605,42.53339030250094,42.80695817569824,1552200
2021-07-06,43.05948257446289,43.08473711857604,42.29349443044081,42.71857673347067,1548400
2021-07-07,43.261505126953125,43.28254683530636,42.76066558748965,42.99635648247451,1551800
2021-07-08,43.04264450073242,43.28254178278154,42.91217500675938,43.038438086155125,1588200
2021-07-09,43.316219329833984,43.42985676176157,42.90797227995344,43.232046070705714,1347000
2021-07-12,43.366722106933594,43.455104985991426,42.98372642001253,43.14786651126334,1190200
2021-07-13,42.785926818847656,43.42986163535132,42.62178348642095,43.38356537433432,1140400
2021-07-14,43.152076721191406,43.38355798685914,42.600734520605855,42.81538049322468,1283800
2021-07-15,43.61082458496094,43.65291120721595,42.96688674154578,43.00476694927771,1954800
2021-07-16,44.07378387451172,44.334722859229494,43.514022486321245,43.6823721864316,1498400
2021-07-19,42.764869689941406,43.964356085278595,42.17143771956206,43.79179997065284,2314000
2021-07-20,43.07631301879883,43.492976023229275,42.79011950208825,42.79011950208825,1534600
2021-07-21,42.571266174316406,43.33304458933742,42.5375955940605,43.33304458933742,1077000
2021-07-22,42.46185302734375,42.764881932071255,42.27666798312041,42.55865517618896,1156600
2021-07-23,43.24045944213867,43.24887869413402,42.52918677671469,42.56706377768232,1597400
2021-07-26,43.67816162109375,43.77496374015047,43.131029121261875,43.25307935993723,2103000
2021-07-27,44.334720611572266,44.58303712912181,43.43405345429735,43.62765768676126,1432600
2021-07-28,43.90122604370117,44.40206553555703,43.59399080071666,44.30105699645288,1280000
2021-07-29,43.93069076538086,44.17479769921759,43.695003083609585,44.07799877749174,1116400
2021-07-30,43.316219329833984,44.40628133826799,43.20679473516803,43.96436370033452,2322800
2021-08-02,43.593990325927734,43.854929316688505,43.354093041290895,43.49718820254635,3356800
2021-08-03,43.75813293457031,44.06536819197417,43.41722709221696,43.665540431461075,1888600
2021-08-04,43.64870071411133,43.808631159902916,42.9921404291735,43.219412038037376,2528200
2021-08-05,44.80611038208008,44.865032307309804,43.60241411923727,43.79601518942123,2219200
2021-08-06,44.65038299560547,44.98708243845277,44.44415627263853,44.93657655872452,2519200
2021-08-09,44.961822509765625,45.003909129325834,44.528324227389305,44.692464291376396,2222600
2021-08-10,45.736236572265625,45.84145474964417,44.8018986433835,44.94920666051662,2540800
2021-08-11,46.283939361572266,46.4113127187442,45.65130636879578,45.859355025689666,2075600
2021-08-12,46.1480827331543,46.48774833356007,46.02919961104617,46.22026130881679,1907800
2021-08-13,46.6533317565918,46.72126681408404,46.02919542232146,46.04617594737268,1883600
2021-08-16,46.82317352294922,47.447313194674095,46.28395268644133,46.68730662592439,3447600
2021-08-17,46.746742248535156,46.94629743677496,46.211764992301916,46.8189208198026,2148800
2021-08-18,46.76373291015625,46.94630436043734,46.46227832747305,46.66183354514335,2042000
2021-08-19,47.464290618896484,47.634125027312535,46.73825168125673,46.79769323830406,3245000
2021-08-20,48.65736770629883,48.7040722457147,47.13735489825165,47.383614608022306,3975600
2021-08-23,48.40261459350586,48.77624764526493,48.11814386412152,48.68284181181623,3361200
2021-08-24,48.29222869873047,48.453572843728566,47.87613780118377,48.41111181231524,3998800
2021-08-25,48.3134651184082,48.568215141409496,47.97804301304962,48.211565757072144,3034000
2021-08-26,48.266746520996094,48.53848023168247,47.95679853635499,48.2709932712847,3897400
2021-08-27,47.42182922363281,48.334683025784194,47.27322210298336,48.266751211172206,5609600
2021-08-30,46.43254852294922,46.74674006029917,45.66829533553391,46.70428226973649,6153000
2021-08-31,46.96327590942383,47.00998044776249,46.15656498459063,46.343383137945274,5706000
2021-09-01,47.77847671508789,47.888869553855486,46.942045021556446,47.14160018571733,3695200
2021-09-02,48.279483795166016,48.287977295789425,47.697802096674366,47.88886698884469,4136800
2021-09-03,47.79121780395508,48.13937687346928,47.64686066652515,48.096919082420584,3173400
2021-09-07,47.76573944091797,47.82942774137017,47.16707395171747,47.63836284001358,4378200
2021-09-08,48.75503158569336,48.831456913781324,47.55345685382458,47.740275042333415,3032400
2021-09-09,47.95255661010742,48.82295256739754,47.91858908531874,48.65736493320454,3307000
2021-09-10,47.48551559448242,47.95256100482656,47.44305780426616,47.95256100482656,1525200
2021-09-13,48.126644134521484,48.36865712824776,47.75725775633628,47.92284542365836,1909000
2021-09-14,48.568214416503906,48.83570145076454,48.16910400152136,48.423857260042624,4029000
2021-09-15,47.93132400512695,48.546969978272514,47.477018908703066,48.36015507873197,5304800
2021-09-16,47.72753143310547,48.10965478142576,47.498255480520264,47.88462557962594,2322800
2021-09-17,47.14584732055664,47.84641215643908,47.039701231462985,47.604399202878405,4751000
2021-09-20,46.49623489379883,47.277468573475545,46.01220897501616,46.9760140619054,2827200
2021-09-21,45.84661102294922,46.925052221041256,45.842364273227965,46.53868221875115,3620200
2021-09-22,45.00170135498047,46.11411369130732,44.8615909595536,45.8975747320883,3228600
2021-09-23,43.56660842895508,44.96349158620187,43.52415063400709,44.785166903827076,4127000
2021-09-24,42.819332122802734,43.71520538290144,42.64949773068193,43.439224900620324,4818800
2021-09-27,42.4669303894043,43.18447906412821,42.4329660991876,42.67497907833681,5224200
2021-09-28,42.14424133300781,42.86603339537111,41.82155633649795,42.45843282893193,4047800
2021-09-29,42.77262496948242,43.175982031029086,42.063569907990214,42.224910789016036,4042800
2021-09-30,42.16547775268555,42.933977756336596,42.13575697283089,42.87877970851934,2568000
2021-10-01,42.190948486328125,42.70469516671901,42.07206214599996,42.41597767599372,3711200
2021-10-04,43.044349670410156,43.20569375696953,42.16546041123085,42.21641168687919,3277800
2021-10-05,43.082576751708984,43.39252152929616,42.89575859141752,43.07833000097826,2477600
2021-10-06,43.80436706542969,43.82984432943201,42.641006841399154,42.950954845408525,2354800
2021-10-07,43.92749786376953,44.420017280357484,43.808614760268064,43.87654657398821,2247600
2021-10-08,43.8128547668457,44.13129299048847,43.579332107112556,43.89352358076351,1885600
2021-10-11,43.5963249206543,43.88928918382323,43.260902866714076,43.69822426636975,2147600
2021-10-12,43.65152359008789,44.05912424836471,43.477445660714395,43.710965150295635,1406400
2021-10-13,43.54536819458008,43.749170099902535,43.15050463496645,43.40101107610611,2145200
2021-10-14,43.93598937988281,44.06760949005216,43.562353083678495,43.64727189614378,1618400
2021-10-15,43.41374969482422,44.23744436864876,43.396765932141896,44.07610024282741,3087000
2021-10-18,43.209957122802734,43.33733375079487,42.56883694938968,43.06135321636005,2568600
2021-10-19,43.33308410644531,43.443476960713824,43.1547594306191,43.307610078276426,1137400
2021-10-20,44.178001403808594,44.44548836901368,43.44771582846866,43.4731898520154,1283200
2021-10-21,44.1228141784668,44.42851549321958,44.088846645867115,44.17376547736633,1250200
2021-10-22,44.415771484375,44.66203119796203,44.24593708744182,44.31811565335887,1323600
2021-10-25,44.06761932373047,44.41153168282479,44.02940503976321,44.36058362329804,1349800
2021-10-26,44.11432647705078,44.538910941239294,44.08460569413048,44.118573228702935,1286000
2021-10-27,43.77889633178711,44.39878914708417,43.71096127510271,44.309626814677245,1647400
2021-10-28,43.64727783203125,44.01242067698654,43.362803820736836,43.74068367946374,1592400
2021-10-29,43.74068069458008,44.10582351461786,43.40101513966887,43.579339798946386,3114400
2021-11-01,43.94023895263672,44.39030062248574,43.60057337388261,43.72794675116968,1880800
2021-11-02,44.07185745239258,44.1185619907024,43.2736367898768,43.9487276004232,3317800
2021-11-03,43.88505172729492,45.086626572600565,43.536892586319425,44.37332452287973,2745800
2021-11-04,43.68973159790039,44.15677374930759,43.256653733646694,43.90202377938745,3422400
2021-11-05,44.262916564941406,44.42001393377364,43.83833223338322,43.84257898370878,2656600
2021-11-08,42.9169921875,44.33934928818835,42.56883310697937,44.33934928818835,2514000
2021-11-09,43.44347381591797,43.51565238338627,42.92548035183388,43.01039917178638,3440000
2021-11-10,43.919002532958984,43.9444765552488,43.49017146826014,43.579333785595715,2920800
2021-11-11,43.787384033203125,44.37331252521037,43.48592952527142,43.90202362482263,2680200
2021-11-12,43.56441879272461,43.898869520967075,43.00700200277373,43.79167360697348,2054400
2021-11-15,45.03943634033203,45.052299326800544,43.84312952836411,43.911736484675835,3129800
2021-11-16,45.15950012207031,45.468224916111794,45.022289465980776,45.19809235700554,2835800
2021-11-17,45.35673904418945,45.43392024067222,44.730715237766965,45.03086251777774,1831800
2021-11-18,45.22810745239258,45.55826947175414,44.98798634876952,45.39961832037462,1936600
2021-11-19,45.42962646484375,45.53253689634929,45.21523463958001,45.33958229079614,2790600
2021-11-22,46.008487701416016,46.13283208314077,45.17664636005927,45.25811630171866,2363000
2021-11-23,45.57970428466797,46.01706217768406,45.41676440049045,45.965606960886994,3405400
2021-11-24,45.62257766723633,45.764077046481745,45.07802063972559,45.61400016290421,2351800
2021-11-26,44.203304290771484,45.59256565274383,44.01893046435225,45.22810020960698,1797800
2021-11-29,45.05230712890625,45.2752732328129,44.31479857763299,44.59350866103653,2520800
2021-11-30,43.02416229248047,44.84220784875694,43.01987681012212,44.76502663861916,4311000
2021-12-01,43.04987335205078,44.10896934920843,43.019858631422636,43.4400647202167,2249800
2021-12-02,43.73163604736328,44.2633300375545,43.255686015781905,43.255686015781905,2301200
2021-12-03,44.276206970214844,44.314795934001125,43.39719905300162,44.07038934927434,1945600
2021-12-06,44.987972259521484,45.849828168065336,44.59778090429358,44.867913380989826,2787600
2021-12-07,44.95796585083008,45.24953886888971,44.73499978824787,44.95367709827282,1604400
2021-12-08,45.24095916748047,45.53253215030167,44.82074979436548,45.03514159728226,2106200
2021-12-09,45.55826187133789,45.95703078845434,45.02228231991039,45.27526309793158,2860200
2021-12-10,46.05564880371094,46.27004060723695,45.59684720366033,45.74263533116486,3888200
2021-12-13,46.257179260253906,46.51445206887635,45.63544427258885,45.98704673683192,2397600
2021-12-14,46.004207611083984,46.73742740999871,45.89272292329943,46.32150666100584,2207400
2021-12-15,47.10188674926758,47.21766017521141,45.89271689852906,45.89271689852906,2179400
2021-12-16,47.4534797668457,48.07092919169493,47.05471089185712,47.20478449613041,2596400
2021-12-17,46.96038818359375,47.56926350825543,46.823177533957306,46.930373456215776,3784000
2021-12-20,46.93037033081055,47.02041777830755,45.8112447152533,46.54446765346781,1916000
2021-12-21,46.85319137573242,47.69361026915029,46.557332860416004,47.32485604184241,2065600
2021-12-22,47.15763473510742,47.15763473510742,46.59592584012081,46.711699275918114,1026200
2021-12-23,47.20479202270508,47.38059489528415,47.08902187276647,47.21765828057359,919600
2021-12-27,47.5220832824707,47.55209800115902,47.063284998887106,47.260525046175864,872600
2021-12-28,47.976600646972656,48.0066153705611,47.526376521786474,47.58212048799324,682000
2021-12-29,48.23387145996094,48.2553119508214,47.779361841683574,47.99375366484981,931200
2021-12-30,47.86940002441406,48.3153353533581,47.6635857318917,48.289609384632605,1311400
2021-12-31,48.3024787902832,48.486855890498305,47.50065218769945,47.77507346178338,1102600
2022-01-03,47.766502380371094,48.3024819778363,47.354870442080994,48.3024819778363,2060000
2022-01-04,47.71504592895508,48.16527008774153,47.530668821334686,47.7622123940226,2194600
2022-01-05,47.82653045654297,48.25960287480646,47.53495743306256,47.53495743306256,1773200
2022-01-06,47.01612854003906,47.599274573974405,46.831751437083625,47.40203448475505,3144600
2022-01-07,48.07951736450195,48.371090425069106,46.7803032158172,47.101891005941546,2535600
2022-01-10,47.895137786865234,48.495435618698316,47.78365638069738,47.97231898340606,2556400
2022-01-11,46.62593078613281,48.07950702313809,46.41582772442323,48.07950702313809,2926200
2022-01-12,46.84032440185547,46.91750558870775,45.99990885133038,46.36866304725134,2725200
2022-01-13,47.44062423706055,47.8179526830055,46.66023810085275,46.926085149739265,2267600
2022-01-14,47.625,47.81366585333167,47.187642115247066,47.586411041651054,2249200
2022-01-18,47.097591400146484,47.689314891296036,46.360086319345804,47.53066377370271,2956600
2022-01-19,47.316280364990234,47.66359738449104,46.891785420444805,47.166206725136796,1911200
2022-01-20,47.16191864013672,47.81367170153101,47.12332967706787,47.43633994871535,2055600
2022-01-21,46.91750717163086,47.543530921060615,46.874629460012876,47.543530921060615,1965400
2022-01-24,46.390106201171875,46.9303712687937,45.356735988512746,46.73741992626587,4276800
2022-01-25,46.16713333129883,46.65166093394599,45.5968503099429,45.72548670936558,3840400
2022-01-26,45.999916076660156,46.65595463227049,45.78981297386733,46.124263745640434,2777400
2022-01-27,46.99040222167969,47.41490042297553,46.167138335937274,46.595922018681435,3377800
2022-01-28,47.663597106933594,47.702186069231196,46.565908623197735,46.84890743215338,2858800
2022-01-31,47.92515182495117,48.12239520210707,47.10617667417584,47.35487200071158,3697400
2022-02-01,47.17048645019531,48.002324439618555,46.77600303776023,47.81366187335068,2892000
2022-02-02,48.02805709838867,48.126675504994864,46.97753520300529,47.17906404001743,3165600
2022-02-03,48.01091384887695,48.2767576626976,47.753644270093034,48.135261520750554,2069800
2022-02-04,47.55210876464844,48.00661839948149,47.05043266529199,47.59069772397137,2280200
2022-02-07,47.020416259765625,47.62928825285479,46.90464284321398,47.440622401502246,2755000
2022-02-08,47.15763473510742,47.44063028782055,46.96896885239191,47.380600829022,2281600
2022-02-09,47.796512603759766,47.92086025121929,47.260533056792625,47.462061889869794,2315600
2022-02-10,46.06135559082031,47.65803496571263,46.01808583593934,47.407065765624004,2142000
2022-02-11,45.78876495361328,46.70609917913027,45.55943222255192,46.1868520830508,3585600
2022-02-14,45.21759796142578,46.19118260652825,44.69402617065662,46.00944759841434,2694800
2022-02-15,44.754600524902344,45.69789591806135,44.4993033017945,45.47721582711583,2365200
2022-02-16,44.98393630981445,45.243558216158625,44.53392346489112,44.84979904014549,2423400
2022-02-17,45.41231155395508,45.667608788443204,44.65507908582443,44.793544319374604,3382400
2022-02-18,45.26952362060547,45.68059137207671,45.066152077843505,45.221925885011316,1789600
2022-02-22,45.221923828125,45.5680852606528,44.78056362746723,45.459909193999444,3047400
2022-02-23,45.32144546508789,46.26474092966681,45.03153438913906,45.217597362009684,3276200
2022-02-24,44.2743034362793,45.10077022627981,43.348316506907366,44.923359880302904,2914800
2022-02-25,45.68491744995117,45.87963305022243,44.724313445900265,44.849798079888785,2839200
2022-02-28,45.52482223510742,45.74550236811242,45.06615670098948,45.278180898668445,3246600
2022-03-01,44.94065856933594,45.7801057754842,44.52526293262668,45.56807834012916,2226400
2022-03-02,46.134925842285156,46.35560262100155,44.87575495789407,44.87575495789407,2992600
2022-03-03,47.32053756713867,47.597468026097886,46.25608549652579,46.26906609596583,2508400
2022-03-04,48.56672286987305,48.60134000130449,46.86187041276624,47.00898826944285,3569800
2022-03-07,48.40230178833008,48.64461513254505,47.82247632732348,48.55807559568877,2365000
2022-03-08,47.333526611328125,48.6792373478916,47.31621804189622,48.46288518190097,1686600
2022-03-09,46.72341537475586,47.96527469884396,46.68014230039665,47.77921170342445,3666200
2022-03-10,47.169090270996094,47.26861039778846,46.38156868383876,46.3858933493366,2333800
2022-03-11,47.05659866333008,47.342185122587175,46.84457445347912,46.95707520899957,1771000
2022-03-14,47.714298248291016,47.90036121584896,47.16909324674395,47.57583301438312,1622400
2022-03-15,48.13835144042969,48.493168820119514,47.91767133194221,48.354703581734995,2362800
2022-03-16,47.822479248046875,48.294128666152915,47.255637654093825,48.16431605166856,1933400
2022-03-17,47.7662353515625,48.034513250607674,47.459015643655746,47.597480910617556,2807000
2022-03-18,47.35948181152344,47.95228785965126,46.970050603122495,47.870072990589364,4432200
2022-03-21,47.9306526184082,48.04315665785368,47.43736999327185,47.68833927308417,2161200
2022-03-22,47.4589958190918,48.302767671356285,47.32053060996965,48.302767671356285,1920000
2022-03-23,47.96526336669922,48.198924047692145,47.251300724988276,47.51525057011336,1593400
2022-03-24,48.77875518798828,48.83067758904162,48.04315592743969,48.04315592743969,1908200
2022-03-25,49.68743133544922,49.78262680155645,48.94317947454345,49.098953273396816,1535800
2022-03-28,49.90810775756836,49.92109165843481,49.28501586811066,49.717720128056726,1460600
2022-03-29,50.35379409790039,50.36677469702603,49.57492513764794,50.05522711292505,1390000
2022-03-30,50.64371109008789,50.678328225997994,50.06388561804487,50.20667882772022,1249400
2022-03-31,50.51822280883789,51.28843587035377,50.51389484184299,50.65668804123096,2041400
2022-04-01,51.96345138549805,52.03268564955888,50.34081046087563,50.483603654547544,4222000
2022-04-04,51.669219970703125,51.777396041354855,50.89035094150199,51.651911403246245,2462800
2022-04-05,52.49135208129883,52.833188838664725,51.68652190345436,51.846623666151245,3179800
2022-04-06,53.48225021362305,53.551484485448874,52.3009693367229,52.67741996064257,2937600
2022-04-07,53.21829605102539,53.53849958056941,52.48702809596812,53.33945271570842,2302000
2022-04-08,53.361087799072266,53.67696335307282,52.80289892229085,53.5168615926518,1784400
2022-04-11,52.69905471801758,53.78946805231328,52.530300312725046,53.48224840931223,1609800
2022-04-12,53.35676193237305,53.58176999918719,52.132211369745505,52.521642567751066,3055400
2022-04-13,53.382728576660156,53.49090464739899,52.924059791862724,53.248588004079245,1974200
2022-04-14,53.74186706542969,53.98418369271076,53.33079934433891,53.48224517309491,1850200
2022-04-18,53.84572219848633,54.0274572055999,53.65533125697399,53.89331993386441,2054400
2022-04-19,53.8933219909668,54.027459267822294,53.218301036781085,53.923611159975195,1679400
2022-04-20,54.451507568359375,54.83661743281921,54.083709573337,54.35631539535608,2765800
2022-04-21,54.23082733154297,54.87555577400623,53.984186027964974,54.32602279981371,2214400
2022-04-22,53.3697395324707,54.18322561885429,53.296180603761535,54.144280520479725,1573800
2022-04-25,52.89377212524414,53.59475427198366,51.98509376550373,53.59475427198366,1763000
2022-04-26,52.21010971069336,53.426007907015325,52.20145377477285,52.81589317423808,2004800
2022-04-27,52.218746185302734,53.03222894265311,51.11102442188583,51.872581483599326,2527000
2022-04-28,52.92839431762695,53.18801625931667,51.9461569261647,52.521651184840735,1597200
2022-04-29,51.426910400390625,52.789929738314655,51.344698820253384,52.755312598639954,3189000
2022-05-02,51.076416015625,52.03702009072131,50.44034016583032,51.712491865419686,2312400
2022-05-03,50.855735778808594,51.94615246197729,50.756215638661686,51.2841121108461,1815800
2022-05-04,51.78974914550781,51.96432847231829,50.8862841468388,51.156887431214585,2429200
2022-05-05,51.63262939453125,52.04726032512441,51.02595719256231,51.5235156412291,1825200
2022-05-06,52.05598831176758,52.17819851339675,51.300922998554825,51.466774705934576,1644200
2022-05-09,52.0516242980957,52.592827566410634,51.13070398054184,51.75483476452545,2025800
2022-05-10,50.764076232910156,52.71939595356014,50.253424719820885,52.077806618192376,2544600
2022-05-11,51.37948226928711,52.16509925815142,50.84264116315892,50.96048587591534,3205800
2022-05-12,50.70297622680664,51.45804483713178,49.96100406350322,51.331472488354166,2607600
2022-05-13,51.139427185058594,51.204896095447,50.20541383118622,51.0390444083652,2512400
2022-05-16,51.4100341796875,51.7155513437515,51.07396196932975,51.344565264563116,2234000
2022-05-17,51.63698959350586,51.706823991323105,50.628779616702715,51.46677241118552,2728200
2022-05-18,50.83391189575195,51.903225261481246,50.72916363324519,51.8421218308617,2312400
2022-05-19,50.48474884033203,50.7771728899398,49.92608697544334,50.641872906067896,2106600
2022-05-20,51.0565071105957,51.08705882724789,49.82570414992767,50.50220739862236,3223200
2022-05-23,50.977943420410156,51.933777570245354,50.716067766319924,51.588977733587996,2910000
2022-05-24,52.00798416137695,52.04289803386004,50.51094324107842,51.187446555101985,1633000
2022-05-25,51.86831283569336,52.0254369088519,51.51915081858691,51.90323003637027,1606000
2022-05-26,52.32221984863281,52.601550759004695,51.911954447085606,52.26548190211222,1984400
2022-05-27,52.845970153808594,52.95944605189767,52.060349852260494,52.17819456243634,1803800
2022-05-31,52.51426315307617,52.88961470292953,51.78974961653899,52.37459769242519,3301400
2022-06-01,52.45315933227539,52.74994885018859,51.87267341299282,52.65829370449459,2180400
2022-06-02,52.55354309082031,52.85906022946371,51.25727133278591,52.61464651854899,1600600
2022-06-03,52.374603271484375,52.65393422254128,52.16074124049434,52.453165309587106,1399200
2022-06-06,52.95944595336914,53.02055271438676,52.313494444308915,52.55354601652625,1596600
2022-06-07,52.946353912353516,53.10347797556298,52.39205753872762,52.88961596226183,1896600
2022-06-08,51.63698959350586,52.710668485790826,51.58025164269487,52.710668485790826,1593800
2022-06-09,50.71170425415039,51.92941402542251,50.654962976671655,51.66317622615402,1350200
2022-06-10,50.59822463989258,51.13942786855501,49.88680423987755,50.1966868679781,1664800
2022-06-13,47.87910842895508,50.192321080261095,47.65215331182945,50.11375905320085,2305400
2022-06-14,46.8272590637207,48.04496895788204,46.17257653975573,47.996958639733606,2964000
2022-06-15,47.03675842285156,47.74818227261609,46.203131023966485,47.163330784649474,3608600
2022-06-16,46.20749282836914,46.578478918650916,45.84959985552629,46.34715829753007,3124600
2022-06-17,44.71917724609375,46.56538329294654,44.452939439551834,46.23367657284907,5952000
2022-06-21,45.69683837890625,45.932524484737876,44.74100416790227,44.758462767951364,2817600
2022-06-22,45.666282653808594,46.080916876341306,45.47860688210977,45.50479644482887,1992200
2022-06-23,46.22494125366211,46.478082571499655,45.62699682642793,45.69682788069414,1939000
2022-06-24,48.250099182128906,48.49451290440848,46.39516552438816,46.42135175752177,3468200
2022-06-27,48.865501403808594,48.90914623783415,48.097339671386756,48.18899815169403,1859000
2022-06-28,48.8174934387207,49.46344833502861,48.69092108302903,49.12301395138984,3139800
2022-06-29,48.747657775878906,49.31504725187806,48.52506480373735,48.9396957027324,2551400
2022-06-30,49.16229248046875,49.47654062313835,48.254465252731585,48.446506524338,3403000
2022-07-01,50.32326126098633,50.43237500758007,48.93096878888632,49.275768627709,2617400
2022-07-05,47.905296325683594,50.18795385332149,47.27680013105293,50.070112481771744,3836400
2022-07-06,48.608001708984375,49.08810161372824,47.75691233568181,48.10607771907074,1875000
2022-07-07,48.27191925048828,49.066267166551086,48.232639901343326,48.70837422260822,1310800
2022-07-08,48.04933166503906,48.420321096810646,47.91839715666752,48.245738422427706,1558600
2022-07-11,48.35048294067383,48.62545171368902,47.756903891795936,47.93585203486216,1218600
2022-07-12,48.43777084350586,49.14046023539961,48.13225038670859,48.17153306296103,1578000
2022-07-13,47.80054473876953,48.481416726231075,47.65651713574285,47.966399751174514,1674400
2022-07-14,47.90093994140625,47.992595098883015,46.932009233955235,46.932009233955235,1636600
2022-07-15,48.06242370605469,48.285013348843904,47.350999955903134,48.26755475001759,1534200
2022-07-18,47.691436767578125,48.25010196916688,47.64779193320535,48.01005038528548,1936800
2022-07-19,48.10607147216797,48.39413004565276,47.647792382216664,47.979499120372964,1680600
2022-07-20,47.254981994628906,48.30247467412325,47.241888877241934,48.18026780532828,1606600
2022-07-21,47.11967849731445,47.29426115253569,46.766151034659664,47.137137095825295,1533400
2022-07-22,47.73508071899414,47.79181866568262,47.311718870178304,47.40337401323836,1218000
2022-07-25,48.35485076904297,48.42031968626532,47.521220104845725,47.65215793929043,1382600
2022-07-26,48.56871032714844,48.83931361732731,48.23264145295533,48.25446220433098,1532800
2022-07-27,48.472694396972656,48.73020459531501,48.05806345187557,48.498883963004786,1607200
2022-07-28,49.7558708190918,49.88680865320228,48.651640183695704,49.02262627382547,1457400
2022-07-29,50.249061584472656,50.331989097781005,49.590016949917505,49.659848016476666,2755400
2022-08-01,50.37126922607422,50.436734807066685,49.81260407247053,50.10939358255584,2108600
2022-08-02,50.24032974243164,50.99976042580744,50.20104706524845,50.493474413519245,2941600
2022-08-03,51.231082916259766,51.300917309446305,49.6162008675231,50.192321291763506,2813000
2022-08-04,51.907596588134766,52.22184474092482,51.034686532556876,51.27910028255465,2990000
2022-08-05,51.388206481933594,51.837754561659985,50.96048248234206,51.79410973127737,1692600
2022-08-08,51.59770584106445,52.130181424397094,51.41439555726088,51.75046441090077,1575800
2022-08-09,52.25239181518555,52.4793469443122,51.66754039839172,51.88576789288889,1829400
2022-08-10,52.036705017089844,52.551701201824116,51.54371523583096,52.551701201824116,2042200
2022-08-11,52.283203125,52.749780564278616,51.62295051097851,51.966281332954736,1654200
2022-08-12,53.26477813720703,53.29118716613732,52.463671796877726,52.62213268689612,1648200
2022-08-15,53.61690902709961,53.66092855145575,52.87742601804052,53.26037371569873,1394400
2022-08-16,53.79738235473633,53.90302183037514,53.410032013696735,53.47165867922262,1164400
2022-08-17,53.37921905517578,53.65212466530804,53.207553652127224,53.56849159677012,1700000
2022-08-18,53.031494140625,53.634522742928176,52.74978325471322,53.4936689790816,2022400
2022-08-19,53.54648971557617,53.65212919755646,53.05790249386678,53.05790249386678,1534200
2022-08-22,53.11511993408203,53.674135681758735,52.96106166598079,53.29118796543418,2032000
2022-08-23,52.60012435913086,53.15473748932745,52.41965370126766,53.15473748932745,1377200
2022-08-24,52.49887466430664,52.683747913119696,51.98828115339344,52.617721992702016,1869800
2022-08-25,52.54730224609375,52.591321772553734,52.10273458116961,52.582516523974384,2406400
2022-08-26,52.3668327331543,53.01388078940578,52.20396922351102,52.66174474193532,3218200
2022-08-29,52.56930923461914,53.062299024272036,51.84743336725988,52.20396867688222,1150600
2022-08-30,51.433677673339844,52.73217648859355,51.31043105672586,52.73217648859355,2576600
2022-08-31,50.75141143798828,51.76379661488589,50.71619716447412,51.40285870691058,2556200
2022-09-01,51.50850296020508,51.62735030481527,50.58855264705118,50.786627077110474,2325200
2022-09-02,51.156375885009766,52.155556751562095,51.05513566767605,51.49090483481234,2400200
2022-09-06,50.896671295166016,51.693378389205684,50.70739874730469,50.93188557342357,2475800
2022-09-07,52.454864501953125,52.5032832919152,51.00671014358325,51.072736071551375,1611200
2022-09-08,52.15114974975586,52.54729859462063,51.96187721707281,52.17315615323827,1527200
2022-09-09,52.793800354003906,52.952261250813585,52.085128942776876,52.375638348115636,1548000
2022-09-12,53.718143463134766,53.748955111944454,52.61332001315683,52.87302107445378,2644000
2022-09-13,51.812217712402344,53.38361863721844,51.62294518159399,53.20755062001238,1610400
2022-09-14,52.25238800048828,52.745377795175855,51.88704743902029,51.90465457721109,1724400
2022-09-15,50.75141143798828,51.98828341076626,50.7338043012312,51.926660111225445,1682400
2022-09-16,50.80423355102539,51.23560004050987,50.61936363762557,50.680986942092176,3412800
2022-09-19,51.006717681884766,51.02432482249298,50.17920222261097,50.694198492081064,2528400
2022-09-20,50.311241149902344,50.782221125749295,49.70820933258817,50.619357635702094,2462000
2022-09-21,49.822662353515625,51.07273899965045,49.81385710489868,50.74701532340971,2706200
2022-09-22,50.14397430419922,50.47410054482973,49.53214060688808,49.84906233520822,2874600
2022-09-23,49.118385314941406,49.7390243098676,48.44052900081757,49.56295629553419,1789400
2022-09-26,47.894718170166016,49.109583783894486,47.278485152828026,49.06997024344479,2066600
2022-09-27,46.569820404052734,48.145620803012115,46.44657042495431,48.088400117094615,2553400
2022-09-28,47.46336364746094,47.75827569601685,46.521403455385936,47.150844458334994,2176600
2022-09-29,45.17448425292969,47.30490117639851,45.143672597505606,47.30490117639851,2012800
2022-09-30,44.29414749145508,45.68508132930984,44.228124914141816,45.623458018338404,3381600
2022-10-03,45.7598991394043,46.06361636143926,44.61105953056181,45.13486091738318,3659600
2022-10-04,46.723873138427734,46.943957323386684,45.77751047146064,45.93597135328853,2683800
2022-10-05,46.17806625366211,46.48178015158916,45.161275014565504,46.05921891072778,2687200
2022-10-06,45.209693908691406,45.984391197824685,44.99401234278355,45.984391197824685,3793400
2022-10-07,44.558250427246094,45.38576584404367,44.09607224510546,45.17888615028964,3022200
2022-10-10,44.9984130859375,45.46058785070671,44.67268608042234,44.751916519842496,2278600
2022-10-11,44.523033142089844,45.099652656054005,44.32935797663452,44.83114967057032,3196600
2022-10-12,42.51146697998047,44.3337639774277,42.48505459108599,44.170900452416184,2474000
2022-10-13,44.263336181640625,44.355771148819635,41.78959175790689,41.99647145702027,2556000
2022-10-14,44.021244049072266,44.87957111356513,43.515049701045335,44.59786359710498,2315400
2022-10-17,44.597862243652344,45.0468325349421,44.44380397498519,44.76072576093956,2074800
2022-10-18,45.5310173034668,45.874348095023635,45.139267722514184,45.434179724675246,2058000
2022-10-19,44.78273391723633,45.284525645213336,44.50983164727392,44.93239292566411,1665200
2022-10-20,44.00363540649414,44.88837482921051,43.625090314514736,44.8091443830237,2219800
2022-10-21,45.02482604980469,45.306533557214905,43.73953512746827,44.148891873895366,1807200
2022-10-24,45.04682922363281,45.77751032734085,44.72550819520652,45.460588564682816,2121000
2022-10-25,46.107635498046875,46.26609637557589,44.91477965091651,45.08644504186993,1837600
2022-10-26,46.09442901611328,46.631434927226216,45.9535752819048,46.37613648453024,1781400
2022-10-27,46.23088455200195,47.049598009901814,46.19567027552453,46.508192781488894,1947000
2022-10-28,47.419342041015625,47.53818602847075,46.3585346112133,46.3585346112133,2291400
2022-10-31,47.159645080566406,47.551394712607156,46.86913566452453,47.43255071473062,2584600
2022-11-01,47.67904281616211,47.69664995583611,46.886738321924895,47.34011461253861,2308000
2022-11-02,47.872711181640625,48.92911590421486,46.47297567982882,47.60861084055158,3852200
2022-11-03,48.132415771484375,48.58138943783883,47.41494246007451,47.621822153569354,2298000
2022-11-04,48.73543930053711,48.79265997596466,47.938735677177036,48.43172207032009,2590200
2022-11-07,47.74946975708008,48.761855067395786,47.50737579253806,48.67822199633247,3232600
2022-11-08,47.56019973754883,48.356903513391934,47.265284340099974,48.02677719413514,2599400
2022-11-09,47.15083694458008,47.846300416067315,47.11562266905162,47.41493729460722,1819600
2022-11-10,49.36943817138672,49.47169645449913,47.631013437463544,48.26236149119313,2061400
2022-11-11,49.1871452331543,49.498373902402285,48.51134032044917,49.418344060835786,3025800
2022-11-14,48.26680374145508,49.36054264790922,48.2534659998802,49.280512806358864,1954400
2022-11-15,48.69807815551758,49.14713470181134,48.080071219813895,48.78700209107645,1667400
2022-11-16,48.964839935302734,49.36498913856462,48.80922729850674,48.80922729850674,2535200
2022-11-17,48.391300201416016,48.65806863631901,47.97336954479768,48.43131682349209,2000600
2022-11-18,49.76068878173828,49.845165662628816,48.67584403141679,48.92037719341959,1530600
2022-11-21,50.26310348510742,50.38314655317231,49.67621910235438,49.67621910235438,1601400
2022-11-22,50.103050231933594,50.823315516994136,49.62731815902139,50.254215847577846,2969200
2022-11-23,50.22309494018555,50.24532677478262,49.69845552945066,50.02746565045676,3530000
2022-11-25,50.57432174682617,50.80551715371593,50.2230798964335,50.534308527059,1447200
2022-11-28,50.352020263671875,50.47206332276947,49.782920709829654,50.258652686129096,3427600
2022-11-29,50.156402587890625,50.21864765394179,49.71179303489565,50.12083640164831,3127600
2022-11-30,51.69474411010742,51.78366804371275,49.9385379746421,50.06302808958834,4979800
2022-12-01,51.70808792114258,52.610644693329256,51.67696539079481,52.463922739360605,2716600
2022-12-02,51.534690856933594,51.6413961914597,50.91223685334538,51.2456939918282,2896000
2022-12-05,51.30792999267578,51.66361550898725,50.88554898992358,51.08117822876042,1481000
2022-12-06,52.05488204956055,52.0860045794597,51.24124583520951,51.30349089500782,1683600
2022-12-07,51.5746955871582,52.1526892221305,51.450205485373615,51.95705998098279,1559600
2022-12-08,52.019309997558594,52.31719753985059,51.450210396731755,51.663621050991225,1867000
2022-12-09,51.961509704589844,52.2638442782711,51.823678462991815,51.823678462991815,1573000
2022-12-12,52.641761779785156,52.70845387851959,51.472436705997666,52.35721199114586,2622800
2022-12-13,52.619529724121094,53.69993086426796,51.94816847937854,53.25976844186769,3156800
2022-12-14,52.659549713134766,53.45540111683936,52.5128277655694,52.75291730010329,3130800
2022-12-15,51.925941467285156,52.65510074158692,51.73475925560231,52.4194582604176,2825800
2022-12-16,50.885555267333984,51.41019460630791,50.276442431069356,51.25458196171845,6534400
2022-12-19,50.3031120300293,51.018933503494324,50.071916612559626,50.88110566185476,2975800
2022-12-20,50.14751052856445,50.50764317124537,49.87185139203118,50.28978544597804,2727800
2022-12-21,50.729949951171875,50.75662883131355,50.254217859216475,50.43206236105345,2693400
2022-12-22,50.10748291015625,50.4898473028164,49.27161837779035,50.4898473028164,2330400
2022-12-23,50.43206024169922,50.520980792830045,49.94743407936192,50.040805067781356,2332800
2022-12-27,51.001155853271484,51.156768501423564,50.32535089896761,50.52542381914866,1937000
2022-12-28,50.227535247802734,51.21901252316007,50.20975046093114,51.20123112838973,2023400
2022-12-29,50.72549057006836,51.156762279710705,50.01856317211096,50.50763288915142,1668200
2022-12-30,50.0185661315918,50.81441750198215,49.56950961031097,50.747725402053135,1812800
2023-01-03,48.52022933959961,49.662875520612566,47.27532488196076,49.533941761754,5681800
2023-01-04,48.55580139160156,49.307192505823366,48.2712515929107,48.62694053732486,3173000
2023-01-05,46.08821487426758,48.46687463252905,45.870353812520655,48.18232487035015,4259800
2023-01-06,47.87554931640625,48.45798665428776,46.62175070868728,46.62175070868728,3561600
2023-01-09,48.222347259521484,48.37351625747869,47.54654229387541,47.79996958000536,3722200
2023-01-10,47.897789001464844,48.222352078046114,47.377593242501604,48.1556599661686,2666000
2023-01-11,48.36906814575195,48.41797546235636,47.86666062948099,47.897783158947306,3642800
2023-01-12,47.5020751953125,48.54691018656056,47.435386487021034,48.40018824411707,2968200
2023-01-13,47.37759017944336,47.54654397089008,47.04413303371619,47.2175304781262,3274400
2023-01-17,47.533203125,48.151210056704954,47.195298956265226,47.582107049114335,5248400
2023-01-18,47.83552932739258,48.880364253599225,47.337568911941844,47.70214852701152,7846800
2023-01-19,47.573219299316406,47.933351930035016,47.328682703086805,47.81330885049598,3084800
2023-01-20,47.76884460449219,47.782182346431824,46.80848647962424,47.591000130394285,2612000
2023-01-23,47.46206283569336,48.06228496596807,47.2886654067718,47.67547688242053,1892200
2023-01-24,47.693260192871094,47.85331988632126,47.075253251200145,47.70215428256351,2013200
2023-01-25,47.79551696777344,47.96891438586984,47.164172348442904,47.36424524867691,2330600
2023-01-26,48.22678756713867,48.23567826361112,47.6532409697899,47.6532409697899,1525800
2023-01-27,48.33349609375,48.59137040588081,48.01337672587742,48.24901920719998,1575200
2023-01-30,47.8800048828125,48.64473387323589,47.84443530369937,48.11120036284429,1813400
2023-01-31,48.14231872558594,48.151212815644534,47.426497120435045,48.05784183053662,3280600
2023-02-01,48.55580139160156,48.87592076315407,47.87110237847006,47.90667195133172,2669600
2023-02-02,49.151573181152344,49.67176539313994,48.38239738509063,48.675841233145604,4321000
2023-02-03,48.05339431762695,49.053765666469715,47.257542926384346,48.79589134910818,3507000
2023-02-06,48.38685607910156,48.435763398886024,47.45762039529841,47.946690201041456,3718000
2023-02-07,47.91111373901367,48.124524368565176,47.18195453586123,48.124524368565176,2738800
2023-02-08,46.95075607299805,47.68880936983669,46.69288178431219,47.55097813713862,1957000
2023-02-09,46.44770812988281,47.45831967220238,46.191683249410744,47.08551548082005,2073000
2023-02-10,47.51670837402344,47.53916435175208,46.51507855771294,46.59143847709755,1513200
2023-02-13,47.53467559814453,47.74578166608659,47.368484912848345,47.503234487610015,2062400
2023-02-14,47.65144729614258,48.13205243683939,47.265172325629734,47.42686699196208,3973000
2023-02-15,48.307228088378906,48.35663603280785,47.43136278635797,47.56161978286848,3474800
2023-02-16,48.63062286376953,49.43462085164965,47.82213573662907,47.90298479202551,6161800
2023-02-17,49.151649475097656,49.51097936150312,48.41951885806446,48.68452199350006,2812800
2023-02-21,48.32968521118164,49.03037815479183,48.16798710318112,48.8147795351832,1580200
2023-02-22,48.28476333618164,48.88663688079931,48.100605849745186,48.29374504016285,3226400
2023-02-23,48.159000396728516,48.54527878941249,48.09611818646121,48.35663215861058,3173400
2023-02-24,48.19942855834961,48.57672528867321,47.655944579647034,47.80866098355682,3090200
2023-02-27,47.6469612121582,48.819270749286474,47.56611216039681,48.35663584130553,2874200
2023-02-28,46.20515823364258,47.615522429020885,46.20066566754105,47.27415936860625,3121800
2023-03-01,45.553871154785156,46.097355116396514,45.261916054263686,45.76497720326719,2769400
2023-03-02,46.586944580078125,46.72169072307302,45.47751719261823,45.58082565305583,2655000
2023-03-03,47.193302154541016,47.251691796471476,46.36235576424672,46.7980420765326,2742400
2023-03-06,47.52568054199219,47.8176356084652,47.20677693692341,47.283133414160304,2271200
2023-03-07,46.308467864990234,47.72781733352369,46.137788031245066,47.5571340729543,2170200
2023-03-08,46.60490417480469,46.83397361034267,46.191673824099816,46.34888277339731,2929800
2023-03-09,46.20066452026367,47.30110673696356,46.1557491408354,46.74864105903053,2440800
2023-03-10,45.19453811645508,46.44320396186422,45.02385490544421,46.375829190508526,2553600
2023-03-13,45.74701690673828,46.753135921761725,44.9879376490489,45.181073461551996,2876000
2023-03-14,46.57347106933594,46.901356440121724,46.025494502462195,46.115325265926366,2907400
2023-03-15,47.20228958129883,47.74128440046669,46.24108609463006,46.510585217625845,2947200
2023-03-16,47.56611633300781,47.763744700453636,46.807033693038704,47.14839676673459,2192000
2023-03-17,46.96873092651367,47.60204911341515,46.690250078632864,47.22475237025973,5292200
2023-03-20,47.64246368408203,47.822128605597,47.063046111278524,47.11694661578002,2699000
2023-03-21,46.3309211730957,47.58856892180655,45.89074223361146,47.58856892180655,2675800
2023-03-22,45.10920333862305,46.27702032052934,45.082254796731156,46.056932565823516,1538200
2023-03-23,45.073272705078125,45.6122675670373,44.78131758320324,45.05979843322334,4159000
2023-03-24,46.57347106933594,46.57347106933594,44.96098247860957,45.10920632246702,2622800
2023-03-27,46.94178009033203,47.31458082226384,46.681266093117976,46.85643847097686,2429200
2023-03-28,47.19779968261719,47.66043458185096,46.74863905395161,46.9327931297562,1765200
2023-03-29,47.68290328979492,47.89849851460866,47.49874575122655,47.49874575122655,1243200
2023-03-30,48.05120849609375,48.24434771528453,47.62001125064431,47.79967619844427,1158800
2023-03-31,48.39255905151367,48.397051616742665,47.750259296696505,48.18145303445287,2029600
2023-04-03,48.14103698730469,48.392565846273726,47.71882489390063,48.15451125806035,2004200
2023-04-04,48.275787353515625,48.4240077611233,47.997306521567836,48.14103779006456,1076800
2023-04-05,49.663692474365234,49.8253905810165,48.59019880493388,48.59019880493388,3058400
2023-04-06,49.843353271484375,50.26107277444512,49.277409945287104,50.07242614132052,1835200
2023-04-10,49.861324310302734,49.861324310302734,49.19207247993511,49.578350909937974,1270600
2023-04-11,49.60529708862305,49.861318490082006,49.49300694014415,49.856825924632304,1977800
2023-04-12,49.443607330322266,49.97361705750518,49.313350324923825,49.6322539891101,2349800
2023-04-13,49.03486633300781,49.2549575143098,48.01078062029003,49.0528331698584,2545800
2023-04-14,48.347652435302734,48.75189770853915,48.150020651315195,48.70698232858484,1941000
2023-04-17,48.927066802978516,48.96300047525803,48.46892447529734,48.576722065312275,2017000
2023-04-18,48.769866943359375,49.21453505236691,48.54528660572389,49.08427804531945,1954800
2023-04-19,49.13817596435547,49.34029688682106,48.72045642134594,48.90461050653089,1879400
2023-04-20,48.78782653808594,49.236987146670266,48.59019477372532,49.10223759336557,2175600
2023-04-21,48.796810150146484,49.272919317275644,48.71146853459555,49.2235113742539,1607600
2023-04-24,48.971981048583984,49.1336791432827,48.34764807115087,48.85519832978524,2272200
2023-04-25,48.855201721191406,49.1965647700101,48.75638925808156,49.0168998271148,3014000
2023-04-26,47.184322357177734,48.945031085114955,47.10347331217942,48.549767564312795,4539000
2023-04-27,48.14103698730469,48.16349638977993,47.17983350273164,47.1978003393471,3719000
2023-04-28,48.320709228515625,48.500374194996205,47.970364428631804,48.08265460432914,2600800
2023-05-01,48.244346618652344,48.87316878142279,48.14553072826733,48.23086892074402,2236200
2023-05-02,47.804168701171875,48.44197600953393,47.49873931836382,48.383586357976455,2480400
2023-05-03,47.654441833496094,48.45299387008201,47.44573003811155,47.976584178217394,1562800
2023-05-04,48.139923095703125,48.51651333972665,47.30053774648391,47.690739102185915,2068000
2023-05-05,48.71160888671875,48.72975818758687,47.97204304987517,47.97204304987517,1483400
2023-05-08,48.50743865966797,48.9566226368922,48.207980367101534,48.64809142407773,1695400
2023-05-09,48.53466033935547,48.74337211898078,48.130847891137414,48.44845202064867,1136200
2023-05-10,48.82050704956055,49.106354245274055,48.335024443752175,48.89763899122506,1500000
2023-05-11,48.235206604003906,48.95208852015316,47.91306425319333,48.870418384621914,1823600
2023-05-12,48.611793518066406,48.87949140117165,48.384932430727424,48.56642199292371,1272000
2023-05-15,47.8404655456543,48.76152097442897,47.500173926454266,48.71161126001627,1548800
2023-05-16,46.73338317871094,47.994730248509285,46.69708457457815,47.994730248509285,1353200
2023-05-17,46.334110260009766,46.887648411751435,46.093634596884684,46.81051647195451,2558400
2023-05-18,46.05281066894531,46.26152249894637,45.74427938511196,46.05734886092666,2295800
2023-05-19,45.621768951416016,46.48383836885693,45.535560625021645,46.293275874156876,3867800
2023-05-22,45.56278610229492,46.04373402629687,45.281480531452786,45.7987236034942,3301200
2023-05-23,45.5037956237793,46.211601082267975,45.34499356086521,45.517406734654024,4431000
2023-05-24,44.90488052368164,45.66259566287847,44.88673122277795,45.43119640338791,2098400
2023-05-25,44.11086654663086,44.73246365653632,43.720665233352534,44.691630325940416,3430600
2023-05-26,43.920310974121094,44.0927241664069,43.371304058022076,43.97475542346097,2114000
2023-05-30,43.8885498046875,44.2197650712381,43.593629683198486,43.90669564640546,2817200
2023-05-31,44.55551528930664,44.687095132761236,43.657147339686176,43.97021674175488,3863800
2023-06-01,44.1834602355957,44.56005043822676,43.45296732172107,44.44661990453971,5225000
2023-06-02,45.11813735961914,45.34499846305789,43.9339221227388,44.0110540671178,3812800
2023-06-05,45.26332473754883,45.77149135350879,45.03192546113823,45.25424835562072,2553200
2023-06-06,44.90488052368164,45.61268595079962,44.836821510699096,45.521942907906364,3778200
2023-06-07,45.966583251953125,46.06640266435744,44.66893781394659,45.072750192036935,2774800
2023-06-08,46.05281066894531,46.098182203880114,45.35407795374548,45.8940085658604,2510600
2023-06-09,46.025577545166016,46.2433622459497,45.830476875666875,46.16169211774947,2434800
2023-06-12,45.957523345947266,46.279665701612416,45.72612404818398,46.12540181085407,1202600
2023-06-13,45.73519515991211,46.02103887482236,45.453886174236274,45.59453893626151,1843200
2023-06-14,45.96205520629883,46.42031208569431,45.812326065921944,45.89399619143431,2285200
2023-06-15,46.365867614746094,46.4566106600931,45.95297879667908,46.116319047603916,2290000
2023-06-16,46.28419876098633,46.8558861933056,46.20252863327995,46.43846263463983,7547000
2023-06-20,45.158966064453125,46.24789994158632,45.0772959371275,46.15261870331065,3577200
2023-06-21,45.63990783691406,45.776025861881735,44.519217072730896,44.99108850789362,2577600
2023-06-22,45.00017166137695,45.95298766796399,44.94118901667726,45.88946683163325,2219800
2023-06-23,44.070030212402344,45.30869317772833,43.90668996507089,45.2270230540626,3488200
2023-06-26,44.89579772949219,45.01376643770291,44.15623199683876,44.21975281011576,2503600
2023-06-27,44.82775115966797,45.122667796782245,44.718855348006144,45.03192474868945,2315400
2023-06-28,43.452972412109375,44.45570149359985,42.722482874285205,44.41940288777767,10432800
2023-06-29,43.43482208251953,43.5663984571838,42.763311790701636,43.02193327261541,8844400
2023-06-30,44.178924560546875,44.27874052028882,43.307775449650435,43.539174702671765,8158200
2023-07-03,44.528297424316406,44.637189785490165,43.67983564520541,43.79326619773558,3206400
2023-07-05,44.991092681884766,45.30415862975445,43.94753029131787,44.20615179344959,6064200
2023-07-06,44.81867218017578,44.982012426575864,44.11993967315882,44.60542222172984,5432200
2023-07-07,44.21976852416992,44.668952566716115,44.16078587991669,44.487466442359704,3663800
2023-07-10,43.720664978027344,44.31503986406443,43.42574489948694,44.05641838692519,2499600
2023-07-11,44.28327941894531,44.31503982974044,43.55732469961018,43.770574655645376,2177800
2023-07-12,44.614501953125,44.90942205691676,44.15624159066782,44.478383917028665,1967400
2023-07-13,44.92756652832031,44.92756652832031,44.442083958089746,44.51014297406373,2337400
2023-07-14,45.31776809692383,45.48564654231751,44.56912930218598,44.7687646986909,2815400
2023-07-17,44.80052947998047,45.28147737040803,44.66894962534821,45.17258154901365,2888000
2023-07-18,44.91849136352539,45.29961629533279,44.13808873749098,44.85950873216239,4138400
2023-07-19,45.94843673706055,46.111776974232114,45.15896123181466,45.15896123181466,4867600
2023-07-20,47.06006622314453,47.2052571858574,45.962059351276864,46.207066288284025,4823800
2023-07-21,47.18256759643555,47.55008490887734,46.8876474929392,47.20525508963736,2240200
2023-07-24,47.395816802978516,47.51832372568327,46.8876467334679,47.26423696011526,1612600
2023-07-25,47.39128112792969,47.73157276875721,47.20525683098927,47.341371410344934,1434400
2023-07-26,47.36405563354492,47.981118043229486,47.32322230104574,47.36859382436439,2510800
2023-07-27,47.019229888916016,47.51378888221871,46.84227850954297,47.2143305715101,2609800
2023-07-28,46.85588073730469,47.59091180107349,46.53373845486974,47.37766185569226,2100200
2023-07-31,46.597267150878906,47.191645568869426,46.284201196220366,47.173496266021374,2633800
2023-08-01,45.903072357177734,46.642641729842424,45.789641811591174,46.560971598555085,2601200
2023-08-02,46.00742721557617,46.62448962339004,45.67167379008564,46.3295695302749,3441200
2023-08-03,44.59181213378906,45.72157931260324,44.31504134668946,45.68528417161293,3396200
2023-08-04,44.301429748535156,45.17257543196973,43.89761731835063,44.78691230289325,3725800
2023-08-07,44.11540222167969,44.7732978956836,44.11086403133053,44.5146764317812,2614000
2023-08-08,44.1834602355957,44.210685917585714,43.40759580057128,43.99743596039403,4057200
2023-08-09,43.96567916870117,44.4511617543819,43.78872779851267,44.04734929814398,3573200
2023-08-10,44.1170768737793,44.41070105428063,43.89226812599208,44.13542532231884,2248200
2023-08-11,44.185890197753906,44.38775812481819,43.97943690891173,44.27306107540006,2925200
2023-08-14,44.195068359375,44.28223573760791,43.722517071138405,44.01155237843402,3428600
2023-08-15,43.410545349121094,44.167543159203014,43.27749633697402,43.92438594745291,2626000
2023-08-16,43.850982666015625,43.988617043646094,43.47018757071238,43.6169996736842,2775000
2023-08-17,43.607826232910156,44.34647562372459,43.59864850740375,43.83263150394338,1763400
2023-08-18,43.850982666015625,44.05284711992898,43.62617389874891,43.635351624090255,6893400
2023-08-21,43.621585845947266,44.00238091776457,43.1306825787613,43.83262801218571,1650200
2023-08-22,43.46101760864258,43.69958598676868,43.332553943199464,43.54818500627561,1639400
2023-08-23,43.814273834228516,43.81886269638275,43.149032333191045,43.62616898894374,2638600
2023-08-24,43.49312973022461,44.22260140499559,43.48854086741188,43.62158988676717,2972400
2023-08-25,43.49312973022461,43.97485531725919,43.42889965195334,43.57112289665734,2199600
2023-08-28,43.71334457397461,44.11708048037684,43.53441743373785,43.53441743373785,1898200
2023-08-29,44.95207214355469,45.23651860488962,43.910620905284034,43.979439839576045,5518400
2023-08-30,44.374000549316406,45.03924211844113,44.34647437412621,44.681387839862225,3719800
2023-08-31,43.69957733154297,44.621742620663916,43.694988469331065,44.52539751587162,3355600
2023-09-01,43.28207778930664,43.997789772762715,42.905871599394644,43.93355970377356,2369400
2023-09-05,42.515907287597656,43.28208284305515,42.11676374088502,43.13527073961254,2382600
2023-09-06,43.05727767944336,43.11692239366767,42.428740000814734,42.60766714293437,2846600
2023-09-07,43.28666687011719,43.543590647647875,43.07103585158882,43.332544991016015,3016200
2023-09-08,43.7087516784668,43.80510028380602,43.11691796169116,43.36007515546087,2659800
2023-09-11,43.73628616333008,44.075788499514175,43.62617445947846,43.69040803686358,2256600
2023-09-12,43.924381256103516,44.09872301215398,43.53900084851526,43.78674689636893,2120600
2023-09-13,44.54375076293945,44.68597750462055,43.8051048799563,43.82804219293433,2421200
2023-09-14,45.30533981323242,45.328280625906714,44.7272656365507,44.98877479976538,2055200
2023-09-15,45.1447639465332,45.6264895029608,45.05759306001351,45.30075026948789,3490400
2023-09-18,45.31909942626953,45.34662559914709,44.65844327499776,45.25028049379934,2091000
2023-09-19,45.17228698730469,45.61272325131626,45.15393503876967,45.369566058710774,1856400
2023-09-20,45.05759811401367,45.65860966147013,44.91078599935725,45.47509714335729,2254800
2023-09-21,44.484107971191406,45.07135636680689,44.465756021293856,44.952073942887615,1709200
2023-09-22,44.296016693115234,44.60799291183418,44.07120788090548,44.30519092001403,1644000
2023-09-25,44.1170768737793,44.37399715664888,43.708752138109666,44.020728267426875,1474200
2023-09-26,42.75906753540039,43.86474900238504,42.61684428456616,43.80510778435579,2962200
2023-09-27,42.78200912475586,43.16738961797193,42.55261497395288,42.73613099465066,2739600
2023-09-28,42.34156799316406,42.956342567750085,41.90571705569751,42.94257948030063,3509000
2023-09-29,42.43791580200195,42.97928611116289,42.190169711340836,42.74071774623558,2485000
2023-10-02,40.772518157958984,42.24063934222029,40.391723022570986,42.16264616999201,6052800
2023-10-03,41.33222961425781,41.50657138037396,39.960453798128874,40.34124886590465,4894000
2023-10-04,41.7589111328125,41.84608203325557,40.81839718178654,41.37811948936965,3444600
2023-10-05,42.09840774536133,42.28192373210048,41.34599534997949,41.974532966694966,2983000
2023-10-06,42.20392990112305,42.419560937459984,41.0936631824058,41.575392242319225,4199200
2023-10-09,42.676483154296875,42.676483154296875,42.02041579096804,42.16723139701108,2717200
2023-10-10,42.947166442871094,43.13985665919186,42.557197147857245,42.64436453127297,2866000
2023-10-11,43.5665283203125,43.589469131090844,42.79576398186231,43.28207836793192,2776200
2023-10-12,42.93798828125,43.5252401492583,42.76365001591595,43.41971731742692,2392600
2023-10-13,42.91964340209961,43.49771409325804,42.88752836370192,43.355490851822076,2541800
2023-10-16,43.676639556884766,43.84180360523166,42.79576696588568,43.373841135099816,3936400
2023-10-17,43.47935485839844,43.951909630333155,43.327957417188905,43.401361706824424,3411200
2023-10-18,43.46101760864258,43.68123403456253,43.025166619369514,43.45183988240101,3896800
2023-10-19,42.83705520629883,43.68581267054122,42.80952553429598,43.36465883253317,3771800
2023-10-20,42.704010009765625,43.451833577197355,42.69942114731072,42.887526004920616,2379000
2023-10-23,41.71302795410156,42.52508513825206,41.68550177846143,42.2085201172839,2773000
2023-10-24,42.392032623291016,42.67647908216615,42.0800564907713,42.16722737347245,3078400
2023-10-25,42.4654426574707,42.7682446065447,42.22228542578956,42.23146315167008,4904800
2023-10-26,42.75906753540039,43.19491851420103,42.41497631542578,42.54343997778223,3573600
2023-10-27,41.9240608215332,42.67647312428502,41.648788625451594,42.63518386999692,2729800
2023-10-30,43.47935485839844,43.65369660930044,42.35073634057825,42.35073634057825,5152800
2023-10-31,43.855567932128906,44.02532084780478,43.4151316241804,43.58488453985627,4968800
2023-11-01,44.841957092285156,45.117229308573464,43.561937611254564,44.01614044342022,5474200
2023-11-02,45.259456634521484,45.73659678260171,44.419873388372345,44.78231648644125,3999000
2023-11-03,45.04383087158203,46.23667963070459,44.94289689576119,45.96140737864194,3156200
2023-11-06,44.99336242675781,45.42462449119994,44.94289544048154,45.36039441780768,2941800
2023-11-07,44.8006706237793,45.19063991281942,44.67679584355894,45.19063991281942,3283600
2023-11-08,44.50246047973633,44.60798331790276,43.974853289457336,44.438230404426875,3255800
2023-11-09,44.42446517944336,44.906190721086304,44.32812007111477,44.59421458447527,4216600
2023-11-10,44.32352828979492,44.69973447384985,44.16753848162395,44.690560249969764,3506200
2023-11-13,44.13784408569336,44.56028058376933,44.03107239751481,44.32353197634626,3838600
2023-11-14,45.65583801269531,45.7161886172976,44.88523800103097,44.936302262601146,5301600
2023-11-15,45.64190673828125,46.04113444143794,45.42372374449774,45.553704198232154,4294000
2023-11-16,45.887943267822266,46.1479077260192,45.65583429475114,46.050418840631686,6865800
2023-11-17,46.00864028930664,46.36608654454474,45.83687837659639,46.20361097398197,4389600
2023-11-20,45.93901062011719,46.17111960882536,45.34016900424585,45.72082760405917,2568000
2023-11-21,46.70033264160156,46.742114105568106,45.88795109724372,46.171124376041796,3358400
2023-11-22,46.974220275878906,47.043850142105796,46.445012042341,46.834953460020614,2228200
2023-11-24,46.93244171142578,47.099560484090524,46.6539116042187,46.992792321484,744200
2023-11-27,47.178470611572266,47.39665362227386,46.533207922141,47.011351860469,2423200
2023-11-28,47.18775939941406,47.71696762476282,46.983502350436574,47.10420001953256,2817800
2023-11-29,46.69568634033203,47.44307759439057,46.45429454167752,47.14133873149798,2962000
2023-11-30,47.07634735107422,47.289887198227404,46.561065106662475,46.81173970075812,4105000
2023-12-01,47.364166259765625,47.45701199318949,46.890665415262994,47.071710168311284,3860000
2023-12-04,47.06705856323242,47.573057980050685,46.681756807388545,46.99278553150338,2954800
2023-12-05,46.61677169799805,47.150623117653076,46.5610678035069,47.10884519678471,2003000
2023-12-06,47.14133834838867,47.14597797826774,46.58891780639077,46.830309603083535,2546400
2023-12-07,47.29916763305664,47.540562955466804,46.83030650205772,47.22489460118564,3088800
2023-12-08,47.35487365722656,47.43843302916421,46.91386448356048,47.238819170741046,3046800
2023-12-11,47.40129852294922,47.521996190194315,46.93243736848729,47.20632782011631,2528400
2023-12-12,47.15990447998047,47.54056663646307,46.63069624825417,47.54056663646307,2906000
2023-12-13,48.9285774230957,48.956429369474755,46.86744839019204,47.159904452278816,3256600
2023-12-14,47.939788818359375,49.41600212355929,47.930506017189224,49.21174862249721,4415800
2023-12-15,46.83031463623047,47.60091828324081,46.43108683818699,47.32702779774466,6296400
2023-12-18,47.132049560546875,47.396653659719085,46.88601460503436,46.88601460503436,4085000
2023-12-19,47.14133834838867,47.350235027416986,46.8349527746648,46.94172447082069,3082200
2023-12-20,46.250038146972656,47.35023608393575,46.231469001935466,47.03921087339295,2380400
2023-12-21,46.29646301269531,46.51928567085498,45.86937975810176,46.30574581440934,1970800
2023-12-22,46.52392578125,47.01135252746511,46.412514459501125,46.58427284267604,2341200
2023-12-26,46.58427429199219,46.858164746036024,46.421798704865594,46.421798704865594,3039600
2023-12-27,46.565704345703125,46.593559832803884,46.296460609544596,46.47750533804003,1489600
2023-12-28,46.844234466552734,46.97885455372287,46.56106123714993,46.57034403768854,1433200
2023-12-29,46.974220275878906,47.00671539401887,46.51464190856789,46.593561659795455,1688200
2024-01-02,47.6473274230957,47.661253394139656,46.65390134934139,46.704965604303666,2159200
2024-01-03,47.84694290161133,47.911933129831006,47.34558667674365,47.68911050213547,2521600
2024-01-04,47.8330192565918,48.47363876950213,47.70303879383045,48.00942080723905,2480200
2024-01-05,48.250816345214844,48.34365852139891,47.642688403592615,47.71696497790147,2146000
2024-01-08,48.594337463378906,48.61290660726803,48.06048608709842,48.255456785381085,2066400
2024-01-09,48.45043182373047,48.53399120175736,48.13476345581798,48.31116501311827,1770400
2024-01-10,48.52934646606445,48.70110838805625,48.22296090927401,48.45043026205552,1535800
2024-01-11,47.568416595458984,48.45043145871981,47.31773846326683,48.40864999917008,2258800
2024-01-12,47.874794006347656,48.02334360277747,47.68446649609464,47.870154377057354,1944200
2024-01-16,47.79587936401367,48.148685995158466,47.401294817685574,47.72160633423164,2923600
2024-01-17,46.75139236450195,47.68447149645168,46.16647671772876,47.4987835960171,3858200
2024-01-18,45.89258575439453,46.52856560613538,45.846164668813124,46.42179392176652,2437800
2024-01-19,45.99471664428711,46.15719222306821,45.67904828764013,46.05042053318235,2840400
2024-01-22,45.65119552612305,46.28717544868324,45.40980372919854,45.99007621783669,2644400
2024-01-23,45.64655303955078,45.86473604829657,45.25660810990465,45.69761729869137,2250400
2024-01-24,45.12199020385742,46.07363856315263,45.07556911011916,45.97615320379156,4028800
2024-01-25,45.99471664428711,46.10612796377958,45.289103356863514,45.92508324146607,2581600
2024-01-26,46.10148620605469,46.361450681777576,45.89723270433925,46.05970828810225,2229400
2024-01-29,46.30110549926758,46.47751061803819,45.85081344175684,46.13398672448622,2261000
2024-01-30,46.53784942626953,46.74674608681393,45.93900784655321,46.301097280404505,2803200
2024-01-31,46.31038284301758,46.92779001361653,46.0179232731373,46.848873813557525,5430400
2024-02-01,47.3455924987793,47.38737396017366,45.84152718092482,46.12005727064569,1863200
2024-02-02,46.69568634033203,47.145978361414755,46.073635928070864,46.890660589605474,3296800
2024-02-05,46.236106872558594,46.57498753265497,45.864734639500206,46.236106872558594,3579000
2024-02-06,46.166473388671875,46.342878475130135,45.818309928601344,46.1339782740667,4461400
2024-02-07,45.846168518066406,46.44501013494027,45.771891941538435,46.333595270148315,3034200
2024-02-08,45.738162994384766,45.907216036852766,45.19343572805567,45.65363647315076,2674200
2024-02-09,45.996437072753906,46.034005212646306,45.45641028825441,45.58319828202251,1896200
2024-02-12,46.51298522949219,46.65855727815245,45.80390188880528,46.04339427748397,2694800
2024-02-13,46.1373176574707,46.48481400868276,45.151177233239366,46.26410565632674,3865800
2024-02-14,46.05748748779297,46.428464818573616,45.83677913810238,46.235930783245195,2056800
2024-02-15,46.95909881591797,46.9825797984039,45.95417438787292,46.20775395140227,2514200
2024-02-16,47.02953338623047,47.32067747628358,46.4895030883621,46.653859200923456,3153000
2024-02-20,46.96379470825195,47.47095024159331,46.84639696376366,47.048321227591316,2515400
2024-02-21,47.550785064697266,47.75270933546371,47.0248418615464,47.292508584869836,3112400
2024-02-22,47.672874450683594,47.69165851970354,46.874571222157726,47.095279554773484,3799800
2024-02-23,48.1330680847168,48.410125000828245,47.696348396835496,47.89827263064501,4086000
2024-02-26,46.93561553955078,48.02506643552762,46.86048284811862,48.006285949690636,3075400
2024-02-27,47.3206787109375,47.353549934307416,46.94031118584345,47.23145886618751,1750600
2024-02-28,47.226768493652344,47.39112463326263,47.00136322883314,47.29251094949645,1596200
2024-02-29,47.69635772705078,47.809058563897025,47.23615697066152,47.494433453741465,2774600
2024-03-01,47.179805755615234,47.56487021118825,46.77126031825205,47.55078305519207,2876200
2024-03-04,47.90766906738281,48.07672210279036,46.883960611945874,46.95909688665802,2169000
2024-03-05,47.91706466674805,48.79989443112557,47.729227555709556,48.13777300351615,2211000
2024-03-06,48.226993560791016,48.485270040087386,47.921762281416164,48.236387386962676,2226600
2024-03-07,48.2927360534668,48.823376169064375,48.21760335750565,48.71067533377518,2942000
2024-03-08,48.532222747802734,48.63553332744078,48.08141587704134,48.358476393588326,2486000
2024-03-11,48.536922454833984,48.95485812729072,48.29743005940206,48.42891495644084,2091200
2024-03-12,48.25986099243164,48.55100867504659,47.86070939619939,48.36786848874362,2249200
2024-03-13,48.36317443847656,48.78580704061091,48.278647918049685,48.419526646326105,2034600
2024-03-14,48.128379821777344,48.13307673485728,47.48034554184896,47.53669775072336,3410800
2024-03-15,47.87949752807617,48.41952789008103,47.71514139599512,47.82784223189427,5287600
2024-03-18,48.18472671508789,48.26925322772737,47.72922292934708,47.87949188707342,2910800
2024-03-19,48.48057556152344,48.64962861415304,48.10959822840266,48.31621942221553,2655200
2024-03-20,48.377254486083984,48.83275824685727,48.184724073938355,48.381951398388324,2454200
2024-03-21,48.5416259765625,48.9219935637394,48.3913569905313,48.4711866056458,2571600
2024-03-22,48.44770431518555,48.88442410386293,48.32561323042917,48.82807547480465,1849800
2024-03-25,48.410133361816406,48.63084169999385,48.25517105821292,48.532228022175296,2539000
2024-03-26,48.06263732910156,48.52753140816665,47.968720563751326,48.3772624339893,2043400
2024-03-27,49.25069808959961,49.264788827718554,48.21759942127956,48.3021259365199,3338000
2024-03-28,49.62636947631836,49.682721677518735,49.20843383649202,49.30704750157183,2014400
2024-04-01,49.184959411621094,49.59820177677234,48.954860829104106,49.54654648112844,1835400
2024-04-02,49.43384552001953,49.93161444169151,49.22722790569257,49.22722790569257,2030400
2024-04-03,49.02529525756836,49.60289011223129,48.931374919175695,49.45262115349761,3059600
2024-04-04,48.987728118896484,49.546542499944884,48.536921233523486,49.46670931501322,2986000
2024-04-05,48.94546890258789,49.217828945250695,48.5416203774562,48.78110919517548,4088200
2024-04-08,49.6639404296875,49.678027585113654,48.907898705130194,48.907898705130194,2990800
2024-04-09,49.926918029785156,50.00205431407343,49.55124377373421,49.89404680108284,2984400
2024-04-10,49.100433349609375,49.20374394186444,48.60266804077494,49.161482471957356,3329200
2024-04-11,48.75763702392578,49.3821939475136,48.546318912892545,49.3821939475136,2123600
2024-04-12,48.32561492919922,48.93608112252597,48.02507337197797,48.870338664516865,2660400
2024-04-15,48.034461975097656,48.79050374267649,47.809056727368834,48.65432192798333,2030600
2024-04-16,47.24555206298828,48.095510649308224,47.137544553707436,47.98750672272248,3157000
2024-04-17,48.457096099853516,48.541622622574145,47.43808091408393,47.658789255781976,3326800
2024-04-18,48.720062255859375,48.80458877223757,48.0532439503729,48.715365343089836,3605400
2024-04-19,50.13822937011719,50.344850556070654,48.95486162941778,49.14269874549411,4237600
2024-04-22,50.45755386352539,50.63600074474913,49.63107624462923,49.92691729861755,5620600
2024-04-23,50.33076095581055,50.927139919001974,50.22745036784948,50.387113162706086,3043400
2024-04-24,49.99265670776367,50.28380441332726,48.59797088468342,49.61698606280851,5335600
2024-04-25,50.495121002197266,50.607821842045546,49.67333673030105,50.044314060109045,3991400
2024-04-26,50.011444091796875,50.499819187029864,49.8283038789214,50.48103511613299,4289800
2024-04-29,50.32606887817383,50.612519687698764,50.185193721442076,50.2744135792303,2665400
2024-04-30,50.091270446777344,50.49511898804464,49.71090288827708,50.02552799426359,3024200
2024-05-01,50.774723052978516,51.20187709494372,49.8539613816982,49.98210687007691,2465200
2024-05-02,50.86015319824219,51.06898301142425,50.437739127795105,50.87913476403263,2383800
2024-05-03,51.29680252075195,51.3822340525048,50.665558626192286,51.25883214640531,3441000
2024-05-06,51.742942810058594,51.91380587707916,51.18763965276886,51.4961426138368,5119000
2024-05-07,52.48335266113281,52.54979900963702,51.91380787545535,52.07518016543301,4548400
2024-05-08,52.60200119018555,52.639971562312496,52.07042684357022,52.40266216810004,3198800
2024-05-09,52.9105110168457,52.9342397867245,52.54505247437851,52.602008039985655,3180200
2024-05-10,53.152557373046875,53.44682232695138,52.76337010939459,53.157304574850464,3164600
2024-05-13,53.08611297607422,53.4942854408345,52.93898230426091,53.15255931954179,2958600
2024-05-14,52.8250732421875,53.37562916050417,52.69692413996492,53.25222726011866,2591200
2024-05-15,53.43733215332031,53.665150784224174,53.11933840733421,53.271216287585354,2816800
2024-05-16,53.80754089355469,53.99738553870623,53.35665080868351,53.42784436114259,2895800
2024-05-17,53.64616394042969,53.859744579256216,53.4420777056688,53.84075939217913,4794600
2024-05-20,53.53700637817383,53.85500013060069,53.45631842370746,53.8407621448285,2759400
2024-05-21,54.21096420288086,54.2394401743957,53.41835161324659,53.693627787016915,3157400
2024-05-22,53.48954391479492,54.068579501644784,53.375636402628324,54.03060912390441,3270600
2024-05-23,51.923301696777344,53.21900909910669,51.89482210412807,53.21900909910669,3256200
2024-05-24,51.79989242553711,52.227050044046024,51.752431272603644,52.02296382748364,2570200
2024-05-28,51.03575897216797,52.12738366032302,51.00728300291223,51.66700284506679,4185600
2024-05-29,50.64657211303711,50.902866701585566,50.46147106926112,50.65606651690229,3069400
2024-05-30,51.154415130615234,51.258831848935436,50.4377397084618,50.807945424611844,4948400
2024-05-31,53.38987350463867,53.48005224501466,51.34901461913555,51.73820193189137,6212800
2024-06-03,53.052886962890625,53.389865864157706,52.791848804978684,53.17154165859258,3310800
2024-06-04,52.962711334228516,53.24748551741829,52.4358877858574,52.867789020534694,2463200
2024-06-05,52.625728607177734,53.03864824609587,52.22705057323241,53.03864824609587,3791800
2024-06-06,52.13687515258789,53.00068123529032,51.98499727940024,52.445378100921786,4223000
2024-06-07,51.48190689086914,52.16535918898667,51.424951325674535,51.73345430030006,3894200
2024-06-10,51.28730773925781,51.45342722053849,50.87913527067031,51.36324848739231,4181800
2024-06-11,51.33477020263672,51.56733239646737,50.63233279828285,50.912356147030415,4264800
2024-06-12,50.955078125,51.7809138793001,50.622846390814416,51.685991561262604,4368000
2024-06-13,50.83167266845703,51.078476471823286,50.13398245428706,51.01677371045469,3729200
2024-06-14,50.793697357177734,50.940831632936955,50.371286956655595,50.55164440028553,3052800
2024-06-17,50.485206604003906,50.87913748365959,50.138733262415194,50.39502786693541,3176200
2024-06-18,50.33332443237305,50.774720054585075,50.11025302035511,50.39502357186681,3000400
2024-06-20,50.447235107421875,50.80794642662707,50.23840166666293,50.30959521429023,3494000
2024-06-21,50.219417572021484,50.97406339960546,50.115000849369856,50.39977504607586,5143600
2024-06-24,51.13069152832031,51.42970010740182,50.30485210238263,50.30959930489157,2731000
2024-06-25,50.618099212646484,51.08797084294772,50.17670355355916,51.068985655120336,3646600
2024-06-26,50.49944305419922,50.58961816747161,50.00109184594211,50.39027913259046,1871200
2024-06-27,50.67030715942383,50.689292347095915,50.271625460418605,50.52317286022873,1894000
2024-06-28,50.78421401977539,50.94083910029127,50.52317221891559,50.87439275480955,5106600
2024-07-01,50.186187744140625,51.125934502345785,50.10075622066743,50.99778540660907,2091000
2024-07-02,50.25739288330078,50.55640147394133,50.16247055577973,50.238407693585636,3060400
2024-07-03,50.096012115478516,50.94083293816923,50.0722797287969,50.295351127810385,2248400
2024-07-05,50.01058578491211,50.30959433445246,49.80649954984528,50.04380895708326,5158200
2024-07-08,49.71632766723633,50.13873818064351,49.50749420135244,49.97262229689709,3738000
2024-07-09,49.811241149902344,50.114996889402654,49.42205388235169,49.63088731115342,2723800
2024-07-10,50.27162551879883,50.27637272098593,49.792263108475574,50.11025685498014,2584000
2024-07-11,51.49139404296875,51.61479594832659,50.43773969803424,50.53266563333034,2771800
2024-07-12,51.81413269042969,52.14162081587983,51.54834732545798,51.70971597674679,2085400
2024-07-15,50.703529357910156,51.543603075189004,50.67979696851268,51.52936508997221,2688000
2024-07-16,51.48190689086914,51.68599313983177,51.054749204545686,51.16391313257174,2663600
2024-07-17,52.51182556152344,52.74913496974473,51.47240919477683,51.690737036868114,2693600
2024-07-18,52.554542541503906,53.26172355608231,52.21755999912643,52.21755999912643,1945800
2024-07-19,52.43588638305664,52.87253480805335,52.217558549504226,52.87253480805335,2024400
2024-07-22,52.69218063354492,52.91999926399912,52.24604139803081,52.31723494636364,1634600
2024-07-23,52.37418746948242,52.66370524714278,52.27926515135464,52.61624408807889,1364400
2024-07-24,53.09086608886719,53.18578841265918,52.40741377019032,52.787110307467366,2209400
2024-07-25,52.88203048706055,53.9356848952802,52.54030434157802,53.42784287936989,2840200
2024-07-26,53.93093490600586,54.191976703941506,53.15730753738944,53.15730753738944,2811000
2024-07-29,54.277400970458984,54.51945754877511,53.59869600773027,53.93092768694556,2728400
2024-07-30,55.21714782714844,55.31207375698428,54.087556420006656,54.087556420006656,2826400
2024-07-31,55.04154586791992,55.5304026796628,54.552689056177044,55.36428681466099,3755400
2024-08-01,57.34344482421875,57.514307886530645,55.15070460525221,55.76771051038452,4210200
2024-08-02,57.333953857421875,58.66763155852966,56.009766939276915,58.2072507321682,4969200
2024-08-05,54.82322311401367,57.80382884395796,54.78525273783561,57.504820278928115,3623400
2024-08-06,55.1317253112793,55.92908147352213,54.83271312938391,54.956115039706674,3938000
2024-08-07,55.52090835571289,56.32301165872815,54.96085803152648,55.350045299448965,3835000
2024-08-08,55.63481521606445,55.96704692107816,54.65710166612068,54.65710166612068,4598200
2024-08-09,55.781951904296875,55.8816214265607,54.72829749600162,55.63482122205805,2296600
2024-08-12,55.777198791503906,56.00501740471907,55.40225313269476,55.82940714826042,2820400
2024-08-13,56.19892120361328,56.29476875047712,55.7484505300885,55.978477330141565,2489200
2024-08-14,56.54396438598633,57.20050636339088,55.76761937479747,55.901802282597515,3989800
2024-08-15,56.117454528808594,56.38103071710842,55.796373467577986,56.088702092343205,3247400
2024-08-16,56.3570671081543,56.73565669309953,56.026403124911305,56.352273816742056,2419600
2024-08-19,56.735660552978516,56.8362977422217,56.34748801501046,56.553555685235175,2173200
2024-08-20,56.97047805786133,57.075908534025054,56.65898357709962,56.75482747022473,3082400
2024-08-21,56.97047805786133,57.22926095675133,56.79316648995884,56.95610183951357,3434400
2024-08-22,56.93214416503906,57.123831956241084,56.7787917383513,56.93214416503906,2626800
2024-08-23,56.93214416503906,57.2963538932911,56.80275088414643,57.17175756025184,2665200
2024-08-26,57.26759338378906,57.55512868627326,56.970471499369886,57.042356239043364,4961200
2024-08-27,57.066322326660156,57.349064354472546,56.908176621505795,57.1573729230318,2232200
2024-08-28,57.166954040527344,57.57429600826702,56.96567970205027,57.26279791898035,2678600
2024-08-29,57.42573928833008,57.45449172181997,56.5966754460106,57.138203984801905,2159800
2024-08-30,57.8378791809082,57.97206208951852,57.37782192729709,57.507211544539885,2729800
2024-09-03,58.55192947387695,58.99761053578009,57.50721492319058,57.67973686045697,3772200
2024-09-04,58.71965789794922,59.294732238737566,58.29793963967263,58.7532036269461,2624200
2024-09-05,58.61422348022461,59.24680265323285,58.38419668433616,59.160541690722184,2346600
2024-09-06,58.417747497558594,58.93531331768748,58.35544567374789,58.82508954524491,3047600
2024-09-09,58.5471305847168,58.829876265619376,58.0151886050378,58.40815438986095,7794800
2024-09-10,58.28834915161133,58.87300638028472,57.948098592805174,58.52796253016862,4613600
2024-09-11,58.575889587402344,58.66215055207634,57.507212283730574,58.000815270838984,4381400
2024-09-12,59.20846939086914,59.26597426377532,58.50400544808737,58.67652737922617,3143400
2024-09-13,60.90492630004883,61.02473298833081,59.71644599976912,59.831459396781035,6034200
2024-09-16,61.56147384643555,61.781914064802116,60.83783674666922,61.24997205972429,4948600
2024-09-17,61.85859298706055,62.136545394017595,61.24518330012785,61.997565534328935,5259000
2024-09-18,61.63335418701172,62.05986571292809,61.29789691591234,61.64773040488597,3653400
2024-09-19,61.18766784667969,61.59979946277854,60.55508872158903,61.427277550825664,3873200
2024-09-20,61.94005584716797,62.15570641664709,61.29310048252076,61.72440527768885,6308800
2024-09-23,62.3138542175293,62.37615603550359,61.87296648148189,62.23717618193324,3758400
2024-09-24,62.3138542175293,62.79308097137474,61.73399394033149,61.92089208183441,6605600
2024-09-25,62.17488479614258,62.625351824927726,61.88255616913182,62.625351824927726,5282000
2024-09-26,62.09820556640625,62.39053418781368,61.77232756122772,61.88734461818841,1909600
2024-09-27,62.84100341796875,63.04227776699223,62.24675964055213,62.40490533887477,1658200
2024-09-30,63.07103729248047,63.1381287496987,62.45762759436507,63.13333911433325,2933400
2024-10-01,63.713199615478516,63.91927093552664,62.71161738961744,63.214806976447974,3382800
2024-10-02,63.60776901245117,63.68923668826584,62.884139200859444,63.10457942661197,2249200
2024-10-03,63.73716354370117,63.818631221116185,63.315441625392324,63.73716354370117,1689200
2024-10-04,63.4975471496582,63.6029776242588,62.716405173050205,63.16208987248367,2066800
2024-10-07,62.730777740478516,63.28668251739904,62.63014421939277,63.25793008280312,2524200
2024-10-08,62.55347442626953,63.238772561572155,62.5199323522954,63.15729756959053,4944800
2024-10-09,62.32344436645508,62.92726747838208,62.08862061116217,62.539094955541835,2719600
2024-10-10,61.849002838134766,62.80266669775733,61.70523335145711,62.40011798499579,2308600
2024-10-11,62.60618209838867,62.73077842046153,62.0359010979885,62.13654193258494,1758800
2024-10-14,63.21000671386719,63.31064755092378,62.58701777585412,62.61097326391613,1594600
2024-10-15,63.9096794128418,64.51829943034664,63.58859836913669,63.737157491045934,2230000
2024-10-16,64.3697509765625,64.47997109940412,63.933652808578124,64.01991012756172,3147200
2024-10-17,64.51830291748047,64.77229252268279,64.08699443346919,64.43683524339862,2143600
2024-10-18,64.82978820800781,65.07419119561695,64.07740608198405,64.36493771815611,2034200
2024-10-21,64.71477508544922,65.18442255075317,64.62851778309931,64.82979213433543,2045200
2024-10-22,64.68602752685547,64.82021043779321,63.98156358822228,64.1061672286789,2022600
2024-10-23,65.63011169433594,65.67803730141956,64.5854007341858,64.59977695382668,2192000
2024-10-24,65.87930297851562,65.98952308532994,65.51509327506571,65.67323167020712,3878000
2024-10-25,64.87771606445312,66.24830478398499,64.8633398477645,66.24830478398499,4111800
2024-10-28,65.32820892333984,65.58219857359472,64.88252414204817,65.06463268842774,3359600
2024-10-29,64.27869415283203,64.94960875964632,64.24514476628093,64.93044290477482,5491000
2024-10-30,64.40807342529297,64.8154190950357,64.07261615678603,64.63331058680906,4791800
2024-10-31,74.17471313476562,75.16671598185007,67.76745405573757,68.05019607317357,12033200
2024-11-01,69.38724517822266,74.05491684428756,69.16680494510297,73.97344916575022,7743000
2024-11-04,68.25627136230469,69.34891522171787,67.29781773775555,69.09012864813394,5933800
2024-11-05,69.9431381225586,69.94793506969339,67.85370933680532,68.06457026299263,3213600
2024-11-06,69.99585723876953,71.08370399792638,69.17158665197489,69.80895910062539,3949800
2024-11-07,69.94793701171875,70.41757716154441,69.33931701467492,69.73707607967712,2840600
2024-11-08,71.39520263671875,71.57252151528046,69.62685467330498,69.96710889980318,4929200
2024-11-11,72.05175018310547,73.12042386815615,71.27060818213482,71.27060818213482,3857000
2024-11-12,71.51500701904297,72.21468130289603,71.14121073295243,71.8744270873931,3078200
2024-11-13,71.31209564208984,72.03193449986641,70.76617723584398,71.73723616176429,3292600
2024-11-14,71.0367202758789,71.7517306896541,70.9449352720445,71.52949612932994,3501800
2024-11-15,72.04158782958984,72.35561474202952,71.07536478521574,71.2589495225898,5180200
2024-11-18,72.11406707763672,73.05613317733379,71.82419718310024,71.82419718310024,2800200
2024-11-19,72.4135971069336,72.54886776459588,71.22513933267442,71.67926541412551,2150400
2024-11-20,72.80974578857422,73.37014959058449,72.34112698990288,72.7421104656576,3683200
2024-11-21,73.21556091308594,73.8001217926613,72.36045135837001,72.72278504084483,3386000
2024-11-22,72.97883605957031,74.05617284789173,72.92569348947207,73.91607372946791,3700000
2024-11-25,73.67452239990234,73.84844287879628,72.59718554626127,73.58273001219466,5319000
2024-11-26,75.33158874511719,75.38473131633468,73.75664757256848,73.99337491193697,3712800
2024-11-27,75.55864715576172,76.36544997069714,75.37989823248857,75.47169061093616,3827600
2024-11-29,75.4475326538086,76.03210089435542,75.12384878800738,75.78088081504049,1542200
2024-12-02,74.03684997558594,75.6262838375507,73.89675086028844,75.47169196452234,3390200
2024-12-03,73.10928344726562,74.87263793831212,73.10445498480384,74.58760384739968,3542200
2024-12-04,73.26387023925781,73.9450593556133,72.28799012756193,73.05613579237236,4636600
2024-12-05,74.26874542236328,74.80983543599494,72.993331072307,73.12377327052245,3497600
2024-12-06,73.22039031982422,74.48614030799203,72.92569195940754,74.1576279700575,2249800
2024-12-09,72.2541732788086,73.43296682039723,72.230016223278,73.2542178785279,2343800
2024-12-10,71.65994262695312,72.13822575217893,71.041560384961,72.01261202159759,3279400
2024-12-11,71.44253540039062,71.94496814793882,71.36040732491145,71.80003321462976,2424200
2024-12-12,71.63095092773438,72.53436715903234,71.53433009295712,71.93047772705302,3252000
2024-12-13,71.73240661621094,71.97396241052763,71.13335296419214,71.62612147697577,3294500
2024-12-16,72.23485565185547,73.10445809234024,71.03673345754369,72.28316239362206,3607900
2024-12-17,72.3121337890625,73.12376503222058,71.38456049095134,71.9159861484773,3754800
2024-12-18,70.71788024902344,72.75661184501793,70.67923043539106,72.05126564669878,2807000
2024-12-19,71.97396087646484,72.53437207654238,70.94976668933516,71.14300837199062,4577100
2024-12-20,72.59234619140625,72.64066029997178,71.21064672378894,71.55848766470645,6807000
2024-12-23,72.88221740722656,72.99816684684569,71.68410268462134,72.18653551290801,2524300
2024-12-24,73.65519714355469,73.67451836384073,72.76626620473989,73.0174862986461,830700
2024-12-26,73.37499237060547,73.64553368788471,72.94985180248207,73.50059873314282,1391100
2024-12-27,73.2010726928711,73.70350552016572,72.70829679008541,72.88221726332165,1429300
2024-12-30,73.19140625,73.4716118582011,72.19619754910862,72.95951474971896,1829700
2024-12-31,73.259033203125,73.61653839444922,72.69862205078879,73.23004769036572,2015400
2025-01-02,72.85322570800781,73.95471948997469,72.24450041628573,73.69383511589452,3188100
2025-01-03,74.0899887084961,74.55377904696391,72.28314883072203,73.11410129885792,2740100
2025-01-06,72.71795654296875,74.0513418400063,72.47640075477152,73.92573548395488,2733200
2025-01-07,73.3943099975586,74.1383059553468,72.94018393506148,72.94018393506148,2420000
2025-01-08,74.01268768310547,74.28322897052797,72.65031695095723,73.26869914269359,3373500
2025-01-10,73.61654663085938,74.20594336189812,72.92086476001379,73.8677593506775,3089000
2025-01-13,74.4668197631836,74.55378368217067,72.50538789843772,73.519917808635,4703300
2025-01-14,74.94026184082031,75.30743133946869,74.05133835134042,74.43782906858738,3671500
2025-01-15,76.32196044921875,76.66013705918938,75.53932209875855,75.79054216832125,3611600
2025-01-16,78.5635986328125,78.6215770321059,76.00311329135405,76.11905534654626,3968500
2025-01-17,79.22063446044922,79.71341033386116,78.14812616803964,78.46698157858252,2853100
2025-01-21,80.79558563232422,81.41396788289272,79.81003385243837,79.89699777263907,3128900
2025-01-22,79.80036926269531,80.6120005708896,79.30760074626444,80.6120005708896,3043000
2025-01-23,79.13367462158203,80.35111781099948,78.95975416595097,80.18685427889984,4066200
2025-01-24,79.73273468017578,80.00328336656884,78.95009625242238,79.08536690976993,4218600
2025-01-27,76.12872314453125,79.8776663260865,75.12385018034479,79.03705690047589,7685200
2025-01-28,74.99824523925781,76.41858710939455,72.99816356875759,76.37028037382944,7949500
2025-01-29,76.56352996826172,77.52975323974502,75.05622402369129,75.31710106344443,4953200
2025-01-30,78.43799591064453,78.74718702495436,77.36548762032345,77.73264976491086,3595300
2025-01-31,78.34137725830078,78.97908072426311,77.98387202763998,78.33171296241864,7475600
2025-02-03,79.26895141601562,79.41388636889874,76.93069306472073,77.45245447208121,2746100
2025-02-04,78.90178680419922,79.71341072039195,77.93556364395204,78.73752326446694,2770500
2025-02-05,79.71340942382812,80.4477410777472,78.95009225504474,79.5394889629446,2844700
2025-02-06,79.99362182617188,80.54436877054411,79.53949573013371,80.3124772602027,2232200
2025-02-07,79.61679077148438,80.63132067810166,78.95009442449461,80.00328151425667,2348800
2025-02-10,79.61679077148438,79.85038317970533,78.5656137958369,79.63625371143246,4117800
2025-02-11,79.83091735839844,79.94771728204219,78.57535345163177,79.4221287642991,2885500
2025-02-12,80.60955810546875,80.78475425510089,78.44880806859494,78.5850709154457,2680300
2025-02-13,81.02809143066406,81.45635038624341,80.03531808227541,80.49276773618988,2248800
2025-02-14,80.28836822509766,82.20579079156342,80.24943492023196,80.91128625141148,3916800
2025-02-18,85.06732940673828,86.02116942866411,82.73138299009933,83.12070863050064,5841400
2025-02-19,84.98945617675781,85.54424275776258,84.16214389641996,85.223048572505,4675000
2025-02-20,83.56843566894531,84.97973284839973,82.94551757621528,84.83374222179849,4006600
2025-02-21,82.8189697265625,84.06481314616097,81.97219451944542,83.00390105950451,4755100
2025-02-24,83.01364135742188,83.51003171941151,81.68020349316294,82.50751581263319,6463900
2025-02-25,83.15962982177734,83.3834870200008,81.0767464887152,83.08176321988749,4079100
2025-02-26,83.8506851196289,84.66826221983303,83.48082244744937,83.87014805859017,4035000
2025-02-27,82.99417114257812,84.59040696492994,82.85790828621874,83.76308721818819,2979200
2025-02-28,84.97972106933594,85.17438758743718,82.99416713931363,83.1304374148687,3540200
2025-03-03,85.54424285888672,85.67077052636427,84.28867166338783,84.5417344241113,3920100
2025-03-04,82.80924987792969,85.65131443847639,82.68271477456253,85.26198879678407,3881500
2025-03-05,82.40045928955078,83.11097169950418,81.71913757673506,82.24472606635788,2250500
2025-03-06,79.01333618164062,81.69967488368816,78.82840483498224,81.5926101488616,3903600
2025-03-07,79.15933227539062,80.24943511114893,77.79669630492411,78.99387129864425,4808800
2025-03-10,78.31255340576172,79.05227138437562,76.83312487430294,78.516947697398,6206600
2025-03-11,80.18130493164062,81.03782280251484,78.14708983985186,78.45854885859646,5745200
2025-03-12,80.43436431884766,82.18632586663854,80.32729958949552,81.05728233011365,4793500
2025-03-13,80.6290283203125,81.00862620024569,79.56812357040944,80.44410439762278,2759700
2025-03-14,82.7216567993164,82.89685298525337,80.61930999384259,80.67770624723165,3297500
2025-03-17,83.16937255859375,84.11348485570494,82.30312687739814,82.72165065573293,2590400
2025-03-18,81.251953125,81.35901043421677,80.10344658896541,81.02808847209317,9991300
2025-03-19,82.40045928955078,82.69244794438427,80.90156043227874,81.57313953643391,7870600
2025-03-20,82.3809814453125,82.5853757128719,81.93325960792981,82.2641815385208,3952800
2025-03-21,81.64126586914062,82.14739138715669,81.16434589797683,81.27141062579683,9132300
2025-03-24,81.76780700683594,82.51725273121609,80.33703956179586,82.03059754178852,4836600
2025-03-25,80.70689392089844,81.84566526911199,80.22023873696764,81.77753384039242,4658300
2025-03-26,81.86512756347656,82.02085334558099,80.64848972360296,80.82368586957548,3732500
2025-03-27,81.77753448486328,82.56592093856705,81.21302011063902,81.83593815691802,4320700
2025-03-28,82.1571273803711,82.7897731454832,81.85539613273271,82.12792183323054,3388700
2025-03-31,83.20830535888672,83.36403858976774,81.91380814959169,82.10846726242382,6230800
2025-04-01,83.37376403808594,83.77281740052747,81.94299670594755,83.08176797716321,4601100
2025-04-02,84.29840087890625,84.61959504180868,82.75083372859226,83.23748885089248,3126000
2025-04-03,82.78977966308594,84.92133180027885,82.58538537162167,83.26670710227155,6498500
2025-04-04,76.92071533203125,82.75084221594047,76.41459722026683,82.75084221594047,7635300
2025-04-07,77.22244262695312,79.17879858623596,73.60173422089198,74.60424273250504,6618800
2025-04-08,76.90126037597656,79.58759185892596,75.98634618098646,79.49026229953262,5000200
2025-04-09,78.36122131347656,79.149600350468,73.55306562686843,75.9182101636117,10462100
2025-04-10,78.1373519897461,79.18852892678976,76.36592748877332,77.76749673816488,5178000
2025-04-11,79.53893280029297,79.85039185367695,76.88179194972842,77.923233855647,3384300
2025-04-14,80.37596130371094,81.15460503930403,79.88930618430233,80.33702800306611,2604800
2025-04-15,81.23249053955078,82.2058010048113,80.6387705616803,80.98916292323565,2994100
2025-04-16,80.04505157470703,81.50501729067109,79.73359251899882,81.24222672913619,2006400
2025-04-17,81.04755401611328,82.12792915784661,80.29810827290456,80.31757121363233,3228200
2025-04-21,78.36122131347656,80.54143450049831,77.35871280328523,80.51223637701996,3200200
2025-04-22,81.05728912353516,81.45634995288725,79.06200725408186,79.62652164388788,4772700
2025-04-23,82.01113891601562,82.8384512964122,81.09622473551367,81.18382653561903,3037200
2025-04-24,82.70218658447266,82.98444749398253,81.02809149401088,81.48554857405207,3437200
2025-04-25,82.35179138183594,82.92604093843116,81.94300280672387,82.49778942316706,2697800
2025-04-28,82.8189697265625,82.87737339398898,81.77752800430429,82.41991636561764,3018600
2025-04-29,81.30061340332031,82.57564760213465,80.16184206121427,81.09621911825785,3931200
2025-04-30,80.95022583007812,81.75807526067175,79.26640296230694,80.90156476455114,4003400
2025-05-01,81.14488983154297,82.49779067864722,80.22024050622011,81.13515464843438,3669600
2025-05-02,82.81151580810547,83.07621133257942,80.94881894387028,81.43900193553223,2919800
2025-05-05,82.73307800292969,83.01738501251343,81.67428103198297,82.71347397588175,2239000
2025-05-06,82.27230072021484,82.84091471096758,81.97819545160327,82.18407138351074,3609900
2025-05-07,82.58602142333984,83.29188606894417,81.73310787623315,81.86055275073461,4369200
2025-05-08,81.67427825927734,82.57622054442636,81.51742360942404,82.38994863560244,4275700
2025-05-09,81.29193878173828,82.24289490321516,80.85077711776984,82.00760918107187,2170800
2025-05-12,79.67433166503906,81.49781279765418,79.46845572807904,81.37036792608791,4293800
2025-05-13,79.30180358886719,80.48804552808816,78.97828102009815,79.8312021160532,3921700
2025-05-14,78.92926025390625,79.76256976824219,77.84105351273406,79.76256976824219,3728300
2025-05-15,80.21353149414062,80.92920183734066,79.24297142177689,79.34100650834736,5058100
2025-05-16,81.50762176513672,81.51742751859716,80.17432351925422,80.41941499857676,2444500
2025-05-19,81.38017272949219,81.51742335253054,80.6939121347024,81.13508126269541,2490500
2025-05-20,82.67426300048828,82.96836830001254,80.66450979554507,80.87038574909165,3736900
2025-05-21,80.94881439208984,82.76248986333567,80.8213695140796,82.62523923175588,2415400
2025-05-22,79.68414306640625,80.74294008547884,79.01749392250115,80.66450901452562,1905200
2025-05-23,81.19390106201172,81.28213787971116,79.39003145124556,80.42921688007398,1945200
2025-05-27,81.15469360351562,81.97820490571455,80.46844041801548,81.97820490571455,2406100
2025-05-28,80.2037353515625,81.21351107546461,79.80178920458333,80.99783685100668,1952300
2025-05-29,80.74293518066406,81.0762559925694,79.6449226928148,80.11550161034967,1805700
2025-05-30,81.6448745727539,81.81153498803465,79.89982439017061,80.36059758032209,4051000
2025-06-02,81.50762176513672,81.74290749099882,80.28216436852401,80.99783477916911,2577200
2025-06-03,81.30175018310547,82.55661742784343,80.06648696674208,82.54681167385677,2376500
2025-06-04,80.28216552734375,81.65467932728099,80.03707404448348,81.14488485435646,1817700
2025-06-05,80.19393157958984,80.73312832316674,79.7037486420119,80.39980751582081,1735300
2025-06-06,80.53706359863281,80.97822528051489,79.92923402218328,80.52725784492918,2381500
2025-06-09,81.18409729003906,82.13505340397083,79.9488416488889,80.39980906258474,3315100
2025-06-10,80.59587860107422,81.48801514765829,79.88021569277535,81.19390238998048,3124300
2025-06-11,80.53706359863281,81.3409633715636,80.18413126128773,80.71352976730536,2535000
2025-06-12,81.65467071533203,81.7527058022169,80.26255303461308,80.61548533107671,2575000
2025-06-13,80.45862579345703,81.46840143204999,80.16451304375515,81.20370594099664,2540300
2025-06-16,80.12530517578125,81.58604821557299,79.7723728671661,81.38017228214714,2147400
2025-06-17,79.3900375366211,80.0174711432073,79.09592476120943,79.92923431874438,1905200
2025-06-18,79.33120727539062,79.8802172685797,78.91945539019753,79.57629875175769,2723700
2025-06-20,79.3802261352539,80.43902307588789,79.28219104362441,79.62531760412669,7933900
2025-06-23,80.98802947998047,81.04684904187633,79.64492547310388,79.64492547310388,2567100
2025-06-24,81.34095764160156,82.05662053998282,81.05665064101242,81.23311679725403,3003900
2025-06-25,79.72335052490234,81.20370505087162,79.55669012571052,80.95861358867263,2499300
2025-06-26,80.25275421142578,80.61549229177763,79.75276550166475,79.87041210384334,2281400
2025-06-27,80.86058807373047,81.45860443107203,80.037076773846,80.40961314784211,3236600
2025-06-30,81.4880142211914,81.5370280271817,80.51744661964825,80.71352428240355,2526700
2025-07-01,80.90959167480469,81.59585225138049,80.04687242723264,81.46839990508616,3198200
2025-07-02,79.72335052490234,81.19389929809626,79.25277162645723,80.57627150601004,2343800
2025-07-03,80.31157684326172,80.67431493748211,79.45866325355227,79.54689259886072,1120800
2025-07-07,80.11550903320312,80.44882987599127,79.47826965067416,80.2233498893049,1744200
2025-07-08,79.34101104736328,79.80178420816229,78.53711132413886,79.58610251760973,2444900
2025-07-09,79.86061096191406,80.14491799056394,78.77240413761925,79.90963225221876,2342200
2025-07-10,80.50764465332031,80.73312460564858,79.46845178738012,79.60570240521412,1676000
2025-07-11,80.14491271972656,80.39000419593368,79.2723876627971,80.01746784475425,1892700
2025-07-14,81.16449737548828,81.37037332611095,79.7527680231059,79.89001865685434,2925200
2025-07-15,81.24292755126953,81.96839624732073,80.30177715324672,81.37037242988981,3368600
2025-07-16,81.90957641601562,82.02721554063336,80.76254259380343,81.15469046159231,2989600
2025-07-17,82.88013458251953,83.52717219102384,81.50762081833686,81.68408698058317,3138100
2025-07-18,84.70361328125,84.76243284040733,83.0958138411,83.24287021859136,2512500
2025-07-21,85.32125091552734,85.44870328117449,84.42912175399198,85.27223710378523,2468200
2025-07-22,86.79179382324219,86.86041913855502,85.38987025648152,85.64476749032848,2743600
2025-07-23,86.38984680175781,87.59569268415638,85.8800523392752,87.33099717911226,2539100
2025-07-24,86.41925811767578,87.2427619076418,85.90946364613623,86.56631450291212,2563100
2025-07-25,86.42906188964844,86.72316717377957,86.12514337256849,86.32122104158753,1804800
2025-07-28,84.97811126708984,86.5663066197359,84.79183936411346,86.43885427365825,2814400
2025-07-29,86.50748443603516,86.80159719622321,85.04674134752368,85.32124260124684,3357000
2025-07-30,87.53687286376953,89.66426509001987,87.51726135702532,88.42900195107522,5480900
2025-07-31,88.65448760986328,88.86036354892813,87.40942622230013,87.92901894654928,2965300
2025-08-01,87.90940856933594,88.66429450186789,87.35060030481148,88.3015564257527,2658300
2025-08-04,89.82112121582031,90.09562245508647,88.32115519337681,88.37998223007514,3509600
2025-08-05,88.62508392333984,90.58581583545092,88.13490094531208,89.9387707142469,3800600
2025-08-06,88.50743103027344,89.67406882859798,88.1447004392367,88.52704253657701,2678000
2025-08-07,88.75252532958984,89.05643637059491,88.15450152144557,88.23293258996247,2131600
2025-08-08,88.6937026977539,89.44858113720254,88.28195082169101,88.9682039484625,1627500
2025-08-11,88.32115936279297,88.69370318761058,87.37021073318556,88.24273577615604,1916400
2025-08-12,89.10545349121094,89.14466902363544,87.11531196815517,88.45841590520173,2399100
2025-08-13,89.78640747070312,89.80614177138635,88.59227522356151,89.4607350396645,1789800
2025-08-14,89.10546112060547,89.80614552835438,89.06598498828552,89.51007830060588,2461100
2025-08-15,87.95081329345703,89.32257690464787,87.45737292887608,89.32257690464787,4104800
2025-08-18,86.69747161865234,88.20739794817572,86.42114621577258,87.88173302581173,1915100
2025-08-19,87.6448745727539,87.67447978974624,86.69746998248745,86.82576929519072,2805800
2025-08-20,88.65149688720703,89.16467154872889,87.73369751640828,87.90146543178058,2620600
2025-08-21,88.04949188232422,88.88833892024319,87.41788887523452,88.62188446040605,1459600
2025-08-22,88.15805053710938,89.08571323097871,87.67447359605528,88.64161994886162,2029200
2025-08-25,88.0001449584961,88.52319049358273,87.8323770565441,87.86198227108837,1540000
2025-08-26,88.41464233398438,88.68110435155435,87.47710863791829,88.08897741039142,3385600
2025-08-27,88.37516784667969,88.81926114066218,87.67447593856198,88.3652969316817,1632200
2025-08-28,86.97379302978516,88.51333203550345,86.69746763958761,88.12844916639943,5441200
2025-08-29,86.93431854248047,87.52645299473295,86.70734019451237,87.10209398624657,1705100
2025-09-02,86.26324462890625,86.91458196832875,85.75006245428041,86.48035205584566,1727800
2025-09-03,86.05599212646484,86.49022203424519,85.57242270235622,85.89809513319148,1626600
2025-09-04,87.02313995361328,88.42450873295485,86.30271373364069,87.61526686453062,3500000
2025-09-05,86.5987777709961,87.39814869489021,85.67110754276209,87.1612994450886,1952000
2025-09-08,85.69084930419922,86.84549786652856,85.26649032027024,86.53956727205717,3264500
2025-09-09,85.86849212646484,86.32245634659412,85.3553099441954,85.56255398843035,1936700
2025-09-10,87.27973175048828,87.35867648442944,85.75993456491285,85.75993456491285,2756700
2025-09-11,88.68109893798828,88.76005119980435,87.21064882584889,87.48697421290305,2366000
2025-09-12,89.10546112060547,89.54955443292585,88.55281032673082,88.55281032673082,2082800
2025-09-15,89.00677490234375,89.51007865046006,88.80939423997249,88.98703307145543,2062300
2025-09-16,87.10208892822266,89.27322336272941,87.01326575382183,89.00676889813069,1967600
2025-09-17,87.02313995361328,87.68434821198261,86.77641977995587,87.28959442827033,2936800
2025-09-18,86.677734375,87.40802399058332,86.23363353889893,86.74681572337542,2464900
2025-09-19,87.50670623779297,88.10870404220482,86.5395674082572,87.35867263306348,4786600
2025-09-22,88.06922912597656,88.23700456260973,86.90470963098632,87.49684405806428,2325200
2025-09-23,89.65811157226562,89.78641088414138,87.73369718715281,88.07910393200609,2134400
2025-09-24,90.38839721679688,90.5364308235922,89.53968676506118,90.23050022437,2524500
2025-09-25,89.14493560791016,90.46735213436514,89.02650721313567,90.05286404660781,2869700
2025-09-26,91.03974914550781,91.07922527900591,89.29297353170665,89.62850937248665,2670900
2025-09-29,92.32269287109375,92.57927643303661,90.69433820363025,91.23711807324992,3821800
2025-09-30,91.96741485595703,92.68783355065418,90.44761767421635,92.4213790745078,3040900
2025-10-01,92.1746597290039,93.0727172589815,91.7996402408201,92.00689181550183,2398400
2025-10-02,92.34242248535156,92.83586281230744,91.13842688289091,91.97727393285554,2709000
2025-10-03,94.1385498046875,95.34254546892696,93.02337731909472,94.6517319874628,3714100
2025-10-06,96.20113372802734,97.28670098967457,94.34579319753355,94.34579319753355,4137300
2025-10-07,94.72081756591797,96.477464093782,93.96091517306729,96.35903569339808,3570700
2025-10-08,95.39189147949219,96.1221810847204,94.62211821369242,95.29319738666764,2858900
2025-10-09,94.36553955078125,96.32943012519588,94.20763501751044,96.00375767230177,2244500
2025-10-10,94.01025390625,96.12217791914642,93.75366282610035,94.68133305712469,3743500
2025-10-13,94.46421813964844,95.26358906622373,94.08919866946097,94.19775614458871,2186100
2025-10-14,95.39189147949219,96.01362360605513,94.05959651938248,94.29645330699879,2648400
2025-10-15,96.36890411376953,96.61562429453735,95.51031517414867,95.79651148735563,2125000
2025-10-16,94.7602767944336,97.26695455144501,94.72080819417991,96.71430379627148,1894800
2025-10-17,94.58264923095703,95.32280980726928,94.18790294703268,95.09583144694307,2332400
2025-10-20,95.44123840332031,95.66822429340898,94.32606584330033,95.1155659420507,2793400
2025-10-21,94.40501403808594,95.83598808171548,93.78327436080079,95.56952606879258,1999900
2025-10-22,94.74053955078125,95.27345598927059,94.33591488238503,94.72080525126755,2018800
2025-10-23,94.41487121582031,95.45109892362132,94.18789287975467,94.94778767732066,1964800
2025-10-24,95.31294250488281,95.94454556837653,94.47409539205235,94.85897827357812,2217600
2025-10-27,96.08270263671875,96.10243693722653,94.47408985511431,96.05309742130609,3179900
2025-10-28,93.77339935302734,96.71430710650586,93.76353596727725,96.71430710650586,2543000
2025-10-29,94.20763397216797,95.69782598883991,91.54305900186144,92.76678900392123,4739600
2025-10-30,94.7898941040039,95.94454271423292,93.85235292283416,93.93130518574782,3029200
2025-10-31,94.82936096191406,95.73729691011663,94.30631540601057,94.85897370693866,3196600
2025-11-03,95.59912872314453,96.19125559147184,93.6845779038946,94.56290105659549,3291600
2025-11-04,94.96753692626953,95.8162474357396,94.59251742630337,95.60900338384897,2511300
2025-11-05,95.01687622070312,95.82611812444192,94.20763431696433,94.9971419188423,2212700
2025-11-06,94.44447326660156,95.49057185418629,94.41486805239381,94.96752632504477,1786100
2025-11-07,95.91493225097656,95.91493225097656,93.92142913262258,94.63198440137046,2658600
2025-11-10,95.83598327636719,97.1682706862717,95.72742579940514,95.93466983834121,2657300
2025-11-11,95.59912872314453,96.05309290650553,94.49381971411233,95.53004738066137,2197900
2025-11-12,95.2734603881836,95.93466862729497,94.98726409156032,95.61886711538342,2247000
2025-11-13,93.80313110351562,95.37281042756123,93.68391994139316,94.80653466882958,2706500
2025-11-14,94.42901611328125,95.0250946378645,93.36600701091707,93.67397927304931,2465000
2025-11-17,94.91580963134766,95.75031802295578,94.13097002711653,94.82639368678997,2949100
2025-11-18,93.822998046875,95.57149399042213,93.81306125755103,94.91580990647931,2481800
2025-11-19,93.4156723022461,94.47868136480933,93.08782647315805,93.83292649587666,2179200
2025-11-20,92.74011993408203,95.26352639781098,92.74011993408203,94.0117561659817,3767100
2025-11-21,93.08782958984375,93.59449974453013,92.13410243837801,92.95868164355295,2601100
2025-11-24,94.85620880126953,95.11450469947367,92.55136624016852,93.08783161616161,3528000
2025-11-25,94.64757537841797,95.40261224218663,93.96208846457594,95.17411913075593,2318200
2025-11-26,95.91921997070312,96.22719224489555,94.91581640763917,95.30326784276832,1902100
2025-11-28,96.88287353515625,97.02196585249523,96.02849910854366,96.36627416330332,928700
2025-12-01,93.97201538085938,96.35633707486112,93.80312785400314,96.0384280209642,2295400
2025-12-02,92.36260223388672,94.4488808313944,92.31292586603314,94.4488808313944,2029100
2025-12-03,93.62430572509766,93.64417930492729,91.78639372745036,92.64077575092746,5825900
2025-12-04,93.84286499023438,94.37933792588535,92.78979269778034,93.34613163272972,3742400
2025-12-05,93.60443878173828,94.20051731827373,93.01828945546772,93.31633251351035,3317400
2025-12-08,92.29306030273438,93.59449928751252,91.94534846476498,93.55475970895179,3219700
2025-12-09,92.62091064453125,93.62430662866495,92.60103706450981,92.62091064453125,2972700
2025-12-10,92.72025299072266,92.93881688702244,91.60756750935543,92.62090783228177,2248100
2025-12-11,92.71031188964844,93.24678481574097,91.99501465485841,92.37253685074725,2504600
2025-12-12,91.74665069580078,92.95868131511547,91.11083259707006,92.75005421205223,3197500
2025-12-15,93.13750457763672,93.40573725581852,90.98168362410492,91.52808576989733,2498900
2025-12-16,92.20364379882812,93.58456193238177,92.0248194861604,92.82953268293991,2113800
2025-12-17,91.23004913330078,92.53148808845712,91.07109082267588,92.36260056808023,3647500
2025-12-18,91.6075668334961,92.23344814865082,91.30953136037229,91.8857363068982,2821100
2025-12-19,90.90220642089844,92.40234331580139,90.85253005223655,91.90560994738118,6062300
2025-12-22,91.38899993896484,91.47841588365169,90.2763220818801,91.19030963007098,2144900
2025-12-23,91.7267837524414,92.07449558730234,91.12076844901968,91.45854349444187,2550000
2025-12-24,92.06455993652344,92.23344746132335,91.41880504690951,91.67710851866501,780200
2025-12-26,92.2433853149414,92.36260405240755,91.44861647048296,91.83606789281077,1288800
2025-12-29,92.52155303955078,93.0778995576538,92.352665515997,92.37253909497366,1491700
2025-12-30,92.75999450683594,93.02822719818198,92.28312712499307,92.44208544545732,1597900
2025-12-31,91.82613372802734,92.75999491599933,91.78639414773599,92.75005812603901,1513300
2026-01-02,93.24678802490234,93.6739790226291,91.29959414070939,91.9652150317221,1872900
2026-01-05,91.94535064697266,93.12757092412713,90.39553736451967,93.09776813438664,2011300
2026-01-06,92.71031188964844,93.06796050704345,91.84599313435226,92.1042965979263,1750900
2026-01-07,90.71344757080078,93.37593879491114,90.58429962043849,93.11764289418653,1612500
2026-01-08,90.59423065185547,91.54795777276621,90.32599039874187,90.7233785940087,3691700
2026-01-09,92.90900421142578,93.50509030637271,91.46848050091968,92.20364375059145,2848600
2026-01-12,92.8891372680664,93.63423729962844,92.34272754643446,92.52155185719133,1773800
2026-01-13,93.75345611572266,93.75345611572266,92.20364289461776,92.55136230662525,2192600
2026-01-14,94.54822540283203,94.59790177037839,93.34613158779536,93.70378021139051,2209700
2026-01-15,95.04496002197266,95.3132002830051,94.0713668733539,94.64757181497434,3034600
2026-01-16,95.7900619506836,96.23712653467564,94.64757367543697,94.85620836236312,2133200
2026-01-20,94.13097381591797,96.04836493139253,93.99188907838507,95.03503218943149,2364100
2026-01-21,95.10457611083984,95.78013380969267,93.99189061286168,94.9754205813438,2891100
2026-01-22,92.92887878417969,95.14430534635022,92.77985725884925,95.1045733471751,3095000
2026-01-23,92.58116912841797,93.24679003377054,91.68704753489597,92.84940181669967,2512800
2026-01-26,94.34954071044922,94.53830182290707,92.92888292088476,93.01829129233325,2728700
2026-01-27,95.94902038574219,95.98875996522672,94.08129804771806,94.32966473483405,2097700
2026-01-28,95.84967041015625,97.08156699407222,95.39266905882431,96.05829750730376,1857800
2026-01-29,95.4026107788086,97.35974148881165,94.77672945501844,95.26352604018857,3422100
2026-01-30,95.2635269165039,95.6509783461595,93.83293235805255,94.93568106693382,2769700
2026-02-02,94.86613464355469,96.28679235144014,94.4886200198937,95.29332563486429,2390600
2026-02-03,96.71398162841797,96.8828691481503,95.23371836923265,95.32312673395586,2641100
2026-02-04,96.1973876953125,97.89621493663235,95.83973905718729,97.35974197944452,3261700
2026-02-05,96.25698852539062,97.43921633083187,95.62117043999771,96.42587604629668,3637900
2026-02-06,97.31999969482422,97.90614900528536,95.66091207935817,97.28026011618707,2513600
2026-02-09,98.1500015258789,98.45999908447266,96.95999908447266,97.18000030517578,1912700
2026-02-10,99.70999908447266,100.31999969482422,97.88999938964844,98.44999694824219,2902900
2026-02-11,100.19999694824219,101.2300033569336,99.31999969482422,100.33000183105469,3238200
2026-02-12,101.95999908447266,102.94000244140625,99.0,99.66999816894531,5095600
2026-02-13,105.06999969482422,105.69000244140625,102.01000213623047,102.44000244140625,6208300
2026-02-17,104.44000244140625,106.70999908447266,104.08999633789062,106.0,3062500
2026-02-18,102.38999938964844,104.62999725341797,102.05000305175781,104.47000122070312,1880400
2026-02-19,103.33000183105469,103.48999786376953,102.01000213623047,102.25,2036400
2026-02-20,104.0199966430664,104.20999908447266,102.81999969482422,103.83999633789062,2721600
2026-02-23,104.87000274658203,106.0,103.91999816894531,103.91999816894531,3035300
2026-02-24,105.19999694824219,105.6500015258789,104.01000213623047,105.01000213623047,2857100
2026-02-25,106.26000213623047,106.66000366210938,104.1500015258789,105.23999786376953,2541500
2026-02-26,105.7300033569336,107.18000030517578,105.58999633789062,106.62000274658203,1975700
2026-02-27,107.11000061035156,107.20999908447266,105.37999725341797,105.75,3008300
2026-03-02,106.62999725341797,107.93000030517578,106.33999633789062,106.75,2236000
2026-03-03,105.80999755859375,106.87999725341797,103.02999877929688,104.83999633789062,2737800
2026-03-04,106.48999786376953,107.11000061035156,104.86000061035156,106.55000305175781,3070100
2026-03-05,105.4800033569336,106.45999908447266,104.68000030517578,105.41000366210938,2261000
2026-03-06,104.69999694824219,105.69000244140625,103.80999755859375,104.48999786376953,1976400
2026-03-09,104.6500015258789,104.79000091552734,102.7300033569336,104.20999908447266,2904200
2026-03-10,104.76000213623047,105.88999938964844,103.91000366210938,105.87999725341797,1759200
2026-03-11,103.81999969482422,104.95999908447266,103.43000030517578,104.95999908447266,2457600
2026-03-12,104.5199966430664,106.08000183105469,103.0,103.4800033569336,3066300
2026-03-13,105.58000183105469,106.62000274658203,105.19999694824219,105.4800033569336,1969200
2026-03-16,106.16999816894531,106.70999908447266,105.54000091552734,106.70999908447266,1751000
2026-03-17,106.06999969482422,107.1500015258789,105.87000274658203,107.05999755859375,1726800
2026-03-18,104.26000213623047,105.69000244140625,103.97000122070312,105.5199966430664,2509600
2026-03-19,103.94000244140625,104.72000122070312,102.27999877929688,103.31999969482422,2764500
2026-03-20,99.9000015258789,104.25,99.23999786376953,104.01000213623047,5883500
2026-03-23,101.33999633789062,102.88999938964844,100.7300033569336,101.44999694824219,2715100
2026-03-24,102.5199966430664,103.69000244140625,100.75,100.81999969482422,2290500
2026-03-25,102.76000213623047,103.73999786376953,102.36000061035156,103.37000274658203,2487400
2026-03-26,102.86000061035156,103.08999633789062,101.77999877929688,102.33000183105469,1989800
2026-03-27,109.87999725341797,111.98999786376953,104.94000244140625,106.05999755859375,9098000
2026-03-30,111.05999755859375,111.77999877929688,109.55000305175781,111.54000091552734,3561900
2026-03-31,112.36000061035156,112.52999877929688,109.91999816894531,111.12999725341797,3267100
2026-04-01,113.58000183105469,114.06999969482422,111.80999755859375,111.80999755859375,3023600
2026-04-02,114.9000015258789,115.31999969482422,113.0,113.54000091552734,2365700
2026-04-06,114.56999969482422,115.61000061035156,114.0999984741211,114.63999938964844,2765800
2026-04-07,113.87000274658203,115.37999725341797,113.73999786376953,114.08999633789062,2108700
2026-04-08,114.61000061035156,114.95999908447266,112.94999694824219,113.44999694824219,2872400
2026-04-09,117.44000244140625,117.68000030517578,114.73999786376953,114.73999786376953,2758900
