Price,Close,High,Low,Open,Volume
Ticker,FITB,FITB,FITB,FITB,FITB
Date,,,,,
2021-04-12,32.21970748901367,32.26946879589412,31.84650876024229,31.85480072955589,3207700
2021-04-13,31.69723129272461,32.12019137227015,31.4235488219795,32.07872519406633,5205700
2021-04-14,31.97090721130371,32.41874948123939,31.56453427884325,31.647466626461146,4316400
2021-04-15,31.53964614868164,32.078715798441515,30.992284531176306,32.07042066703037,6049500
2021-04-16,31.68064308166504,32.145069323185545,31.481601004108757,31.713817288535505,5355500
2021-04-19,31.40695571899414,31.929438322830574,31.18303460306424,31.581118696050286,5577100
2021-04-20,30.22100067138672,31.39036422630365,29.93902632377796,31.257670601762207,5382600
2021-04-21,30.983991622924805,31.000578721577916,29.756574795584676,30.18782986956887,5614500
2021-04-22,30.569332122802734,31.149868081950334,30.502983709795487,31.083519668943083,5515000
2021-04-23,31.79674530029297,32.045545490515515,30.453221742158355,30.56932828668447,6741600
2021-04-26,32.16165542602539,32.59291061092496,31.937734282116015,31.99579072416635,3979000
2021-04-27,32.55144119262695,32.59290736396078,32.13677315195655,32.17823932329037,4453500
2021-04-28,33.007572174072266,33.1568529071963,32.59290417398677,32.63437034126216,4880400
2021-04-29,33.76226806640625,33.83690843354025,33.25637259623867,33.33101296337267,7776600
2021-04-30,33.62128829956055,33.96960796420045,33.306139676553244,33.45542043673216,7236300
2021-05-03,33.563232421875,34.102298979721205,33.3144290650748,33.99448756635162,4009000
2021-05-04,34.26817321777344,34.26817321777344,33.18174160337338,33.44713211101057,6043100
2021-05-05,34.458919525146484,34.765773042651126,33.92814484719252,34.3096387515136,3622500
2021-05-06,34.76577377319336,34.7823608776863,34.08571830731633,34.66625430990242,4983200
2021-05-07,35.12238311767578,35.147265352357095,33.77885950053442,33.828620806230845,4830900
2021-05-10,35.031158447265625,35.711213799885094,35.022863314567296,35.62827829123262,6068700
2021-05-11,34.525245666503906,35.50386203396651,34.276445592193745,34.79063283425669,5227200
2021-05-12,33.95301818847656,35.16385127723013,33.84520677524235,35.04774156782498,6785000
2021-05-13,34.81552505493164,35.014567087828276,33.67104048402402,33.70421468345109,6146900
2021-05-14,35.362892150878906,35.45411963155606,34.8735837066102,34.98969025886611,3680600
2021-05-17,35.57851028442383,35.595094217889724,35.006266506226275,35.14725525000875,4000600
2021-05-18,34.84040069580078,35.68632371599217,34.81552163051045,35.53704299691925,3379800
2021-05-19,34.57501983642578,34.583314968830834,33.8534983368229,34.35939384888524,4940600
2021-05-20,34.442325592041016,34.67454184035378,34.09400596507086,34.492086894607894,3347100
2021-05-21,34.76577377319336,35.13068374470463,34.533560637625605,34.6164961600903,5364100
2021-05-24,34.724300384521484,34.94822150318682,34.550140569003794,34.94822150318682,4091400
2021-05-25,34.21839904785156,35.26336409032899,34.11887962217078,34.83210902749162,5847000
2021-05-26,34.55842971801758,34.68283138390353,34.044242282109465,34.34280374930314,4609900
2021-05-27,35.00627899169922,35.221908167646525,34.75747877332391,35.00627899169922,4671700
2021-05-28,34.94822311401367,35.01457152126865,34.43403561245235,35.00627638852868,4053900
2021-06-01,35.12238311767578,35.47070593021833,34.89846515120739,35.18873152527101,3459000
2021-06-02,34.964813232421875,35.22190858721657,34.70771787762718,35.163855307693005,3731400
2021-06-03,35.00627899169922,35.47070838602184,34.790652979418326,34.9399337431768,2999500
2021-06-04,34.865291595458984,35.06433049461185,34.500381674234966,34.98969011651296,4503200
2021-06-07,34.82382583618164,35.03945184010759,34.666249945172005,34.939932389346865,2638200
2021-06-08,34.56672286987305,34.65795033114222,33.87837250841703,34.42573411236644,5080000
2021-06-09,34.12717819213867,34.317925095442504,33.82861672134455,34.17693632816047,3713700
2021-06-10,33.50518035888672,34.71601032922053,33.41395287992101,34.666249023330266,4597000
2021-06-11,33.64616394042969,33.977899632255706,33.505178327786545,33.58811066891004,3625600
2021-06-14,32.791954040527344,33.720809696809894,32.576324857313026,33.49688854362574,3909200
2021-06-15,33.22319793701172,33.438823883179246,32.70900739120412,32.88317033796628,3632200
2021-06-16,33.62957763671875,33.85349875945984,32.65925593517345,33.09880304814702,5889500
2021-06-17,31.53964614868164,34.002775009288484,31.489888014877497,33.97789594238641,6222900
2021-06-18,30.61079216003418,31.241086138863842,30.436632356317986,31.108392503127817,11729100
2021-06-21,31.34061050415039,31.382076674466767,30.70202135754698,30.91764734139174,10710100
2021-06-22,31.473312377929688,31.67235131296525,31.008882923401988,31.27427027922729,6271700
2021-06-23,31.44841766357422,31.763566209981033,31.39036440024475,31.531353156663158,4411000
2021-06-24,32.00407791137695,32.14506351962273,31.324022611644086,31.60599699180156,3782700
2021-06-25,32.75878143310547,32.866596029977806,32.02067268674875,32.21971161241048,6591500
2021-06-28,32.07872009277344,32.74218832952688,31.93773131290115,32.617789814697794,3681900
2021-06-29,31.81146812438965,32.5631186819561,31.74465332553709,32.304216115259884,2795400
2021-06-30,31.928382873535156,32.08706320237765,31.74464540841973,31.761349103966964,3256500
2021-07-01,32.35432434082031,32.42948938990111,31.995202793645937,32.15388314796997,2916200
2021-07-02,32.10377502441406,32.462896604824344,31.97014861211524,32.437842648113616,2709400
2021-07-06,31.16839599609375,31.995211767893718,30.959604488517613,31.92839695623468,4090300
2021-07-07,30.95960235595703,31.285316575595058,30.784218266291223,30.901140992735094,3754700
2021-07-08,30.525314331054688,30.85938197989815,30.12443506398566,30.425095310763734,8073400
2021-07-09,31.803117752075195,31.836521965475292,30.90948734314244,31.1516862092466,4142400
2021-07-12,32.062015533447266,32.18729168164296,31.09322330323556,31.377179811361653,3587800
2021-07-13,31.377174377441406,32.10376762779208,31.28530564279509,32.07871367685372,4171400
2021-07-14,31.21849250793457,31.86992068749255,30.717391212509593,31.43563417248587,3631200
2021-07-15,31.544218063354492,31.761359806832118,30.817624584676956,31.043116585789967,3386300
2021-07-16,30.400039672851562,31.66113876505662,30.308170915199234,31.535862607184345,3583000
2021-07-19,28.921794891357422,29.88223372769778,28.68794628197916,29.648388304224465,7391000
2021-07-20,30.032562255859375,30.408387513708142,28.704648468730255,28.838274873087066,5561800
2021-07-21,30.800918579101562,31.093225363049402,30.283113439101104,30.308170581943063,7176300
2021-07-22,30.08267593383789,30.80926937076367,29.782015701756865,30.40839012329065,6109700
2021-07-23,29.88223648071289,30.6505908064777,29.706852396949976,30.274765494196284,4253300
2021-07-26,30.33321762084961,30.567062994675275,29.9740961191006,30.04926115867375,5476800
2021-07-27,30.383342742919922,30.516969187670018,29.581580888513585,29.782022148591604,4168300
2021-07-28,30.441795349121094,30.784213214329494,29.957397635170032,30.28311180135548,4898100
2021-07-29,30.60047721862793,31.0097099000905,30.391685749411412,30.834322644660833,4189500
2021-07-30,30.30817222595215,30.94289692805617,30.174545805198395,30.525313964962553,8250800
2021-08-02,30.13278579711914,31.21850077934642,30.10772865487129,30.592126383533962,6345100
2021-08-03,30.76751136779785,30.834322982007503,29.640038696055402,30.458500882030034,4375400
2021-08-04,30.374977111816406,30.89278216515069,30.149481979410407,30.550364338735164,3952900
2021-08-05,30.884429931640625,30.959594978715952,30.52530839404792,30.55871578961575,3516200
2021-08-06,31.510801315307617,31.79475777927147,31.276955940009486,31.33541728383402,4426100
2021-08-09,31.36882972717285,31.7279512890076,31.051465819664397,31.443994779322097,4638400
2021-08-10,31.869932174682617,32.0035585977794,31.276965121309715,31.36048044103074,4021300
2021-08-11,32.31256103515625,32.37937582297313,31.627725389555433,32.03695800017272,5230700
2021-08-12,32.471248626708984,32.52970998041236,32.13718101762837,32.396083573961086,2967600
2021-08-13,32.137184143066406,32.66333956347188,32.04531538233948,32.57982106012688,3649300
2021-08-16,31.911685943603516,32.203995898796705,31.602675475226576,31.920039386100235,4044900
2021-08-17,31.485755920410156,31.936746283248713,31.168391977756524,31.59432838240577,4718800
2021-08-18,31.32707405090332,31.87828346222432,31.160043406064794,31.302020091358607,4839500
2021-08-19,31.21015167236328,31.619384402943133,30.917844854738654,31.05982154161194,8430100
2021-08-20,31.41893768310547,31.47739903642716,30.909486016240898,31.07651981969065,5027700
2021-08-23,31.76970863342285,32.053665140338374,31.569267434345218,31.68619013968018,3650100
2021-08-24,32.10377502441406,32.25410513648836,31.736303187068533,31.778060843554734,3517600
2021-08-25,32.81365966796875,33.12267007126402,32.16222828433288,32.27915415332693,4573900
2021-08-26,32.4044303894043,33.0141010032145,32.27080399714322,32.905531749811715,4326900
2021-08-27,32.95563888549805,33.039157369899584,32.37937567969735,32.50464862744302,3724900
2021-08-30,32.2624626159668,33.039167230229324,32.2624626159668,33.039167230229324,3683100
2021-08-31,32.45454406738281,32.70509317459948,32.145533608012414,32.320917664473605,4716600
2021-09-01,32.12883758544922,32.579824811824615,31.903342379308768,32.579824811824615,3933600
2021-09-02,32.31256103515625,32.59651751156911,32.07036539408116,32.16223094847271,2787500
2021-09-03,32.162235260009766,32.52135682790676,31.98685119733585,32.471248916231275,4130000
2021-09-07,32.20399475097656,32.66333530887414,32.12882970070934,32.2206984494698,4058000
2021-09-08,32.08707046508789,32.23740057313514,31.81146739093786,32.078720208376325,5041800
2021-09-09,32.4044303894043,32.69674031278475,31.861574564676882,32.05366230443315,5211500
2021-09-10,32.287513732910156,32.69674642781677,32.145537058413126,32.554766567414646,4102700
2021-09-13,33.05585861206055,33.07255912179626,32.48794570392086,32.69673712056326,4823400
2021-09-14,32.554771423339844,33.38158719372711,32.446198947532196,33.08092691358629,5819700
2021-09-15,33.63212585449219,33.76575224991544,32.554761249320904,32.554761249320904,7590700
2021-09-16,33.74070358276367,34.14993308903101,33.67388878163141,33.7824612405188,5348200
2021-09-17,33.506858825683594,34.05806825492002,33.37323239392644,33.531915971948045,12714800
2021-09-20,32.187294006347656,32.646634606399445,31.61938094907835,32.638284349338875,9578000
2021-09-21,31.928382873535156,32.421130741514034,31.736295153598192,32.33761544968202,5393400
2021-09-22,32.61323165893555,32.95564959145855,32.13718729386466,32.37938619845313,3862800
2021-09-23,34.041358947753906,34.23344989856311,32.9556439702534,33.005755068626,4801000
2021-09-24,34.667728424072266,34.7428934680184,33.590367042050275,33.62377125032286,5565800
2021-09-27,36.413238525390625,36.48840359736762,35.07697411902801,35.07697411902801,9988400
2021-09-28,36.388179779052734,36.89763151259134,36.154334335161664,36.747301388402725,6864100
2021-09-29,36.44704818725586,36.59842058627212,36.12748387733332,36.44704818725586,5511100
2021-09-30,35.690185546875,36.70774514586267,35.664957883493045,36.66569476290099,5147000
2021-10-01,36.71614456176758,36.976842117330534,35.71540792046542,35.8415494153561,4893500
2021-10-04,36.590003967285156,37.32163819337133,36.472270608970625,36.81706253317465,3907200
2021-10-05,36.97684860229492,37.33004869952438,36.50591193132869,36.859115236551766,4123900
2021-10-06,36.783424377441406,36.91797723665135,35.94246820538095,36.640460160034664,4084600
2021-10-07,36.87592697143555,37.27958875826032,36.724554603374564,37.22071887468707,3883900
2021-10-08,36.96002960205078,37.27118253123843,36.682512486401556,36.74979052946573,2764300
2021-10-11,36.57319259643555,37.41414893547712,36.56478123656858,37.296412353296475,3342000
2021-10-12,36.404998779296875,36.70774355876612,36.26203454099476,36.514320787887904,4122500
2021-10-13,35.91724395751953,36.38818065553392,35.252887689247565,36.3461334807812,4202500
2021-10-14,36.48908996582031,36.50590947522252,35.934058987520885,36.36294845729382,3260800
2021-10-15,36.66569900512695,37.069360913904866,36.43864359243139,36.85071044598398,4113000
2021-10-18,37.044124603271484,37.372097049027666,36.455454548019866,36.455454548019866,4664400
2021-10-19,36.943206787109375,37.363684894672204,36.59000350860005,37.330045876148766,4724900
2021-10-20,38.33919143676758,38.34759958684489,36.80865148324307,37.01889052310075,4893100
2021-10-21,37.91030502319336,38.524202631642574,37.59074078592077,38.27191321864187,3869400
2021-10-22,38.25509262084961,38.406461760454256,37.9103007642094,38.229861757588175,2947800
2021-10-25,38.33079147338867,38.61671354898898,38.18782722759467,38.49057202292894,2428200
2021-10-26,37.66643142700195,38.33919578932526,37.64961191694468,38.33919578932526,2714400
2021-10-27,36.362945556640625,37.573921265060456,36.337714690553256,37.506643232818334,3692800
2021-10-28,36.9936637878418,37.01048008841598,36.48068000451155,36.48068000451155,3146000
2021-10-29,36.6068229675293,37.29640680634472,36.54795628919091,37.04412058375258,3726300
2021-11-01,37.3973274230957,37.46460225846324,36.90957123270799,36.943210254388596,4087900
2021-11-02,37.0020751953125,37.288000450141475,36.800244282730006,37.288000450141475,4092400
2021-11-03,37.59074401855469,37.78416356596013,36.78342680990761,36.825473979692546,3532300
2021-11-04,36.98525619506836,37.573926222888524,36.573189421189745,37.573926222888524,6390800
2021-11-05,37.0693473815918,37.54028075659294,36.85069699349011,37.447775069933996,2600900
2021-11-08,37.22071075439453,37.557094434029956,36.97683595505099,37.24594161556232,2266600
2021-11-09,37.077762603759766,37.18708781866406,36.73297065644036,37.018895920655986,4174100
2021-11-10,37.02730178833008,37.4898302813246,36.93479608973117,37.09457982658144,3359900
2021-11-11,37.254364013671875,37.422555917822635,36.9768500986178,37.136630643164466,3055900
2021-11-12,37.178680419921875,37.388919512829816,36.741382721714075,37.1114055783482,3428500
2021-11-15,37.52346420288086,37.79256992634804,37.15344463511181,37.23753897069783,3048000
2021-11-16,37.700069427490234,38.01122233515061,37.355274292631655,37.58233286027359,3155800
2021-11-17,37.17026138305664,37.66642562534605,37.027297173586966,37.62437846067604,4331400
2021-11-18,37.119815826416016,37.414152497902435,36.7666156702253,37.102996313074435,4077000
2021-11-19,36.62364959716797,36.75820248924322,35.92565747202573,36.67410813469394,3523100
2021-11-22,37.13663101196289,37.54870102082478,36.83388622308376,37.21231720918268,3670900
2021-11-23,37.7084846496582,37.7841708530654,37.212320251320826,37.48983739981188,2807300
2021-11-24,37.50664520263672,38.070087524279984,37.38050369754762,37.76734277927683,3474200
2021-11-26,35.723819732666016,36.438634442301534,34.899683024516165,36.077023012155024,5680900
2021-11-29,36.152706146240234,36.48908668001356,35.547216694257905,36.28725900134818,5629000
2021-11-30,35.44630432128906,35.858371053606795,35.067873398144954,35.69017917576572,9155400
2021-12-01,35.10152053833008,36.8675276443588,35.093109178095226,36.37136325430403,5277400
2021-12-02,36.95161437988281,37.27958999354478,35.42948570660081,35.50517189313921,6366500
2021-12-03,36.20317459106445,37.27118966929862,35.85838257431124,36.951625319529164,5418100
2021-12-06,36.64887237548828,37.26277001049296,36.4302219691619,36.75819437065819,4701300
2021-12-07,37.0693473815918,37.22912788982533,36.74137179943927,36.90115551566581,7327700
2021-12-08,36.96843338012695,37.75052289426282,36.95161387135063,37.33845615721945,3941800
2021-12-09,36.791831970214844,37.086165342779296,36.413401056922574,36.8759263029495,2995600
2021-12-10,36.80023956298828,37.06934848124875,36.295667158235275,36.94320377606394,3099800
2021-12-13,35.65655517578125,36.80025326629984,35.62291614747338,36.63206454074914,4213700
2021-12-14,36.26203155517578,36.564776309717,35.664953404826946,35.749047744202436,5782500
2021-12-15,36.514320373535156,36.8927513435774,35.89201451879337,36.480684560193126,4360200
2021-12-16,36.6068229675293,37.3720929939217,36.48068146022991,36.934795377698414,5075400
2021-12-17,35.538814544677734,36.54796282346143,35.23607294823718,36.497507494718306,11255800
2021-12-20,34.63057327270508,35.025823675599675,33.94939766073645,35.00059281056846,5621300
2021-12-21,35.74905776977539,35.84997485491956,35.017426546448874,35.10152411740235,5457500
2021-12-22,35.90883255004883,36.034974062870226,35.42107638475758,35.606087786487855,2333800
2021-12-23,36.21998596191406,36.61523643176711,36.10225259846683,36.169527431296586,2605600
2021-12-27,36.74979019165039,36.766609702261825,35.97610874349261,36.21998683536795,2347400
2021-12-28,36.81706237792969,37.060940452263395,36.57318751158938,36.70774037880912,3294500
2021-12-29,36.91797637939453,37.17867073356415,36.598412143193926,36.9684316954309,5400300
2021-12-30,36.91798400878906,37.38369512301381,36.88411675235511,36.88411675235511,2329400
2021-12-31,36.875648498535156,37.10426944341141,36.73170377216907,36.85871325483313,2572800
2022-01-03,37.82400131225586,37.8832762830313,37.248219149675215,37.248219149675215,4020900
2022-01-04,39.432804107666016,39.61061928514217,38.16269015986471,38.16269015986471,5534000
2022-01-05,39.31425857543945,40.059392956467846,39.21265036941133,39.69529338562821,5632100
2022-01-06,40.95692825317383,41.05007043232332,40.025512921810645,40.06784939504245,5831700
2022-01-07,41.32103729248047,41.44804997161314,40.6013073909063,40.86379552368279,5191200
2022-01-10,41.32103729248047,41.837550783522296,40.6013073909063,41.591994659901324,4560200
2022-01-11,41.53272247314453,41.6936056289221,40.982341739880646,41.5581269467269,4022100
2022-01-12,41.65973663330078,42.17625013694571,41.448050982958875,41.54119318591999,5511900
2022-01-13,41.947635650634766,42.47261523920666,41.75288521019789,41.981506135076096,5476900
2022-01-14,42.718170166015625,42.76050665530449,41.151694221790954,41.28717292555557,5695500
2022-01-18,42.01536560058594,42.87904341332703,41.752877469993976,42.74356473074411,6226900
2022-01-19,40.61824035644531,42.193181985210344,40.474292446148276,42.1762467469362,8122200
2022-01-20,39.47514724731445,41.32104675434229,39.398940268397986,40.804533145027065,6461300
2022-01-21,38.137290954589844,39.382000493572356,38.001812255446616,39.11951233089501,8255900
2022-01-24,38.50985336303711,38.63686604606196,36.723225946185515,37.49376158903841,7575500
2022-01-25,38.035682678222656,38.50139377353558,37.129668196542085,38.18809663122193,7688500
2022-01-26,37.9340705871582,38.8316189711243,37.1720041298891,38.45905013284139,9085900
2022-01-27,37.4514274597168,38.83161889977061,37.095797092991404,38.46751929760876,6219300
2022-01-28,37.6546516418457,37.68005289107208,36.60468919623566,37.409095465766384,6438900
2022-01-31,37.79012680053711,37.9594759829436,36.74016445367047,37.451428435724125,8487000
2022-02-01,38.899356842041016,38.97556381104425,37.56150511184371,37.72238505526525,7512400
2022-02-02,39.51747512817383,39.63602180403972,38.64533129402219,38.78080997923086,5988500
2022-02-03,39.10258102416992,40.16947548351336,39.02637404635487,39.64449587526927,5592200
2022-02-04,40.08478927612305,40.28800889328081,39.28038327122567,39.322719749364225,6470300
2022-02-07,40.914608001708984,41.075487955801655,39.906985327001365,40.16100749717242,6679100
2022-02-08,41.91375732421875,42.01536552846488,41.23636391246691,41.33797211671305,6839200
2022-02-09,41.65127182006836,42.1169828843129,41.566598842969555,41.80368576289984,3807300
2022-02-10,41.59198760986328,42.44719928025208,41.414172473271336,41.7613367433125,5784200
2022-02-11,41.10089111328125,42.184720727223116,40.81299846831956,41.083955871805024,5815300
2022-02-14,40.83839797973633,41.56659718192783,40.42349588643822,41.329510271471776,6695700
2022-02-15,41.8121452331543,41.89681819047719,41.236360079173046,41.253295316650885,3765100
2022-02-16,41.92222595214844,42.31173001458864,41.261767738118124,41.464987389394174,3690300
2022-02-17,40.80451965332031,41.61739490301398,40.626704504664254,41.515783478010846,4378400
2022-02-18,40.83839797973633,41.2194328215885,40.55050534701101,40.72832052985306,6053200
2022-02-22,40.92306137084961,41.27869162518884,40.42348323018315,40.60129835735277,6662100
2022-02-23,39.94084930419922,41.337975970619475,39.75456811739223,41.16016078909453,8189700
2022-02-24,38.74694061279297,38.90782377676785,37.3244159922962,38.315103300688605,9082900
2022-02-25,40.71985626220703,40.79606323382956,38.984034386435056,39.1787848183444,7910900
2022-02-28,40.5081672668457,40.68598244269375,39.72069636801377,40.27954637072674,7889200
2022-03-01,37.64617919921875,40.24567899752762,37.39215703838711,40.05092856655447,7883800
2022-03-02,39.00944137573242,39.28039881914869,38.07802556774745,38.34898301116372,8510700
2022-03-03,39.204185485839844,39.42434039174608,38.66227068678909,39.102577268534574,4820400
2022-03-04,37.72238540649414,38.34897640525122,37.163535371955966,38.28970467659316,6965000
2022-03-07,35.54624938964844,37.67157485119907,35.52931415221807,37.46835523210089,8053700
2022-03-08,35.52931594848633,36.74015803041153,35.18215163877769,35.78333806265204,10090600
2022-03-09,37.88326644897461,38.4505824570716,36.63855375708803,36.79943369295133,8115800
2022-03-10,37.663116455078125,38.21350052470721,37.1212016216344,37.43449552908145,5723800
2022-03-11,37.256675720214844,38.670734361890936,37.22280523979862,37.99334090390039,6013300
2022-03-14,38.82315444946289,39.44127950983461,37.89173870079976,38.06955390607899,6822100
2022-03-15,38.7723388671875,39.32271954019345,38.15421724546722,38.96708924964187,7080400
2022-03-16,40.220279693603516,40.381159649553744,39.22959224947753,39.29732998827392,7007600
2022-03-17,39.58522033691406,39.68682855421573,38.73847765591055,39.55981909010539,8777800
2022-03-18,39.5344123840332,39.71223079186834,38.34897463551085,39.551347624306395,12154000
2022-03-21,39.34812927246094,40.15253215057456,39.00943094373241,39.77996657302649,4767700
2022-03-22,40.14406967163086,40.66904922020762,39.69529709220773,39.796905307723605,5956700
2022-03-23,38.67920684814453,39.890049169232185,38.509857661895836,39.71223397720124,5929500
2022-03-24,38.82315444946289,39.136451597888914,38.484459281797804,39.00097288480942,5306100
2022-03-25,39.59368896484375,39.70376642508356,38.81468719715823,38.9755671543801,5510100
2022-03-28,38.780818939208984,39.24652682533246,37.984881883471914,39.20419033206076,6335600
2022-03-29,39.068702697753906,39.813837083508,38.72153836406165,39.627552679552814,5829000
2022-03-30,37.73914337158203,39.17098108904317,37.50050483574058,39.128367529243796,5780300
2022-03-31,36.682315826416016,38.13972115042191,36.63970226308142,37.636873300178145,7651900
2022-04-01,35.6254768371582,37.347091211143756,35.42945187270718,37.23629336125196,8393700
2022-04-04,35.514678955078125,35.71070717055749,34.59421376408996,35.37831362118336,6372600
2022-04-05,35.139678955078125,35.73627857552692,35.054451831245316,35.27604430393445,4755000
2022-04-06,34.92660140991211,35.23342420067654,34.6538707628339,34.99478569728454,7166500
2022-04-07,34.46636962890625,34.98626347718026,33.80158903666394,34.7987631762334,6715800
2022-04-08,34.56012725830078,34.84138263416522,34.287396545999435,34.58569799778353,4278500
2022-04-11,34.508975982666016,35.35273520932671,34.253288215842765,34.59420307080376,3801800
2022-04-12,33.77601623535156,35.05444225068139,33.58851271271743,34.560115964175225,5726000
2022-04-13,33.67374801635742,33.88681907081761,33.281698056440185,33.511815185401936,5103800
2022-04-14,33.24760055541992,33.9549979029338,33.13680596580425,33.69931332898153,5266700
2022-04-18,33.298736572265625,33.57146719996943,32.99191380329746,33.21350947031026,8621700
2022-04-19,34.764671325683594,35.190813401503576,33.3072662066687,33.3072662066687,9287400
2022-04-20,34.66238784790039,35.68512927242656,34.602728229496854,34.86693743328777,8147400
2022-04-21,33.77601623535156,35.26751325323636,33.54589916244754,35.11410187130034,6927300
2022-04-22,32.75328063964844,33.80158976984846,32.70214241944134,33.80158976984846,8275900
2022-04-25,33.06862258911133,33.136806878018696,32.01179212069389,32.59986698209364,8095700
2022-04-26,32.17372131347656,33.11975708288689,32.16519990392393,32.608384727181196,5977500
2022-04-27,32.548736572265625,32.81294587834381,32.11407300544705,32.17373264694751,7068400
2022-04-28,33.204994201660156,33.25613242802151,32.47202921317973,33.11976707559769,6919500
2022-04-29,31.986223220825195,33.452153004330846,31.90951751700906,33.196468408679074,5642500
2022-05-02,32.165199279785156,32.412359166481224,31.508940215980566,32.23338030849963,7723300
2022-05-03,32.65101623535156,32.82999517742245,32.16521439189806,32.34419333396894,5813500
2022-05-04,33.656707763671875,33.72488881567936,32.32714311185743,32.59987382230042,7213500
2022-05-05,32.369754791259766,33.332836885246486,31.739066279280248,33.27317724901076,6292900
2022-05-06,31.96918296813965,32.39532512221417,31.34701581333564,32.31009799188191,6481300
2022-05-09,31.364057540893555,31.739064665255157,30.95496151984958,31.628266810220488,6376600
2022-05-10,31.176557540893555,31.87543032354878,30.349840827984192,31.645313199815053,6269500
2022-05-11,30.562910079956055,31.994747709277352,30.49472578750932,31.023144300353472,7171100
2022-05-12,30.494728088378906,30.656664169555196,29.795855294099017,30.349841332806704,6472600
2022-05-13,30.65666389465332,31.023146362904807,30.341316397930544,30.75893708891697,5414800
2022-05-16,30.41802406311035,30.83564478096079,30.119725872650346,30.62257371600181,5365900
2022-05-17,31.687925338745117,31.75610638093916,31.116893260740493,31.176556143068606,4715300
2022-05-18,30.724853515625,31.517478307601063,30.486214912004552,31.39815900579084,5689600
2022-05-19,30.38393211364746,30.878255244104036,30.111201437973605,30.400974936071734,5594000
2022-05-20,30.375410079956055,30.869736504398382,29.616877619393392,30.656665442388356,4521300
2022-05-23,31.372577667236328,31.687921861593566,30.76745350893261,31.15098198920801,4424600
2022-05-24,31.202125549316406,31.423718014103112,30.528820240946942,31.35553696770961,4677200
2022-05-25,31.909523010253906,32.10554800903962,31.057238710556035,31.168036579854604,4552600
2022-05-26,32.90669631958008,33.07715382451906,32.097025609524806,32.19077739980157,5313300
2022-05-27,33.33283233642578,33.41805944764435,32.78737102173279,32.915211688560646,3118700
2022-05-31,33.605560302734375,33.81863131492457,32.761797663930714,32.88964157172708,5320700
2022-06-01,33.01749038696289,33.77602278290891,32.4890718573235,33.77602278290891,3594800
2022-06-02,33.511817932128906,33.52886400802762,32.74476077271946,33.20499506836513,2771500
2022-06-03,33.170894622802734,33.5203342145457,33.102713587461814,33.230557499133916,3746800
2022-06-06,33.62261199951172,34.15102728781905,33.26465094851205,33.57147377759571,3475300
2022-06-07,33.71635437011719,33.7504432573404,33.07714140500691,33.358393419028694,3927500
2022-06-08,33.136810302734375,33.44363313211622,32.940785328675126,33.39249491015052,2829500
2022-06-09,32.01179122924805,33.187940919294796,31.994745157495895,33.14532736551729,3314300
2022-06-10,30.409502029418945,31.432243770556717,30.324274905660122,30.972009499363764,4238400
2022-06-13,29.352664947509766,29.84699131495298,29.139593910068243,29.599828131231373,6436400
2022-06-14,29.47199058532715,30.085633027422343,29.096983438884486,29.608355933704566,5553700
2022-06-15,29.599830627441406,30.170862746568034,29.071415320361847,29.753242047433258,6986700
2022-06-16,28.338449478149414,29.028800846397207,28.125378429441525,28.943570476190338,6182600
2022-06-17,28.977664947509766,29.32710136535795,28.50890925301193,28.662320680477613,9221700
2022-06-21,29.29300880432129,29.864040943270457,29.114029891853235,29.727675593122452,4126900
2022-06-22,29.36971092224121,29.54868981280294,28.790157442245693,29.079934182243452,4922400
2022-06-23,28.560043334960938,29.34414652317858,28.142425879745982,29.233348662094343,4241300
2022-06-24,30.01744842529297,30.085629465807045,28.645270440883646,28.653791851745666,5409300
2022-06-27,29.719154357910156,30.239048331318934,29.540175424797656,30.213480841219084,5084800
2022-06-28,29.693588256835938,30.673716605131734,29.668020765540074,30.256095823793395,3515700
2022-06-29,29.40987777709961,29.882704750859762,29.263732629341288,29.81393152822176,3219200
2022-06-30,28.88547134399414,29.237942754151675,27.98280097939016,28.81669811441056,5312900
2022-07-01,29.0918025970459,29.246546489539096,28.214921632732786,28.799508942274862,4771300
2022-07-05,28.971446990966797,28.988641121197574,27.93122670784238,28.515810738463735,5053600
2022-07-06,28.61037826538086,29.117593654843944,28.30089046442777,28.722138477823965,3821800
2022-07-07,29.160572052001953,29.34110875609825,28.833893458663987,28.954249075098456,3189100
2022-07-08,29.108989715576172,29.470056524790945,28.90266348213614,29.444266975402527,3606000
2022-07-11,28.83389663696289,29.091802026242917,28.490020598292887,28.851090766840883,3249500
2022-07-12,28.825294494628906,29.49585236212093,28.52440545626006,28.653359775243597,3232500
2022-07-13,28.404054641723633,28.644765913103374,27.92262881951904,28.5501998337913,5211900
2022-07-14,27.690509796142578,27.828059546781414,27.338038355165267,27.776480439944812,5845000
2022-07-15,29.005830764770508,29.151975929958677,27.96560736310412,28.180529038576964,5960900
2022-07-18,29.0316219329834,29.874114554216426,28.87687805567073,29.366899240679277,4925700
2022-07-19,29.805339813232422,30.054649772561557,29.48725661514225,29.513049449191914,9633500
2022-07-20,29.82253646850586,30.06325102316823,29.35830804907913,29.659197143100638,9594700
2022-07-21,29.44427490234375,29.917102018609153,28.95425365537568,29.332514692498982,6766200
2022-07-22,28.911264419555664,29.70217460341239,28.66195449138342,29.521641184850896,5103500
2022-07-25,29.40987777709961,29.599009878381317,29.02301815149799,29.031616853980314,5155100
2022-07-26,28.49861717224121,29.33251109258531,28.455630211037686,29.057411593995237,3934400
2022-07-27,29.005830764770508,29.186364185101013,28.46422722433448,28.670550196299484,4459400
2022-07-28,28.73932647705078,29.134781569695736,28.30948312953814,28.980037702235627,4132800
2022-07-29,29.33250617980957,29.435670934085756,28.79090597735831,28.79090597735831,3934100
2022-08-01,29.34110450744629,29.435670557935612,28.72212910747552,29.108988732457252,3348100
2022-08-02,28.96284294128418,29.366896728530243,28.782309526344434,29.16057048328167,3603000
2022-08-03,29.495847702026367,29.684976519358365,29.074599835419022,29.255133229917583,3323900
2022-08-04,29.048816680908203,29.556032005260498,29.031622552012983,29.461465936059174,2591100
2022-08-05,29.805339813232422,29.960083699750857,28.954251716825905,29.048817789636605,3256000
2022-08-08,29.650596618652344,30.089035405896933,29.349704296926614,29.91709740483146,3738800
2022-08-09,29.848331451416016,29.86552558366029,29.452872968688517,29.74516665795037,3078900
2022-08-10,31.086278915405273,31.318394777483444,30.286769816951132,30.329753507088864,7120500
2022-08-11,31.877193450927734,31.971756260013617,31.344185184559485,31.344185184559485,4745200
2022-08-12,32.22966003417969,32.23825545934641,31.756829663886663,32.23825545934641,3421100
2022-08-15,32.006134033203125,32.169473318385585,31.679452183393842,31.85998887479424,3066900
2022-08-16,32.34141159057617,32.547737834225934,31.859989154467378,31.963150636570063,3431100
2022-08-17,32.006134033203125,32.20386157193275,31.645067209291042,32.1436837679474,2439300
2022-08-18,32.074913024902344,32.12649212977417,31.817004382764754,32.040524768691384,2342800
2022-08-19,31.41295623779297,31.791217246528326,31.09486976283326,31.619279231850484,3580300
2022-08-22,30.518878936767578,30.83696210884996,30.303957254114287,30.802577132003343,2880800
2022-08-23,30.622039794921875,30.931527536273652,30.57046069099295,30.71660585805098,2663800
2022-08-24,30.622039794921875,30.73379998584214,30.26097294964117,30.54466785958393,2138000
2022-08-25,31.15505027770996,31.18943525645195,30.55326887722034,30.656430372335908,2081300
2022-08-26,30.046051025390625,31.387160187674105,30.046051025390625,31.326982380620077,2578900
2022-08-29,29.59901237487793,30.106227642459665,29.4356730878224,29.839723593579635,3234600
2022-08-30,29.547435760498047,29.865522252368674,29.22075712263178,29.719373784316893,3297300
2022-08-31,29.358304977416992,29.736565981674286,29.246544777282747,29.599016227449376,4954600
2022-09-01,29.0918025970459,29.34970799138622,28.644765049781665,29.31531973095551,3911200
2022-09-02,28.945648193359375,29.788144003895965,28.790907612047558,29.461462155694697,4021200
2022-09-06,28.601781845092773,29.177770459493697,28.240711663386538,29.126191347425,3162700
2022-09-07,29.263736724853516,29.401286468823965,28.335273493469536,28.515806917534896,2663500
2022-09-08,30.3641357421875,30.372734446174984,28.876878058488145,29.031621935815913,3540800
2022-09-09,30.725208282470703,30.90574172697353,30.4930924483478,30.604849373357197,4265100
2022-09-12,31.395763397216797,31.464536638244244,30.811176090981,30.948725852480894,3725400
2022-09-13,30.07183837890625,31.00030152748876,29.925693223728054,30.613441882246047,4095500
2022-09-14,30.07183837890625,30.41571434788739,29.521639452091854,30.07183837890625,5347900
2022-09-15,30.759592056274414,31.241017835510387,30.114826968815706,30.12342567313759,3548700
2022-09-16,30.114826202392578,30.527475454330837,29.79674301891939,30.527475454330837,8215000
2022-09-19,30.467296600341797,30.579056793742115,29.667787677256094,29.667787677256094,3564400
2022-09-20,30.20939826965332,30.355546753423717,29.882716317206604,30.192204137477663,3833600
2022-09-21,29.452865600585938,30.708010704860218,29.444270176336783,30.35553928064244,4903800
2022-09-22,28.55019187927246,29.650592983516557,28.378253899286424,29.530234101915394,4041800
2022-09-23,28.19772720336914,28.31808283415478,27.647528160094815,28.189131778075158,4188500
2022-09-26,27.58734703063965,28.326678136015698,27.475586838573722,27.82805826329433,5717300
2022-09-27,27.140308380126953,28.01718919226441,26.873805966928316,27.767879266575004,5274000
2022-09-28,27.974206924438477,28.128950797879693,27.123115620511793,27.295053622051434,4095600
2022-09-29,27.835247039794922,28.04368716987654,27.07965778020556,27.566014218511956,5304400
2022-09-30,27.757081985473633,28.5039877468284,27.652863578530283,27.791822558802558,6166600
2022-10-03,28.512676239013672,28.773223928358217,27.60944115711187,28.22607146160414,4744900
2022-10-04,29.789352416992188,29.798039214884888,28.903487875368967,28.9208581581117,4368300
2022-10-05,29.615663528442383,29.737255551267626,29.077197822391756,29.1814162431981,2853500
2022-10-06,29.12061882019043,29.66777126960311,28.946922574828257,29.35511272708158,6097900
2022-10-07,28.747163772583008,28.894809545716743,28.095792962209888,28.84269868819132,3891100
2022-10-10,28.6429500579834,29.285637487132803,28.44319670767794,28.981662404720645,3537900
2022-10-11,28.156587600708008,28.556097553162733,27.94815079451218,28.47793292257847,3732300
2022-10-12,27.982892990112305,28.4171402267656,27.82656371987364,28.07842791226299,3804800
2022-10-13,29.83278465270996,30.093335652297032,27.253356592450984,27.609440860292377,7989000
2022-10-14,29.494068145751953,30.77943942169991,29.389849748524583,30.14543892624847,5503700
2022-10-17,30.16281509399414,30.605749166422033,29.91095088128367,30.206239158554347,5595300
2022-10-18,30.275718688964844,31.291855659974352,29.954376652796487,30.840238124066712,5393000
2022-10-19,28.886125564575195,30.310459325180503,28.590837302540915,30.041224837929267,10514800
2022-10-20,27.053600311279297,28.66899877377576,26.905956196567736,28.55609688682223,9696700
2022-10-21,28.677688598632812,28.68637208583642,26.853849829344146,27.036232878012118,8258000
2022-10-24,29.85015869140625,29.989117695894944,28.695062587789714,28.86007537029379,4774700
2022-10-25,30.701278686523438,30.762073035364587,29.589606807092604,29.72856579202146,4477500
2022-10-26,30.840240478515625,31.057364119294668,30.484157840159753,30.709968281874502,3485800
2022-10-27,30.701278686523438,31.413443898414254,30.631800850580774,31.24843113913734,3984900
2022-10-28,31.248432159423828,31.27448593462256,30.70127968894495,30.996567955690605,2990900
2022-10-31,30.99656867980957,31.27448666523404,30.918404039343706,31.100790409126535,3583500
2022-11-01,31.09210205078125,31.370020022282034,30.96182986522726,31.205007262029554,2581300
2022-11-02,30.14544105529785,31.352647790324582,30.10201699613984,31.039992576560905,4689600
2022-11-03,29.476701736450195,29.824100856943346,29.05114129254181,29.789360282285323,4584500
2022-11-04,30.51021385192871,30.588378492369184,29.763308023951655,29.884896728404904,5836700
2022-11-07,30.432050704956055,30.8402409023607,30.162816193994107,30.657857836730294,3281700
2022-11-08,30.492843627929688,30.69259697324407,30.162814777258923,30.388625211470817,4372000
2022-11-09,29.94568634033203,30.31045570899375,29.745933027058573,30.049904740074012,3824000
2022-11-10,31.51766586303711,31.639254561649697,30.953143118857458,30.953143118857458,7301800
2022-11-11,32.004024505615234,32.30799960173989,31.595834298770296,31.595834298770296,7378200
2022-11-14,31.309232711791992,32.11693303337348,31.30054922268699,31.925863142620432,5523300
2022-11-15,31.656620025634766,32.25587994022289,31.222372846443736,31.9692785247392,5360700
2022-11-16,31.083417892456055,31.7608425192314,30.92708862273198,31.656624110429842,3825700
2022-11-17,30.683910369873047,30.70996414308123,30.258346633560226,30.588375450718534,3456200
2022-11-18,30.9444637298584,31.335286965046283,30.5015296256308,31.257122318008705,3217900
2022-11-21,31.100784301757812,31.19631589863958,30.840233342674413,30.866290426408593,2095700
2022-11-22,31.552406311035156,31.578460085477882,31.24843125268134,31.326595889053056,3016900
2022-11-23,31.552406311035156,31.62188414723027,31.257118052857944,31.352649663495782,2837600
2022-11-25,31.68267822265625,31.847690981107572,31.59583009990156,31.734789084135176,1016400
2022-11-28,30.909725189208984,31.46556124345121,30.840244025906596,31.39608339319304,3193300
2022-11-29,31.26580047607422,31.378705683223316,30.805499473683692,30.987882514663703,2764700
2022-11-30,31.578458786010742,31.656623419165953,30.293087395381033,31.066046927114005,5602200
2022-12-01,31.066043853759766,31.717414627932143,30.597056101225316,31.578455661963762,4550900
2022-12-02,30.614431381225586,30.88366587117462,30.466788905250827,30.579690805804365,4718600
2022-12-05,28.61689567565918,30.423362591029544,28.43451261789922,30.423362591029544,5829500
2022-12-06,28.00026512145996,28.764537922919427,27.91341368058249,28.564784578466814,6216400
2022-12-07,28.63426971435547,28.972982098285105,27.9221043653126,28.121857737552023,6659000
2022-12-08,28.50398826599121,28.86007086648971,28.278181161327264,28.764535944616835,4510800
2022-12-09,28.56478500366211,28.781908639522165,28.330291079367996,28.68637370965674,4616800
2022-12-12,28.894813537597656,28.999031954003243,28.173961484270038,28.556101199496716,6366900
2022-12-13,28.60820960998535,29.67645752108123,28.47793741382858,29.494074458635456,8321500
2022-12-14,28.043689727783203,28.79927905629099,27.800509001666526,28.686373837488382,5738600
2022-12-15,27.731027603149414,27.939464412459778,27.288095242060702,27.609438912211143,6405200
2022-12-16,27.444425582885742,27.791823039576094,27.15782247405098,27.409685008955837,7307700
2022-12-19,27.48784828186035,27.861302807016653,27.166506271538676,27.444424223121203,4009900
2022-12-20,27.522586822509766,27.765764183933694,27.435737054920562,27.53995545081038,3743700
2022-12-21,27.78313636779785,28.052369174857688,27.739712309295882,27.835245569304544,3454100
2022-12-22,27.90472984313965,27.91341333059666,27.227303521485837,27.49653635874286,3871500
2022-12-23,28.147907257080078,28.23475538385151,27.878672763218773,28.07842941827167,3294400
2022-12-27,28.48661994934082,28.50399023752311,28.00026513241161,28.19133167632935,3656800
2022-12-28,28.41714096069336,28.677688646805787,28.25212488615541,28.608207496885896,4185600
2022-12-29,28.785627365112305,28.882132291614337,28.4259168398648,28.662796523858585,3012300
2022-12-30,28.785627365112305,28.943549385640303,28.539969029403075,28.65402456573957,4620700
2023-01-03,28.636478424072266,29.31203301682965,28.51365092480699,29.11901646267087,5347800
2023-01-04,29.35590171813965,29.478729226674346,28.88213560224987,28.987419192535555,5727800
2023-01-05,29.066375732421875,29.3295779739767,28.803173490867046,29.250616966830446,5021300
2023-01-06,30.24201202392578,30.347292238964986,29.154105312528337,29.33834652554637,7190500
2023-01-09,30.02267837524414,30.4613498729687,29.961264633306538,30.382388869506364,3607400
2023-01-10,30.233238220214844,30.233238220214844,29.733152990472764,30.075316216422834,2802900
2023-01-11,30.11041259765625,30.47889841151887,30.09286533539631,30.47889841151887,5001400
2023-01-12,30.61927032470703,30.785964280528543,30.119185110444743,30.23323728436579,4210200
2023-01-13,30.391157150268555,30.4613461878763,29.478719742153014,30.119182996532352,4618800
2023-01-17,29.926172256469727,30.39993831122079,29.84721124734455,30.373615743646955,4747800
2023-01-18,28.7066650390625,29.65419377200178,28.680342472315534,29.63664650976982,8835100
2023-01-19,29.51381492614746,29.794564389311002,27.934598359153142,28.390817073493295,10245300
2023-01-20,30.364843368530273,30.435029071900637,29.505047584755072,29.505047584755072,6921500
2023-01-23,31.154449462890625,31.27728029816515,30.426256489723784,30.48767023396202,5919600
2023-01-24,30.838605880737305,31.347463048919423,30.8386058807373,31.14567457301981,6585800
2023-01-25,31.373783111572266,31.435200198481173,30.584176447230746,30.654362144444338,5329500
2023-01-26,31.60189437866211,31.82123012253389,31.27727841483527,31.584347117536623,5715200
2023-01-27,31.672082901000977,31.85632748585126,31.461522442312294,31.566802671656635,3644200
2023-01-30,31.408878326416016,31.724722337838855,31.356239889044144,31.400106369120003,3918700
2023-01-31,31.83877944946289,31.86509866945987,31.286052401939873,31.479068940045895,11324700
2023-02-01,32.2686767578125,32.50555978623015,31.347467211831535,31.40888095844372,5609300
2023-02-02,33.20743179321289,33.39167637000806,32.3300887778382,32.514333354633365,6805900
2023-02-03,33.023193359375,33.3653566288553,32.830176808674,32.830176808674,4966600
2023-02-06,32.67225646972656,32.89159223098552,32.47046462418597,32.76876139337009,3962400
2023-02-07,33.1635627746582,33.26007103445383,32.44414182483339,32.67225286558627,5427500
2023-02-08,33.05828857421875,33.110930365541435,32.62838897874603,32.79508631120203,4917000
2023-02-09,32.689796447753906,33.31271247826179,32.60206349253755,33.181109698639546,3458200
2023-02-10,32.61084747314453,32.69858380750748,32.35642047048934,32.54066175245312,3994500
2023-02-13,32.85649871826172,32.90913716063487,32.382732656114065,32.46169366647201,2689100
2023-02-14,32.628387451171875,32.88281774378891,32.330090674572155,32.83017595493077,3047100
2023-02-15,32.5494270324707,32.81263263474373,32.21603907070852,32.347638525046776,2656800
2023-02-16,32.163394927978516,32.45291973057933,31.891417387365447,32.17216688557338,3508900
2023-02-17,32.417823791503906,32.50555675081492,31.952829736121505,32.09320782589572,3003300
2023-02-21,31.636993408203125,32.14585066614715,31.443976855121775,32.04934238960647,4290800
2023-02-22,31.52293586730957,31.759818891020604,31.303600106110252,31.733496323853966,3799600
2023-02-23,31.628219604492188,31.935291712317415,31.242189826801646,31.71595592678446,4656900
2023-02-24,31.856327056884766,31.891418234994923,31.154449945912,31.294824698746933,3728300
2023-02-27,31.645767211914062,32.26868004634688,31.55803423546946,32.21604159919953,4663100
2023-02-28,31.84755516052246,32.13708000180283,31.751046880095668,31.92651617661725,5627400
2023-03-01,31.75104522705078,31.970380999583927,31.531709454517635,31.759820532159146,3807600
2023-03-02,31.250957489013672,31.549254250198334,30.82106128268162,31.540482292574385,4992500
2023-03-03,31.7861385345459,31.830005018010116,31.26850599735254,31.43520332003399,4431900
2023-03-06,31.724727630615234,32.17217115691464,31.724727630615234,31.882649662673483,4273000
2023-03-07,30.084091186523438,31.88264360219591,29.99635488161391,31.88264360219591,5971500
2023-03-08,29.55768394470215,30.25956100978188,29.443631766404895,30.12795822337996,6381500
2023-03-09,27.802997589111328,29.294479548308118,27.741583852486595,29.268160331696844,6313800
2023-03-10,26.64491081237793,27.66262867943637,25.881621575384514,26.96075319199661,16480000
2023-03-13,23.030254364013672,24.407682642993695,19.39805478266263,23.433831351542004,48287400
2023-03-14,23.144306182861328,25.969351540405405,21.872159914998548,25.574546545283138,41568400
2023-03-15,22.293285369873047,22.433660115206134,21.33698137141703,21.916027614265758,37870100
2023-03-16,23.21449851989746,23.582982703073576,20.907086814022694,22.135366866809996,37607400
2023-03-17,21.88970947265625,22.758278879674563,21.635279188344306,22.65299697879399,29977200
2023-03-20,22.995155334472656,23.89004544461402,22.459977332971345,22.53893832347786,22426200
2023-03-21,24.030424118041992,24.223440648081827,23.144307491528934,24.0041048991449,16433000
2023-03-22,22.723182678222656,24.065518030057106,22.670542568366084,24.004104289657953,10570600
2023-03-23,22.23187255859375,23.214495817058108,22.02131043177996,23.11798922147618,10006700
2023-03-24,22.354698181152344,22.495072920641615,21.679143701485927,21.880933853725782,11000000
2023-03-27,23.039026260375977,23.749673587264127,22.7319558906296,23.25836199970926,9563400
2023-03-28,23.109214782714844,23.258363159836957,22.75827791695663,22.898652663259913,5926400
2023-03-29,23.714580535888672,23.76722064432581,23.275909060981807,23.468923907517233,7051100
2023-03-30,23.377071380615234,24.31854871595206,23.30601651934607,24.16755692399489,7973300
2023-03-31,23.661287307739258,23.776752498935277,23.33265925851025,23.625760729427515,7367200
2023-04-03,23.4481258392334,24.007684344440673,23.217197120553735,23.92774741512535,8099900
2023-04-04,22.746458053588867,23.625762533484107,22.417828285184516,23.56358974613011,9332300
2023-04-05,22.888568878173828,22.97738787617365,22.186900657464875,22.302365863089086,7879200
2023-04-06,23.163904190063477,23.705698505071126,23.101731405209748,23.5280605248479,8396400
2023-04-10,23.350427627563477,23.50141773036075,22.89745223692693,23.092852688265967,7407700
2023-04-11,23.563589096069336,23.741225384454296,23.297132122369863,23.465888036304726,5048200
2023-04-12,23.43924331665039,23.838927955497088,23.29713359930078,23.687936169052943,4466800
2023-04-13,23.599117279052734,23.75899113531537,23.11061533521155,23.714582483723067,5105500
2023-04-14,23.483652114868164,24.114263732298113,23.34154240688166,24.069855083832834,5790800
2023-04-17,24.2652530670166,24.291899269863208,23.021792400221656,23.385948702052723,8611000
2023-04-18,24.132028579711914,24.398483866510148,23.794518436828728,24.398483866510148,6875600
2023-04-19,24.886987686157227,25.020215330636326,23.98991906201187,24.19420156315192,7984200
2023-04-20,24.727113723754883,25.02909728672384,24.425130160785926,24.460658435997054,10302600
2023-04-21,24.407365798950195,24.85145907052097,24.22972950677072,24.85145907052097,8428600
2023-04-24,24.03432846069336,24.434013100660252,23.972155670938836,24.3629582417863,5078700
2023-04-25,22.79086685180664,23.71458168159964,22.675403345123218,23.54582576191026,9259100
2023-04-26,22.71980857849121,23.23495663484163,22.515526108266993,22.817509626894598,6691000
2023-04-27,22.950740814208984,23.288250961146726,22.83527561288296,22.861921819515448,5741400
2023-04-28,23.270488739013672,23.43924296704841,22.648757464321296,22.764220972665143,6460200
2023-05-01,22.9329776763916,23.51029862595017,22.79975002558293,23.226079185803275,7371400
2023-05-02,21.769453048706055,22.835275916977693,21.263186974516845,22.78198519708447,12006600
2023-05-03,21.280946731567383,22.364535295101827,21.19212944098626,21.867151352706394,8887800
2023-05-04,20.641454696655273,21.041139311679178,19.948668595307623,20.579281910780747,18801200
2023-05-05,22.133609771728516,22.231310838210035,21.280949768984055,21.77833547645227,12580600
2023-05-08,21.68062973022461,22.764216520446208,21.529637975563467,22.70204374395299,9239100
2023-05-09,21.911558151245117,22.035903702843566,21.227654229291474,21.414174250770234,5738700
2023-05-10,21.52964210510254,22.28460102321476,21.254304744643292,22.28460102321476,7405200
2023-05-11,21.014490127563477,21.165481883607587,20.55263279212489,21.129955308463682,11100700
2023-05-12,20.978965759277344,21.27206723489178,20.676982215422317,21.20101238304832,8802700
2023-05-15,21.511877059936523,21.57405153981401,20.987846873824324,21.103312070944018,5536100
2023-05-16,21.121076583862305,21.65398715392923,21.10331244643837,21.502995373988565,5322000
2023-05-17,22.444477081298828,22.515531945628066,21.662871879595606,21.68951808899967,8862700
2023-05-18,22.355655670166016,22.48888331467752,21.991499317929907,22.444474664534155,6754500
2023-05-19,22.29348373413086,22.551056964150373,21.742807303273054,22.391183106995477,7803000
2023-05-22,22.604351043701172,22.755342842789844,22.195784301545277,22.497767899722625,7438100
2023-05-23,23.02179718017578,23.492536697050483,22.6576408027359,22.826396734307064,6241100
2023-05-24,22.51552963256836,22.80863112957584,22.186899860005344,22.657639346627658,6580900
2023-05-25,22.24907112121582,22.57770087122532,21.9648517126029,22.266835257774453,5896900
2023-05-26,22.435596466064453,22.515533405377596,21.920448242758468,22.249076376306547,5100900
2023-05-30,22.604351043701172,22.613231419457914,21.92044691288297,22.559940694509443,5067100
2023-05-31,21.556285858154297,22.34677126791899,21.52075758648426,22.293480554495172,9193400
2023-06-01,22.018144607543945,22.284599885470726,21.334240581695507,21.725041430110608,6965600
2023-06-02,23.04844093322754,23.199432709794305,22.302364118907207,22.60434767204074,6776000
2023-06-05,22.639875411987305,23.243842549199158,22.426710838985727,23.226078411262,4557700
2023-06-06,23.785633087158203,23.918860712180408,22.515526227512115,22.639871784988685,6517400
2023-06-07,24.087617874145508,24.220845506174115,23.501413243873394,23.972152684061133,5193200
2023-06-08,23.954391479492188,24.10538326602413,23.545826465394843,24.052092545507403,4532400
2023-06-09,23.45700454711914,23.945506428193763,23.430358343138593,23.84780706842759,4778700
2023-06-12,23.02179718017578,24.034329381439687,22.586585941139866,23.350426973858408,8789800
2023-06-13,23.661287307739258,23.830043213443524,22.879683949986976,23.092848502101234,5985200
2023-06-14,23.04844093322754,23.945507830033293,22.844156745579784,23.41259727187421,9039800
2023-06-15,23.76786994934082,23.945506225463465,22.826392773055236,22.924092131994257,6201600
2023-06-16,23.572471618652344,23.85669104080798,23.394833632764374,23.714581329730162,11161400
2023-06-20,23.705699920654297,23.76787270922067,23.075086577878032,23.377070145841635,5087800
2023-06-21,23.536943435668945,23.883335646012366,23.37706958656232,23.883335646012366,4742900
2023-06-22,22.773103713989258,23.581353378503564,22.755341269622157,23.581353378503564,5574900
2023-06-23,22.684284210205078,22.781983574035383,22.4000631048332,22.52441036783381,4680100
2023-06-26,23.057321548461914,23.190550883474433,22.83527491554954,22.85303905276206,5419600
2023-06-27,23.252723693847656,23.403715472148537,22.7020472982558,23.039559129319592,3801700
2023-06-28,23.38595199584961,23.430360646100848,22.81751314104293,23.11949670617933,4977600
2023-06-29,23.61081886291504,23.943619731268043,23.493889848164898,23.88965091007565,4620300
2023-06-30,23.57483673095703,23.916632360538458,23.529864434446228,23.88964795328209,3912400
2023-07-03,24.06954002380371,24.186469021425896,23.691766908710576,23.73673920419993,2272700
2023-07-05,23.871662139892578,24.114514963985652,23.57483878101038,23.83568292708869,3435000
2023-07-06,23.67378044128418,23.718754458316127,22.999185626054956,23.67378044128418,5113200
2023-07-07,23.97060203552246,24.294408095064853,23.664785582750945,23.664785582750945,5960400
2023-07-10,23.988588333129883,24.123506934133097,23.73673901982961,23.94361603798984,5470900
2023-07-11,24.33938217163086,24.43832330050372,23.979598587888802,24.177479130051072,4963100
2023-07-12,24.45631217956543,25.139901826089854,24.23144723198174,24.735144234205855,6974500
2023-07-13,24.663183212280273,24.9510100204263,24.447313106170753,24.62720400347047,5554600
2023-07-14,24.26742172241211,24.93302167885764,24.123508311050003,24.915033789124767,5171100
2023-07-17,24.564245223999023,24.636201935176093,24.11451535024651,24.249433969255602,4547200
2023-07-18,25.121910095214844,25.157887591684013,24.41133609742876,24.51027721498967,5588200
2023-07-19,25.634601593017578,25.72454790663604,25.00497911327157,25.1848717405085,8086300
2023-07-20,26.318193435668945,26.489091274667352,25.652593402644516,26.264226329094907,8613900
2023-07-21,25.39174461364746,26.399140141030898,25.382749811594216,26.372155734871164,6345200
2023-07-24,25.77851104736328,25.976391534450347,25.499679062017197,25.589625361814218,4800400
2023-07-25,25.211854934692383,26.05734578145815,25.175875724744994,25.82348606354959,5008800
2023-07-26,25.661584854125977,25.949411672366114,25.535659334458547,25.580633347048042,4609800
2023-07-27,25.697561264038086,26.102318782344796,25.625604562515015,25.688566461899818,4462400
2023-07-28,25.949413299560547,26.102321520786838,25.72454836926207,26.021370008632726,3366900
2023-07-31,26.174278259277344,26.201260952970195,25.850472210296957,26.057347534664085,4394800
2023-08-01,25.913434982299805,26.201261828530253,25.499684319739362,26.093327618985498,4257400
2023-08-02,25.51767349243164,25.64359730661948,25.06794362395129,25.55365098980675,4676900
2023-08-03,25.616609573364258,25.84147447843013,25.12190746845257,25.34677237351844,4886600
2023-08-04,25.607616424560547,25.958406865707396,25.46370301327375,25.625606029867193,2987000
2023-08-07,25.706554412841797,25.913429701967416,25.571635820611306,25.751526705057636,3204100
2023-08-08,25.229841232299805,25.256825638057865,24.45630713864892,24.50127943266264,4545200
2023-08-09,24.735139846801758,25.202859266553954,24.70815544026806,25.040956258517955,3203800
2023-08-10,24.924026489257812,25.121908713496005,24.67217888107562,24.9330212917762,3671200
2023-08-11,24.99598503112793,25.166881133060013,24.69016860634618,24.744135706136145,3541100
2023-08-14,24.096525192260742,24.735140729431606,23.889648165953204,24.735140729431606,5567900
2023-08-15,23.260025024414062,23.75472710157937,23.188068327452147,23.66478080148123,6929100
2023-08-16,23.152090072631836,23.260025980301908,22.918230368999225,23.224046772550867,4463000
2023-08-17,23.179079055786133,23.448916304873453,23.098127537943256,23.19706866321419,4020800
2023-08-18,23.017175674438477,23.233045813583168,22.846277837605168,23.116116798223555,3801200
2023-08-21,23.098125457763672,23.20605966144487,22.846276123202163,23.134102953796326,3475400
2023-08-22,22.378557205200195,23.188072330241223,22.27062299891691,23.035164108353836,7319500
2023-08-23,22.873260498046875,22.873260498046875,22.20766052438758,22.378556632560308,3874700
2023-08-24,23.13410186767578,23.331984091106342,22.756328741361166,22.783313148806194,4813700
2023-08-25,22.86426544189453,23.38595199469124,22.720352028404626,23.242038581201335,3358100
2023-08-28,23.206058502197266,23.358966712759862,23.008177994944614,23.07113989654395,2213300
2023-08-29,23.790712356567383,23.799705444838978,23.07114348841706,23.188074222948817,4381300
2023-08-30,23.736740112304688,23.83568122486622,23.5388596027648,23.628805912767717,7771900
2023-08-31,23.88065528869629,23.970601605353174,23.75473147472663,23.835682988159494,5662500
2023-09-01,24.330385208129883,24.456310737950588,24.06954277641193,24.078537579655073,5152600
2023-09-05,24.348377227783203,24.528269879308624,24.13250707530278,24.195468988661638,5116300
2023-09-06,23.925626754760742,24.339377365467175,23.682772240346214,24.195463960388146,6317400
2023-09-07,23.466903686523438,24.042557344954865,23.30500066619379,23.799702814460396,8314400
2023-09-08,23.754730224609375,23.80869732553011,23.260028082405668,23.493887807173138,6073600
2023-09-11,23.835683822631836,24.29440850961664,23.691770397175823,23.916635338898764,5069800
2023-09-12,24.708158493041992,24.78911000706182,23.84467796427495,23.898645068427065,7993200
2023-09-13,24.510276794433594,25.53566030216822,24.285411869714018,25.364764194601268,9180300
2023-09-14,24.753129959106445,25.094923870964955,24.573237343023145,24.72614555201901,5508600
2023-09-15,24.681175231933594,24.924028052832437,24.42932589236882,24.5732393105249,7629500
2023-09-18,24.402341842651367,24.690170398787505,24.213456121882302,24.67218079235713,4866300
2023-09-19,24.20446014404297,24.49228697062779,24.096525941865263,24.447314672317617,5554700
2023-09-20,24.11451530456543,24.645196691834773,24.08753261016472,24.420331755384485,4885300
2023-09-21,23.727746963500977,24.30340235829128,23.727746963500977,23.970601502760168,5420700
2023-09-22,23.116113662719727,23.817691090881134,23.098124058001964,23.79970148616337,5692000
2023-09-25,23.30500030517578,23.313995107897338,22.972201182394215,23.11611459477271,3379000
2023-09-26,22.738346099853516,23.358972174077504,22.720356490738272,23.008183374247984,4788200
2023-09-27,22.360567092895508,22.87325881076054,22.225646775071567,22.855269206306268,5211900
2023-09-28,22.83496856689453,23.04479805843621,22.3696933421184,22.378816590456953,4934500
2023-09-29,23.108659744262695,23.427966485285484,22.971814495276284,23.063045241294475,4031400
2023-10-02,22.35144805908203,23.136030057982104,22.22372605557059,23.136030057982104,5098000
2023-10-03,21.84055519104004,22.232846134559242,21.703709958205362,22.17810664936014,4802700
2023-10-04,21.913536071777344,21.968273808503355,21.5121219422636,21.904412825642794,3491500
2023-10-05,22.1781063079834,22.232845792339926,21.694586376738027,21.80406186528805,3979500
2023-10-06,22.050382614135742,22.2237208209887,21.493876746918108,21.95002864068171,6454200
2023-10-09,22.205476760864258,22.29670749763019,21.767571312485654,21.88617005222427,3596900
2023-10-10,22.798473358154297,23.02654932421036,22.442675407932928,22.442675407932928,5157600
2023-10-11,22.798473358154297,23.218134040539848,22.65250487908494,22.86233435023695,3358300
2023-10-12,22.35144805908203,22.880584310877435,22.17810981140094,22.853214564375644,5517700
2023-10-13,22.141616821289062,22.716367532138992,22.050386080179738,22.588645538634932,5178900
2023-10-16,22.524782180786133,22.625134419413758,22.105121511705647,22.479165944972234,4784100
2023-10-17,23.090408325195312,23.245500038343057,22.324073006121903,22.324073006121903,5028000
2023-10-18,22.479169845581055,22.980938086112424,22.40618559569599,22.834969586342297,5349700
2023-10-19,22.73461151123047,23.345855146880684,22.360567080169442,22.579519790540665,9930100
2023-10-20,21.24755859375,22.7893509266312,21.183695859299338,22.71636668448346,11661000
2023-10-23,21.001235961914062,21.54861864383901,20.973866218789265,21.192818943542928,6052500
2023-10-24,20.96474266052246,21.466510836554775,20.83702067466188,21.147204131821766,6391800
2023-10-25,21.01036262512207,21.083346878571135,20.517717609279476,20.800531373884375,5967700
2023-10-26,21.521249771118164,21.731079256649892,21.05597455966848,21.074221055822974,5424000
2023-10-27,20.88263511657715,21.566863021996653,20.76403637860698,21.566863021996653,4228700
2023-10-30,21.329662322998047,21.384401804484476,20.91912665233838,21.119832864211013,3576000
2023-10-31,21.630725860595703,21.74020310044085,21.138082631496776,21.338788874450902,4335300
2023-11-01,21.57598876953125,21.74020376427239,21.32054476889548,21.57598876953125,4281400
2023-11-02,22.85321044921875,22.880580190792095,21.913538609593097,21.950029858276082,5017800
2023-11-03,24.13956069946289,24.331145426009318,23.400595017256087,23.53744025617118,9013900
2023-11-06,23.829378128051758,24.27640682075743,23.56480916742591,24.130438339060948,5087200
2023-11-07,23.86587142944336,23.975348670164863,23.555687944161097,23.71077968680223,4517200
2023-11-08,23.25462532043457,23.938853219490408,23.154271338413626,23.938853219490408,6622500
2023-11-09,22.643383026123047,23.519195694557546,22.60689177414916,23.373227206498736,4971800
2023-11-10,22.862333297729492,22.9079495328896,22.47916562279184,22.707241578348025,3917900
2023-11-13,22.907955169677734,22.962692925257322,22.533910649733784,22.6798791580006,3413800
2023-11-14,24.340267181396484,24.686941881395317,23.674285783454657,23.692530538131376,5776500
2023-11-15,24.915019989013672,25.015373978735667,24.29465303451709,24.29465303451709,5320100
2023-11-16,24.750802993774414,25.033618443662863,24.54097352327513,24.91501796723699,3411200
2023-11-17,25.143095016479492,25.21607925893342,24.732559305206752,25.042742770656343,4667700
2023-11-20,25.24344825744629,25.307309250198728,24.851157313302398,25.088356529298274,3803200
2023-11-21,24.960634231567383,25.216078199381858,24.86940349731299,24.978878986353042,3425400
2023-11-22,24.805543899536133,25.133972125196877,24.66869866050402,25.079234377600358,2256600
2023-11-24,24.860279083251953,25.01537080218192,24.6778176233056,24.878525577262877,1000800
2023-11-27,24.805543899536133,24.805543899536133,24.55922142522936,24.714313160154184,2735700
2023-11-28,25.024494171142578,25.06098541926082,24.53184927093542,24.769048473989077,3930200
2023-11-29,25.91855239868164,26.05539762900688,25.225201259608042,25.252571001705697,5331300
2023-11-30,26.411197662353516,26.60278063930531,25.809077248959976,26.018906720882857,7949000
2023-12-01,27.898252487182617,27.962113480155278,26.24698295714638,26.411197933408395,8986900
2023-12-04,27.97123908996582,28.126330831746493,27.460349362957235,27.642809109705166,6002800
2023-12-05,27.469470977783203,27.907376432035402,27.387363487600716,27.85263868527428,5290400
2023-12-06,27.60631561279297,28.4182655090252,27.54245461961716,27.816145087536782,5015800
2023-12-07,28.108081817626953,28.171942810273286,27.55157763879352,27.734037369199967,4949100
2023-12-08,28.50949478149414,28.746693986885948,28.025973123570672,28.272295576102334,5397300
2023-12-11,28.181068420410156,28.527744895385194,28.135453919004767,28.372653154492507,5505900
2023-12-12,27.852636337280273,28.290541754616783,27.8252665961662,28.171941283203907,5637000
2023-12-13,29.51302719116211,29.576888180162552,27.79789677483605,27.87088101084819,6495500
2023-12-14,32.05835723876953,32.06748222630501,30.28848899466023,30.324981984476025,13105600
2023-12-15,31.958003997802734,32.24994096277152,31.419744566110957,31.99449698846462,17104200
2023-12-18,31.976253509521484,32.25906899358495,31.675195008569315,32.16783650832409,7848700
2023-12-19,32.04011154174805,32.47801698995344,31.885021551413345,32.14959051392175,7580600
2023-12-20,31.027456283569336,32.231700717768696,31.009213266833633,32.231700717768696,7053100
2023-12-21,31.383258819580078,31.66607083072103,31.109564836953467,31.273779834464012,4789800
2023-12-22,31.447114944458008,31.94888136786095,31.32851446905487,31.583958434388073,3450600
2023-12-26,31.89413833618164,31.97624581307201,31.319389478111688,31.53834042971092,2683000
2023-12-27,31.994503021240234,32.085732034933635,31.583965499292333,31.793795014918196,3142000
2023-12-28,32.068214416503906,32.123505708060364,31.883913626560886,31.948418375754162,3929000
2023-12-29,31.782548904418945,32.22486865457278,31.71804064531275,32.02213745086877,4063100
2024-01-02,32.04978561401367,32.3446654868034,31.45081241032938,31.607465804829076,4284400
2024-01-03,31.312583923339844,31.764120676908593,31.155930538889447,31.616680749971984,5225200
2024-01-04,31.718046188354492,31.939207859704045,31.2388690117139,31.321804199064292,6156800
2024-01-05,32.62111282348633,32.796196619277985,31.51531173340726,31.607460359561866,6755100
2024-01-08,32.842281341552734,32.888355669233064,32.16037285529373,32.44603579605931,4698900
2024-01-09,32.538185119628906,32.68562506445274,32.206444364963886,32.28937955363014,4248200
2024-01-10,32.584259033203125,32.62111989775658,32.17879655360617,32.49210687181949,3747900
2024-01-11,32.11429214477539,32.786990626775065,31.61668452891663,32.67640803192151,6155900
2024-01-12,31.66275978088379,32.34466822624752,31.413954208036266,32.022144436581655,5553900
2024-01-16,30.971633911132812,31.284944237358697,30.814976990397064,31.17436515611592,7426100
2024-01-17,31.13750648498535,31.432386399244358,30.446381026832206,30.63989531145608,7262600
2024-01-18,30.630680084228516,31.257297229429764,30.2620784550554,31.257297229429764,9704200
2024-01-19,31.5245361328125,31.616688306199993,30.649109819484206,31.54296656749,8770100
2024-01-22,31.847061157226562,32.086649760166935,31.487672979947416,31.515320387581642,7660100
2024-01-23,31.423166275024414,32.105078205428356,31.413952816547358,32.012929559675754,5993500
2024-01-24,31.976064682006836,32.20643978271979,31.533744910467377,31.90234296246106,5182700
2024-01-25,32.160369873046875,32.4091719224983,31.616684420245086,32.30780981709928,4770800
2024-01-26,32.123504638671875,32.47367577638193,32.07743032153123,32.270944562668994,4424200
2024-01-29,32.740909576416016,32.77777043775153,31.966849064596317,31.99449646822056,4684400
2024-01-30,32.593475341796875,32.9252161212954,32.57504490790853,32.91600266197414,4960100
2024-01-31,31.552181243896484,32.418390519160276,31.469246051512506,31.67197378770445,7499100
2024-02-01,31.12828826904297,31.73647850735523,30.206787694918585,31.607468989417132,6436600
2024-02-02,31.19278907775879,31.395520303270914,30.455589414867358,30.732038849045985,6420400
2024-02-05,30.695180892944336,30.925556002727102,30.409514491325428,30.75046866953527,4925200
2024-02-06,30.84262466430664,30.9900646123227,30.5846021188443,30.750472499768073,5680400
2024-02-07,30.741260528564453,30.98084913746758,29.98563031901006,30.98084913746758,5601300
2024-02-08,30.76889991760254,30.953200713374223,30.32658011689768,30.612246526106055,3268000
2024-02-09,31.00849151611328,31.091426697136207,30.4279452489528,30.805760292447186,4090900
2024-02-12,31.432384490966797,31.865490876660648,31.036138971128945,31.05456940405694,4582300
2024-02-13,30.24364471435547,30.83340444433451,29.755250597075065,30.695181484946136,7362600
2024-02-14,30.879478454589844,30.95320017772086,30.446375634553444,30.63067642713575,7381900
2024-02-15,31.238866806030273,31.579820989843455,30.897909106971827,30.971630830631575,4477200
2024-02-16,31.266511917114258,31.46002617641846,30.74125691886263,30.870266425065427,3847000
2024-02-20,31.146717071533203,31.331017879757354,30.824193293575092,30.999277128002987,3340700
2024-02-21,30.861051559448242,31.109853587066766,30.575385154994606,31.045348836907113,4298500
2024-02-22,30.778120040893555,31.294158103576017,30.584602252141977,30.907129556564172,6993500
2024-02-23,30.888694763183594,31.146713758101658,30.621458795449794,30.842620444840392,3223500
2024-02-26,30.658321380615234,31.128285078541506,30.43715971878529,30.787330885330473,3203300
2024-02-27,31.303369522094727,31.31258297933075,30.704392859647267,30.704392859647267,3680900
2024-02-28,30.943992614746094,31.469247688756735,30.925562180452363,31.10064603337394,3445000
2024-02-29,31.644323348999023,31.791763269930932,31.25729135952464,31.25729135952464,5614300
2024-03-01,31.671972274780273,31.69961968108474,30.851837364407412,31.40473979230451,4668800
2024-03-04,32.69483947753906,33.02658024188853,31.89313497385828,32.06821881493354,7090300
2024-03-05,33.496543884277344,33.78221032280612,32.61190419206943,32.65797851693004,4939300
2024-03-06,33.21087646484375,33.48732589182677,32.676404526130746,33.4412515732038,5673900
2024-03-07,33.52418518066406,33.76377373541483,33.33066742713054,33.40438914566617,3872100
2024-03-08,33.51497268676758,34.04944467183633,33.50575922834196,33.86514386611451,4369000
2024-03-11,33.837501525878906,34.07709012362235,33.36753427399412,33.58869595404207,5796500
2024-03-12,33.80984878540039,34.123159065484224,33.66240886037536,33.79141835536662,6602500
2024-03-13,33.38597106933594,34.03102228422113,33.303035862918605,33.819077537876026,5742400
2024-03-14,32.63955307006836,33.37675644143836,32.381533999236574,33.08187649898884,5019100
2024-03-15,32.47367858886719,32.998933583301095,32.32623865210057,32.344665568356696,24536200
2024-03-18,32.96207046508789,32.96207046508789,32.178792998468914,32.344663355388455,3911800
2024-03-19,32.64876174926758,32.99893291016223,32.49210484232314,32.59347045589096,4609200
2024-03-20,33.73613739013672,33.920438212430334,32.446035149327216,32.58426164485888,5453800
2024-03-21,34.104732513427734,34.4272598028249,33.82828306197695,33.86514392623585,5541000
2024-03-22,33.51497268676758,34.4180427680345,33.44125447362614,34.261389368080515,4399200
2024-03-25,33.40439224243164,33.94807766367689,33.33067051706161,33.524188288535264,3602200
2024-03-26,33.201663970947266,33.63477035796959,33.201663970947266,33.56104862603147,5049400
2024-03-27,34.18803787231445,34.20664554676304,33.31332808465268,33.49943677669102,4595400
2024-03-28,34.62538528442383,34.81149395532802,34.09497787966986,34.188033989985776,5183900
2024-04-01,34.15081787109375,34.45789421769222,33.946097940209235,34.40206409088976,3809400
2024-04-02,33.4808235168457,33.89025977465346,33.40638217439331,33.88095593799485,3491900
2024-04-03,33.350547790527344,33.797206484852936,33.173746499980055,33.49013018550998,3226600
2024-04-04,32.829444885253906,33.936789582396855,32.75500354285577,33.657624786652285,4039700
2024-04-05,32.84805679321289,33.08069176136557,32.559591704529424,32.77361544926254,2888300
2024-04-08,33.657615661621094,33.90886177983831,33.0248519987402,33.080682102970556,3783900
2024-04-09,33.86235046386719,33.92748798071957,33.471525362752885,33.769297882571905,2842700
2024-04-10,32.373477935791016,33.20165772439205,32.1966731159364,33.20165772439205,5251100
2024-04-11,32.43861770629883,32.61541898881815,31.573215416048146,32.46653276413672,5190100
2024-04-12,32.13154602050781,32.28043228295039,31.852384722144034,32.05710466415077,3340000
2024-04-15,32.21529006958008,32.98763988386858,31.964043872753507,32.60611867010852,5686900
2024-04-16,31.72210693359375,32.03849065754667,31.47086072194924,31.898908245612542,6124900
2024-04-17,31.731409072875977,32.2711239170916,31.573218994230153,32.122237675536944,5484600
2024-04-18,31.843074798583984,32.25251105462631,31.62905105908042,31.796544966308055,6035700
2024-04-19,33.73207092285156,34.19734086661503,32.54098100273003,33.89026099986172,13812500
2024-04-22,34.011234283447266,34.29039555703153,33.601797985505556,34.011234283447266,5507600
2024-04-23,34.485809326171875,34.569558057592836,33.908872043170575,34.09498072963139,4293000
2024-04-24,34.64399719238281,34.69052347359809,33.99261860618572,34.03914843712872,3634100
2024-04-25,34.26247787475586,34.653306467672174,33.87165283156745,34.39275288915199,2832200
2024-04-26,34.33692169189453,34.60677554908463,34.15081301299502,34.225254354718146,2474500
2024-04-29,34.42997360229492,34.58816366903075,34.22525370442246,34.271783535559095,3509200
2024-04-30,33.927486419677734,34.3462301156965,33.89957135651924,34.178732637288995,3314800
2024-05-01,34.52302551269531,35.05343292013419,34.0856742160434,34.271782887889664,4044200
2024-05-02,34.327613830566406,34.89524369597741,34.1601163768475,34.867328636933514,5324700
2024-05-03,34.95107650756836,35.146489015544,34.69052294720652,34.80219028010202,4006900
2024-05-06,35.36051559448242,35.44426432603742,35.03482805495074,35.248851802318406,3115500
2024-05-07,35.388427734375,35.62106268619125,35.29537517353956,35.583843791693674,4592800
2024-05-08,35.80717468261719,35.83508974351446,34.96038352136276,34.96038352136276,3048400
2024-05-09,35.96536636352539,36.02119648229774,35.52801150126041,35.77925768491937,2625100
2024-05-10,36.086334228515625,36.32827657723869,36.02119672302737,36.086334228515625,3048700
2024-05-13,35.5466194152832,36.40271428756351,35.50009313739449,36.291050510685096,3995900
2024-05-14,35.797874450683594,36.03981328552369,35.555932066115155,35.84440074010727,3302300
2024-05-15,36.27244186401367,36.42132809366122,35.99328062714048,36.151470693135124,3578700
2024-05-16,35.91884231567383,36.29105973282492,35.835093574301254,36.160784701740546,2990100
2024-05-17,35.88161849975586,36.077031019620684,35.75133993678476,36.077031019620684,2762600
2024-05-20,35.13718032836914,35.93744510251237,35.09065404958286,35.825781323479774,2153800
2024-05-21,35.39773178100586,35.52800677377688,35.06273691403619,35.06273691403619,2926800
2024-05-22,34.9789924621582,35.369817488123175,34.85802128995239,35.16510113869151,1828800
2024-05-23,34.26247787475586,35.04413151086058,34.057757966574556,35.04413151086058,2549200
2024-05-24,34.66261291503906,34.66261291503906,34.36484041692839,34.42067409147221,1852100
2024-05-28,34.1322021484375,34.96038205102,34.04845341953995,34.792884593224905,3331500
2024-05-29,33.74137496948242,33.7692935800967,33.1737486163358,33.48082493526902,2960700
2024-05-30,34.19734191894531,34.26247942909839,33.620408164848875,34.020540612776685,4019700
2024-05-31,34.820796966552734,34.923156910611404,34.2903895743647,34.634691849785234,6721100
2024-06-03,34.2903938293457,35.16510360549409,33.75068253423934,35.16510360549409,2991000
2024-06-04,33.657615661621094,34.45788028637367,33.63900799336222,33.81580923963647,2736700
2024-06-05,33.8530387878418,33.97400640557308,33.583181394944106,33.927480125697386,2147400
2024-06-06,33.6017951965332,34.07636896726368,33.58318397320857,33.834430163499256,3172300
2024-06-07,33.62041091918945,33.759989788211826,33.173752148806805,33.22958227652441,3722800
2024-06-10,33.14582443237305,33.53665296770475,32.69916578465638,33.26679559208612,6917700
2024-06-11,32.829444885253906,33.14582857733363,32.36417495865007,32.689866037109454,6747600
2024-06-12,33.545963287353516,34.19734193899426,33.35055075677972,33.545963287353516,6101900
2024-06-13,33.13652420043945,33.39707421917681,32.81083312728998,33.25749537330799,5479700
2024-06-14,32.773616790771484,33.09000050239865,32.54098181309645,32.68986805681935,5246600
2024-06-17,33.17375183105469,33.21097073260047,32.56889942189951,32.7643119664961,3445200
2024-06-18,33.4808235168457,33.49013090323215,33.0620798726515,33.145828601490344,3356300
2024-06-20,33.42498779296875,33.63901506996605,33.26679773140197,33.35985029117918,3258100
2024-06-21,33.55527114868164,33.61110127264729,33.034167510057486,33.3598550656175,6420800
2024-06-24,34.09497833251953,34.42066939835961,33.52734847609994,33.6855420908743,3493300
2024-06-25,33.415687561035156,34.20664505363548,33.406383723944984,34.001928690099774,3429400
2024-06-26,33.434295654296875,33.52734821539751,33.145827035320636,33.19235331587095,4340900
2024-06-27,33.3598518371582,33.51804545578369,32.894581917255145,33.108609204171,3677400
2024-06-28,34.29017639160156,34.53450053237449,33.613580948344904,33.63237566451598,8438700
2024-07-01,34.083431243896484,34.609672436677236,33.98945768194018,34.2901694954755,4369500
2024-07-02,34.75062942504883,34.797614416399135,33.904888826568175,33.99885880926878,4228000
2024-07-03,34.562686920166016,35.098323724153325,34.47811249928775,34.85399961090786,2439800
2024-07-05,33.83910369873047,34.600273422265786,33.72633900867056,34.51569900853964,5028400
2024-07-08,34.04585266113281,34.30897154895188,33.72634961818424,33.99886765755455,2840900
2024-07-09,34.02704620361328,34.318358860858844,33.049742693555366,33.95187094076831,8486700
2024-07-10,34.62846755981445,34.66605698893409,33.95187575928741,34.06464046192104,4228100
2024-07-11,35.953468322753906,36.11322162128604,34.938578720736075,35.17350730084607,5755200
2024-07-12,36.16020202636719,36.32935086933481,35.577580225437146,35.88768404772766,3626300
2024-07-15,36.79920959472656,37.14690286074562,36.423322463817875,36.61126602927222,6105700
2024-07-16,37.79530715942383,37.85168771852483,36.771018513960726,36.93076821104727,4003900
2024-07-17,38.528282165527344,38.53767773023986,37.40062440959126,37.40062440959126,5029100
2024-07-18,37.80470275878906,38.913565828638625,37.579173352729136,38.020836599898686,7153100
2024-07-19,38.518882751464844,38.71622185323332,37.59795977376227,38.387319765561024,7149200
2024-07-22,38.39672088623047,38.52828029416675,37.738920261824084,38.51888472991059,6724500
2024-07-23,38.772605895996094,39.08271329931518,38.17118938804712,38.274558522486814,4148100
2024-07-24,38.509483337402344,39.32703359960876,38.47189391311762,38.753811010528274,5007800
2024-07-25,39.30824661254883,39.72171956905775,38.462502400683796,38.74441594306375,4514100
2024-07-26,39.72171401977539,39.759303442768044,39.33643139591244,39.39281194567673,2970100
2024-07-29,39.45859909057617,39.96604201174791,39.383420237232194,39.84388175215149,3363400
2024-07-30,39.71232223510742,40.12579879524385,39.618352244926605,39.71232223510742,4586900
2024-07-31,39.78749465942383,40.32313140321126,39.55256613724601,39.64653611222723,4701500
2024-08-01,38.274559020996094,39.806294174127345,38.03963047047337,39.73111531729198,5610200
2024-08-02,37.16569519042969,37.42881759906843,36.33874570634029,37.2972546023865,7435300
2024-08-05,36.864994049072266,37.043538487631785,35.3990383515454,36.27297299635794,6795400
2024-08-06,36.99654769897461,37.73892279032547,36.648854442601206,36.78981300896285,4597700
2024-08-07,36.66765213012695,38.0584288531106,36.54548826835678,37.55098227473499,3994100
2024-08-08,37.269065856933594,37.494598847225255,36.93076816385874,37.05293201629694,2837300
2024-08-09,37.259674072265625,37.419423785355804,37.02474549320903,37.17509964041623,2903000
2024-08-12,36.57367706298828,38.06782287097169,36.43272207565423,37.64495432424416,4133300
2024-08-13,37.04352951049805,37.09991364914387,36.31055363172699,36.78041069960073,2725900
2024-08-14,37.3160514831543,37.52278976236329,36.99654849925191,37.02474236396925,2905000
2024-08-15,37.57917404174805,38.293355286999436,37.50399518186614,37.9926470169225,3922100
2024-08-16,38.22757339477539,38.25576367325922,37.485198327083495,37.57917189657147,4039300
2024-08-19,38.59406280517578,38.688032793472075,38.23697039714439,38.265164261413496,2935800
2024-08-20,38.189979553222656,38.56586661828163,38.15239012977182,38.528277194830785,3219500
2024-08-21,38.22757339477539,38.434311662923804,37.92686514186414,38.40611779971484,2796000
2024-08-22,38.528282165527344,38.782005429467354,38.152395051973585,38.22757390857441,3305900
2024-08-23,39.58075714111328,39.91905479283025,38.77260243639493,38.79139714868197,4097700
2024-08-26,39.4116096496582,39.890865867392236,39.25185996689683,39.778101174576854,3100800
2024-08-27,39.19547653198242,39.580759192018256,39.06391712388117,39.31764037581574,2651100
2024-08-28,39.65593719482422,40.07880927231531,39.035726009412265,39.035726009412265,2826200
2024-08-29,39.646541595458984,39.91905957920922,39.12969949213198,39.77810459724291,2355000
2024-08-30,40.116397857666016,40.172782000097044,39.580761051109405,39.78749932196465,3351700
2024-09-03,39.92845916748047,40.20097356949918,39.599557036495355,39.9472502975022,2919000
2024-09-04,39.561973571777344,40.078819343432535,39.29885469509895,39.909670469931896,3610700
2024-09-05,39.18608474731445,39.909665146387596,39.035730611450255,39.88147128141437,2815900
2024-09-06,38.236968994140625,39.54317472577305,38.152394573887086,39.23306732326837,3184800
2024-09-09,39.09210968017578,39.28945238855623,38.293354036014044,38.481297594853636,3701100
2024-09-10,38.50008773803711,39.17667945091158,37.56037364013803,39.11089975083663,5445700
2024-09-11,38.64104080200195,38.71621964680542,37.17508917558051,37.86108000315137,5072200
2024-09-12,38.68803024291992,38.951152645308376,38.20877759864368,38.72561966965042,3986200
2024-09-13,39.533775329589844,39.75930831043267,39.0169332467012,39.0921085171654,3884400
2024-09-16,39.82508850097656,39.91905848638157,39.38342168317765,39.5525705246868,3036900
2024-09-17,39.94724655151367,40.41710362195348,39.76870215524753,40.06941039355101,2795300
2024-09-18,40.050621032714844,40.75540673255831,39.65594276147072,39.73111803873012,3965700
2024-09-19,41.00912857055664,41.20646769922952,40.219768471139794,40.68962558782303,3564900
2024-09-20,40.633235931396484,41.03730966333593,40.454687972804564,41.03730966333593,9004800
2024-09-23,40.257354736328125,41.00912534698235,40.257354736328125,40.7835959561486,4121300
2024-09-24,40.23855972290039,40.64263709524966,39.93785148088117,40.36072356644726,2915300
2024-09-25,39.561973571777344,40.23856906577989,39.514988570188464,40.23856906577989,3813500
2024-09-26,40.32313919067383,40.548672192799806,39.73111819672792,40.03182647641225,5199700
2024-09-27,40.351322174072266,40.830578372643735,40.20096806142186,40.68022425999333,4417400
2024-09-30,40.60725402832031,40.730479667398406,40.20914181586874,40.4461122516979,3439800
2024-10-01,39.6783332824707,40.52194751774937,39.30865995383238,40.52194751774937,3160800
2024-10-02,39.792076110839844,40.34184927085463,39.52667037338828,39.7162474498031,3152600
2024-10-03,39.5645866394043,39.867908516293134,39.22334862393386,39.58354109281311,3277400
2024-10-04,39.905826568603516,40.58830269411273,39.58354657776667,40.24706463135812,3368900
2024-10-07,39.96269607543945,40.284976028301145,39.62145805289389,39.71624840131325,3222300
2024-10-08,39.80155944824219,40.21862614979184,39.76364330740616,39.96269762297198,2917400
2024-10-09,40.408199310302734,40.7209984020895,39.65937187304924,39.8394681006912,3901200
2024-10-10,40.44611358642578,40.6925648727149,40.19018868926079,40.19018868926079,2938500
2024-10-11,41.555137634277344,41.64992436650491,40.71152342345302,40.758916789566804,4266200
2024-10-14,42.0101203918457,42.114387966662164,41.213899548380596,41.460350837198064,2856000
2024-10-15,42.32292556762695,43.19497512408795,41.90585524420451,42.370318936411614,5339800
2024-10-16,42.63572692871094,43.05279365810823,42.493546814905756,42.62624970081024,3661600
2024-10-17,43.00539779663086,43.1949748866095,42.55989579344563,42.84425962047247,6449900
2024-10-18,42.34187698364258,43.32767489349671,41.24233427369204,43.32767489349671,8966600
2024-10-21,41.1096305847168,42.52197598662885,41.062237220278284,42.37979227743138,4352900
2024-10-22,41.384517669677734,41.63096533731819,40.90109956104831,41.45086910388409,4651700
2024-10-23,41.58357620239258,41.839504738600866,41.23286092649929,41.25181899761276,6210400
2024-10-24,41.763671875,41.88689390103676,41.37504049591658,41.5835720254537,2847400
2024-10-25,40.96745300292969,42.2091758604,40.92005601970355,42.2091758604,6405800
2024-10-28,41.75419616699219,41.88689905189308,41.21390378367717,41.43191618256898,4101000
2024-10-29,41.716278076171875,41.97220660619529,41.5835751974669,41.7352361468272,5488300
2024-10-30,41.78262710571289,42.50301560731268,41.46982440883445,41.46982440883445,2998200
2024-10-31,41.40347671508789,42.23761369948357,41.37504141858099,41.83950146897665,4652900
2024-11-01,40.89162063598633,41.82054437431591,40.81579197157276,41.38451961026201,5777900
2024-11-04,40.597782135009766,40.93901657008929,40.37976612343116,40.882145972183885,4038300
2024-11-05,40.910579681396484,41.1854662801987,40.626215855272434,40.683086450967906,3604000
2024-11-06,44.427215576171875,44.45565448680977,42.72102918905352,43.0812252581182,11671000
2024-11-07,43.53621292114258,44.247124296581376,43.32767776059821,44.00067299486854,4608500
2024-11-08,43.8490104675293,44.285038843505404,43.50777605694406,43.57412749365914,3674700
2024-11-11,44.740020751953125,45.10021684090296,44.33243129716616,44.55044367272258,2731900
2024-11-12,44.71158218383789,44.948552630729246,44.44617644040183,44.588360154889465,2846100
2024-11-13,44.740020751953125,45.593112184667525,44.67366931660474,45.024384562857925,2469200
2024-11-14,44.796897888183594,45.14761680154908,44.474617891180145,44.84429487682613,2990500
2024-11-15,44.54096221923828,45.270827938810655,44.294510954860705,45.03385751623005,3522700
2024-11-18,44.37982177734375,44.81584650010544,44.237638073195384,44.626273049083345,4703500
2024-11-19,44.01962661743164,44.37982269037118,43.67839222904258,43.67839222904258,2891700
2024-11-20,43.89640808105469,44.27555863689216,43.744747135543264,44.038588183537925,3334400
2024-11-21,44.664188385009766,45.08125868166325,43.830055023466855,43.830055023466855,3512600
2024-11-22,45.403541564941406,45.56467974205613,44.569404533614254,44.57888176102242,3842700
2024-11-25,45.9153938293457,46.512560385404804,45.83956516438385,45.88695853197028,6146300
2024-11-26,45.73529815673828,46.11445233392423,45.58363720904035,45.87748187715356,5109800
2024-11-27,45.649986267089844,46.3324623040816,45.555199535677446,46.123927155915894,2931900
2024-11-29,45.55520248413086,45.972269191573915,45.14761300408962,45.92487582280029,2029800
2024-12-02,45.090736389160156,45.67842208557648,45.052820249808896,45.48884862058429,3078300
2024-12-03,44.59783935546875,45.270834586612125,44.44617840738176,45.13813170902129,2905600
2024-12-04,44.41773986816406,44.81584847188433,44.152334132350546,44.67366837736222,2848800
2024-12-05,44.853763580322266,45.36562058696697,44.53148364456988,44.76845407921481,3846400
2024-12-06,44.74949264526367,45.204475411660276,44.427212733747545,45.00542112933956,3197200
2024-12-09,44.10493850708008,44.815849849184566,43.99119370479034,44.73054034349675,3899100
2024-12-10,43.972232818603516,44.55044125168779,43.73526238641369,44.313470819497965,4249100
2024-12-11,43.431949615478516,44.37983154268823,43.05279539824159,44.17129636161967,7098500
2024-12-12,43.15705871582031,43.73526721271136,43.14758148847489,43.47933868379817,4016400
2024-12-13,43.17601013183594,43.22340349302295,42.67363399466656,43.128616770648925,4202500
2024-12-16,43.23289108276367,43.50777768278818,42.96748532598538,43.36559396115282,3903900
2024-12-17,42.70207214355469,43.20445193019829,42.3797922036988,43.052787378847825,5263900
2024-12-18,40.37028121948242,42.8821691379728,40.284971722963235,42.796859641453615,5067700
2024-12-19,40.0574836730957,41.280252074998,39.91530357121911,40.901101520778276,5549600
2024-12-20,40.69256591796875,40.88214300093412,39.73520327614057,39.877386992335126,11112500
2024-12-23,40.65464782714844,40.787350694091046,40.25653922632062,40.40820016223816,4856800
2024-12-24,40.79683303833008,40.806310265225456,40.417678876637865,40.68308462029317,1882000
2024-12-26,40.995887756347656,41.09067448977828,40.47455349071503,40.64517250359583,3621700
2024-12-27,40.66413497924805,41.25182074513183,40.43664173213167,40.7020475071987,2640800
2024-12-30,40.49351119995117,40.71152357760571,40.000612235560965,40.465072287469575,4104000
2024-12-31,40.42657470703125,40.914219930691054,40.32139618241942,40.761233980566416,3028400
2025-01-02,40.32139587402344,40.85684851910067,40.12060249992175,40.703862570146136,2855900
2025-01-03,40.53175735473633,40.6273758629615,39.89112976325681,40.52219732765038,4879100
2025-01-06,41.05764389038086,41.612220261987915,40.56043862022475,40.66561714914836,5321000
2025-01-07,40.98115539550781,41.55485185735727,40.62737603228309,41.287127328157275,3781900
2025-01-08,40.56044006347656,40.780360803127444,40.19710068377738,40.57000373779515,5507800
2025-01-10,39.31742858886719,40.05367466858299,39.21225005641164,40.00586723950493,6444200
2025-01-13,39.900691986083984,39.958063094176225,39.12619844046872,39.25050068426525,5826400
2025-01-14,41.00983428955078,41.08632908743145,40.16840975022697,40.30227564651815,6403800
2025-01-15,42.07117462158203,42.58750354914942,41.879941280171224,42.138105743954924,4470500
2025-01-16,41.37317657470703,41.92774925993634,41.04808098423721,41.69827216517685,5128200
2025-01-17,42.396278381347656,42.4536494890733,41.2966891918494,41.660032245831836,9305400
2025-01-21,42.89348220825195,43.3237563824879,42.004250130655386,42.97953704309914,7592500
2025-01-22,42.00424575805664,42.4345198875015,41.18194489900043,42.34846506161253,5967800
2025-01-23,41.92775344848633,42.501453537642554,41.77476748753927,42.405835032380004,5846900
2025-01-24,42.2432861328125,42.51101063414733,41.49748008053815,41.49748008053815,4136200
2025-01-27,42.98909378051758,43.00821748096162,42.310218828382226,42.577943339652975,4463500
2025-01-28,42.81698226928711,43.11339414212067,42.56838146922906,42.94128449305251,4434100
2025-01-29,42.233726501464844,43.42893049320845,42.05205680781014,42.83611033459609,4134000
2025-01-30,42.53969955444336,42.81698409199243,42.109425413456314,42.5588196074002,2751100
2025-01-31,42.367591857910156,42.73093124046417,42.23372594870949,42.56838525050155,3428200
2025-02-03,41.660030364990234,41.92775489400954,41.038522825511826,41.57397553102358,4130100
2025-02-04,41.94688034057617,42.22416855572226,41.49748609781087,41.49748609781087,2818500
2025-02-05,42.05205154418945,42.291092312617636,41.68870855488627,42.22416118925556,3440700
2025-02-06,42.358028411865234,42.39627581470018,41.96600165148972,42.367592086310516,3558100
2025-02-07,42.10942840576172,42.377152935856934,41.79389279745822,42.36759290869917,3146300
2025-02-10,41.4305534362793,42.348469237970264,41.38274235803595,42.348469237970264,4062400
2025-02-11,42.07117462158203,42.09985834617824,41.153258959777304,41.43054712244934,3676100
2025-02-12,41.52616500854492,41.7173983639513,41.210629425003475,41.6409035627996,4406400
2025-02-13,41.66958999633789,41.82257594771498,41.31580702020673,41.49748034510457,3913400
2025-02-14,42.12854766845703,42.55881814720861,41.83213579317519,41.95643801796729,4676800
2025-02-18,42.51101303100586,42.568384133443494,41.889509168226496,42.176357385468734,4692000
2025-02-19,42.40583801269531,42.501456524678005,41.9851275023913,42.21460828367648,2953300
2025-02-20,41.69827651977539,42.434522600005025,41.34449716738322,42.396275197726666,3464800
2025-02-21,41.00027847290039,42.004249089585535,40.88553626429922,41.94687798528495,4726700
2025-02-24,41.1054573059082,41.52616779808536,40.79948172822022,41.23931956944307,3860400
2025-02-25,41.124576568603516,41.660029259911795,40.84729201982015,41.31580993317598,4727900
2025-02-26,40.95246887207031,41.612220122923226,40.80904294265872,41.162822281741626,3870200
2025-02-27,41.09589385986328,41.66959396781054,40.96203159558419,41.0576464565055,2684100
2025-02-28,41.564414978027344,41.612222407965476,40.93334741941392,41.354057909331836,5233700
2025-03-03,41.16282272338867,42.36759033044815,40.77079597926013,41.784330227543336,4698500
2025-03-04,39.80506896972656,40.962025389975835,39.04013925582095,40.789915748413,7122800
2025-03-05,38.67679977416992,39.83375629912394,37.978801119095024,39.68077034249757,8400400
2025-03-06,38.1126594543457,38.43775503466646,37.67282533022719,38.36126024048626,4907300
2025-03-07,38.303897857666016,38.49512757345982,37.19474872768606,37.997925935428306,5773200
2025-03-10,37.55809020996094,38.24652889730384,37.14693973251706,37.69195247750579,6958300
2025-03-11,36.55411911010742,37.81625425652828,36.51587170628299,37.71107571974768,5530700
2025-03-12,36.840965270996094,37.2329920194563,36.26726883580121,37.013074931049154,4786000
2025-03-13,35.836997985839844,37.11825688007226,35.80831425568056,36.9270235015726,5279200
2025-03-14,36.86008834838867,36.88877572289429,36.076034864729586,36.28639192289717,4398000
2025-03-17,37.280799865722656,37.39553841332747,36.48718276339711,36.61148498432804,5853500
2025-03-18,37.185184478759766,37.452908994712146,36.89833626202894,37.28080298265202,3383100
2025-03-19,37.73019790649414,38.0839809064532,37.09913035862606,37.21386891801852,3612600
2025-03-20,37.70151138305664,38.19871663352169,37.366855756528615,37.481594307413545,3574600
2025-03-21,37.74932098388672,37.84493948802801,37.13737714727436,37.433789038902894,21005300
2025-03-24,38.48556900024414,38.619431265344936,37.93099259057152,38.23696817183883,3125300
2025-03-25,38.40907287597656,38.715048446751695,38.29433431660654,38.56206248510065,2521600
2025-03-26,38.40907287597656,39.04970409802803,38.26565058863229,38.54293878396014,2936500
2025-03-27,38.026611328125,38.71505000703652,37.9023090894386,38.39951439671101,3003900
2025-03-28,37.10869598388672,38.29433633737972,36.90789893505192,37.997928072743086,2737300
2025-03-31,37.842369079589844,37.96786776082989,36.66462072313966,36.838386994831694,4496000
2025-04-01,37.581722259521484,37.93890687255536,37.02180786050173,37.52379893744247,3171600
2025-04-02,38.247825622558594,38.354016543218,37.15696396006827,37.185923781127556,3243600
2025-04-03,34.24155044555664,36.500508170674536,34.12570381574893,36.35570172470534,7037800
2025-04-04,32.58112335205078,33.41133923260495,31.61575673421224,32.909348149419145,9710300
2025-04-07,32.89004135131836,34.27051595040602,31.133074349312515,31.86675138030929,8600400
2025-04-08,32.262550354003906,34.35739781364895,31.760562957235226,33.6912961781594,6591000
2025-04-09,34.579429626464844,35.28414676809453,31.15237910056334,31.876404015158634,8826400
2025-04-10,32.65835189819336,34.17397707520882,31.664021855330812,34.17397707520882,9317900
2025-04-11,32.668006896972656,32.99623169838016,31.741255816262573,32.42666523954306,5836700
2025-04-14,33.40168380737305,33.75887211067416,32.986575863327964,33.05415491516497,6802800
2025-04-15,33.85540771484375,34.33809103405462,33.40168421635946,33.40168421635946,5289400
2025-04-16,33.20861053466797,34.04847839551104,32.87073003524801,33.7202536237614,5988900
2025-04-17,32.96726989746094,33.53683632208227,32.11774628321969,32.17566960325246,11341300
2025-04-21,32.166015625,32.870732818783885,31.654372492579974,32.66800671151347,7173200
2025-04-22,33.449954986572266,33.5078746271462,32.35908967059233,32.4556248599365,5472200
2025-04-23,33.874717712402344,35.013850715097135,33.57545270912431,34.3767088392324,7490000
2025-04-24,34.54081344604492,34.608388808892684,33.59475468359519,33.73956113688673,3563800
2025-04-25,34.05813217163086,34.502203602507905,33.89402161870555,34.280166045778735,3221500
2025-04-28,34.50220489501953,34.56012453583057,34.164324365768955,34.183632140233115,2642100
2025-04-29,34.907657623291016,35.033156317858996,34.28016783303258,34.405666527600566,3618400
2025-04-30,34.695274353027344,34.82077304242053,33.9615973557823,34.502203978676405,3669300
2025-05-01,34.84008026123047,35.16830504801101,34.3187814205941,34.60839066008721,2876000
2025-05-02,35.81509780883789,35.940596492430785,35.21657157433367,35.342070257926565,2677100
2025-05-05,35.98886489868164,36.36535727540405,35.43860624307485,35.61237252195924,3295600
2025-05-06,35.36138153076172,35.83440912848939,35.332418027016075,35.74752598241552,2672400
2025-05-07,35.4386100769043,35.776490625768275,35.28415155480642,35.48687767457582,2532400
2025-05-08,35.96955871582031,36.21090037132324,35.64133391703308,35.7764883374831,3829300
2025-05-09,36.05643844604492,36.26882026120974,35.95025122104358,36.10470971864134,4425100
2025-05-12,37.880985260009766,38.112671171095656,37.48518511953864,37.52379698299885,4780700
2025-05-13,38.06440353393555,38.27678535432582,37.77479430413682,37.99682816973522,3456600
2025-05-14,38.0064811706543,38.24782281531887,37.90029025778889,37.97752135172055,4169400
2025-05-15,38.1223258972168,38.21886107720256,37.919596127117,38.00647926213661,3706000
2025-05-16,38.26713180541992,38.4022825415159,37.85202386879293,38.13198106932395,3128300
2025-05-19,38.14162826538086,38.21885935194799,37.774791651929654,37.890634599199466,3203100
2025-05-20,37.71687316894531,38.16094092585355,37.6396457550654,38.01613814386071,2544200
2025-05-21,36.28812789916992,37.64929455500933,36.25916808178431,37.581719192722204,3976900
2025-05-22,36.210899353027344,36.49085654935753,36.008173251925335,36.23020712683439,4229800
2025-05-23,35.911643981933594,36.08541029224378,35.37103727401503,35.56411136131322,2975000
2025-05-27,36.8190803527832,36.8190803527832,36.075747652736666,36.442587980082756,3783300
2025-05-28,36.51016616821289,36.96388966915418,36.48120634732949,36.770815603908005,3875300
2025-05-29,36.99284744262695,37.00250317077468,36.46189655452217,36.77081356878609,3127200
2025-05-30,36.867347717285156,37.00250212948085,36.48120330161246,36.81908012564872,5721300
2025-06-02,36.76116180419922,36.84804126270504,35.98886558005517,36.683930708752285,4198800
2025-06-03,37.54310607910156,37.62033717390605,36.50051207730998,36.6839304035987,4051900
2025-06-04,37.11834716796875,37.75548898801943,37.108691439551144,37.46587973937483,2192000
2025-06-05,36.973541259765625,37.282458287321255,36.664624232209995,37.166615322633255,5911200
2025-06-06,38.04509735107422,38.112672718098935,37.44657109346331,37.45622313907486,3176100
2025-06-09,38.20921325683594,38.6146654767022,38.15128993289155,38.54709010672449,4117300
2025-06-10,38.40228271484375,38.672587870837084,38.03544605309364,38.35401512067467,5225900
2025-06-11,37.78445053100586,38.585706627459054,37.6589518339242,38.57605089860116,4027200
2025-06-12,37.62998962402344,37.64929739793214,37.079730956660164,37.54310648272495,3129000
2025-06-13,36.66462326049805,37.30176507326823,36.548780298880196,37.195574157376306,3076900
2025-06-16,36.99284744262695,37.18592149718723,36.70323820207719,37.02180726190754,3291800
2025-06-17,36.790122985839844,37.137655563055645,36.56808910208118,36.89631390472039,4078500
2025-06-18,37.436920166015625,37.74583722133743,36.78047050281134,36.7901262322424,5301300
2025-06-20,37.97752380371094,38.045099173973476,37.56241585348024,37.880988612644884,10183600
2025-06-23,38.75947189331055,38.84635503781991,37.736181933820454,37.81340934972796,8297200
2025-06-24,39.184234619140625,39.77310889713963,38.93324089671537,38.93324089671537,7212000
2025-06-25,39.271114349365234,39.396613040938334,38.90427400308,39.20353898065235,5827100
2025-06-26,40.01444625854492,40.06271385197079,39.3579966767254,39.415919998385235,5769200
2025-06-27,40.07236862182617,40.16890749782215,39.628300839989414,40.101332125915754,10836500
2025-06-30,40.062625885009766,40.49120599475903,40.0041816227117,40.26717522950138,5524100
2025-07-01,41.33863067626953,41.46525806355116,39.5756046861469,39.741191202383256,5033900
2025-07-02,42.01072692871094,42.09839147172685,41.31914943794033,41.61136705846098,4858900
2025-07-03,42.27371597290039,42.69255722013911,42.020461224676474,42.293193677501314,4405200
2025-07-07,41.9522819519043,42.51723204527407,41.69903089619803,42.14709245705599,3942900
2025-07-08,42.32242202758789,42.42956799244049,41.913319590487205,42.08864867557302,3918100
2025-07-09,42.302940368652344,42.653598536862525,42.11787243129757,42.57567284805966,6102300
2025-07-10,42.90685272216797,43.18932779112,42.24449918186054,42.35164515392522,7098200
2025-07-11,42.62437438964844,42.9360734280173,42.312679066980905,42.55619127004625,4001800
2025-07-14,42.6146354675293,42.65359831172507,42.28345872326787,42.43930638434964,5134900
2025-07-15,41.66006851196289,42.78022242647451,41.630848236363,42.54645279027268,10024100
2025-07-16,41.93280029296875,42.07890909993258,41.12434171735247,41.97176313691928,9210400
2025-07-17,41.50421905517578,42.00098229740732,40.880828431316125,41.79643294564735,13448800
2025-07-18,41.91332244873047,41.9620278656768,41.202267206593255,41.74773592135816,7556300
2025-07-21,41.84513473510742,42.54645104636995,41.78669418630302,41.90357899961304,5847200
2025-07-22,41.53343963623047,42.18605425494759,40.442506036419694,41.874358940715936,12352300
2025-07-23,41.6308479309082,41.91331926293774,41.231488065934016,41.76721417030895,6895200
2025-07-24,41.58214569091797,41.845139336561225,41.36785746223585,41.572406836946726,4982200
2025-07-25,41.72825241088867,41.737991264369924,41.05616004963924,41.5724047452786,4485700
2025-07-28,41.42629623413086,41.90358180361148,41.163302599809064,41.728252714063615,3119500
2025-07-29,41.53343963623047,41.767212979754824,41.37759197911464,41.737988989501005,2853500
2025-07-30,41.12434005737305,41.76721209380209,40.90030928725244,41.65032356666869,3548600
2025-07-31,40.4912109375,41.21200873102593,40.36458354491405,40.91979109956582,4665600
2025-08-01,39.84833908081055,40.160034421623855,39.1762466988759,39.91652220438211,5396300
2025-08-04,40.35484313964844,40.461989104970776,39.936001847407326,40.004184967939466,3630000
2025-08-05,40.26717758178711,40.58861175395099,39.80937345629475,40.432764094419746,3558500
2025-08-06,40.17951583862305,40.55939430294869,40.11133271506212,40.34510236278487,3844900
2025-08-07,40.101585388183594,40.530169217666774,39.88729718914312,40.43276211292009,3927200
2025-08-08,40.559391021728516,40.656798130150804,39.99444465568424,40.43276363863016,2952900
2025-08-11,40.19899368286133,40.75420119139823,40.08210886940652,40.55939069183939,3735900
2025-08-12,41.14382553100586,41.17304580781666,40.33536319269259,40.530173708068205,3529900
2025-08-13,41.86461639404297,41.89383666861089,41.017194990262105,41.30940888304503,3142300
2025-08-14,42.059425354003906,42.12760846929928,41.38733305364899,41.62110267303282,2903900
2025-08-15,41.37759017944336,42.2250115459217,41.34836990616168,42.16657099935835,3566700
2025-08-18,41.66006851196289,41.71851277886403,41.1633015325566,41.26070864405851,2860000
2025-08-19,41.68928909301758,42.01072698977696,41.397075187773574,41.63084854138962,3225500
2025-08-20,41.981502532958984,42.059428221867776,41.543183537801795,41.621105511009226,2787600
2025-08-21,41.767215728759766,41.884100550364366,41.58214406920921,41.81591742811989,2589200
2025-08-22,43.627647399902344,43.64712882212414,41.99124509028488,41.99124509028488,4092400
2025-08-25,43.208805084228516,43.61790379405712,43.101659122406375,43.50101897920627,4569200
2025-08-26,43.83219528198242,43.85167670354745,42.97503131162731,43.062695850819324,4124100
2025-08-27,44.32896041870117,44.504289504567474,43.74453260961443,43.77375288535835,3777600
2025-08-28,44.4166259765625,44.6503993349598,44.18285633386668,44.54325336718193,3584400
2025-08-29,44.58221435546875,44.73806201600682,44.358183575676605,44.41662412606505,2851700
2025-09-02,44.38740539550781,44.42636824092353,43.82245899978573,44.007526941958204,4966200
2025-09-03,44.39714431762695,44.767280171566405,44.04648616909387,44.38740174922262,3663800
2025-09-04,45.05949783325195,45.0887218252131,44.41662574562869,44.68936194829109,3104600
2025-09-05,44.43610382080078,45.39067116895375,44.348439282924424,45.19586438762957,4223600
2025-09-08,44.30948257446289,44.51403193543816,43.598423664156016,44.51403193543816,5323600
2025-09-09,44.241294860839844,44.68936013427555,44.05622692587163,44.241294860839844,4716900
2025-09-10,44.32896041870117,45.29327039096583,44.02700766081029,44.02700766081029,7515900
2025-09-11,44.095191955566406,44.465331559551935,43.87116116559401,44.32896159914564,4398000
2025-09-12,44.377662658691406,44.51402889001209,43.968560249028215,44.08544505934579,3469700
2025-09-15,44.1828498840332,44.6016911247305,44.10492420404257,44.48480260474456,4120600
2025-09-16,43.83219528198242,44.28025683087439,43.34517088996039,44.28025683087439,4613700
2025-09-17,44.71857833862305,45.0887179071212,43.919858654185695,43.919858654185695,4946000
2025-09-18,45.078975677490234,45.2737861737269,44.52376817842149,44.913389170894824,3655700
2025-09-19,44.88417053222656,45.28353039199614,44.699098881993464,45.254306401290165,8455700
2025-09-22,43.78349304199219,44.669877275832555,43.6081639657863,44.494548199626664,5458300
2025-09-23,43.968563079833984,44.494550333679115,43.744532297426176,43.851678261991076,3859400
2025-09-24,43.99778366088867,44.33870297920809,43.647129204925015,43.9101228336738,3479800
2025-09-25,44.10493087768555,44.22181941535823,43.725052419503065,43.988046055714356,3981900
2025-09-26,44.25103759765625,44.7867636983465,44.14389163437794,44.38740383611908,2601700
2025-09-29,44.22181701660156,44.38740352910359,43.822457157136405,44.38740352910359,3340900
2025-09-30,43.77959442138672,44.38887168837773,43.003255021462785,44.15302411671069,4648800
2025-10-01,43.58305740356445,43.97614173420014,43.42582442105618,43.60271199496924,3763500
2025-10-02,43.45530319213867,43.710805353599106,43.121182674087606,43.524092379790694,3632800
2025-10-03,43.64201736450195,43.985963312207964,43.219453058046184,43.573228174960754,2571100
2025-10-06,43.03274154663086,44.546111265606235,42.3350204582163,43.29807289336523,40978600
2025-10-07,42.924644470214844,43.897522355555516,42.59052392150403,43.4061688279649,17615500
2025-10-08,42.78706741333008,43.69115613283135,42.60035066785001,42.92464580553853,14086300
2025-10-09,43.03274154663086,43.445476697953346,42.708446428823365,42.80671938061191,12906100
2025-10-10,40.75286102294922,43.337377767688864,40.71355184273963,43.337377767688864,7699500
2025-10-13,41.470237731933594,41.69625990070931,41.07715341744461,41.391619369543854,6091600
2025-10-14,42.65930938720703,42.954120728250025,41.28351813070025,41.49971486353893,9226600
2025-10-15,42.17778015136719,42.904984937890184,41.804354212491376,42.83619575184835,10478900
2025-10-16,39.66205596923828,42.25640190500459,39.35741544317111,42.00089972897357,16345800
2025-10-17,40.182891845703125,41.499719481026986,39.95686966746403,41.18525351576129,14489700
2025-10-20,41.077152252197266,41.175425202396696,40.310641984290406,40.52683872599941,10719600
2025-10-21,41.44075393676758,41.84366742058083,40.880611225766984,40.978884178671386,8797900
2025-10-22,40.96905517578125,41.70608545628,40.86096055024118,41.26387028696464,7022300
2025-10-23,41.34248733520508,41.66678247711,40.86096295621485,41.13611974420927,7290300
2025-10-24,41.892799377441406,42.28587991804926,41.55867885612344,41.55867885612344,6365000
2025-10-27,41.715911865234375,42.24657453176962,41.4309259426066,42.11882157529344,6834800
2025-10-28,41.548851013183594,41.76504775409241,41.29334884107023,41.715913153539425,5143300
2025-10-29,41.04767608642578,41.75522639921875,40.71355552191022,41.273698269961294,6093600
2025-10-30,41.22455978393555,42.01072464151622,40.870784660841814,40.949399272235006,4684000
2025-10-31,40.900264739990234,41.195076093485284,40.47770042544642,40.969053930848084,5377600
2025-11-03,40.81182098388672,40.890439344189076,40.261507456689245,40.713551782238525,7096000
2025-11-04,41.42110061645508,41.48988980500718,40.24185149327248,40.59562660510022,18994700
2025-11-05,41.77487564086914,41.902628608832515,41.077154525129835,41.37196589458152,5368800
2025-11-06,41.804359436035156,42.05003620223368,41.40144968941878,41.74539566260473,4886900
2025-11-07,42.1286506652832,42.18761443849978,41.362140357117426,41.66678089564149,9136000
2025-11-10,42.3841552734375,42.64948662150962,42.02055097308137,42.128649346228876,6973600
2025-11-11,42.246578216552734,42.747757168396205,42.11882524893384,42.325192832120564,6596200
2025-11-12,42.462772369384766,42.95412591334542,42.20727017596644,42.35467398991661,7777400
2025-11-13,41.706085205078125,42.629832216926474,41.597990580189126,42.31536626570614,7522600
2025-11-14,41.833839416503906,41.8928031898894,41.08698369727077,41.50954803470858,4078800
2025-11-17,40.40890884399414,41.86331468409273,40.21236670371498,41.83383467510619,9484500
2025-11-18,40.62510681152344,40.92974732567878,39.97652035294241,40.349950055982895,7155100
2025-11-19,40.76268768310547,40.91992065999506,40.271334161734295,40.73320767141676,4911300
2025-11-20,40.56614685058594,41.745396090162735,40.448223051247254,41.214733370043675,7937000
2025-11-21,41.686431884765625,41.971417833220954,40.60545561309845,40.84130695806526,6571700
2025-11-24,41.59798812866211,41.72573733656486,41.14594007028517,41.59798812866211,5912600
2025-11-25,42.531558990478516,42.649486532974535,41.78470329831948,41.79452871916257,4519200
2025-11-26,42.58069610595703,42.93446747699556,42.364499366380954,42.43328855647704,4115900
2025-11-28,42.70844650268555,42.88533406748105,42.413635144269655,42.57086811867345,1910600
2025-12-01,43.013084411621094,43.386514108865875,42.502076338741276,42.629829294143626,5120200
2025-12-02,42.973777770996094,43.30789830958207,42.81654479688091,43.07205072277421,4569300
2025-12-03,44.15302658081055,44.20216118192249,42.9737774104749,43.07205036142857,4980500
2025-12-04,44.67386245727539,44.71317163973079,43.89752297306619,44.074410545385504,5588400
2025-12-05,44.634552001953125,45.27331307808252,44.38887524170795,44.56576280898286,8417300
2025-12-08,44.438011169433594,44.949019252724696,44.24146902220938,44.82126629471951,9311100
2025-12-09,44.398704528808594,45.194698583650535,44.32991533565644,44.4773191429554,8683500
2025-12-10,46.727718353271484,46.79650754521771,44.46749294240882,44.50680212315804,10713700
2025-12-11,47.553192138671875,47.86765808544243,46.55083052756706,46.619619719127506,9894500
2025-12-12,47.317344665527344,47.74973440618307,47.01270413879934,47.582672262903266,6213600
2025-12-15,47.00287628173828,47.83817570865237,46.8456395673991,47.78904110978618,10521000
2025-12-16,46.76702880859375,47.27803692607099,46.580315818041065,47.160113129339294,8703500
2025-12-17,46.92426300048828,47.160114348780105,46.64910621808949,46.97339760466949,6647000
2025-12-18,46.8358154296875,47.50405648900998,46.61961869028031,47.012702989433436,5256800
2025-12-19,47.00287628173828,47.25837844508025,46.717890360092916,46.855468736410096,7971300
2025-12-22,47.38613510131836,47.602328102957216,46.953741600580855,47.00287995201367,5443900
2025-12-23,47.26820755004883,47.592502675558684,47.228902117129664,47.41561510686783,6372400
2025-12-24,47.38613510131836,47.612157272735736,47.160112929900976,47.405789692145504,3707700
2025-12-26,47.57284927368164,47.70060224286894,47.317347084037024,47.543369261073025,4032300
2025-12-29,46.99304962158203,47.61215609679167,46.953740440898606,47.57284691610825,4959500
2025-12-30,46.708065032958984,47.04218558095295,46.590141236234615,46.99305097804529,4877100
2025-12-31,46.390933990478516,46.906279134751415,46.35129118386996,46.66842607564618,4717800
2026-01-02,47.28287124633789,47.500902887338874,46.15307779850709,46.430569864838624,5558100
2026-01-05,48.18472671508789,48.670341636633545,47.09457601523299,47.18377043835174,6428800
2026-01-06,49.3343391418457,49.443354962455786,48.452307546794465,48.76944241736242,8609000
2026-01-07,48.729801177978516,49.28478910956443,48.17481702693859,49.21541609068444,7354400
2026-01-08,49.37398147583008,50.018163802096545,48.56132290516687,48.670338724739274,8758900
2026-01-09,48.82890701293945,49.681208402096644,48.74962140439185,49.56227998927525,6979500
2026-01-12,48.08562088012695,48.32347014188259,47.5603669615829,48.303652520524494,7348100
2026-01-13,47.69911575317383,48.42257995205502,47.45135388586331,48.224369702097384,7873700
2026-01-14,48.13517379760742,48.39284824878796,47.352245413664484,47.58018587091129,7795200
2026-01-15,48.581146240234375,48.82890810165098,48.194638341311816,48.194638341311816,8961900
2026-01-16,48.71989059448242,49.03702546369509,48.3333827089136,48.70998178380833,9789600
2026-01-20,49.671295166015625,50.22628307700731,47.80812875588197,48.41266450075391,20591400
2026-01-21,52.38676834106445,52.48587157295537,49.9091497383319,49.998344159252106,15663300
2026-01-22,50.43440246582031,52.85256058378835,50.16681920946093,52.52551312138938,12387800
2026-01-23,50.28574752807617,50.830822850515474,49.88932704964075,50.176731707479135,10932500
2026-01-26,50.037986755371094,50.64252251625593,49.66138767077478,50.26592721220556,9551400
2026-01-27,50.38485336303711,50.701988249967556,49.928972435642855,50.10736128210949,7466100
2026-01-28,49.245147705078125,50.384853814317815,48.64061192057775,50.384853814317815,13180000
2026-01-29,49.34425354003906,49.85959866871981,48.85863862514216,49.631658208436285,12722700
2026-01-30,49.77040481567383,50.03798808442483,48.66042893480758,49.215416875240706,104196200
2026-02-02,51.48491668701172,51.55428970728533,48.97756402374409,48.97756402374409,22331900
2026-02-03,52.27775192260742,52.45614076241734,51.38580772355784,51.38580772355784,18253900
2026-02-04,53.60575485229492,54.86438552356743,52.72372325744192,52.8327390780275,22395800
2026-02-05,53.308441162109375,53.63548484196037,52.38676676714026,53.367901587239096,15837000
2026-02-06,54.58689498901367,54.85447447181141,53.843609406574245,53.91298242515825,16323500
2026-02-09,53.84360885620117,54.537339034950094,53.685037637577494,54.52743022405908,7886100
2026-02-10,54.0120849609375,54.418414256210795,53.090410548151226,53.675128683353854,10514700
2026-02-11,53.84360885620117,54.94366833130843,53.41745815751487,54.458057206184186,11173400
2026-02-12,52.68408203125,54.933760185333334,52.257931327405586,54.19047460149485,11690500
2026-02-13,52.38676834106445,52.872379470094295,51.6137525467866,52.28766132862757,9164200
2026-02-17,52.58498001098633,53.169698168304926,52.21828972584774,52.892202306504636,8262800
2026-02-18,53.18951416015625,53.64539885465711,52.35703794191473,52.64443882559747,11271400
2026-02-19,52.42641067504883,53.07058923764452,52.00025997676362,52.71381155716891,9266700
2026-02-20,53.13996124267578,53.14987383391448,51.80204874693705,52.426409675869856,8395800
2026-02-23,50.25601577758789,53.407547002099065,49.78031345056399,53.12014233143481,8197300
2026-02-24,49.75058364868164,50.43440504059094,49.15595289956629,50.04789713296629,8494700
2026-02-25,51.09840774536133,51.18760216684292,50.06771749280649,50.34520956828434,10989900
2026-02-26,51.504737854003906,52.1687378394502,51.029035525502216,51.078587142535426,8885100
2026-02-27,49.02711868286133,50.79118193846146,48.25409909917297,50.46413446448831,16710000
2026-03-02,49.39380645751953,49.919060411114316,48.02615987924971,48.58114782795752,9607000
2026-03-03,49.126220703125,49.522641186540206,47.77839559616839,48.30365330377543,8796100
2026-03-04,49.096492767333984,49.36407603896885,48.70007226553135,49.225326216955665,6577900
2026-03-05,48.25409698486328,48.87845791110746,47.827946296535046,48.56132304266029,9885200
2026-03-06,46.87654495239258,47.372068691383085,45.99451330187686,47.21350124612797,8554900
2026-03-09,46.559410095214844,46.787350561648125,44.854807222092404,45.697199847307004,13094900
2026-03-10,46.17290115356445,47.233321629667806,45.66746861414583,46.46030582330544,11205700
2026-03-11,44.65660095214844,45.9350493322087,44.557493935504844,45.746751671405065,14877800
2026-03-12,43.19975662231445,44.141252415072806,43.03127659724077,43.56644310435131,12594300
2026-03-13,43.01145935058594,44.121431397539354,42.95199514465159,43.96286396226029,9724400
2026-03-16,43.70519256591797,44.200716308300464,43.62591073302075,43.863760012258524,10646700
2026-03-17,43.824119567871094,44.547583754671656,43.744833956993546,44.28990929986564,8076100
2026-03-18,43.50698471069336,44.11152048152832,43.130385619898554,43.77456419619529,7671500
2026-03-19,43.26913070678711,43.695281404763165,42.55557534635354,42.833071197936555,10295700
2026-03-20,43.79438400268555,43.82411799597112,42.99163801434664,43.26913008137284,23876700
2026-03-23,44.96382141113281,45.50889674844057,44.498031683893224,45.300777692830586,13723000
2026-03-24,45.57827377319336,46.1729007294649,44.28000025599379,44.28000025599379,11548200
2026-03-25,45.39988327026367,46.29182367205929,44.92418096653017,45.707105548201184,7145200
2026-03-26,45.00346374511719,45.42961444340816,44.70615027156547,44.70615027156547,7897700
2026-03-27,44.14125442504883,44.99355583876505,44.01241719771949,44.87462742251673,8926300
2026-03-30,44.279998779296875,44.63677645337999,43.93313369646378,44.567403436813365,8358100
2026-03-31,46.459999084472656,46.59000015258789,44.720001220703125,45.0099983215332,13835900
2026-04-01,46.81999969482422,47.40999984741211,46.5099983215332,46.68000030517578,11797400
2026-04-02,47.11000061035156,47.25,45.65999984741211,45.7599983215332,7299600
2026-04-06,47.560001373291016,47.68000030517578,47.0,47.11000061035156,7392300
2026-04-07,47.790000915527344,47.900001525878906,47.2599983215332,47.560001373291016,7504000
2026-04-08,49.34000015258789,49.77000045776367,48.88999938964844,49.209999084472656,7863800
2026-04-09,50.220001220703125,50.45000076293945,49.09000015258789,49.11000061035156,5768100
