Price,Close,High,Low,Open,Volume
Ticker,GPN,GPN,GPN,GPN,GPN
Date,,,,,
2021-04-12,204.84693908691406,205.48690490713994,202.9556811497224,203.71982444582622,1008900
2021-04-13,204.0732421875,205.84032271357768,203.04166546099657,203.50014562553383,759600
2021-04-14,203.8249053955078,206.4611846066096,203.4523875224736,204.2451849599201,1109000
2021-04-15,207.8843994140625,209.31716269285124,205.56332989833916,205.56332989833916,1169300
2021-04-16,208.03720092773438,210.37737769656883,207.46408986912118,209.23117015416213,973800
2021-04-19,206.22239685058594,208.25692545019143,205.08575018102442,207.71248296180912,598900
2021-04-20,203.48106384277344,205.6875172220641,202.61185051916695,205.24814459297792,843300
2021-04-21,205.52513122558594,206.69044661859675,203.88222803461403,204.2260918321389,756200
2021-04-22,206.4898681640625,208.11367845363748,203.96820499267326,205.20038976182963,894000
2021-04-23,207.19668579101562,209.8902879319738,205.45827380822885,206.24151020766695,923800
2021-04-26,208.57212829589844,210.9123054180133,206.6426696537646,207.9130548514434,933900
2021-04-27,206.79551696777344,208.8777927755062,206.1555510660898,208.42887365328164,730000
2021-04-28,208.10409545898438,210.12907756548768,207.30175148320396,207.30175148320396,583300
2021-04-29,209.4127197265625,209.79478416570717,206.83373375045167,209.4031586419482,619200
2021-04-30,205.0093231201172,207.97991952102322,204.27383390097,207.46411658688098,1023100
2021-05-03,202.9461669921875,207.03431751696334,202.43992507497157,206.10779599115529,1253600
2021-05-04,196.28854370117188,200.70144936277413,194.7889113348893,200.64414117103692,1740800
2021-05-05,191.27389526367188,197.9601238122147,190.84406920051558,197.9601238122147,1596500
2021-05-06,191.87564086914062,192.14308881773812,188.5707275402999,191.93294906172292,1819000
2021-05-07,192.38189697265625,193.74779091348216,191.37895980344229,192.57292915373958,1360600
2021-05-10,186.55532836914062,192.92634733480241,186.47891257860712,192.70666104628216,1552500
2021-05-11,186.3165283203125,187.76839914273415,182.54358805842594,184.5876630193472,1937700
2021-05-12,186.1923370361328,187.8543475086145,183.8712677687834,184.8168966785296,2046700
2021-05-13,187.8639373779297,189.44953243405587,185.9058389810142,187.2144249403784,1522700
2021-05-14,190.0130157470703,191.2738541410666,188.46563642245528,189.14381729949602,1229400
2021-05-17,187.98812866210938,189.24896759193194,186.67954260677126,188.5230247263403,960700
2021-05-18,186.7941131591797,189.27757521879207,186.58397338914384,188.58028662966348,1388000
2021-05-19,186.03956604003906,186.11598184126788,182.39078804918745,183.47968771075662,1747900
2021-05-20,186.69862365722656,189.09610909525517,186.09685838311293,186.86100175543672,1606000
2021-05-21,184.92202758789062,188.38930558497137,184.7978500787579,187.49143806471176,1894400
2021-05-24,186.49801635742188,187.30992136227394,185.74343412541444,186.38339996137555,2180400
2021-05-25,186.36428833007812,187.40542610445112,185.08435668590462,186.48846580631715,2013700
2021-05-26,184.16737365722656,186.80366719096295,183.57516955028947,185.85803826149396,1747600
2021-05-27,184.54946899414062,186.61263704452324,184.14828244911047,185.30405124349926,2154900
2021-05-28,185.02708435058594,186.2114928464697,184.0432400074864,185.30407888031954,1638700
2021-06-01,184.9888458251953,187.20486008280295,184.58767384576404,186.62220241807182,1220400
2021-06-02,187.2144012451172,188.88595839909146,185.3804660023069,185.94401605911816,2119100
2021-06-03,184.75955200195312,186.17322194532272,183.6229056333781,185.2275931477088,1447800
2021-06-04,185.4950714111328,187.04246556716174,184.95062897785698,186.00131323893103,875800
2021-06-07,182.62953186035156,186.37381764442358,182.16150524660495,185.8007211546649,1270500
2021-06-08,182.91612243652344,184.53991799749673,182.7441978291037,183.18357043128032,1670800
2021-06-09,183.34593200683594,185.256282982838,183.22176910427427,183.78531914423777,1281900
2021-06-10,183.2646942138672,184.43119472405985,182.69101476616868,183.5802244754418,1300300
2021-06-11,185.014404296875,185.76975384329563,183.48456359344706,183.61842356077383,1155200
2021-06-14,183.78102111816406,185.13874810614124,182.26073630145044,185.01444432757057,2795100
2021-06-15,185.8271484375,186.58249803892292,182.72922735281617,184.40248436106353,1444600
2021-06-16,183.53237915039062,186.92670327875172,182.7292193232391,186.1809099264478,1407400
2021-06-17,184.79452514648438,187.78725517959097,183.29336743167158,183.43679822798543,1741400
2021-06-18,182.46153259277344,185.5498832979034,182.28941854725957,183.1881990558495,2102600
2021-06-21,185.18655395507812,186.2765755999873,181.91653278928914,183.35075336672185,1296700
2021-06-22,185.07180786132812,185.88453863346598,183.45591712426386,185.37778189919254,1110300
2021-06-23,182.42327880859375,185.26303655172467,182.05995287134903,185.26303655172467,1344000
2021-06-24,183.1116485595703,184.660616128561,182.16507266758566,184.2685924815569,1776700
2021-06-25,183.8001251220703,184.29732562389938,182.67187871790807,183.48459487608136,2180700
2021-06-28,181.3141326904297,185.14827632476465,179.8703416027399,184.4885326608062,1301300
2021-06-29,179.2966766357422,182.41371037939118,179.19149988971736,181.63923369941034,1315400
2021-06-30,179.31576538085938,180.44402619731432,178.6082260825676,179.90858632088515,1356700
2021-07-01,183.78102111816406,184.12523462142906,179.44010557200826,179.65045907898386,1526400
2021-07-02,184.88055419921875,185.2916903387983,184.07739435238216,184.5554677740196,1067100
2021-07-06,184.39292907714844,185.48293592159004,183.14993523252193,184.49810581607014,1809400
2021-07-07,183.58016967773438,185.29166588185035,183.4080702716892,184.81359252331458,1241200
2021-07-08,179.87034606933594,181.54360310628863,179.37316019718477,181.01773399496116,1437100
2021-07-09,182.02166748046875,185.32038571789494,181.40973409244413,181.74439131902565,1838400
2021-07-12,181.28546142578125,181.61054787627393,180.06159453833726,180.99861443255193,1732300
2021-07-13,182.71969604492188,184.14434572592413,180.61616099036976,180.79783125323067,1974100
2021-07-14,184.55551147460938,185.2726217768689,183.31251736609693,184.02007144993237,2938500
2021-07-15,186.60165405273438,188.00719132520575,183.80970653310058,183.86707301938176,2551900
2021-07-16,186.19049072265625,188.24621541048847,186.13312424023533,187.33786414000855,1466800
2021-07-19,177.89112854003906,183.80968001494026,176.29436501377975,183.76186975338834,2413000
2021-07-20,180.47274780273438,182.07906777352488,178.15887379358392,178.43615000652557,1452400
2021-07-21,183.39854431152344,183.57065834929477,180.32932076944024,181.3619466374897,1172100
2021-07-22,182.6909942626953,184.46941348164893,181.52449388341938,183.7045076372299,1090100
2021-07-23,184.56503295898438,185.77934359405205,183.70450659407751,184.21126327846724,963200
2021-07-26,182.73880004882812,184.49812152142968,182.0503730790372,183.89574427545148,1272600
2021-07-27,184.24948120117188,186.79283513214526,181.8399872355317,181.8399872355317,1761200
2021-07-28,183.21685791015625,185.65503533792756,182.538001805067,184.53634525475698,1679100
2021-07-29,184.79452514648438,186.64945256417766,184.45031166083362,184.59372786750285,1490700
2021-07-30,184.92837524414062,186.35302478633275,183.25511817082696,183.84792457954347,2135500
2021-08-02,164.2564697265625,186.8119862124698,163.13777960299163,185.54986529994235,8546900
2021-08-03,162.13385009765625,168.74081462893903,157.5634541193515,166.82852067252426,7111100
2021-08-04,158.18496704101562,162.42069138258523,156.846352444691,160.7474340794138,4024200
2021-08-05,162.831787109375,163.080380000908,158.67254309834075,158.7585928004513,2596300
2021-08-06,168.5113525390625,171.4084767820076,163.38640403527017,164.4572840066268,3401300
2021-08-09,166.21656799316406,169.57265283643966,165.17437140879952,168.54956868488745,3212900
2021-08-10,162.30592346191406,167.010164087785,161.8374062656289,166.0540172632671,4329300
2021-08-11,162.12425231933594,164.0174189361367,160.94819581689148,163.37680231806883,4280700
2021-08-12,160.4796905517578,162.70751455671027,159.14109074131773,162.54497133613137,3321900
2021-08-13,163.8931427001953,164.45726586647862,158.87337150368944,160.59443883184878,3110400
2021-08-16,160.74742126464844,163.28121944695854,160.06856509739603,162.95611839441426,2185800
2021-08-17,159.86776733398438,161.27330451951906,159.36101061698423,159.5235538479423,3655600
2021-08-18,159.04550170898438,161.45499643452342,158.5483157321697,159.49489200353938,2448600
2021-08-19,155.8519287109375,158.9020393433655,155.3738553099837,157.7642223147527,3746700
2021-08-20,155.90931701660156,156.90371800003058,155.10615709204734,155.61291380084782,3806600
2021-08-23,158.57696533203125,159.31318792252594,157.34352769092305,157.4487044309428,2170400
2021-08-24,159.96337890625,160.7569825821137,158.911611482902,158.911611482902,2185400
2021-08-25,158.00328063964844,160.63268470475606,157.9363433513255,160.63268470475606,1596900
2021-08-26,154.61849975585938,157.11404339558288,154.52287924352228,156.78894240742184,1817500
2021-08-27,156.9419403076172,157.2192164692542,153.57629937630645,154.27429706770548,2340600
2021-08-30,154.22650146484375,158.80643880262113,153.97789392770582,157.55388866891425,2308200
2021-08-31,155.5077362060547,156.51169340109325,153.98746608794605,154.81930924886507,2064400
2021-09-01,155.38340759277344,158.3187852033598,155.3356119256017,155.97622851590788,2102400
2021-09-02,151.63534545898438,155.98581711876514,151.4919292484077,155.33564417795756,3078300
2021-09-03,151.0807342529297,152.61057480309725,150.0959043227631,151.54925138645817,2691600
2021-09-07,151.65444946289062,153.28946696349865,150.61225291851596,151.59708298736803,1647100
2021-09-08,162.5640869140625,163.11865382209993,153.13647865671155,153.31814888740482,5848900
2021-09-09,164.7760467529297,168.2711162469752,162.75560535636725,162.97583888932107,5800700
2021-09-10,159.3083953857422,166.50921193379722,157.67098477789824,165.7144396566242,3786700
2021-09-13,157.7763214111328,160.86921957736757,156.87621748762183,160.16062370731836,2365800
2021-09-14,155.22921752929688,158.20721370129664,154.99939910497807,158.20721370129664,2448400
2021-09-15,158.44664001464844,158.78179013658928,153.95570435852215,155.31543081671103,2601900
2021-09-16,157.02940368652344,159.24135275044625,156.40698435226943,157.79543577310457,1833600
2021-09-17,155.15260314941406,156.92408537471312,154.19504834895548,156.55063958697934,2129300
2021-09-20,153.3236846923828,153.6492644602495,150.64254268262027,152.44273594472824,1705100
2021-09-21,149.93394470214844,154.0227081264577,149.85733855849566,153.98439774906737,1733800
2021-09-22,154.29080200195312,155.13344024889366,150.518033937952,151.7819986139258,1604400
2021-09-23,157.0198516845703,157.2209446466593,154.31955440805885,154.47276670192394,1441800
2021-09-24,154.77919006347656,158.1593580543682,154.21423611851276,157.15392237923257,2066000
2021-09-27,156.66554260253906,157.80503516097536,154.01311169527466,154.71213722459595,1952300
2021-09-28,155.22921752929688,156.8953682305713,154.2908178661349,155.66969918979268,1832800
2021-09-29,153.87908935546875,156.6847331721341,153.8216383918391,155.63141680182352,1233400
2021-09-30,150.89149475097656,155.26751280999457,150.84361408633526,154.78873538583656,1835400
2021-10-01,153.0651397705078,154.09928609094686,148.57420544578224,151.08299433222527,1644300
2021-10-04,149.58921813964844,153.26622521528304,147.50174099253275,152.8448987482802,1644300
2021-10-05,150.92979431152344,152.39485209739934,148.9955439892952,150.13502201409926,1579700
2021-10-06,151.82034301757812,151.84906849771244,147.9518127666909,149.15834137684953,1339500
2021-10-07,153.0842742919922,154.9227776716883,152.44271435827997,152.95021721048704,1874600
2021-10-08,152.62466430664062,155.53562457119406,152.34697983385885,153.4385917594573,1364600
2021-10-11,145.0312957763672,152.72046173714912,144.4663271866642,152.64385557903464,1987000
2021-10-12,144.58120727539062,146.20904754427823,142.9916627703392,145.0887101602004,1804100
2021-10-13,146.02711486816406,146.29522905772032,142.37883322136935,144.1694561182903,1934900
2021-10-14,148.39227294921875,148.87105036349354,146.5058887680859,147.66453653952684,1551700
2021-10-15,153.76416015625,153.82161110969002,149.3881274616202,149.6753968399478,1606300
2021-10-18,152.595947265625,154.78874152636158,151.32239751350718,152.5097708325285,1478200
2021-10-19,154.15676879882812,155.25795109071848,152.73000673608362,153.4577432009641,1441500
2021-10-20,154.4631805419922,156.11017615978957,152.95982692769513,153.3524133372212,1283200
2021-10-21,153.19923400878906,153.37158690028303,151.82035243231678,153.37158690028303,721900
2021-10-22,151.293701171875,154.22381735046076,149.80948789005134,153.3045726648143,1093700
2021-10-25,151.08302307128906,152.64384235904146,150.70957721478055,151.5139198886251,1368800
2021-10-26,149.34983825683594,152.42358128991674,149.00511790992584,152.22250294404395,1437100
2021-10-27,138.0123748779297,148.63165386306727,136.2792030669117,148.42099064294203,4573000
2021-10-28,136.77711486816406,139.65936397221265,135.72381342612823,139.40082010259556,2852500
2021-10-29,136.92079162597656,138.14646082947897,136.23135087261528,136.34625279446567,2890000
2021-11-01,139.6306610107422,139.75513321081945,136.4802972418183,137.38997146468617,3703500
2021-11-02,126.732421875,134.38327768507045,123.15116058209331,132.17132776723705,8256700
2021-11-03,129.1454315185547,131.46271274579132,126.6653677030431,126.97179230059291,6155300
2021-11-04,129.87322998046875,133.24381411556718,128.5900947743435,129.26996546606412,4599200
2021-11-05,130.9456329345703,133.9810802225701,129.8157251628092,132.07554070633142,3200300
2021-11-08,128.87730407714844,131.53930539791585,128.40811155059657,131.02223220651874,2774100
2021-11-09,127.18244934082031,129.8827465718507,126.90475023647606,129.55718141121733,3255700
2021-11-10,126.85688781738281,129.33696647953374,126.01424931636122,127.12500206013475,3629600
2021-11-11,123.20858001708984,127.41224519756405,122.48084359569737,126.90474229916329,3530300
2021-11-12,126.05249786376953,126.31104171924957,123.4287927728005,123.52455408553382,4278900
2021-11-15,126.19613647460938,127.73780023588607,126.0333539173474,127.30690351241303,2514700
2021-11-16,123.86929321289062,127.33563701688291,123.41924127455573,125.93761514934965,2418400
2021-11-17,120.18270874023438,123.53414333915146,117.35791760883396,123.53414333915146,4765500
2021-11-18,121.46582794189453,122.74895520472158,120.22101105425189,122.73937030536194,4939700
2021-11-19,120.58488464355469,123.67779007713091,120.47955302378324,121.24559983929129,3874100
2021-11-22,118.28675079345703,122.02121621193362,116.50569816780764,120.69021553977983,2971300
2021-11-23,119.74223327636719,120.6806329097383,117.779242971287,118.73679779219178,2616900
2021-11-24,119.27304077148438,121.50414553095814,118.84214397149458,119.50285921667238,3053600
2021-11-26,117.93245697021484,118.78468018881095,115.12682101180047,115.9598890425834,2308900
2021-11-29,115.15554809570312,119.97204781349372,115.14597050166282,119.47411520128976,3087500
2021-11-30,113.98733520507812,115.67263386033031,111.79453362602419,114.9065870246073,5403200
2021-12-01,112.85740661621094,116.24715140389542,112.17754360112089,115.84498015083874,3399600
2021-12-02,116.63975524902344,117.21429400991882,112.76166244636259,112.9148674251879,4636500
2021-12-03,115.16513061523438,117.31005896311385,113.06809024264237,117.01321196084756,3486800
2021-12-06,121.63819122314453,123.43839901369411,115.27045002018316,116.13225084485437,4235100
2021-12-07,124.26191711425781,126.87603818730247,122.56704066396013,122.56704066396013,3593800
2021-12-08,124.58746337890625,126.69408114800204,122.8830168975456,123.8405717572371,1743200
2021-12-09,121.96376037597656,125.71736622140547,121.71479407656031,123.76396081233493,2652500
2021-12-10,120.46041870117188,122.04995615977467,118.99535345367252,120.2306002473104,2280700
2021-12-13,121.56159210205078,122.56702767315781,119.790116991325,120.21144348673201,1985000
2021-12-14,122.7872543334961,124.09911441366012,120.1731336839178,120.8146936801301,2962400
2021-12-15,122.86402130126953,124.5526194697589,120.63815454070365,124.03452152636488,1878200
2021-12-16,121.73189544677734,124.73489439578238,120.94516689005016,124.70611280416865,2910200
2021-12-17,122.87361145019531,123.61235842822367,118.2779558311412,121.185013466887,3410200
2021-12-20,118.65213012695312,120.41747656014529,117.08826945676117,120.07208285190843,2769000
2021-12-21,126.50025177001953,127.40209939806067,119.09347878559194,119.92818156442102,3160900
2021-12-22,129.368896484375,130.0980690397485,126.76886226940057,127.59396856544552,2516200
2021-12-23,129.8773956298828,130.8560135158028,128.56298767934743,128.89879238363082,2064600
2021-12-27,128.12167358398438,129.78149022342444,126.30835999218556,129.66634920956642,1678900
2021-12-28,129.66635131835938,131.1438747962521,126.76889682994634,127.33495436513252,1217300
2021-12-29,128.79324340820312,130.6161454222862,128.42865714951984,129.34971177789515,1005300
2021-12-30,130.7600860595703,132.19922421168374,128.73569780667728,128.80286461415102,2026500
2021-12-31,129.69508361816406,131.58515231834346,129.3113194173794,129.71427622010305,1293200
2022-01-03,135.9505615234375,136.35351839102154,130.08847237893843,130.22279133479978,3071000
2022-01-04,139.5292205810547,140.4982495467034,135.03911700364077,137.37051355968208,3985000
2022-01-05,140.47906494140625,145.20903976358213,139.1166826337533,139.52922852762572,5054500
2022-01-06,145.1226806640625,147.33896563432137,141.54402802288774,142.0237407226575,4486800
2022-01-07,144.10568237304688,147.52123422292019,143.77948127270366,143.97136341174857,2698000
2022-01-10,141.04513549804688,145.2378348289677,137.54323832824088,144.66217368120755,2505400
2022-01-11,143.05032348632812,143.79867407740653,139.8458317372037,141.51523709250796,2396100
2022-01-12,142.6953125,143.78905669302543,139.06868624735424,142.6953125,1678700
2022-01-13,143.1846466064453,145.6311695731287,142.61857451548607,142.71452290776233,1565300
2022-01-14,144.4414825439453,144.5566088958102,141.553603007542,141.80306295614037,2064700
2022-01-18,141.13148498535156,144.87323826343993,139.52923165277338,143.47247071029886,2243600
2022-01-19,139.9417724609375,142.88720046916114,139.8266461115915,141.11227247818204,1843600
2022-01-20,138.9823455810547,143.31895191252062,138.7137076758873,140.07608980628416,1737700
2022-01-21,135.05833435058594,140.39273789158165,134.91441173899494,140.39273789158165,2420400
2022-01-24,135.09669494628906,135.37493652433344,129.33055327597884,132.40071178063928,3157400
2022-01-25,133.83985900878906,135.32697148126547,129.6663521730765,132.89962610554144,2059300
2022-01-26,134.78005981445312,138.65614616052304,133.68631557613995,136.01772662918555,2492000
2022-01-27,135.30776977539062,138.72332202830512,133.71512001801167,136.12328726215,2578300
2022-01-28,141.35214233398438,141.35214233398438,135.34614475343102,135.4324895237083,2942100
2022-01-31,143.79869079589844,143.8658429646134,139.078319349649,139.48127628095037,2411300
2022-02-01,145.4680633544922,146.10128758365613,142.14845992221208,143.11747423193123,1769600
2022-02-02,144.71014404296875,146.75372495964393,143.453299031375,145.83267007560602,2046600
2022-02-03,138.66575622558594,143.37653860036806,138.46428508350294,142.59940634442168,2325400
2022-02-04,139.87460327148438,140.81485057395395,136.61256321868842,137.28415797783254,2327100
2022-02-07,140.91078186035156,142.2731639593412,138.5122187340316,140.45026183920504,1919600
2022-02-08,138.17645263671875,138.6753433129287,134.6073889147889,138.53143535626623,3110800
2022-02-09,140.4310760498047,142.12926292475427,139.36611338445235,140.33514230389702,2496000
2022-02-10,139.62515258789062,146.78247124704927,136.26716428199683,136.75646587914687,2917800
2022-02-11,140.74769592285156,144.04812146933426,139.99934532099434,140.52703219144982,2151400
2022-02-14,140.99716186523438,142.50345211607467,139.7115207154881,140.76689450117468,1830400
2022-02-15,138.0996856689453,141.38091857230015,137.09228613483586,139.9129989744748,3163600
2022-02-16,138.4354705810547,139.07829841721724,136.65093893120942,137.77347941905438,2156500
2022-02-17,132.21841430664062,137.16905296934348,132.06490272647852,136.67975127720555,2332600
2022-02-18,131.0767059326172,132.92840474339738,129.81027189676976,132.1608614224471,2104900
2022-02-22,130.50103759765625,131.80585663316234,128.92758064069324,129.80064656559395,2353100
2022-02-23,128.1024627685547,131.45084750309482,127.79543966321727,130.769663777587,1899800
2022-02-24,129.9733428955078,130.18441762672666,123.28614757198618,124.53340335473362,3697900
2022-02-25,132.00730895996094,132.80363362792806,128.59175761086496,129.98292121455856,1733200
2022-02-28,127.96817779541016,130.5298421220625,126.1356715780244,129.48407184123153,3116300
2022-03-01,123.68913269042969,128.74530913313592,122.55701031690647,127.24860770773886,2284000
2022-03-02,130.30917358398438,130.808064284841,123.4684653390556,123.4684653390556,2806000
2022-03-03,125.18579864501953,131.17261728994214,124.46622972979809,130.89437577784295,2081100
2022-03-04,122.83522033691406,125.44485833150391,120.32153072846423,124.51421461668563,2906900
2022-03-07,117.67351531982422,122.76806135558247,117.61594482394031,122.52820502892969,2636900
2022-03-08,118.2108154296875,121.91419845946835,116.07130065559534,116.78127347876247,2031200
2022-03-09,122.90240478515625,123.38211750541107,121.11786556038625,121.75108986464352,1379900
2022-03-10,122.20063781738281,122.57554478036045,119.91273576889112,119.91273576889112,1145900
2022-03-11,122.0756607055664,123.89252706881607,121.71036881992465,123.89252706881607,1131000
2022-03-14,122.17179107666016,124.6423427087899,121.32584848723101,122.63321897444271,1197100
2022-03-15,123.52725982666016,124.48856145955246,121.26820245619315,123.03699394032326,1530600
2022-03-16,128.3817901611328,128.42023575866804,124.86342392076814,125.60363002089039,1509100
2022-03-17,128.26644897460938,128.3145169820959,125.28642319829792,126.43037430231384,1674000
2022-03-18,129.77572631835938,129.93914584315692,127.15137684882309,127.8435152293183,3192200
2022-03-21,129.1988983154297,130.11214635195253,128.08379987366123,129.7660772718741,1787400
2022-03-22,131.6502227783203,133.03449913054328,129.86220160141485,130.0736890812431,1752800
2022-03-23,129.04510498046875,131.2464787283909,128.59329214983183,130.37169093560067,1605600
2022-03-24,129.70840454101562,130.16983982285387,128.41065631512478,128.98742841497733,1117700
2022-03-25,130.91964721679688,131.07345896965126,129.51614064151883,130.38132075010265,1746000
2022-03-28,130.26596069335938,131.07346509946075,128.2472363488479,130.80430185352589,1410200
2022-03-29,134.9570770263672,136.09142008790917,132.6595677085807,133.38054362004038,2033600
2022-03-30,132.1981658935547,134.83212220752466,130.75621386708838,134.19767446378333,1937900
2022-03-31,131.54449462890625,133.69781528405048,130.54474751619813,131.49642661992192,1799400
2022-04-01,134.37071228027344,134.51490162699193,131.2945506478147,132.54424543645922,1546400
2022-04-04,135.06285095214844,136.11066599074567,134.33226714573397,134.38032048261059,1676300
2022-04-05,133.99581909179688,135.96649015330613,133.47672272192622,135.34163536057054,1654900
2022-04-06,133.5247344970703,134.2937784119492,131.1311038307292,132.82298870882866,2153000
2022-04-07,129.4007568359375,132.76531108058666,127.33396509582715,132.75570334904435,2330400
2022-04-08,129.689208984375,130.9773496736173,127.89156492633775,128.86248897951964,1502300
2022-04-11,130.93887329101562,131.89055231215008,128.48755172851673,128.81439069197108,1202400
2022-04-12,129.84298706054688,132.34236189806373,128.9009011279419,131.28493915967806,1400700
2022-04-13,132.7172393798828,133.2075123724041,128.3144781882175,128.3144781882175,1324000
2022-04-14,134.53414916992188,136.5048202837339,133.13065711927942,133.26523874972867,1819800
2022-04-18,134.7840576171875,137.54298757020766,133.76506594889202,134.5629477637581,1269000
2022-04-19,139.0041961669922,139.56173810241725,134.966718324066,135.26473409628466,1547900
2022-04-20,137.9563751220703,141.03255170437365,137.86025377155897,140.09046565860214,1461900
2022-04-21,136.5048065185547,140.2058229851438,135.92801977862263,139.48484689437677,1282300
2022-04-22,129.2373809814453,135.74539649407055,128.9105419792561,135.66849061091472,1887300
2022-04-25,130.47744750976562,130.7754486256042,125.31526318731842,128.48756104719695,1707700
2022-04-26,125.9785385131836,129.41999893323919,125.45942759605511,128.7663064206133,1267700
2022-04-27,130.91000366210938,132.16932068329095,126.23809343748802,126.23809343748802,2342200
2022-04-28,138.3216552734375,138.34088540820068,132.95759180151964,132.95759180151964,2805500
2022-04-29,131.67906188964844,138.12940074870886,131.14073545165678,136.48556889785297,2685400
2022-05-02,119.54745483398438,128.33374993573665,114.16416791399664,128.2087760471877,7150000
2022-05-03,123.11388397216797,125.74784056237678,117.48064954376937,117.48064954376937,3425600
2022-05-04,128.50677490234375,129.04511605291802,121.94109136295448,123.594538417411,2107900
2022-05-05,121.01822662353516,127.1994019447652,119.6531804638117,126.11312672308823,2298800
2022-05-06,116.31746673583984,120.15305718042731,115.8944917826005,119.88389396805592,2114000
2022-05-09,113.79887390136719,115.90412662526924,112.37615172633421,114.29875481032916,2553500
2022-05-10,114.32759094238281,117.14420471091583,110.95342052778489,115.98103074290712,2445900
2022-05-11,112.7029800415039,116.500125172763,111.72245578868456,113.452793999686,1542400
2022-05-12,113.26053619384766,114.07764095698013,110.35740905088988,111.28986529380933,1784600
2022-05-13,117.47103118896484,119.0571800068773,114.45254530151468,114.73132359483304,1501800
2022-05-16,115.2792739868164,117.7017578711449,114.24106660781848,116.45206298892721,1371700
2022-05-17,119.19175720214844,119.23021013781698,115.83681740715402,118.55730209898631,1352700
2022-05-18,115.03892517089844,117.86515334867207,114.50059878814038,116.72120245116429,1729700
2022-05-19,115.8079833984375,117.44219288100196,113.02982287758923,113.44318278211757,1208700
2022-05-20,117.3749008178711,117.76903791677738,114.06802895120646,117.42296882208085,1105000
2022-05-23,120.16267395019531,120.28764049081039,116.10598090417311,119.1244666870702,1534800
2022-05-24,118.10550689697266,119.02835548828806,115.67341519264946,118.47079883911354,1123800
2022-05-25,120.63371276855469,121.79688660305382,116.84619017270771,116.99037951794281,1218100
2022-05-26,123.67142486572266,124.15207558757668,121.82573518814668,121.82573518814668,949000
2022-05-27,127.13211822509766,127.15134836144179,124.07518661971115,124.1328623604473,993000
2022-05-31,125.96894836425781,126.83412855821923,124.70964568362145,125.97857076744583,1782100
2022-06-01,122.57554626464844,126.61301663397536,121.46043309572121,126.11313578785358,1420200
2022-06-02,126.4592514038086,126.47848154642816,122.47946264301943,123.02740436126865,1072500
2022-06-03,124.66156005859375,125.58441586809872,123.70025864666148,124.94034568229957,1614700
2022-06-06,124.17130279541016,126.85334197435446,123.39265099129588,126.6899078246777,1126900
2022-06-07,123.89254760742188,124.15208846296606,121.7488419386114,122.17180963048686,1247800
2022-06-08,122.78704071044922,123.96944475251092,122.32561277511708,122.95046020111235,653300
2022-06-09,117.59544372558594,121.78531114548667,117.52802096024546,121.58304284946523,913400
2022-06-10,113.11664581298828,115.52461250792737,112.53872792737796,114.9948568956283,2033800
2022-06-13,106.09500885009766,110.40045426544815,105.30519610679947,109.88033260300338,1974000
2022-06-14,108.0213851928711,108.6089296422884,105.64231297121923,105.9986946802443,1470700
2022-06-15,108.69560241699219,110.8242438443365,106.68254602294691,109.73584567109258,1670400
2022-06-16,103.04170989990234,105.21850641365631,101.63545093989585,105.21850641365631,1828500
2022-06-17,106.19133758544922,106.89446713569545,103.37883408152754,103.42698900918202,2759300
2022-06-21,107.41458129882812,109.60101929930042,106.84630465329343,108.20439412644703,1464800
2022-06-22,107.20267486572266,108.30070703611507,105.41114714591804,105.87347261317231,1125400
2022-06-23,108.74376678466797,109.51431164261763,106.97149964917588,107.79021412425993,1181000
2022-06-24,114.48435974121094,115.05263630730734,110.02480843346041,110.37154884844074,5806900
2022-06-27,112.71209716796875,114.10872220246684,110.71830112085087,113.86792554291864,1592800
2022-06-28,109.17720031738281,115.38975833502985,108.96529808830377,113.75233669575664,1296400
2022-06-29,108.6185531616211,109.350577058885,107.2219354858635,109.34094313498485,1024900
2022-06-30,106.56697082519531,107.99249030666316,104.51538589736698,106.48028755361838,2137200
2022-07-01,106.8462905883789,107.35677831422811,104.25531626450585,105.44003902424677,2265700
2022-07-05,107.71316528320312,107.82874297862622,103.76410147140902,105.38225534411136,1667700
2022-07-06,109.17720031738281,109.99590746275412,107.27972152785024,107.8961603677908,1201600
2022-07-07,109.45652770996094,110.38118599010423,107.8094794595309,109.50468998072569,1008800
2022-07-08,109.10977172851562,109.90921833247496,107.54941421313453,109.37946278803679,825700
2022-07-11,107.43383026123047,108.42591124667048,106.97149747702439,107.8672612757428,967800
2022-07-12,107.98284149169922,109.55283287596014,107.03891546746439,107.03891546746439,1021800
2022-07-13,108.58002471923828,108.90750462408425,104.68875011433317,105.63266883297298,1175700
2022-07-14,107.2315673828125,107.74205511190844,104.65022696617872,106.02758411663127,1366800
2022-07-15,110.57382202148438,112.35571571991274,108.84008324280627,109.6780582105891,1645500
2022-07-18,109.07125854492188,112.54836307818643,108.35850245304172,111.81633913735935,1509000
2022-07-19,113.91607666015625,114.16650723530898,111.38289853180525,111.72964629785345,1700700
2022-07-20,115.45719146728516,115.57276916731696,113.11664751073434,113.76198083101622,1892200
2022-07-21,115.84245300292969,116.47815970737544,114.33988420846634,115.16822529990917,1304800
2022-07-22,114.33988189697266,117.17165288947342,113.67528078276598,114.9563207411383,1480200
2022-07-25,114.10871887207031,115.47644209473809,113.35743449197199,115.47644209473809,992400
2022-07-26,115.40901184082031,117.46059654176109,113.76196372622897,114.686621930112,1709900
2022-07-27,115.89060974121094,117.98072286932127,114.88889480988131,116.87305682564222,1939700
2022-07-28,117.99999237060547,118.48158567038924,115.54386360229607,116.28552139914018,2114900
2022-07-29,117.81697845458984,118.81869334800987,116.72858029899923,117.85550679839795,2543400
2022-08-01,123.26862335205078,126.6397690775587,116.58410604799906,118.9631781074425,4798200
2022-08-02,121.79493713378906,123.16266762894445,119.91672628796792,122.05500161922906,2582100
2022-08-03,125.35872650146484,126.47602645258681,122.40175136708288,123.0085562621389,2649300
2022-08-04,123.86580657958984,126.56271738774258,123.03745814082308,124.82899321023342,2255900
2022-08-05,123.28788757324219,125.0697887021488,121.60231098532677,121.99722102750457,1166000
2022-08-08,124.56893920898438,126.22562152915502,123.9621268774501,124.40519923161507,2125400
2022-08-09,125.58024597167969,126.30263576268648,124.08730413085406,124.1161985467297,2026000
2022-08-10,127.71854400634766,131.16673896506506,127.67038173883316,129.02847831861493,2099700
2022-08-11,128.63356018066406,129.91459999096688,127.87263461432721,129.44263331441542,1811600
2022-08-12,130.45404052734375,130.98379627978636,129.33674015802228,129.45231788689478,1745100
2022-08-15,131.21490478515625,131.74466034803746,128.8936362775402,128.8936362775402,1577500
2022-08-16,131.1378631591797,131.84100003116941,128.36389546071476,130.0302043344153,1418100
2022-08-17,128.7587890625,129.95314584345738,128.32535799343935,128.83584576098718,1384000
2022-08-18,129.2981719970703,129.6449197543077,127.77633543458748,128.4698309490622,1437100
2022-08-19,127.92080688476562,129.0862691091406,127.2369526457441,128.4505624412997,1510500
2022-08-22,125.17572784423828,126.93834625986267,124.71338772818132,125.71510994924466,1192200
2022-08-23,124.00064086914062,126.25449385305468,123.90431633599137,124.55929082787374,1160100
2022-08-24,123.28788757324219,124.674878659971,122.8737170319846,124.2799686177932,1254700
2022-08-25,125.08903503417969,125.1757329951705,122.75812530045175,123.4034585381439,1214800
2022-08-26,120.52354431152344,125.59953478442216,120.388698766792,125.32021711928638,1550600
2022-08-29,120.22494506835938,121.75641550653194,118.7127424763944,119.25212459372298,1676400
2022-08-30,120.109375,121.4963661585288,119.27140729883146,120.94735004969966,1722700
2022-08-31,119.65667724609375,121.49635987228861,119.464035512637,121.09182325482554,2018100
2022-09-01,120.25386810302734,120.30203038147606,116.97903157887725,119.11730740783796,1937400
2022-09-02,119.48331451416016,122.39213514985701,118.78018498133382,121.68900561703067,1632500
2022-09-06,121.67936706542969,121.76605033364797,118.64532775276768,120.54280656365103,2249600
2022-09-07,124.96383666992188,125.58990209059121,121.57341567133163,121.58304959506629,3262000
2022-09-08,126.88057708740234,127.29475500177266,123.62501610695155,124.19329272016765,2520300
2022-09-09,127.7474594116211,128.33500389886441,126.24489047953996,128.05567151963268,1803800
2022-09-12,131.4364471435547,131.60981367332596,128.26755506572275,128.72988050884035,2161600
2022-09-13,127.30436706542969,129.12478909301942,126.79387935960712,127.49700143982413,3822300
2022-09-14,127.58370208740234,130.59846611795754,126.62051549808712,127.06357309881795,3125400
2022-09-15,126.83100891113281,130.65244750813264,126.18445524399863,127.05297137847164,3002400
2022-09-16,126.10723876953125,126.46430174355702,123.48242318569692,125.07468786320072,3743100
2022-09-19,122.52705383300781,125.48962041922027,121.36903993940807,124.78516877752445,2781600
2022-09-20,119.81539916992188,121.97701507094672,118.88898499277005,121.21465785246511,2762600
2022-09-21,116.50540924072266,121.5620486722159,116.38960564002849,120.84794487400062,2653500
2022-09-22,112.02776336669922,116.62120302355414,111.11100880839086,115.9263961588705,3148400
2022-09-23,111.0145263671875,111.10137355726224,107.95545263188109,110.46447207609951,2741900
2022-09-26,107.89752960205078,112.08566766446124,107.3957287397547,110.66710489110328,3007600
2022-09-27,104.2112045288086,109.1906489925434,103.75764962272117,108.7467462272566,2427900
2022-09-28,106.8553237915039,107.27992224430572,103.41024601889382,104.00854618134093,1690000
2022-09-29,105.70697021484375,106.63337695010463,103.28479823350229,105.64907209464816,1640500
2022-09-30,104.26911926269531,107.28959170777442,104.19191685429298,105.3981768764786,1749200
2022-10-03,106.86497497558594,107.31852987587338,104.48140423572714,105.5429188374323,2003700
2022-10-04,112.08566284179688,112.26900932617976,108.60198392698953,109.19063930233985,1818700
2022-10-05,113.10858154296875,113.66828792395457,110.13635527403696,110.18460861676644,1191400
2022-10-06,109.33540344238281,112.7901263004316,109.23889675765142,112.68397483716815,3149800
2022-10-07,108.3125,108.4862017411388,106.51758446237476,107.85894504466941,1748100
2022-10-10,105.90961456298828,108.46688691102624,104.64545659935165,108.26423614022825,1376500
2022-10-11,104.03750610351562,105.53327139068278,102.22329378409911,105.41746778468436,1632300
2022-10-12,103.42955017089844,104.52000648068189,102.64789610403581,103.96995225540333,1639700
2022-10-13,106.14122009277344,106.70092645880534,100.58277972040005,100.92053102320337,1622300
2022-10-14,106.20877838134766,109.61525545161264,105.95788160168705,107.85894118185449,1960400
2022-10-17,108.93975067138672,110.04951132492828,108.50550002377015,108.78535322248423,1636200
2022-10-18,109.69245147705078,111.43912086611441,108.51514060470416,110.97591381247301,2032700
2022-10-19,108.72742462158203,110.25213867838326,107.89751734319276,108.08087117705843,1431800
2022-10-20,108.83360290527344,111.21717388363109,108.36075103874447,109.02660892599833,1653000
2022-10-21,110.25215911865234,110.58991043121326,106.95183367175468,108.52479399163919,1619900
2022-10-24,111.6128158569336,112.27866629318542,109.3836426292661,110.80220540257471,1397300
2022-10-25,114.04463958740234,114.37273875575269,111.83477050302479,111.91197290584594,1599100
2022-10-26,116.38961791992188,119.56449519026953,114.92280160607474,115.1158076275951,2020500
2022-10-27,117.60552215576172,117.63447121643074,114.98069933951646,116.42821127237879,2544300
2022-10-28,120.9251480102539,121.19534906754252,117.6151703336152,118.12663074911335,2654300
2022-10-31,110.2618179321289,119.8153987597642,109.66351031193878,119.66099394329183,5555200
2022-11-01,109.69245147705078,112.06637014120035,109.16170152409912,111.04346407420964,3145700
2022-11-02,103.8155746459961,109.72141959029416,103.73837222991214,109.28716888407023,3735800
2022-11-03,91.03884887695312,100.65033479210584,90.7010975580051,100.52487904333472,7878500
2022-11-04,94.04003143310547,94.45498518868591,90.74935781437168,92.15826868246576,4761000
2022-11-07,95.6708984375,95.72879656509794,92.11001634168304,94.94714239281703,2922600
2022-11-08,96.44290161132812,98.40186666796426,95.56474079977305,96.52009665567196,1939200
2022-11-09,93.44173431396484,95.58405343323486,92.87237571732415,95.56474914864236,2481900
2022-11-10,99.28966522216797,100.48627299260467,97.57195228659928,98.40185969450289,2657200
2022-11-11,100.72752380371094,101.54778642373478,98.48870572904045,99.03875994765784,3411100
2022-11-14,99.61776733398438,101.07492394123032,98.5080067923459,98.5080067923459,2434800
2022-11-15,98.70101165771484,102.31013931862039,97.57195412651794,101.82763534503951,2406500
2022-11-16,95.84459686279297,98.34397147898537,95.60334485625529,98.29571813270705,3262100
2022-11-17,94.24268341064453,94.41637778012846,93.03642342860634,93.89527994682341,2631000
2022-11-18,94.58043670654297,98.31501297690178,93.66367468360978,96.50080057653653,2112900
2022-11-21,92.74691772460938,94.3391823671474,91.36695601606662,94.15582849461936,2176100
2022-11-22,95.7094955444336,96.07619594089454,92.3030184180029,93.15222282358835,2000500
2022-11-23,96.66485595703125,97.60091495664578,94.9181937180148,94.95679492404737,1362900
2022-11-25,98.14129638671875,98.83610322369228,96.72274101739445,96.78063913300035,967800
2022-11-28,96.27883911132812,98.00620421059482,95.9700368644575,96.80959642427437,1839700
2022-11-29,96.33673858642578,97.07979141578512,95.18837685135367,96.29813738767095,2907400
2022-11-30,100.14852905273438,100.87228505266734,95.22698972567564,95.71914586710955,3056100
2022-12-01,99.90727233886719,101.65393438031668,99.47302170436721,100.1099231257956,2057800
2022-12-02,99.4730224609375,99.79147685528699,97.86146093184976,98.32466063051588,2402200
2022-12-05,97.88075256347656,99.23176510937765,97.28244500906187,98.25710505921975,2470400
2022-12-06,94.23302459716797,97.8904054872392,93.44171839947617,97.76494974603705,2299600
2022-12-07,95.38136291503906,95.41996410870772,92.83374303230735,94.50320968695819,2677600
2022-12-08,95.46823120117188,97.5140505859235,94.85062673830835,96.25953737936737,1680200
2022-12-09,94.39707946777344,95.49718796617441,93.94352454322755,94.41637638773373,2090400
2022-12-12,96.15338897705078,96.45253907757252,94.17511978749589,94.6286746898522,2446200
2022-12-13,95.97003173828125,100.02306929469765,95.44893395649252,99.81076638085918,2469300
2022-12-14,94.31024169921875,96.63590731399815,92.90132344138952,95.86389791483916,3761500
2022-12-15,91.84315490722656,94.33926263996365,91.39811364485863,93.71039725874259,2964900
2022-12-16,91.6980209350586,92.37526334106704,89.73403198211962,91.04013231907483,5053300
2022-12-19,90.1016845703125,91.45616217798867,89.26964864193897,91.20461454395945,3001000
2022-12-20,90.9433822631836,91.20459936871727,89.31801088067438,89.34703418336613,3029900
2022-12-21,92.67518615722656,93.26535130578112,91.38843215258738,91.69802637959071,1805500
2022-12-22,91.47550201416016,92.06566711473987,89.5211826177561,91.57224881823873,1588400
2022-12-23,93.57494354248047,93.87486086751777,91.00143558793967,91.19493658901892,1454200
2022-12-27,94.50371551513672,94.82298659482584,93.21696168340128,93.36208557246975,1569600
2022-12-28,93.23631286621094,95.53891909445731,92.93638820216968,94.68753695372168,1158500
2022-12-29,95.97428894042969,96.59347732987959,93.57493577663826,93.98127677321953,1352500
2022-12-30,96.09040069580078,96.119424001599,94.54242954232345,94.89072397451943,1374800
2023-01-03,96.94176483154297,98.7122599667777,95.8098118295302,97.43518308164109,1845900
2023-01-04,100.11511993408203,100.59886131737497,97.71575942517364,98.0834002192055,1735100
2023-01-05,98.66389465332031,99.59267721284014,97.71575830515826,99.19600574005887,1193700
2023-01-06,101.75016784667969,102.55318037014861,99.62170856510556,100.1054499819459,2002200
2023-01-09,102.99821472167969,104.11082138250401,101.5566674623602,101.78886126019843,1448300
2023-01-10,101.88561248779297,103.48196060257123,101.28577786887236,102.95951899875426,1115200
2023-01-11,102.16618347167969,102.84342586886945,101.23740085790992,102.40805417468144,1140800
2023-01-12,104.8267593383789,104.87513643064119,102.34032885104124,102.48545274652014,1541000
2023-01-13,104.1592025756836,104.89448419468089,102.87244867047626,103.76253108166753,1356500
2023-01-17,107.83563232421875,108.3193737256631,105.16537772147966,107.15839731471985,2491400
2023-01-18,105.65878295898438,109.75123795717846,105.62975965949408,108.89984847182545,1959600
2023-01-19,105.10734558105469,105.80393447601408,103.59807456284868,104.04311582767073,1383000
2023-01-20,108.30004119873047,108.47418842082406,104.92352046932182,105.66848645656457,1303500
2023-01-23,109.7415771484375,110.49621257102058,107.54539438319424,108.53222361703945,1438800
2023-01-24,108.6386489868164,110.99930947837984,108.33873166844207,109.76092524290985,1021000
2023-01-25,108.04849243164062,108.28068626488071,105.26214428883304,106.76173838092345,1229500
2023-01-26,108.86117553710938,109.49004091499022,107.40995114875773,109.13207695656786,1207500
2023-01-27,109.04498291015625,109.65449440239681,107.9033529380414,108.66766521763005,1267200
2023-01-30,106.70368957519531,108.3000378311975,106.52954235851674,107.8646660988467,1315800
2023-01-31,109.0546646118164,109.15141141751965,106.38440996281957,106.53921075699128,1259100
2023-02-01,111.72492980957031,112.4698884032612,108.43548643592284,108.97727450406167,1366000
2023-02-02,112.37313079833984,115.24655594910008,111.96678978625265,113.3406136164378,1686700
2023-02-03,109.38359069824219,110.74774483577667,108.62895538016232,109.91570913089191,1525800
2023-02-06,107.5550537109375,109.12237839646735,107.26481331967399,108.00977177668855,1397600
2023-02-07,110.55426025390625,110.91223155995313,107.05197711694687,107.2164474273029,1601800
2023-02-08,108.00010681152344,110.39946750337872,107.60344268525832,109.92540297837124,1078500
2023-02-09,108.00978088378906,111.21214663964858,107.94205738198656,109.6254754134402,2199300
2023-02-10,114.04685974121094,114.90791876671118,109.3352236450864,110.01245859279199,3204200
2023-02-13,111.04769134521484,113.19550466604149,109.89638427761824,113.06005764412532,3670600
2023-02-14,112.40216064453125,114.34680328886738,109.50938891680337,110.34142477930307,2504700
2023-02-15,114.12425994873047,115.03369606104059,111.03798773199854,111.03798773199854,2331200
2023-02-16,113.53411102294922,114.59834068217226,111.7636156351288,112.17963355607063,1475300
2023-02-17,112.52791595458984,113.18580451787837,111.02832212535063,112.76978664136786,1453800
2023-02-21,109.441650390625,111.45400888342476,109.22880300645686,111.19279179095957,1414800
2023-02-22,110.23499298095703,110.66068039516182,109.41262669302404,109.74157468445884,1036100
2023-02-23,110.05117797851562,111.67654951775836,108.98694828311697,111.12508456951396,1322800
2023-02-24,108.56124877929688,108.75474977641811,107.34221833201217,108.08718425363938,1546700
2023-02-27,109.84800720214844,110.54459605752633,108.75475420381339,109.6545061971498,1690800
2023-02-28,108.55156707763672,110.20596915920888,108.44514337925936,109.79962077390086,1513000
2023-03-01,108.04849243164062,108.51288747942966,106.37474373798408,107.951745616233,1337200
2023-03-02,107.11969757080078,108.15490387902639,106.42310876875962,107.65180868585976,1372200
2023-03-03,109.1320571899414,109.29652748598397,107.40993169405255,107.76790296894602,996500
2023-03-06,108.94824981689453,110.71874529309109,108.87084941348174,109.28686735518953,935400
2023-03-07,105.28147888183594,109.12238681098933,105.28147888183594,108.65799181532735,1689300
2023-03-08,105.36857604980469,106.007110985323,104.26563864971045,105.17507502289806,1551300
2023-03-09,101.78885650634766,105.88131167664551,101.58568602006441,105.88131167664551,1300000
2023-03-10,96.74828338623047,101.29544975286001,96.3612887764239,100.89878562925675,2390000
2023-03-13,92.8589859008789,95.52923264012605,90.99174413323145,95.04549132603404,3423300
2023-03-14,97.90925598144531,98.43169757692897,95.94526708700047,96.16779137780772,2935000
2023-03-15,96.24519348144531,96.29356319330867,92.53973253627883,94.0973804556557,3633700
2023-03-16,97.88435363769531,98.13653498441646,93.66520186708689,95.41106134453395,3090700
2023-03-17,95.58564758300781,97.8552575106876,95.00368948881905,97.8552575106876,5308400
2023-03-20,96.82713317871094,97.9522367376244,95.76022246252813,96.20638485657172,2362700
2023-03-21,99.36831665039062,100.30914038217452,97.7679543189022,99.05794249762822,2477100
2023-03-22,95.94451141357422,99.57201855437359,95.91541498943431,98.96096404781792,1534100
2023-03-23,95.47895812988281,97.88435636595997,94.27625161193949,95.97361216235952,1629600
2023-03-24,95.46925354003906,95.66323463624722,92.89896331580627,94.08226724242772,1597500
2023-03-27,96.16759490966797,98.6602896728175,95.72143247967709,97.27330341005931,2170900
2023-03-28,96.58467102050781,96.87564268794938,95.33347287076539,95.79903049863393,1480400
2023-03-29,100.22186279296875,100.43524643532699,97.84555370295713,98.3499163848774,2137500
2023-03-30,100.08607482910156,102.6369624701343,99.95028658356549,101.82223299691785,2091100
2023-03-31,102.07441711425781,102.29750205410845,100.37705647594629,100.37705647594629,2111200
2023-04-03,102.08409881591797,102.44297194602953,101.33726353421996,101.92890803536042,1454600
2023-04-04,100.20246887207031,102.89884625789783,99.93089235837617,102.79216182743656,1914600
2023-04-05,100.80381774902344,101.41486487814355,99.15495618796014,99.31984086408553,1753600
2023-04-06,101.93863677978516,102.23931714816753,99.95999819389044,100.40616070837076,1567400
2023-04-10,101.64765167236328,102.0744115777702,99.95998500130614,101.22088436705162,1438800
2023-04-11,102.67576599121094,103.54869576194665,101.59915384062104,102.22960353059155,1849400
2023-04-12,102.04530334472656,105.26543811243741,101.83191971676136,104.93566879642127,1719400
2023-04-13,103.74268341064453,104.56711425727005,102.03562146240334,102.04532273821926,1485200
2023-04-14,104.32462310791016,105.22664926568179,103.65538314562471,104.1403432863642,1172100
2023-04-17,106.4487533569336,106.50694620720023,103.94635719680258,104.23733624794514,1591200
2023-04-18,105.80860137939453,106.41965590089355,104.55741071135421,105.58552385559695,2559400
2023-04-19,106.6815185546875,107.28287173041326,105.28483852704942,107.13738222339371,1302300
2023-04-20,105.81829833984375,106.40995028738232,105.0714629994564,106.05107712906906,1299800
2023-04-21,105.6146240234375,106.65243847937914,105.40124036709167,106.1577770396597,998800
2023-04-24,104.98416900634766,105.90559771203688,104.30522777049622,105.80859976413998,1504000
2023-04-25,102.53997802734375,104.73200003562046,102.46238262530275,104.03365621706116,1528200
2023-04-26,101.44395446777344,103.8396586473478,101.09478998887869,101.78343247209209,1473600
2023-04-27,106.35174560546875,106.46813128717812,102.8018343152635,103.02491920504558,2950000
2023-04-28,109.31970977783203,109.69797808087714,105.95408534825782,106.63303395878036,3257700
2023-05-01,99.90178680419922,106.14807564808164,99.47501952172645,105.21695308624462,6050700
2023-05-02,97.69037628173828,100.87171376257312,94.42174212373533,99.90179343793301,4577400
2023-05-03,100.67772674560547,103.26741208434584,97.97164831077738,97.97164831077738,3625600
2023-05-04,98.4275131225586,100.56133477539264,97.77766091200701,100.02787566223189,2697600
2023-05-05,101.62825012207031,101.71554679897237,99.72720717955815,99.90179313345746,1670000
2023-05-08,101.53125762939453,102.46238023242682,100.92990437747788,102.10350705629686,1065400
2023-05-09,103.5098876953125,103.97544525981297,100.46433877788232,100.46433877788232,1696600
2023-05-10,100.63892364501953,104.53799965586639,99.93087863165695,104.34401857270338,1432300
2023-05-11,100.41584777832031,100.75531840436476,98.33051764704066,99.85329222664402,1760200
2023-05-12,99.51382446289062,100.87171440602968,98.8930760431536,100.86201313074805,1049300
2023-05-15,99.95028686523438,100.53223754772961,99.3198372092377,99.47502060461437,1964000
2023-05-16,97.4866943359375,99.57202452318664,97.26360940431812,99.40713244333541,1573400
2023-05-17,100.6583251953125,101.38576540329548,97.6903715147114,97.71946793904601,2080600
2023-05-18,100.9395980834961,101.20147328975087,99.3877271948098,100.36734869950406,1248900
2023-05-19,98.89306640625,101.4536552381179,98.82517228570441,101.3954623919086,1471800
2023-05-22,100.54193878173828,101.40516723040297,98.029841433449,98.87367473266359,3505800
2023-05-23,98.73788452148438,101.48275320815743,98.63119270187153,100.03757410599832,1806800
2023-05-24,96.01239776611328,97.97164069855255,95.80871541371384,97.7388545244642,1649800
2023-05-25,96.51676940917969,96.83683747856226,94.61572654296337,95.5468491264221,2495100
2023-05-26,96.96292877197266,97.55458071765783,96.20639215943207,96.99202519554663,1781800
2023-05-30,96.148193359375,97.33149726855363,93.83008451430709,96.94352768195179,2430000
2023-05-31,94.75151062011719,95.76992243224505,92.89895940963515,95.76992243224505,5881000
2023-06-01,95.86691284179688,96.55556272319416,94.46053145563411,95.25586575537729,2073500
2023-06-02,97.37030029296875,98.17533593421652,95.74083386003926,97.22481076504732,3421300
2023-06-05,95.14918518066406,97.46729423310532,94.16956355183794,97.46729423310532,3100500
2023-06-06,97.787353515625,98.42750439465351,94.58661392029003,94.81940009442977,1839000
2023-06-07,98.84458923339844,99.40713742847977,97.88436273164046,98.0977463986978,4473600
2023-06-08,97.83586120605469,99.05795542965546,97.11811487166817,98.49540729176655,4183100
2023-06-09,97.07931518554688,98.67968509311169,96.86593894445532,98.35961703152218,1864700
2023-06-12,97.67098236083984,98.59241119060202,96.5555798088782,96.8853491964377,1980400
2023-06-13,97.58367919921875,98.68938771777444,96.56525995322589,97.29270015753382,2398400
2023-06-14,98.36155700683594,99.97563162617249,97.97262095042794,98.3421061239295,6395700
2023-06-15,99.12969207763672,99.81033200221948,97.36004014306226,97.63230056389813,2700800
2023-06-16,97.89482879638672,99.6644807430915,97.29197755933903,99.6644807430915,3752800
2023-06-20,98.24486541748047,99.18803286125794,96.31963618583458,96.48493900280559,2657500
2023-06-21,96.90304565429688,97.77814244774373,96.09600469129899,97.75869898452085,2804500
2023-06-22,96.86415100097656,96.89331990488685,95.34730123260222,96.36825737948854,922000
2023-06-23,96.10572052001953,96.72802260401318,95.40564458490962,96.0668335944614,1627300
2023-06-26,93.84990692138672,96.62107162137575,93.67488607105413,95.40565111027111,2098500
2023-06-27,93.24706268310547,95.15284114588611,93.07204183354715,94.41386340126896,2306500
2023-06-28,94.35552978515625,94.37497325004345,92.48864558577267,93.32485552435168,2313000
2023-06-29,94.28746032714844,95.7362394619239,94.1902281724328,95.1431136743192,1457400
2023-06-30,95.7945785522461,96.72802802134639,95.02643932688282,95.44454427425596,1477500
2023-07-03,99.3338851928711,99.65475055080942,97.02944537007687,98.00178172121302,1318400
2023-07-05,101.86194610595703,102.19253686521839,97.058602728821,97.71006622619137,2917700
2023-07-06,102.34812927246094,102.51342467639584,99.421394696201,100.66598407367906,3737000
2023-07-07,102.92180633544922,104.11778337011324,101.91057559043635,102.44536357714344,2432100
2023-07-10,103.301025390625,104.00110884202442,102.73707587107646,103.12600452777515,1803800
2023-07-11,105.33319854736328,105.39153635447943,103.22323044883596,103.65105339825045,1690900
2023-07-12,105.86799621582031,106.89867795775221,105.15819471995148,106.67503729706412,1434000
2023-07-13,109.22254943847656,109.49480244315879,106.35415261151611,107.13202469775507,1622300
2023-07-14,108.86278533935547,109.51424896422228,108.13353302002564,109.38784789947353,1355100
2023-07-17,109.1933822631836,109.48507873639046,108.31827800688673,108.50301688108298,1706800
2023-07-18,110.51575469970703,110.77828225393426,108.90167277456757,108.95029256010561,1075900
2023-07-19,109.74760437011719,111.51725619611886,109.42673160042905,110.76855306684652,1674500
2023-07-20,108.97947692871094,110.09766538972127,108.38635106900125,109.9323625464375,1967800
2023-07-21,107.43343353271484,109.23225416759409,106.7430756639055,109.23225416759409,5354500
2023-07-24,109.3878402709961,109.4072837340868,107.24870325080947,107.35566084365257,2014600
2023-07-25,108.47383880615234,110.20459628989275,108.37660665663589,109.6600903179306,1474700
2023-07-26,108.25020599365234,108.86277521431418,106.05272379865251,107.91960778210169,2318700
2023-07-27,104.93453979492188,109.31977892269312,104.82758220021981,108.75582204487091,1690500
2023-07-28,105.8777084350586,107.52095930059913,105.47905437449626,106.60696072426232,1319400
2023-07-31,107.2000961303711,107.51124350494567,105.99440098118698,106.4805692176059,1780200
2023-08-01,117.40962219238281,118.13887450413674,112.27568710456924,113.93838148516762,5100600
2023-08-02,118.58614349365234,121.2989628721355,115.231585964724,116.38866120737124,5194000
2023-08-03,118.28471374511719,118.73198755808372,115.18295853841714,117.65269365914851,2351700
2023-08-04,119.25706481933594,120.92948466862106,117.17626544918025,118.45002380070724,1736900
2023-08-07,119.19871520996094,120.34607245383125,118.59587139225248,119.69460884899368,1557700
2023-08-08,120.92948150634766,121.73651508553438,117.45824083304328,117.65270514694267,2301400
2023-08-09,120.60860443115234,121.79485599151401,119.91824649747288,120.58915354944995,1444300
2023-08-10,124.18681335449219,125.99535975622467,123.35060340881638,123.67147621971631,2507300
2023-08-11,123.33114624023438,124.17708158449503,122.89359782464255,123.98261727052935,1317300
2023-08-14,122.30046844482422,123.52561435830812,122.16434194536355,122.52410907584552,1590600
2023-08-15,120.14187622070312,122.30046409005821,119.92796103821387,121.63927507979032,2324200
2023-08-16,120.21968078613281,120.75446881298603,119.24734431428227,119.37374538502097,1617100
2023-08-17,121.5226058959961,122.36853381180417,120.4724808091261,120.55998752386294,3694800
2023-08-18,120.6280517578125,121.61983904294037,119.46125104178469,119.9960390306613,1928700
2023-08-21,120.21968078613281,121.42537593409267,119.22790084891423,120.70584902205808,1703500
2023-08-22,120.03491973876953,121.45453734143815,119.8307299949621,120.5405387962964,957300
2023-08-23,119.85990905761719,120.30719034577739,119.21817086816426,120.21967620910664,1260100
2023-08-24,117.87635040283203,120.55027562457252,117.78883626531186,119.89880456897497,2166100
2023-08-25,118.34305572509766,118.838949338456,116.27198197970556,118.09997163871343,2149300
2023-08-28,121.82402801513672,122.16434427026495,118.61531493915527,118.7903357872695,1868000
2023-08-29,121.39620208740234,122.15462331765232,120.52109781467611,121.23090667431468,1581600
2023-08-30,123.63258361816406,123.99234336425172,121.01699614054586,121.62956544591513,2069400
2023-08-31,123.18529510498047,124.20624382603303,122.99082338311023,123.5158859046534,1430100
2023-09-01,125.7425537109375,126.11203146381587,123.62285258753955,124.75076640231364,1996500
2023-09-05,123.00056457519531,125.0230262316156,122.91305785290088,125.0230262316156,1458000
2023-09-06,123.82704162597656,124.25487202472301,122.48522003673293,122.70885325910444,1046900
2023-09-07,123.13668823242188,123.90483492309984,122.51439349385667,122.5532878423093,1180500
2023-09-08,122.42688751220703,123.81732153150041,121.98933165322894,123.11724551014474,1072600
2023-09-11,121.64901733398438,122.86443793126395,120.65722997233463,122.4171640416657,1216800
2023-09-12,121.64901733398438,122.08656578166958,121.19201800247309,121.56150319344418,1088000
2023-09-13,122.32964324951172,122.46576975553813,120.89058949485018,121.78513722540607,1301900
2023-09-14,122.4465560913086,123.06034503020659,121.28716955139272,122.75832296341515,1027800
2023-09-15,121.14102172851562,123.42082291714829,120.53697762223558,122.22246464324641,2608200
2023-09-18,120.12779235839844,120.93643281783015,118.57869534539282,119.6309113429315,1280200
2023-09-19,119.77704620361328,120.38109030905223,118.39357380456063,119.94267072071052,1420200
2023-09-20,119.53348541259766,121.19949035637443,119.3093994857594,120.24470011561081,974800
2023-09-21,116.64964294433594,118.6663866052902,116.17224409512725,118.39358407726716,1283100
2023-09-22,116.09429168701172,117.10752834530523,115.7045812775331,116.74705234885144,1345500
2023-09-25,116.48400115966797,116.69834226849035,114.93491167281051,114.93491167281051,979100
2023-09-26,114.37958526611328,116.01636325295676,114.31138649304101,115.59742580891026,1238600
2023-09-27,112.2848892211914,114.85696765078522,111.80749784720457,114.73031492020738,1379000
2023-09-28,113.1130142211914,114.18471228046643,112.1192597310184,112.1192597310184,1114500
2023-09-29,112.42127990722656,114.32110791568601,112.22642842080786,113.45400616483963,1414200
2023-10-02,112.92790985107422,114.13600546449076,112.57717121603262,113.03507296940157,1224800
2023-10-03,108.98210906982422,112.33360843710658,108.83596672613767,111.85620961885664,1824200
2023-10-04,110.03433227539062,110.20970161274883,107.99809900089207,109.36208190999935,2294900
2023-10-05,111.18396759033203,111.29113814765671,109.1477344342716,109.73229638042811,1442500
2023-10-06,111.75878143310547,113.17148081382615,110.21942932160633,111.12550291299675,1283000
2023-10-09,110.87220001220703,111.47624413167986,109.44001842179128,110.1609779029887,1169800
2023-10-10,112.25566101074219,112.44077513526696,110.70656411379453,111.232672073148,1108900
2023-10-11,112.2166976928711,113.52221916847634,110.91116878415716,112.6258903255436,901000
2023-10-12,111.09627532958984,112.82074155859038,109.84920790585394,112.78176977246012,1082700
2023-10-13,110.13175201416016,112.34334707203692,109.71281458854017,111.07679742310118,1774000
2023-10-16,112.24592590332031,112.82075050292818,110.53120434318764,111.3301074394241,1431100
2023-10-17,113.20071411132812,114.28215708503986,111.19370788485944,111.39830419973617,1299600
2023-10-18,112.09004211425781,113.14225065259902,111.40804697730702,112.15824088464204,1226800
2023-10-19,109.5179672241211,112.36284093057789,109.09902978266207,111.81724331626064,1167400
2023-10-20,108.2708969116211,109.87844797369006,107.90067604895253,109.79076701928528,1111000
2023-10-23,105.9813461303711,107.67657795548268,105.95211914886872,107.549925224603,1807400
2023-10-24,108.6313705444336,108.78725769337592,106.50745645529881,106.7899963379255,2114400
2023-10-25,102.89290618896484,106.34183129080319,101.09050378060039,104.43225832646657,3619400
2023-10-26,101.68480682373047,103.9256287463507,100.7007896788472,102.92212942523076,2472800
2023-10-27,100.1357192993164,102.08426416190862,99.48295855429411,102.08426416190862,2302100
2023-10-30,101.12946319580078,101.5484005634112,99.34654318249777,101.48020180278195,2644900
2023-10-31,103.4872055053711,105.9033966610746,100.79821186024887,101.86990990994515,4260700
2023-11-01,106.21517944335938,106.85820282955281,103.61387378054174,103.61387378054174,2898700
2023-11-02,109.11851501464844,110.00510651703475,107.36482162152659,107.36482162152659,2545600
2023-11-03,110.8332290649414,111.66135910905214,109.45950142842263,109.51796282628219,1612900
2023-11-06,108.1734619140625,110.9014275702691,107.72529750812012,110.62863249127012,1457600
2023-11-07,106.97511291503906,108.34883313923912,106.81922576253233,108.23191777485906,1482200
2023-11-08,107.0433120727539,108.44625928484098,106.80948134314892,107.3453341404413,1907300
2023-11-09,104.48096466064453,107.28687378389785,104.09125423429178,107.28687378389785,1978300
2023-11-10,106.37104797363281,106.55616208568117,104.27636108213802,105.15320762196231,1090200
2023-11-13,105.90339660644531,106.634100835376,105.28960773006233,105.68906294310285,904200
2023-11-14,108.97237396240234,110.24867594886304,108.115016867243,108.115016867243,2426000
2023-11-15,111.51521301269531,112.02183880052357,109.06978731705566,109.06978731705566,2462600
2023-11-16,108.93339538574219,111.42753780074884,108.5242027589824,111.01833774088047,1389200
2023-11-17,109.16722106933594,109.75178299956085,108.49497076136778,109.62512283538817,1170600
2023-11-20,110.45326232910156,110.86245494450579,108.94313716777995,108.94313716777995,1353400
2023-11-21,109.16722106933594,110.37531671621517,109.1087596731377,110.02457807145858,887500
2023-11-22,109.48873138427734,110.09278295784125,108.95288601558666,109.73229948816638,804800
2023-11-24,109.73230743408203,109.9174215850369,108.86520551609735,109.60565468680768,248900
2023-11-27,110.77477264404297,111.26190886047783,109.02108672474274,109.27439963855933,2315400
2023-11-28,112.5284652709961,113.23968741297368,110.77477192989292,110.78451673542925,1321900
2023-11-29,113.36634063720703,114.73032352688465,113.3371136535818,113.60016393931758,1082500
2023-11-30,113.44427490234375,114.08729078863622,112.74279762049149,113.61964422280681,1830100
2023-12-01,116.70808410644531,116.93216258134808,112.96687446826333,113.23967696635283,3658800
2023-12-04,116.72756958007812,117.96489964519378,115.61689967950196,115.9384113436446,1389500
2023-12-05,114.8082504272461,116.16249583540385,113.8339780749452,115.77278540786186,1247600
2023-12-06,116.37683868408203,117.30240195160286,115.63639698979586,115.63639698979586,1592900
2023-12-07,116.78604125976562,116.94192098655213,114.7400631682374,116.20147184326676,1727700
2023-12-08,117.06857299804688,117.67261711774412,116.06506620069838,116.81526009743698,1534200
2023-12-11,119.56271362304688,120.18624738268109,117.44854423700245,117.44854423700245,1666900
2023-12-12,120.24468994140625,120.43954886849738,118.8027710464721,119.74781640181696,1546600
2023-12-13,125.93445587158203,126.13905963426318,119.38735102595084,119.38735102595084,2106900
2023-12-14,122.69359588623047,134.77846569812704,118.09588156472586,127.0960736706414,11204200
2023-12-15,125.12422943115234,128.9507912000056,124.00165096048495,124.0602181996467,4237000
2023-12-18,124.34330749511719,125.34875895028607,123.15239807812011,125.30970419356665,3193700
2023-12-19,125.35850524902344,125.59278908568119,122.78144262588526,124.94851970614057,3172500
2023-12-20,121.49293518066406,124.90949693753598,121.35627330619026,124.86069338094597,2029800
2023-12-21,123.35738372802734,123.65022735886377,122.0981360071475,122.85953987383944,1583700
2023-12-22,123.864990234375,124.19688863684958,122.71312068610325,124.01141578112812,910900
2023-12-26,123.29881286621094,124.1090277535824,123.13286739217463,123.28905662480588,746500
2023-12-27,124.36283874511719,124.46045329741649,123.02549629132656,123.48429287939754,722000
2023-12-28,124.88996124267578,125.40732505182035,123.9430844836696,125.01686685832361,804900
2023-12-29,123.97238159179688,125.38781131600493,123.55263228535719,124.45069814413075,1066200
2024-01-02,124.1383056640625,124.95827675513092,122.60573426503132,123.20119265390765,3553800
2024-01-03,122.51788330078125,124.45067655513377,122.09813406715728,123.51356354582465,2892800
2024-01-04,122.83026123046875,124.44092733159853,121.95171540735136,121.95171540735136,1313600
2024-01-05,124.35307312011719,125.33898976476152,122.64479241517286,122.64479241517286,1337100
2024-01-08,129.89767456054688,130.17099828722135,125.11447955369151,125.81731624943332,2253000
2024-01-09,128.20889282226562,129.88788976385206,127.85747451135161,128.51150013818682,1610800
2024-01-10,130.09288024902344,130.4930946299549,128.6481523594828,128.6774508703054,1875000
2024-01-11,128.84341430664062,131.50832798146348,127.6329700695842,129.9562365473928,2046000
2024-01-12,127.16441345214844,130.04408351667263,126.67633327527908,129.6926651935257,1494900
2024-01-16,125.82705688476562,127.05702839726996,125.15351878866103,126.2663409363881,1657900
2024-01-17,124.98756408691406,126.26634665136962,124.19688403775706,124.47996398414772,1462600
2024-01-18,124.38236236572266,126.0808869056628,123.13287818520108,125.53423943856289,1542700
2024-01-19,126.37372589111328,126.78371145209333,124.64591789517783,125.41707802046828,2228700
2024-01-22,129.51695251464844,129.95623660318094,128.01367207808457,128.2284285540259,4434800
2024-01-23,128.6872100830078,130.46381402763572,127.98437349754386,129.82931581063082,2155400
2024-01-24,126.9106216430664,129.08747028935176,125.9247048971666,128.85318640640304,2391500
2024-01-25,128.24794006347656,128.63839821049703,126.42251024384579,128.63839821049703,1800800
2024-01-26,130.70787048339844,131.42047829371845,127.7989166869003,127.7989166869003,2349100
2024-01-29,132.15261840820312,132.6992659263091,129.62435129442136,129.99529706529086,2043000
2024-01-30,132.69924926757812,132.9432893714555,131.6645216103421,131.84999447249305,1572100
2024-01-31,130.05386352539062,133.31425102293383,129.94648527105497,132.60164311005727,1325400
2024-02-01,132.08424377441406,132.25018923294127,128.59935935529532,130.35643592559455,1665000
2024-02-02,133.24591064453125,134.4173002865766,131.4985898719425,133.9292200278054,1455200
2024-02-05,132.8456573486328,133.1677920488489,130.8640530462633,131.91830800287278,1421700
2024-02-06,132.62115478515625,132.83591126839426,130.45407746886428,132.30877630225518,1273900
2024-02-07,133.74374389648438,134.39776963994257,132.06474665550658,133.23615116411588,1315400
2024-02-08,133.372802734375,134.40753039469018,132.96281714604405,133.4704098392009,991000
2024-02-09,132.75779724121094,133.83157950043608,131.69378611753928,133.21659376151408,1522900
2024-02-12,134.46609497070312,135.03226978956178,132.32830131355462,132.75781427234574,1470400
2024-02-13,132.82615661621094,133.85111314981108,130.834781001447,132.46496712915533,2322400
2024-02-14,135.66676330566406,135.95961439405806,128.267465954366,128.853168131154,3680700
2024-02-15,134.534423828125,138.40001039365129,134.32942360501738,136.6624461978802,2690600
2024-02-16,130.990966796875,134.21229910418413,130.44431935466994,134.05610986497535,1795800
2024-02-20,127.6817855834961,129.54625555566147,127.42797434213848,128.77508048464918,3789300
2024-02-21,129.30221557617188,130.30765961553033,127.77939281163319,128.02343291623527,9088900
2024-02-22,129.2924346923828,131.5083228457308,129.2631510736402,130.2197840409567,4017600
2024-02-23,129.92697143554688,131.8402377174417,128.86294514635142,129.29245815923363,4092400
2024-02-26,130.15145874023438,131.32284815861487,128.92150208518854,129.1460147907472,1551100
2024-02-27,130.05386352539062,130.54194379145682,129.1265139988704,130.26862003406197,1934500
2024-02-28,126.95942687988281,129.46816640844474,126.84229239124309,129.39982802672057,2569700
2024-02-29,126.60798645019531,128.02341588963571,126.46156836491745,127.53533574534427,3064000
2024-03-01,126.98870086669922,127.82819939331502,126.52990429430307,126.59824267084204,2280100
2024-03-04,125.48542022705078,127.52559185293248,124.75329993972262,126.96918817997627,2412700
2024-03-05,125.75875091552734,126.87157321816657,124.5483066111548,125.19257607453177,1810200
2024-03-06,125.20233154296875,127.01799054079405,124.78258970716708,126.42253208196354,1692600
2024-03-07,125.9930419921875,127.22299885126579,125.52447423108688,125.97351461171822,1474100
2024-03-08,126.53968811035156,127.57441583857656,126.3249316126037,126.35421523547598,1757700
2024-03-11,127.1546401977539,127.35964042243528,126.39323632612258,126.47133094052383,2077200
2024-03-12,129.9367218017578,130.1710056786503,127.43775336167873,127.68179348113999,3127600
2024-03-13,130.8054656982422,137.03337248819255,129.93668372336074,129.93668372336074,4172200
2024-03-14,129.09402465820312,130.72725787639237,127.51946815447246,130.55122773301662,2874800
2024-03-15,127.02068328857422,129.0157659138212,126.62948037577512,127.71504420913658,1849500
2024-03-18,127.67597198486328,128.23341579394955,126.41436270878857,127.05983652804214,1997000
2024-03-19,128.41921997070312,129.23094938735122,126.84466337655313,127.55858831490887,3440400
2024-03-20,130.16001892089844,130.69791365072922,128.1062593927264,128.48767294244885,1635900
2024-03-21,131.6269989013672,132.5463071983348,130.22848750018193,130.63923941359718,2280900
2024-03-22,129.22116088867188,131.92039407598625,128.99621359757907,131.74436394160048,2066900
2024-03-25,129.73948669433594,130.25781752259175,128.2822837505819,129.0451108156703,3931500
2024-03-26,131.23582458496094,133.35805048754816,130.18937335200033,130.5218996315061,4621400
2024-03-27,128.86907958984375,132.3507035850093,125.47547065769999,131.8812749926939,3161100
2024-03-28,130.71746826171875,130.9424006153862,129.17225029414737,129.4851977093109,2350100
2024-04-01,127.28473663330078,130.68813504012724,127.21628544595978,130.60989445254737,1389300
2024-04-02,125.5341567993164,126.37522450696703,124.96692370133185,125.91557035727035,1700400
2024-04-03,124.30188751220703,126.10138372707176,124.20409050803063,125.59282736706152,1695900
2024-04-04,123.22611236572266,125.847105053065,122.58063867184266,125.7199771481738,1412500
2024-04-05,123.14785766601562,123.95958692935405,122.05251934578322,123.11851931264263,1719700
2024-04-08,125.24075317382812,126.1502869580212,123.35324187869995,124.08673060797618,1778200
2024-04-09,125.33856964111328,126.50237425732202,124.84957710810913,125.95469008514839,1180200
2024-04-10,122.25789642333984,123.91068585740248,121.97427990236275,122.80556558857407,1172600
2024-04-11,121.79824829101562,122.53173701388967,120.29215055134229,122.4926167199644,1595400
2024-04-12,121.01586151123047,121.7591321985919,120.17479381639782,120.77136526183571,1183700
2024-04-15,120.45840454101562,123.7053142776435,120.02809623664628,123.40214133070073,1528000
2024-04-16,120.71268463134766,122.06230119808264,120.0476545561232,120.52686510018059,1583100
2024-04-17,120.24325561523438,121.75913538573462,119.84228563567662,121.75913538573462,1530600
2024-04-18,119.49020385742188,121.38749708567953,119.26526403143366,120.54642941509726,863400
2024-04-19,119.41197204589844,120.39973902677528,118.86430281045007,119.57822771216901,1065100
2024-04-22,121.49507904052734,122.30680091454315,119.16746998039278,120.29215421534323,1027100
2024-04-23,124.07695007324219,124.2432057196845,122.06229605474113,122.49261180923448,1219000
2024-04-24,124.66374969482422,124.84956923330421,122.77623833802437,123.34347143127547,1581300
2024-04-25,121.88626861572266,124.26277247883912,120.64423094109202,123.14787016887668,1196500
2024-04-26,121.82759094238281,123.63686169698988,121.37771873852718,121.89604959380794,1593700
2024-04-29,121.93516540527344,123.28478196721179,121.74934587476679,122.09163911930551,2745900
2024-04-30,120.06721496582031,121.90583153805746,119.85206453378481,121.50485410724117,2621600
2024-05-01,106.6590347290039,119.43152306651946,106.13092196820928,119.41195918939766,9060500
2024-05-02,108.1064682006836,110.41451351300029,105.7788664704198,108.7421599747548,3993500
2024-05-03,108.91818237304688,110.10154322160227,107.42185918956832,109.53431018170316,3191100
2024-05-06,108.64434051513672,109.58321259864069,107.93041570631667,109.18223520241162,2163600
2024-05-07,108.4096450805664,109.31917150723986,107.87175776117,109.27027672989512,2284900
2024-05-08,108.61500549316406,108.8986220222965,107.02089272055726,107.87174230795456,2810800
2024-05-09,109.1137924194336,109.83749927180457,108.63458183110735,108.73237884443849,1726700
2024-05-10,106.82530212402344,109.690798399814,106.75684347421684,109.54409916124749,2167800
2024-05-13,106.97199249267578,108.6639097605236,106.73727819091975,107.71526315324185,1989900
2024-05-14,107.76416778564453,108.6639121802726,106.70794221207247,107.57834825100686,1453600
2024-05-15,106.42432403564453,108.31183532440527,105.82775260759772,107.9010834281402,3456500
2024-05-16,106.86441802978516,107.63702707778026,106.07225256475436,106.41454582362981,2564900
2024-05-17,106.75684356689453,107.56856542632516,106.03312931238705,107.40230977114098,1614600
2024-05-20,105.01602172851562,106.72749539889749,104.79108936738223,106.70793898283796,1616100
2024-05-21,104.99646759033203,105.41700142834944,103.45124953794873,104.38033974174371,2348300
2024-05-22,103.93046569824219,105.09427026984481,103.54905213403242,104.73241312317474,1831100
2024-05-23,100.96717071533203,104.05760693981048,100.69333610535212,103.86200546022947,2751800
2024-05-24,100.49774169921875,102.17009517065415,100.37059887262356,100.73245601237632,2870600
2024-05-28,99.23612976074219,100.85958082729442,98.95251324218701,100.53685147849889,2205200
2024-05-29,98.27770233154297,98.7373564368833,97.22148429067448,98.05276997878032,3078300
2024-05-30,98.35594940185547,99.30459602880902,97.88651332717572,98.60044564750605,4606900
2024-05-31,99.60777282714844,99.65667506273779,97.02589297042239,98.72758481657512,3273400
2024-06-03,96.89875030517578,99.85226156103893,96.72271271632083,99.15789314428687,2198400
2024-06-04,95.39265441894531,96.77160934019179,95.30463189211551,96.51733862142376,2323500
2024-06-05,96.34130859375,96.57602291467028,94.92322580573763,95.6371581695554,2552700
2024-06-06,95.6078109741211,97.48554029077329,95.4708936777881,96.3510741652336,2484200
2024-06-07,95.55891418457031,96.93787662659177,94.67872618556017,95.35353822837352,2705800
2024-06-10,95.1872787475586,95.3144141073112,93.73985771156298,95.01124115482173,3010900
2024-06-11,94.55158233642578,95.07969508844339,94.13104852249137,95.06013121164673,1488700
2024-06-12,93.33888244628906,95.67626579049062,93.27042380086431,95.45132597756199,2475900
2024-06-13,91.5785140991211,93.3975667820527,91.09930354200614,93.3975667820527,2309400
2024-06-14,92.34337615966797,92.37279305055473,90.65673792236518,90.88227988817474,2543200
2024-06-17,92.06881713867188,92.50028486240974,90.18606113193682,91.76483259589692,2845700
2024-06-18,90.42141723632812,92.42184859710069,89.82324870525065,92.17669780506594,2614200
2024-06-20,92.53950500488281,93.18669907497973,90.22528139635308,90.31353207260892,3462200
2024-06-21,93.18670654296875,94.13789269745786,91.74521886401372,92.6865968932194,4126800
2024-06-24,95.15771484375,95.69704199825169,93.18670074327359,93.18670074327359,2867400
2024-06-25,93.794677734375,95.11849027804575,93.34360125556755,95.11849027804575,1303900
2024-06-26,93.31417846679688,93.78486368389628,92.5983350356413,93.18669529771887,2203500
2024-06-27,92.98078155517578,93.26515733944316,91.96095347823993,93.09845661530947,1210400
2024-06-28,94.82430267333984,95.1479034437456,92.70620418271638,93.38282261512718,3439000
2024-07-01,93.8240966796875,95.15771737725304,93.22592824262911,95.11849235892379,1959600
2024-07-02,95.20674133300781,95.21654945776618,93.87312814074785,94.01041196173648,1294700
2024-07-03,94.71644592285156,96.71687706193336,94.32421068419082,96.56979258813939,1283300
2024-07-05,94.35362243652344,94.74586513521393,93.57894516399669,94.4810981339998,1345500
2024-07-08,93.66719055175781,94.81450168985671,92.96116271169043,94.28497519875108,1609700
2024-07-09,93.93197631835938,94.647812425848,92.9807900690533,93.52992543714412,2507300
2024-07-10,92.98078155517578,93.79468388793337,91.91192781423993,93.23574044476165,1955900
2024-07-11,94.96159362792969,96.10890485640809,93.02000382233369,93.76526421830955,2617300
2024-07-12,95.55976867675781,96.61882181557807,95.04005023309821,95.73627753322785,3246200
2024-07-15,97.57000732421875,98.06030886856156,95.75589310643194,96.09910269119032,2182300
2024-07-16,101.1099853515625,101.23746106013616,97.82496649169319,97.85438338740958,2790100
2024-07-17,101.51201629638672,103.13001269530083,100.31568695579163,100.32548759889156,2493300
2024-07-18,99.19780731201172,102.32592592838917,99.14877416735257,101.03153021230703,1746200
2024-07-19,98.6878890991211,99.87441787677088,97.4719434273704,99.50179141581384,1921800
2024-07-22,98.40351867675781,99.57043874899384,97.01106408320037,99.38412176767001,2353200
2024-07-23,97.97205352783203,99.21741609948667,97.32485192896684,99.09974104112733,1843800
2024-07-24,96.47172546386719,98.5702153944901,96.29521661543126,97.55039480509093,1868100
2024-07-25,96.8247299194336,99.23701219722689,96.77570426243275,97.08949689658294,1335400
2024-07-26,99.22721862792969,99.6881032287489,97.11892071003705,97.48174650845809,1778700
2024-07-29,99.599853515625,100.23724700737442,98.39370844776639,99.33509397855774,1136900
2024-07-30,99.84500122070312,100.96288808764676,99.24683276786745,100.17841014459214,998800
2024-07-31,99.66848754882812,100.65889866594418,98.15835804276624,99.74693758375768,1712300
2024-08-01,96.2167739868164,100.39413759439734,95.88336505938915,99.93326044514791,1879400
2024-08-02,93.7652587890625,94.90275434519687,92.16687115808314,94.6281867103164,1957700
2024-08-05,90.86267852783203,92.83368519197298,90.32334387959013,91.19607996026721,2537600
2024-08-06,91.21569061279297,93.14747978006203,90.22528693851983,90.82345538568663,2961200
2024-08-07,97.53077697753906,99.90383452704698,94.94198556327453,95.67743783963166,3812000
2024-08-08,102.04154968261719,102.50243430724217,98.04069497570573,98.47215522482506,3671800
2024-08-09,100.08033752441406,102.40436927520403,99.97247059833899,101.9729015709037,2125400
2024-08-12,98.48196411132812,100.84521355951154,98.24662147531572,100.09015250665998,2054700
2024-08-13,101.74737548828125,102.2867026818424,98.60944121089429,99.08994209637832,2528900
2024-08-14,103.04175567626953,103.3555483085115,101.83561080400435,102.13960279374967,2174200
2024-08-15,106.66999816894531,107.16029969204685,104.64995828781738,104.64995828781738,2986300
2024-08-16,106.71902465820312,107.56234382385612,105.87570549255014,106.01298931194415,2093200
2024-08-19,107.76826477050781,108.1801162104131,107.06222945558062,107.25834705132408,1255000
2024-08-20,106.54251861572266,107.81729804087071,106.26795096973407,107.75846425427522,1251700
2024-08-21,107.22893524169922,107.4152522034698,105.90512270417841,107.26816025898813,1503900
2024-08-22,107.11126708984375,108.90576486227692,106.99359203861573,107.42505974504473,1110000
2024-08-23,108.34683227539062,108.41547419177296,107.09166152930938,107.68983000695869,1036600
2024-08-26,108.25857543945312,109.94521383921612,107.90555775199542,108.99402770808881,980000
2024-08-27,107.84673309326172,108.50373537998391,107.37604030967377,107.88595063393672,897800
2024-08-28,106.29737091064453,108.06245189178026,105.55211050630325,107.64079228580646,1574700
2024-08-29,108.72926330566406,109.67064133429317,106.53271457219614,107.12107490491339,1465500
2024-08-30,108.85675048828125,109.28821075803712,108.11149004938248,109.00384244721504,2013500
2024-09-03,107.46428680419922,109.06267459571558,106.8857345842227,107.94478769490698,1262700
2024-09-04,107.90555572509766,109.19014326946792,107.07204466591536,107.34661231069003,1435900
2024-09-05,106.84650421142578,108.50372571005155,106.16988573325884,108.50372571005155,1299000
2024-09-06,105.85608673095703,108.13108530301679,105.59132722309703,106.63076396852743,2122900
2024-09-09,107.86632537841797,108.94498713592078,106.26794525020787,106.64057168093595,1857100
2024-09-10,107.23873901367188,108.01341624051875,105.57171699429448,108.00360811624284,1869600
2024-09-11,107.2093276977539,107.48389534050395,103.92430914672514,106.18949968082009,1345600
2024-09-12,107.22893524169922,107.86632868018171,105.11083667794733,107.46427786402563,1206600
2024-09-13,108.54596710205078,109.32241957843421,107.66140051512339,107.66140051512339,1192200
2024-09-16,109.14550018310547,109.61726400416171,107.85796152883992,108.93909507552378,984400
2024-09-17,110.14800262451172,110.94410874972618,109.09635339175841,110.24628612785722,1255300
2024-09-18,109.35189819335938,111.25862218316298,109.26343778999255,110.0497208260389,1058200
2024-09-19,111.03257751464844,112.0940574272517,109.55830235777209,111.5436562696697,2046500
2024-09-20,108.79167175292969,110.37406089431671,107.9759044318816,110.37406089431671,2684900
2024-09-23,109.07669830322266,110.94410733868871,108.69337989751429,109.33223390896083,2112300
2024-09-24,102.0296630859375,115.93699303781467,100.74213189732265,109.30275508360074,9982800
2024-09-25,95.39542388916016,99.26785550338285,94.36343583107727,99.03197358989974,8009300
2024-09-26,95.99496459960938,96.66330294758559,94.76640201131126,96.122739907865,4561100
2024-09-27,99.28751373291016,99.77893878256504,96.17188071775047,96.95816379661876,2796700
2024-09-30,100.66350555419922,100.81093456907327,98.50123833121711,98.50123833121711,2831800
2024-10-01,98.69779968261719,100.13275984795852,98.17689035872864,99.41528351456323,2609500
2024-10-02,95.98514556884766,98.30466493526468,94.91383504716805,98.30466493526468,3378000
2024-10-03,96.50604248046875,96.93849137509555,95.58216109451777,95.65096029356411,1502800
2024-10-04,96.95816802978516,97.78375854994584,95.8573731710194,97.63632952890244,1963600
2024-10-07,95.89668273925781,97.29232806388211,94.61897462606306,97.02696183961454,2217100
2024-10-08,97.12523651123047,97.90168890954698,96.01461871286784,96.07358731321708,2195100
2024-10-09,98.69779968261719,99.2678545081578,96.60433178702243,97.04661130768798,2247400
2024-10-10,97.18421173095703,97.8623806753659,96.41758987999965,97.37095564284954,2125800
2024-10-11,98.8845443725586,98.97299727797085,97.01712777327502,97.20387168276862,1833400
2024-10-14,100.86990356445312,101.00750197925235,98.18672697731682,98.83540414729161,1194800
2024-10-15,101.08612823486328,102.20657671516797,100.64384870263021,101.23355724512463,1698100
2024-10-16,99.99516296386719,102.00017798527243,99.82808025338781,100.75196170894584,1553900
2024-10-17,99.87722778320312,100.80110175896408,98.35380716048245,100.43745202860376,1981300
2024-10-18,100.55538940429688,101.16475915409659,98.63883474544855,100.05414126186025,2207500
2024-10-21,98.26534271240234,100.65366842516379,97.88202432772816,99.34647617322787,1931000
2024-10-22,97.60684204101562,98.5896921511813,97.25301540147188,97.31199150709668,1709200
2024-10-23,98.16706848144531,98.24569829165506,97.08593483599124,97.60684420616585,1946400
2024-10-24,97.82305908203125,98.86487768017126,97.55769288198535,98.33414528007947,1784000
2024-10-25,97.42992401123047,99.2383720257569,97.03678998501032,98.98282890987309,1336200
2024-10-28,100.01482391357422,100.16225292185453,97.36112426018127,98.04912379930575,2142000
2024-10-29,97.35130310058594,99.46442476673762,97.20387408936463,99.46442476673762,2360300
2024-10-30,101.55789947509766,102.63903305177371,94.94331520839035,96.31930680531939,4764100
2024-10-31,101.93138122558594,104.02484920325661,100.89939313738957,101.23355856636238,2906600
2024-11-01,102.64886474609375,103.58256932259472,101.24338883187004,101.84292798050365,2469200
2024-11-04,103.34668731689453,105.28290317248631,102.96337638593029,103.13045909972475,4156300
2024-11-05,105.52861022949219,105.63672433248047,103.32702076732225,103.44496547018692,2893800
2024-11-06,113.06707763671875,113.31279016439802,107.98574436396376,109.93178338399487,3846400
2024-11-07,110.00057983398438,113.04741360111005,109.8629814218178,112.43805134681556,2139700
2024-11-08,108.9784164428711,110.61978180958856,108.70321961450203,109.74504582003641,3813800
2024-11-11,113.43073272705078,113.95164207608865,110.08904091424519,110.32492283675172,2500700
2024-11-12,114.36443328857422,116.0254522852563,112.44787867590324,112.78204409614297,2747000
2024-11-13,114.07941436767578,115.7109491839034,114.01061515847047,114.50204022380872,2034600
2024-11-14,114.21701049804688,115.48488804104707,113.83369955464579,114.5610065371823,1486700
2024-11-15,114.01061248779297,115.47505704860217,113.21450630013013,113.902498376067,1780700
2024-11-18,114.06957244873047,114.158032850961,112.71324210245128,113.36191922508893,1428400
2024-11-19,112.7525634765625,113.53883904909708,112.04491021229562,112.64444936682445,2797600
2024-11-20,112.86067962646484,113.41107328704354,112.16285695007365,113.41107328704354,2087600
2024-11-21,114.3349609375,115.07209855766149,112.93931550964665,113.79439034996092,1573300
2024-11-22,115.07209014892578,115.69128300513617,113.97129535044512,114.16786986725475,1041600
2024-11-25,116.5463638305664,116.97881276506162,115.38660044075695,116.40876541978825,2202300
2024-11-26,115.44557189941406,116.39893769662191,115.24900487874388,115.81905223810787,1937000
2024-11-27,117.33263397216797,117.72577548418047,115.07208340055965,115.62247701824678,2782200
2024-11-29,116.91984558105469,117.94201057250923,116.63481815567832,117.55869963803266,868700
2024-12-02,116.10408020019531,117.31298912866644,115.86819827459773,117.31298912866644,2602600
2024-12-03,116.22201538085938,116.5758419895139,115.47504726274975,116.17286988022101,1326700
2024-12-04,114.84603118896484,116.24167651312875,114.44306655246167,116.14339300411952,1589300
2024-12-05,113.86317443847656,115.12122127669619,113.27346592037993,113.99094974140709,2566900
2024-12-06,115.80921936035156,116.33012866985251,114.24648393329817,115.15071164828623,3143400
2024-12-09,114.78706359863281,116.82156299717977,114.55118167521393,115.97631131483165,1748000
2024-12-10,113.77471923828125,115.43573065589081,113.43072323454854,115.43573065589081,1438900
2024-12-11,115.062255859375,115.2588228713313,113.55849647211183,114.23666541089752,1626400
2024-12-12,113.7845458984375,115.54384837089952,113.77472279698824,115.23916725785635,2090800
2024-12-13,112.49423217773438,114.18839396933595,112.34648411176376,114.0701940136037,1156000
2024-12-16,112.24798583984375,113.08521484522755,111.4994011635433,112.11994152624155,1767100
2024-12-17,112.97687530517578,113.40041577729065,111.5388095780549,111.87370571438673,1386000
2024-12-18,109.30291748046875,114.41495138455258,109.21426562770795,113.27237426315189,1783100
2024-12-19,108.91876983642578,111.35166448282378,108.27853321661911,110.48487982285945,2637000
2024-12-20,110.34698486328125,111.15466579605464,107.76634963442872,108.04214202394466,3300500
2024-12-23,110.13028717041016,110.38638332060438,107.94363680556624,109.26351002754058,1053900
2024-12-24,111.28272247314453,111.50926301091455,109.7855529866481,109.7855529866481,439200
2024-12-26,112.05099487304688,112.36618723847235,110.05149260036855,110.50458115599399,821200
2024-12-27,110.66217803955078,112.46468797449772,110.20908946567181,111.12511848877772,1038600
2024-12-30,109.1650161743164,110.13028954506525,107.98303911970392,109.6772009709698,1043900
2024-12-31,110.37654113769531,110.74098540209768,109.57871202119182,109.95300064681997,938400
2025-01-02,110.21893310546875,111.7850430037191,110.03178506173626,110.80006595633292,959800
2025-01-03,110.88872528076172,111.48956192139245,109.539303929467,110.63262912702264,896600
2025-01-06,111.33196258544922,113.45951677010379,111.22361450115038,111.46985878096064,1173200
2025-01-07,110.59322357177734,112.6321257941865,109.94314261705634,111.73580057340266,942000
2025-01-08,109.71659851074219,109.87419845375408,108.03228857239185,109.87419845375408,1490500
2025-01-10,104.12193298339844,107.97319722327103,103.46200010051025,107.29356058922781,2161700
2025-01-13,105.21524810791016,105.47134424487167,103.57033823909042,103.75747876841208,2294500
2025-01-14,106.47602081298828,106.70256884782273,105.36299941824372,105.97368039820147,2154200
2025-01-15,107.3822021484375,109.50975633141357,107.04731353525369,109.22411206528554,1700100
2025-01-16,107.46099853515625,108.39673127533614,106.93896188215697,107.10640618316074,1199000
2025-01-17,106.79122161865234,108.4656872953648,106.55482920497717,108.09139116603482,2575000
2025-01-21,106.93896484375,108.0421419154853,106.4858762736031,107.46100151120669,2198200
2025-01-22,106.88970947265625,107.55949418800807,106.35782846217514,106.56467274731307,1242400
2025-01-23,106.2396240234375,107.41174910452932,105.70773552062553,106.93895681932588,1547300
2025-01-24,107.41175842285156,107.6678470645573,106.27903322682394,106.30858133819159,1146300
2025-01-27,109.13545989990234,109.16500800897117,107.17535016418022,107.41175006628787,1233400
2025-01-28,108.72177124023438,109.46050407642903,108.0519865014934,109.05666736699438,1222800
2025-01-29,108.66266632080078,109.38170286364861,108.1406296940379,108.74146628723476,1130500
2025-01-30,111.2137680053711,112.28738943763709,109.5294505508011,109.6870504939478,1395600
2025-01-31,111.15467071533203,112.4548402625755,110.6720340123195,111.67670740641609,1621600
2025-02-03,109.0074234008789,109.88405249547624,107.56935761069924,108.97787528765555,1631300
2025-02-04,108.396728515625,108.87936517113951,107.38219583088018,108.16032861046074,1251100
2025-02-05,110.12044525146484,110.44548199051033,108.86952009818094,108.95817194685085,1455700
2025-02-06,109.4802017211914,110.8099192492264,109.22410558145519,110.51442312531702,1137500
2025-02-07,107.9534912109375,110.11059351569807,107.1064102837155,109.89389734620698,1771100
2025-02-10,107.97319793701172,108.82027888757607,107.62844992253284,108.36718278536597,1426400
2025-02-11,105.47135162353516,108.36717924107941,105.27435169102189,106.89956543905596,3073500
2025-02-12,107.195068359375,107.35266080057261,104.82126974723126,104.82126974723126,2961700
2025-02-13,102.56566619873047,107.14581137213514,101.75798524990915,106.9192708397226,3987000
2025-02-14,104.04312896728516,105.39255030738234,103.13695183360974,103.69838848325418,1975800
2025-02-18,105.45164489746094,105.48119300780944,103.87568305571743,104.05297923258725,2708300
2025-02-19,104.95915985107422,105.65849270682345,104.41742694214238,104.9099155037781,1655600
2025-02-20,103.99388122558594,105.29405066203866,102.68385991426,105.11675448821426,1806400
2025-02-21,101.62994384765625,104.66367530932465,101.17685525503502,103.70824626008407,2189200
2025-02-24,102.28001403808594,102.48686583315472,100.96014838820219,101.62008121314406,3019800
2025-02-25,101.87617492675781,103.97417330384825,101.620078793781,103.45213667819512,2185900
2025-02-26,99.99486541748047,101.99437511355947,99.90622109130815,101.66933088803754,1909400
2025-02-27,101.69888305664062,102.72326011704754,100.36916550752407,100.41840985243729,1661600
2025-02-28,103.6983871459961,103.97417952966435,101.65948486412992,101.86632915188112,1997800
2025-03-03,101.50189971923828,104.47652744693472,100.66466311831891,103.81659455084153,2744200
2025-03-04,98.04463195800781,100.13278633943074,96.40956618943727,99.955490141812,2551700
2025-03-05,98.77350616455078,99.45314279428183,97.56198849347625,97.97567708775638,1884800
2025-03-06,98.63561248779297,99.37434535993928,97.47333913502493,97.70973154997353,2119000
2025-03-07,99.25614166259766,99.7978820877115,97.56198731859796,98.01507589470268,2108700
2025-03-10,95.61172485351562,98.80304848852774,95.38517681861651,97.49303468338005,2728600
2025-03-11,91.84912109375,95.71022979623511,91.44527684699435,95.45414114270069,2568100
2025-03-12,91.5043716430664,93.3462739612938,89.62306182534172,92.90303728407234,2159700
2025-03-13,90.7951889038086,93.90771261584767,90.2830041209896,91.78016599865799,3096900
2025-03-14,93.07666778564453,93.22481764247871,91.04209952644699,91.61494162075796,3081600
2025-03-17,94.49889373779297,94.76555745018128,92.91864619071576,92.99766045187329,2347100
2025-03-18,94.67667388916016,95.18038039476447,93.31371176629447,94.60753829311366,3878900
2025-03-19,96.90877532958984,97.05691764928338,94.8445710976893,95.09148501079802,2745500
2025-03-20,96.17790985107422,97.19520155691963,95.7532175964677,95.90136745927742,2560200
2025-03-21,95.85198974609375,96.592731529185,94.90383363274768,95.50630421914578,4603600
2025-03-24,97.78779602050781,98.18285981988758,96.84951855507894,96.88902568853845,2341400
2025-03-25,97.68902587890625,99.05198799002395,97.12605491353257,98.66680288176862,2107900
2025-03-26,98.68655395507812,99.3186529888568,97.93594106197523,98.25199057886456,1964000
2025-03-27,98.24211883544922,98.74582537871865,97.47174855469326,98.55816837461104,1984100
2025-03-28,96.3161849975586,98.52853929310683,95.77297885859572,97.96557581951093,1830100
2025-03-31,96.71124267578125,97.43223463990212,94.55815298532417,95.7532154575886,2259500
2025-04-01,97.22483825683594,97.5803949436069,95.71372610566713,96.72113169470778,1816700
2025-04-02,98.3705062866211,98.75569140709233,95.83223143712893,96.01988843153825,1748800
2025-04-03,91.83222961425781,95.05198174680764,91.64457262139337,93.97544065876725,3775000
2025-04-04,83.83221435546875,89.1161784575638,83.45690789654044,88.81000006204442,6327900
2025-04-07,81.51122283935547,86.08407350374813,77.35319329126807,80.76060240556227,5696800
2025-04-08,78.48899841308594,85.30382413972644,77.08652915025802,85.30382413972644,5624000
2025-04-09,89.14580535888672,89.83716133299393,76.86924473856166,77.43220818468181,4636500
2025-04-10,82.21245574951172,87.12110562839305,79.7630739109518,86.46925680538823,3732200
2025-04-11,83.91122436523438,84.47418779268163,79.93097324229147,82.27171988021148,2832800
2025-04-14,84.0099868774414,85.55073480988001,83.30875227267369,85.47172054971094,2198800
2025-04-15,84.36554718017578,85.19518187758432,84.22727598647684,84.22727598647684,1521900
2025-04-16,83.08160400390625,84.65197302196547,82.34086219496163,84.15814514933574,3398400
2025-04-17,68.6025619506836,75.7729442264902,67.62478494700558,74.33096785216476,17560900
2025-04-21,66.63713073730469,68.80009911380776,65.11614006757168,67.7038006929951,7951300
2025-04-22,70.50873565673828,70.92354921779251,67.3482406174472,67.53589006542056,8123000
2025-04-23,70.87417602539062,73.62973636696775,70.5976336315776,72.11861679754925,4298800
2025-04-24,71.17047119140625,71.80257027087757,69.39269535609898,70.44948671101652,6357200
2025-04-25,71.58528137207031,71.960587788277,70.01490504606083,70.25194028075904,3427400
2025-04-28,73.39269256591797,73.98529201336478,71.71368089205863,72.19763007460621,5080300
2025-04-29,75.68404388427734,75.83219372734446,73.11614090023204,73.8963897075191,3008300
2025-04-30,75.36800384521484,75.644546234808,73.02726466529055,73.95565589675118,2969300
2025-05-01,75.63467407226562,76.26677310706714,74.63713972178843,75.20010316013399,2726500
2025-05-02,77.87664794921875,78.21245479479902,76.0988722671609,76.7704784231067,2735200
2025-05-05,78.27171325683594,79.4766544015661,77.06677211210578,77.78776407968223,3532400
2025-05-06,78.30134582519531,78.69640962805487,76.05937061193143,77.46183995362831,3946200
2025-05-07,77.91615295410156,79.35812928644701,76.80997592295876,78.40010210857018,3119200
2025-05-08,78.58776092529297,80.01985862477648,77.73837645097946,79.68405931573913,5358200
2025-05-09,79.50627899169922,79.92109255190007,78.62726607522927,78.94331557850819,2434100
2025-05-12,82.11370086669922,83.95074121853379,81.3334518970305,82.50876468535897,3225200
2025-05-13,81.73838806152344,82.47912983851411,81.55073106675033,82.18283011363184,2493500
2025-05-14,82.1334457397461,82.15319553683538,81.18528970474186,81.68899618548515,2552800
2025-05-15,81.95567321777344,82.52850779642486,81.11615984545904,81.38283110390702,8022300
2025-05-16,81.35320281982422,81.83715200354787,80.22727592328307,81.83715200354787,3611000
2025-05-19,79.85195922851562,80.88900069371267,79.66430977559392,80.12850160984424,2686800
2025-05-20,78.74579620361328,79.99023702231979,78.66678193522117,79.4865380155547,2300400
2025-05-21,74.78528594970703,77.97540943367622,74.73590015383037,77.81738845025703,4451900
2025-05-22,74.78528594970703,75.41738495381283,73.94578016630538,74.65688589451352,2272200
2025-05-23,73.17539978027344,73.81737742725642,73.0766357273255,73.40256388374651,2199900
2025-05-27,74.81492614746094,74.96307602311292,73.58035640905399,74.08406297218443,2088600
2025-05-28,74.06429290771484,75.74331198451593,73.93590038966413,74.97294180578287,4762800
2025-05-29,74.91368103027344,74.99269529229103,73.75812570532142,74.73590270834121,2838500
2025-05-30,74.67664337158203,74.83466435530728,73.59022367712194,74.46923659188448,4674100
2025-06-02,73.98529052734375,74.10380438628073,72.78034939338555,73.65936234483739,1800500
2025-06-03,74.84455108642578,75.05195788847247,72.90874673210796,74.05443101223103,1776000
2025-06-04,75.74331665039062,76.18775869312572,74.98281755566543,75.10133895016172,2271900
2025-06-05,75.08158111572266,76.09887279079314,74.46923941961563,75.45689509484869,1606900
2025-06-06,75.92108917236328,76.77047359663652,75.16059013575817,76.77047359663652,3057900
2025-06-09,77.97541809082031,78.01492522486498,76.29640633760638,76.94826274652036,2369200
2025-06-10,79.73344421386719,79.81245093937545,77.88652542934604,78.07418241475928,1960700
2025-06-11,78.64701843261719,79.86183822442354,78.37047605014804,79.74331683113041,4869000
2025-06-12,77.31368255615234,78.35072399576035,77.0272615153538,77.99516736133558,2702400
2025-06-13,73.93498992919922,76.39221925633773,73.63774091024955,76.04543377380084,1990100
2025-06-16,76.12470245361328,76.36249713711639,74.39076745271659,75.02489164829599,6748300
2025-06-17,75.30232238769531,76.4814006440758,75.18342126255678,75.38158980445434,2110100
2025-06-18,75.46086120605469,76.06525450252674,74.63847872230555,75.25278233623504,4089000
2025-06-20,75.9265365600586,76.75882932031739,75.59957169362256,76.1940622027463,3271600
2025-06-23,75.64911651611328,76.5012224450802,74.17279661751805,75.79774104965082,3423500
2025-06-24,78.25497436523438,78.52249246454838,76.58048598705909,77.224520560154,4397100
2025-06-25,77.00653839111328,78.18561671394349,76.67956594807269,77.71001974594289,3312000
2025-06-26,77.52175903320312,77.84873146579548,77.06598271475187,77.20469691778672,2125100
2025-06-27,77.99735260009766,79.08725310206853,77.2146038830336,78.28469131086979,2872800
2025-06-30,79.30523681640625,79.60247829244604,78.02707805917127,78.56212178727128,2779600
2025-07-01,81.21751403808594,82.17861061715392,78.98816910866877,79.0476158877925,2209400
2025-07-02,81.23733520507812,81.59403103407126,79.90963994332596,81.25715583966507,1639000
2025-07-03,81.09862518310547,81.76247284821987,80.71220594165932,81.4652313483,1007600
2025-07-07,79.3448715209961,81.29678823152092,78.58193584826815,80.77164725448094,1470100
2025-07-08,79.9195556640625,81.24725101558151,79.60248596409146,79.76102081407697,1528200
2025-07-09,79.90963745117188,80.75183297027885,78.7107461141961,80.43477086099068,1315900
2025-07-10,80.47440338134766,81.24724178886662,79.10706691325396,79.37459255238397,2895000
2025-07-11,78.07662200927734,79.7411999753026,78.06671169227852,79.0278083385265,2334700
2025-07-14,78.76028442382812,79.7511044834639,78.2747847112266,79.11698025004557,1527700
2025-07-15,76.89754486083984,79.09716658635969,76.88763454369723,79.08725626921708,2407500
2025-07-16,81.90118408203125,82.4164071512185,78.97826057305721,81.49494425724258,3997400
2025-07-17,82.27769470214844,83.0604434187374,81.10852678563484,81.59402647488635,2697800
2025-07-18,81.17788696289062,82.49567944305218,80.58339644502556,82.12907330334615,2303700
2025-07-21,80.40504455566406,81.84173053270388,80.30596406748144,81.34632053243405,2022900
2025-07-22,83.33787536621094,83.48649988621717,80.87073554779298,80.87073554779298,2380200
2025-07-23,83.12979888916016,83.89272695732825,82.33713987135515,83.23878969309226,2489000
2025-07-24,82.28761291503906,83.34779012721849,82.1984351745378,83.3180591741464,1243600
2025-07-25,84.97273254394531,85.41859855812561,82.54521880185997,84.47732250180839,3422400
2025-07-28,83.93236541748047,85.3096046804122,83.55585652034648,84.57639996100094,1602300
2025-07-29,82.46595764160156,84.14043841729259,82.2578787749463,83.76392951256621,1651700
2025-07-30,80.69239044189453,82.88210193077619,80.31587397020368,82.73347740560123,2186800
2025-07-31,79.21605682373047,81.61384699449371,79.13679696799362,80.35550134779187,1762000
2025-08-01,77.32360076904297,78.48285846067171,75.89681741974152,78.19551972730642,2099800
2025-08-04,78.16578674316406,78.64138365436136,77.4424923990938,77.81900126591418,1983800
2025-08-05,77.6902084350586,78.50268062269048,76.67956768985947,78.15588753678718,4048200
2025-08-06,84.75474548339844,87.05344762919998,80.77164476668155,86.89491279738623,5181700
2025-08-07,81.26705932617188,85.27988365864157,80.86082702578383,84.9529112192403,3434400
2025-08-08,80.25642395019531,82.0002693526467,80.06816572193516,81.39586851814974,2585700
2025-08-11,80.0879898071289,81.98045225095572,79.85018754244068,80.88064134468416,3986900
2025-08-12,81.6336669921875,82.82264808200593,80.34559784541969,81.01935581214545,2695200
2025-08-13,85.66630554199219,85.73566264710618,81.96064045852334,82.0399078813272,2839700
2025-08-14,86.38960266113281,86.90482576150855,83.6549372038969,84.20979401343341,3256000
2025-08-15,85.99327850341797,88.2127134396346,85.90410076239343,86.81566101134882,2167900
2025-08-18,85.57713317871094,86.42923905373061,85.28979444789199,85.63657996461923,2051000
2025-08-19,85.82483673095703,87.28133587629551,85.408686558646,85.69602528454952,2644000
2025-08-20,84.98263549804688,86.14190074443248,84.82410821506326,85.5474026450112,2186900
2025-08-21,84.93309783935547,85.24024964289097,83.47659112302335,84.48722427103654,1973200
2025-08-22,89.1837158203125,89.80792973746549,85.03217734511922,85.53749769292334,2329700
2025-08-25,88.00463104248047,88.83692376336704,87.4200508779806,88.42077362324545,1808200
2025-08-26,87.42005920410156,88.08390684512328,87.00390902434471,87.73712132812368,2078400
2025-08-27,87.03363037109375,88.38114625634591,87.03363037109375,87.07326408058437,1641300
2025-08-28,87.41014862060547,87.65785364047372,86.4490519340195,87.3209708825871,1416900
2025-08-29,88.00463104248047,88.40096054959996,87.55876507156893,87.69747926515726,1818300
2025-09-02,86.19143676757812,87.40023847642834,85.38887492060856,87.11289974568876,2477900
2025-09-03,85.96354675292969,86.82555532934416,84.85382561301967,85.83473531278918,2404100
2025-09-04,86.47877502441406,86.69675665063282,84.86374102189089,85.9635519110075,2482100
2025-09-05,86.97418212890625,88.23252781623336,85.67621029210979,86.58776291704537,1398800
2025-09-08,86.61748504638672,86.7958329538275,85.12135224662134,86.40941374759862,1782500
2025-09-09,86.11217498779297,87.02372762816188,85.78520255395722,86.32024629313649,2932800
2025-09-10,84.2989730834961,86.46886388906242,84.04135774955114,85.45823074721255,2213200
2025-09-11,85.88428497314453,86.27070420020952,84.26925096154875,84.56649245040634,1998100
2025-09-12,84.81109619140625,85.83459152953992,84.51299494854861,85.83459152953992,1344700
2025-09-15,83.62861633300781,85.33774986299528,83.42987458680757,84.9104645851928,1871800
2025-09-16,83.7577896118164,83.94659236825467,82.00890021756344,83.17151095924488,5512000
2025-09-17,84.81109619140625,86.37118286415047,83.767730469571,83.767730469571,1785100
2025-09-18,85.52655029296875,85.73522343486847,84.31425220850362,85.33774753453565,2013100
2025-09-19,86.00352478027344,86.61960523717183,85.32781800921988,86.29168704359678,4807400
2025-09-22,86.40099334716797,86.75872090819914,85.06945776650274,85.41724634494348,3095900
2025-09-23,85.56629943847656,87.77228350371918,85.45699337533591,86.33143429923885,3168700
2025-09-24,86.55998992919922,87.28537647932433,85.68554895962205,85.74516769491379,2123600
2025-09-25,84.36394500732422,86.54011224603228,84.24469995512845,85.84453506128042,2184700
2025-09-26,83.78760528564453,84.87072699462482,83.4994354287823,84.37388398235672,2205400
2025-09-29,85.79484558105469,86.33143693067656,83.6385487810497,85.29800258117027,3199200
2025-09-30,82.55543518066406,85.72528838390808,81.46238209053776,85.49674484806064,3422100
2025-10-01,84.58255767822266,84.98002602559868,82.57530765034899,82.57530765034899,1796200
2025-10-02,85.87434387207031,86.17245271001494,84.2148900411945,84.29438674214275,2059900
2025-10-03,87.40461730957031,88.00082737735939,85.46693269395024,86.04326479678703,1990800
2025-10-06,86.62954711914062,88.42811638088469,85.93396994090332,88.34862726138803,1453200
2025-10-07,87.54373168945312,88.13001034895727,86.51029737977541,87.1065150216365,1642200
2025-10-08,87.97101593017578,88.23931538212868,86.67922874406074,88.17968906990463,1363600
2025-10-09,86.62954711914062,89.01439507216125,86.01345906039998,88.30887891102837,1720900
2025-10-10,82.3268814086914,86.87796498794586,82.28713305999484,86.56992476207544,2601400
2025-10-13,83.688232421875,84.21488476552521,82.82372291097121,83.14170211362165,1218000
2025-10-14,85.92402648925781,86.37118214040854,82.5653630801602,82.6547987591237,1993700
2025-10-15,85.55636596679688,86.73885477263508,84.72167333765658,86.0929573346254,1267000
2025-10-16,83.13177490234375,85.79484612049482,83.12183591954125,85.45699651743598,1855900
2025-10-17,84.88065338134766,85.0595171584452,83.12183255757377,83.15164192355299,2372300
2025-10-20,86.47055053710938,86.66929228159744,84.98002156894951,85.29800077890805,1262700
2025-10-21,87.10651397705078,87.66297568281095,85.95383463657939,86.44073862911954,1282400
2025-10-22,85.12907409667969,86.82827617300349,85.07939434757469,85.95383526028908,1787000
2025-10-23,86.92765045166016,87.64309796916129,85.98364424814717,86.28175306635595,1184700
2025-10-24,86.80841064453125,88.44799408113698,86.78853267879977,88.13001486043704,1286700
2025-10-27,86.24201202392578,88.20950613085574,86.1823932877227,87.63317399137269,1435000
2025-10-28,85.0893325805664,86.66929732091732,85.04958422935765,86.24201202195177,1472500
2025-10-29,78.70986938476562,82.01884567819832,78.17327801978551,80.98541129911321,4705500
2025-10-30,78.19315338134766,80.7071777359852,78.12359566493872,78.84898219588581,2065400
2025-10-31,77.26902770996094,78.56081499846216,76.5635115393717,77.5075102340927,2876800
2025-11-03,76.61318969726562,77.01066561669307,74.23828074474541,76.80199246476874,4338500
2025-11-04,79.45513153076172,80.4786268962269,76.61318896853788,80.19045704691356,4159800
2025-11-05,78.6999282836914,80.33951170235633,77.69631088069005,80.01159350237884,2808400
2025-11-06,75.88780212402344,79.48494057188543,75.81824440766208,78.6899963250732,3778400
2025-11-07,75.54994201660156,76.3747031795194,74.407201651034,75.4108265892687,1958400
2025-11-10,75.21209716796875,76.57344216136224,74.43702328651673,76.26540192161147,2550600
2025-11-11,76.74237060546875,77.30877130369268,75.84805171847772,76.18590130843972,1734100
2025-11-12,76.90135955810547,77.98448124913844,76.60325072319517,76.60325072319517,1612700
2025-11-13,74.96367645263672,77.5870069626599,74.69537697932597,77.04047661422892,1587400
2025-11-14,73.6420669555664,74.92392275116246,72.80736680859172,74.6357529135892,2218300
2025-11-17,72.12173461914062,73.78118848682558,71.80375538951702,73.45327027405732,1627600
2025-11-18,71.57520294189453,72.86699780280729,71.31684245346744,71.95280848218552,2053100
2025-11-19,71.57520294189453,72.10185532048702,70.46227944938897,71.88324318268123,1661400
2025-11-20,71.01873779296875,72.99617075899306,70.92930211305023,72.6881305329653,1690300
2025-11-21,73.0259780883789,74.18859640755787,71.67456459458865,71.78387065520566,2099400
2025-11-24,72.34033966064453,72.99616844058737,71.81367974278992,72.42976775650042,3175900
2025-11-25,73.5526351928711,74.26809033373213,72.58876613050161,72.7278815655332,2017400
2025-11-26,74.49664306640625,74.90405039747837,73.30421527872242,73.35390261283446,2215700
2025-11-28,75.28165435791016,75.97723153350739,74.53638984924626,74.76493338641852,1144800
2025-12-01,75.75862121582031,77.04047711122742,74.248221777757,74.32771848008211,2423100
2025-12-02,78.19315338134766,78.73967612992571,75.22202679748284,76.2952094916971,3831200
2025-12-03,79.45513153076172,80.26995374628743,78.61049994827646,78.61049994827646,2230800
2025-12-04,79.23651885986328,80.18052510076475,78.68999611313109,79.81285855457503,3017600
2025-12-05,78.35214233398438,80.55812654441196,78.25277524674101,78.72974787922108,2180800
2025-12-08,77.41807556152344,78.07390434254393,76.672811103278,77.9546592999847,2858700
2025-12-09,77.01066589355469,78.23290302347422,76.73243502332198,77.49756991646193,2524100
2025-12-10,79.83272552490234,80.0712156112057,76.94110335477892,77.04047043346091,1728300
2025-12-11,81.40275573730469,81.54187117155337,79.26632930959636,79.39551334227197,2608800
2025-12-12,81.7815170288086,83.14702921453001,81.23331371046314,82.83804603751499,2559000
2025-12-15,81.36288452148438,82.25994102868864,80.84458943089376,81.93101904197552,2868000
2025-12-16,81.17351531982422,82.16027372297023,80.72498324244533,81.53233793995544,2242700
2025-12-17,81.95095825195312,83.09719670534363,81.19344301949245,81.19344301949245,2064600
2025-12-18,81.85128784179688,83.01745751663537,81.37285516255496,82.41942237090507,3126300
2025-12-19,80.58544158935547,82.6586372507736,79.91763578443886,81.87122137154951,6702500
2025-12-22,81.02400207519531,81.47252653401645,79.65848228024002,80.36615809086621,2569500
2025-12-23,79.92760467529297,81.72171015173453,79.47907260286036,81.06387375836817,2222200
2025-12-24,80.92433166503906,80.92433166503906,79.73822316208557,80.49573841136566,980100
2025-12-26,80.08707427978516,80.83462010244233,79.34949786400364,80.04720425671192,1612400
2025-12-29,79.77809143066406,80.23658529122525,79.16011747716192,79.9475333260918,2361200
2025-12-30,79.05047607421875,79.82792250895321,78.91093479641664,79.54883995334897,2576200
2025-12-31,77.146728515625,78.7315219704297,77.09688908690583,78.591980695331,2248700
2026-01-02,75.28284454345703,77.92417455983392,74.75458006106749,77.34607064896534,2922200
2026-01-05,76.7679672241211,78.13348696614297,74.60506985239039,74.8243511719998,3698800
2026-01-06,76.77793884277344,77.27630272736049,75.87092052712828,75.87092052712828,7361900
2026-01-07,77.24639892578125,77.87433465687377,75.99051985916711,76.94737756558723,2475100
2026-01-08,78.43251037597656,79.54884060757443,76.00049219240229,76.60849673829586,2439500
2026-01-09,79.2597885131836,79.62858052376457,77.8643757259677,78.55211271268715,2533300
2026-01-12,79.41926574707031,79.5189369990797,77.74476285825384,78.43250742464801,3006200
2026-01-13,77.21649932861328,79.08037533785014,76.59852539146564,78.74149155596314,2971500
2026-01-14,77.22647094726562,77.7347966346561,76.56862696909526,77.28627218003406,3467000
2026-01-15,74.74461364746094,77.24640248958983,74.54527113442087,77.24640248958983,2772700
2026-01-16,73.55850982666016,75.0934638454499,73.51863980476016,74.45555870390818,2831500
2026-01-20,71.43547821044922,74.31602088802525,71.325837546229,72.43220599104797,8126000
2026-01-21,73.10997772216797,74.35588738888667,72.01357873634133,72.1232193953669,3921700
2026-01-22,75.6915054321289,76.21976990661486,73.5086692935868,73.6781111807938,3680100
2026-01-23,74.96389770507812,75.64167292030405,74.39576315734682,75.00376773002432,2015100
2026-01-26,75.19314575195312,75.49215952168625,73.87746539361085,75.16324513542276,2940700
2026-01-27,73.51863861083984,74.88415071770095,72.76112341589995,74.57516755853015,2034700
2026-01-28,71.77436828613281,73.89739568205,71.6547582170728,73.55851189302398,1814800
2026-01-29,71.11652374267578,72.33253281953226,70.35900852022876,71.66472704926822,2766700
2026-01-30,71.5052490234375,71.87404104074345,69.99022613922102,70.62813131198897,2846500
2026-02-02,71.75443267822266,72.40230727349186,70.53842353728687,71.176336329678,3061400
2026-02-03,66.99007415771484,70.37895017999695,66.57145030907606,70.11979882417931,6000500
2026-02-04,70.56832885742188,71.0965933565648,66.92030158462234,66.92030158462234,3394900
2026-02-05,71.02682495117188,72.1531246243095,70.56833107703365,71.67469954017814,3559200
2026-02-06,72.62158203125,73.11994588949112,70.83743850621532,71.67469374236347,2239700
2026-02-09,71.52518463134766,72.82092612851095,71.42551337840112,71.76439715930518,4783900
2026-02-10,73.04020690917969,73.9372633879435,71.45541346705453,71.78432783891034,2767300
2026-02-11,71.98368072509766,73.4488717628716,71.29593613077208,72.76112716854603,5008500
2026-02-12,68.74431610107422,72.47207586349015,67.67781768223746,72.11325325486942,3911100
2026-02-13,68.25592041015625,69.25264817102376,67.86718958734293,68.78418490670734,3709100
2026-02-17,69.54169464111328,70.11979858503113,67.89709986929427,68.64464571264094,5743600
2026-02-18,80.99410247802734,81.40275691829699,75.75131216475286,79.28969886685195,8577100
2026-02-19,79.9874038696289,80.56550780365627,78.35277092849802,80.55553839667526,5074800
2026-02-20,82.20014190673828,82.42938503953586,79.83789431119081,80.07710685111033,5273800
2026-02-23,79.22988891601562,81.3329851352077,79.0604470188785,80.79475122274613,5818800
2026-02-24,78.08364868164062,79.8478610665855,77.95407681107676,79.34949718905315,4711300
2026-02-25,77.68496704101562,78.56208476601638,75.48219951907461,78.37270405090216,5003900
2026-02-26,77.59525299072266,79.11028341307768,76.88757720828637,78.71159079643535,4262600
2026-02-27,76.20980072021484,77.78463234621607,75.58186499287822,77.41584035143987,4923500
2026-03-02,77.63512420654297,77.97401559744993,74.2562177264071,74.2562177264071,4097500
2026-03-03,77.44574737548828,79.06044915653162,75.00376729599519,75.64167248258349,4042500
2026-03-04,77.31616973876953,77.85440362568792,76.14003071278398,77.58528288001418,2836600
2026-03-05,78.03382110595703,78.70162691315339,76.5985306270863,76.61846944175379,2771400
2026-03-06,76.1500015258789,76.97728738240978,74.34591912961784,76.97728738240978,5213600
2026-03-09,74.80000305175781,75.25,71.87000274658203,74.37999725341797,4014500
2026-03-10,73.54000091552734,74.88999938964844,72.37999725341797,73.68000030517578,3765800
2026-03-11,72.8499984741211,74.98999786376953,71.4000015258789,73.9000015258789,3813400
2026-03-12,70.3499984741211,73.52999877929688,70.23999786376953,72.0,3349700
2026-03-13,68.66999816894531,71.41999816894531,68.47000122070312,70.9000015258789,3050100
2026-03-16,68.05000305175781,69.33999633789062,67.0999984741211,69.31999969482422,3742400
2026-03-17,72.41999816894531,73.12000274658203,69.05999755859375,69.47000122070312,3814500
2026-03-18,69.63999938964844,72.41999816894531,69.2300033569336,71.62000274658203,3587700
2026-03-19,68.18000030517578,70.72000122070312,67.37000274658203,68.91999816894531,4389800
2026-03-20,68.5,69.0199966430664,67.16999816894531,68.0,5447900
2026-03-23,71.05999755859375,71.68000030517578,68.66000366210938,69.93000030517578,4752700
2026-03-24,70.97000122070312,71.33000183105469,68.83999633789062,69.86000061035156,2411400
2026-03-25,70.7699966430664,73.20999908447266,69.44000244140625,71.70999908447266,2190100
2026-03-26,69.97000122070312,71.93000030517578,69.5,69.5,2265400
2026-03-27,65.9000015258789,69.2300033569336,65.61000061035156,69.2300033569336,3563000
2026-03-30,66.30000305175781,67.6500015258789,65.68000030517578,66.2300033569336,2207500
2026-03-31,67.30000305175781,68.0199966430664,64.91999816894531,67.29000091552734,3487800
2026-04-01,65.36000061035156,68.4800033569336,63.91999816894531,68.0,4783500
2026-04-02,64.05000305175781,66.26000213623047,62.70000076293945,63.7599983215332,3836100
2026-04-06,65.04000091552734,65.8499984741211,63.560001373291016,63.7599983215332,2093000
2026-04-07,62.70000076293945,65.0999984741211,62.45000076293945,64.4800033569336,2730400
2026-04-08,65.06999969482422,67.69999694824219,64.45999908447266,66.0,2984000
2026-04-09,65.87999725341797,65.91000366210938,63.2599983215332,64.37000274658203,2427700
