Price,Close,High,Low,Open,Volume
Ticker,HCA,HCA,HCA,HCA,HCA
Date,,,,,
2021-04-12,183.73150634765625,185.342001907901,182.98377417646105,182.98377417646105,1112200
2021-04-13,180.7789306640625,183.08923865378733,180.36671105522865,182.82082270608848,1586000
2021-04-14,183.0508575439453,185.5433076852094,181.21028505415623,181.5362165661088,1246200
2021-04-15,185.48580932617188,186.25270363087594,182.5044616397854,184.25876088555987,1322900
2021-04-16,188.78347778320312,189.05190832148588,186.57863489200165,186.7991162556078,1523800
2021-04-19,186.82789611816406,189.09026950956644,184.24917223158914,187.51811272080016,1484200
2021-04-20,184.95855712890625,187.70024666754438,184.90104151924345,186.28147466143483,1409300
2021-04-21,189.358642578125,190.29809816383832,185.3515664683498,185.5912245503479,1328200
2021-04-22,193.17404174804688,197.07568328541893,190.50904440354446,194.60240952725164,2607100
2021-04-23,194.123046875,195.7623145958524,190.0105206143709,194.2284970164299,1672100
2021-04-26,192.26332092285156,192.79057169337358,188.10285962013296,188.11244067866235,1461600
2021-04-27,190.7295379638672,192.71389972957655,189.243654590685,192.54135289237217,1809900
2021-04-28,190.27899169921875,192.58928516841004,189.37787470694911,191.0363050236908,2274900
2021-04-29,193.58624267578125,195.12964153235058,191.30469272409513,191.39096613548563,1388500
2021-04-30,192.74264526367188,195.28303012770482,192.27292470725297,193.36576515601394,1394800
2021-05-03,196.0498809814453,197.13314013128817,193.3369498922168,194.9282829767934,1594600
2021-05-04,197.80421447753906,198.12056493855695,193.81630001009984,195.56101807494332,1732200
2021-05-05,199.24217224121094,199.88445425107625,195.85820073818743,197.49746872423984,1337000
2021-05-06,200.67054748535156,201.15944480540168,198.63825122054936,199.3668066709798,1249700
2021-05-07,201.8113250732422,202.50154166765378,198.57114242878623,199.0121198303826,1053800
2021-05-10,203.1246337890625,208.2916622250402,201.3128190031371,202.45359398456617,1414200
2021-05-11,198.2068328857422,201.81130012826455,197.61248546918577,199.71189279872516,1911600
2021-05-12,195.6664276123047,199.73103358664753,195.5130429428803,197.8521079551169,1278300
2021-05-13,198.8874969482422,200.70889294797868,195.2638670679781,195.81987570404667,1129200
2021-05-14,202.75076293945312,203.4409794728569,199.95155794401356,200.47880871641507,1234600
2021-05-17,200.83349609375,203.28759279868484,200.1528606255114,202.405652709572,1013700
2021-05-18,196.95101928710938,201.45658854168474,196.90308474265842,201.45658854168474,1395200
2021-05-19,195.24468994140625,196.18414574583235,191.4964331557158,195.41725140695416,1430700
2021-05-20,197.67962646484375,199.27094539612946,195.2638683199875,195.28304506689128,1101400
2021-05-21,197.84254455566406,201.40865798642972,197.60288647363717,198.73406559957124,1053500
2021-05-24,197.5933074951172,199.57768360331065,196.57715948181936,199.57768360331065,1173300
2021-05-25,201.51412963867188,202.4344085804539,198.0342892353566,198.7149100695289,1870100
2021-05-26,203.0670928955078,204.80221511235385,201.14982819135636,201.50451748080235,1350100
2021-05-27,204.85018920898438,205.82799849262128,203.5656251197893,204.0065878954489,2034400
2021-05-28,205.90467834472656,206.75786072649817,203.64230494858583,205.53081223647996,1054600
2021-06-01,206.94000244140625,208.08077750834505,205.3678456554967,207.88905392519936,1227400
2021-06-02,201.91677856445312,208.3683715263071,200.64179551842037,208.2629213607684,1360800
2021-06-03,204.43795776367188,205.08983545750814,199.3188638224552,200.49797767912403,1567900
2021-06-04,204.9268798828125,207.16049543137518,204.14079418755742,205.75130444310787,964700
2021-06-07,203.10545349121094,206.316878065401,202.77952196723825,205.30073000385656,1053000
2021-06-08,201.15940856933594,203.45053929795358,200.17201842023934,203.0766732670099,1317200
2021-06-09,199.69271850585938,202.26186101627144,199.59686403971196,201.8592371522844,1096200
2021-06-10,201.40870666503906,203.62314553776588,200.17206247145657,200.83352127813018,1096400
2021-06-11,202.9329376220703,203.18217683237464,200.9389800569177,201.71547012322412,702500
2021-06-14,199.2613525390625,202.4631815865433,197.4303609488146,202.0509766317349,1472100
2021-06-15,201.35601806640625,202.88376828146485,198.75211896950944,199.56883386682276,859800
2021-06-16,198.66563415527344,202.0670563896348,198.44464243405804,200.46243627894557,1339300
2021-06-17,199.0980224609375,200.95245860138294,196.13859842797638,199.35744177934174,1240900
2021-06-18,193.47702026367188,196.15778896609746,192.5738176869308,194.92790046287521,2576000
2021-06-21,199.9435272216797,200.2798310138735,193.9958558130267,194.95670703480778,964600
2021-06-22,201.62503051757812,202.74922476384208,199.04033821007565,199.34781765935833,1131100
2021-06-23,198.0794677734375,201.72110200900227,197.9545670879902,201.44244695235105,1052100
2021-06-24,196.4268035888672,200.12608656986586,196.08091123216988,200.12608656986586,1287200
2021-06-25,199.49195861816406,200.2990849192172,195.77346847305688,196.8207929574337,3049300
2021-06-28,198.81936645507812,199.54960822820578,197.46456248600484,199.2037158052205,1097900
2021-06-29,197.82008361816406,201.60584034018473,197.36848230392738,200.38555500204978,916000
2021-06-30,198.6464385986328,198.8578270953864,196.4364772807553,197.44537425863743,1438300
2021-07-01,203.53713989257812,204.18090852715122,199.04996592102336,199.29978198981314,1446900
2021-07-02,206.43890380859375,206.76558972574125,202.19192823996787,203.1912217836776,829400
2021-07-06,206.42930603027344,206.49657266405603,203.17202045320812,205.67023989452238,961100
2021-07-07,208.43748474121094,208.90830719985152,205.89123442538528,206.1698895385458,975800
2021-07-08,205.6702423095703,206.88090977901675,203.34498371251556,205.25706858923763,976900
2021-07-09,210.22463989257812,211.34884876438548,206.79440853189237,207.86095401272945,913000
2021-07-12,211.71397399902344,213.03035026270052,208.1684303214325,208.96593866762302,1098800
2021-07-13,210.6474609375,212.2713022466192,209.58091523314198,211.38732066502791,872600
2021-07-14,210.18621826171875,212.17518745601177,209.44635866823793,211.38728236607145,1223400
2021-07-15,211.6659393310547,212.30972264336162,208.52396594471904,208.52396594471904,1122000
2021-07-16,210.61859130859375,212.95346747270588,210.41682075626184,212.32890536263565,1040900
2021-07-19,209.11009216308594,210.64744558630082,206.20831686749986,207.59194521139332,1593300
2021-07-20,239.1558837890625,242.1345286971299,228.37513098129992,229.73955273553824,4824100
2021-07-21,239.4921875,244.48861134805557,238.5889849284946,241.1640740469203,2435600
2021-07-22,237.1284637451172,240.21280258128834,236.10996380800069,239.64590388593874,1704700
2021-07-23,238.73313903808594,240.53952965297074,236.7057420507647,238.97335188179022,1484600
2021-07-26,236.13880920410156,238.69467716995794,231.39221611791763,237.85874123417517,1710100
2021-07-27,237.99327087402344,240.9622979974226,234.45733031704464,236.04274382572473,1548300
2021-07-28,236.3021697998047,237.87798011766273,233.20824188460196,237.73384361566363,1106400
2021-07-29,238.1950225830078,239.713169340149,237.19574371904775,237.493605265187,1092700
2021-07-30,238.4833221435547,240.01107239947157,236.8210532738105,237.36873096531136,1283600
2021-08-02,241.17373657226562,241.9520239739408,238.68513460207612,239.10791162556166,1171900
2021-08-03,243.5854034423828,244.24839317339178,237.73382264844406,242.07687455221821,1276500
2021-08-04,238.5409698486328,245.14202911801297,238.31037488960314,242.32672681461528,1528200
2021-08-05,239.30963134765625,240.6932596170317,234.74558750262273,239.4825922120421,1147700
2021-08-06,240.32814025878906,242.6245744493652,239.8957600740601,240.19362165328607,1047500
2021-08-09,238.90606689453125,240.2032220154541,237.82991812906644,239.25197394934887,698300
2021-08-10,231.2384490966797,238.73309125238336,230.33524663931144,236.36939089243182,1980400
2021-08-11,231.7189178466797,232.24738902776434,227.16447711527965,231.38261400559995,1250400
2021-08-12,233.04486083984375,234.87048705177637,226.8665942042013,227.7217512490169,1121400
2021-08-13,233.46766662597656,234.46696028192946,232.57408187080452,233.0256831969975,830400
2021-08-16,236.6672821044922,236.93631929642754,232.71818266256508,233.10253198063512,897600
2021-08-17,235.4374237060547,237.88759777428865,234.17871068400413,234.95699799312368,1087600
2021-08-18,232.97763061523438,237.01320339812068,232.71819664263055,233.8327877398494,1224600
2021-08-19,236.849853515625,237.58971314701964,230.4505801209632,231.61321668458334,1062300
2021-08-20,239.5786895751953,240.84702048724614,236.94596606736778,236.94596606736778,1006900
2021-08-23,239.87649536132812,241.93271633554974,239.674724820445,240.44340870999318,1005700
2021-08-24,239.71319580078125,241.79824151533953,239.6075015635719,239.80928680240004,817300
2021-08-25,242.2210235595703,245.28614184169078,239.48260589296927,240.36658741302998,1112100
2021-08-26,241.212158203125,243.2587766245205,240.25130668681624,241.74062946938096,917100
2021-08-27,241.9904327392578,243.4893585884838,240.7413229777598,242.61498028929233,905800
2021-08-30,243.56619262695312,245.09394262071476,241.72135995613075,242.66299009134255,601700
2021-08-31,243.076171875,247.3423689018317,242.20180828394368,243.44130008184587,1820600
2021-09-01,242.76869201660156,245.01708053096672,241.43310930134083,244.26761769284502,958100
2021-09-02,243.36441040039062,244.9017783090126,243.07615208484563,243.49892899278802,804400
2021-09-03,243.04733276367188,244.15232055262294,241.26014876391383,242.42278528488492,605700
2021-09-07,242.2594451904297,243.34519719965246,238.67545925221478,241.1352509184538,1764600
2021-09-08,244.4694366455078,246.48723063150538,239.93423111824816,241.53885134115302,1416400
2021-09-09,248.1494903564453,251.5508831781817,244.00820853339457,244.29646688383232,2145900
2021-09-10,246.6505584716797,250.56120126321593,245.67047130739888,249.7156766885978,1113200
2021-09-13,247.60177612304688,249.31209027988334,245.93950746393833,248.82204672905695,1129000
2021-09-14,244.7000274658203,248.83169147192055,244.3925626377586,248.57227214677042,1403400
2021-09-15,246.87564086914062,247.79015569555582,241.92752486209062,244.54597685102573,1337700
2021-09-16,251.8719024658203,252.94044743812856,246.4905746103934,247.8672090780441,1750800
2021-09-17,249.08013916015625,254.06677032098318,248.43516952733884,251.61195490927736,5765300
2021-09-20,245.5086669921875,247.385877123773,242.73618468385254,244.92144024463363,1217700
2021-09-21,246.2884063720703,250.94770516025275,246.27878500247863,247.40510218748676,1413600
2021-09-22,248.60842895507812,250.5337604474698,246.4905525621564,248.19448973498842,1213500
2021-09-23,245.99000549316406,250.26424425248297,245.8456114901257,250.26424425248297,1769400
2021-09-24,246.76016235351562,249.56152393322682,246.3366016532326,247.09710132847977,1175200
2021-09-27,246.00924682617188,250.08131902567425,245.7878378062954,247.1836855819726,1481500
2021-09-28,242.39926147460938,246.62536392507693,241.87941369505182,244.23795675458499,1674600
2021-09-29,242.7939453125,244.62300443750317,242.2452187615305,243.43892962898246,1818600
2021-09-30,233.65821838378906,244.2475410160207,233.48493092055938,243.71807194658658,2115800
2021-10-01,238.53895568847656,240.19474206438423,233.9374142707446,234.76530745869843,1794000
2021-10-04,235.2562713623047,241.43658399509619,234.23584797125233,238.54858661402832,1313000
2021-10-05,234.03366088867188,238.30789898298374,233.85075205387096,235.69906845076824,1396100
2021-10-06,230.5873565673828,232.96514246101916,227.2180259945995,232.0698702453122,1170200
2021-10-07,233.23464965820312,234.48611803305454,231.07827315554974,231.37671186785013,1512100
2021-10-08,231.4441375732422,235.03487732404076,231.27086475927928,233.18656052952235,817400
2021-10-11,228.65240478515625,232.80149239320525,228.3154658502507,231.05906949415132,909000
2021-10-12,230.14454650878906,231.42487924463802,228.48875996591065,229.55731971522036,1070600
2021-10-13,230.08673095703125,232.06983470070185,228.14215675759715,230.5680638222777,1166700
2021-10-14,233.45608520507812,235.33329532535132,231.5115108041422,232.21425274727022,1146000
2021-10-15,237.6629638671875,239.2706141694982,234.22623952774924,234.97711776022692,1127100
2021-10-18,237.38375854492188,238.41381801232052,234.85195745340738,236.91206169909015,911100
2021-10-19,239.3957061767578,242.12005194956043,238.79885812594276,238.8854945160714,898000
2021-10-20,241.49432373046875,243.98762442632102,240.45464298749,240.45464298749,1105800
2021-10-21,250.29307556152344,250.46634833229203,240.54126757086038,245.74929239927755,1878400
2021-10-22,243.6603546142578,248.25227484552752,233.95668105436488,237.31639016905598,2830500
2021-10-25,232.78224182128906,244.7289293141262,231.84845471155657,244.7289293141262,2136900
2021-10-26,232.3874969482422,233.13837502830216,228.49833393585743,231.86766392709026,1917400
2021-10-27,236.20925903320312,237.634014730307,231.81950614595942,231.81950614595942,1710800
2021-10-28,241.31141662597656,243.57368696571163,237.16232968252118,237.97096536982988,1357500
2021-10-29,241.10926818847656,243.55443270978384,239.09728562410427,241.0226171079761,1176500
2021-11-01,241.6194610595703,243.56403513083924,240.7530531457629,241.94676386097848,1117100
2021-11-02,239.16468811035156,243.39079028597652,238.86626406958732,242.55327576007505,1085700
2021-11-03,240.66641235351562,240.66641235351562,236.34403829956614,237.96132422892003,1171700
2021-11-04,238.17312622070312,243.2271211851363,235.93011335950877,240.6664268777697,1184300
2021-11-05,239.00103759765625,243.70847267988748,235.82423758205712,235.83385895178748,1824600
2021-11-08,238.38491821289062,240.61829505683866,235.77608763459565,240.22359858415078,1233800
2021-11-09,236.95057678222656,240.8975127270047,236.3729713842684,238.84702972228018,1006100
2021-11-10,236.113037109375,238.54858032810142,234.89044747065373,235.88199203689663,881300
2021-11-11,234.88082885742188,237.41262986922337,231.72328627539932,236.14191867846503,1105800
2021-11-12,236.113037109375,238.3367926839414,234.89044747065373,235.5161743444177,734100
2021-11-15,233.50421142578125,237.03719310866006,233.31168120580725,236.54623884435915,983800
2021-11-16,232.69558715820312,235.29478197875468,232.54155709898592,234.08182831292794,1093300
2021-11-17,234.7556915283203,237.94211309758091,232.7052085956055,234.21660101001962,1176900
2021-11-18,234.16844177246094,234.75566846272312,232.26236771600068,234.6016384185955,878300
2021-11-19,230.13490295410156,235.35255026172322,229.21075193507954,233.5042335345636,1096400
2021-11-22,231.45372009277344,234.4572472326741,230.44293280276034,231.09753846444934,1251300
2021-11-23,232.6474609375,233.86041465551034,229.51879683448502,231.87732529739625,1037500
2021-11-24,230.89540100097656,234.3609891124659,230.5873408902053,232.06985446734151,1049700
2021-11-26,222.3757781982422,227.81483356424232,221.05693088087264,226.23606239316996,1329800
2021-11-29,221.33612060546875,227.13137287715574,220.75852993467814,224.58029967487516,1612400
2021-11-30,217.1678009033203,222.05814552916348,216.33028625522726,220.29646513663428,3375900
2021-12-01,217.18701171875,225.65847291619954,217.10037533011823,221.0184171368569,1761500
2021-12-02,223.39620971679688,225.50445004183246,218.69839619577195,218.69839619577195,1731600
2021-12-03,221.44198608398438,225.21563380203565,220.04612378020488,225.21563380203565,1404200
2021-12-06,225.04238891601562,226.79443303941449,221.66342254591558,222.8571334299064,1559900
2021-12-07,229.6920928955078,232.48381816972557,226.6308076514543,227.65123116976676,1237600
2021-12-08,231.53073120117188,232.23348776559664,228.4790825764765,230.7028380794892,1103900
2021-12-09,232.42605590820312,233.98556995670805,229.49954336314588,230.69325436035552,1001700
2021-12-10,234.4572296142578,236.19965214712175,231.63661152976056,233.75448777987287,1296500
2021-12-13,235.45077514648438,236.78186739779974,233.87852646334423,234.4862082916739,1188200
2021-12-14,236.42498779296875,237.62105601888572,231.73719218236542,233.34801710066336,2054300
2021-12-15,244.83595275878906,244.85524821272236,236.69500793697253,236.69500793697253,1747600
2021-12-16,244.98065185546875,247.6814416198437,244.03538058927955,245.96451403267307,1729000
2021-12-17,244.79737854003906,247.14128329574643,242.08694844332473,244.5658919495336,3894800
2021-12-20,236.9169158935547,242.94545898357572,232.441326092248,242.02912337751707,1719200
2021-12-21,238.27688598632812,239.92630134806328,233.5987320897527,233.5987320897527,1604700
2021-12-22,243.13836669921875,243.92930384248015,238.04544032135763,238.76886544027653,1283000
2021-12-23,243.11904907226562,245.96451800358497,242.54995822962582,244.58519463398815,822200
2021-12-27,244.77809143066406,245.54974772120713,242.8200222403063,243.57238307610288,819300
2021-12-28,247.66220092773438,248.83897369593012,244.0064842192521,245.6558853379031,708100
2021-12-29,249.33087158203125,251.51080204717715,247.98048390124146,247.98048390124146,642100
2021-12-30,248.96434020996094,251.43365847378163,248.78109958635676,249.90962633780046,617400
2021-12-31,247.81649780273438,250.44012049191585,247.61391759486773,248.6942276251941,931500
2022-01-03,245.07711791992188,247.58498260132825,243.07081734392457,247.58498260132825,1518500
2022-01-04,251.0477752685547,251.72298376225004,244.67200323522843,246.24423701589845,2366800
2022-01-05,249.7938232421875,260.1918504149634,249.54302649689026,252.02196981947966,1384800
2022-01-06,245.4918670654297,249.96745599290756,244.13183919563062,249.7745603134358,1757400
2022-01-07,243.27337646484375,247.08341202665588,242.5595918007452,244.97100857633768,1660000
2022-01-10,240.63046264648438,246.13813041743757,237.43774913389453,244.6623445020599,1262000
2022-01-11,241.4600067138672,241.7975962600635,231.77574788379604,238.971422625298,1547800
2022-01-12,240.46652221679688,244.71061053252413,239.2608136364059,242.0194754570653,1099400
2022-01-13,245.39544677734375,249.08972472445078,240.58225307509164,241.06453648227887,1139400
2022-01-14,247.8936767578125,248.2119708616243,243.3119842885533,243.58206182508096,1212100
2022-01-18,239.91671752929688,246.51436621793883,238.88463861428943,245.0482204295603,1510100
2022-01-19,236.6371612548828,242.18342003717635,236.01018403992515,240.8619683066719,1368100
2022-01-20,232.22911071777344,239.3476188176717,231.0619930653392,237.81396105052812,1906500
2022-01-21,229.49937438964844,232.82714166373586,229.0460415289268,231.95902270253507,1634300
2022-01-24,234.96847534179688,235.72083625865977,223.54799339107467,225.99800127367635,1829600
2022-01-25,230.6375732421875,233.31906782809617,228.3997711519526,231.46710129727504,1764500
2022-01-26,231.49603271484375,238.03579446158838,228.4962293688557,231.60213565189625,2454000
2022-01-27,220.74111938476562,223.78913930518584,212.6869806694451,212.6869806694451,3196900
2022-01-28,228.22616577148438,228.27439705820143,220.6060934501039,220.8954517341616,1944500
2022-01-31,231.5442657470703,233.69524561288105,225.93047984664588,226.67320041162182,2497900
2022-02-01,228.92063903808594,234.38973099513112,227.0686725593607,232.64386745249476,2018800
2022-02-02,232.2580108642578,233.68558018742874,227.97534704910476,228.2840007418715,1121500
2022-02-03,232.32553100585938,235.32533396773573,230.17455143171483,231.3223881351832,1045800
2022-02-04,230.60865783691406,233.49271818668274,226.5767605131886,230.3385802804681,1545300
2022-02-07,224.1749725341797,231.00410721431214,222.48698064160533,230.1263478978244,1436700
2022-02-08,230.99444580078125,231.7371663342479,223.46118168712502,224.47397973855755,1762200
2022-02-09,234.79483032226562,236.19344912923003,232.32554186233284,232.335182231055,939700
2022-02-10,231.50570678710938,238.26733047994824,229.90453684683786,231.93977368613855,1214700
2022-02-11,229.15211486816406,233.9652932161278,228.17789309481282,231.59246740853564,1095600
2022-02-14,227.0783233642578,232.66317360158578,225.77616696309425,230.5604102401327,1078300
2022-02-15,233.8013458251953,234.00391132896243,229.09425513618973,230.21315615539947,1094400
2022-02-16,243.06117248535156,243.8521095404223,232.47021932823773,233.68558281210463,1945500
2022-02-17,241.913330078125,246.86154721573655,240.76549335604062,241.88439425472117,1385000
2022-02-18,235.45077514648438,245.78127791935609,234.44761737533307,241.18994498898223,1565500
2022-02-22,235.672607421875,237.32200840360971,232.46059821971843,233.28048588492032,1208100
2022-02-23,233.2129364013672,236.83006153959434,232.29660097664026,236.83006153959434,1034100
2022-02-24,234.9298553466797,235.50860123483457,226.36449862345557,227.6473740583074,1477000
2022-02-25,244.31509399414062,245.1928532271795,236.18380374365375,236.18380374365375,1162600
2022-02-28,241.44070434570312,241.63361475488196,232.90429731504258,237.72713113511773,1602200
2022-03-01,243.47593688964844,244.29582451311984,238.55665530318183,241.3153020744899,1206300
2022-03-02,251.87730407714844,254.4623357376243,243.717063416487,244.99993887836303,1676200
2022-03-03,254.75173950195312,256.7773357970845,251.5204640669458,253.6810844157555,1682000
2022-03-04,256.00567626953125,256.5844222330478,249.2729894518987,250.951355689721,1351000
2022-03-07,250.61378479003906,255.02186268918052,248.4820706978853,254.20197491806343,1454600
2022-03-08,248.88717651367188,256.516903626755,248.84858559854908,250.61375937143492,1403500
2022-03-09,254.99285888671875,258.9668987320392,253.4688563319113,254.26943380439886,1197200
2022-03-10,257.6357727050781,258.7353634415593,252.14738580059657,252.14738580059657,1454000
2022-03-11,257.539306640625,262.6129368577111,257.00880673477485,257.00880673477485,1370000
2022-03-14,252.16671752929688,261.2915415947521,249.91928960489565,259.81572597938344,2315600
2022-03-15,257.7032775878906,258.52313566835227,253.74854854681834,255.10859101743338,2014500
2022-03-16,257.4520263671875,260.83510153758925,254.30092405480087,259.04689876219055,2118100
2022-03-17,258.0512390136719,259.4624560126216,255.209454284155,257.5486214587482,1509000
2022-03-18,251.9713897705078,259.6171419257582,248.40466018043108,259.6171419257582,2602700
2022-03-21,252.8220672607422,257.43270533423964,250.45390256897988,252.9477290726914,1527300
2022-03-22,251.65243530273438,254.7165178858233,250.51186290581393,254.11723508398612,1643200
2022-03-23,251.9037628173828,253.4019995190037,249.02333483920006,250.28956918492628,1391300
2022-03-24,251.89410400390625,254.31058614228203,250.782528119868,253.08299433722044,1522400
2022-03-25,251.39141845703125,252.97664465684286,247.40907596975418,252.0680451516959,1562600
2022-03-28,255.57676696777344,255.61543893335946,250.11552437690523,251.12075949760703,1238700
2022-03-29,254.84219360351562,256.6787140799905,253.28599330706197,255.56713822565615,1077000
2022-03-30,246.44248962402344,255.2287992756509,244.88627473438189,254.41686491993391,1613300
2022-03-31,242.2474822998047,246.9161272837348,242.16049248775872,245.0989428529535,1643800
2022-04-01,242.37313842773438,245.8528783187337,242.00582845339687,242.61478662158058,1182800
2022-04-04,237.38551330566406,242.78876331516867,236.13861513002263,242.01550090340956,1435200
2022-04-05,235.47169494628906,240.08234716961036,234.34078303283988,234.34078303283988,1596800
2022-04-06,242.1121826171875,242.33450960088166,233.81881386275916,234.34078228208628,1669800
2022-04-07,246.12351989746094,248.04703005594112,241.36788527463955,241.36788527463955,1656900
2022-04-08,250.0478973388672,251.478465322466,242.3151548291754,245.350255674268,1630500
2022-04-11,249.55491638183594,252.28071509574065,248.0663847421041,250.24121849292945,1454500
2022-04-12,252.17442321777344,252.73503409256,249.2166219535944,250.90815944392642,1126400
2022-04-13,249.99954223632812,253.3922624481,248.60764643219244,252.52233494503204,1091600
2022-04-14,252.2227020263672,254.55219397801673,250.73414100578887,250.85980277674312,1045900
2022-04-18,251.2271728515625,254.0786043061542,250.20258670203796,250.50222815153617,932700
2022-04-19,253.2086181640625,254.34921998089874,250.73414318521424,252.3000186564154,1069700
2022-04-20,265.9676818847656,266.7409443357041,254.72620275326895,254.880861143071,1688600
2022-04-21,260.4387512207031,269.69869672613913,260.1197590963652,264.82709053653247,2384800
2022-04-22,203.6031036376953,233.91545396455055,202.1918716820526,233.50948676474425,8886800
2022-04-25,203.4678192138672,209.0643859938785,200.5777009377077,201.55396927213252,4740100
2022-04-26,207.7594757080078,211.68384043569117,197.89055592688635,200.27804151720272,5892900
2022-04-27,205.13998413085938,211.2391822889627,202.4818539526724,206.00992649314188,2675100
2022-04-28,211.62582397460938,212.86306154350768,204.40537478398826,205.8649245608355,2213400
2022-04-29,207.3824920654297,214.37095401030206,207.07317528411198,209.3736709107957,2061800
2022-05-02,203.77708435058594,208.6487051707826,201.05128580010566,207.3148024972255,2105900
2022-05-03,209.07406616210938,211.34555083348565,202.92653417117586,203.5548137134837,1839100
2022-05-04,217.29010009765625,218.55633451389417,208.95805876308594,211.53887494234957,2091300
2022-05-05,216.700439453125,221.53340339204468,211.96412594356246,218.73995082531053,2167800
2022-05-06,219.75489807128906,221.34977043023275,212.17679865165846,213.90700817343404,1679200
2022-05-09,216.61343383789062,219.50353662312017,214.46759682564758,217.4833613838121,1681900
2022-05-10,216.99041748046875,221.6010544002733,214.409616539782,218.643282867105,1687900
2022-05-11,202.53018188476562,220.39281214168895,201.4765993054079,216.5071198262353,2962700
2022-05-12,206.65753173828125,206.879843939802,199.9493757311391,200.56799449770074,2614400
2022-05-13,207.7401580810547,212.84376775174098,207.1118785539851,208.60042522916936,1618200
2022-05-16,204.56967163085938,207.89475276806075,203.78673392975756,206.7638411165766,1685100
2022-05-17,208.75503540039062,209.53797316055514,202.94581833811642,206.70586350968495,1543700
2022-05-18,199.8914031982422,205.67162427879074,198.30619152317735,205.67162427879074,2378500
2022-05-19,196.34396362304688,199.39838509302476,192.87388490793316,197.42654263777155,2271800
2022-05-20,197.9388885498047,200.02673270787713,192.05234145741198,197.27193710355627,1481400
2022-05-23,198.19020080566406,200.800013422769,195.85104776841584,199.21480166409515,1390400
2022-05-24,197.91952514648438,198.44149348821733,194.1884765610127,198.1515127149251,1123400
2022-05-25,199.27279663085938,204.94669225771725,196.56633354981867,197.2719422400169,2151900
2022-05-26,204.71469116210938,206.03893338269444,200.91598837918337,201.75691943057146,1182900
2022-05-27,208.34910583496094,209.3253593697241,206.57057841064417,206.57057841064417,1640600
2022-05-31,203.37112426757812,208.03976937732716,202.87816723699692,205.83593891855614,3331000
2022-06-01,200.0364227294922,205.42035293555278,198.5768725775577,205.41067756595862,1844300
2022-06-02,204.12509155273438,204.3570791697644,196.7983299905835,200.77102759436565,2227200
2022-06-03,200.65499877929688,204.93701261611312,200.38435397121773,202.72350681192228,1150100
2022-06-06,197.97755432128906,201.90191892659072,197.1366085136984,200.48102625928684,1531800
2022-06-07,200.5873565673828,201.86325148663516,195.83172141555727,195.83172141555727,1321100
2022-06-08,198.85714721679688,201.37995520001374,198.3738507813073,199.11813142169152,1171900
2022-06-09,194.53643798828125,200.23934366497875,194.30446518384147,197.70686080725162,1203100
2022-06-10,190.14813232421875,193.0092386854743,189.3458585492015,191.17271830827792,1863400
2022-06-13,179.56396484375,186.62009587243097,178.87767740403672,184.8028965242073,2416800
2022-06-14,173.29080200195312,179.19668616755763,172.8268414645306,179.013031126963,3828800
2022-06-15,176.17054748535156,178.24553707766148,172.29206115989368,173.80466845958205,2534800
2022-06-16,166.3482666015625,171.47757275846345,163.99209339555247,171.42908872312265,2574800
2022-06-17,167.84152221679688,171.29337310214655,165.5532144125955,166.11559677412203,6001700
2022-06-21,168.5880889892578,171.74906461419303,165.10715128246434,171.4484843101594,2368000
2022-06-22,171.2254638671875,172.43749078984766,167.60877967263968,167.98693148069964,1614600
2022-06-23,172.04965209960938,173.35863232941725,169.66437655035256,172.44720049036064,1629000
2022-06-24,176.79107666015625,177.56677676124397,172.32112128735255,172.32112128735255,4783800
2022-06-27,174.35733032226562,178.1000547887819,173.47497128185697,177.44071932688226,1367300
2022-06-28,170.47885131835938,176.4420173484586,169.05350659590164,174.59974250207406,2543400
2022-06-29,170.3334197998047,172.99018823371813,168.44266069321074,171.652105729705,1627400
2022-06-30,162.95458984375,164.96171348644802,160.8408220375803,164.37024376903582,5189100
2022-07-01,169.741943359375,170.49824697220623,162.97398919534015,163.42000681559935,1386100
2022-07-05,167.33726501464844,168.31657731422297,164.38960763759974,168.05479018563037,1320400
2022-07-06,160.947509765625,164.11816204163276,160.89902572203943,163.2164209710029,2086500
2022-07-07,169.35409545898438,169.91647770679907,163.6333197075762,163.78846269909405,1819900
2022-07-08,167.35667419433594,172.1756941574049,167.2887935886802,169.29591716393313,1465700
2022-07-11,164.2441864013672,166.88155808278188,164.10843998226127,166.43552567986245,1523400
2022-07-12,164.9423370361328,167.30821619441508,162.36313993438233,162.70251342496866,1846700
2022-07-13,164.16661071777344,165.9991947265817,162.4309947752459,163.4199980341109,1165200
2022-07-14,162.40188598632812,162.77033204025795,159.4736253531619,161.6067893739445,1293700
2022-07-15,166.39671325683594,166.56154710376543,162.54731548047593,165.73736307387088,1192800
2022-07-18,166.4742889404297,168.61714379986807,166.01856573054513,167.26937073953323,1128600
2022-07-19,172.7671356201172,173.31982692517832,168.21962363817306,169.46073785854884,1363300
2022-07-20,173.37803649902344,174.23130824431044,171.48727733185478,172.35023996688312,1376400
2022-07-21,175.80206298828125,177.37284500508906,173.1743971402941,173.7270736740694,1837400
2022-07-22,195.89260864257812,205.55004421682895,195.66959986508715,203.6301832080859,5507200
2022-07-25,192.59593200683594,201.10920797898936,191.33542104066674,195.81506783917897,2966800
2022-07-26,197.74464416503906,198.0064461565153,192.40201933711964,192.40201933711964,1800200
2022-07-27,198.44273376464844,200.24623029214516,195.8926245619664,196.94950841427777,1599900
2022-07-28,203.40719604492188,205.28826411253067,197.22100617211558,198.28759573475455,1700200
2022-07-29,205.96701049804688,206.59727339072214,202.0594367854137,202.42789771358537,1497800
2022-08-01,204.50282287597656,206.92687601860987,203.06777276296035,203.92104420364606,1074000
2022-08-02,205.04588317871094,208.05171608969368,203.95020602424435,204.98770824931475,1354100
2022-08-03,209.8939666748047,211.20296161407663,205.68581292797103,207.1790235236943,1437200
2022-08-04,206.25790405273438,210.44666159234862,205.86035565335803,208.70135458140587,1088700
2022-08-05,206.3451385498047,209.15704963389666,204.2895458088644,204.2895458088644,907300
2022-08-08,204.9197998046875,208.21652171017482,203.79503533827713,207.30507515274743,909800
2022-08-09,203.6884002685547,205.67611255284768,202.77695367045433,204.2895608778335,805400
2022-08-10,210.13636779785156,211.08659270317884,205.84093695878354,207.10144783864604,1108400
2022-08-11,209.9424591064453,213.00645191565522,209.5836890773737,210.96056467824235,985600
2022-08-12,212.24046325683594,212.36651879446086,210.33030759479368,210.84420583937856,715600
2022-08-15,210.11695861816406,212.14346383378512,208.91463752710595,210.4369354619856,902900
2022-08-16,206.40330505371094,209.98121042803683,204.77434818472437,208.75949277629692,1194300
2022-08-17,202.6412353515625,204.86166243540177,202.12733705715314,203.8144692707792,861600
2022-08-18,208.5074005126953,209.33158470446165,203.40719675723815,203.81443601114918,1419800
2022-08-19,208.49769592285156,211.07689249004957,207.3244622721875,207.8771387964448,1111100
2022-08-22,205.93792724609375,209.50614236202415,204.87133758760206,205.29797345099874,1195700
2022-08-23,203.86289978027344,207.76078195916986,202.50543573550775,205.00704593296905,1069600
2022-08-24,204.02777099609375,206.27730016239911,202.68968848181723,204.03746188559896,1065500
2022-08-25,207.07235717773438,207.16932524209045,203.05812491453315,204.56104114055583,912300
2022-08-26,198.75299072265625,207.11113726376038,198.1130518421006,207.05294755166582,1011400
2022-08-29,197.88037109375,199.35420001770137,194.43821157315514,197.33738538367606,843000
2022-08-30,195.6502227783203,198.93723903273383,194.20548143407376,198.3748567939382,1043400
2022-08-31,191.85899353027344,196.71680651318871,191.22874549945675,196.71680651318871,1869300
2022-09-01,193.39100646972656,193.47826885443232,186.8557669863178,190.40457045493517,1303200
2022-09-02,193.95338439941406,198.7433169010348,192.54743620565992,196.38712899970227,1036900
2022-09-06,194.6127471923828,197.91914542299222,192.03355032671334,194.6224380815618,1682200
2022-09-07,205.71490478515625,207.21782109692668,194.0891374594355,194.0891374594355,1802900
2022-09-08,209.6418914794922,209.75824133636436,203.62053486708353,204.83256186034,1364400
2022-09-09,213.02584838867188,214.94569488627707,209.6515695878278,210.407873201892,1940400
2022-09-12,215.6050567626953,215.65354080111481,212.26955613485137,212.77376350296183,1510800
2022-09-13,205.5985565185547,212.29864529166883,205.08465825676316,211.2805396577464,1459300
2022-09-14,202.41819763183594,205.81187319398117,199.56752258764502,205.81187319398117,1318000
2022-09-15,203.1668243408203,206.3460193436243,202.16542902167276,202.37932072431076,1030200
2022-09-16,203.84735107421875,204.62513761676797,200.67788834450792,204.5181917817294,4048000
2022-09-19,202.6029052734375,202.7001341576291,198.95704464192616,200.6584462699648,1039600
2022-09-20,196.15699768066406,201.45565975917634,195.19450007263802,200.69730718173057,1279100
2022-09-21,193.318115234375,200.32789663863258,193.23061813751602,198.02370257602993,898000
2022-09-22,188.6708526611328,192.59866811263268,188.17502096130926,192.59866811263268,1074400
2022-09-23,186.1819610595703,186.8819675307755,182.4874857582198,186.49308164012632,1297800
2022-09-26,182.04026794433594,187.46531066306287,180.0082968916528,185.59861685518297,1385300
2022-09-27,179.19158935546875,186.327749233241,178.6860259390063,184.081901805458,1617300
2022-09-28,184.66526794433594,185.6374974145409,179.48328308793822,180.8930128527265,1724800
2022-09-29,182.468017578125,183.78053328059738,178.34577417014742,182.41941797325464,1129200
2022-09-30,178.68606567382812,183.77083699281366,178.51107147250954,183.20694206348836,1330100
2022-10-03,187.89305114746094,189.49723858106145,179.8332758354609,181.93329492942328,1526900
2022-10-04,198.23760986328125,198.59734490376115,191.14034563852638,191.27645718936984,1814100
2022-10-05,196.91534423828125,198.1014653418131,192.99726078212154,195.1167286754163,1280400
2022-10-06,195.93341064453125,199.30704820832455,194.82506960399408,196.2250824625768,1118000
2022-10-07,194.89312744140625,195.1653505080992,190.52781175007786,194.28061812382478,1303100
2022-10-10,193.56117248535156,197.25564764570984,192.55006030722328,195.73897196099477,1101500
2022-10-11,197.0612030029297,199.76399987103514,192.4625615453323,193.52228815752972,1729300
2022-10-12,194.9222869873047,197.93618936915888,194.73756101894045,197.10007145211927,1139700
2022-10-13,200.27926635742188,202.0098335886582,189.81808283393164,191.5292013223889,1314400
2022-10-14,195.87506103515625,202.78761275538474,195.1458889753644,202.45705831535622,1118800
2022-10-17,200.58067321777344,202.55429798923893,198.29594270898176,199.1028801690991,962900
2022-10-18,204.18763732910156,207.60015742627849,202.91401909772043,206.4626507272195,1459100
2022-10-19,203.38070678710938,204.00293312054268,201.20290720256986,203.09875190326147,1007600
2022-10-20,202.8168182373047,207.96963810433164,201.65986263520273,203.85709619912183,2469300
2022-10-21,191.19863891601562,192.5792028950139,173.36795513572739,178.48187648061202,6288100
2022-10-24,204.51820373535156,205.00431849847655,192.52089494183744,193.26950099581734,3205800
2022-10-25,208.4459991455078,214.02660182360754,203.7695776178439,204.51819848766036,2330300
2022-10-26,211.44046020507812,217.4974604621602,210.4001823902226,210.4001823902226,1481500
2022-10-27,211.722412109375,216.30160452485586,211.4307403064996,212.87936753191957,1642500
2022-10-28,217.4488525390625,218.31413619671588,210.00157104260384,211.94603003373908,1390400
2022-10-31,211.43075561523438,217.07940677190342,211.18769823441352,214.862724645621,1424900
2022-11-01,214.98912048339844,215.9710669670192,210.643253302199,212.84048669700428,1084800
2022-11-02,207.88209533691406,215.26131284824697,207.7459689806423,213.13212811006593,1296100
2022-11-03,206.84181213378906,208.04738197285795,202.51539411844595,205.8404170033291,1486000
2022-11-04,206.02516174316406,209.01963045368367,201.48485165175674,208.30017526617374,1648000
2022-11-07,208.29046630859375,209.72936190381287,205.09182274805246,206.8710046233448,1254600
2022-11-08,205.79180908203125,209.2043291636596,203.75985306053573,207.86266258975266,1236300
2022-11-09,203.20567321777344,207.74598299619058,201.77649473093243,204.17790267358123,1221000
2022-11-10,216.32106018066406,216.65161464479908,209.50573683873426,210.46823453342418,1346900
2022-11-11,217.85716247558594,218.48910564212207,213.63769050307076,216.29187257158281,1333700
2022-11-14,216.43772888183594,220.48220720595555,216.43772888183594,218.440519299873,1224200
2022-11-15,222.68919372558594,222.68919372558594,217.77943125920615,218.6058323564851,1565500
2022-11-16,224.58502197265625,226.86003551794238,220.2294378215447,221.42527599252148,2014300
2022-11-17,220.98777770996094,222.42667327730774,218.5960865108838,221.02666036419387,1271200
2022-11-18,223.6905517578125,226.68502021887238,222.2224906412561,224.41972383918943,1085800
2022-11-21,222.6308135986328,225.30444442403805,221.26968355012784,222.10580141983812,1433600
2022-11-22,228.22119140625,229.17397230119,224.41976994724186,225.0517132802532,1543200
2022-11-23,230.6906280517578,231.62397495371022,227.72532493649507,228.83366603785032,973500
2022-11-25,232.72254943847656,234.53089673691815,230.81698809992992,232.33366360796927,385100
2022-11-28,227.84197998046875,231.97395518719978,226.35447009284914,231.48784045699614,1072600
2022-11-29,229.26144409179688,231.68230097263142,226.4030868875705,227.41421391078907,774800
2022-11-30,233.54898071289062,234.14204132423814,227.48226305755117,229.3392250348084,2431200
2022-12-01,231.8475799560547,236.71844461851606,231.70175145884303,236.0767843957392,1205600
2022-12-02,232.39202880859375,233.34480961648237,227.8225528776471,228.26977016428955,803600
2022-12-05,228.81419372558594,230.70030628779799,227.50167811016385,228.98918789561915,741700
2022-12-06,230.04896545410156,232.23648207549013,227.2878369235156,227.75450298226548,1260800
2022-12-07,231.49758911132812,234.21010314988573,229.72812413026222,230.2239707173975,974700
2022-12-08,234.82257080078125,235.54202591273307,231.40031908601884,231.40031908601884,1188000
2022-12-09,230.9920196533203,234.42398884382405,230.22396482151305,234.26844338747617,823800
2022-12-12,235.9892578125,236.5045382507207,230.99199887264734,232.04200849252484,1162300
2022-12-13,236.89556884765625,242.6449821558164,234.38141423617736,242.6449821558164,1189000
2022-12-14,238.4547119140625,240.97860581807763,235.3851128274875,237.5581941328068,1161300
2022-12-15,233.5823211669922,235.50204358539926,232.82222968724585,235.47281044151293,1280300
2022-12-16,232.94888305664062,233.85514012548992,228.05700113536685,229.79157014681175,2206700
2022-12-19,232.57861328125,235.7748992556315,230.66864513207992,232.32525440780736,871900
2022-12-20,232.27647399902344,237.06116243263946,231.0681164601996,232.05234832151538,1093500
2022-12-21,236.7006378173828,237.6751155603434,234.05005716698201,234.26444345998138,786200
2022-12-22,234.9952850341797,235.3168644507804,230.64912293688357,234.22545421457139,961600
2022-12-23,234.5957794189453,235.5410240281328,233.01711534921392,234.2059793964528,592200
2022-12-27,233.90386962890625,235.85282493298035,232.8416925568296,234.70294844086413,532100
2022-12-28,230.36654663085938,235.33638937280824,230.23987462765604,234.5860373012447,603400
2022-12-29,234.24497985839844,235.76516285727178,230.66864809326657,232.17907679769118,567600
2022-12-30,233.83570861816406,234.4008926793417,231.87699864681954,232.7150501825215,710300
2023-01-03,237.0027313232422,239.6630513185816,233.32894617868305,235.5020273171072,1058300
2023-01-04,242.52806091308594,242.6352540752702,237.6946440582586,238.28907616321627,1186400
2023-01-05,243.9117889404297,244.78881298617682,240.18927671967245,241.44636137050753,1353800
2023-01-06,248.02406311035156,249.2616390571884,243.14192042044866,246.98136485616453,1164000
2023-01-09,243.414794921875,248.92060322806367,243.07373662497173,247.60505229462768,1544300
2023-01-10,244.0092010498047,244.07742162355325,241.51454060975632,242.722898265745,671500
2023-01-11,245.88026428222656,246.6598346858726,240.69603485573694,244.82782639408163,1170800
2023-01-12,248.6379852294922,250.85979324975835,245.52941378145354,247.51734179508907,1389100
2023-01-13,252.26303100585938,253.12057611817627,247.08855692995039,247.8584026201483,1039300
2023-01-17,251.72708129882812,254.3094412016926,250.8305487486853,252.27278642023728,1887900
2023-01-18,250.20693969726562,255.99534044555662,249.87562080033328,252.07792049626062,1812800
2023-01-19,250.4213104248047,253.48115518761284,246.27002556869567,249.31039148185087,1713800
2023-01-20,254.72850036621094,254.91365353413528,247.36145030562292,250.78187702614719,1241200
2023-01-23,257.07696533203125,262.22220651204753,255.42034130998698,255.42034130998698,1888200
2023-01-24,246.2310028076172,258.5776475849108,245.65606456896512,257.1549185580989,2223200
2023-01-25,247.16653442382812,247.18602814212863,243.16143030072084,245.27604522113924,1695600
2023-01-26,248.3456573486328,249.07651565175493,243.10296236271148,248.4528504945314,1799500
2023-01-27,248.26771545410156,253.22778906175327,238.18186418760854,242.31365544893353,1918600
2023-01-30,246.83523559570312,250.83058574929754,244.64266049345628,249.98279480128792,1486800
2023-01-31,248.56007385253906,248.56007385253906,244.6524081338244,247.20553535820105,1916800
2023-02-01,254.78692626953125,257.86627931161087,243.85330036327272,245.6463357285282,1575900
2023-02-02,251.405517578125,256.8918323388062,251.07419869546445,253.7247794954512,1364300
2023-02-03,251.4932098388672,253.5201402544809,249.7391617480528,251.40551040819662,936600
2023-02-06,247.0496063232422,249.72940529871454,246.26028171531772,249.10575499531674,887700
2023-02-07,248.7159423828125,249.65144752926946,244.79855268473293,245.48068410957143,851100
2023-02-08,249.85609436035156,252.18511050597482,248.56979143560162,249.34937662572165,846300
2023-02-09,249.66122436523438,253.72478013934742,249.05703801780996,251.90251141073873,733700
2023-02-10,250.0704803466797,251.3275649956472,248.71595684241322,249.0277968658116,1024600
2023-02-13,253.48114013671875,254.2315070149776,251.0254669846807,251.65887155586154,792300
2023-02-14,252.29226684570312,255.68345989740988,250.73309660105525,252.8574805570037,817100
2023-02-15,252.42872619628906,253.0328976467097,250.00225636196288,250.60645755108456,700400
2023-02-16,256.433837890625,256.8723648145209,249.3981066896271,249.46632727578046,1051000
2023-02-17,256.1317138671875,257.3595652796645,255.04030360662983,255.5762544435718,878800
2023-02-21,249.55397033691406,254.95258468287057,249.04725268003935,252.96464200964417,949100
2023-02-22,247.61477661132812,251.12290209621418,247.19574349010753,249.70989760938437,960300
2023-02-23,245.54888916015625,249.5539931423415,244.6913588866616,247.31269143585698,1681200
2023-02-24,242.78135681152344,243.94098757351034,239.61430450530818,243.12242993070146,1624300
2023-02-27,241.70945739746094,246.2797604775669,240.02361503364094,246.2797604775669,1265300
2023-02-28,237.23658752441406,241.20271880763732,235.77487100871298,239.58508229495095,2781800
2023-03-01,238.06492614746094,238.93221078242286,233.87466869284395,235.63847110680632,917900
2023-03-02,237.5289306640625,237.83101636088813,235.16095707719143,235.99899359388232,1035000
2023-03-03,243.6096954345703,244.16514001398667,238.61061987307156,238.9321993114075,1186000
2023-03-06,245.30526733398438,245.9679199022526,241.62174281638508,243.13218622572546,996000
2023-03-07,239.06861877441406,246.1140884659603,238.50341991735638,245.90945647335744,1006500
2023-03-08,245.01292419433594,246.51362819889806,238.72754592058638,238.72754592058638,1954700
2023-03-09,245.69509887695312,250.72340802467497,244.6621547611226,246.6598224077167,2522000
2023-03-10,240.30621337890625,247.8584157616781,238.95168993341537,245.41246715100277,1200200
2023-03-13,240.7642364501953,243.5804766888462,235.17072854226032,237.35356416058033,1058800
2023-03-14,244.2918243408203,246.7669912307638,241.7874094391953,244.21386433815317,1226100
2023-03-15,241.1539764404297,241.29040271168043,238.01615733231455,239.01012866248323,1338300
2023-03-16,248.4901123046875,249.40835001106433,239.0342344345705,239.0342344345705,1210000
2023-03-17,244.8562774658203,248.763662351937,244.71951959102586,248.02124968406096,1123200
2023-03-20,250.50242614746094,252.65149957660068,245.51074178339394,245.99916485265493,1457900
2023-03-21,252.7003173828125,253.15943623750766,250.07259901608563,252.4756320501823,871500
2023-03-22,248.4901123046875,255.66015900375365,248.2654269727947,253.37434273819116,842700
2023-03-23,246.9174346923828,250.92249543745015,244.64138110521571,248.02126083661204,979200
2023-03-24,248.33384704589844,248.38269233795816,244.17248751794162,245.7061283312827,1021400
2023-03-27,248.51942443847656,252.8175413951486,247.90400661442771,251.70395232242313,981200
2023-03-28,248.58779907226562,249.80885673517528,247.2983699310873,247.2983699310873,609000
2023-03-29,251.40110778808594,252.1923805860342,248.86131677236045,250.9810711033445,1174000
2023-03-30,253.43295288085938,255.9043723049591,253.18874135748598,253.97020630789007,913000
2023-03-31,257.5747375488281,257.5747375488281,254.04833791551522,254.70280801957765,1223900
2023-04-03,258.0436706542969,258.7079188510113,255.33781767560654,256.85191721384933,823000
2023-04-04,261.0426025390625,261.07190673057806,257.76038403442794,258.81539455094475,1103200
2023-04-05,265.0281677246094,265.4579824822284,259.8508942500853,260.5249205831249,1099500
2023-04-06,264.3247375488281,266.24912523011915,263.25020105986346,265.01828981448944,912100
2023-04-10,264.71551513671875,265.77052561901434,262.2929558874034,263.02559046250644,1008100
2023-04-11,265.3016357421875,267.73397305604016,264.8034346784912,266.6203839742801,1752100
2023-04-12,266.0733337402344,269.10156247872914,262.90836205548516,265.5360505223699,1200300
2023-04-13,267.0795593261719,269.05277818572,264.97934567365076,268.64251942025186,1612600
2023-04-14,267.0208740234375,269.2578598274715,265.5165227577094,266.3077656742018,1084100
2023-04-17,264.8230285644531,267.0111546598671,262.9377224264944,266.67903050688335,1007300
2023-04-18,265.1649169921875,268.0758996339262,264.43228233092077,266.47388734299966,1179000
2023-04-19,266.6692199707031,266.9427356992606,262.9572165387122,264.3834035654062,2105200
2023-04-20,264.5103759765625,267.14787227334494,262.4980754699119,264.9304126293833,2227200
2023-04-21,274.6988830566406,287.2122791955759,273.1359233365918,280.9506921258586,4083000
2023-04-24,279.6222229003906,282.6504520625559,276.57446754630735,277.2875461885632,1892800
2023-04-25,275.4608154296875,282.29873796163685,274.80634525291913,279.59288506308843,2072500
2023-04-26,271.63165283203125,275.6562547447312,269.8928676422439,275.6562547447312,1608200
2023-04-27,275.9004211425781,277.2679997514801,272.3642429499253,272.3642429499253,1254500
2023-04-28,280.6772155761719,280.8042103564745,275.4706382606307,275.4706382606307,1206400
2023-05-01,277.43408203125,282.99233895814433,276.86749457535,281.24377601876654,980400
2023-05-02,274.0444030761719,277.2777611623614,271.5241235375073,276.14461615107496,1018900
2023-05-03,271.768310546875,275.79291119692107,271.23105718464035,274.679322286352,938100
2023-05-04,271.2018127441406,273.85883557577705,268.87691404008626,272.17865893502193,1460300
2023-05-05,271.6217956542969,275.1286692076735,269.23828903574423,272.89168352653724,1247900
2023-05-08,271.3482971191406,272.90147877587714,269.8830280304108,270.6058845746719,934600
2023-05-09,267.7046813964844,270.7231623003214,266.6887828419487,270.3910083683231,1069300
2023-05-10,272.09075927734375,273.76115799600734,269.03322578491947,269.70725207351694,1029900
2023-05-11,271.660888671875,273.29220485843786,269.49228927873304,271.50458972874156,1418100
2023-05-12,269.4825134277344,273.7806300597647,268.39822862800486,272.3446651824367,1171800
2023-05-15,271.0943908691406,271.82702563852956,268.84765616740856,269.55098673846135,769900
2023-05-16,269.18951416015625,273.7025388288924,269.1309057731062,271.13342855627053,888900
2023-05-17,269.08203125,271.04550154457786,266.6887760769312,270.8989805847538,949300
2023-05-18,272.9308166503906,275.9590457697054,271.28972222310324,271.8367536988657,1490500
2023-05-19,275.9297180175781,279.1435500215169,273.80994887175206,274.95287192126654,1512000
2023-05-22,270.62548828125,278.1862685724122,270.45941130508817,276.33026669503676,1236300
2023-05-23,261.5603332519531,268.04657615123995,260.8374468333888,268.04657615123995,1168500
2023-05-24,258.76654052734375,260.2806699543568,256.0216052163534,259.2842677971147,1057400
2023-05-25,257.9753112792969,260.39790060507926,256.4807377747365,258.80563651760383,868700
2023-05-26,258.28790283203125,261.23796757282634,257.6627069656224,258.043691286274,975300
2023-05-30,258.063232421875,262.6348656685494,256.52957667107347,257.43806633024377,1102400
2023-05-31,258.0729675292969,258.32695704889016,253.17895914284264,256.0313628051952,1918100
2023-06-01,261.667724609375,262.2929203379972,257.5845156188457,258.1999333482791,895100
2023-06-02,267.90985107421875,269.35556438588384,263.2209713799786,263.2600535754503,1037500
2023-06-05,265.9267883300781,268.86707441930537,265.85840195775415,267.079459416512,999000
2023-06-06,264.9109191894531,266.91344194351313,260.515111358705,266.2198894995139,1164800
2023-06-07,267.19671630859375,269.03319177224824,261.5798511543842,265.5067617998101,1208000
2023-06-08,267.1576843261719,268.82811295856976,265.4091509178008,267.78288026575586,845300
2023-06-09,265.49700927734375,268.6326769043169,265.33093232388205,266.5519899461744,730000
2023-06-12,269.843994140625,270.00029311538276,265.4188818930446,265.9952175937868,1166000
2023-06-13,273.370361328125,274.4937282752416,270.70356099406956,271.1333756225102,1096400
2023-06-14,277.61968994140625,290.0158700674384,276.85775113084304,288.03284374877705,2195800
2023-06-15,279.8614196777344,281.3199903200526,276.36669350045116,276.97361471070303,1251700
2023-06-16,283.9630432128906,285.558676032806,281.53535832040205,281.53535832040205,2967800
2023-06-20,279.2838134765625,284.52100299862093,279.02931645964713,283.2581971056723,999400
2023-06-21,280.9284362792969,283.1016241237282,275.82827853406343,278.36365937355816,1325600
2023-06-22,288.1919250488281,288.2604561152425,279.4600395203778,280.4487211433005,1198000
2023-06-23,289.17083740234375,290.71753636788344,285.45098068292714,286.5962919384002,2007500
2023-06-26,288.6520080566406,290.5608999365039,287.4577332642951,289.6407195289239,928400
2023-06-27,291.324462890625,292.1859109570518,287.80037074344654,287.80037074344654,1164400
2023-06-28,293.20391845703125,293.4584453163884,289.5917282372762,291.1188595193747,1226200
2023-06-29,294.10455322265625,296.5420364454586,291.86283462823684,292.6949164524931,954300
2023-06-30,297.0804138183594,298.4312881449753,295.44561659207386,297.5307052605647,1282700
2023-07-03,291.3048400878906,295.01492773802937,285.86208764223215,294.10454605940265,932900
2023-07-05,292.0586242675781,294.21221438821186,289.7092396477749,290.4042593339481,891000
2023-07-06,288.25067138671875,293.0179722184635,287.25219102765493,290.83501566765983,1206100
2023-07-07,285.3432922363281,288.6226562028929,283.88472167431775,285.6467528247457,929000
2023-07-10,289.5036926269531,289.7190546607637,285.6663707733025,285.6663707733025,737200
2023-07-11,288.4757995605469,291.41253779907504,286.7431347544719,290.8741477382967,843300
2023-07-12,289.01422119140625,290.5315540381507,287.38922227036386,289.5330438085906,1275400
2023-07-13,289.7386169433594,292.7340876764082,287.86888993857906,289.4155589947487,1262600
2023-07-14,290.306396484375,293.7423901958405,288.9457231382656,289.7680063589313,1214500
2023-07-17,285.7054748535156,289.5036612891882,283.6889168797798,288.5639133679443,1800300
2023-07-18,283.6301574707031,286.98785075175044,282.308649218731,285.4705181351957,1549500
2023-07-19,280.66412353515625,283.98265277526514,274.5655149759327,282.70027920066474,2637500
2023-07-20,280.8598937988281,283.88473096805,279.1369975960157,282.4261603582894,1738100
2023-07-21,279.127197265625,283.17008184907456,278.8433042019772,281.6332115281905,1027400
2023-07-24,279.1663818359375,281.16337257521315,277.74697601375846,278.99018467854455,1031900
2023-07-25,279.5089416503906,280.5270192217185,275.8380190304555,278.56919382441976,3057800
2023-07-26,276.2296142578125,281.4472363533901,275.8772199797574,278.18743991113723,1943600
2023-07-27,270.4931335449219,270.8651251082896,259.5293006073142,268.22204917049663,3025300
2023-07-28,267.4879150390625,273.0285649153337,266.3621713256928,272.5195410283792,2011900
2023-07-31,267.0572814941406,269.7003588243836,264.51210144910243,269.7003588243836,1600300
2023-08-01,268.09490966796875,271.7462660643213,266.7636022722064,267.3411573813141,1273000
2023-08-02,263.7093811035156,270.01355318863557,262.6913032431256,267.6935342139624,1168200
2023-08-03,265.0406188964844,267.5466330693493,262.8967976501127,263.32752163676565,1091800
2023-08-04,263.02410888671875,265.9608475799726,262.16266075684945,264.3554160881161,1159200
2023-08-07,266.8320617675781,266.8614279592452,264.04218393705236,264.30647966205623,952900
2023-08-08,261.96685791015625,265.2168557972744,260.3418888406471,265.2168557972744,1193800
2023-08-09,261.4676208496094,264.521824075787,260.50827552895674,262.92619139535543,1027500
2023-08-10,262.3975524902344,263.94425137532426,260.41036078904665,261.4186397335104,1088800
2023-08-11,263.8952941894531,265.0504339745739,260.5572278975291,261.5263419904072,958200
2023-08-14,265.1777038574219,265.2364362357474,261.8591751117892,263.3079768165977,880900
2023-08-15,263.10235595703125,266.5872827835143,262.358402618441,265.28534203544774,949200
2023-08-16,261.41864013671875,267.2431829978285,261.0564471960197,264.1400164096469,746200
2023-08-17,260.0090637207031,263.06329732945187,258.7756536734168,260.5083189029699,1240200
2023-08-18,263.36669921875,263.81699072687167,258.72663238845985,258.72663238845985,977900
2023-08-21,269.0248718261719,269.31853376999686,263.75831522385255,263.924713700669,1264200
2023-08-22,269.0345764160156,271.80491621231005,268.5353512306912,269.7589921612692,1628000
2023-08-23,271.3252868652344,271.8245121026994,269.5240609381376,271.0805586535587,833700
2023-08-24,266.841796875,274.06617704423746,266.7536983209902,271.1588052657405,1002700
2023-08-25,267.51727294921875,270.4931760497476,266.9984503909004,267.8011660091427,879100
2023-08-28,271.68743896484375,272.03983319709744,268.2220796441251,268.5647050637349,662200
2023-08-29,273.4593200683594,274.02707639638953,270.3170180760493,271.93221835953295,694200
2023-08-30,273.86065673828125,275.84784854365006,273.410335337266,274.2228496974101,538600
2023-08-31,271.45245361328125,274.60455339862347,271.41331861836306,273.72353802829446,981000
2023-09-01,274.8885498046875,275.07454565964855,272.2944363987221,273.21461698409144,966900
2023-09-05,268.466796875,273.04810095181114,265.7062560053663,273.0089659547415,1240100
2023-09-06,268.78009033203125,270.6693848357973,267.5270831631963,268.055674557359,780300
2023-09-07,266.1566162109375,270.07226742093263,265.64756243424745,268.7115642859163,1260200
2023-09-08,267.8109436035156,271.3644017534764,266.05871124712627,266.15660849934926,990900
2023-09-11,266.73419189453125,268.4276920549834,266.3132366524883,268.016565375472,1042600
2023-09-12,255.3689727783203,266.9103628481588,255.290672900305,265.43219498696163,1591600
2023-09-13,256.954833984375,257.22892839759743,254.40968437904536,254.78164618166474,1422000
2023-09-14,258.6129455566406,259.47636716086765,256.13062341573226,258.97599823215916,867000
2023-09-15,251.45053100585938,257.6612321625535,247.56516359950328,253.71699782144123,4375400
2023-09-18,250.89125061035156,252.48070257533453,249.1546013833219,250.86180217519637,1387500
2023-09-19,249.49806213378906,252.6475783384835,247.95765555770578,251.10715679115322,1089700
2023-09-20,249.4195556640625,251.715441056445,248.8799171244289,251.02865014599553,1084300
2023-09-21,248.66407775878906,250.46940047041153,247.9085837545381,248.00670530307588,1188800
2023-09-22,247.51611328125,249.5765309409395,246.61345197730333,248.39914728236758,818300
2023-09-25,249.72369384765625,250.12595621129446,246.03453970726113,246.68210590908507,726700
2023-09-26,243.7779083251953,249.62558687021038,243.73865372029857,248.4874428681286,1540300
2023-09-27,242.6005096435547,247.0157095046297,238.98986449891768,244.45489298635638,1308900
2023-09-28,245.9266357421875,247.85951339793402,242.53184587997234,243.11072406872495,1065300
2023-09-29,241.34461975097656,246.2013363620512,240.18686347570284,246.2013363620512,1529100
2023-10-02,242.5514678955078,242.73787487246514,239.5883739695247,240.9718068755337,1294700
2023-10-03,239.38232421875,241.5408634103503,237.99890628687484,241.36426259952407,1004200
2023-10-04,238.77401733398438,241.03067811295907,235.41846712020282,240.8834957964252,1290400
2023-10-05,240.8050079345703,242.34542938854176,237.95966272781865,239.40196263483477,896400
2023-10-06,240.7559356689453,242.69861932090726,237.2139637991276,240.03968139164195,1011700
2023-10-09,244.2586669921875,244.60207741730042,239.52950510728277,241.52124964194897,795400
2023-10-10,248.30104064941406,249.4980366392741,244.37641847431286,244.37641847431286,1085300
2023-10-11,239.4706268310547,246.98626648121873,236.38978423034484,246.98626648121873,1720200
2023-10-12,230.54209899902344,240.95215899980556,230.04171510544933,240.07893124166006,2002900
2023-10-13,232.94593811035156,234.28031019548467,229.88473772673524,231.43496522058436,1177900
2023-10-16,234.9082489013672,235.66374283117136,233.01462596540708,234.39804384749013,1437600
2023-10-17,239.37252807617188,240.3831171259814,233.3187999434671,233.6327619440531,1216800
2023-10-18,237.94000244140625,241.25631264834786,237.8615082089719,238.76418439634477,1153900
2023-10-19,239.4510040283203,242.89485446178048,238.39135428619912,238.83287126927172,1124600
2023-10-20,236.5860137939453,242.5023798433282,236.41921916727665,241.45253634628907,1166300
2023-10-23,236.39962768554688,239.63744409167242,235.97772300137567,236.37019421586587,1282500
2023-10-24,225.7835235595703,228.20697910728484,211.89037153844234,214.6277890954426,3636500
2023-10-25,221.1132049560547,227.06881107963457,220.57356643466485,225.6657658952659,1565400
2023-10-26,217.630126953125,222.76156668387003,217.2278495534666,219.5433774290962,1548100
2023-10-27,221.0445556640625,223.53669946506164,216.39388734130787,219.35698167484918,1320400
2023-10-30,219.13128662109375,222.89892050637962,218.04220331364823,222.28080266302953,1442700
2023-10-31,221.87850952148438,222.7517373386914,219.87695884056708,219.87695884056708,1433500
2023-11-01,221.1132049560547,221.95699928825198,219.5139166939116,220.7599883758036,1158100
2023-11-02,223.62496948242188,224.41970307656263,221.07397405429987,221.51549105423967,1128500
2023-11-03,226.4899444580078,229.85531579276656,225.960127046276,226.6567391056131,1250300
2023-11-06,226.6469268798828,227.61827624187345,222.1728600693415,227.11787734119105,1610300
2023-11-07,228.71713256835938,229.74734871763346,226.16612257694197,226.99030447910707,1387400
2023-11-08,227.1865692138672,231.7293092022686,227.06882036813695,229.86511965711412,1424600
2023-11-09,223.27174377441406,231.5526986116889,223.02645489876608,229.5903876065051,1279600
2023-11-10,228.43263244628906,230.0122784409962,222.2120951504856,224.34120080524792,1536000
2023-11-13,225.6559600830078,231.31721657003038,224.95933308680625,229.11943781946866,1798200
2023-11-14,233.1029510498047,235.3694181079578,228.83491816825256,233.70145656928963,1810800
2023-11-15,236.5271759033203,240.22612155188074,233.09313147427508,233.09313147427508,1949900
2023-11-16,235.88941955566406,237.47888678296118,234.3195796316503,236.0464080394392,1676600
2023-11-17,241.73709106445312,245.61265220195574,238.91135850164366,238.91135850164366,3050100
2023-11-20,243.72886657714844,245.98552745499063,240.4125558530696,240.4125558530696,1636400
2023-11-21,243.87599182128906,245.593013827562,243.00276408552,243.16955871243727,1169000
2023-11-22,248.24215698242188,248.6542405113389,244.56282371932846,245.66172810101924,1112600
2023-11-24,247.4277801513672,249.32141800050144,246.63304661313387,248.91914066321846,435500
2023-11-27,246.63307189941406,248.44821570020864,246.09344831059303,246.37797683976692,1146000
2023-11-28,242.00201416015625,246.7998642749773,241.2072805477696,245.77946907455086,1546200
2023-11-29,244.38621520996094,245.84814230342306,243.05184312306616,244.0231924635706,1401000
2023-11-30,245.7598419189453,245.81870885749143,241.95296850425407,244.07225314814306,1792800
2023-12-01,247.6044158935547,248.7817995626185,245.28888819018948,245.7500324976867,980500
2023-12-04,252.29432678222656,252.59848257632368,245.94623485186267,245.9560410167147,2000400
2023-12-05,247.7515869140625,251.55849027730457,247.60441956746297,251.01883674978413,981700
2023-12-06,247.63385009765625,250.25353363475577,246.80968302398924,248.5070779433561,1079900
2023-12-07,249.16441345214844,249.63536385714562,248.08515148356142,248.90931843511734,900100
2023-12-08,252.67698669433594,253.2852983423719,248.49726945586303,249.4489915336748,1552500
2023-12-11,257.0823974609375,257.2393859609846,250.91093489390468,251.28376386745725,1484800
2023-12-12,258.04388427734375,258.7307050718072,255.87553910894795,257.73972848214976,1373200
2023-12-13,263.8164367675781,264.2884790876601,256.97198818664526,258.62409129049877,1417300
2023-12-14,271.2706604003906,272.18521440345285,266.7076739581254,266.7273611480581,2410000
2023-12-15,265.9012756347656,270.0905350558507,264.37698914597814,269.9135304347393,2794300
2023-12-18,262.7445068359375,266.9337956886536,262.3904976426697,266.9337956886536,881800
2023-12-19,264.7113037109375,264.7899924275882,261.8791101305572,263.4918987014218,1478300
2023-12-20,259.0961608886719,265.861951467383,258.85031111479987,264.7212049153018,1019800
2023-12-21,264.2884826660156,264.504831647613,261.3481292437675,261.3972871896486,737200
2023-12-22,265.5079345703125,266.4225186145468,263.5608234041133,265.30142914591954,569500
2023-12-26,267.18951416015625,268.53676595742223,265.32103209435877,265.84223235193514,509400
2023-12-27,266.7174987792969,267.3763893654983,265.5865958432993,266.6879980074346,517100
2023-12-28,265.9897766113281,268.0745777231793,265.8029283974399,266.4912897019619,542300
2023-12-29,266.18646240234375,267.76975056628095,265.2325640705443,265.4095987176824,629400
2024-01-02,270.74945068359375,270.85761018063937,264.3376692671658,265.02606064986077,1065800
2024-01-03,267.5632019042969,271.0149421937523,266.27495154204155,269.38249615976633,1158700
2024-01-04,268.5662536621094,272.1556537527737,266.6289565704591,267.34681858201975,832900
2024-01-05,271.2607421875,274.22078240594203,268.2908883877514,268.3400463271403,822700
2024-01-08,276.8169250488281,277.01361681778417,271.97861964639355,272.25397011636176,834700
2024-01-09,274.69281005859375,277.0726486752827,274.2207977789523,275.6270510469735,764400
2024-01-10,277.8102111816406,278.4002565704121,273.64060911997757,274.31915681542154,890900
2024-01-11,277.8397216796875,279.23616148164757,276.61047291460005,277.81022090976364,869800
2024-01-12,277.5053405761719,282.46167948139504,276.2760919397244,279.92449348963373,899900
2024-01-16,276.15814208984375,277.52505123129004,274.7715457594105,276.0007946327422,841600
2024-01-17,273.2669372558594,277.25953506285543,271.9098417430558,274.024143732718,737400
2024-01-18,280.09173583984375,281.12429287930934,273.8766463923321,274.3781895314226,1316700
2024-01-19,282.9927673339844,283.30746226988856,278.7150049685654,281.3406639369287,1212200
2024-01-22,283.52374267578125,286.13958742691324,282.26499324773573,283.7990931753239,1769000
2024-01-23,280.18023681640625,286.5231429059926,278.9608315549145,283.95648570024775,1992000
2024-01-24,274.29949951171875,281.73399419168845,274.05364974052674,280.41624301941425,1435700
2024-01-25,281.27178955078125,281.458637773864,275.28289285085754,275.63693211968297,1438800
2024-01-26,278.7247314453125,283.4155632104511,277.2594767486884,282.7173284125719,929900
2024-01-29,281.97003173828125,282.4223869163861,276.93500319080033,277.73158406338285,1742800
2024-01-30,296.58331298828125,299.8875493696712,291.2041190369391,295.01971211538455,2483200
2024-01-31,299.83837890625,304.1948297067173,297.3700675783127,298.38296744857195,2555800
2024-02-01,309.4363098144531,309.5936572440079,298.3140703565911,298.3140703565911,1739800
2024-02-02,304.2833251953125,307.8038803342514,302.0509903066438,307.8038803342514,1280100
2024-02-05,305.4634094238281,307.3220480415864,302.9754110170592,303.66380235940466,861900
2024-02-06,301.7264709472656,307.3023261489277,299.90717690020296,305.4732185198821,1261300
2024-02-07,302.17889404296875,305.0307456175986,301.1561505089015,302.5525905272026,890800
2024-02-08,300.3890686035156,302.60171648953934,297.09467574879983,301.96251310243514,899500
2024-02-09,301.23480224609375,302.40504950888504,300.4185642337483,300.5464109111728,770400
2024-02-12,305.0110168457031,306.3091106406798,298.43207557906413,300.92007368062593,1367700
2024-02-13,299.484375,302.89677113079676,296.81934178943743,300.9594736730656,996800
2024-02-14,300.35955810546875,302.24769744521933,298.77630007466723,301.06760660650565,936100
2024-02-15,302.5525207519531,304.1751229968486,300.73322671515047,301.79531437392296,839700
2024-02-16,303.4277648925781,306.1813002393291,301.5298119285861,302.13951453787206,869100
2024-02-20,303.4573059082031,304.71605565878116,301.58885346748025,301.58885346748025,774900
2024-02-21,306.44677734375,306.6532827210902,302.3951784537003,302.3951784537003,572800
2024-02-22,307.64654541015625,313.01589564921426,304.4308414229373,305.85675199348475,1618000
2024-02-23,310.12469482421875,311.71782641644984,308.5414368364681,308.5414368364681,787200
2024-02-26,308.0006103515625,311.2458153795726,307.88257725027,310.7541158292099,858300
2024-02-27,308.7872619628906,309.77066088633933,306.41726695606485,307.6957035631203,620100
2024-02-28,306.8795166015625,311.4621599470016,304.59802351773766,309.3970158626939,738700
2024-02-29,306.5255126953125,308.81681940261717,304.43086780221586,308.74797426271283,1479200
2024-03-01,306.80084228515625,308.7774539415469,303.34910206270314,306.4173022555695,1212000
2024-03-04,308.8659362792969,309.4756688518465,305.5617301348016,307.3613370508294,750600
2024-03-05,310.30169677734375,312.5831594131102,307.3515000823991,309.770652969187,987400
2024-03-06,318.0312194824219,318.7884558929677,311.491622363176,312.0324797898904,1914000
2024-03-07,319.2703552246094,323.2334523949031,318.906502359571,319.9095586370518,966800
2024-03-08,319.968505859375,323.28255546008114,319.06379564762716,319.06379564762716,708700
2024-03-11,315.9169616699219,319.64405267136857,311.7375154844054,318.296800702732,1043900
2024-03-12,318.1787414550781,320.81427364146515,313.7927902215235,315.42523619880086,1048700
2024-03-13,316.5561218261719,319.80135642744375,315.8972613236859,318.37541591933046,969700
2024-03-14,320.0445251464844,320.3105775696636,314.5951568355269,317.048841622691,1058200
2024-03-15,317.2755432128906,318.9507685270796,314.25029788641257,314.25029788641257,1231000
2024-03-18,322.3996887207031,323.3851081524626,317.0094432260741,317.275495646508,829500
2024-03-19,325.66143798828125,325.89792903836457,322.92197305855836,323.7102966072466,916800
2024-03-20,324.06500244140625,326.5679760836125,323.7792524738672,325.43474981264063,828200
2024-03-21,324.0552062988281,329.1596720553175,323.7792900436832,324.42967051779976,1041100
2024-03-22,325.1292724609375,325.86833699552363,322.6854215737654,323.95662099358515,710100
2024-03-25,322.5475158691406,326.73554871702584,322.4883931053327,325.18843289461444,755700
2024-03-26,322.9317932128906,325.5530125072544,321.44383032191826,321.985798979755,891300
2024-03-27,326.853759765625,327.7307673846729,324.656263700519,326.19351554259595,1032000
2024-03-28,328.66693115234375,329.6129253556471,325.91760260707224,327.90816904077724,812700
2024-04-01,325.29681396484375,327.6815423666694,322.9022518174803,327.47461269374844,850500
2024-04-02,324.5479431152344,324.83372321238323,320.7836331204422,324.24246545272376,904600
2024-04-03,327.35638427734375,327.80966884687894,324.1537707619706,324.32127524364716,791700
2024-04-04,320.4288330078125,330.93337713409886,319.778452608337,329.6227825907252,749500
2024-04-05,324.00592041015625,324.7449850370705,321.4635513255226,321.4635513255226,604400
2024-04-08,323.2372741699219,324.5971578099488,320.340138607938,321.7295836282866,1063600
2024-04-09,324.0946350097656,324.62673988948455,320.54711878188925,324.20301672031763,667200
2024-04-10,322.98114013671875,324.43954190915815,319.89677195401345,321.493146906343,735200
2024-04-11,322.478515625,324.71540695460726,319.48283207097796,324.45921834649886,643400
2024-04-12,318.1131286621094,324.3113956347157,315.96492137997285,321.40442616740705,994900
2024-04-15,317.9259033203125,325.11945375945976,316.4970329927888,322.9515488674099,731900
2024-04-16,309.31329345703125,318.64518580921685,307.3522885059057,318.64518580921685,1623100
2024-04-17,306.4950256347656,310.94911094502936,305.62785166384674,310.88015443527365,1511000
2024-04-18,292.6695861816406,300.1686140055132,288.6983468717102,298.59196689225706,2767400
2024-04-19,300.66131591796875,301.44966952668574,293.01448138541303,294.28568090454615,1652000
2024-04-22,305.7855224609375,308.53485128466747,302.5336501418798,302.78000501673614,1131400
2024-04-23,314.7725524902344,315.55104233738706,307.7957954666363,307.7957954666363,1183400
2024-04-24,314.3685302734375,317.30509132363085,313.06779933810776,314.1812981553564,835600
2024-04-25,309.5399475097656,317.56127612995124,307.57897246115857,316.71379977973663,1585000
2024-04-26,302.2182922363281,302.78982228293796,291.477226291698,293.04403960179644,2257100
2024-04-29,306.87933349609375,308.27861225229265,303.10516022163705,304.34679833223106,1141200
2024-04-30,305.30267333984375,308.8501895152369,303.6570095610447,307.76622206267007,955800
2024-05-01,304.9281921386719,309.293593014951,302.57302525597066,302.9573532701813,812500
2024-05-02,304.3369140625,307.4508428746879,302.6025663512529,307.4508428746879,868700
2024-05-03,303.2726745605469,309.9833780561646,302.8193599986247,307.4508430609598,1044900
2024-05-06,305.5391845703125,306.45561753829276,303.3416881382977,304.7606947021592,751200
2024-05-07,309.86517333984375,310.04254163215006,305.29281243183755,307.5691290676181,1178500
2024-05-08,304.9084777832031,309.62861496099265,302.79966587520664,309.62861496099265,1027000
2024-05-09,317.19671630859375,317.45290494457527,305.11546289097885,305.13516045601796,1147800
2024-05-10,321.88726806640625,323.0007968936729,317.51200315663453,318.18211126017735,1030900
2024-05-13,312.5553283691406,321.88725159740875,311.34328171369236,320.46824520886213,1316500
2024-05-14,315.8269348144531,317.4824322787362,311.82613423946145,313.41264512457894,976300
2024-05-15,322.1927185058594,322.49819611395753,317.1375121737758,317.1375121737758,778200
2024-05-16,318.00469970703125,323.1683180324819,317.965304581634,320.5470987080519,694400
2024-05-17,318.1524963378906,319.4532571767638,315.3243474422742,318.8817271508059,739200
2024-05-20,320.31060791015625,320.56682661256383,316.80251677040786,319.29562699173385,725900
2024-05-21,316.43792724609375,320.3303465734346,313.34372543660453,320.3204827545047,838600
2024-05-22,313.7674255371094,317.80765148789857,312.9396767686371,315.38349787385516,678300
2024-05-23,310.72247314453125,314.94006725485764,308.57426592671516,314.1517136387218,900700
2024-05-24,314.05316162109375,314.8809102736207,311.97391113664816,312.9593304952677,814300
2024-05-28,314.01373291015625,314.1319784202485,311.0771724282126,313.49146185884064,852500
2024-05-29,320.3894348144531,327.16912553146176,310.60422676436275,311.88526003720716,1786600
2024-05-30,330.21405029296875,332.0173545812501,322.0843401607778,323.02047055667396,1585500
2024-05-31,334.7962646484375,335.0130581345582,327.06071580097773,330.20420631341983,2049300
2024-06-03,327.84906005859375,335.042609949042,322.774125879215,332.34257030386584,1109000
2024-06-04,327.1592102050781,328.8245712411478,323.3357784790155,326.63693917482385,729000
2024-06-05,331.9976806640625,332.69732007463233,326.824228393306,329.8494734147762,647400
2024-06-06,331.9089660644531,334.04730929949204,329.08081722756174,331.2388880968676,927700
2024-06-07,332.5198974609375,333.2688257667296,327.9278398249692,330.2632787997451,908300
2024-06-10,336.28424072265625,337.28935770440773,328.80491093734605,330.46040834468283,1176300
2024-06-11,331.4064025878906,335.42693066037725,330.1844921308673,334.9440546954131,783400
2024-06-12,335.8407897949219,338.52113181759694,333.8009643800956,335.62399631983,794600
2024-06-13,335.92950439453125,336.1266003252553,331.15021376433197,335.4663560226848,654200
2024-06-14,333.19464111328125,334.1227347956146,328.34684159882454,333.4019722160712,747400
2024-06-17,331.2199401855469,333.500672442983,327.9814956285546,331.59513079602584,931100
2024-06-18,336.32440185546875,337.3018497743886,330.4300353592084,330.9138178433692,737600
2024-06-20,334.0831604003906,335.82087247096564,331.1211676242461,334.2904914580551,1007900
2024-06-21,334.626220703125,336.6502371095652,333.01686642467223,335.31733429342063,2060100
2024-06-24,337.0451965332031,338.37809948011926,334.38927359179957,336.54164805457975,845500
2024-06-25,336.1368103027344,337.9238767858792,332.96745648219695,337.6671611150582,691800
2024-06-26,336.1664733886719,336.68975761913345,333.2143331774705,335.2778513742323,837500
2024-06-27,338.9408874511719,339.37531552731383,332.7601853841139,335.42599129398917,914000
2024-06-28,317.2097473144531,339.8393902909209,315.2943224932191,337.282176124205,4016800
2024-07-01,311.12774658203125,320.81346148960307,309.4098002470343,317.0616156613943,2399900
2024-07-02,315.64971923828125,317.1010969513806,310.46623171020497,313.4479603554041,1588900
2024-07-03,322.41290283203125,322.41290283203125,313.0530249083535,314.66237914367247,945100
2024-07-05,316.2421569824219,321.889692395837,312.4113374099549,321.3466723128177,942700
2024-07-08,312.20391845703125,317.21957667194005,309.2715442627218,317.0023626526968,1378100
2024-07-09,312.89508056640625,316.11378936851173,310.6735857472492,312.74698693798615,1203000
2024-07-10,311.3548583984375,315.32391844565444,308.6791996401502,315.32391844565444,1433200
2024-07-11,313.48748779296875,315.94593243784607,308.7088091805606,312.1150831860848,1674700
2024-07-12,320.2112121582031,321.9094227630282,313.1715369773349,314.75127267755977,1237300
2024-07-15,312.9642333984375,318.28593253743117,309.84426340231374,310.8118286288826,1693600
2024-07-16,314.8697204589844,317.9501882370447,310.30825623909124,314.7709813366722,1853100
2024-07-17,318.88818359375,326.6485909458302,313.40847835577705,313.8725251402798,1976700
2024-07-18,317.6540222167969,323.48915220305366,315.1856946488855,318.4438749861478,1544900
2024-07-19,318.0785827636719,321.8403117492526,317.5651814517731,320.10259941520576,1239800
2024-07-22,321.2577819824219,326.8460793430926,316.24212337333256,319.08564161928047,1571600
2024-07-23,335.86041259765625,343.5912013708822,330.14375744852583,342.1102048132491,2767100
2024-07-24,339.5826110839844,340.57982499047,332.8885084141093,339.8393267741964,1974200
2024-07-25,348.320556640625,351.7860684064466,339.5826701427511,339.5826701427511,2152100
2024-07-26,350.2853088378906,351.57871010337277,346.7309110304406,351.4898539245556,1215900
2024-07-29,354.18524169921875,356.54494699601923,349.4658009746685,351.0257706143448,1196700
2024-07-30,356.7720947265625,359.5761114011734,353.5830044647182,354.1062887361957,1054000
2024-07-31,358.4505615234375,361.4619396058842,353.5830261912288,358.4505615234375,1243400
2024-08-01,358.5196533203125,364.729974187329,356.35739586651897,359.49710143771534,1385300
2024-08-02,351.8452453613281,360.82011027537914,348.3501154679544,358.2925454360237,1604500
2024-08-05,345.7435607910156,348.2316541836155,337.8054412810611,345.1807748921227,1418600
2024-08-06,348.458740234375,353.78046905656885,344.4896802606397,346.8888874806375,1205500
2024-08-07,347.80706787109375,355.19231432959174,346.65190751644616,350.90730156117667,824100
2024-08-08,356.1007080078125,356.2882731894418,347.9058421004039,347.9058421004039,811400
2024-08-09,356.3277587890625,357.2657353096462,352.4376721630915,356.15004643704185,624200
2024-08-12,356.82147216796875,358.37158930743584,353.95821785447237,355.7551677818435,808100
2024-08-13,364.1869201660156,364.5917295161491,356.83132185087396,358.4011746198582,884500
2024-08-14,366.8724060058594,369.96275657280034,365.1643428166434,365.312436426843,1023100
2024-08-15,367.17852783203125,370.881018958801,364.2362707028162,370.14052073344703,773100
2024-08-16,369.0346984863281,370.57493244196013,366.6256084262984,367.4056083560579,734600
2024-08-19,369.4691162109375,371.0488517992348,367.62281210617664,369.03468817088196,515500
2024-08-20,370.5551452636719,373.09259282315475,368.8569349672839,370.2688108755919,688800
2024-08-21,371.89801025390625,374.7118797202786,369.74560560523287,370.4170136375194,721900
2024-08-22,378.2662353515625,379.0067335769994,374.00095834161795,374.00095834161795,979200
2024-08-23,383.85455322265625,383.8940549001713,378.9870185194956,381.682412923603,795400
2024-08-26,383.5780944824219,386.3821109138894,382.70923837924437,384.4370676336697,929400
2024-08-27,385.23681640625,386.91529121987963,382.6598968650721,383.9335322072636,762100
2024-08-28,385.23681640625,387.03376612325076,383.34115769040807,385.9279601838509,592000
2024-08-29,387.813720703125,389.0972388474064,383.0646613859559,387.03372083925785,915000
2024-08-30,390.5782775878906,390.89423074814727,385.31581646846445,386.89552200784414,904700
2024-09-03,390.8152160644531,392.69116906725577,388.9294403716583,390.98307559189635,930100
2024-09-04,389.3045959472656,392.1283782369145,387.15222162799824,391.66433146799443,899100
2024-09-05,392.7109069824219,393.5797630872069,386.73756645845117,388.7813187379444,903600
2024-09-06,383.064697265625,397.94375273180776,381.8798879976607,393.9450741815932,2248800
2024-09-09,380.0731506347656,385.20725470355734,374.4552337976525,385.20725470355734,1522500
2024-09-10,381.5343322753906,384.3778505341704,380.0731015980946,381.0604326528957,912000
2024-09-11,383.7261657714844,393.20454887025284,379.8656981605848,379.974320232635,1823900
2024-09-12,386.70794677734375,387.92234462588954,380.5371280153801,380.5371280153801,1191700
2024-09-13,389.6797790527344,390.81520363926046,385.97728792431235,385.97728792431235,876300
2024-09-16,398.9861755371094,399.87625592102773,391.3611103215006,392.6270098007549,922800
2024-09-17,393.12152099609375,400.4400036525661,391.7072797490085,399.0751995808345,1394600
2024-09-18,395.48516845703125,399.31253501979563,390.83692756238923,393.0720429944625,936100
2024-09-19,399.0751647949219,400.19272252961986,393.42806962503255,398.41256183209487,938100
2024-09-20,400.2026062011719,401.2311588784381,393.9423153057843,397.9773903266015,3447700
2024-09-23,401.23114013671875,404.9101647514162,399.77733129265073,401.8047380333227,957900
2024-09-24,397.3741149902344,401.5179640757118,396.1972205617714,399.41142144020375,1000500
2024-09-25,400.64764404296875,401.8542067851339,397.21589553669907,399.17406625265255,824500
2024-09-26,399.4114074707031,402.23002033256995,396.19720670468814,399.8762315579683,857800
2024-09-27,398.8377990722656,400.96411041001664,392.20171934642315,399.91578890988967,823100
2024-09-30,401.953125,402.6058586546935,391.63801975356773,398.70925574061124,910800
2024-10-01,400.9839782714844,402.8333753829961,397.4433950879958,401.24109384679883,852000
2024-10-02,399.4015197753906,403.34755949165566,398.1158214192659,399.9058815028772,999600
2024-10-03,388.1369934082031,398.4718973663825,386.2974960381345,398.4718973663825,932500
2024-10-04,389.729248046875,390.9852478797141,386.0996605448349,389.99626307802066,787900
2024-10-07,378.31634521484375,389.3435194326742,377.4163654467734,387.88971060447136,1641700
2024-10-08,374.409912109375,381.38227417193605,366.379359079667,378.484555488619,1893700
2024-10-09,382.10418701171875,382.40090058710575,371.88798639392985,374.31101144318444,1435300
2024-10-10,382.984375,384.13160102332,378.9196618402135,381.74814396384767,956700
2024-10-11,390.1941223144531,391.39078562767054,385.74369013422694,386.7425443890866,755000
2024-10-14,391.4203796386719,393.6060274657802,388.8688122863711,390.26325421172095,865400
2024-10-15,396.840087890625,407.3332031200535,392.903917150504,392.903917150504,1602800
2024-10-16,404.7222900390625,412.1297770723821,398.7982501323388,400.5388731651365,1769000
2024-10-17,402.0025939941406,405.9882019435683,399.66857393012873,402.24984021974143,1109800
2024-10-18,410.9627990722656,412.54518096886324,400.2916434134829,401.98279916339334,1094000
2024-10-21,406.2354431152344,411.39794544880954,406.0475335716016,409.61775453777665,962000
2024-10-22,403.6739807128906,406.8288147832333,400.6872269928597,403.5750761864098,976700
2024-10-23,405.513427734375,406.2650658244848,401.85417197943235,403.68379985690365,905400
2024-10-24,394.50604248046875,404.01020238700664,389.77869620236567,401.10258457354763,2224300
2024-10-25,359.5454406738281,366.9133900946595,353.0972701283126,365.92440521569813,4263600
2024-10-28,352.6620788574219,363.77825811960105,352.57307384904806,359.4959673047096,1969900
2024-10-29,356.69720458984375,357.91363672606053,351.3566618735058,353.06761665144325,1639700
2024-10-30,356.9444274902344,360.11906042704385,355.0158949485578,355.84663860578723,1266500
2024-10-31,354.7884216308594,357.41912499960154,353.324743343392,354.0565824871257,1188200
2024-11-01,353.2555236816406,356.90488042711485,351.64347344354354,356.5488301639,1317700
2024-11-04,359.1597595214844,364.351930240929,353.6708752235029,353.9082521226172,1547700
2024-11-05,362.6211853027344,363.2046827369605,358.7542509539344,359.00149716410255,999800
2024-11-06,344.9084777832031,353.78957289365724,342.07999550624345,345.41286973135016,3443800
2024-11-07,352.1082763671875,352.9093516844247,342.0206187836803,344.4238749168143,1670900
2024-11-08,350.2589111328125,354.7587805521535,348.0435945179277,353.1467302655837,1252600
2024-11-11,354.0466613769531,356.50925406959004,350.6742195635309,352.6126515157486,909700
2024-11-12,346.6688537597656,354.2049133898392,346.46117539476177,353.7697576469784,1416200
2024-11-13,345.4721984863281,348.12267066718454,343.45466092143585,346.5600878684476,1433100
2024-11-14,341.7041931152344,356.21258514917173,341.4964845491304,345.96671575267385,1835700
2024-11-15,339.1822509765625,341.6052760407259,331.46818087181276,341.6052760407259,1863500
2024-11-18,332.1506042480469,339.4987552439371,329.2232172225715,338.9053582327315,1496200
2024-11-19,331.4187316894531,333.28792772968006,326.9979979426967,330.66712365177034,1173200
2024-11-20,329.33197021484375,331.9132063051199,324.2683723787064,331.9132063051199,1510500
2024-11-21,328.580322265625,329.14405088286173,316.64329786929375,323.5661919322174,2322100
2024-11-22,321.350830078125,326.018839632282,316.5542476684369,324.89141263266646,2133200
2024-11-25,322.03326416015625,323.86289229468446,315.9707817839761,316.8015254932995,2688300
2024-11-26,325.3265686035156,326.6715734716,320.2332726355045,323.4376039755918,1056500
2024-11-27,321.8848876953125,328.33305779876025,321.3508274464885,325.2375305108039,757100
2024-11-29,323.6156005859375,324.2386658257238,320.42116888451244,320.92556077984807,626800
2024-12-02,324.0211181640625,327.15618330401264,321.9046760527174,322.8639925849903,1189000
2024-12-03,323.4673156738281,329.37155704780423,322.0135065863237,326.92876300775055,1067300
2024-12-04,320.52008056640625,324.8221704874711,320.10472385154037,323.39802995937487,1800100
2024-12-05,316.52459716796875,321.92447631603864,315.76308967953884,320.89592359525057,1384600
2024-12-06,316.2279052734375,321.10359333247015,312.21262920347857,318.29487998480676,1329200
2024-12-09,314.9916687011719,319.95636168791617,313.90377935069193,316.47514594780216,1405300
2024-12-10,313.300537109375,316.25759232296656,308.0588989939216,314.4972003959318,1087400
2024-12-11,311.668701171875,315.4268315420369,310.837927335409,314.49718336537387,882800
2024-12-12,308.5533752441406,314.8334351094868,307.07979746829005,312.14339509671055,1568700
2024-12-13,311.13018798828125,312.1807318909564,308.4740969983254,309.21740807542983,1324500
2024-12-16,306.83880615234375,314.2520756349894,305.85761500374355,309.8417815714452,1788200
2024-12-17,305.0350646972656,307.49295772041495,301.05092793161765,304.58906592141676,1633500
2024-12-18,296.48199462890625,307.0072742529551,296.204493046846,306.5513852778712,1504400
2024-12-19,294.8665466308594,301.8834203417338,294.0142310886028,295.8378173550782,1911000
2024-12-20,300.9121398925781,302.2005639029112,294.00430109373303,296.3135377703905,2933000
2024-12-23,300.81304931640625,301.7545888499755,296.86856425987014,300.18869337064746,924000
2024-12-24,301.9031982421875,301.9031982421875,298.9894166318933,299.65345444930705,321300
2024-12-26,300.059814453125,302.74563657940183,299.1083545320834,301.1103583178799,663900
2024-12-27,299.8219299316406,301.56624284910663,296.6603778914353,297.32441572787184,1238700
2024-12-30,295.7585144042969,300.297653750368,294.0934747237291,297.7109459041731,903100
2024-12-31,297.47308349609375,299.48497757788743,295.490920647217,297.1955819070672,647800
2025-01-02,295.094482421875,301.1499751672136,294.67821493214365,300.1886552592269,962600
2025-01-03,294.0538635253906,295.61975882966436,287.3937953065048,295.09448689739617,1260000
2025-01-06,294.27191162109375,299.27686074643043,293.37002388998496,295.06476466724837,1440900
2025-01-07,305.461181640625,306.0261052823851,297.8199527200806,297.83976345920433,1724600
2025-01-08,308.4740905761719,311.6951051765656,301.10044242517654,305.30261794839157,1995200
2025-01-10,300.11932373046875,311.6654177966165,297.82992775815467,306.2442004811945,2417600
2025-01-13,305.43145751953125,305.7089591007397,298.94980696300473,300.02016156326476,1406700
2025-01-14,303.0627746582031,304.6584011148207,297.4829818152537,303.2708932731092,1055600
2025-01-15,303.5186462402344,307.2352010921556,301.2193303796162,306.0161602123811,1235700
2025-01-16,306.68023681640625,307.9587403160523,301.3482139411583,303.29072505432737,767800
2025-01-17,307.6812438964844,310.1192957602685,305.7387025052824,308.12721239542986,1206600
2025-01-21,315.6296691894531,316.8586003477217,309.30656552860415,309.4254904477396,1846000
2025-01-22,316.6604309082031,318.35517165016483,308.6425859327627,315.40173816076003,2376900
2025-01-23,322.458251953125,323.8854116868653,317.52268559889535,321.2293206111732,2915800
2025-01-24,310.2778625488281,323.0727271096754,306.24415397383564,321.04099208331843,3031300
2025-01-27,329.0390319824219,329.69314935014876,310.69410518945074,313.42949959168953,2805800
2025-01-28,325.76849365234375,331.07075535901487,320.4364704657666,330.0895943751213,2498600
2025-01-29,324.6981201171875,327.899324289245,321.87353175894935,325.7685050875592,1142200
2025-01-30,331.625732421875,334.6584693287721,325.8180099411738,326.38293359753527,1201700
2025-01-31,326.9676818847656,333.06282669885996,326.93795065134685,331.0608530760491,1254800
2025-02-03,331.31854248046875,337.1461067002974,321.3779959713988,321.9329992070579,1532200
2025-02-04,331.8140563964844,332.70605389521376,327.2749166766687,327.2749166766687,1133100
2025-02-05,333.8259582519531,334.98553687990074,331.44736877289307,334.4899961448713,951400
2025-02-06,321.6356506347656,336.2243702840242,317.14605303135664,333.8259399499966,2209200
2025-02-07,319.1777648925781,325.6099039897126,318.3452601144123,322.80512658377523,1530000
2025-02-10,315.421630859375,321.110429405497,306.6902046275805,319.7427319965414,1632400
2025-02-11,320.84283447265625,321.15995757562496,314.43053576618996,314.43053576618996,1419200
2025-02-12,309.593994140625,319.3065791842572,307.5523689977986,317.37398871654995,1972100
2025-02-13,319.0489501953125,319.9409174414557,310.28776365737514,311.6753018684927,1715000
2025-02-14,313.38983154296875,322.90421874417024,313.1222504614105,319.1282011440545,1451600
2025-02-18,313.8854064941406,317.4830370992961,311.48700625430797,315.24318328001885,1084500
2025-02-19,317.7010498046875,320.86260187678914,312.73572233340855,313.16191032009164,1738400
2025-02-20,318.6326599121094,322.4284882447646,316.85861579411915,317.24515204555405,1545500
2025-02-21,313.5980224609375,319.7427096317778,312.30959835990126,316.19465115931456,1638400
2025-02-24,316.7198791503906,318.13711824379493,313.6871725923717,316.1054135432029,1488400
2025-02-25,330.0994873046875,330.3670683928406,317.3145433655055,318.1173168753687,2908600
2025-02-26,317.0568542480469,331.20949542775776,312.73572361719187,330.0994890992163,2109600
2025-02-27,318.0776672363281,326.0855916479207,317.01720287842863,318.81105779449217,1788600
2025-02-28,303.5682678222656,306.32347333193604,292.3690583628031,301.28879234675304,3469100
2025-03-03,308.5038146972656,309.5543585538525,304.65841405448174,305.9269970272699,1413600
2025-03-04,309.26690673828125,312.2401506303156,307.59197692613645,308.7515553520063,1321100
2025-03-05,316.77935791015625,318.17678633649484,308.2263204487916,308.2263204487916,1324300
2025-03-06,318.8804626464844,319.8021611537446,314.5494414662773,316.76945427827764,1512500
2025-03-07,327.2055358886719,329.5445038470055,316.3234808841488,317.9983807151219,1869000
2025-03-10,333.1619567871094,343.5286606875921,326.63073340766664,327.23527859782644,2674900
2025-03-11,320.66436767578125,335.92704508959343,315.77834374232594,333.0727258823828,2126200
2025-03-12,310.0796203613281,320.01027494870505,307.41360908245855,318.69211980206546,1466600
2025-03-13,311.9825134277344,314.45029636443445,308.48399739588035,310.0300819159097,957100
2025-03-14,316.5415344238281,318.6327018685291,310.41662777465154,313.0231769557961,1041800
2025-03-17,326.2660827636719,327.73620819604895,314.1773877789113,315.9653527716421,1104300
2025-03-18,327.95477294921875,330.39833343552414,325.1337457386584,326.3356553234631,1009700
2025-03-19,331.9479064941406,333.4478304616752,328.2626951600823,328.79909682955525,1276200
2025-03-20,331.29229736328125,333.2392276930768,329.56392910613266,330.5969910858466,1671400
2025-03-21,326.5939025878906,329.9215328035483,323.1867897451256,329.7427120494269,3392400
2025-03-24,331.61016845703125,334.5404765556864,323.85233645827645,325.63038894339655,1423800
2025-03-25,334.2126770019531,340.4507298370642,330.6665451120296,334.49080558770675,1318000
2025-03-26,335.0371398925781,338.2256907803693,330.6168507510092,334.7490684081775,1191800
2025-03-27,340.05340576171875,341.3645963647237,331.38170511325575,335.682800732111,1326100
2025-03-28,339.8746032714844,342.6658319224053,338.37467936297674,340.7089889946387,1114500
2025-03-31,343.241943359375,346.11265462926247,337.3615020035103,338.9110798144301,1571800
2025-04-01,343.4207763671875,345.6557479411673,340.47061267698444,344.4836064772584,1226300
2025-04-02,344.71209716796875,346.2219337884862,339.76534894143157,341.6228841994364,1249400
2025-04-03,346.8080139160156,350.9898856977684,342.81484518415243,344.0366405939191,1946900
2025-04-04,329.4347839355469,346.3311777091263,328.07393951000984,344.18560149075586,2518300
2025-04-07,327.42828369140625,333.15973280610837,316.3328789306859,324.0708551161729,1999100
2025-04-08,329.96124267578125,343.65914277909417,325.8489109923687,337.6296792234574,2058700
2025-04-09,336.2688293457031,342.4870261470796,319.8889819701964,324.71650564815747,2909100
2025-04-10,332.75250244140625,339.88456833837853,322.23323952309346,338.0071776035734,2134700
2025-04-11,331.143310546875,334.29215044342595,322.2928196422616,332.1763725428756,1677500
2025-04-14,338.3448791503906,338.8812807958927,330.3089186298434,334.2424599647965,1172400
2025-04-15,333.3087463378906,339.10976585983707,333.0207051628777,335.4742084866017,1011400
2025-04-16,328.7891540527344,335.07686079068117,326.9515046818362,334.31201475915526,1194600
2025-04-17,332.7723693847656,336.5171774205369,328.85868349601924,334.1034154530271,1830600
2025-04-21,315.4885559082031,332.69287677673276,312.3298035283924,332.69287677673276,1650300
2025-04-22,322.4517517089844,322.74976609884254,315.41905468895334,318.1506865370765,1432800
2025-04-23,333.7358703613281,335.7622225853039,325.80916095919184,326.4349577953788,1402100
2025-04-24,339.1296081542969,340.68912885653333,333.72594137088777,335.36491438740643,2272300
2025-04-25,325.7297058105469,347.91054156042236,319.24332347880073,347.91054156042236,2803600
2025-04-28,329.8023376464844,330.855255194498,323.96163722143905,324.8655324090555,1528100
2025-04-29,338.30511474609375,341.3049623423593,327.5176676401209,329.1168992467154,1416600
2025-04-30,342.77508544921875,343.77834903212187,332.8716770994573,337.88796470023163,1330400
2025-05-01,340.7487487792969,345.81469052151834,338.68262470295315,341.7023281840556,1148000
2025-05-02,345.64581298828125,346.56959398482087,342.33806832071497,344.49355731264075,802300
2025-05-05,347.0464172363281,348.8045840952144,341.9208783994332,346.1424916933855,789900
2025-05-06,354.3175048828125,358.52917493932847,343.89755015389676,347.2649218686289,1587000
2025-05-07,358.56890869140625,361.0820087902298,347.83111460427455,353.77115284854403,1984400
2025-05-08,351.5560607910156,361.5289783763672,351.33752903359806,356.2941894190688,1224500
2025-05-09,351.3375244140625,354.54593069800734,350.01639097994604,351.6355084821953,979500
2025-05-12,360.853515625,370.87611709881037,352.39043480854775,352.6884188707067,1679400
2025-05-13,365.6413879394531,370.4490569132769,359.03581076536403,360.0291315528585,2203500
2025-05-14,365.04534912109375,369.61463030209245,363.23749821205325,365.542009460034,1798700
2025-05-15,382.9251403808594,383.11387374414915,364.31031965132894,365.0453672891461,3047300
2025-05-16,384.931640625,385.49784071970544,378.4254019309949,383.8787230701495,1789700
2025-05-19,384.3058166503906,385.78585462537666,381.683435748783,382.4085706906075,2041100
2025-05-20,383.471435546875,385.5276166252601,381.4351402828408,382.4582593684456,1361400
2025-05-21,379.259765625,384.13697379140933,378.45517830095554,379.80607987237886,1118200
2025-05-22,374.1242980957031,380.96826150000146,372.2071662338695,376.34932661520077,1250400
2025-05-23,374.0746154785156,374.93879958349675,371.1145090639197,372.05817579564626,1138200
2025-05-27,376.2798156738281,378.40553654350714,374.6706409740671,377.2234824736842,996900
2025-05-28,375.9122619628906,379.7862063604465,374.4322239233252,374.4520794229957,921100
2025-05-29,376.120849609375,383.6303511295584,375.6440751088807,380.05439080715206,1449500
2025-05-30,378.84259033203125,382.12053646469224,372.50519951606117,375.0977519514626,2556400
2025-06-02,379.6074523925781,379.6571063033949,375.1474520319814,377.74000457697406,1066900
2025-06-03,380.50140380859375,382.2198594372096,376.35927369507385,378.94188312081,1220800
2025-06-04,379.11077880859375,383.66017423825406,378.91210254476925,382.53771700650327,943000
2025-06-05,378.95184326171875,381.7232164748619,376.7069288017631,380.2828893487636,1058700
2025-06-06,381.7728576660156,383.9780307370607,378.18698464491365,378.8028386020427,619600
2025-06-09,370.5185546875,379.31936131753133,353.8704904738623,379.31936131753133,2014600
2025-06-10,362.48260498046875,366.62473534432394,355.79754572335435,364.64803684191423,1915000
2025-06-11,365.1347351074219,368.0352447515033,361.5190636945501,363.10835248796064,1026700
2025-06-12,369.1875,369.1875,363.70435060115943,365.59165377686935,787900
2025-06-13,368.70074462890625,372.3065033705111,365.3532589518209,366.65450655364805,872300
2025-06-16,366.8396301269531,372.29361754736425,349.074390424748,369.85523999842513,2140000
2025-06-17,370.68133544921875,370.8704356141019,359.57432799719754,363.23684526070537,1334100
2025-06-18,375.07037353515625,378.75281532923856,369.1187904663021,370.7410548722466,1374300
2025-06-20,375.70733642578125,377.55848912042103,371.95525025179154,373.935790464958,4238400
2025-06-23,376.9215393066406,378.8324349930011,370.5618694985561,377.1603898776895,1098000
2025-06-24,377.2201232910156,377.42914792484925,371.25857793663215,377.13055432194045,1105100
2025-06-25,372.4130859375,376.53341052085665,368.13351750161206,375.52822736245076,1294200
2025-06-26,375.8665771484375,386.74466562872834,374.4831633820122,377.54855413001957,1838000
2025-06-27,377.498779296875,382.0769410282778,374.42345664165197,376.70259046213414,1554900
2025-06-30,381.28076171875,381.5693930869335,373.2192204818113,374.60263430460634,1172500
2025-07-01,387.68023681640625,389.15321967130484,379.2305630173509,382.26606732657154,1299900
2025-07-02,376.2447814941406,385.1423298728707,375.6277305944448,385.1423298728707,1297300
2025-07-03,374.79168701171875,379.3698486487551,369.4571551090662,377.3594521402462,943100
2025-07-07,377.1803283691406,377.1803283691406,373.1793989193235,375.29928893419833,1369700
2025-07-08,375.806884765625,380.73336031724426,374.01541426013387,374.9012024672807,1098700
2025-07-09,376.64288330078125,377.2002215677442,373.24907291319687,377.2002215677442,1217700
2025-07-10,376.5234680175781,379.47936550643925,366.67048651226054,374.9708784651115,1584400
2025-07-11,374.2841491699219,375.3391130772095,371.69648981571027,373.4282172913224,877100
2025-07-14,378.6433410644531,379.6684486122827,372.8907901933272,374.1447860846264,935600
2025-07-15,370.0343933105469,381.18121917974855,366.89935802628924,377.7376584455496,1304400
2025-07-16,360.8581848144531,364.0828195174442,353.2544810592166,364.0828195174442,2004800
2025-07-17,360.87811279296875,363.77429760302323,356.35966357019726,359.7932925647614,1226100
2025-07-18,359.4051208496094,363.12735074642166,357.8425691224127,361.79371773725717,1029800
2025-07-21,362.8188171386719,364.42118738356635,357.6335668291655,359.7833130915266,1145300
2025-07-22,349.3033142089844,372.403086012338,343.8393948507135,367.30740473773596,2985800
2025-07-23,351.5924072265625,355.37438029775507,348.4872281060553,351.30380622492845,1237000
2025-07-24,339.8584289550781,350.3682803799594,338.73379011289535,348.40763408041784,2404800
2025-07-25,332.7323913574219,343.36166697611446,328.43289884671816,334.3745497771242,3175900
2025-07-28,338.9228515625,339.5697587668429,330.0352352787488,330.50300455684095,1869500
2025-07-29,342.86407470703125,346.76547318813226,338.20630588724197,339.5001204351858,1879300
2025-07-30,353.3739318847656,353.80188266369674,341.08257198613336,342.60530529356487,2389900
2025-07-31,352.3089904785156,356.97672140610376,351.4530889575865,352.070139890844,1462700
2025-08-01,355.27484130859375,356.75775595760837,351.7118551837115,354.100452118466,1369800
2025-08-04,361.47528076171875,363.0378022041638,353.3440643565445,355.03600369900437,1078300
2025-08-05,362.08233642578125,365.6752090494151,359.7037018529841,362.4804308310121,1106100
2025-08-06,364.4112548828125,368.37236596338585,362.2615084450636,362.2615084450636,1125200
2025-08-07,371.5571594238281,371.5571594238281,363.5652925930751,364.8093567346784,1136800
2025-08-08,379.7978210449219,380.265590354855,371.2884348695611,372.47278630593104,1016100
2025-08-11,381.0916442871094,382.99257774203676,376.742401361074,379.94711147067744,991600
2025-08-12,388.4565124511719,388.9939566298153,381.43004106514644,383.1717307503754,1089900
2025-08-13,388.60577392578125,390.8849076715453,386.8541524722443,388.88444304607054,1416100
2025-08-14,391.7806396484375,393.3133350432003,386.9536651203143,388.49632274660286,912000
2025-08-15,393.91046142578125,394.1094934323213,384.6148193232949,391.730858976014,1251400
2025-08-18,391.75079345703125,395.51284197952896,391.45223023010993,393.87068348614605,1016100
2025-08-19,400.7777404785156,403.22605012361566,391.09393458740925,392.3778172432917,1502100
2025-08-20,408.2321472167969,409.0482605248,398.05074644807456,401.5341257956094,1639500
2025-08-21,402.34027099609375,410.04350577860663,402.2009212453518,410.04350577860663,1198700
2025-08-22,403.0469055175781,405.8335969071658,399.3246755102021,402.0317601626551,1081200
2025-08-25,400.8573303222656,404.26110292127464,399.4540224315216,402.99714478277036,805500
2025-08-26,400.0511474609375,401.0862171708832,397.8118323526633,399.1852838120296,1180600
2025-08-27,403.1264953613281,404.93785987498234,396.9260996861642,399.86207256775623,702200
2025-08-28,405.3459167480469,406.23170491508523,398.876783800789,402.82793236963585,965400
2025-08-29,402.04168701171875,407.0378677322542,398.9166138761008,405.74402288183785,996400
2025-09-02,404.2113342285156,406.5402183761349,398.22986483749156,399.75259794834477,955600
2025-09-03,405.6743469238281,406.1321843665664,401.35496014897507,403.51466872273045,651700
2025-09-04,409.6354675292969,415.21884296079213,405.66442467199244,408.05302165102773,1714800
2025-09-05,418.7718505859375,418.98087521328586,407.21699834386976,410.02361411177947,1059800
2025-09-08,416.11456298828125,416.85103921047084,404.75874232757116,416.85103921047084,1472900
2025-09-09,411.4368591308594,414.25343716647376,398.40902396198715,413.8254560473606,1084100
2025-09-10,392.4872741699219,413.41743742440576,383.7589315126219,413.2084127905039,2014000
2025-09-11,400.93695068359375,402.25068955273576,390.765482237945,393.89055520194574,1295300
2025-09-12,403.20611572265625,404.45017969861163,397.7421964595102,398.6677727681836,761200
2025-09-15,401.2554626464844,404.6790990277005,398.120396888825,401.89240765717875,897500
2025-09-16,398.5634765625,405.02425381546846,397.79577300226487,402.5416238527137,1319800
2025-09-17,398.20452880859375,403.95739110396806,389.18137313397665,400.5375794732775,1250000
2025-09-18,399.86956787109375,401.19563719292705,388.94210795564135,395.5225238650436,1337800
2025-09-19,401.10589599609375,402.47185517194407,395.72193015978985,400.28835301398243,4308500
2025-09-22,406.0312194824219,407.92560423929257,399.73995127427656,401.24547902515934,1010600
2025-09-23,408.23468017578125,412.3224861891009,404.8846375263,407.6464046416347,801600
2025-09-24,415.3833923339844,415.9616878291951,405.9813895658531,405.9813895658531,978600
2025-09-25,413.6585388183594,417.1082603327333,407.7860069013019,417.1082603327333,667300
2025-09-26,417.8360900878906,421.20606257515664,412.83100120518606,416.4602117074717,1184900
2025-09-29,419.670654296875,421.70457733729984,414.69544473895104,418.10530701001124,894800
2025-09-30,424.93499755859375,428.1653710989521,417.83610504552513,420.00965765888793,1591800
2025-10-01,424.80535888671875,427.26802872260083,419.211994501328,425.0546168440874,1371900
2025-10-02,425.42352294921875,426.1613167823402,419.16216414184396,422.6318459371398,865200
2025-10-03,428.2650451660156,431.0766516996053,424.546105621965,425.6229169982297,988400
2025-10-06,432.26312255859375,433.7387405689366,424.4463969369041,425.9220149472469,960400
2025-10-07,436.2712097167969,437.706937935349,431.4555291091962,433.70883070189524,1252400
2025-10-08,425.0047302246094,435.45363433888065,424.50621432954483,435.45363433888065,1485100
2025-10-09,417.626708984375,427.0486717506039,416.62967717533473,426.22111830998267,1245300
2025-10-10,413.9078063964844,420.2389341430409,408.2845322990555,418.6536571926798,1638400
2025-10-13,409.4610290527344,415.26376166832205,409.1519516162646,415.01450370813694,1067200
2025-10-14,417.1581115722656,419.33163365911173,406.48988924783026,408.78305028595275,1523000
2025-10-15,419.00262451171875,420.15918508011146,413.6684981618633,417.19799934238955,1260800
2025-10-16,418.35455322265625,420.35856646877625,415.7423347508908,419.2020363458693,1004700
2025-10-17,424.8950500488281,425.38358586488107,416.7492873436326,419.6905431479784,1034500
2025-10-20,431.86431884765625,434.9651035731728,423.2599295301339,425.7126496699046,878400
2025-10-21,430.72772216796875,433.67892780733376,428.833337386522,432.42265798953144,1082700
2025-10-22,439.8804626464844,442.0938744614276,431.1065949698962,433.4097359956755,1522700
2025-10-23,438.853515625,445.7629386160011,437.7168847812879,437.7168847812879,1928600
2025-10-24,445.7131042480469,460.1899950256671,422.7414830638845,455.7731514555682,2847200
2025-10-27,466.4712829589844,467.7873722363798,447.46785930079005,448.9235476350285,1789500
2025-10-28,465.075439453125,465.6537349294593,453.1110579934667,464.9458204523261,1493700
2025-10-29,467.00970458984375,473.96899773936366,459.17304898577703,463.42038390489085,1564900
2025-10-30,465.4144592285156,476.77066669816645,463.211027341493,466.610909629133,1513900
2025-10-31,458.3155822753906,464.7264896113245,454.58669298439895,464.00865590683105,1511200
2025-11-03,460.19000244140625,460.239841861395,448.66431708554614,456.05232649146103,1269800
2025-11-04,470.2799377441406,472.8223870126105,458.17598788422,461.127193402437,1490400
2025-11-05,471.79547119140625,476.51141224468694,464.38750161607925,469.67178853839977,1097000
2025-11-06,469.9609069824219,473.83937539121365,467.32875878334954,470.53920248072336,836700
2025-11-07,475.1953125,477.45859416359707,468.6049468943796,469.91105612071283,1186300
2025-11-10,457.93670654296875,458.73435026176423,442.5525127355994,453.6694115351522,1716500
2025-11-11,460.9377746582031,468.17623535132253,456.83000846031035,460.229890591109,1347900
2025-11-12,472.2042236328125,478.00695610271595,458.59474543378883,460.62869885739343,1411800
2025-11-13,471.8752136230469,475.55426343457316,464.2180166279174,468.39558234423595,1253100
2025-11-14,471.2470703125,478.5752600676855,469.1931872555358,474.39769442585174,1000700
2025-11-17,475.6838684082031,475.97301614401334,467.6876540579006,473.5900955844308,1183800
2025-11-18,476.7207946777344,477.5782274121804,469.651812510846,474.8662997262882,1119800
2025-11-19,479.63214111328125,482.8724946378503,465.8731137028332,476.58122607507755,1217000
2025-11-20,474.8663024902344,484.29821475901684,474.587134804488,480.5693255793345,1149700
2025-11-21,489.5426330566406,492.3343100356556,475.5841873075714,478.3858443416177,1937800
2025-11-24,499.5528259277344,511.13830024898243,491.67628072476424,499.7721741427182,3187300
2025-11-25,514.31884765625,515.864295683434,499.6325882024595,499.8120466302499,1240900
2025-11-26,513.2320556640625,518.4564921172213,512.8033393288285,513.6906513066917,1056200
2025-11-28,506.78131103515625,512.3347551340978,506.332634546484,510.48029055851146,534700
2025-12-01,501.5069885253906,510.64975296694485,500.9087633681919,504.87696083151474,1144400
2025-12-02,498.8249816894531,506.7713264204847,495.8338862638753,504.9367915440365,1198900
2025-12-03,485.3251647949219,500.2507322567521,484.0091059259139,499.15402160374487,2025000
2025-12-04,486.2125549316406,490.10097305571816,481.9552398919066,484.00912306582956,1633400
2025-12-05,485.25537109375,489.68219455445137,482.30413516861927,487.67815097471646,947300
2025-12-08,483.7099914550781,488.61540149945307,481.8156370430501,485.2554090644408,1083200
2025-12-09,487.050048828125,489.7819063049744,480.89834905074895,484.52755951596197,994200
2025-12-10,467.3387451171875,486.5814474501647,464.836185463218,485.7439443561623,2229200
2025-12-11,480.9183044433594,481.1575823435111,467.33873592381644,469.5521477812087,996400
2025-12-12,483.3310852050781,483.7598319951437,477.2492156865579,481.57632996202426,856300
2025-12-15,476.2716064453125,476.3514742225559,469.3019620809919,474.2246327954367,1420400
2025-12-16,469.09228515625,480.15581593840295,463.2509673730649,477.23017483328385,1436100
2025-12-17,471.14923095703125,471.28900718834933,460.3153389035701,467.6344392358283,1206500
2025-12-18,465.8670654296875,477.0803976706,464.6488761475294,472.7668063955233,1410200
2025-12-19,472.2775573730469,472.59705896116077,463.4007458680126,466.8156800096588,4262500
2025-12-22,471.3289489746094,473.33597351269106,461.65333793700484,470.32043925591097,1346200
2025-12-23,473.3359680175781,474.7438775532342,467.40478762151804,469.33191388721417,660400
2025-12-24,473.3559265136719,475.5127221513893,470.3004736449689,473.8751432428015,254200
2025-12-26,476.42138671875,478.1987419010102,471.29900075448063,473.6654760310134,437800
2025-12-29,473.31597900390625,476.7808266115764,468.1436796043133,476.7808266115764,795000
2025-12-30,472.55712890625,473.7952775199861,470.31047058292023,471.66843609834,494100
2025-12-31,466.1666259765625,471.14923577495705,465.3877856162415,471.14923577495705,589800
2026-01-02,469.69140625,469.841177380285,462.082697636725,465.1081963574991,531600
2026-01-05,477.1203308105469,477.5596797762892,464.3193937683865,467.3149382772181,1168500
2026-01-06,482.88177490234375,487.8843134486376,472.3075065745734,476.30156586992405,1161300
2026-01-07,469.95098876953125,483.4109793650955,469.3019602381207,482.5821950091491,1244500
2026-01-08,478.3085632324219,480.09591331160806,467.81419308288645,471.25905096545256,949000
2026-01-09,471.368896484375,483.2612115991492,469.6015057578803,480.20575870008673,870100
2026-01-12,473.6155700683594,473.8152547546282,465.31791411835474,468.19364175646916,737700
2026-01-13,478.6081237792969,478.7179457811958,467.3049288702066,474.29453250715414,875900
2026-01-14,478.12884521484375,481.27416088537746,472.8966371727844,480.56522387692974,869500
2026-01-15,483.0814514160156,486.3665736631292,476.0119799905645,478.0589231559212,1079500
2026-01-16,468.5930480957031,482.1029529589663,468.1437042189245,481.8832784704476,1185900
2026-01-20,463.6903076171875,467.44473301564165,460.75467166792873,465.3078967173396,1263000
2026-01-21,464.7487487792969,469.52164848751323,462.22250745727086,465.28795532421384,1038800
2026-01-22,465.64739990234375,468.3434021191421,461.1640780885554,464.21953101572467,954100
2026-01-23,470.1806640625,470.3004809655293,462.96139093244443,463.29091788802907,722200
2026-01-26,471.6784362792969,478.1487928206975,467.8141887954595,470.77977903435277,1309100
2026-01-27,505.0887451171875,526.7664938518399,495.2733576068098,504.24999630475713,3082200
2026-01-28,490.5004577636719,500.18603346663605,479.7564282916461,498.85802213197434,1957800
2026-01-29,481.8133544921875,491.6487315558094,479.0274896143739,491.34915882669543,1027300
2026-01-30,487.5448303222656,488.03412331536555,479.56670649580644,480.4653637580292,954500
2026-02-02,496.1120910644531,499.4171726585752,487.7944456055055,488.8528688697846,958500
2026-02-03,498.46856689453125,504.55951329487175,495.1634853302631,496.24189838330886,951900
2026-02-04,492.9068908691406,502.9918665927237,492.2278776043906,495.8325321000632,941300
2026-02-05,512.9970092773438,516.9011756028121,493.86546071464227,494.26486056812496,1462100
2026-02-06,500.9449157714844,515.2336607869227,498.9378911789254,513.2366310939501,939500
2026-02-09,496.80108642578125,504.24999866592174,495.1934616735708,499.6967733929762,597700
2026-02-10,501.3043518066406,503.20155433720055,494.26483453399743,497.48005346440164,777300
2026-02-11,530.6806640625,533.7960864985928,496.0122573327864,500.39575220041695,2393600
2026-02-12,534.425048828125,552.0788436880941,529.0730242587434,531.2098605047483,1657100
2026-02-13,539.487548828125,544.6499143148474,530.38109856773,534.2054273833666,1076700
2026-02-17,533.9857788085938,548.6339739921126,532.4580218974653,543.8510490525339,960200
2026-02-18,534.2254028320312,535.0042126776478,529.2128390803864,532.2083834525395,802600
2026-02-19,527.8748168945312,533.196917939198,522.3929802945601,530.2113683843509,813700
2026-02-20,531.5094604492188,533.1170547854279,525.9078065778745,529.2927866605844,874900
2026-02-23,535.1739501953125,546.2375112870359,532.8574494814203,534.2054200888886,1411800
2026-02-24,525.738037109375,535.3636735571285,521.2746442188391,534.4650467950963,1366800
2026-02-25,539.7671508789062,540.5360267744841,526.2172977765192,526.2172977765192,929400
2026-02-26,525.0989990234375,539.19802395956,523.8009418953999,535.7232117518417,1062200
2026-02-27,528.913330078125,531.8988797389135,522.3230954784401,524.9491944186576,2291500
2026-03-02,532.1284790039062,536.1724516702872,524.5797097118267,529.2128329134484,816400
2026-03-03,540.9953002929688,541.5145474853003,523.3215763452467,526.4170087567156,797500
2026-03-04,543.6014404296875,546.6169747664867,535.8430215194701,538.9483880634731,930600
2026-03-05,533.6762084960938,538.8385742074222,525.8578810146463,536.9813511926768,1097200
2026-03-06,532.0186767578125,532.9272984249302,521.713996541751,530.1813826805037,753100
2026-03-09,544.3203735351562,545.2389900794975,525.2686942359521,530.131456398295,1462100
2026-03-10,536.841552734375,544.1606228977934,529.2128844525647,543.0822707114099,851800
2026-03-11,536.4820556640625,539.3078086399261,531.6891359161046,534.9842834789522,997000
2026-03-12,531.7890625,555.69351074447,530.6307511306496,537.2009959899337,1515000
2026-03-13,532.1784057617188,540.9753796904822,531.9787515565517,533.9158727138271,926300
2026-03-16,524.4100341796875,536.5819330491096,524.0905021035794,536.5819330491096,852400
2026-03-17,509.8699951171875,529.7999877929688,500.20001220703125,525.1900024414062,1506800
2026-03-18,502.04998779296875,513.97998046875,498.760009765625,510.0,977200
2026-03-19,499.6499938964844,506.510009765625,495.30999755859375,502.0,1168200
2026-03-20,493.8800048828125,501.8399963378906,490.5799865722656,500.1000061035156,2120700
2026-03-23,494.5799865722656,502.1199951171875,493.6000061035156,500.29998779296875,1276400
2026-03-24,485.7200012207031,493.2300109863281,474.7699890136719,490.0,1368200
2026-03-25,484.0199890136719,488.6400146484375,477.9700012207031,484.1400146484375,928500
2026-03-26,480.32000732421875,488.5,478.57000732421875,482.94000244140625,625800
2026-03-27,471.8500061035156,481.44000244140625,468.70001220703125,480.0400085449219,801800
2026-03-30,467.8299865722656,476.75,467.2900085449219,475.2799987792969,890900
2026-03-31,473.239990234375,474.7099914550781,461.8800048828125,472.0299987792969,981600
2026-04-01,474.75,477.8900146484375,470.0799865722656,473.1000061035156,699500
2026-04-02,471.8399963378906,475.7699890136719,459.2200012207031,470.5400085449219,905000
2026-04-06,483.9200134277344,483.989990234375,468.7699890136719,471.0,766600
2026-04-07,489.5799865722656,494.1300048828125,482.67999267578125,486.8500061035156,1106100
2026-04-08,505.1199951171875,506.30999755859375,494.7900085449219,497.989990234375,981000
2026-04-09,507.19000244140625,512.1400146484375,501.489990234375,503.6199951171875,664200
