Price,Close,High,Low,Open,Volume
Ticker,INVH,INVH,INVH,INVH,INVH
Date,,,,,
2021-04-12,27.688705444335938,27.731302802717813,27.40755702906933,27.629068492607285,3475900
2021-04-13,27.876136779785156,27.914473426043156,27.654625323727785,27.782420644527807,2994200
2021-04-14,27.756860733032227,28.063563629279138,27.688702367219737,27.842055440328075,1628100
2021-04-15,28.165800094604492,28.19987602623025,27.859093960185227,27.93577049379004,2603400
2021-04-16,28.40435218811035,28.50658649848384,28.182843973972762,28.29359645605649,5967100
2021-04-19,28.65142059326172,28.71105754342852,28.370272185358196,28.446948728425518,3927500
2021-04-20,28.949602127075195,29.030539371866016,28.651417409376926,28.702532932428245,3338000
2021-04-21,28.83884620666504,29.11999458133867,28.83032803620659,29.03479987687556,2421200
2021-04-22,28.82181167602539,29.22223071211561,28.715316663772803,28.804772084068592,3166400
2021-04-23,28.915529251098633,29.000727224714,28.65142365781694,28.830334527453644,2327300
2021-04-26,28.83884620666504,29.15833122335617,28.770691093088484,29.00072069510246,2916100
2021-04-27,28.88996696472168,29.026280451212276,28.74513530718724,28.881448793677837,2467900
2021-04-28,29.09444808959961,29.22224019579398,28.881457995971417,28.983692330921095,6535100
2021-04-29,29.580060958862305,29.827126961709446,28.966648538065666,29.00924590062756,5278300
2021-04-30,29.86971664428711,29.93787174945267,29.452254844009538,29.580050134902677,3196500
2021-05-03,29.59709358215332,29.971954834356332,29.494856036122766,29.971954834356332,2600700
2021-05-04,29.699331283569336,29.835644777270243,29.48634124653854,29.57153596136284,3012100
2021-05-05,29.20519256591797,29.5970967003852,29.009242123669363,29.580057107584885,3539800
2021-05-06,29.750450134277344,29.758971556693265,29.217974982246574,29.315951840207216,3248400
2021-05-07,29.844160079956055,29.954915798557142,29.68228883736195,29.724886190679374,2794800
2021-05-10,30.10955238342285,30.374949115694527,29.87840428871142,30.049624615783827,3963300
2021-05-11,30.032508850097656,30.075313937074295,29.67293893469252,29.938335699257767,7154900
2021-05-12,29.321935653686523,30.152368161057453,29.236325469054535,30.02394961829027,7226800
2021-05-13,29.672943115234375,29.92977693909765,29.244885653522502,29.244885653522502,5809000
2021-05-14,30.058191299438477,30.152364450436014,29.749989447380646,29.749989447380646,4608300
2021-05-17,30.10955238342285,30.212288498648377,29.784231149330555,30.049624615783827,3683700
2021-05-18,30.015380859375,30.46912057963977,29.96401280458686,30.160918782547387,4528100
2021-05-19,29.929780960083008,30.015394423418876,29.493163727439022,29.792802684565316,6011100
2021-05-20,30.47768783569336,30.593265171129904,29.946897534727942,29.946897534727942,4235000
2021-05-21,30.255098342895508,30.640350671088104,30.143802500124554,30.494809451184718,4270800
2021-05-24,30.862943649291992,31.012763114101197,30.47769126419732,30.486254242654642,4290500
2021-05-25,30.982797622680664,31.13689856876819,30.717404088944885,30.91431012765245,4528100
2021-05-26,30.97423553466797,31.20538693606925,30.961394334448837,31.162581846732486,3435400
2021-05-27,30.72596549987793,31.094095195237543,30.70884280871941,30.957116931788807,2859300
2021-05-28,31.051288604736328,31.085533985404012,30.743086710365663,30.897187657550997,2331400
2021-06-01,31.299558639526367,31.299558639526367,30.751642417659443,31.07696695999506,3739700
2021-06-02,31.59063720703125,31.62916080517081,31.115493235064108,31.393727930477628,2506500
2021-06-03,31.470787048339844,31.66769637905166,31.24819857762427,31.590645895761714,2741800
2021-06-04,31.599199295043945,31.65912707387047,31.265315022776452,31.607759006668157,3035600
2021-06-07,32.061500549316406,32.138551013477965,31.667688517299037,31.676248228508612,4424900
2021-06-08,32.010128021240234,32.42962566003097,31.993005335389753,32.14710624222567,4079000
2021-06-09,32.061500549316406,32.224161188849095,31.83463064534594,32.12142832523997,3632600
2021-06-10,32.48956298828125,32.53236808259447,31.967332346529556,32.06150551351027,2512700
2021-06-11,32.28408432006836,32.54091807504999,32.16422878546483,32.506675969319254,2922300
2021-06-14,32.36970520019531,32.48099778462106,32.138553787757075,32.284091751614966,1924500
2021-06-15,32.03581237792969,32.463869752936674,32.02725266738973,32.463869752936674,1734300
2021-06-16,31.804662704467773,32.28408485076278,31.787540018411747,32.08717885984613,5316700
2021-06-17,32.03581237792969,32.117144324242965,31.770418895549263,31.81322397988624,3970700
2021-06-18,31.256757736206055,31.941652360325264,31.248198023023384,31.79611110966307,6447200
2021-06-21,32.12998580932617,32.22415895519802,31.376607173988656,31.436534945758265,2092900
2021-06-22,32.010128021240234,32.215596985627585,31.8731498002548,32.14710624222567,2687700
2021-06-23,32.1984748840332,32.42106327249161,31.864590668436374,32.01869157806852,6277900
2021-06-24,32.1385612487793,32.22417145141507,31.865460326172542,31.984460271379,4380500
2021-06-25,32.48956298828125,32.52380837005957,32.048664311798234,32.095750895288596,2771200
2021-06-28,32.292659759521484,32.523811207965544,32.01014023392775,32.523811207965544,3434300
2021-06-29,32.12142562866211,32.38254088718807,32.04009368281412,32.284086254539524,3020200
2021-06-30,31.924528121948242,32.412513395215974,31.91168691988637,32.18136196064398,4602600
2021-07-01,32.1385612487793,32.25841683879733,31.744749091342936,31.89884680292334,7768500
2021-07-02,32.42107009887695,32.48099788014988,32.18991868575888,32.207041375525314,3368900
2021-07-06,33.19157791137695,33.27290987891404,32.39539072483115,32.609419468186054,4873600
2021-07-07,33.388484954833984,33.72236928185119,32.947586252961536,33.19157889699869,5732100
2021-07-08,33.71380615234375,33.90643070123523,32.909914955312715,33.1487704410003,9640300
2021-07-09,34.15898132324219,34.15898132324219,33.61962809275639,33.96207204822169,4366300
2021-07-12,34.32164764404297,34.41582080879094,34.01344574698388,34.107618911731855,4036800
2021-07-13,33.91926574707031,34.3790015660625,33.885023638823405,34.30451804076091,3047800
2021-07-14,34.10761642456055,34.31308542955664,33.81653723921053,33.81653723921053,3592600
2021-07-15,34.09905242919922,34.15898020108242,33.91755455876821,34.07336676566454,3027000
2021-07-16,34.218910217285156,34.44578012083968,34.12901855356461,34.26171530489224,2613100
2021-07-19,33.585384368896484,34.07336956043885,33.27718250774996,33.98775938381766,2985100
2021-07-20,34.458621978759766,34.68977337523605,33.59394743563195,33.80797614357456,3743700
2021-07-21,34.176109313964844,34.587047388866715,34.107621812027574,34.46718854529226,2317500
2021-07-22,34.116180419921875,34.27028137656322,33.97920215466507,34.141866089908405,2616500
2021-07-23,34.689781188964844,34.74970897942175,34.116182424252095,34.116182424252095,1666500
2021-07-26,34.458621978759766,34.74541966360632,34.30452104777557,34.60415993256766,1609900
2021-07-27,34.8438720703125,34.938045218295244,34.41581468189544,34.50142485325137,5885400
2021-07-28,34.7068977355957,34.860998674002914,34.4843060397546,34.84387598464444,4565600
2021-07-29,34.79250717163086,35.17775950940029,34.295962254142815,34.82675254961458,3272900
2021-07-30,34.82675552368164,35.27022438873009,34.81819254554497,34.929488400586806,2964600
2021-08-02,34.76682662963867,35.2462488837641,34.689776157965774,35.03222015865263,2395500
2021-08-03,34.59560012817383,34.946607077623,34.33876633249717,34.82675152402849,2185300
2021-08-04,34.60416030883789,34.74970153004725,34.39013159856803,34.629845974827155,2583500
2021-08-05,34.612728118896484,34.90380733613808,34.338771592765504,34.79251147682881,2209100
2021-08-06,34.347328186035156,34.689775445508005,34.347328186035156,34.552797194882686,2580800
2021-08-09,34.20977020263672,34.40751414095229,34.085104904188924,34.330135792940425,2212000
2021-08-10,33.45317840576172,34.38171847449741,33.427386719313276,34.24415734724575,2115900
2021-08-11,33.633731842041016,33.711110192770384,33.43598789678074,33.590744598239475,1714200
2021-08-12,33.71971130371094,33.93465081323542,33.58215014880393,33.805685795634076,1863800
2021-08-13,34.0635986328125,34.0721980463211,33.68960613807101,33.78847643541278,2883500
2021-08-16,34.08080291748047,34.13238957261153,33.728302306708564,33.762693410129266,2957500
2021-08-17,34.0635986328125,34.59665076002534,33.913141693565045,34.0635986328125,7211000
2021-08-18,34.484886169433594,34.631043422385076,33.719702245826994,33.89165118348386,6254500
2021-08-19,34.5794677734375,34.76861230303298,34.17538046434975,34.29574605946955,3508800
2021-08-20,34.80299758911133,34.95775426544319,34.49348423644759,34.58805812528551,3425700
2021-08-23,34.68263244628906,35.12110751488238,34.57086300538646,34.82019357366304,2541600
2021-08-24,34.476295471191406,34.803004438828005,34.27855151911879,34.69123497732032,2976000
2021-08-25,34.4590950012207,34.83738726133791,34.31293446636273,34.44189945125413,3120500
2021-08-26,34.648250579833984,34.871789521222375,34.48489772244774,34.56227608220267,3046500
2021-08-27,34.820194244384766,34.85458534681971,34.53647256887052,34.66543756314355,2523600
2021-08-30,35.50800323486328,35.53809463239565,34.695532221772986,34.9405631101698,2880900
2021-08-31,35.40483093261719,35.46501372383185,35.12970866428839,35.39623151689158,3330200
2021-09-01,36.049652099609375,36.187213244212685,35.49940752119613,35.64556480246123,4219600
2021-09-02,36.51392364501953,36.52251978202326,35.78312737047467,36.144227439245235,2969900
2021-09-03,36.06684494018555,36.410746135972,35.344648165403015,36.410746135972,4317300
2021-09-07,35.50800323486328,36.04965167016226,35.30595958869608,36.04965167016226,2736300
2021-09-08,35.8948860168457,36.07543435698434,35.34464158230004,35.34464158230004,3249100
2021-09-09,35.3360481262207,35.82181343527624,35.29306088747036,35.78312262459967,5245400
2021-09-10,34.6396484375,35.43922358979645,34.59666119613578,35.34464969096538,3561600
2021-09-13,34.88037872314453,35.21568378883494,34.71788518388604,34.85458703492718,5210100
2021-09-14,34.888980865478516,35.0953209467745,34.68263750446607,34.992150906126504,4858500
2021-09-15,34.73421859741211,35.06522392797392,34.66543639486029,34.94915806081264,3633000
2021-09-16,34.79441452026367,35.06523716569071,34.32154489849353,34.66544948165051,4473800
2021-09-17,34.295745849609375,34.85458985749337,34.2011719455321,34.77721150685892,13404900
2021-09-20,34.27854919433594,34.433305890630436,33.749799881760055,34.03781801330733,4698100
2021-09-21,34.36452102661133,34.7901002280974,34.29573882692447,34.44189936140114,3149100
2021-09-22,34.83738708496094,35.06952208876071,34.424703726999944,34.51067819668173,4129900
2021-09-23,34.78580856323242,35.40913509307457,34.78580856323242,35.060930866157044,3276200
2021-09-24,34.0635986328125,34.44189411402359,33.990520016565924,34.26994192071994,9666400
2021-09-27,33.15227127075195,34.046417141591995,33.11788016194978,34.046417141591995,5930200
2021-09-28,33.13507080078125,33.35430670750913,32.76881177783403,32.92013132222878,3812900
2021-09-29,33.48756408691406,33.719699066522594,33.246829693404045,33.2898202034806,2582100
2021-09-30,32.95452880859375,33.66812631014581,32.92443412724012,33.61653964460404,3546800
2021-10-01,33.36720275878906,33.59073835282575,32.88573719046623,33.169458850294646,2429700
2021-10-04,33.307029724121094,33.49617427300065,33.13507745082592,33.246843640708484,3715300
2021-10-05,33.031898498535156,33.42738964373502,32.94162430835192,33.37580298660905,2651100
2021-10-06,33.22964859008789,33.25114057263196,32.47306061860252,32.8599523812778,4137800
2021-10-07,33.14366149902344,33.53914928754109,32.95451701913687,33.28122261153896,4958500
2021-10-08,33.11787033081055,33.34140591223419,32.967413374110436,33.2210403468741,3402800
2021-10-11,33.20384979248047,33.27263200001362,32.97171476163032,33.13507086466348,3555500
2021-10-12,33.530555725097656,33.6767129834819,33.126468491209195,33.332811815669395,5854700
2021-10-13,34.26995086669922,34.29574255452719,33.35860630008918,33.42738850725197,5965600
2021-10-14,34.6396484375,34.67403954247789,34.34733060462048,34.390317845984704,2251200
2021-10-15,34.545074462890625,34.824496450719565,34.39891390691334,34.76001394895654,3380700
2021-10-18,34.62244415283203,34.73421357596251,34.21835697054794,34.347321941830444,3217700
2021-10-19,34.55366897583008,34.833090950530995,34.50638202873995,34.71702507658366,3139700
2021-10-20,34.80299758911133,34.84598482593331,34.46769255029759,34.562266439135506,3957500
2021-10-21,34.648250579833984,34.845994548159496,34.549380235529654,34.811606716937085,2777300
2021-10-22,35.146907806396484,35.43922565632159,34.82019884948808,34.82019884948808,3228700
2021-10-25,35.275875091552734,35.42633538836279,35.00935216976417,35.15550947787829,2188900
2021-10-26,35.198490142822266,35.42632876003935,35.189894006189725,35.387637945901965,3545000
2021-10-27,34.79441452026367,35.458147282822516,34.68264503878008,35.40484203963601,3301900
2021-10-28,35.58537673950195,35.66275507687042,34.665436106185716,34.7772055445437,3655600
2021-10-29,35.46501541137695,35.94648104372018,35.305959010046244,35.51660206903682,3556800
2021-11-01,35.35324478149414,35.4736103656397,34.60095660086822,35.4736103656397,2652100
2021-11-02,35.71434020996094,35.96367076196081,35.379035188858374,35.60257077635483,2337700
2021-11-03,35.67995071411133,35.937877412727985,35.32745012740152,35.80891570327761,3417600
2021-11-04,34.992149353027344,35.84330789009906,34.888979316958476,35.67995505968033,2810000
2021-11-05,35.09531784057617,35.55098848618129,35.009343360931645,35.172696184142715,2621800
2021-11-08,34.931278228759766,35.12984911813549,34.56867137688199,35.10394956969619,2755800
2021-11-09,34.99171447753906,35.06078433478702,34.73270909972335,34.96581492778711,3076800
2021-11-10,35.026248931884766,35.18165281515634,34.7413440081749,35.129850422921805,2577500
2021-11-11,35.00898742675781,35.09532476184435,34.63343072278726,35.05215444758479,1802800
2021-11-12,35.01762390136719,35.21619483812317,34.91401909602544,35.08669047816233,3020900
2021-11-15,35.30252456665039,35.31979203209636,34.85358034535215,35.02625170637952,1725500
2021-11-16,34.97444534301758,35.345687574416466,34.81472706926515,35.31115594087361,4031500
2021-11-17,34.965816497802734,34.97444858363029,34.26649898221108,34.91401410254076,2652300
2021-11-18,35.44929504394531,35.44929504394531,34.939916359446144,35.05214994047846,3731500
2021-11-19,35.31978988647461,35.613330194359335,35.0564668179266,35.48382585809793,2552000
2021-11-22,35.18165588378906,35.50109576351763,34.97444959020991,35.337059780615355,2581400
2021-11-23,35.52699661254883,35.71261774036054,35.04351748364963,35.19028599272153,2109300
2021-11-24,36.226318359375,36.3040203196033,35.457934137913355,35.53563609814166,2474500
2021-11-26,35.52699661254883,36.19177588631606,35.5097291479347,35.92413841837739,1981700
2021-11-29,35.63059616088867,36.001838396237254,35.36295541413469,35.73419764948327,4738400
2021-11-30,34.91401290893555,35.811901302186996,34.89243104838837,35.50972890706973,6647600
2021-12-01,34.37010192871094,35.833485758668,34.37010192871094,35.21618791200233,4386000
2021-12-02,35.69103240966797,35.8723358470712,34.53413863370167,34.56867356275908,3447500
2021-12-03,35.95867156982422,36.07954052271528,35.509727392348886,35.829167238336964,3826500
2021-12-06,36.51985549926758,36.873830332654656,36.20473328927174,36.24358261923047,2831700
2021-12-07,36.830657958984375,37.10693079886262,36.60618751162031,36.77022348110051,3627500
2021-12-08,37.365936279296875,37.620627259748744,36.79612313377194,36.916992089878434,3578200
2021-12-09,36.88246154785156,37.44363933118061,36.87382616876974,37.29687082111109,4226100
2021-12-10,36.891090393066406,37.15873113274742,36.70115159113589,36.908357856281164,3885600
2021-12-13,37.27096939086914,37.52997807823286,36.90836249805156,36.90836249805156,3601400
2021-12-14,36.3817138671875,37.258017092256615,36.23062767207766,37.19326821823243,3910800
2021-12-15,37.00333786010742,37.042187193398554,36.33423746589815,36.39035756078462,4664500
2021-12-16,36.718421936035156,37.201901063696646,36.49395148349039,36.847926273593515,4707500
2021-12-17,37.037864685058594,37.374572006906604,36.77022392730224,36.994694377390225,7740100
2021-12-20,36.70978546142578,36.92994149158019,36.28674086362239,36.657983073909534,4280700
2021-12-21,37.4177360534668,37.452270979489626,36.92562488465279,36.92562488465279,3121300
2021-12-22,37.97028350830078,37.98755097213632,37.55587425654386,37.55587425654386,2818200
2021-12-23,37.94438552856445,38.233608149549376,37.68538014718345,38.065254486980116,1651500
2021-12-27,38.44512939453125,38.45376477364967,37.806249663918656,38.04798758431994,1616100
2021-12-28,38.49692916870117,38.63506558430442,38.306990362209724,38.45376215634364,1869100
2021-12-29,38.99767303466797,39.18761184405466,38.4278598999399,38.54009676852584,2528800
2021-12-30,38.989044189453125,39.20488256589904,38.92860970752285,39.01494374072831,1685100
2021-12-31,39.144447326660156,39.54158914121359,39.01494298592516,39.01494298592516,2882400
2022-01-03,38.825008392333984,39.386186197684076,37.99532364060357,39.187615285627984,4325400
2022-01-04,38.963138580322266,39.47251720127547,38.842269635254006,38.842269635254006,3216300
2022-01-05,37.89258575439453,39.30848501102712,37.79761633952219,39.04947961174132,3806300
2022-01-06,37.7717170715332,38.09115695660568,37.590413620013614,37.96165590270555,3193700
2022-01-07,37.05512619018555,37.78034317485077,36.83497344538906,37.58177228890375,4345300
2022-01-10,36.81339645385742,36.822031834056965,36.25221859789247,36.69252747852443,3238900
2022-01-11,37.26233673095703,37.31413912631834,36.442150251613505,36.847927448363215,2266400
2022-01-12,37.52135467529297,37.63359158941341,37.15011228456892,37.193282608530616,2131100
2022-01-13,37.65948486328125,37.83215625000743,37.27961044722987,37.607685752666335,4502800
2022-01-14,37.46091079711914,37.594729546291276,36.81771331097347,37.3573092910966,4374200
2022-01-18,37.348663330078125,37.42636526093991,36.87381966078123,37.23642976928009,2842100
2022-01-19,36.99470138549805,37.74150371764189,36.9860692983884,37.39184655462874,2818300
2022-01-20,36.122711181640625,37.011964247756644,36.09681163010165,36.774544007307334,6774800
2022-01-21,36.1572380065918,36.64503144733427,35.95003176043646,36.122703083327316,4604700
2022-01-24,35.99320602416992,36.07522566010065,34.888114604368276,35.82053795990008,4601600
2022-01-25,35.48382568359375,35.82053629753111,34.99603216714788,35.56152762628205,2887000
2022-01-26,35.0953254699707,35.98457863199293,34.811280077938726,35.673770806275314,3983500
2022-01-27,34.62910842895508,35.59606339934573,34.430537524803654,35.267988156497566,4778400
2022-01-28,35.906864166259766,35.92413162760981,34.15857240238781,34.66363658994001,3887400
2022-01-31,36.24357986450195,36.25221524390256,35.626281974649004,35.88097297205073,3277500
2022-02-01,36.105438232421875,36.45078090317475,35.79463048743064,36.42487806213762,5258200
2022-02-02,36.77885437011719,36.96016109130322,36.10543975649799,36.347177660170125,3349300
2022-02-03,36.6061897277832,36.87382720506268,36.40761552450636,36.40761552450636,3296500
2022-02-04,36.6320915222168,37.111253007671166,36.191779365805104,36.45078806648607,4752500
2022-02-07,35.97593688964844,36.79612333059958,35.941405254456186,36.65798690953438,4517900
2022-02-08,36.079551696777344,36.468061518131066,35.82917833485684,35.924147768235855,4991200
2022-02-09,36.96879196166992,36.96879196166992,36.51984780286457,36.51984780286457,4355700
2022-02-10,36.45078659057617,37.08103426362045,36.29538269383295,36.485318228293984,4262700
2022-02-11,36.30324172973633,36.841323730958734,35.88232149005346,36.58963898610133,4496300
2022-02-14,35.93006134033203,36.494178653690895,35.652341334531194,36.311925520637274,3667400
2022-02-15,35.88666915893555,36.450789849934324,35.69139839472736,36.22080325320966,3531600
2022-02-16,35.10558319091797,35.44405428509541,34.749754180284754,35.07954466089229,5832200
2022-02-17,34.09016036987305,35.148969905456106,33.89054933312408,35.07953825231728,6645000
2022-02-18,33.517356872558594,34.107512582873966,33.29171065893584,33.56074999317648,7939800
2022-02-22,33.6735725402832,34.00336619451455,32.95323751549777,32.99663063326126,6786900
2022-02-23,32.475914001464844,34.12487950591277,32.45855939718051,33.77772782791833,7735200
2022-02-24,32.337059020996094,32.64949491763985,31.373719420590213,31.955194764367214,15661100
2022-02-25,33.881874084472656,33.92092690871659,32.30234029739001,32.53666717490451,7078300
2022-02-28,32.805702209472656,33.552075873297944,32.56269806243491,33.35246485099077,7196700
2022-03-01,32.501953125,32.93155076861246,32.17215935592874,32.701564184766234,6195200
2022-03-02,33.76036834716797,33.99903219446741,32.69287825026641,32.69287825026641,6386300
2022-03-03,33.54339599609375,34.08147798492474,33.430571231913994,33.87318636726081,8453000
2022-03-04,34.02073669433594,34.077147437237,32.28498485595843,33.2396470427925,5412400
2022-03-07,33.204925537109375,34.14223295878612,33.16153241070212,34.08148191967929,6338400
2022-03-08,33.517356872558594,33.959975310636565,32.970597593544,33.12681216563182,10137000
2022-03-09,34.168270111083984,34.76710654580338,33.84715698463143,34.168270111083984,4785000
2022-03-10,34.20298385620117,34.263734895056324,33.73433014730428,33.87319013764225,2796900
2022-03-11,34.237701416015625,34.871250360947336,34.11185902610212,34.41127724040266,5340500
2022-03-14,33.9339485168457,34.73239611701597,33.76037597438976,34.42863754635001,4580100
2022-03-15,34.28109359741211,34.506739845403246,34.02940882453798,34.36787985186638,2778200
2022-03-16,34.54145812988281,35.02746979719452,33.855835414572624,34.610889786934614,4721700
2022-03-17,35.32254409790039,35.35725992286808,34.333166261104296,34.333166261104296,3250100
2022-03-18,35.31385803222656,35.461398610210516,34.498056135583106,35.18367867472837,6390400
2022-03-21,35.201045989990234,35.678377049721824,34.966719111063746,35.36594121115317,4628400
2022-03-22,35.05350112915039,35.513474218758624,34.97539217896378,35.357259629068665,2701700
2022-03-23,34.419952392578125,35.06218190950327,34.33316614114542,34.949357134094136,2822800
2022-03-24,34.79314041137695,34.84521415041023,34.34184460513875,34.445988772521915,3555100
2022-03-25,35.12294006347656,35.14029797941643,34.51542624831678,34.793146281986864,2938000
2022-03-28,35.12294006347656,35.51782189138585,34.888613164314194,35.244442164371726,4239600
2022-03-29,35.999488830566406,36.081938093375825,35.257455397332265,35.39197509081413,7613700
2022-03-30,35.50480270385742,35.79120333810845,35.296511032521785,35.75648750777188,3837500
2022-03-31,34.87125015258789,35.78685939284223,34.86256954054449,35.704410131847254,4800700
2022-04-01,35.61762619018555,35.665359627475894,34.853894504223675,34.853894504223675,3035200
2022-04-04,35.0274658203125,35.66101472090317,34.780121363844344,35.60026368322209,2314500
2022-04-05,34.914642333984375,35.49612082983624,34.732389214216646,34.888607119927094,4753600
2022-04-06,35.47876739501953,35.54385874906192,34.64300182504697,34.86257299552656,4748500
2022-04-07,35.37461853027344,35.569892584815854,34.77578537984742,35.192365394580776,4681200
2022-04-08,35.80855941772461,35.97345796327442,35.253119352193316,35.46141103210952,7694200
2022-04-11,35.62629699707031,35.92137486894052,35.47007910545179,35.756479676980106,4533100
2022-04-12,35.94741439819336,36.173063962381406,35.33990398080279,35.68705231778548,5186600
2022-04-13,36.30324172973633,36.33795424124392,35.7825143289262,35.7825143289262,3342600
2022-04-14,36.40739059448242,36.58964371853085,36.09929508172909,36.45078372249156,3185800
2022-04-18,36.18174362182617,36.61568155434803,35.999490484731076,36.39003528613748,3016300
2022-04-19,37.35337829589844,37.40111173367538,36.41173377008735,36.450786595168275,3386200
2022-04-20,38.108428955078125,38.32539792050459,37.63977519519286,37.63977519519286,5484300
2022-04-21,37.97824478149414,38.49897226477166,37.92617435064487,38.36011226470103,3749900
2022-04-22,37.388099670410156,37.9912732255761,37.35338383584476,37.84807289100698,3336200
2022-04-25,37.15376281738281,37.53562696343068,36.64605297701824,37.37940906034671,3847900
2022-04-26,36.45945739746094,37.30129790197682,36.42474488491631,37.023577937521026,2605700
2022-04-27,36.199100494384766,36.85868798681402,36.17306527860168,36.35531841045045,3593200
2022-04-28,35.75648880004883,36.44211157589818,34.61957014556513,36.02552821817114,5068200
2022-04-29,34.55881118774414,35.67837167025015,34.42862850440785,35.487437950872426,7926900
2022-05-02,33.317752838134766,34.67164033510815,32.545343873252286,34.54145763534171,5096100
2022-05-03,33.39586639404297,33.868860511681625,33.20493262427866,33.45661744611633,2828700
2022-05-04,33.63018798828125,33.829799029381284,32.71891904041291,33.28303633638688,3707400
2022-05-05,33.08342742919922,33.838481824168674,32.80570741404392,33.65622537429248,3744400
2022-05-06,32.97060012817383,33.41755559519547,32.29799511949963,32.779666409957535,4312400
2022-05-09,31.268383026123047,32.69126125518628,31.224737149273725,32.66507106510312,3410200
2022-05-10,31.29456901550293,31.92744586709337,30.7708118479501,31.512801723644422,3909000
2022-05-11,31.277124404907227,31.992927674690318,31.137452225468536,31.320770295997796,3396600
2022-05-12,31.31203269958496,31.65247524224239,31.045788489564696,31.277117991852233,3527700
2022-05-13,32.228599548339844,32.23733072004047,31.25964927744917,31.556445845910176,2692200
2022-05-16,31.827056884765625,32.46429598350447,31.774683166766174,32.31589934255028,2226800
2022-05-17,32.16750717163086,32.35082521898046,31.7485006762002,32.184966191853086,2660100
2022-05-18,31.14617156982422,32.30716781563942,31.05014864792144,32.12385314471598,2963600
2022-05-19,31.20728874206543,31.407190056164605,30.81446905694092,30.910492016634475,3346900
2022-05-20,31.60883140563965,31.696126505539088,31.111260991099353,31.530267480713942,4581400
2022-05-23,32.05402755737305,32.211155404612526,31.390598129035805,31.89689971013357,2868200
2022-05-24,32.82220458984375,32.865853804245745,31.70485396447742,32.00165064058629,5111800
2022-05-25,32.82220458984375,33.049168516851,32.53413908860229,32.69999478144025,3801700
2022-05-26,32.61269760131836,33.18010066475521,32.577779567577544,32.996785982566394,2245700
2022-05-27,33.64276123046875,33.65410975960045,32.787289257915106,32.88330886986128,2111100
2022-05-31,32.926963806152344,33.634035901374055,32.909504783682074,33.27613426565362,3476500
2022-06-01,33.206295013427734,33.42889001397503,32.49049188193677,33.014249133770555,3279200
2022-06-02,33.869720458984375,33.895910652067045,32.78728793729772,33.09281244020105,3114400
2022-06-03,33.42452621459961,33.94828344226914,33.293585242698605,33.68640482843437,3038800
2022-06-06,32.80474090576172,33.64275367056871,32.73053925734127,33.64275367056871,2197700
2022-06-07,33.3459587097168,33.363417726089644,32.534132763197384,32.65634254784041,3793800
2022-06-08,32.61269760131836,33.30231378284806,32.429382919129544,33.13645478756268,2479600
2022-06-09,32.00164794921875,32.769828104537225,31.984188930919778,32.49921831585405,2224800
2022-06-10,31.504077911376953,31.870707309579934,31.2858451753131,31.74849751017894,2894900
2022-06-13,29.63600730895996,30.901757890485147,29.500700743266666,30.709712010125248,4302800
2022-06-14,29.356670379638672,29.819322742744923,29.120978610706956,29.784404703651152,5863100
2022-06-15,29.889156341552734,30.399820133560215,29.42650068685743,29.618546555974998,5971200
2022-06-16,29.487607955932617,29.69274727262492,28.937663826464828,29.155896575291962,5695200
2022-06-17,29.470151901245117,29.993912549103133,29.199545396654567,29.688384672027336,6361800
2022-06-21,29.705839157104492,30.273245606480515,29.653465431293803,29.723298175697156,3239500
2022-06-22,29.723299026489258,30.177223532989633,29.282467951816333,29.435233536383045,4957000
2022-06-23,30.622419357299805,30.718438964730478,29.79749654509319,29.819321150853572,4051500
2022-06-24,30.997783660888672,31.106900054601972,30.552590239724353,30.797009896052366,5028900
2022-06-27,31.023969650268555,31.521540071690882,30.718441791346038,30.95413356938308,3596500
2022-06-28,31.23346710205078,31.748496475576683,31.16799994733886,31.364408071408977,3747600
2022-06-29,31.111255645751953,31.1723605401991,30.522027975030454,30.989045856857658,3643900
2022-06-30,31.058881759643555,31.552086499335246,30.670424461342044,30.90175393762431,4594700
2022-07-01,31.19855499267578,31.42988117182237,30.74463047908151,30.980322245561275,3941700
2022-07-05,31.504077911376953,31.521536929858136,30.426007662426738,31.023966558029926,3611100
2022-07-06,31.757232666015625,32.23734407955737,31.504081861250228,31.512809706601445,3024400
2022-07-07,31.940540313720703,32.13694842531461,31.757225632237464,31.93181247030258,2332400
2022-07-08,31.83578872680664,32.02346899017152,31.591365827794096,31.827057553645364,2468200
2022-07-11,31.861982345581055,31.984192156029565,31.486621739222006,31.73104136011903,1815200
2022-07-12,30.47402000427246,31.28584607209776,30.116118440067456,30.28197412544189,9174300
2022-07-13,30.823196411132812,31.111261924524804,29.950265365753474,30.185957147602018,7994500
2022-07-14,30.622419357299805,31.058884832768957,30.316891526491016,30.447832501118686,4079900
2022-07-15,31.268383026123047,31.38186496990485,30.700976637180982,31.058881485259512,2587600
2022-07-18,31.058881759643555,31.59136678985657,30.893022764197138,31.47788817503921,2740300
2022-07-19,31.137447357177734,31.24220147537861,30.490607826620042,31.21601128084463,2799000
2022-07-20,31.17235565185547,31.425506363419416,30.89738366996348,31.16362780971755,2663200
2022-07-21,31.6175594329834,31.6175594329834,31.006507114389848,31.294572590461218,2531400
2022-07-22,31.818336486816406,32.1936970934869,31.591372555822925,31.835795506890335,2675900
2022-07-25,31.827056884765625,31.91435196470939,31.53026027289044,31.792138852788117,2632100
2022-07-26,31.9580020904541,32.12822335652718,31.722310338206622,31.896897191349264,1769200
2022-07-27,32.27225875854492,32.30717346627983,31.73103916406195,32.019107980154565,2870800
2022-07-28,33.712589263916016,33.77369415841305,32.49048804400835,32.7436354655102,4040300
2022-07-29,34.07049560546875,34.1752497222492,33.24121382574543,33.703866186639594,3005200
2022-08-01,33.616573333740234,34.18397984929786,33.55110616884087,34.00939297297493,2056800
2022-08-02,33.15391159057617,33.79115067894292,33.1102657162981,33.59037699329039,2052900
2022-08-03,32.88330841064453,33.551103407363414,32.865852721419884,33.26740017293525,2547800
2022-08-04,33.10154724121094,33.11027841739588,32.68254069347044,32.883314456139765,2182800
2022-08-05,33.06662368774414,33.145187602568534,32.54286314559247,32.89203684036025,2358600
2022-08-08,33.29491424560547,33.80417353251849,33.119310828869025,33.34759728027869,2568300
2022-08-09,33.76026916503906,33.78221791513676,33.057845522930265,33.3300328001986,1976000
2022-08-10,34.19050598144531,34.243189016492835,33.6988110520171,34.19928816199682,1458600
2022-08-11,34.146602630615234,34.48025512934976,34.07197084848601,34.295869544293936,2311600
2022-08-12,34.76122283935547,34.78756267891162,34.251963611802566,34.330986479891116,1444500
2022-08-15,34.92805480957031,34.93683699089739,34.629524283444894,34.892936132524405,1692000
2022-08-16,34.95439147949219,35.23536093993808,34.68659193915779,34.79634573931385,1297800
2022-08-17,34.8841438293457,35.094872577580894,34.62951423547563,34.66463625175147,1283400
2022-08-18,34.06757736206055,34.9543899030003,34.036846433379665,34.91048570538188,1796900
2022-08-19,34.05002212524414,34.181728041586865,33.82173566626008,34.10270516166535,1517800
2022-08-22,33.59344482421875,33.96221936897921,33.56271389127375,33.80417361399908,2386700
2022-08-23,32.917362213134766,33.56271176407763,32.610049553741696,33.44417913006534,2294900
2022-08-24,33.08417892456055,33.46173218673759,32.732965497143,32.732965497143,1524400
2022-08-25,33.567108154296875,33.59344799947638,33.092970844540964,33.2510166144596,2158100
2022-08-26,32.732975006103516,33.567104626471036,32.70663516369227,33.567104626471036,1814700
2022-08-29,32.24127960205078,32.627611799127195,32.24127960205078,32.50468807048563,1825500
2022-08-30,31.62665367126465,32.46956200506518,31.489679141105572,32.39932131862513,2429700
2022-08-31,31.854938507080078,32.26761382371472,31.78030673474993,31.854938507080078,3781000
2022-09-01,32.09201431274414,32.1271363368323,31.26666684319572,31.652999059903806,2907800
2022-09-02,32.02177429199219,32.83834294751823,31.91640821749676,32.34664464813482,4313500
2022-09-06,33.52320098876953,34.17294161004038,33.43539928840974,33.54076199872552,19235600
2022-09-07,34.137821197509766,34.29147584000855,33.37393237579581,33.38271455503574,8483000
2022-09-08,34.12904357910156,34.43635625458683,33.918318141062954,33.953436814455756,6323400
2022-09-09,34.726104736328125,34.805127613327926,33.96221915827699,34.120264912276596,5420800
2022-09-12,35.21780014038086,35.29682301094213,34.60317818595103,34.73488408669321,6492800
2022-09-13,34.16416549682617,35.00707394522872,34.12026464315487,34.64708158605135,6662600
2022-09-14,33.54954147338867,34.26952614831243,33.312472858559595,34.11148040509305,8483300
2022-09-15,32.66272735595703,33.681242355201874,32.61882651147798,33.435394946583386,7405800
2022-09-16,32.36420440673828,32.48712813946682,31.890067138139194,32.22371966227416,97902400
2022-09-19,32.25005340576172,32.25444449522026,31.626652679443854,31.89884328573554,8084900
2022-09-20,31.34568977355957,32.1359152203024,31.1613041709283,32.01299148521489,5743500
2022-09-21,30.616920471191406,31.688118678624363,30.616920471191406,31.538851762290438,4765100
2022-09-22,30.731063842773438,30.959350271860604,30.028640196251217,30.485216403845698,7356500
2022-09-23,30.757402420043945,31.231539618012754,30.450093134001204,30.46765414312079,6740000
2022-09-26,30.142791748046875,30.60814688871026,29.93206293280218,30.60814688871026,5768300
2022-09-27,29.765230178833008,30.61691733998533,29.73449925058658,30.397409752676595,4480300
2022-09-28,30.28326988220215,30.38863259205992,29.40962722514515,29.993518243318082,5215900
2022-09-29,29.747663497924805,30.160335405775413,29.510594946902877,30.06375489928737,4676500
2022-09-30,29.651086807250977,30.098880834445215,29.55889401781158,29.949617275187183,6005300
2022-10-03,30.669597625732422,30.92422720811464,29.778397436814334,30.063757944696498,5852000
2022-10-04,30.766183853149414,31.240321039619097,30.52472417038617,30.766183853149414,4513900
2022-10-05,30.081323623657227,30.493999032768336,29.554506660493715,30.34473545465955,3357500
2022-10-06,29.589628219604492,30.371074820766978,29.52816635318186,30.090105331571937,4336300
2022-10-07,28.404279708862305,29.52816080384794,28.2374551526986,29.299871043392468,5786500
2022-10-10,28.219894409179688,28.78183328723814,28.219894409179688,28.535985865442544,4059700
2022-10-11,28.94866180419922,29.119877455044982,27.938925558691384,28.219895003639305,5757900
2022-10-12,28.27257537841797,28.96622009593527,28.25501437107858,28.904754895537575,3694900
2022-10-13,28.52721405029297,28.737939506669417,27.526258084242624,27.76332673473168,4246100
2022-10-14,27.745763778686523,28.931105273408797,27.71942226112905,28.86964340715161,3037500
2022-10-17,28.852081298828125,29.00573595863094,28.04429321291436,28.211119468350407,3440100
2022-10-18,29.229629516601562,29.6335226510965,29.027682949354094,29.229629516601562,4005900
2022-10-19,28.535987854003906,29.01890390164917,28.39111203488428,28.764274283091073,3434400
2022-10-20,28.57111358642578,28.962714443439648,28.439407670216713,28.62379327337294,2652100
2022-10-21,29.06280517578125,29.097927195975085,28.29891965837637,28.63257215137743,3216900
2022-10-24,28.86963653564453,29.48425840134553,28.685247631340435,29.378892356194704,2772400
2022-10-25,29.817903518676758,29.888147539407512,28.87841151262809,29.01889620467034,3895800
2022-10-26,29.545724868774414,30.037419758614814,29.47548082769994,29.80035114411881,4325900
2022-10-27,27.262842178344727,28.0179488285668,26.516517707452696,26.516517707452696,9353700
2022-10-28,28.105751037597656,28.171603986093068,26.955533381480855,27.08723760376163,4524700
2022-10-31,27.824783325195312,28.355989630632706,27.807222315592906,27.903806193696095,4465500
2022-11-01,27.78965950012207,28.1145314578151,27.596493431178345,28.044289098680114,4959700
2022-11-02,27.62283706665039,28.45696666142275,27.469182408265564,27.754542973506155,5056100
2022-11-03,27.5350341796875,27.798442632671257,26.87651137251801,27.289185062115255,4918300
2022-11-04,27.245283126831055,27.780880516536147,26.652611619147915,27.693078818843862,5057600
2022-11-07,26.272554397583008,27.53710377368602,26.25044723305944,27.466359835209488,4638700
2022-11-08,26.626270294189453,26.856188468564344,26.139904341472807,26.369822515847698,4055900
2022-11-09,26.360980987548828,26.926934101416588,26.281393857265368,26.54668485376634,3467400
2022-11-10,28.55405044555664,28.651323994270296,27.32487218515103,27.38677292099843,5051300
2022-11-11,28.2799129486084,28.845864395934612,28.222434664323828,28.651320694251673,3549500
2022-11-14,27.6785888671875,28.363922705178343,27.669747351602037,28.09421093977576,3517300
2022-11-15,28.00577735900879,28.332969057816943,27.926190234614054,28.253381933422208,5153200
2022-11-16,27.572473526000977,28.16495457748342,27.537100717354456,27.99693710974914,3036300
2022-11-17,27.2187557220459,27.48404505824445,27.028631079325166,27.192226113758657,3374500
2022-11-18,27.652063369750977,27.749335229728587,27.2983436819494,27.60784735460796,5268400
2022-11-21,27.634374618530273,27.837763210922244,27.23643894935609,27.590160293807973,3190800
2022-11-22,27.92619514465332,27.97040947190506,27.52383869465601,27.643219402237868,2978700
2022-11-23,27.943883895874023,28.240123623998123,27.625535315599738,27.82892393670004,2433000
2022-11-25,28.04999542236328,28.111897839229975,27.78470609675103,27.926193961966682,1070600
2022-11-28,27.40445327758789,28.182638122166907,27.33370935414145,27.908503942977298,2587900
2022-11-29,28.22685432434082,28.271068646943043,27.227596128183272,27.2806536526396,3226600
2022-11-30,28.854711532592773,28.890080970803414,27.687434051548607,27.82007872151521,5051500
2022-12-01,28.60710334777832,29.33665151472135,28.28875649808343,28.996197502594207,3424100
2022-12-02,28.61595344543457,28.713227001844295,28.151694516510847,28.288761647209213,2377200
2022-12-05,28.430246353149414,28.651321353179075,28.085368206168628,28.341814329135474,3154200
2022-12-06,27.996936798095703,28.598261045046016,27.75817540239455,28.518673913145633,3209800
2022-12-07,28.456769943237305,28.51424822009694,27.851025007603244,27.908503284462874,3263300
2022-12-08,28.39487648010254,28.938719147350362,28.27107332034787,28.27107332034787,5538400
2022-12-09,27.93503761291504,28.492147566981753,27.912930449870455,28.306442000068284,4739800
2022-12-12,27.545944213867188,27.970407802151094,27.117059867789404,27.95272308430721,8307300
2022-12-13,28.341815948486328,28.64247810063891,27.793550861621142,28.40371668216448,4496300
2022-12-14,28.30644416809082,28.885663016233572,28.111900443730782,28.368348277361186,3508500
2022-12-15,27.607845306396484,28.226855979126558,27.49288704889036,28.023467384563506,3140600
2022-12-16,26.865032196044922,27.103793591408465,26.210650424309097,27.086107187307093,8240600
2022-12-19,26.307926177978516,26.865034460789815,26.113380776468066,26.820820133477408,2911400
2022-12-20,26.113378524780273,26.34329671765019,25.803873200275838,26.13106324217925,3172200
2022-12-21,26.325613021850586,26.546688035430115,26.091272360521707,26.307926615963787,3118600
2022-12-22,26.192962646484375,26.254863366938356,25.706596710533706,26.192962646484375,2811100
2022-12-23,26.44057273864746,26.44941594207645,25.90999233958837,26.104539441688907,1537200
2022-12-27,26.290239334106445,26.431727203149595,26.055900367254058,26.422884000500844,2027300
2022-12-28,25.741971969604492,26.475940857369388,25.72870632347912,26.405196929151142,2146300
2022-12-29,26.555530548095703,26.59090167228138,25.795031981416418,25.94536305420957,2455600
2022-12-30,26.21065330505371,26.520158664171344,25.874620023536732,26.405200398214316,2436100
2023-01-03,25.874616622924805,26.396353726009654,25.54300414316757,26.00726127749404,3123200
2023-01-04,26.281394958496094,26.745653800158877,25.96304811069132,26.007262435293317,5533700
2023-01-05,25.282136917114258,26.029369803475824,25.22023618751451,25.99841943867595,5591500
2023-01-06,26.299081802368164,26.396355342119687,25.344037869661737,25.458997814216882,2986800
2023-01-09,26.352140426635742,26.621852207774424,25.963049624776186,26.086851090216186,3719800
2023-01-10,26.360980987548828,26.502468844348694,26.14874920234903,26.175278807999618,2191700
2023-01-11,27.545944213867188,27.65206095427235,26.670487430530994,26.67933063278712,5339400
2023-01-12,27.775861740112305,27.988093529116465,27.369084566188075,27.713961012486298,4579800
2023-01-13,27.599000930786133,27.851027971018592,27.36024122355106,27.54594340547482,2862500
2023-01-17,27.97040557861328,28.10747267268441,27.501727702975163,27.643215554488737,3043900
2023-01-18,27.3779239654541,28.21800954116473,27.351396048046695,28.10305129684017,2602100
2023-01-19,27.36024284362793,27.784706444588764,27.23643969501304,27.298342112654694,2358100
2023-01-20,27.881977081298828,27.881977081298828,27.125899367925918,27.33371038883366,2956900
2023-01-23,27.82008171081543,28.08979352450718,27.63880024882619,27.926198470192173,2351900
2023-01-24,28.2180118560791,28.266648624206947,27.678588335633304,27.811234680225002,2681400
2023-01-25,28.368349075317383,28.368349075317383,27.95272694521437,28.12074275128249,2554500
2023-01-26,28.40371322631836,28.60710180842009,28.20474708846613,28.56288748593477,2660300
2023-01-27,28.783964157104492,29.009461600320872,28.279913429917368,28.386028484762875,2767900
2023-01-30,28.12074089050293,28.682273310825824,28.058840156924543,28.536362993103783,3625300
2023-01-31,28.7397518157959,28.907767612009998,27.899666088051386,27.98809643097215,5166300
2023-02-01,28.89892578125,29.128842309006203,28.386030135224445,28.60710514678643,3700300
2023-02-02,29.98661231994629,30.10864614951497,29.23495868294516,29.24380019851624,3152400
2023-02-03,29.55330467224121,29.755809455198314,29.30127930468931,29.624050292140534,3031600
2023-02-06,29.20842742919922,29.230536278162027,28.792808730059615,29.13768518452435,2375000
2023-02-07,29.270328521728516,29.4648756003393,28.788386643053144,29.005039197564482,2724900
2023-02-08,29.23495864868164,29.50467041332945,29.04483401742723,29.23495864868164,2087800
2023-02-09,28.854711532592773,29.544464491086494,28.717642731179986,29.358762290466952,2849600
2023-02-10,28.89008140563965,28.96082702979971,28.58057773328194,28.713224091913546,2306600
2023-02-13,29.4783992767334,29.527426218713313,29.023789833390328,29.023789833390328,3151900
2023-02-14,29.469486236572266,29.72353338514624,29.179782512662037,29.371432354596664,3216600
2023-02-15,29.335777282714844,29.362518015388403,29.104016331947854,29.326864838623113,3066400
2023-02-16,29.050537109375,29.567543977084917,28.569183425356137,28.952483203326825,5311500
2023-02-17,29.086191177368164,29.13967264847784,28.45330046611365,28.970308989299323,2812200
2023-02-21,28.747455596923828,29.05052968341895,28.506778816436686,28.934647514947777,2754000
2023-02-22,28.61374855041504,29.01487656568972,28.462213189310464,28.916822673022732,2421800
2023-02-23,28.693971633911133,28.80985380601479,28.364156806045006,28.693971633911133,2839200
2023-02-24,28.12348175048828,28.524609755251195,28.0432561495357,28.40872927620815,2897600
2023-02-27,27.9273738861084,28.747456432181703,27.820405858273134,28.283931145227417,3279600
2023-02-28,27.864978790283203,28.297305457646257,27.811495622219496,27.971945126410617,3578500
2023-03-01,27.062721252441406,27.686696006230548,26.76856131274961,27.62429870087154,2891500
2023-03-02,27.258831024169922,27.34797077262109,26.80421983724834,26.83987641670852,2907200
2023-03-03,28.37307357788086,28.422100524450094,27.450480838512103,27.47276535053468,3501700
2023-03-06,28.40873146057129,28.702891453282472,28.194795374781915,28.52461194852445,2806300
2023-03-07,27.713438034057617,28.41318214860338,27.615384155520317,28.373069352856213,2329100
2023-03-08,28.19478988647461,28.4978639654482,27.695609750600056,27.695609750600056,3586800
2023-03-09,27.87389373779297,28.46666992641976,27.77583984335273,28.203708600584,3568700
2023-03-10,26.97358512878418,27.998687983175067,26.741822463410706,27.90063409007879,5297200
2023-03-13,27.749094009399414,27.900631054881607,26.777476129777224,26.777476129777224,3797800
2023-03-14,27.864978790283203,28.301761679901873,27.51733564757022,28.185881199063964,4805700
2023-03-15,28.043258666992188,28.096743539228093,27.539622204932797,27.561906718264733,3602300
2023-03-16,27.722352981567383,27.998684637951303,27.26685094566319,27.838233450309325,3931800
2023-03-17,27.178606033325195,27.735727348456162,27.053811402799646,27.60647479529794,6404000
2023-03-20,27.28557014465332,27.432649266564084,26.648223315908822,27.04489336312762,3816100
2023-03-21,26.91118621826172,27.624300761559482,26.581369679362016,27.285571778542838,4625100
2023-03-22,25.66323471069336,26.639310552757976,25.618663989471745,26.518972155758366,3639100
2023-03-23,25.565181732177734,26.171329960726318,25.511698565011457,25.788030245602997,2962900
2023-03-24,26.242643356323242,26.25155750154291,25.449301433766554,25.467129724205883,3006600
2023-03-27,26.322864532470703,26.639308983608217,26.26046552643596,26.340691119710133,2575700
2023-03-28,26.260467529296875,26.2916678847934,25.930652687525356,26.055447308714665,1737800
2023-03-29,26.946840286254883,27.05380831463745,26.501143285025925,26.67942276559716,2096800
2023-03-30,27.36579704284668,27.396995697472338,27.049350874187752,27.116206105642252,2349600
2023-03-31,27.83823585510254,27.86943451092811,27.463850284996486,27.52624759664762,3084600
2023-04-03,27.802579879760742,28.212620311683878,27.65104282878933,27.802579879760742,2726000
2023-04-04,27.856061935424805,27.989770692675027,27.490590538847957,27.95411581750121,2541300
2023-04-05,27.820404052734375,28.04325253774583,27.740180162313344,27.80257746608471,2601800
2023-04-06,28.069995880126953,28.145765251596387,27.74463728546189,27.96302955595713,1928500
2023-04-10,28.203706741333008,28.208164663622398,27.829321178386145,27.918460921982863,2162300
2023-04-11,28.453296661376953,28.702887594443105,28.194791584251387,28.266103036527554,1967100
2023-04-12,28.488954544067383,28.934651592880947,28.404272716864558,28.702890623673287,3433900
2023-04-13,28.71179962158203,28.91681983137547,28.230447750753996,28.533520143379583,3822000
2023-04-14,28.702884674072266,28.965844246174054,28.48449241733478,28.765281975940418,3084100
2023-04-17,29.416006088256836,29.46057511437142,28.72963220481633,28.80985781198207,3621800
2023-04-18,29.514053344726562,29.81266949293857,29.335773879985762,29.415999469099223,3467500
2023-04-19,29.67450523376465,29.763643268071245,29.206522052659913,29.309033852470737,2883800
2023-04-20,29.585363388061523,29.861696731210028,29.340232096924716,29.59427923160715,3731000
2023-04-21,29.67450523376465,29.89289579809444,29.309033852470737,29.736902537858874,4021000
2023-04-24,29.28229522705078,29.754736418811124,29.148588150453413,29.674510812693228,2960200
2023-04-25,28.854427337646484,29.273383671254056,28.747460993039855,29.166417326647426,2743300
2023-04-26,28.64940071105957,29.050528664468533,28.555804755330485,28.711798014878962,2634300
2023-04-27,29.300119400024414,29.48731472159351,28.685058773149397,28.685058773149397,2780400
2023-04-28,29.745817184448242,29.875069724045368,29.210982138196538,29.416002352606302,2907000
2023-05-01,29.790386199951172,30.09346029954964,29.629938406420965,29.692335715126685,3036900
2023-05-02,29.995412826538086,30.146948191353705,29.300123116235056,29.959756246440776,3355400
2023-05-03,29.817129135131836,30.423277309986872,29.799300847589254,30.16477224121672,2716700
2023-05-04,29.754737854003906,30.09346518470772,29.6299432163342,29.84387590936831,2891500
2023-05-05,30.655038833618164,30.788749292546058,29.843870437104563,29.843870437104563,2446200
2023-05-08,30.64613151550293,30.882350418771836,30.441111271148806,30.530249325077108,2044300
2023-05-09,30.583255767822266,30.776366041068894,30.349728738605776,30.574275408599053,2053200
2023-05-10,30.96946907043457,31.068270130331296,30.565284473724986,30.87066801053784,2371300
2023-05-11,30.565288543701172,30.816783118647276,30.350623374159568,30.70899826096612,2898600
2023-05-12,30.547327041625977,30.726965060314676,30.34523641204508,30.61020326053071,2999100
2023-05-15,30.610200881958008,30.73594645737594,30.37667044791617,30.583252954147053,2104800
2023-05-16,29.82877540588379,30.61918055317029,29.801830904987504,30.61918055317029,2197300
2023-05-17,30.1790714263916,30.18805521202922,29.65812492765001,29.92758024950327,2353700
2023-05-18,30.12518310546875,30.17009175575103,29.738962545682455,30.07129066934378,2317700
2023-05-19,30.116193771362305,30.466485975864785,29.99494009530751,30.33176004983832,2141600
2023-05-22,30.214998245239258,30.43056454801274,29.90063428943433,30.0443440158466,1293900
2023-05-23,29.918598175048828,30.466489146674,29.896142138552417,30.125180690837357,2661800
2023-05-24,29.586265563964844,29.91859707508082,29.406630983838358,29.81979600022526,1996600
2023-05-25,29.550338745117188,29.792846097476456,29.24495518230912,29.792846097476456,2635300
2023-05-26,29.99045181274414,30.039852352792423,29.280883534150767,29.550342271254195,1604500
2023-05-30,30.17008399963379,30.475467539879908,30.089247079383068,30.161103642410158,2322100
2023-05-31,30.430559158325195,30.574268859284427,30.062302835472828,30.304813598274563,3944300
2023-06-01,30.403615951538086,30.506908921213103,29.738959766332997,30.31379865936769,4208000
2023-06-02,30.97846031188965,31.081749862059798,30.628164626201812,30.789838503808415,2531400
2023-06-05,30.960491180419922,31.292819241392046,30.897618396622754,30.978455322406216,1430000
2023-06-06,30.71798324584961,31.113184127192564,30.529364877002518,31.095219983543785,3043100
2023-06-07,30.95151138305664,31.023367960257488,30.614691386625584,30.88863859116099,3027600
2023-06-08,31.211986541748047,31.238931045220937,30.583255192335685,30.798821499049428,2316900
2023-06-09,30.79882049560547,31.324258854068976,30.77187256670035,31.229949668676305,3229300
2023-06-12,30.188053131103516,30.762892025115033,29.950034222768444,30.762892025115033,4612200
2023-06-13,30.55630874633789,30.60121739137451,29.747939430438745,29.900632935135246,4415500
2023-06-14,30.574268341064453,30.938032765946648,30.3766662207287,30.62815733656731,3619800
2023-06-15,30.843725204467773,30.88863384516306,30.268886380424966,30.511397151751087,3149000
2023-06-16,30.897621154785156,31.12216781019403,30.803308544360583,31.03234709224445,4752900
2023-06-20,30.888635635375977,31.050309492296854,30.62816070741346,30.825762849496726,2827500
2023-06-21,30.70001983642578,30.839237670145792,30.493437318989265,30.762892627545153,2396300
2023-06-22,30.152116775512695,30.861684844451787,29.92307828717227,30.81677621030698,2278900
2023-06-23,29.406633377075195,30.17009068367613,29.30783229417878,30.107217890253008,5078600
2023-06-26,30.1790714263916,30.206019356994144,29.325796811574673,29.48747068994869,2981900
2023-06-27,30.601221084594727,30.65511352092887,30.12518322239619,30.376674406001396,1761500
2023-06-28,30.771869659423828,30.924563154426277,30.39463295349385,30.50241438000102,3247300
2023-06-29,30.655109405517578,30.8706722692943,30.403614829364813,30.78085498043899,3773900
2023-06-30,30.897621154785156,31.059295020784347,30.421579915427508,30.924565657015005,4583900
2023-07-03,31.31078338623047,31.436528953836252,30.83474561563435,30.87067047330047,1162100
2023-07-05,31.131145477294922,31.441020931387147,30.825761915289327,31.12216511943141,2330500
2023-07-06,31.211986541748047,31.265878975004036,30.196136959835556,30.6461279846459,2549800
2023-07-07,31.203004837036133,31.38263942085544,31.05031132921765,31.05929511419465,2206500
2023-07-10,31.211986541748047,31.310787622895585,30.90211104656898,31.032348523871626,2176700
2023-07-11,31.66107749938965,31.69251389318771,31.113183127786364,31.28384077381293,2273400
2023-07-12,31.70598602294922,32.065262030393434,31.688021879946014,31.98442510003398,2292200
2023-07-13,31.8856201171875,31.894600474433055,31.45449101690098,31.67005385388948,2530700
2023-07-14,31.795806884765625,31.894604532274492,31.57126023565375,31.858679672412155,1806200
2023-07-17,31.732934951782227,31.809279992222073,31.553296942392542,31.732934951782223,1964600
2023-07-18,31.283836364746094,31.86765551390088,31.0592897474613,31.81376309228112,2469900
2023-07-19,31.70598602294922,31.74191430895563,31.265876511455488,31.508387302533844,3069700
2023-07-20,32.03831481933594,32.05627896274095,31.391622788305675,31.7059867321183,2658400
2023-07-21,32.46046829223633,32.59070578092167,31.988922308696843,32.08323150540474,2642600
2023-07-24,32.47842788696289,32.815247867853536,32.429027348994126,32.61315724984316,2738300
2023-07-25,31.93053436279297,32.54130155202232,31.85868121328311,32.415555970647475,3627200
2023-07-26,31.903587341308594,32.28980784007456,31.643112413990178,31.95747976891891,3955700
2023-07-27,31.337732315063477,31.95748330915334,30.816785829026298,31.61617141576401,4987600
2023-07-28,31.858680725097656,32.0922077403139,31.553297135162516,31.876644868777376,2904700
2023-07-31,31.8856201171875,32.312257325696486,31.7014902437132,31.984421178436193,4299000
2023-08-01,31.759878158569336,31.948496518895666,31.26138433034266,31.750894373995752,2555000
2023-08-02,31.831727981567383,31.876640047128337,31.535328221460457,31.61616514263681,1950500
2023-08-03,31.58023452758789,31.88561804876932,31.234434261959017,31.88561804876932,2531100
2023-08-04,31.22096824645996,31.939520348936014,31.167079237191505,31.454498707657784,2238300
2023-08-07,31.6101016998291,31.655348792717433,31.257169542315445,31.311464672928683,1913600
2023-08-08,31.628196716308594,31.736790414178348,31.16666745913217,31.465304443438256,3197900
2023-08-09,31.320510864257812,31.641769657188718,31.24359047414717,31.58294879159787,2330500
2023-08-10,31.23906707763672,31.718692430996093,31.198342281373833,31.4834054988193,2466300
2023-08-11,31.401958465576172,31.474353114906187,30.994727775183957,31.130472489358525,1832100
2023-08-14,31.18476676940918,31.447204701907857,31.039974022536008,31.275264393787026,2662500
2023-08-15,30.976627349853516,31.171192926714216,30.81826082267187,30.949479788659914,2402900
2023-08-16,30.831836700439453,31.08522316116534,30.763964340707414,31.030928035085005,2342800
2023-08-17,30.3341121673584,30.96758177864308,30.293387370194758,30.61464964650592,3658700
2023-08-18,30.279809951782227,30.467136401546618,30.071670602754423,30.116917686955034,2482600
2023-08-21,29.745885848999023,30.270761687739245,29.533220757513977,30.22551460387952,2222500
2023-08-22,30.03547477722168,30.153119970471096,29.80471358739949,29.908781547013824,2212300
2023-08-23,30.56939697265625,30.578448461230938,30.107871167158237,30.23456439015254,2047900
2023-08-24,30.406503677368164,31.125945101086128,30.406503677368164,30.714188688066365,2141700
2023-08-25,30.542247772216797,30.723239560552475,30.4291283360234,30.551295808174526,1946800
2023-08-28,30.542247772216797,31.003773552948108,30.533199736259064,30.732287596510204,1484800
2023-08-29,30.8046817779541,30.813729812761984,30.41555069073016,30.57844293431836,2015900
2023-08-30,31.121421813964844,31.148569376656663,30.79563725313673,30.89518291918216,2362400
2023-08-31,30.849933624267578,31.157618637251687,30.818260319348536,31.157618637251687,2107700
2023-09-01,30.93137550354004,31.103315784857198,30.791108522784747,30.985674069702178,1760600
2023-09-05,30.65084457397461,31.39290787451706,30.65084457397461,30.985680624611543,2196100
2023-09-06,30.73228645324707,30.754911720496565,30.515099077028765,30.60559324176454,1975700
2023-09-07,30.958524703979492,31.19833734269699,30.632740193974193,30.750385367505228,1958600
2023-09-08,30.65989875793457,31.08522557110852,30.601074430611575,31.003779423542124,1654700
2023-09-11,30.831836700439453,30.949481893832882,30.564876458193478,30.804689137399283,1981000
2023-09-12,31.067123413085938,31.234537968209924,30.827307310110267,30.886131625915954,2424100
2023-09-13,31.03092384338379,31.220963663257358,30.940426225255077,31.07617092638257,2595200
2023-09-14,31.809181213378906,31.827277282094304,31.28430546523628,31.320504506928316,2528100
2023-09-15,31.935880661010742,31.97207970979145,31.650817467026787,31.650817467026787,6463400
2023-09-18,31.38385009765625,31.90872237684082,31.270730685093223,31.890626308705585,2222600
2023-09-19,30.822782516479492,31.456248541962022,30.696085859252054,31.383853904248703,3004700
2023-09-20,30.73228645324707,31.08521852870014,30.65989181188467,31.08521852870014,2942200
2023-09-21,29.872583389282227,30.66894529860052,29.85448731482356,30.560351591189935,2725000
2023-09-22,29.573944091796875,30.11239368394202,29.56489260419234,29.863529556783075,3452200
2023-09-25,29.411052703857422,29.53774591700998,29.239112407740546,29.411052703857422,2251000
2023-09-26,28.958576202392578,29.320559785775004,28.886179830929223,29.18481507897377,2601700
2023-09-27,28.687089920043945,29.23006183691291,28.40655247345393,29.0762210595815,3843800
2023-09-28,28.74138641357422,29.058121178568705,28.650890519852133,28.813782783338763,2794600
2023-09-29,28.678041458129883,29.32960882355212,28.45180257382228,29.166716550680135,3777000
2023-10-02,28.316059112548828,28.95857670467222,27.981224809932158,28.895230094301255,3722100
2023-10-03,28.11696434020996,28.343203192932688,27.913349027546417,28.107914578973197,2733900
2023-10-04,28.569440841674805,28.57849060253019,28.044566794520073,28.270805637708584,3163100
2023-10-05,28.650890350341797,28.696137433902337,28.379404396847377,28.524197135519813,2120200
2023-10-06,28.931428909301758,29.09884520620906,28.261761995606776,28.442753799768994,2092000
2023-10-09,29.130516052246094,29.221013672748242,28.668990270144487,28.668990270144487,1499000
2023-10-10,28.913331985473633,29.347710257340616,28.83188584374035,28.99477812720692,2868100
2023-10-11,29.80018424987793,29.845431333477972,29.085268591751234,29.157666687216256,3210700
2023-10-12,29.555849075317383,29.849960328951166,29.37033497671032,29.610147652830744,2230600
2023-10-13,29.447254180908203,29.736839678332245,29.275310418472316,29.655393541423518,1642600
2023-10-16,29.58299446105957,29.736838693293908,29.27078715669424,29.546798864179127,1903600
2023-10-17,29.610143661499023,29.926876690636984,29.41557810013396,29.465350926445797,2316200
2023-10-18,29.139568328857422,29.51512569680835,29.049070705906477,29.483452391808353,1892000
2023-10-19,28.560396194458008,29.329608744236833,28.528722888825854,29.067170810638178,4070500
2023-10-20,28.225561141967773,28.840931127913677,28.216511380284388,28.678038869743816,3200500
2023-10-23,27.691638946533203,28.126017177004037,27.542320458896924,27.926927586221318,4009300
2023-10-24,28.153165817260742,28.18936313926936,27.736885394735133,27.745935156753692,2915700
2023-10-25,27.438251495361328,28.071721059140916,27.41110393404252,27.899779024503765,3324800
2023-10-26,26.288957595825195,26.91337739814299,25.78218297962959,26.696188276916303,7448500
2023-10-27,26.062715530395508,26.506145207256843,25.926972561958493,26.442796877658445,3665000
2023-10-30,26.488052368164062,26.813835229403598,26.148693998409517,26.5875963162339,4295600
2023-10-31,26.868127822875977,26.940524189911706,26.45184741787138,26.59664015194284,2888800
2023-11-01,26.922426223754883,27.017446137347672,26.551394605479143,26.877179139015162,2114300
2023-11-02,27.85452651977539,27.99026947816072,27.329652481570854,27.329652481570854,2661500
2023-11-03,28.931428909301758,29.20291661554508,28.225564670413792,28.225564670413792,4023400
2023-11-06,28.931427001953125,28.949674930067342,28.58472506887405,28.867560993771573,3656200
2023-11-07,28.50261116027832,29.022664930511446,28.45699308016665,29.022664930511446,2732400
2023-11-08,28.7307071685791,28.86300204700393,28.548233094403304,28.657717190865114,2412700
2023-11-09,28.475236892700195,28.91317843024325,28.352067738629717,28.85843465041408,2517400
2023-11-10,28.90406036376953,28.95424130207485,28.411376686101033,28.685090420434115,2193100
2023-11-13,28.74895477294922,28.844753791324525,28.498051836158425,28.666840831422295,2099700
2023-11-14,30.509838104248047,30.60563712237635,29.57009237175806,29.688702171532608,4205400
2023-11-15,30.327363967895508,30.774426025887415,30.167695466747695,30.509836288459148,2743200
2023-11-16,30.601076126098633,30.783551928272946,30.336486386967703,30.46421840435879,3347600
2023-11-17,30.591947555541992,30.984269275306765,30.482463476669718,30.911281049537287,5102600
2023-11-20,30.5645751953125,30.70143289433153,30.263489649644985,30.509831419617715,2050000
2023-11-21,30.254371643066406,30.532646450861886,30.181383412405285,30.418599512599354,2936600
2023-11-22,30.44597053527832,30.674064418330467,30.31823851763895,30.610198409510783,1699600
2023-11-24,30.436845779418945,30.46421592936872,30.217874138512293,30.336483922354905,691500
2023-11-27,30.464221954345703,30.637575552808542,30.29087183631971,30.464221954345703,3405000
2023-11-28,30.372983932495117,30.514401033836933,30.217878273868955,30.363858227638886,2192100
2023-11-29,30.071897506713867,30.765304878693225,30.06277528254101,30.664943010609115,2840300
2023-11-30,30.436845779418945,30.49158607931849,29.862048267420622,30.01715390482037,4242400
2023-12-01,31.048137664794922,31.093759224898562,30.336485876763863,30.509835971673986,3734300
2023-12-04,30.82916831970215,30.86566417422484,30.28174094317054,30.801794688592004,3067200
2023-12-05,30.372983932495117,30.64669591075916,30.071898320099024,30.64669591075916,2965300
2023-12-06,30.071897506713867,30.596514147784813,30.04452735375876,30.455097050268044,3145500
2023-12-07,29.88029670715332,30.144886429330516,29.570088907464662,30.01715442012393,3537300
2023-12-08,30.18138313293457,30.195068208529538,29.675014453302854,29.825553765283818,2522200
2023-12-11,30.363855361938477,30.42316199659677,30.053647554399795,30.053647554399795,2512900
2023-12-12,30.601076126098633,30.696875139141948,30.11751472827124,30.34560861088002,2317000
2023-12-13,31.796287536621094,31.978763348512125,30.555459672722662,30.765305638244527,3778600
2023-12-14,32.197731018066406,32.5581197446502,32.0699990097453,32.38020680728349,4404400
2023-12-15,31.21236228942871,32.02437585652892,30.93408750783558,31.86014800245966,6838300
2023-12-18,31.26711082458496,31.57731865386245,31.175871180423023,31.376594917142736,3892400
2023-12-19,31.540821075439453,31.622935010487073,31.30360497443321,31.440459212554995,2776600
2023-12-20,30.993396759033203,31.75066661201449,30.97514883143366,31.431336580113282,3243700
2023-12-21,31.221494674682617,31.248864829406564,30.610201202499223,31.23061689944501,3154600
2023-12-22,31.230613708496094,31.5043256690797,31.16218484824109,31.367471429006102,2345900
2023-12-26,31.543378829956055,31.626169988662273,31.193815769958615,31.249011045476358,1520300
2023-12-27,31.65376853942871,31.75495813183512,31.45138935461589,31.561779914954386,1914000
2023-12-28,31.920541763305664,31.92973922247127,31.570978659611786,31.690566683612023,1661700
2023-12-29,31.377798080444336,31.782552927043707,31.359399654352412,31.68136333810862,2970000
2024-01-02,31.846948623657227,32.04013036100627,31.322605713298305,31.53418236930793,2504400
2024-01-03,31.34100341796875,31.612375835358417,31.18462204897294,31.570978496474034,2459300
2024-01-04,31.258216857910156,31.442197649667918,31.06503860567829,31.23981842782021,2608800
2024-01-05,31.147823333740234,31.451388594481646,30.853455531567533,31.17541921858736,2277000
2024-01-08,31.48818588256836,31.593975957847256,31.07423005843079,31.07423005843079,2786000
2024-01-09,31.184619903564453,31.26741106649622,31.000639151589308,31.212215788161384,2467800
2024-01-10,31.4329891204834,31.47438645551524,31.226012972746833,31.377797352628786,2747100
2024-01-11,31.147823333740234,31.400793799501244,31.01443737507745,31.24901292370104,2540100
2024-01-12,31.092626571655273,31.51577982844971,30.991436986521638,31.442189635987596,2370700
2024-01-16,30.853458404541016,31.101831918715906,30.697073521182904,30.96384546334941,2488800
2024-01-17,30.457901000976562,30.90405323000681,30.09914042769407,30.540692172437243,3802500
2024-01-18,30.4027042388916,30.559089114777304,30.177329647760466,30.3843058117791,2068200
2024-01-19,30.982240676879883,31.442190801525797,30.72466973000328,30.779861499110574,8899000
2024-01-22,31.44218635559082,31.584769751144606,31.143218115016985,31.184615445134824,3703700
2024-01-23,31.028236389160156,31.690565721494895,30.82126022737611,31.524983388411208,3312700
2024-01-24,30.467098236083984,31.442193858425647,30.40270549310439,31.30420740396005,3356300
2024-01-25,30.595884323120117,30.871857237472987,30.42570500296274,30.871857237472987,3065000
2024-01-26,30.586681365966797,30.646473615120875,30.283112618398214,30.632675673711528,2685800
2024-01-29,30.651077270507812,30.798261176006463,30.384305345184913,30.568286104343503,2970600
2024-01-30,30.430301666259766,30.73386692113217,30.35670796256892,30.485493434886966,4005700
2024-01-31,30.292314529418945,30.963841269012658,30.232522278401586,30.66027602112494,4556200
2024-02-01,30.77066993713379,30.77066993713379,29.855369996251625,30.172733256856848,4823300
2024-02-02,30.37510871887207,30.572887426288645,29.965753360823538,30.36590775063435,3369400
2024-02-05,29.639190673828125,29.98875028347672,29.538001072930392,29.98875028347672,2836000
2024-02-06,30.099136352539062,30.117534778055045,29.58399096551413,29.66678212576562,3094000
2024-02-07,29.951953887939453,30.2555191505981,29.740377248112875,30.2555191505981,2403000
2024-02-08,30.07154083251953,30.14973502831807,29.77257602951938,29.887563571947535,2090900
2024-02-09,30.42110252380371,30.44869840977289,29.933556489595418,30.00714668856028,3026600
2024-02-12,30.264720916748047,30.632678926924065,30.209525636108143,30.503893447905405,2836600
2024-02-13,29.675981521606445,29.813967967415525,29.413811836452613,29.59319035594922,4086100
2024-02-14,29.74037742614746,30.135931314006076,29.482802964221907,29.850764476034957,5885200
2024-02-15,30.22792625427246,30.42570497114311,29.910559508583393,30.03474802174058,3114500
2024-02-16,30.08074188232422,30.26931962766253,29.786374053643943,29.970354823854446,2607000
2024-02-20,30.145132064819336,30.310714393029105,29.8590423248126,29.979549736609567,2749500
2024-02-21,30.540691375732422,30.73386960105418,30.071540246646727,30.310716295356634,3451400
2024-02-22,30.467098236083984,30.715471748637277,30.38430706523289,30.68787586140068,2753600
2024-02-23,30.61427879333496,30.807460510234424,30.296915597486194,30.476295863139256,4057000
2024-02-26,30.641878128051758,30.908646529576014,30.430301494843803,30.56828442477547,4209700
2024-02-27,30.844253540039062,31.26280982841263,30.651075334239362,30.954644094045364,4417800
2024-02-28,30.95464515686035,31.16162131173206,30.7062716655297,30.715469124108907,3374300
2024-02-29,31.34100341796875,31.400795675089288,31.0696345097203,31.193819508091018,5748700
2024-03-01,31.773351669311523,31.856142822255045,30.945440139876325,31.18461614133118,3719300
2024-03-04,32.573673248291016,32.601269137556045,31.61697598349882,31.828552655861053,3576200
2024-03-05,32.07692337036133,32.638063130426794,31.957338854617834,32.417289017407064,2744800
2024-03-06,32.1229133605957,32.279298219645796,31.957334552690877,32.224102944250326,2161700
2024-03-07,31.837751388549805,32.3252974467386,31.685966989971337,32.251707244154126,3415900
2024-03-08,32.30690002441406,32.33449942174097,31.64457414397246,31.690568460662075,2938700
2024-03-11,32.29769515991211,32.44487904505922,32.04012423818983,32.27929673562615,2494700
2024-03-12,32.380489349365234,32.527673248306584,32.095319009917205,32.26090133486884,2989100
2024-03-13,32.39889144897461,32.5736712521786,32.2425065647257,32.29770184901496,2910600
2024-03-14,32.07692337036133,32.33449784773935,31.7089653456147,32.23330825046312,3280800
2024-03-15,32.15971374511719,32.25170588088596,31.672167707536786,31.672167707536786,5648800
2024-03-18,31.846948623657227,32.15971487800652,31.777955396685517,31.994132536930938,2871300
2024-03-19,31.911344528198242,32.012534136563865,31.653773531734203,31.920545497581465,3372300
2024-03-20,32.0493278503418,32.24250607873041,31.718163167880583,31.86534708129209,2258100
2024-03-21,32.28849411010742,32.40808211308814,31.96653045878312,32.09531591931284,4046800
2024-03-22,31.819355010986328,32.29770364060377,31.77336069276459,32.1689181459263,3603100
2024-03-25,31.626169204711914,32.076918328274175,31.62156872124761,31.966531289115764,3078600
2024-03-26,31.524982452392578,31.764154976889262,31.460589714676512,31.598572648721937,2419200
2024-03-27,32.368988037109375,32.41072285454778,31.72902586533429,31.784675826633773,2749000
2024-03-28,33.027496337890625,33.078507917408764,32.55448051654936,32.62868046422965,3743700
2024-04-01,32.52665710449219,33.11096930570023,32.415360721706726,33.01821937167217,2928100
2024-04-02,32.266963958740234,32.47100673493456,32.20204077476274,32.34116036697958,2806000
2024-04-03,32.2205924987793,32.378262086070094,32.025819398295816,32.20204251120714,1642900
2024-04-04,31.90525245666504,32.58231113850197,31.8403292637525,32.56376114937715,2197700
2024-04-05,32.248409271240234,32.35043241348933,31.664097162571217,31.784670288688115,1788800
2024-04-08,32.77708435058594,32.814184332948116,32.24842198509657,32.359718394134056,2161600
2024-04-09,32.99039840698242,33.06459835925755,32.62404410323301,32.925475217765914,2634200
2024-04-10,32.341163635253906,32.4617367911317,32.09074409829935,32.248417231070086,3060200
2024-04-11,32.100013732910156,32.55633344081987,31.789309456040876,32.55447596575375,3044800
2024-04-12,31.46005630493164,31.94234535454641,31.399771500497895,31.933072130036706,3204600
2024-04-15,31.12616729736328,31.696564365655604,30.917482595412594,31.68265275980188,2587100
2024-04-16,30.643877029418945,30.99168131415284,30.606777056582445,30.977769708851184,1844600
2024-04-17,30.671703338623047,30.903572885203534,30.504756982041215,30.699526552037185,1788600
2024-04-18,30.97776985168457,31.038054654285745,30.606777197705245,30.801546748922718,2051700
2024-04-19,31.13544273376465,31.3116623171775,30.99631958924761,31.126169508552827,2241200
2024-04-22,31.330211639404297,31.460058017899765,31.00095731163409,31.274565213219645,3521800
2024-04-23,31.654830932617188,31.74757733439741,31.33021145028952,31.376588189228073,2663000
2024-04-24,31.82177734375,31.956262103208196,31.23746510494333,31.487884635860475,1985900
2024-04-25,31.979446411132812,32.02581961134752,31.4229609324595,31.617730496190322,2653500
2024-04-26,32.20204162597656,32.71679226829634,32.05364526752706,32.16494165185212,3782600
2024-04-29,32.07219696044922,32.59158247362348,31.965535413680385,32.50810929642784,2606900
2024-04-30,31.71975326538086,32.14175398155437,31.627003328055444,31.756853240311024,4365500
2024-05-01,31.608457565307617,32.10465824212103,31.051968543410883,32.01654668425982,4336700
2024-05-02,31.99799919128418,32.06106844734345,31.58991004051316,31.914526008393665,3783200
2024-05-03,31.895971298217773,32.56375666250426,31.793948141113095,32.39681032143264,7163600
2024-05-06,32.276241302490234,32.36899124718751,31.858875396474044,32.12784492902321,6979600
2024-05-07,32.44318771362305,32.563760872886284,32.341164543327125,32.49883768052499,2392500
2024-05-08,32.183494567871094,32.494198918831295,32.17421780447159,32.350440928576276,2033500
2024-05-09,32.44318771362305,32.48028769155768,31.960898614618728,32.25769136199852,2143100
2024-05-10,32.2576904296875,32.600859908591616,32.22986721606499,32.53593671810674,1841600
2024-05-13,32.2298698425293,32.51275099757238,32.14175827481295,32.331893018190584,3943500
2024-05-14,32.44318771362305,32.57303409834563,32.058283403160665,32.47101092804971,2362200
2024-05-15,33.06460189819336,33.14807508441286,32.767809133423754,32.95330195786813,3114300
2024-05-16,32.6565055847168,33.20371784768067,32.628682371734236,33.10169468268001,2680600
2024-05-17,32.87909698486328,33.06922814188618,32.508104356360576,32.786347058713645,3208900
2024-05-20,32.86054992675781,33.05068110071706,32.749253543512204,32.86054992675781,1446600
2024-05-21,32.628684997558594,32.97648934002429,32.61013500806124,32.79563136498602,1377700
2024-05-22,32.44318771362305,32.97648839777533,32.341164543327125,32.563760872886284,1756400
2024-05-23,32.01654815673828,32.535937226786196,32.00727139335339,32.43391405784387,1840500
2024-05-24,31.979446411132812,32.16494275004005,31.914523223222538,32.08146957443421,1216200
2024-05-28,31.599184036254883,32.248419525887215,31.566722438675708,32.183496330728865,2028700
2024-05-29,31.330211639404297,31.367311615559704,31.08906887049107,31.191092035894208,2122900
2024-05-30,31.562084197998047,31.640922539370756,31.441514571049293,31.524987756347784,2706800
2024-05-31,32.266963958740234,32.304063931883995,31.562078621201504,31.756851711182154,3823900
2024-06-03,32.183494567871094,32.378264142677615,31.970175004314154,32.24841775947327,1555700
2024-06-04,32.41536331176758,32.62404448842044,32.1371205635476,32.14639378866725,3432900
2024-06-05,32.21131896972656,32.415365315456555,31.988726172610864,32.35044212146041,1472900
2024-06-06,32.331886291503906,32.37825948768863,31.94234365984642,32.02581682819816,1413800
2024-06-07,32.471012115478516,32.66578523773365,31.895976588657838,32.090746172864215,3912100
2024-06-10,32.74925231933594,32.8095371209138,32.22986332019094,32.415359644031874,3438100
2024-06-11,32.55447769165039,32.739974006706525,32.452458079515054,32.665777603512836,3338300
2024-06-12,32.50811004638672,33.33356507433766,32.471010069433106,33.212995456311226,2846600
2024-06-13,32.489559173583984,32.6472323023209,32.202043205140654,32.60085910141538,3664400
2024-06-14,32.92547607421875,32.94402606277005,32.266967401866026,32.41536377222789,4783000
2024-06-17,32.93475341796875,33.004314999222686,32.52666423295412,32.60086419643805,2368800
2024-06-18,33.138790130615234,33.19444008702481,32.97648218031392,33.0460437413139,3164500
2024-06-20,33.008941650390625,33.13878800229236,32.73533380484249,33.13878800229236,5270000
2024-06-21,32.85127258300781,33.28718842190816,32.74925296403265,33.259365211101134,5253800
2024-06-24,33.25008773803711,33.54224559745834,32.78634869824274,32.86054864287292,3184500
2024-06-25,32.96257400512695,33.315013151577915,32.804900881252934,33.25936672742689,1876500
2024-06-26,32.56375503540039,32.97184410538006,32.522016683193925,32.74925135377224,2838000
2024-06-27,33.04057312011719,33.049920892394205,32.535707821379916,32.61050426555911,2787500
2024-06-28,33.55478286743164,33.57348197662424,32.8909805403013,33.23690514413831,4817600
2024-07-01,33.45195007324219,33.657636772574094,33.124724475661,33.58284031227466,4020000
2024-07-02,33.70437240600586,33.816563495441706,33.3584477997926,33.564134435833665,4133500
2024-07-03,33.6669807434082,33.88201875922983,33.564140971851884,33.723078082295295,1773400
2024-07-05,33.695030212402344,33.956810653250756,33.41455065913747,33.648284214606704,2567200
2024-07-08,33.7791748046875,33.97551013747238,33.59218724496765,33.704378354203136,2862600
2024-07-09,33.751121520996094,33.952132506695406,33.49869243801628,33.751121520996094,2296400
2024-07-10,33.5080451965332,33.94746545542539,33.31170985100357,33.94746545542539,2358600
2024-07-11,33.13406753540039,34.14379820682184,33.07329809492246,33.816569089309624,6060600
2024-07-12,33.06861877441406,33.31170364247121,32.94707990687612,33.246258539492125,5214600
2024-07-15,32.98447799682617,33.42857388928877,32.85358777723416,33.171465553310895,3507800
2024-07-16,33.49869155883789,33.56413666255812,32.86293606570655,33.03122449427018,3203400
2024-07-17,33.42390060424805,33.60621250404282,33.15276880632562,33.43324837781826,3158200
2024-07-18,33.58283615112305,33.938112160541074,33.152767257164484,33.30235659273664,3179600
2024-07-19,33.58283615112305,33.93343649072882,33.52674237934042,33.769823712211014,2946700
2024-07-22,33.9381103515625,34.05965279476485,33.59218570020754,33.62023258460389,2476900
2024-07-23,34.115753173828125,34.51309952635458,33.82592226540739,34.078354946969085,3914000
2024-07-24,33.62958526611328,34.40557881947828,33.57348792859046,34.40557881947828,3941900
2024-07-25,31.039813995361328,32.376770093733306,30.689213694735617,31.310945750469646,12325700
2024-07-26,31.853208541870117,32.124340321217595,31.067863655599115,31.3483432078764,7097600
2024-07-29,32.049537658691406,32.264572059300455,31.656867074924534,31.83450325808236,3764800
2024-07-30,32.713356018066406,32.80217236028953,31.98410476547076,32.17109235758481,4679000
2024-07-31,32.97513198852539,33.40987656485825,32.67595330873624,32.79749576192908,5831800
2024-08-01,33.21820831298828,33.42389496172204,32.83488546447851,33.27430564441312,4152500
2024-08-02,33.27430725097656,33.769821219769966,33.01719892764556,33.30235413479783,4597300
2024-08-05,32.414161682128906,33.19483432153457,32.37676703079939,32.65724653146767,3343400
2024-08-06,33.27430725097656,33.713727452127436,32.432865071430385,32.442216410364686,3353600
2024-08-07,32.92838668823242,33.79787585937422,32.86761367709902,33.33975649006105,3599000
2024-08-08,33.1434211730957,33.24626451525977,32.778797371962206,32.95643360247842,2953400
2024-08-09,33.3677978515625,33.49869162575509,33.03122456025357,33.32105185831048,2671600
2024-08-12,32.95643615722656,33.25374602524115,32.736726012206404,33.143423742338925,2001200
2024-08-13,32.97513198852539,33.227564668314585,32.890987761929,33.18081866831463,3132500
2024-08-14,32.83488845825195,33.19951222953194,32.80684157322764,33.021876013559655,2691000
2024-08-15,32.96577453613281,33.15276206795269,32.5824517008228,32.81618522397502,2957200
2024-08-16,32.98447799682617,33.06862221891975,32.66192811754329,32.91903288703016,2873600
2024-08-19,33.31170654296875,33.37715165164624,33.00317654506837,33.1901640983573,1883500
2024-08-20,33.358455657958984,33.47532244387771,33.24626454209457,33.358455657958984,1722500
2024-08-21,33.64828109741211,33.6716523108993,33.27430601671018,33.51738732262295,1660300
2024-08-22,33.60153579711914,33.7230782487288,33.42389957283668,33.704379135674145,1807400
2024-08-23,33.797874450683594,33.919413334902146,33.512719220071176,33.648285113845205,2181500
2024-08-26,33.49869155883789,33.940915002471996,33.31170401971267,33.835264849474484,2159700
2024-08-27,34.022254943847656,34.07835227974562,33.20886318902728,33.339753406298264,2603300
2024-08-28,34.07835388183594,34.27001354713849,33.89136631987633,34.02225654330073,2001200
2024-08-29,33.863319396972656,34.11575207036953,33.78852294567383,34.11575207036953,1821000
2024-08-30,34.44297790527344,34.48972390446519,33.970835110507174,34.08770189173211,2477800
2024-09-03,34.84500503540039,35.00861783984552,34.284042263242114,34.284042263242114,3287500
2024-09-04,34.798255920410156,35.340515961909276,34.57387011829551,35.02263815603347,2726900
2024-09-05,34.85435104370117,35.24702532096158,34.77488248078243,35.050689965577114,2657200
2024-09-06,33.61088562011719,34.52712071950079,33.17614106906615,34.49907383443007,4828800
2024-09-09,33.3677978515625,33.60153138431327,33.190161650608566,33.470641176611345,4161100
2024-09-10,33.74177551269531,33.77917373675515,33.260284969020525,33.479995077258366,2623600
2024-09-11,33.65763473510742,33.70438073671903,32.92371145368209,33.31171004339194,3991800
2024-09-12,33.91941452026367,33.98485963451184,33.42390049338716,33.582837608992364,4151000
2024-09-13,34.611270904541016,34.63931779444406,34.05498381151993,34.17185060810476,2814100
2024-09-16,34.377532958984375,34.816953199787584,34.26066617719553,34.70475852139667,3731000
2024-09-17,33.760475158691406,34.39623071180011,33.69503004879707,34.38687937239177,3688100
2024-09-18,33.526737213134766,34.2419612250816,33.46129211181221,33.80721672830149,3282400
2024-09-19,33.695030212402344,33.947462880288036,33.545440879561674,33.77917443503091,4739700
2024-09-20,33.695030212402344,33.74177621019799,33.18081710366824,33.498694881766035,8099400
2024-09-23,34.12510299682617,34.35883657899622,33.797877408384686,33.97551364689701,14090600
2024-09-24,33.236907958984375,33.88855930849401,32.54505869271737,33.077970867122474,8762900
2024-09-25,33.26496124267578,33.74177612537836,33.09667279784169,33.3771523504015,4998000
2024-09-26,32.991676330566406,33.56651048260887,32.91157743260126,33.23668937641096,3744100
2024-09-27,32.98225402832031,33.37803935116556,32.925711727293674,33.34034807859488,4452500
2024-09-30,33.22726058959961,33.27438096708464,32.74195089765663,32.78435851843713,5196300
2024-10-01,32.690128326416016,33.40631651740071,32.64301153366775,33.396891001982546,3259500
2024-10-02,32.39799880981445,32.643008264435984,32.23308825432107,32.3320345876171,2596800
2024-10-03,32.18125534057617,32.48280706613732,32.02105396430799,32.44511220174714,2108600
2024-10-04,32.54876708984375,32.63357872640965,31.92681628662035,32.07759212998422,3808800
2024-10-07,32.03990936279297,32.357483102331415,31.889133462524008,32.3037662895684,3082300
2024-10-08,31.276599884033203,32.20952810527783,31.16351887365766,32.15298580269981,5158600
2024-10-09,31.35198974609375,31.53103497946891,31.144671563926337,31.210635786474057,3268600
2024-10-10,31.606420516967773,32.134134227231726,31.27188669141686,31.314290716800198,4261600
2024-10-11,31.804319381713867,31.922113157201697,31.483920168595745,31.766624510810384,2086600
2024-10-14,31.813737869262695,31.97865201297558,31.521611638233754,31.67238751079783,2187900
2024-10-15,31.531030654907227,32.08701730782622,31.474491954638193,31.97393631250813,3665100
2024-10-16,32.26607131958008,32.303762594249946,31.493340874967817,31.540461259171213,2837300
2024-10-17,32.200103759765625,32.30376285419826,32.039905955482915,32.19068183971749,2591300
2024-10-18,32.162410736083984,32.40742018660097,32.06817356682326,32.34145596550869,2284600
2024-10-21,31.76662254333496,32.143564039462326,31.63469409812454,32.030483028536324,3217300
2024-10-22,32.05875015258789,32.24722088754168,31.78546776664391,31.83258455168729,1660500
2024-10-23,32.7089729309082,32.859748811518735,32.068174539618305,32.15298619713551,2812800
2024-10-24,32.341453552246094,32.83147601149591,32.299049525328215,32.83147601149591,3062900
2024-10-25,31.6629638671875,32.558197236138994,31.6629638671875,32.50165852732517,3035600
2024-10-28,31.625268936157227,32.0012649664599,31.48391499090591,31.86085644838932,3969300
2024-10-29,31.29545021057129,31.747777888658383,31.229485982190724,31.483920975136122,2830700
2024-10-30,31.314294815063477,31.549882350772453,30.73946065276869,31.267178026877783,5985300
2024-10-31,29.599218368530273,30.63109294359715,29.589794651247665,30.24001676462525,7337800
2024-11-01,29.589794158935547,29.985581291268534,29.222278177980005,29.665182098551817,3993100
2024-11-04,29.95730972290039,29.9667316419395,29.420168670774746,29.55209890339391,4548100
2024-11-05,30.40021324157715,30.409638755839328,29.759416670795005,29.834804608380562,3404800
2024-11-06,31.43680191040039,31.587577792197827,30.494451750471267,30.767734159598053,6394700
2024-11-07,31.3802547454834,31.634689680622728,31.026873490253227,31.389680258699684,4906100
2024-11-08,31.757198333740234,31.983360339284896,31.380256864792116,31.474494029419276,3474200
2024-11-11,31.87969970703125,32.218942660616236,31.6629560607474,31.73834578028608,2770300
2024-11-12,31.502763748168945,32.12471466282784,31.483916315024093,31.813737408108242,3236900
2024-11-13,31.955093383789062,32.143564132397664,31.76662263518046,31.842012372536114,3205100
2024-11-14,31.606420516967773,31.922106910754966,31.549878221676618,31.86085545360791,2838700
2024-11-15,31.84200668334961,31.889123463388305,31.4603524970424,31.512182033518936,2710200
2024-11-18,32.18125534057617,32.19539001602745,31.568726375966268,31.804313886234674,2195300
2024-11-19,32.068172454833984,32.204813649438556,31.681809061213585,32.02105566922766,1987700
2024-11-20,31.757198333740234,32.10586685591007,31.60642246511704,31.889126769437997,3086600
2024-11-21,31.870277404785156,31.9739364822019,31.57814760431798,31.813735109436013,2912100
2024-11-22,31.926822662353516,32.12471532226623,31.813738061163065,31.973939448792677,2127600
2024-11-25,31.889127731323242,32.299051321560505,31.747773777508915,32.03048168513757,8702000
2024-11-26,32.19068145751953,32.34145733996395,31.78075784207035,31.936246481873205,2538800
2024-11-27,32.6147346496582,32.713680970027504,32.350877795340075,32.49222814096192,1993000
2024-11-29,32.27549362182617,32.859749726106045,32.27549362182617,32.614740261337275,2162200
2024-12-02,31.945669174194336,32.29905045446294,31.77415861243799,32.24722091244112,2359500
2024-12-03,31.653539657592773,32.058750483756164,31.606422872062677,31.96451331791566,2588400
2024-12-04,31.983362197875977,32.03990449993802,31.531034565721097,31.68181044310606,2840900
2024-12-05,31.64411735534668,31.84201000904578,31.427373673927356,31.672386707366474,3290400
2024-12-06,31.559314727783203,31.761920196340267,31.4273826594822,31.719512561405335,1876200
2024-12-09,31.738351821899414,31.804316041662656,31.380257775484413,31.521611729137284,2360800
2024-12-10,31.389680862426758,31.917394579727613,31.361407917014148,31.879703310477616,3129400
2024-12-11,31.37083625793457,31.634693140367002,31.182365515576944,31.465069831723177,3006800
2024-12-12,31.267175674438477,31.578149328891826,31.172942105156913,31.172942105156913,3151700
2024-12-13,31.163515090942383,31.455644893298548,31.022161149045512,31.238904818562062,1687800
2024-12-16,31.22005844116211,31.69123347035957,31.031587710527088,31.097551927032317,1961700
2024-12-17,30.532146453857422,30.984474096794056,30.514240851893906,30.77715591240539,3196700
2024-12-18,29.787687301635742,30.814849056684572,29.778263584928208,30.447333092041656,5974500
2024-12-19,29.89134407043457,30.55570080893726,29.754704674028737,29.797110499779553,5965300
2024-12-20,30.28713035583496,30.654646304101675,29.891343258705383,29.900766974993005,10158100
2024-12-23,30.371944427490234,30.428486729725755,30.04212152067733,30.164626247407142,2181200
2024-12-24,30.739458084106445,30.739458084106445,30.2211662678125,30.277708565778827,1061800
2024-12-26,30.701431274414062,30.90109904390387,30.44471401634469,30.587332297254928,1268000
2024-12-27,30.520776748657227,30.796510506303726,30.38766490069708,30.49225381753029,1578100
2024-12-30,30.26405906677246,30.378156223395987,29.988327142994184,30.302092056817898,1799000
2024-12-31,30.39716911315918,30.5302827569591,30.09291246478109,30.5302827569591,2905800
2025-01-02,29.883737564086914,30.411433501306803,29.855212822192172,30.37815554251931,2349000
2025-01-03,30.359140396118164,30.4066798212078,29.826691218360402,29.940786563980655,1919500
2025-01-06,29.655546188354492,30.425696113442417,29.62702144538353,30.35914019335631,2449600
2025-01-07,29.436859130859375,29.955046822932616,29.26571611931854,29.90275418284424,3226800
2025-01-08,29.161128997802734,29.398829755263304,28.8758888142552,29.398829755263304,3209700
2025-01-10,28.790315628051758,29.170636467135022,28.647693726571823,28.647693726571823,3806000
2025-01-13,29.4178466796875,29.436861362291594,28.695236148858232,28.837856242709808,3319800
2025-01-14,29.408336639404297,29.646037385841755,29.313255978126758,29.417844886883326,3243200
2025-01-15,28.999492645263672,30.1547184809675,28.961459653275508,30.140457015728376,3880600
2025-01-16,29.55095672607422,29.588989715992287,28.83785448672541,29.04703049073646,5424900
2025-01-17,29.779150009155273,29.85996920810282,29.48440158358036,29.512926326769993,3682100
2025-01-21,29.66505241394043,29.931276076138143,29.36079395019454,29.608002931887192,2783100
2025-01-22,29.227684020996094,29.531940691027852,29.142111605860563,29.4748930187751,2629500
2025-01-23,29.018508911132812,29.32276559057379,28.795069618756465,29.32276559057379,4120300
2025-01-24,29.009000778198242,29.28948774570336,28.837855941956086,28.98998428227959,2719600
2025-01-27,29.522432327270508,29.772493979705423,29.0755555716083,29.0755555716083,3822600
2025-01-28,29.560466766357422,29.802920744494912,29.42450226482853,29.54145027024506,3028600
2025-01-29,29.161128997802734,29.646038760643833,29.056540084195973,29.512926916790033,2318600
2025-01-30,29.465383529663086,29.768689906206518,29.165880089307898,29.465383529663086,2734900
2025-01-31,29.61751365661621,29.869477689648264,29.34178172434265,29.34178172434265,3410000
2025-02-03,29.522432327270508,29.7506266424095,29.094572066788682,29.398828735623614,2333800
2025-02-04,29.760135650634766,29.902757563311134,29.19916168888077,29.33227535314452,2387500
2025-02-05,29.969310760498047,30.088161134567112,29.79816593167655,30.0073419371735,2099000
2025-02-06,30.05488395690918,30.19750404680034,29.855214380251287,30.10242338236862,1511200
2025-02-07,30.06439208984375,30.197503931431907,29.79341156251913,30.1214397628797,1476000
2025-02-10,30.11193084716797,30.207011509127323,29.81718242725548,30.168978518938466,1006700
2025-02-11,30.007343292236328,30.007343292236328,29.617514192767036,29.807675525269904,3216100
2025-02-12,29.959802627563477,30.135700674075014,29.5509570490398,29.56046529662323,2326600
2025-02-13,30.26405906677246,30.435202081438575,29.959802400460106,29.99783357699276,1657700
2025-02-14,29.883737564086914,30.52077381145479,29.874229316788668,30.387661976304816,2332400
2025-02-18,30.330615997314453,30.349632492971338,29.774397100696856,29.8647227347978,2510500
2025-02-19,30.18799591064453,30.40192695302883,30.05012903738433,30.216520654133383,2231000
2025-02-20,30.653892517089844,30.720448441707052,30.14045798973493,30.168980921134914,1836300
2025-02-21,30.32110595703125,30.710935027388164,29.945540164330236,30.615856181750075,3260600
2025-02-24,30.216520309448242,30.520775168961123,30.185142910617145,30.36864864596109,2091500
2025-02-25,30.520776748657227,30.787004071603356,30.23553655631036,30.23553655631036,2969700
2025-02-26,30.01685333251953,30.59684379912293,29.983575369371433,30.439960418413627,2840700
2025-02-27,31.680757522583008,31.889935355464278,29.303749883571523,30.083408099005222,6304500
2025-02-28,32.33680725097656,32.978602154115194,31.851899334609538,31.851899334609538,6897500
2025-03-03,32.67909622192383,32.83122454812587,32.09910584483312,32.317793714084864,3309100
2025-03-04,32.22270965576172,33.00236774251296,32.19418672944955,32.85974948392688,3502200
2025-03-05,32.39385986328125,32.488938718175184,31.861408845608068,31.937474831143874,3295800
2025-03-06,32.12763595581055,32.370088122296856,31.633217934170037,32.09910939791008,3672200
2025-03-07,32.50795364379883,32.89778273326903,32.099108058863536,32.15615754525881,3736400
2025-03-10,32.57451248168945,33.23532397044823,32.41763272734767,32.47943362287468,4225500
2025-03-11,32.21320343017578,32.81220664874132,31.8281257873548,32.745650735567374,3699900
2025-03-12,31.471580505371094,32.29878179664479,31.395518145004793,32.05157096464602,2246900
2025-03-13,31.27191162109375,31.80911766369767,31.19109423262218,31.557151809657135,3393400
2025-03-14,31.8328857421875,31.86140867309608,31.18633937673712,31.519122621115706,2861400
2025-03-17,32.14665222167969,32.384352982667195,31.604694776790232,31.766329553289367,2299600
2025-03-18,32.36533737182617,32.450909793203344,32.004031189675224,32.184682467237764,3400900
2025-03-19,32.1846809387207,32.431891756303486,31.93747374816362,32.22271393019893,2327600
2025-03-20,32.36533737182617,32.53648221458052,31.98501469303298,32.327304378541676,3201300
2025-03-21,32.20369338989258,32.707621396124885,32.141892506771505,32.39385469637504,5621900
2025-03-24,32.55549621582031,32.68860805508705,32.23697445525994,32.41287431544847,3289800
2025-03-25,32.39385986328125,32.8283775567387,32.24173151923546,32.584021200094945,2953500
2025-03-26,32.67909622192383,32.71712921023069,32.38434963010916,32.52696789572179,2000000
2025-03-27,32.75580978393555,33.29279159143555,32.65992187375915,32.707865828847346,2453400
2025-03-28,33.053070068359375,33.12977966935595,32.64074544657043,32.97635680947329,2924300
2025-03-31,33.41744613647461,33.65716957693107,33.062656468808086,33.20649199623773,5228100
2025-04-01,33.12977600097656,33.45100450674181,32.81334298783308,33.388677734215285,2798400
2025-04-02,33.20648956298828,33.37909072010051,32.92840951454202,33.168132937432425,3360500
2025-04-03,32.592803955078125,33.29279603488077,32.48252955155705,32.93800267251891,2766900
2025-04-04,31.202404022216797,32.72704525640804,31.106512450887188,32.391430243588545,4671900
2025-04-07,30.147619247436523,31.585958007009637,29.68734886911292,31.32226442718161,5098400
2025-04-08,29.275028228759766,30.838024310354026,28.86270360415199,30.64624481971723,3600600
2025-04-09,30.943500518798828,31.039388426823344,28.162709120361807,28.680510773683714,5029400
2025-04-10,30.339397430419922,31.11610267876143,29.51475005547124,30.636655807464305,3461700
2025-04-11,30.799665451049805,30.85720039144273,29.56269349571609,30.25309631992947,3768200
2025-04-14,31.355825424194336,31.52842658669309,30.924322517947452,30.924322517947452,3485500
2025-04-15,31.614728927612305,31.71061684194238,31.25034826895699,31.51883735539277,4998800
2025-04-16,31.681848526000977,32.103760434498874,31.509247368458844,31.61472626005561,3198100
2025-04-17,32.238006591796875,32.61197456603019,31.67225913752641,31.758559720648663,2561800
2025-04-21,32.02705383300781,32.26677727888994,31.54760694124356,32.055819475989026,2072200
2025-04-22,32.65032958984375,32.7941651072788,32.33389657253145,32.37224954034353,2336900
2025-04-23,32.554443359375,32.90923302065302,32.21882835404554,32.71745354016324,3709800
2025-04-24,32.47772979736328,32.73663154489649,32.27636299080056,32.50649909679318,2393000
2025-04-25,32.39142990112305,32.57362205577832,32.20924140435716,32.57362205577832,2283500
2025-04-28,32.61197280883789,32.66950774711575,32.266774152838146,32.29553979303251,1988700
2025-04-29,32.26677703857422,32.61197572544634,32.142119823434875,32.43937821095501,2837500
2025-04-30,32.78457260131836,32.90922980012103,31.7633521801403,32.324304087918854,3267900
2025-05-01,33.6667594909668,34.06949310232308,32.65992180468679,33.379092103156694,4345400
2025-05-02,34.011962890625,34.32743756278926,33.743470150042604,34.155794760115064,3434600
2025-05-05,33.551692962646484,34.002370524895746,33.427035754501716,33.90648261579316,1822100
2025-05-06,33.46539306640625,33.68593818816863,33.273613586385686,33.53251533573005,1559300
2025-05-07,33.46539306640625,33.80100441302523,33.417445452984104,33.50374603609889,2519200
2025-05-08,33.14896011352539,33.58046307775508,33.005124572818914,33.58046307775508,2970900
2025-05-09,33.340736389160156,33.45100712286101,33.033890679373464,33.177722548273195,1809900
2025-05-12,33.072242736816406,33.78182197092213,32.86128496878498,33.54209856466419,3191500
2025-05-13,32.34348678588867,33.06265712145424,32.2380078847434,33.03389147855625,3457200
2025-05-14,32.094173431396484,32.31471854428727,31.830476199739472,32.14211738500071,3343800
2025-05-15,32.63115310668945,32.63115310668945,32.1133532622453,32.19965384596755,2477200
2025-05-16,33.005123138427734,33.072249070292635,32.57362385084061,32.679102755055986,7336300
2025-05-19,32.98594665527344,33.158547823909856,32.602387689883756,32.774988858520175,2091300
2025-05-20,32.90923309326172,33.024299318653725,32.79416686786971,32.87087646550127,2237000
2025-05-21,32.19965362548828,32.89964561849159,32.16129699789895,32.89005463264959,2504900
2025-05-22,31.739383697509766,32.29554386396705,31.61473013569522,32.266778220146705,3404800
2025-05-23,31.653079986572266,31.854450447124563,31.38459091635486,31.739380567412038,2680100
2025-05-27,32.007877349853516,32.07979511931113,31.64349666705408,31.806506863794272,4678500
2025-05-28,31.83527374267578,32.05581886976979,31.679930494580177,32.00787491307795,4173600
2025-05-29,32.12294387817383,32.13253120717344,31.581170171397172,31.835276455618875,4070600
2025-05-30,32.314720153808594,32.37225143784349,31.854451592082594,31.95993048999906,6013600
2025-06-02,32.28594970703125,32.30992351312043,31.710614939783298,32.16129615745738,2782500
2025-06-03,32.07499694824219,32.27636375960133,31.653081353520857,32.1229409045816,3892700
2025-06-04,31.873626708984375,32.084580825768256,31.66266893431149,31.873626708984375,3168400
2025-06-05,31.585960388183594,31.959932042017837,31.50925078644882,31.864040467487435,2851100
2025-06-06,31.82568359375,32.07499802772865,31.47089391543064,31.96951912549841,3987900
2025-06-09,31.82568359375,32.05581971296956,31.504455051786667,31.74897399260316,3287300
2025-06-10,32.238006591796875,32.242802084717376,31.806503676185617,31.950339200685814,2714400
2025-06-11,31.950342178344727,32.357871325223115,31.75377084495666,32.27636622742537,2209900
2025-06-12,32.34348678588867,32.36266510045049,31.73938267980454,31.950340482095072,2963400
2025-06-13,32.16130065917969,32.84211441589298,31.950342841312008,32.34348917413557,3574600
2025-06-16,32.007877349853516,32.37225437476325,31.90239844236765,32.19006586230838,2430600
2025-06-17,32.15170669555664,32.22362445934318,31.873630284345808,32.0558187824342,3580400
2025-06-18,32.362667083740234,32.58321222788266,32.14212193959781,32.22842253147004,3471200
2025-06-20,32.34348678588867,32.7270457613461,32.24759887096906,32.38184341501231,5272400
2025-06-23,32.62156295776367,32.78457312520441,32.199651061544365,32.362661228985104,2971100
2025-06-24,32.43937683105469,32.76539718958414,32.4249903523937,32.72704422015611,4045700
2025-06-25,31.60513687133789,32.544852299935066,31.576371229590727,32.2188282812063,5981200
2025-06-26,31.84698486328125,31.885681966020414,31.547091542949833,31.76959434816176,3407800
2025-06-27,31.65350914001465,31.99209958886137,31.498724407633418,31.92438149909203,4362000
2025-06-30,31.730899810791016,31.755086424548132,31.12627137045445,31.527745540524123,4107600
2025-07-01,31.7115478515625,32.127532469059815,31.576111685932442,31.77926593437753,4900500
2025-07-02,31.45035171508789,31.788945860050738,30.976325078642752,31.64383355644392,3609200
2025-07-03,31.556766510009766,31.64383315299194,31.277188592589916,31.460027435744742,1808200
2025-07-07,31.256874084472656,31.740576850736094,31.10692371748671,31.56644355965252,2968300
2025-07-08,31.179481506347656,31.38263579315069,30.966651097110518,31.044045315145635,2761000
2025-07-09,31.218175888061523,31.41165772588679,31.092412139921233,31.208499766472748,2603000
2025-07-10,31.32459259033203,31.542257361882328,31.1020897577546,31.131110743198832,2555000
2025-07-11,31.29556655883789,31.464865474220147,30.966648540067613,30.966648540067613,2394800
2025-07-14,31.256874084472656,31.518074021098023,31.16980743893087,31.29556750110071,2457200
2025-07-15,30.82154083251953,31.305243598402487,30.690940864309578,31.19882839945076,4100700
2025-07-16,31.16012954711914,31.179478099513794,30.79735249302718,30.869908641917377,3364800
2025-07-17,31.208499908447266,31.310080733795957,31.019856130558203,31.17947892426714,3141300
2025-07-18,31.18915557861328,31.43584132907601,31.087574751529583,31.22784899472796,2459000
2025-07-21,31.01502227783203,31.47937648426108,30.99083566370543,31.208500429408076,2362700
2025-07-22,31.537418365478516,31.56644304042118,31.019856561704298,31.063391728938708,2943900
2025-07-23,31.421329498291016,31.60513521067357,31.232685725215514,31.518072260354753,2216100
2025-07-24,31.07306480407715,31.392310402545938,31.058554311484798,31.27622277144786,2923800
2025-07-25,30.869909286499023,31.21817585615676,30.763494091285928,31.05371500254767,3960000
2025-07-28,30.2023983001709,30.836049551293474,30.183051592984945,30.773167678695476,3722400
2025-07-29,30.95697593688965,31.000507412928528,30.139518955320796,30.279791350198366,4527300
2025-07-30,30.35718536376953,30.918280509270062,30.12017203719015,30.918280509270062,5228200
2025-07-31,29.650978088378906,30.197562710361623,28.88189064512165,29.002816332142103,7070800
2025-08-01,29.351083755493164,30.066963622068656,29.08988382108357,30.066963622068656,5313000
2025-08-04,29.20597267150879,29.544564966818317,29.14792701276117,29.322060298644903,5081300
2025-08-05,29.467172622680664,29.78641823048655,29.264018339727482,29.293041170940658,3911900
2025-08-06,29.27368927001953,29.583258720182467,29.0318379064323,29.48651780571168,4426000
2025-08-07,29.23499298095703,29.486518627519462,29.16243867696641,29.409126262821754,2773200
2025-08-08,28.97379493713379,29.418800573369772,28.930261616616832,29.312385379843985,2972200
2025-08-11,28.925424575805664,29.11890641718748,28.848032208288856,28.867380761462957,3658900
2025-08-12,29.051189422607422,29.089884685236335,28.751292372629976,28.906077113504942,3074400
2025-08-13,29.544565200805664,29.631629999257505,29.00281678594805,29.157601520141775,4726100
2025-08-14,29.26401710510254,29.341409473226204,29.051188554057358,29.234994275113813,3000900
2025-08-15,29.544565200805664,29.588096677441794,29.20597290281455,29.30271382298052,4870900
2025-08-18,28.97379493713379,29.5929338554376,28.97379493713379,29.496192938157748,3451900
2025-08-19,29.50586700439453,29.636466965015853,29.06569758682468,29.118905183208867,4484000
2025-08-20,29.554237365722656,30.0089191328498,29.51554210511286,29.63162973212181,2901800
2025-08-21,29.58325958251953,29.786415693348026,29.462333897200995,29.515541493969877,2984000
2025-08-22,30.24109649658203,30.29430409491805,29.77674229412516,29.854134661201307,3909100
2025-08-25,29.79608917236328,30.355250549958484,29.646142498209468,30.241096669480047,2860700
2025-08-26,29.68000030517578,29.90734118254123,29.486518471863125,29.863807862304856,3486100
2025-08-27,30.115333557128906,30.226586817650098,29.650979342178125,29.73804598812885,2835700
2025-08-28,29.93152618408203,30.163703278762092,29.757392901777106,30.144354726243872,2483000
2025-08-29,30.270118713378906,30.30881397354383,29.825111227815277,29.931526422333015,3686700
2025-09-02,29.34140968322754,30.14435620019974,29.205973499336686,30.018594293041037,3425800
2025-09-03,29.24466896057129,29.486520344985898,29.13825560615101,29.225320406975012,3467000
2025-09-04,29.36075782775879,29.418801642163636,29.012491250970502,29.380106380953602,5014800
2025-09-05,29.26401710510254,29.709022760518714,29.133417137922677,29.52521703946226,5423800
2025-09-08,29.118907928466797,29.278528887488513,28.906077522864926,29.02216700275501,3903800
2025-09-09,29.30271339416504,29.481682894486326,29.012490637914237,29.08020872748556,2836600
2025-09-10,29.031837463378906,29.41879927017717,28.93509655038448,29.215645013550372,3726800
2025-09-11,29.621957778930664,29.64130448695802,28.993142715961923,29.07053508361013,2803400
2025-09-12,29.225318908691406,29.650977840089315,29.186623648662252,29.592934027455815,4652500
2025-09-15,28.683570861816406,29.312384027352323,28.640037543308104,29.176947856517355,5131600
2025-09-16,28.567485809326172,28.857706728671143,28.485255380231347,28.731944822336217,4659100
2025-09-17,28.67389678955078,29.04151189182574,28.42237115251514,28.461068255988064,6400200
2025-09-18,28.557811737060547,28.896404042172897,28.50944035337043,28.548137460322526,4334800
2025-09-19,28.67389678955078,28.85286812534387,28.32563208419174,28.441719704251604,9721300
2025-09-22,28.72226905822754,28.82868240571408,28.480417689571617,28.683571953556427,4959900
2025-09-23,28.72226905822754,28.838356681881855,28.523951009736862,28.741615765383585,4398100
2025-09-24,28.25791358947754,28.799661994559077,28.233728821167364,28.702921076138836,5066200
2025-09-25,28.238372802734375,28.482649387297272,28.10548665383081,28.414252241808853,4361600
2025-09-26,28.511962890625,28.58036003525523,28.16020401688964,28.345854740659124,4684100
2025-09-29,28.375167846679688,28.551045415187197,28.257914270658983,28.551045415187197,3761900
2025-09-30,28.658527374267578,28.658527374267578,28.272569942930563,28.277456518036388,4282600
2025-10-01,28.345855712890625,28.77578303290405,28.292114564928635,28.629215588032274,3743300
2025-10-02,28.042953491210938,28.355627230604878,27.91592861978059,28.248144933807275,3497300
2025-10-03,27.984325408935547,28.27257185818842,27.959898122798688,28.052722555591743,3691600
2025-10-06,27.57394027709961,28.091807308849294,27.525085705513717,28.091807308849294,5859600
2025-10-07,27.495771408081055,27.832874283195245,27.388290979560985,27.671650844891516,4571700
2025-10-08,27.53485679626465,27.661879799691853,27.3198922099814,27.388291218869433,4990800
2025-10-09,27.358976364135742,27.769361084145075,27.329662504248518,27.622795512073676,4182200
2025-10-10,27.300350189208984,27.495770328461127,27.075614326729628,27.407830613508843,7090800
2025-10-13,27.603254318237305,27.671651464376485,27.183098290602373,27.261266723858935,5102300
2025-10-14,27.857301712036133,27.984324715007492,27.622796416308866,27.622796416308866,6749400
2025-10-15,27.76936149597168,28.096691216329436,27.588597349858926,27.906155783442696,4684600
2025-10-16,27.798675537109375,27.979439684397907,27.573939667210702,27.827987533939602,4389000
2025-10-17,27.86707305908203,27.959897489773496,27.652108473106637,27.915927630249662,4989800
2025-10-20,27.945240020751953,28.19928787755761,27.74004673254332,27.92569744784021,4073700
2025-10-21,28.03318214416504,28.32142859649514,27.847531412914513,27.945242422187555,4045700
2025-10-22,28.228601455688477,28.433794755399884,27.901271727637756,28.150433023341854,3504500
2025-10-23,28.24814224243164,28.375167101759544,27.862184816778708,28.287227387973246,2626300
2025-10-24,28.209060668945312,28.316541098329232,28.130892236810446,28.25791524014869,4100900
2025-10-27,28.218830108642578,28.218830108642578,27.955012814835584,28.199289398359326,4840600
2025-10-28,27.544628143310547,28.1308923178522,27.519222424360247,28.077151171164203,3675200
2025-10-29,26.841110229492188,27.329663394771,26.762941797594873,27.31012268455849,8057000
2025-10-30,27.75959014892578,28.057607871996915,26.75316997757911,26.909508701941043,8331400
2025-10-31,27.505542755126953,27.827987768757097,27.275924035395548,27.632567621404462,7257000
2025-11-03,27.710735321044922,27.71562003253467,27.03653145083516,27.222182170045862,4822200
2025-11-04,27.964784622192383,28.013639194333255,27.466460158889138,27.867073614228175,4057500
2025-11-05,27.73027801513672,28.19929049005816,27.666767442813164,28.101579480129423,3967400
2025-11-06,27.17332649230957,27.798675810280645,27.17332649230957,27.652108369959624,3237900
2025-11-07,27.368749618530273,27.56416977411505,27.21241274858945,27.25149603423341,5508100
2025-11-10,27.398061752319336,27.505542178822477,27.05118759681581,27.261265601988026,4685500
2025-11-11,27.984325408935547,28.003867983318024,27.505543518659714,27.525086093042187,3915200
2025-11-12,28.24814224243164,28.472876238248922,27.984323101072754,28.013636960228958,5173200
2025-11-13,27.613025665283203,28.228601845554287,27.559284517862224,28.228601845554287,5080100
2025-11-14,27.740047454833984,28.013637891675085,27.588597170030372,27.788903888385455,3457700
2025-11-17,27.398061752319336,27.867072332557708,27.35897660545828,27.730276182226397,5504200
2025-11-18,26.909509658813477,27.378520257529615,26.83133936201167,27.30035182441026,7156900
2025-11-19,26.821569442749023,26.953477156957394,26.69454457647682,26.91927858458005,5301100
2025-11-20,27.310123443603516,27.41760387564807,26.91927940957159,26.96813584566682,6194700
2025-11-21,27.544628143310547,27.76936215338541,27.261266411203813,27.349206130569183,5458300
2025-11-24,27.495771408081055,27.67653742018204,27.354092407256996,27.564168552689033,5380200
2025-11-25,27.398061752319336,27.798675189233244,27.388290465604072,27.51531346553774,4576300
2025-11-26,27.290578842163086,27.6374511261042,27.153784558621766,27.2808075556698,3963500
2025-11-28,27.554399490356445,27.676537782665324,27.202640612128487,27.26126647060567,2175500
2025-12-01,27.153785705566406,27.661879578902187,27.144014418660394,27.40783171039309,5665700
2025-12-02,27.261266708374023,27.39806286425714,27.075615980614227,27.290580569709505,5481900
2025-12-03,27.026762008666992,27.388292185099864,26.875309850595485,27.231955315205244,3338000
2025-12-04,26.753170013427734,27.1879838879379,26.694544156514944,27.016989165058877,3566100
2025-12-05,26.518665313720703,26.74828589863531,26.489353316451556,26.68477346508144,3526100
2025-12-08,26.049654006958008,26.469810017341587,26.025226722008764,26.469810017341587,5477000
2025-12-09,25.492704391479492,26.313473860758194,25.424307246320005,26.05942599039265,5464800
2025-12-10,25.873775482177734,25.97734963406103,25.595300323874422,25.61972760968161,5638700
2025-12-11,25.94217300415039,26.230419453693507,25.873775857425326,26.01057201455793,6545100
2025-12-12,25.74675178527832,26.098508791542226,25.5855283486588,26.098508791542226,6207000
2025-12-15,26.28415870666504,26.401412280942818,25.92263042469969,25.92263042469969,9924800
2025-12-16,26.22553253173828,26.357442102312234,25.971484676967965,26.254846390871045,8435400
2025-12-17,26.73362922668457,26.797139794956426,26.13759378145801,26.186448351464414,6837100
2025-12-18,26.78248405456543,26.880195059201437,26.547978761648455,26.77271276773359,5384100
2025-12-19,26.43072509765625,26.821569114933098,26.40141310093816,26.782483967732453,9541400
2025-12-22,26.714088439941406,26.850882736054537,26.293932400528206,26.33301755009339,5694700
2025-12-23,26.565893173217773,26.763483319123726,26.39300320881953,26.7536036233925,3170400
2025-12-24,26.990711212158203,27.099385983033937,26.615292188597348,26.625171884527806,2344500
2025-12-26,27.1191463470459,27.133964949293134,26.862279896723916,26.96107497521074,2345500
2025-12-29,27.405649185180664,27.41552888117087,27.08950645093132,27.129023350532822,3261800
2025-12-30,27.622997283935547,27.66251606852594,27.4155293179141,27.4155293179141,3290300
2025-12-31,27.455047607421875,27.6872138674461,27.430347425318605,27.642756177763278,3896500
2026-01-02,27.385889053344727,27.504443517665038,27.212999089085194,27.336492459087513,3970900
2026-01-05,27.13890266418457,27.459986184085192,27.13396375843871,27.227818042484454,7314100
2026-01-06,27.761310577392578,27.80576826696707,27.020350340723876,27.049987544200654,5211000
2026-01-07,26.0916805267334,28.00335747396805,24.98518092469408,27.781070902984016,31573000
2026-01-08,26.318906784057617,26.526376628462035,25.627345032881284,25.9533674589231,11533500
2026-01-09,26.18059539794922,26.53625691955786,26.022524029314123,26.279390474435992,8468000
2026-01-12,26.318906784057617,26.625171702732743,26.0620403446975,26.259630493238916,6799000
2026-01-13,25.913848876953125,26.358425772448275,25.661923225745426,26.328786684628824,6948800
2026-01-14,26.427581787109375,26.4522800848049,25.81505382871995,25.913848903861386,6298100
2026-01-15,26.733844757080078,26.956133204501008,26.353484943573008,26.437461416758392,6287600
2026-01-16,27.316734313964844,27.326614010138904,26.659750535444502,26.74372512638496,6415400
2026-01-20,26.961074829101562,27.24757848236538,26.837581452752126,27.059868022693607,5384100
2026-01-21,27.168542861938477,27.445168703993044,26.847459328917267,26.99071209807192,5179700
2026-01-22,26.69432830810547,27.385890075310044,26.625172319820948,27.237698402649016,4259600
2026-01-23,26.862279891967773,26.95415937147503,26.61529313797414,26.684449127594856,4718700
2026-01-26,26.575773239135742,27.05986703055328,26.486857860675446,27.01047043556837,5750700
2026-01-27,26.447341918945312,26.69432867152935,26.38806374158639,26.4572216151718,4033500
2026-01-28,25.894088745117188,26.486857294051834,25.805175252918296,26.447340395781133,4113600
2026-01-29,26.03240394592285,26.210234708233603,25.88421227211702,26.111439630909924,10633400
2026-01-30,26.407821655273438,26.491798126316436,25.815053105393286,26.042282337159516,9250000
2026-02-02,25.933609008789062,26.427582513718377,25.88915131797105,26.318907739638927,10195200
2026-02-03,25.864452362060547,26.289269866997387,25.27168379434308,25.85457266609,9572100
2026-02-04,26.150955200195312,26.595532083344164,25.785415882370057,26.06203982356554,6390600
2026-02-05,26.0916805267334,26.25963159473072,25.79529717584843,26.220114693980438,5805700
2026-02-06,26.022523880004883,26.447341387408986,25.750838834494616,26.200354639788866,4621900
2026-02-09,26.121318817138672,26.215173102366293,25.805176083362117,25.963247450250392,5683800
2026-02-10,27.04998779296875,27.14878286897169,26.13119867391165,26.200354661805907,5294700
2026-02-11,26.87215805053711,27.14878199319063,26.723964499133544,27.069746311809727,6575000
2026-02-12,26.516496658325195,27.07962612617639,26.44734067235881,26.961073545765238,6788800
2026-02-13,26.664688110351562,26.852398559570165,26.47697766113296,26.644928718989757,4959000
2026-02-17,26.812881469726562,27.005530836769246,26.481920123137208,26.921556244718598,4661300
2026-02-18,26.516496658325195,26.911675066961184,26.3584252948708,26.78324279078922,7363400
2026-02-19,25.370479583740234,26.40288428722768,25.088914835912693,26.338667203791406,7692000
2026-02-20,24.995058059692383,25.84963386313106,24.920963166157485,25.489031554029065,12887100
2026-02-23,25.350719451904297,25.439634831189238,24.970359637043007,25.024697022645952,7812400
2026-02-24,25.360599517822266,25.439635202299698,24.90614291880752,25.25192474503104,5687700
2026-02-25,25.311203002929688,25.587826957309222,25.01481777191815,25.261804522248084,6117300
2026-02-26,25.98300552368164,26.165777076668437,25.296382655490522,25.508791412689707,6220400
2026-02-27,26.022523880004883,26.215173241651083,25.538430080792562,25.61746576465663,8587500
2026-03-02,25.834814071655273,26.121319610567394,25.7755377783615,25.95336854260221,5569200
2026-03-03,25.963247299194336,26.022523590342733,25.409995633944895,25.55818918835487,5577300
2026-03-04,26.50661849975586,26.575774489732794,25.6965022439814,25.6965022439814,8479600
2026-03-05,26.101558685302734,26.46709988859468,26.027461909767023,26.26950974340564,9281300
2026-03-06,25.894088745117188,26.239870555692335,25.597705412829498,25.90396844077468,6687400
2026-03-09,25.656982421875,25.721199503269805,25.326021087685078,25.656982421875,8588200
2026-03-10,25.439634323120117,25.71626015141077,25.15905699339606,25.469273410409603,6554800
2026-03-11,24.906143188476562,25.380359184835033,24.797470298868046,25.251925018444002,5780200
2026-03-12,24.807350158691406,25.09879460359706,24.659156598899855,24.72831447283696,8189100
2026-03-13,24.68879508972168,25.212407673549134,24.572217314583146,25.054336305669025,7874100
2026-03-16,24.807350158691406,25.11361320583246,24.797470462414676,24.807350158691406,5903700
2026-03-17,25.093852996826172,25.271683755302625,24.955541022170852,25.083973300870888,7686000
2026-03-18,24.659156799316406,25.024698027088764,24.644338196960568,24.925902947877905,4667000
2026-03-19,24.69867515563965,24.832048227603227,24.535662995119928,24.560363177763065,8104700
2026-03-20,24.096025466918945,24.69867370839884,23.957713497146877,24.64927711472575,12483200
2026-03-23,24.461566925048828,24.673975671931213,24.155303895453475,24.471446620759554,7656200
2026-03-24,24.708555221557617,24.906143495143773,24.184942622053477,24.283737701026254,8129100
2026-03-25,24.59000015258789,24.945661674506542,24.47144756818791,24.896265078399775,7728300
2026-03-26,24.829999923706055,25.15999984741211,24.68000030517578,24.68000030517578,6700400
2026-03-27,24.469999313354492,24.8700008392334,24.34000015258789,24.8700008392334,8013400
2026-03-30,24.770000457763672,25.0,24.479999542236328,24.690000534057617,5399700
2026-03-31,24.850000381469727,25.040000915527344,24.575000762939453,25.010000228881836,8332600
2026-04-01,24.850000381469727,25.125,24.780000686645508,24.844999313354492,4856400
2026-04-02,25.549999237060547,25.649999618530273,24.790000915527344,24.850000381469727,5050000
2026-04-06,25.469999313354492,25.75,25.440000534057617,25.510000228881836,4043900
2026-04-07,25.6200008392334,25.735000610351562,25.3700008392334,25.3700008392334,3789400
2026-04-08,25.809999465942383,25.875,25.559999465942383,25.739999771118164,6908100
2026-04-09,26.0,26.1299991607666,25.670000076293945,25.709999084472656,6978200
