Price,Close,High,Low,Open,Volume
Ticker,JKHY,JKHY,JKHY,JKHY,JKHY
Date,,,,,
2021-04-12,146.34132385253906,146.67016539305862,145.07296577361384,146.11584561776306,363300
2021-04-13,146.4071044921875,147.731846525603,145.91854440131928,145.91854440131928,385900
2021-04-14,144.5092010498047,145.9372915932815,143.2596236162749,145.68361431408837,507700
2021-04-15,146.94261169433594,147.83517742509335,144.76290768852883,144.88505128033822,489700
2021-04-16,149.23507690429688,150.42828509895284,147.07415308017994,147.86336989031085,766200
2021-04-19,151.40541076660156,151.70606755969325,149.0847681133056,149.46058910467022,678800
2021-04-20,153.94210815429688,155.24805523031029,151.82816411740535,152.2415455756286,719200
2021-04-21,156.04666137695312,156.47885183690065,154.03606611254,154.3179282093665,681000
2021-04-22,157.09896850585938,158.32975169428684,154.862880370485,156.0184993663843,714800
2021-04-23,159.33499145507812,160.0584340331916,157.39017056245788,157.72840215283958,522100
2021-04-26,158.01971435546875,159.4290107945706,157.6345032214491,158.7901222874033,442000
2021-04-27,153.6226806640625,159.32563967650373,153.3032436229186,158.59280677688994,531400
2021-04-28,153.6790771484375,155.13533858359557,153.54752905896112,155.0789690230222,335000
2021-04-29,154.21458435058594,155.9433175753303,153.71663417537266,155.0225814089494,500700
2021-04-30,152.98379516601562,154.64676862309443,151.70603276068476,153.99849010578737,527700
2021-05-03,154.01727294921875,154.90983865368264,152.7395248588323,153.09653680451598,531800
2021-05-04,148.9813995361328,153.29384228507269,146.81107143760133,152.22277779181763,1335500
2021-05-05,148.27676391601562,151.21748569400583,147.08355573618604,151.21748569400583,740900
2021-05-06,148.88742065429688,149.18806300227865,146.45403975392347,148.9249955717572,593700
2021-05-07,146.68898010253906,150.01491354564897,145.98433185020934,148.74655529311872,470400
2021-05-10,149.2538604736328,149.89273452351452,146.4352681300563,147.82576967211216,697000
2021-05-11,146.8580780029297,149.51695226653953,146.48227136376332,148.1358406466414,446800
2021-05-12,145.73065185546875,148.03249990463584,144.59381305418265,146.2567869140092,514400
2021-05-13,148.42709350585938,149.04718736533175,144.9790166852482,146.13463572437078,566600
2021-05-14,147.8070068359375,149.7330336959825,147.34663153778178,148.5586200807825,324000
2021-05-17,147.02719116210938,149.82698914354847,145.91853727956826,147.8915578430871,279500
2021-05-18,146.2003936767578,147.33723229397413,145.66485421995844,147.06476032385075,348200
2021-05-19,144.2931365966797,146.19099275592572,142.68653268078245,145.62726856253326,351800
2021-05-20,145.9842987060547,146.86745994223926,144.31193504710598,144.96019924973942,269300
2021-05-21,146.10646057128906,147.74124967141745,145.65548970563842,145.8903724555135,1260000
2021-05-24,147.32785034179688,147.731856117044,146.1158616882655,147.16813179589616,354500
2021-05-25,146.95201110839844,147.71302873797018,146.39769139501925,147.71302873797018,259800
2021-05-26,147.03656005859375,147.4029764718772,146.18158364889865,146.88623170029766,392200
2021-05-27,146.5937042236328,147.65849407335392,145.8775465997734,146.97061869423695,669900
2021-05-28,145.25564575195312,147.70563329965807,145.1331564394251,147.36640447579688,394900
2021-06-01,144.9729461669922,145.62312147224486,143.97409550066618,145.51005000669923,362700
2021-06-02,146.54660034179688,146.90466480962078,145.00122785907402,145.16141724332599,332300
2021-06-03,146.8104248046875,147.65848952661565,145.1142809824662,145.1236988115134,477300
2021-06-04,148.69508361816406,148.82700516789583,146.9989391370623,147.06490710111348,415900
2021-06-07,147.18736267089844,148.53486011392084,146.0471869051698,148.53486011392084,498900
2021-06-08,149.10023498535156,149.21332084607292,146.8104511974815,147.39467302746627,501200
2021-06-09,150.50421142578125,151.55016537811218,149.11902877598183,149.77863613818104,453400
2021-06-10,153.7174530029297,153.88706015582687,150.5324733782638,151.41823796346875,487600
2021-06-11,153.18980407714844,154.30171180103073,152.31345710742178,154.30171180103073,445800
2021-06-14,153.90597534179688,153.95309325255778,151.58790928901666,153.2086676462915,403300
2021-06-15,154.45249938964844,155.45133575481154,153.6044201974101,154.28287779985416,428400
2021-06-16,155.11204528808594,156.06376336781483,153.71744493898797,155.2156988910949,608900
2021-06-17,153.7740020751953,155.94129583561394,153.698616319018,155.09321686239127,615800
2021-06-18,155.05557250976562,156.54440923986039,152.81289239529335,152.87886034142093,974600
2021-06-21,157.22286987304688,158.0709347103098,154.51845721874642,155.88479029138867,550300
2021-06-22,156.1486358642578,157.712843903767,155.80940707939774,157.52438666292605,553800
2021-06-23,154.83880615234375,156.5066674812382,154.000145006533,156.5066674812382,429900
2021-06-24,154.96131896972656,156.2428482630718,154.179207806003,155.55497290350388,453000
2021-06-25,156.97784423828125,158.88129536388112,154.32998200909796,154.58440718202417,1597900
2021-06-28,155.7057342529297,157.9766674495251,154.5655443620412,157.9766674495251,302900
2021-06-29,155.9696044921875,157.23228388710675,155.73402933440258,156.2240153101713,269900
2021-06-30,154.07557678222656,156.26172122982513,153.59500861858913,156.11094967239757,432000
2021-07-01,155.01785278320312,155.58323884441256,153.74575571302907,154.03786657258686,313100
2021-07-02,156.25230407714844,156.55383281494443,155.5267285349521,156.02614674002606,217700
2021-07-06,155.206298828125,156.39359210709074,154.4241878028832,156.33705638595367,275200
2021-07-07,157.18511962890625,157.29819107022306,155.53609401067877,155.53609401067877,403300
2021-07-08,156.9684600830078,157.6469177707816,155.58327683533363,156.31827026736053,360500
2021-07-09,157.72225952148438,158.5043706481543,156.61033747426006,157.46783436501,271800
2021-07-12,157.42071533203125,157.83532984230453,156.61976855387985,157.77879411424257,210900
2021-07-13,157.10975646972656,158.12744272302163,156.1297702878671,157.08148860533205,213500
2021-07-14,158.59857177734375,158.6362718437423,156.64801750291159,157.31704270867994,230000
2021-07-15,160.794189453125,161.05803249652598,158.25939829196724,158.70228076732622,525500
2021-07-16,161.76470947265625,163.14989222402713,160.07799806718214,160.74702330562687,495800
2021-07-19,160.5209197998047,161.37840245477665,159.57861915966112,160.9261021734504,503400
2021-07-20,163.6116180419922,163.847193134777,161.17104915318583,161.22759925327878,547000
2021-07-21,163.1405029296875,164.7612610667598,162.88607774884,164.0828035034102,475300
2021-07-22,164.7895050048828,165.71295540709593,163.39489000585974,163.4420079033771,294300
2021-07-23,166.09933471679688,166.54221715954196,164.79895525696102,165.62818440565246,201200
2021-07-26,165.6658477783203,166.77776983952495,164.4125863941663,165.97680866717334,244300
2021-07-27,165.95799255371094,166.88145758028773,164.54454152184525,166.3631893262635,323100
2021-07-28,162.00970458984375,166.10871717529508,161.89663314032398,165.67526703322713,443900
2021-07-29,163.29124450683594,163.8000948199583,162.33952619443465,162.50914775826354,264300
2021-07-30,164.04510498046875,164.73299475821716,162.85781142255783,163.3289617138763,211100
2021-08-02,164.49740600585938,165.4397065105523,163.42316962727938,164.75181678970392,348000
2021-08-03,165.6846923828125,166.20296051391142,163.57393416632053,165.0533527970607,426200
2021-08-04,163.573974609375,165.80723703948271,163.25359582307013,165.59992973578719,271600
2021-08-05,163.4326171875,164.19587836746442,162.48088438620007,163.75299593838477,300600
2021-08-06,163.91317749023438,164.86491024610802,163.14049851742962,163.50799515610763,312700
2021-08-09,162.91436767578125,165.0816621644868,162.82013185430236,164.5162759923488,249500
2021-08-10,162.30186462402344,163.59281187758796,160.8601458198388,162.67877912220732,244200
2021-08-11,163.68704223632812,164.19587822975566,162.92376667863786,163.1405061673187,252000
2021-08-12,164.2523956298828,165.0533567953807,160.27588642347015,164.04508837242136,359600
2021-08-13,166.9002685546875,166.9097007623266,163.6681845748424,164.51624931717396,238500
2021-08-16,167.48451232910156,168.2854592049511,165.11932864200443,166.74951901791448,461900
2021-08-17,168.2760009765625,168.86965480783354,166.24062873651536,166.24062873651536,523000
2021-08-18,162.4337615966797,169.5952366288245,158.88128475560006,167.95564299322183,999700
2021-08-19,166.1181640625,166.14644630819075,161.35012539549504,163.3289623784306,390900
2021-08-20,166.9097137451172,167.52220339795753,165.20415192015076,165.9014451781475,352100
2021-08-23,166.33494567871094,167.69186116744396,166.09937047242727,167.52223954216757,230200
2021-08-24,163.21592712402344,166.85320876998847,163.05572333581483,166.47627982474626,315300
2021-08-25,163.44203186035156,164.45971820676962,162.91434583888272,163.39491395592776,240600
2021-08-26,163.91317749023438,164.5256814736079,161.59512619345477,163.33837358067493,240100
2021-08-27,165.77891540527344,166.4950729673039,164.04508598479865,164.26182544613113,423500
2021-08-30,166.1464080810547,167.01332269574354,165.4491006312916,166.06159012022923,200200
2021-08-31,166.2029571533203,169.0110084545453,165.59988544342573,166.72121089557623,518500
2021-09-01,167.06991577148438,167.72010555029792,165.08166073379942,167.0227978611533,256800
2021-09-02,166.06161499023438,168.10640537324068,165.76950413242844,167.6729551901624,287400
2021-09-03,165.5998992919922,166.46681404881508,164.85547382602186,165.72238858284476,316200
2021-09-07,163.01800537109375,167.1735545079509,162.8295481249507,166.0239466146022,433900
2021-09-08,163.71714782714844,165.70126031623658,162.34717225930095,162.76289216495354,600800
2021-09-09,161.79920959472656,165.00212475835707,161.7614234219652,164.56750447974696,472300
2021-09-10,159.71115112304688,163.92502260068306,159.257645010741,162.26215724442852,516500
2021-09-13,159.144287109375,162.0637555090222,158.51126419667062,161.16618613777572,368500
2021-09-14,157.8876953125,159.7867641839979,157.28301559097565,159.0403682842654,366200
2021-09-15,160.5331268310547,161.26062221876666,157.93489194628992,157.93489194628992,357600
2021-09-16,161.38348388671875,162.16768029818473,160.09853780789624,160.89217715804241,316000
2021-09-17,159.44659423828125,160.7504404444847,158.46399532324133,160.64651046548732,827000
2021-09-20,160.0607147216797,160.18353056299856,157.4719228670269,157.500266093231,452200
2021-09-21,158.56793212890625,161.19451052933871,158.23724188603276,161.10002348374655,314800
2021-09-22,159.44659423828125,160.49533696572783,157.67979901202466,158.55848236476564,292700
2021-09-23,160.96774291992188,162.1676591439969,159.34266384349382,159.34266384349382,283300
2021-09-24,161.92201232910156,162.1015290567442,160.96774223304297,160.96774223304297,219600
2021-09-27,161.19448852539062,162.33771818752263,160.12684560607454,161.62910869240778,326500
2021-09-28,156.28147888183594,160.71265294189848,155.62955578415364,160.71265294189848,488300
2021-09-29,156.99014282226562,158.38846212608064,156.47049275158,156.47049275158,321800
2021-09-30,155.00599670410156,158.47345819712288,153.73050798325406,157.31134240700842,464100
2021-10-01,155.90353393554688,157.47192643226973,154.14618178761944,155.69567399421265,354500
2021-10-04,154.1556396484375,156.53655721150713,153.2675134264857,154.98706499981375,394300
2021-10-05,153.82496643066406,156.26258513347258,152.9368401106448,154.01392610335563,405800
2021-10-06,154.1840057373047,154.39186571014392,152.0676198396232,153.05967617968327,441200
2021-10-07,155.60122680664062,156.97120252263858,154.7603439671633,155.20440714925016,439000
2021-10-08,156.8955841064453,158.03881373992718,155.95077146996985,156.36649133669053,259200
2021-10-11,155.72401428222656,157.70811202379178,155.41222440497438,156.7632994563715,229100
2021-10-12,154.7509002685547,156.75391344218565,154.30685146398133,156.08308993237745,338900
2021-10-13,155.74293518066406,156.21534157061998,153.93833931102466,155.19494203831132,235300
2021-10-14,158.70965576171875,158.7852425184156,155.5728846506477,156.56494100933182,256800
2021-10-15,160.67486572265625,161.7614091147301,159.42772029802566,159.8623261214956,370700
2021-10-18,161.6102294921875,161.98814883888727,159.59777365009876,160.08908033416762,253900
2021-10-19,161.51576232910156,162.4700325845386,160.91108264992891,161.7614229097253,330700
2021-10-20,161.63858032226562,162.62117931990417,159.531651752788,162.35663288143613,330200
2021-10-21,162.7345733642578,163.2542089076268,159.9001347639168,161.9787201874935,294700
2021-10-22,164.62416076660156,165.22884028387892,163.1880415068065,163.1880415068065,218300
2021-10-25,164.44467163085938,165.34224091247296,163.7171617341687,164.52025838528044,218500
2021-10-26,164.44467163085938,165.23831092723142,163.24475533156163,164.81314804822492,209500
2021-10-27,155.6106719970703,164.51080722743953,154.77924650051872,164.51080722743953,603100
2021-10-28,154.80758666992188,157.25464841918708,153.92890324867287,155.4972959933886,417800
2021-10-29,157.2924346923828,158.4734507208026,154.19344978714528,154.19344978714528,461600
2021-11-01,156.86727905273438,158.18056836034293,155.59177591643316,157.4058293065905,270500
2021-11-02,150.5086669921875,157.47193202405583,150.27246381561994,157.47193202405583,621400
2021-11-03,150.3480682373047,152.0865203612099,144.72642044074792,149.73393125601135,1068500
2021-11-04,149.89453125,153.3525492418767,149.28985168994762,150.3480517325627,454500
2021-11-05,149.61109924316406,151.8692010561949,148.8835894156652,150.77321484637545,566200
2021-11-08,152.20932006835938,154.48630754411596,149.30873838170217,149.67721472978698,971200
2021-11-09,150.26303100585938,150.94329741882459,145.25553437806005,145.41615083435735,920800
2021-11-10,152.83290100097656,153.53206760655,149.49771323953627,150.62204268744978,615800
2021-11-11,150.42364501953125,153.73993259852554,150.0835118511704,153.46592882631063,408100
2021-11-12,149.03477478027344,150.78266979287594,148.37339429348967,150.42365073580083,1114800
2021-11-15,148.3356170654297,150.14965600272265,148.1844435498136,149.43160342859625,430800
2021-11-16,148.94027709960938,150.59369936510979,148.91193387125094,148.98752061910614,424300
2021-11-17,145.3122100830078,149.61111116373704,144.43352669103373,148.50566751199887,1131500
2021-11-18,143.4225616455078,145.13267021735757,142.48719194183064,145.0192973138925,847800
2021-11-19,144.75477600097656,145.82240466582235,143.3564426714505,143.99892287466233,849900
2021-11-22,144.72637939453125,145.77512190101461,143.24303118868096,144.4996336093643,584200
2021-11-23,144.59413146972656,145.6428741593879,143.71546256534168,144.60358882355732,498000
2021-11-24,144.37681579589844,145.5294883587305,143.8004795144824,144.1028264763319,496700
2021-11-26,142.79901123046875,144.83035305797532,141.268419051914,144.13120078712922,372800
2021-11-29,143.90444946289062,144.72643206666623,142.4494439506475,144.09340915819874,748900
2021-11-30,143.26194763183594,144.88702655336934,141.99588771620154,143.95165683398884,1354400
2021-12-01,139.79449462890625,145.84129019385443,139.70000759142044,144.52800110630955,946100
2021-12-02,144.20155334472656,145.4810340214347,139.79447894567832,139.79447894567832,673900
2021-12-03,145.97384643554688,147.2533124191272,143.20639186807603,144.13519164648804,819900
2021-12-06,150.5894775390625,150.8738082269464,145.16829308027144,146.40038308666206,627000
2021-12-07,149.1488800048828,151.6983548971415,148.14425743655625,151.25290685848205,1012500
2021-12-08,148.1537322998047,149.63223440993374,147.9262648745316,149.63223440993374,434300
2021-12-09,148.38119506835938,149.12044617227318,147.2154551678275,147.79358892464825,429200
2021-12-10,149.98289489746094,150.5231245884504,147.82200505681877,148.7318457993745,402300
2021-12-13,154.02984619140625,155.29036780158415,149.70806607745877,149.70806607745877,863500
2021-12-14,153.8687286376953,155.04394091803724,152.930441721461,152.97783257894625,473800
2021-12-15,151.56564331054688,152.39967600006074,150.17243618677125,151.03490049418608,616100
2021-12-16,156.47509765625,156.75941393405216,151.29085208661218,152.3333788490985,791200
2021-12-17,155.65997314453125,156.50347823743073,154.19094352116943,156.21914759070629,1024300
2021-12-20,154.47528076171875,155.05341446546188,152.79774288992996,154.57004800690046,406400
2021-12-21,156.3992462158203,156.6456584315312,153.56544065767767,154.31417861508214,308100
2021-12-22,157.16693115234375,158.05782723483938,155.20506240110424,156.63618824234456,358900
2021-12-23,156.78781127929688,158.54117173789297,156.76886650602722,158.02938808809128,313800
2021-12-27,156.90150451660156,157.29008917535367,154.92069168782314,157.29008917535367,233800
2021-12-28,158.63595581054688,158.673859819309,155.75475944821224,157.3849065965086,150600
2021-12-29,159.07191467285156,159.6026575577495,157.7166258390343,158.49378093144654,193100
2021-12-30,158.95819091796875,160.18079405156976,158.8065459592039,159.7258736369344,211800
2021-12-31,158.26632690429688,159.3278126670198,158.01990023676558,158.56960235293533,228000
2022-01-03,162.54071044921875,162.6354921583423,157.44176108553006,158.34214393722854,507700
2022-01-04,165.5355987548828,166.5970842606592,160.31343714619243,162.17105124295648,771500
2022-01-05,163.8865509033203,168.26519462853184,163.74439278042144,165.65885632320868,870800
2022-01-06,160.73995971679688,165.2323288908075,159.60263715266834,164.00023908743967,530800
2022-01-07,160.88214111328125,162.19005357451044,158.65490097447199,160.34191137089206,416700
2022-01-10,160.7020263671875,161.17590590446355,157.53651452898092,160.39875098339186,431300
2022-01-11,160.87265014648438,161.07167147789286,157.41332042535146,160.73996443832618,412500
2022-01-12,162.9292755126953,163.93389787665242,160.94846240174917,161.11905210355775,449000
2022-01-13,159.41310119628906,163.6495861539122,158.92974919032676,163.6495861539122,512100
2022-01-14,160.11444091796875,160.2186950080158,156.50348069435537,158.1336276687324,517500
2022-01-18,156.73094177246094,159.11929911995642,154.7690876546906,159.11929911995642,532900
2022-01-19,157.7261199951172,161.56454851543035,155.16717246879543,156.88261469484215,633500
2022-01-20,154.56060791015625,160.50306352132793,154.0298649489554,159.1667192686651,710600
2022-01-21,155.18612670898438,157.47021583307117,152.85463226171512,154.94918686303532,711700
2022-01-24,154.69325256347656,161.5455472990999,151.45191794419844,161.5455472990999,530800
2022-01-25,150.55154418945312,154.02033162831725,149.2910228060948,153.12945019033296,694300
2022-01-26,148.6276092529297,153.16736959730736,147.77461726972257,151.35714599888124,614900
2022-01-27,149.00672912597656,152.25753681950124,147.31971860637398,149.41425871298088,919700
2022-01-28,156.90150451660156,156.91097690035602,147.91675329314913,149.708017215256,669800
2022-01-31,159.04348754882812,159.18566012236988,155.05342895096302,155.7737208205993,603600
2022-02-01,159.8870086669922,160.05761287988736,158.87291362411287,159.5268699271661,630700
2022-02-02,161.64035034179688,162.26587494608464,159.11930715117705,162.04787989626186,467100
2022-02-03,158.2758026123047,161.1190805035437,157.56498313949493,160.22818445042333,640000
2022-02-04,159.22357177734375,159.63110135874845,156.6930560327102,157.6408153885277,669500
2022-02-07,158.5791015625,160.08603545990167,157.12901645063687,159.82066399853508,618900
2022-02-08,160.3608856201172,160.69260719071144,156.4845531924765,157.34701770669307,1234000
2022-02-09,165.8957977294922,169.023406617629,161.26125487781164,166.8435571221603,1448100
2022-02-10,158.04833984375,164.02871333278398,157.86827771977931,163.4410927173073,999100
2022-02-11,158.66441345214844,159.5647820399086,156.60777717512605,158.8729216886817,762900
2022-02-14,161.2896728515625,161.74460773393446,158.39901851791006,159.15721439854448,704800
2022-02-15,160.11444091796875,163.9149500884883,159.59317046773347,162.60705223167523,474200
2022-02-16,160.68313598632812,161.46977809066735,157.5365820306332,160.21874309627313,514200
2022-02-17,161.45082092285156,161.782528038625,159.28993062974,160.27559405084,557000
2022-02-18,163.4505615234375,163.88652266632002,160.17130825752085,161.8393592793313,597500
2022-02-22,160.51251220703125,164.31302171287078,160.28504477367972,163.2799675686764,637900
2022-02-23,159.11932373046875,161.99103353104422,158.8255206328402,160.92954763982866,584800
2022-02-24,161.1854248046875,161.51713186975192,155.89692638159485,156.43714164145803,642500
2022-02-25,166.85301208496094,166.9572661766973,162.22794250488715,162.30376497720977,619100
2022-02-28,167.5638427734375,167.84817344837296,164.692133326073,164.75846895528457,733800
2022-03-01,169.7626190185547,170.2175538355383,166.9098691042996,168.93807316296508,684400
2022-03-02,170.7388458251953,171.44019296972942,167.76288196261282,170.01855390553408,605700
2022-03-03,173.85696411132812,174.01808145304184,170.7767464606426,172.18889852811057,565400
2022-03-04,175.64820861816406,175.93253926134443,172.23626982331416,172.8996983496302,535600
2022-03-07,174.55543518066406,178.39452700283778,174.05179226958677,175.56272100281868,764900
2022-03-08,168.48318481445312,174.393876281886,166.54462231709772,173.8617264198657,826600
2022-03-09,168.24559020996094,170.8303301301022,163.7698045798652,170.5357482531733,737100
2022-03-10,172.6263427734375,173.1394830587405,166.39256338164,166.39256338164,677200
2022-03-11,174.29881286621094,176.23737502500725,171.81860344245254,173.19649434454195,794900
2022-03-14,170.84933471679688,175.40114407075382,169.6995141325995,173.94722959652404,466700
2022-03-15,170.08914184570312,171.9041498265169,167.7894860035237,171.4955399434005,758700
2022-03-16,175.7242431640625,175.74325265829273,170.18415734559298,170.87786613503803,853100
2022-03-17,175.08755493164062,177.37771313286194,173.30103955475494,176.0758310869422,585600
2022-03-18,176.28489685058594,177.12114058185776,172.43630808733568,175.8382679941108,1278000
2022-03-21,176.81704711914062,177.0926195086716,175.16356928197226,176.29439482865686,542700
2022-03-22,178.4705352783203,178.62258223851603,176.0473394126871,177.08314664152383,331700
2022-03-23,178.78411865234375,179.22125001823994,177.07362667709103,178.4705272485478,449400
2022-03-24,179.9149627685547,180.22855420453186,177.68181822447357,179.1357329276423,521800
2022-03-25,183.72552490234375,183.82055787125793,180.03848060839675,180.55162094054563,427500
2022-03-28,184.82785034179688,185.30298620385804,181.7014627494325,183.13636783285875,457000
2022-03-29,187.99227905273438,188.5719454526846,185.34101251034014,185.77814393489172,424200
2022-03-30,187.45062255859375,188.30587593567216,185.62610232082355,187.7642140135227,360900
2022-03-31,187.25108337402344,189.5317301654356,187.06103189140555,187.27009287228483,569100
2022-04-01,190.45347595214844,190.6435274156777,185.7116143621074,187.29858105756995,463900
2022-04-04,190.6625213623047,191.37522516741197,187.41259375101492,190.5294838986845,424300
2022-04-05,193.6178741455078,194.7962163664412,189.82628454346943,190.49148638592976,606600
2022-04-06,193.58941650390625,195.1573595322855,192.04998047604298,192.6201349863626,581000
2022-04-07,193.5608367919922,194.46359196921054,190.44394690644148,193.70337174102858,622800
2022-04-08,190.55799865722656,193.74141491644681,189.6837503606638,193.74141491644681,584300
2022-04-11,188.67645263671875,191.28018786580543,188.07777681397457,190.8810754839745,358200
2022-04-12,190.74801635742188,192.47751764890762,189.3036139491414,189.94979168442572,432600
2022-04-13,190.52947998046875,191.17565779047936,188.25833114823257,190.71003392738223,404100
2022-04-14,190.5199737548828,192.3824981219342,188.8474863232505,191.15665403851736,440400
2022-04-18,190.1018829345703,192.14496157383314,189.142099104035,190.1208924312139,222300
2022-04-19,192.12594604492188,192.70561242437276,190.06385797375978,190.06385797375978,275600
2022-04-20,191.75534057617188,193.40881873191455,190.88109225819204,192.76264086645003,274500
2022-04-21,193.52285766601562,193.99799359399503,191.3752484915479,192.46805532590142,536600
2022-04-22,187.4981231689453,193.05721889905564,187.4411091819693,192.8481579468124,326100
2022-04-25,187.6311798095703,188.0587992555788,184.71385267791385,187.08002037916006,374000
2022-04-26,183.9821014404297,187.6216437325465,183.8965804688122,187.33655932715968,336200
2022-04-27,182.2906494140625,185.5880938698398,181.9580484689562,184.56179853922347,500400
2022-04-28,184.95143127441406,186.19628518876186,182.55674193918068,183.77308885548993,403100
2022-04-29,180.15249633789062,185.7590931232266,179.62034654809534,184.56175609618717,442500
2022-05-02,180.8937225341797,182.4331580579013,177.68179952790078,179.57284544283937,558200
2022-05-03,182.76576232910156,184.53326831489213,180.04798461976762,181.7204576332055,555300
2022-05-04,178.6131134033203,181.1218306491427,170.91590518318415,176.97864456892103,994400
2022-05-05,176.87408447265625,180.5326219895808,175.37265337610162,178.09992864326307,658800
2022-05-06,175.79080200195312,177.00714886012128,173.67168524905225,175.70526651192696,483200
2022-05-09,168.51168823242188,175.1350833745576,168.24561330705598,174.50790055048256,618600
2022-05-10,169.97509765625,172.48381441321052,167.31434844431894,168.7397560221373,807800
2022-05-11,169.31939697265625,170.6402884965708,166.9057133426139,169.03432707540324,656000
2022-05-12,167.12429809570312,169.61402009061635,165.11922400247,167.47590852437236,630800
2022-05-13,166.7061767578125,168.15059396978725,165.10022957804776,167.97004000579076,511400
2022-05-16,168.26463317871094,169.11987199155934,165.16673785662226,166.66816902806463,395400
2022-05-17,170.84933471679688,171.36248953122782,167.09576457417757,168.64471201404115,448400
2022-05-18,167.6944580078125,172.78791520199195,166.991251688095,172.78791520199195,425600
2022-05-19,169.26239013671875,170.9443751014715,166.80118991993066,167.10528382316082,454200
2022-05-20,170.21266174316406,171.115431455398,167.17179521246797,170.8493420402164,400600
2022-05-23,173.2820587158203,173.6716591117568,170.40273648489628,170.83985336814098,392400
2022-05-24,174.7074737548828,174.85950622073128,170.93489360232996,172.32228229067627,482600
2022-05-25,174.77398681640625,175.8382865869291,173.49112859300755,174.27034392499834,518500
2022-05-26,177.81344604492188,179.52850742043765,174.95501526530583,176.36518491780257,523800
2022-05-27,179.21405029296875,179.45225282072442,177.9468111006611,178.22313417454566,434100
2022-05-31,179.24266052246094,180.98630503380002,177.16554114510237,177.8610885604243,871300
2022-06-01,177.34657287597656,180.0430275732527,176.83204720975777,180.0430275732527,482300
2022-06-02,178.69955444335938,178.70907731133806,175.13603909081795,178.04211308458693,425500
2022-06-03,177.2989044189453,178.48991703901663,176.50807029457056,178.38510734690124,261400
2022-06-06,177.5847625732422,180.99582469645307,177.18458405001357,178.04210737997073,235700
2022-06-07,179.11880493164062,179.5094460864505,176.73677929599913,177.0416710172213,263500
2022-06-08,177.508544921875,179.09973622695148,177.375152074106,178.92822282911706,257000
2022-06-09,173.9069366455078,177.32752206670457,173.79258952539377,176.98450978382462,296100
2022-06-10,171.93458557128906,173.76397928178014,171.10564540807266,172.48721719300963,394800
2022-06-13,168.5711669921875,170.98177546567177,167.80891597801246,168.79984665805867,491000
2022-06-14,168.75222778320312,169.59070547459797,167.20867979561802,169.18098949767332,401700
2022-06-15,170.810302734375,173.1256247330384,169.03807503443358,170.0480516036644,639600
2022-06-16,163.48318481445312,169.22862947202682,163.12111226622923,169.10475948684902,544300
2022-06-17,164.00723266601562,165.27447204069944,162.64470645102486,164.5217438029738,830600
2022-06-21,166.27491760253906,166.85613245794227,164.3502512947124,165.17919159027406,365600
2022-06-22,164.7408905029297,165.82709363337003,163.63564163490213,165.15060648075007,496600
2022-06-23,169.35252380371094,169.37156954360663,164.9314841795456,166.1224971659989,367800
2022-06-24,174.2689971923828,174.63106975698565,170.06711483960575,170.95322143563104,1419500
2022-06-27,174.39283752441406,175.05980170993857,173.32569482757486,174.68820633952288,287400
2022-06-28,171.88694763183594,176.1745933663868,171.49630651434447,173.9450210737154,344500
2022-06-29,173.52577209472656,174.00217714839206,171.219973379633,171.7630821194013,323300
2022-06-30,171.52488708496094,174.56435378631053,170.79121919942472,172.07751871599987,930700
2022-07-01,175.5743408203125,176.26036533208196,170.66735953366344,171.2295286049259,460100
2022-07-05,175.10748291015625,175.12654318777814,172.0489698641481,173.38289852304075,326400
2022-07-06,177.46092224121094,179.15692344906196,175.29803874224498,176.6510276530738,417700
2022-07-07,177.23220825195312,178.15643524743314,175.9078027438007,177.30843480751867,305300
2022-07-08,176.81301879882812,178.08024373563234,176.31755335951567,177.02262369446964,342100
2022-07-11,177.85154724121094,178.59473799993032,174.65010453490854,176.23177288345664,436200
2022-07-12,175.7077178955078,180.47176850030726,174.89782347720043,178.28982518162107,310900
2022-07-13,176.40328979492188,177.06073119619583,173.19232389222924,173.19232389222924,338900
2022-07-14,177.22267150878906,177.56568371261324,173.649633776757,175.14555255249041,290400
2022-07-15,181.01490783691406,181.12925496627196,177.89922843250753,177.98497787547674,287400
2022-07-18,181.92005920410156,183.39691804115785,179.5570937880501,183.39691804115785,479400
2022-07-19,185.27394104003906,185.89327639514153,182.89191553286773,183.4159640521914,412000
2022-07-20,185.635986328125,186.77935549603603,184.11148441175843,185.79796229419568,353700
2022-07-21,189.3138885498047,189.3138885498047,185.78849320385262,186.03621865800682,418800
2022-07-22,190.2666778564453,191.20995068283594,189.38055677913826,190.08564158588095,240600
2022-07-25,188.06568908691406,190.51440383398227,186.82703287201997,189.98083242786922,589200
2022-07-26,191.25758361816406,191.93408524391626,188.34198678963372,188.6945219043151,601300
2022-07-27,193.19178771972656,194.65912354512324,191.20041792398928,191.2194781985181,430500
2022-07-28,196.5742645263672,197.14595644583616,193.02028665081977,193.19178550342278,386100
2022-07-29,197.96539306640625,198.4703813443611,195.53572398000733,196.29797510066416,377400
2022-08-01,197.72715759277344,198.41318203331866,196.29794243142564,197.22216939886218,324000
2022-08-02,195.88827514648438,197.6414426902634,193.76351215007028,197.44136065970028,431800
2022-08-03,198.27027893066406,199.68044855075112,195.78344362800334,196.67908757789553,394900
2022-08-04,198.50848388671875,199.49941468786386,196.43136452144984,198.72764071198446,293700
2022-08-05,201.10964965820312,201.3383147943274,197.14595585978222,197.14595585978222,323900
2022-08-08,200.9762420654297,202.376874177633,198.88960000684682,202.07198248354536,370800
2022-08-09,199.3755645751953,202.3864487529384,198.48945793345248,201.38599498352434,485900
2022-08-10,199.289794921875,202.58651023761905,198.7657463778317,201.71946396154442,438400
2022-08-11,197.1268768310547,200.08059389396757,196.29793671400995,200.08059389396757,727200
2022-08-12,199.0229949951172,199.6899592131847,196.97444438545253,198.69902848457335,384900
2022-08-15,200.5379638671875,201.35738122036932,197.58424643301984,198.36555777525987,371200
2022-08-16,200.89047241210938,202.0529018649046,199.08966195470168,199.22305478344566,519000
2022-08-17,187.98947143554688,191.0289385595324,182.81570404719608,190.56205628768438,1418300
2022-08-18,193.8682861328125,194.3923346331929,186.87466298585798,187.0080558278885,661300
2022-08-19,194.63055419921875,195.5261981620763,192.16276459770782,193.2108616901434,1358900
2022-08-22,193.20135498046875,194.54480649838752,192.20090122469207,193.6301167218782,468800
2022-08-23,191.44813537597656,193.1822568177393,191.04795685989188,193.1822568177393,319500
2022-08-24,191.1242218017578,191.83882955373093,190.54300691527038,191.22903152026316,386100
2022-08-25,190.73353576660156,192.6867995526952,188.770749112605,192.39143072167838,551000
2022-08-26,188.1514129638672,191.42908205764687,187.93227071013436,190.87645045102323,326900
2022-08-29,186.617431640625,188.7326717343431,185.96951305669106,187.2272296697048,332000
2022-08-30,185.1024627685547,187.64646454850094,184.4736044754269,186.6460108164761,293200
2022-08-31,183.1300811767578,186.06473775480916,181.96765180042814,185.79795211487058,700100
2022-09-01,185.6265106201172,185.7884866273381,181.23405453201093,181.96770799905894,529800
2022-09-02,182.16778564453125,186.64599070580127,181.67232026647656,186.64599070580127,404600
2022-09-06,185.23583984375,185.64554126304236,182.13920660393734,182.29165972965416,562000
2022-09-07,187.49400329589844,189.6568866742028,185.71225274787398,186.01714447336698,646600
2022-09-08,188.54470825195312,189.04141048683877,185.8606301754954,186.9017824231207,396200
2022-09-09,191.2478790283203,192.16485200079885,188.53514667012266,189.31839381015544,376200
2022-09-12,191.2001190185547,192.25083241135698,190.11120449102447,192.25083241135698,455500
2022-09-13,185.40213012695312,189.815097200462,184.78124873488636,188.82169280316427,338600
2022-09-14,184.6379852294922,186.88267000977066,183.71145099134827,185.96569698698343,427600
2022-09-15,184.2176971435547,186.02300324156303,183.36757976565707,184.39918533237943,411900
2022-09-16,182.9759521484375,184.50425995781995,182.03987126707807,183.39623752476885,678000
2022-09-19,184.62843322753906,184.7335045765417,181.15154664466698,182.26913034543313,409400
2022-09-20,181.06558227539062,184.20816151441574,179.6901081042084,183.883386253147,337200
2022-09-21,179.8238067626953,183.82604946610354,179.75695113741114,181.87747106821445,287200
2022-09-22,178.39105224609375,179.70921743344954,177.98987470538202,178.74448200757308,258400
2022-09-23,176.69081115722656,177.67465440519038,175.02879205776563,177.24482238205476,410200
2022-09-26,175.20069885253906,177.44539798978602,174.9045927057154,176.63348181460597,344700
2022-09-27,174.57029724121094,177.96122034571664,173.7583955183168,176.4711281719117,316200
2022-09-28,176.47109985351562,177.15883683491404,173.90164010009966,175.30576855586955,414900
2022-09-29,174.8377227783203,176.1845422627754,174.11178465674536,175.75471028848733,311100
2022-09-30,174.1022491455078,177.55048094967978,173.5673458033132,174.91415079883072,481100
2022-10-03,178.3815155029297,179.02149027540975,174.2264382274699,174.75179500339385,442000
2022-10-04,180.12948608398438,181.20885397473114,179.47040355158228,179.6996540856856,533800
2022-10-05,179.63279724121094,181.2470685899048,178.60119162355406,179.52772589381004,404600
2022-10-06,177.68421936035156,179.69010703554267,177.35944410101436,178.89729860617285,453900
2022-10-07,177.34034729003906,177.67465460840526,175.28668272711644,176.88184619481456,353900
2022-10-10,177.1206512451172,178.008984403401,174.91416746086693,177.66511585423055,256400
2022-10-11,175.74517822265625,179.03101518359472,175.57323667366964,176.72902144039764,426800
2022-10-12,173.26170349121094,175.92667394774648,173.2235023505367,175.73563909432522,484900
2022-10-13,176.92959594726562,179.4226389967881,169.3453954604033,170.85459533090182,718700
2022-10-14,175.21026611328125,179.031021128476,174.00673353050345,179.031021128476,541100
2022-10-17,178.42926025390625,178.85909227360446,176.32784793258557,177.17796533155263,521900
2022-10-18,180.48291015625,181.46675339598187,178.92596241547378,180.92230339123853,372900
2022-10-19,178.725341796875,180.78855269706054,177.57911837733465,179.28889958002094,297500
2022-10-20,177.1492919921875,179.63277371684896,175.85978149523223,179.27935858324844,321000
2022-10-21,178.92591857910156,179.35575049333306,176.184517646075,176.96777921980257,321100
2022-10-24,180.6643829345703,181.1228694112908,178.30506577359972,179.9479914381223,376200
2022-10-25,184.03622436523438,184.39920077327815,181.25662145895308,183.38670297718173,366500
2022-10-26,184.59019470214844,185.91790625697936,182.70847201706147,184.43736103000447,457900
2022-10-27,187.54177856445312,188.43011178937695,183.4440247398767,184.79084453974727,669300
2022-10-28,192.6902313232422,193.57856448063163,188.47785981892554,188.4969531007871,408100
2022-10-31,190.13987731933594,193.1200616662404,189.7578076351261,191.6108762110946,483000
2022-11-01,192.22216796875,192.66154658298493,190.3404451740371,190.7034069477481,435400
2022-11-02,182.09718322753906,190.99954939850969,181.71511355647732,190.80849998795514,889600
2022-11-03,171.5709991455078,181.05603104156995,171.23669182698052,180.51156645636237,763600
2022-11-04,172.37338256835938,173.85391359392517,169.32632787053714,172.87963148194476,626500
2022-11-07,173.70108032226562,174.436565167039,172.11546349647801,173.1184146007424,645500
2022-11-08,172.83184814453125,175.8979957527085,171.1316134005834,174.21686886403623,721700
2022-11-09,164.78916931152344,169.77525581547627,160.00366428558974,161.7134603316897,1132600
2022-11-10,167.8744354248047,173.12797394449987,166.16465384686026,169.68928835614403,1009800
2022-11-11,166.67088317871094,169.88986446593194,164.91332487609694,167.4254758462558,713200
2022-11-14,169.47915649414062,172.28741414182443,165.81123468187124,167.40639836728488,573900
2022-11-15,173.08018493652344,173.17570963400016,168.67676456326015,170.77817673254572,575900
2022-11-16,172.5452880859375,175.78337723161073,172.42110888956208,173.9207621610948,500900
2022-11-17,174.89503479003906,175.20068755656175,171.0169569130633,171.0169569130633,641500
2022-11-18,178.58209228515625,179.33668497269684,176.4329176316885,176.76722494388054,730200
2022-11-21,180.34918212890625,182.03032362498013,178.92596024646227,179.24115970195274,792900
2022-11-22,180.47335815429688,182.11628391019153,178.18089649315354,180.54977500050398,508600
2022-11-23,181.54315185546875,181.98254504595,179.43219310832447,180.8554148638594,317500
2022-11-25,182.84222412109375,183.16698478982013,181.76285619706536,181.78196405258552,196600
2022-11-28,180.33966064453125,183.7305840306159,179.87161285362663,181.55275458420627,402500
2022-11-29,177.56956481933594,181.14197562970352,175.6400942336764,180.2536571781408,481600
2022-11-30,181.34298706054688,182.31027206123625,177.33016670658182,177.49297618510127,837600
2022-12-01,182.66461181640625,183.50740400387696,180.30864582112866,181.72605708897692,531800
2022-12-02,183.4978485107422,184.19697503035763,180.32780565487414,180.52893184975858,490000
2022-12-05,180.9407196044922,182.78911339087642,180.51933813767485,182.66460601798642,388000
2022-12-06,175.73080444335938,180.63429146583346,174.96463094271178,180.52894242682513,445900
2022-12-07,176.96621704101562,178.19208858168946,175.2614889730929,176.180899935369,377600
2022-12-08,177.100341796875,177.73243608253452,175.3573111887916,176.88007182952526,363000
2022-12-09,173.8632354736328,177.1290407595062,173.5855050954389,176.611882098422,580300
2022-12-12,175.1561737060547,175.5105229281705,173.5567943504597,174.33253973592642,371700
2022-12-13,175.33811950683594,179.3126231036072,173.0970743165631,179.14981362707036,480200
2022-12-14,172.953369140625,177.39715641303087,171.67003736160078,175.66369840182753,520000
2022-12-15,170.40586853027344,173.3268961279187,169.26620232591813,171.77540573100646,542000
2022-12-16,170.04196166992188,171.56472197234834,168.27018661198835,169.0076297814222,1442900
2022-12-19,167.95416259765625,171.2008098266449,167.3124964943301,167.3124964943301,552200
2022-12-20,169.0076446533203,169.32369175374552,166.4697105926163,167.29332989163905,405100
2022-12-21,170.7506561279297,171.32528981301618,168.61496008228184,169.25662608295482,377000
2022-12-22,169.19915771484375,169.88871225924427,166.75698658788698,169.61098191303284,279900
2022-12-23,169.84085083007812,170.05154889751623,168.53836032843498,169.17045453074928,232500
2022-12-27,171.3348846435547,171.87121630782917,169.01722046658568,170.15690150616058,294500
2022-12-28,169.17044067382812,172.75229291333952,169.1034083561576,171.50726296597145,253300
2022-12-29,169.9844970703125,171.48809898245918,169.53437076093712,169.91745014130095,324300
2022-12-30,168.1361083984375,169.2757893181522,166.4696969680007,169.0555193983843,358100
2023-01-03,168.6532745361328,170.26222545122064,167.3316258462096,169.3524009732692,323300
2023-01-04,169.69717407226562,171.3635853912926,168.4617160803583,169.98449090388647,394200
2023-01-05,166.43141174316406,169.45778919910111,166.10579273694856,169.20877439495823,349700
2023-01-06,170.76025390625,171.6126180069318,166.91981490442961,167.99246354663896,248900
2023-01-09,170.6644744873047,172.35963079579537,169.85999897646053,170.23350650746264,548500
2023-01-10,170.82728576660156,170.82728576660156,168.86398554731613,169.95577792742625,254400
2023-01-11,173.44186401367188,173.882403896114,172.1202151392585,172.69484889688437,364400
2023-01-12,173.9111328125,174.59111560011658,171.8616271922713,173.06835515148614,291600
2023-01-13,174.07394409179688,174.61027575338326,171.60304230884785,173.65256256372288,329500
2023-01-17,174.10264587402344,175.86484896138808,173.74829672807556,174.53362842979277,538700
2023-01-18,172.43626403808594,174.9167377110011,172.10105857372716,174.37084878776798,338700
2023-01-19,169.3619842529297,172.11063083836135,169.1896029062175,171.7275368230968,440800
2023-01-20,171.2965850830078,171.51685502920418,168.72033421358242,170.18563425372767,457500
2023-01-23,172.8289031982422,174.52404477269022,171.0954303047216,171.29655647490668,298800
2023-01-24,170.88475036621094,175.11785534977804,170.7123690136851,173.13538211447334,342700
2023-01-25,171.35400390625,171.84243226311827,166.8910579309978,170.0227834541986,335100
2023-01-26,173.64297485351562,174.21760860867326,170.17605780774986,171.87121423327582,378500
2023-01-27,172.87680053710938,173.89198878138427,172.32132514012463,173.19284763954258,322400
2023-01-30,171.5072479248047,173.08746854902452,171.18162900800823,172.39791401137276,311200
2023-01-31,172.47457885742188,173.11624499309815,171.06673918494516,171.61264276198685,363700
2023-02-01,173.49929809570312,174.47615487622886,170.91347580650574,171.79457005101162,476600
2023-02-02,174.75390625,176.4011739107761,173.2215594820784,173.80576504332504,464800
2023-02-03,173.0587615966797,173.55677652162098,170.4058921052269,173.02045950101166,445400
2023-02-06,170.17604064941406,172.90551417734974,169.92702589429953,172.1776574926086,445500
2023-02-07,173.78665161132812,174.54323864380265,169.11300630628745,169.11300630628745,519800
2023-02-08,157.5821075439453,162.3323709649733,156.6435527947597,159.93808820737783,1609100
2023-02-09,160.46484375,163.3188248904689,158.03224412683767,158.44406838691106,912400
2023-02-10,163.2039031982422,163.38587103691543,159.69866952334306,160.20625632935628,661000
2023-02-13,163.3284149169922,164.832031767982,163.08898659908004,163.8743184963334,810300
2023-02-14,159.51669311523438,163.91259277880022,159.48796289104445,162.5718002714628,553900
2023-02-15,161.3076171875,161.55663195661649,158.51109657177383,158.62603208580558,557600
2023-02-16,158.1759033203125,160.94369366856174,158.13758661170732,159.70823555304005,527600
2023-02-17,161.85353088378906,161.93972156458318,157.12242533517284,157.6587423892835,728900
2023-02-21,159.53585815429688,161.27888848687434,159.38262054316792,161.0107299741701,419800
2023-02-22,159.1049041748047,160.1104913792525,157.95563660364567,159.93811001170516,424700
2023-02-23,159.51669311523438,159.7657078762701,158.13758389994888,158.66432903266795,394300
2023-02-24,158.2716522216797,159.2006350424517,155.91568631953677,157.93646142476214,489000
2023-02-27,158.74095153808594,159.4496645162354,157.78323840663444,159.25811019911097,458600
2023-02-28,157.29483032226562,159.29644751873084,157.28524383704345,158.3674644919418,518100
2023-03-01,157.0074920654297,157.17987341344548,155.20698671392677,156.58609595222325,305100
2023-03-02,158.83673095703125,158.86546118230024,155.90611645770866,156.2892104838666,354800
2023-03-03,159.037841796875,159.72739642722078,158.0226682059611,158.9708094760723,443700
2023-03-06,157.7449493408203,160.2254230489127,157.70663262881348,159.44009120175483,487000
2023-03-07,157.2261199951172,159.128408149952,156.54399835823995,157.87943507672978,490300
2023-03-08,157.82180786132812,158.7921564024682,156.63047710343432,156.85144466036206,474900
2023-03-09,156.41908264160156,158.78252468598095,156.37104240081462,158.33097281026548,364100
2023-03-10,151.87477111816406,156.73614486669933,151.35595992628723,155.88108127843708,638200
2023-03-13,135.72462463378906,150.15502251890933,133.81273434986187,149.75151085965405,3302900
2023-03-14,136.2241973876953,141.3161551848938,134.06251843547344,138.77018361620637,1588800
2023-03-15,139.75015258789062,142.07515669735545,135.71500670783985,136.89673512176924,1348500
2023-03-16,142.2960968017578,143.32408744311937,136.8102304541322,139.0775916986053,1178600
2023-03-17,140.71090698242188,144.1311614024806,140.3169974882469,142.93022854937993,1672200
2023-03-20,146.04302978515625,146.6579067886595,141.0567691438439,141.06637132864935,831600
2023-03-21,146.19674682617188,147.89727169714493,144.55387904118697,147.22475229218549,660700
2023-03-22,141.76771545410156,146.44654503840098,141.72929205411268,145.33209052082978,493500
2023-03-23,140.9222412109375,143.11275596607302,140.02875430934938,141.71966229139767,541700
2023-03-24,141.4602813720703,141.83497181852758,138.76057212882017,139.86543909850383,376500
2023-03-27,143.5642852783203,144.46738897419726,141.8925964164243,142.64197721516854,533400
2023-03-28,143.84292602539062,144.11193379569,142.57473397127305,143.20882999833182,490300
2023-03-29,142.69004821777344,144.70760670330384,141.86380579232036,144.42899671952543,633500
2023-03-30,142.17123413085938,143.71803626853858,141.09520296023913,143.42980944502955,945300
2023-03-31,144.8036651611328,145.26481922195026,142.88217280459955,143.03589571147978,575100
2023-04-03,144.6787872314453,145.41856601497562,143.32413137921887,144.28487771529566,588300
2023-04-04,142.96864318847656,144.78445296468928,141.95985672173083,144.65956592430146,454300
2023-04-05,141.39303588867188,143.8237229352856,141.06638565422531,142.82455320055914,503700
2023-04-06,142.77650451660156,143.4490239771482,141.31616607382549,141.39302753500579,456200
2023-04-10,142.88217163085938,143.27608107907042,141.71006013021682,142.97825211182607,542500
2023-04-11,147.36886596679688,147.59945034318469,142.69963862866976,143.37215806835385,811200
2023-04-12,145.65875244140625,150.12621703539966,145.49542732362897,148.25276461404198,777100
2023-04-13,152.09573364257812,152.67218724570864,145.66833900491656,145.66833900491656,1174400
2023-04-14,147.91648864746094,152.39355471461215,146.20634695627365,151.85553919820416,1119500
2023-04-17,150.82754516601562,150.98125341038462,147.07102415632772,147.87804741360128,969800
2023-04-18,148.5121612548828,150.5201174554149,146.9173189167366,150.5201174554149,747700
2023-04-19,147.94529724121094,148.91564552483683,147.13825937561157,148.44487465822237,784700
2023-04-20,149.81874084472656,150.16461000787774,147.16707237396034,147.24393381686295,647000
2023-04-21,151.01010131835938,152.23025326387238,149.91485108706067,150.43366231546963,797000
2023-04-24,152.2878875732422,154.29585844001429,150.98127204598075,151.45204300074235,1011400
2023-04-25,149.8091583251953,151.6922274581921,149.03095619476426,151.6922274581921,697800
2023-04-26,148.69473266601562,150.32799870448463,147.9645559792965,148.7331560738194,562600
2023-04-27,153.40234375,153.7001727259529,149.31917240651651,149.78994332130168,824200
2023-04-28,156.9282989501953,157.09162406391732,152.76826566359594,153.40236174733448,923100
2023-05-01,156.72654724121094,157.10123770854517,153.79626811984053,156.1212723863537,903200
2023-05-02,153.6809844970703,156.1308758325961,151.51930532349454,155.69854292984598,1127700
2023-05-03,151.76907348632812,156.1596758554521,145.95655623204323,155.054823625056,1660300
2023-05-04,142.28652954101562,151.43282354641346,141.79653955727392,151.43282354641346,1588100
2023-05-05,146.92691040039062,147.8684522383275,143.49705406449505,143.9966461968877,989700
2023-05-08,148.14707946777344,148.7235331231423,144.64036126711835,147.00378900251468,442700
2023-05-09,146.2447967529297,147.56101443693234,145.62031754835934,146.92691838748198,508000
2023-05-10,147.2823944091797,148.55057176160912,145.6395119678199,147.26317538055733,422900
2023-05-11,148.8964385986328,149.30956707838342,146.56183242222875,146.99416527047134,576600
2023-05-12,149.69386291503906,149.9724875222399,147.17671256489643,149.64582267312613,422200
2023-05-15,148.6754913330078,150.91403199238655,148.43530475573317,150.57776492027196,515700
2023-05-16,142.08474731445312,148.07980855859478,142.0271048911151,147.7723627543616,760500
2023-05-17,142.42105102539062,143.27611473146646,141.01835483685952,142.12320732836622,623600
2023-05-18,144.7844696044922,145.04387521942814,140.34582623247493,141.80616476493293,691000
2023-05-19,142.95901489257812,145.3897012215421,142.70921153778067,145.3897012215421,1545700
2023-05-22,144.861328125,145.39934371553858,142.2480969768195,143.4106064676674,512200
2023-05-23,143.04551696777344,146.3312675763508,141.86380311569985,144.42899399450607,556100
2023-05-24,140.43231201171875,142.86299944699417,139.55802919164614,142.86299944699417,559000
2023-05-25,142.99697875976562,143.24767400313732,139.9791023582191,140.29728228946323,886300
2023-05-26,143.238037109375,143.27661240243094,141.57001613271495,142.63060129713494,532800
2023-05-30,143.238037109375,144.01901760387585,141.74356081497575,143.0741288942964,504600
2023-05-31,147.41293334960938,148.59886623552643,142.88130708470993,143.4983794095622,2382300
2023-06-01,145.75453186035156,147.3743557208461,144.89641552797434,147.18150868800024,714100
2023-06-02,147.26829528808594,148.06856339303167,145.28207972584312,146.57408716601645,597700
2023-06-05,149.6690673828125,149.97761082860086,146.11125485143202,146.4776465152654,560300
2023-06-06,149.83299255371094,150.47900362753043,148.99416387266123,148.99416387266123,523400
2023-06-07,150.61398315429688,150.69110430998475,148.91702348591406,149.86191212079655,477700
2023-06-08,150.37294006347656,150.89358878465356,149.2062802838667,150.61398413501755,406300
2023-06-09,152.23379516601562,152.36877925930523,150.13189789734,150.3729419719402,366200
2023-06-12,153.41012573242188,153.8440022212926,152.22419273959758,152.76412923349594,353100
2023-06-13,152.91836547851562,154.64423456426013,152.87015372158322,153.188333662742,667600
2023-06-14,155.12632751464844,157.31501188014843,153.55471540537576,154.15251472796317,615300
2023-06-15,159.4458465576172,159.60011831253422,154.8178116074209,154.8178116074209,717100
2023-06-16,157.681396484375,159.87008095546267,157.3150194694221,159.53262805452806,733200
2023-06-20,157.89349365234375,159.06015336047722,156.19654878903856,156.6111375048509,696000
2023-06-21,158.38526916503906,158.87699385693062,156.23514509415423,157.05470095947186,502500
2023-06-22,156.44725036621094,158.0092260685803,155.90731396032075,158.0092260685803,641000
2023-06-23,156.96792602539062,157.80675481308865,154.37428907013495,155.66628195771148,1392600
2023-06-26,157.8163604736328,158.29844859538096,155.72409979070534,156.9678953836262,337800
2023-06-27,158.7612762451172,159.86043666048215,157.42107174996022,158.18276456875117,309300
2023-06-28,158.36593627929688,159.6482923537453,157.71030354405693,158.68411618157302,313800
2023-06-29,160.51609802246094,161.12353391938194,157.9321120897053,158.65524445759573,370600
2023-06-30,161.3356170654297,162.16480924632623,160.51606135085714,160.90174068625223,439000
2023-07-03,162.21302795410156,163.31218836079933,160.83424817823865,161.32598751292116,237200
2023-07-05,160.6125030517578,162.53121934321268,159.7061749011426,160.89210772844183,645400
2023-07-06,157.60427856445312,159.93758365363962,157.45000681173894,159.57119191898448,582400
2023-07-07,157.17037963867188,158.02849599142942,156.495459144171,156.85219968151503,756100
2023-07-10,157.3728485107422,159.00230872520808,156.76541276608847,157.03538093878745,457600
2023-07-11,158.92518615722656,159.21444199850973,157.3439375653303,157.54640635571425,392700
2023-07-12,159.35903930664062,159.7543550749642,157.1992793473676,158.99264764700797,413900
2023-07-13,160.4871368408203,160.9499373299818,158.75161661626197,159.9375640184715,295900
2023-07-14,160.7764129638672,160.86318530801074,159.82187304179556,160.86318530801074,440800
2023-07-17,162.29013061523438,162.52152346687606,160.51603538374178,160.52568656066683,520100
2023-07-18,163.97747802734375,164.02567507485455,161.5091742263576,162.44442645781731,552800
2023-07-19,166.57110595703125,166.7253777086067,163.7653638750933,164.2378008850676,677400
2023-07-20,165.77084350585938,166.43612758429654,164.90309061965016,166.26258289192052,423400
2023-07-21,165.46231079101562,167.69919236433614,165.42375020878777,166.6000318687898,523100
2023-07-24,167.08212280273438,167.98845097767162,165.54908584921168,165.61658525942227,478100
2023-07-25,167.2074737548828,168.38377016963028,166.33006967775458,166.93750553302255,300800
2023-07-26,164.74879455566406,167.22673463153217,163.8328300415484,166.8024947187639,359000
2023-07-27,163.4279022216797,165.56837503837042,161.76951761213255,165.56837503837042,496300
2023-07-28,162.19374084472656,165.5008585424912,160.7956881307673,165.5008585424912,689700
2023-07-31,161.5670166015625,162.55046575536292,160.24608517299578,161.73092479386256,908700
2023-08-01,165.48159790039062,166.00224667567764,161.43204530790987,161.43204530790987,478600
2023-08-02,163.76535034179688,165.82868703407476,163.40859510673982,164.7777236864604,344100
2023-08-03,165.02842712402344,165.47194000494096,162.51192626924805,163.21577088332535,290000
2023-08-04,162.98434448242188,165.63582913178521,162.53119518662865,164.7005917179259,461300
2023-08-07,165.8383331298828,166.3975571814781,163.29290814009673,163.88105630538112,259800
2023-08-08,164.4113311767578,164.83557106240218,162.96506686414915,163.94851600396683,264200
2023-08-09,165.74192810058594,166.66754397839495,164.3149510547888,165.1730675183502,307300
2023-08-10,165.6551513671875,167.70885188688408,165.1537755002987,165.95404370885575,351900
2023-08-11,165.54908752441406,165.94440338551064,164.7102587511992,165.4912392934564,281300
2023-08-14,165.79977416992188,166.33005940084865,165.16341423821322,165.6069271272244,464200
2023-08-15,162.28050231933594,165.81902739215673,161.85626241529647,165.05733462784005,592000
2023-08-16,150.86465454101562,154.25855895978452,144.73249318436075,147.50932540991363,1858400
2023-08-17,149.2930450439453,155.47341825559832,148.97486512019537,150.60432531508366,1201200
2023-08-18,149.4762420654297,152.3109225792973,147.75037306046124,148.02997769812268,780500
2023-08-21,149.57269287109375,150.22832577541843,147.41293239205754,149.40878464501256,627300
2023-08-22,151.00930786132812,151.63603136855286,148.83991089235386,149.10024264803693,426600
2023-08-23,150.92251586914062,151.98311568967767,150.24759539796378,151.1731964121026,544500
2023-08-24,152.2241668701172,153.0533591197357,150.83575057195006,150.9321593796673,330900
2023-08-25,152.6966094970703,154.87565754456094,151.15393610723206,152.97622888773822,279900
2023-08-28,152.99551391601562,154.3839303751304,152.29166921821852,153.2076339146118,407700
2023-08-29,151.867431640625,153.45833165544292,151.11537516531672,153.14978812087259,404800
2023-08-30,154.02716064453125,154.1332206237589,151.8674004821512,152.4169880232842,321100
2023-08-31,151.16357421875,154.14287575207848,150.6043501434962,153.64151461881443,646600
2023-09-01,152.4169921875,153.97895309501595,151.7131476036662,151.91561638907453,320200
2023-09-05,150.517578125,152.9473067680881,150.4115181327019,152.63876325879755,360500
2023-09-06,148.1938934326172,150.45006242946403,147.58647237172008,150.17045777757966,569200
2023-09-07,146.0655059814453,149.1613411027257,145.09805658341355,148.07780250080413,606700
2023-09-08,146.47181701660156,147.2457794032177,145.37860935403202,145.64949397503196,459300
2023-09-11,146.45248413085938,147.82626040642697,145.1754439309174,147.32318262201602,397000
2023-09-12,148.01974487304688,148.55184494756054,145.80429244184185,146.44279776915323,439700
2023-09-13,146.5492401123047,148.47446985265307,145.95909535103962,148.47446985265307,444000
2023-09-14,147.77789306640625,148.51314928219844,146.16225437029172,147.2071014740634,343100
2023-09-15,149.46124267578125,149.68375187395478,147.5263441404531,147.77787563568822,725900
2023-09-18,150.1384735107422,151.2607183484,149.10329557546137,150.10945120994984,431600
2023-09-19,147.71986389160156,149.5483428236208,147.3135368802759,149.23875190331123,362200
2023-09-20,147.9036865234375,149.209734510949,147.26516630086311,148.13586495920413,364100
2023-09-21,143.77264404296875,147.26513667882992,143.7629748641261,147.26513667882992,310700
2023-09-22,143.07608032226562,144.449856594603,142.98901342577574,143.62753352424537,310900
2023-09-25,142.93099975585938,143.45341600994558,142.22475096589662,142.58271733243245,268100
2023-09-26,142.73748779296875,144.73044609414129,141.51850677952984,142.25376305971577,434400
2023-09-27,143.60818481445312,145.7655927456628,142.77617777753153,145.69787896701516,455500
2023-09-28,146.7330322265625,146.8297830605255,143.8403535314831,143.8403535314831,391100
2023-09-29,146.22032165527344,147.81660747800387,145.69790540339514,147.22646267308318,524200
2023-10-02,144.99160766601562,145.76556998263135,143.64685386121087,145.68817227475944,440400
2023-10-03,141.86679077148438,144.8658900561835,141.35404372944532,144.42085680126465,435800
2023-10-04,142.6987762451172,142.766504784061,140.82192218205813,141.76034921358766,690800
2023-10-05,143.7436065673828,144.81747578973855,141.88610584046273,142.7568042317334,384900
2023-10-06,144.12094116210938,146.17192920698076,142.7278116364961,143.42437639930273,336600
2023-10-09,142.9890594482422,143.9952005764297,141.93454288573284,143.1631932972687,372600
2023-10-10,143.97581481933594,144.89488872047525,143.20185241128516,143.40500850160913,449900
2023-10-11,142.3892059326172,144.31443569259804,141.81841428812743,144.03388184157834,382400
2023-10-12,139.75775146484375,140.59942774694687,137.06822846230676,139.46751368277504,686900
2023-10-13,140.69618225097656,140.93804464067745,138.9354317302508,139.2740449806755,454700
2023-10-16,143.0857696533203,143.5404720818368,140.87031687868003,141.83776634154793,315900
2023-10-17,144.17897033691406,145.13675047380897,142.0312316751049,142.36984484043984,416200
2023-10-18,142.29246520996094,144.382159540378,142.16669205906058,143.83070627452895,238900
2023-10-19,140.8703155517578,142.6213967011173,140.1931038865507,141.68296955000633,475900
2023-10-20,138.46136474609375,141.55721488937326,138.2969001060745,141.26697709317736,575000
2023-10-23,138.44203186035156,140.0866930876949,137.86155624500304,138.37430330831404,635300
2023-10-24,138.88702392578125,140.28015332766176,137.58097618309722,139.00311312190286,324800
2023-10-25,137.33912658691406,138.29689206795328,136.28459549662375,138.28722288808152,518400
2023-10-26,135.7621612548828,138.37427139734723,135.14299429694972,137.00049517074896,498100
2023-10-27,133.6047821044922,135.73316805604765,132.12458554769498,135.52999716534055,572800
2023-10-30,135.23973083496094,135.88793485509515,132.70501839877042,134.40772384842518,601900
2023-10-31,136.40069580078125,137.49390358118617,135.7911979567821,135.81055107811233,482600
2023-11-01,135.78152465820312,136.9521301263121,134.4270866861929,136.94246094699346,481400
2023-11-02,137.31007385253906,139.1772587021657,136.71994394346942,136.81668001746715,790900
2023-11-03,140.1350555419922,141.08315184798377,138.58713055244505,138.89672145519717,573600
2023-11-06,140.62844848632812,140.71551539134924,138.57746043681763,139.89319224041657,633000
2023-11-07,138.76126098632812,140.6574683142659,138.27753628413146,140.62844601310263,933800
2023-11-08,145.0593719482422,152.82798980007362,142.2634436464734,151.8024957517034,1168100
2023-11-09,144.3531494140625,147.70051648739872,143.47276680771543,146.36543142555846,640600
2023-11-10,143.17286682128906,145.11743513777606,142.29248417188043,145.11743513777606,469000
2023-11-13,145.427001953125,145.59146658087025,141.70231583115125,142.32148286117712,528600
2023-11-14,148.1551971435547,148.8130703968326,146.52020533293987,147.0426362637938,410000
2023-11-15,148.83242797851562,150.34164684105454,148.3777255311984,148.3777255311984,449900
2023-11-16,148.41639709472656,149.94496872350183,147.6327655424662,149.40318472833363,456200
2023-11-17,147.34255981445312,149.43225424916452,146.13324795576935,149.43225424916452,363500
2023-11-20,148.66795349121094,149.17103133278457,146.6556568870234,147.31353018171305,474100
2023-11-21,147.9423370361328,148.96783087571356,146.8297763072527,148.39703936305696,426100
2023-11-22,148.10684204101562,149.2774624442179,147.69084583725214,148.21326207767038,393100
2023-11-24,148.79371643066406,148.8130695515021,146.98457606600607,148.7356718302558,249300
2023-11-27,148.97752380371094,150.41901382053382,148.06811909499845,148.64857982078385,522100
2023-11-28,150.09011840820312,150.66091008386894,148.2422862763614,149.0936465804787,453300
2023-11-29,150.9317626953125,152.91503674843105,150.3125957226521,151.01884435307954,500700
2023-11-30,154.0379638671875,154.17385913842273,150.23288146112733,151.32974514628538,2727300
2023-12-01,156.07640075683594,156.7170562725374,153.096406155607,154.02825525892328,486200
2023-12-04,157.91099548339844,158.308979804461,155.1348511862122,155.1348511862122,588200
2023-12-05,156.6005859375,158.09543406376955,155.90169167258887,157.63921100718937,339800
2023-12-06,160.55128479003906,161.8422975507927,158.65845210001564,158.7652280369645,981600
2023-12-07,160.30859375,160.80365249264432,158.8137456288482,160.59980216129517,496500
2023-12-08,159.86207580566406,161.14337198939367,159.41555429814562,160.62891025050936,724800
2023-12-11,159.56118774414062,160.47363391507304,158.66815941831717,159.5029490202898,667500
2023-12-12,161.25015258789062,161.42488355207118,159.39615589556448,160.1824082056908,382900
2023-12-13,163.24008178710938,164.11370710503553,160.81336947866424,161.10457791797296,806300
2023-12-14,162.0072784423828,165.2784961134462,160.27946077665237,165.2784961134462,586500
2023-12-15,159.541748046875,161.5801919713081,158.98845062312424,161.4734160550478,1352400
2023-12-18,161.4054718017578,161.68697869593205,159.37674406867112,160.57068225832128,444400
2023-12-19,160.40567016601562,161.82287655261018,159.64853717405322,161.40547436851665,552700
2023-12-20,158.0469207763672,161.9490633668691,157.93042851785415,160.84248318558892,650000
2023-12-21,158.4837188720703,159.3379114643075,157.36742241285964,158.4837188720703,370900
2023-12-22,160.24063110351562,160.72597345063866,157.24121895304884,159.00785739461068,487200
2023-12-26,160.70657348632812,161.201632214806,159.94944052551156,160.24064892847363,384100
2023-12-27,158.45460510253906,160.90072033524675,158.1925160377933,160.3474376557566,383500
2023-12-28,159.07582092285156,159.72617792533026,158.590478549825,158.84285125166826,272700
2023-12-29,158.6195831298828,159.6582080094323,157.42563033920808,158.85253796788965,267100
2024-01-02,159.83294677734375,160.49300526598654,157.60036899777742,158.34780036642434,553100
2024-01-03,158.63900756835938,160.32800442921493,158.34781398155187,159.63882652513794,470200
2024-01-04,161.78404235839844,162.10437013664432,158.2216307321738,158.949644370512,679300
2024-01-05,161.83258056640625,163.05563815426473,161.19192500594326,161.19192500594326,567500
2024-01-08,164.7252197265625,165.38529314113106,162.5702981269758,162.78384998361778,548700
2024-01-09,162.288818359375,164.89996323182424,162.07526648651083,163.8030845040652,414600
2024-01-10,162.69647216796875,162.88090464101649,161.2307435219416,162.28878634877194,244900
2024-01-11,162.36643981933594,163.08473704410815,161.23074045642232,162.74500627364048,324400
2024-01-12,162.6770477294922,163.3274047107552,161.87137763917355,163.11385288867203,217100
2024-01-16,160.3376922607422,162.50232981443048,160.09502108479737,162.02668897744832,284800
2024-01-17,160.90069580078125,161.0657104277999,158.22161127331452,159.33789279022395,358400
2024-01-18,160.68714904785156,161.25014798741066,159.337897820598,159.997971160985,305900
2024-01-19,161.5122528076172,161.8811177930495,159.70677838064805,161.31811879845958,339600
2024-01-22,163.86126708984375,164.17189327539484,161.6772267114048,162.32758362449667,350100
2024-01-23,163.12359619140625,164.67668310438142,162.19173219444053,163.66717735152133,354100
2024-01-24,161.74520874023438,163.97777187275872,161.28898571122915,163.67686196245194,381900
2024-01-25,163.35655212402344,163.46332805340396,161.22104834788877,161.96847985355245,490400
2024-01-26,164.59902954101562,164.87082010157633,163.56038968985703,164.20104521609647,398600
2024-01-29,164.56988525390625,165.6376443986683,163.85158802149704,164.96786955436062,379100
2024-01-30,164.4825439453125,165.49206447806213,164.10397744840023,164.3660665036396,440200
2024-01-31,160.96865844726562,164.94845714855296,159.803839676437,164.6669650800968,2118700
2024-02-01,161.78404235839844,163.8418895030957,159.50294184515724,160.96867063821372,532000
2024-02-02,160.7842559814453,161.89083624200634,159.46412384503242,161.80347815046977,500900
2024-02-05,158.45460510253906,161.01721259262033,157.3868458102236,159.55146894485313,463200
2024-02-06,159.10496520996094,160.1144709869839,155.92111992895823,158.16339967384067,871600
2024-02-07,164.22042846679688,165.6570524698263,158.01775390065205,161.50252318857451,933600
2024-02-08,168.94769287109375,169.1127075101747,164.2787013399741,164.46311901084715,622700
2024-02-09,170.77255249023438,170.93758192364837,168.5982282373915,169.86982282700367,461700
2024-02-12,170.55905151367188,173.141062109383,170.37461901151903,173.141062109383,427300
2024-02-13,167.54989624023438,169.6951160669497,166.1035706224008,168.53999883806253,520000
2024-02-14,170.12220764160156,170.19986420066223,167.86051034768468,167.90904754853187,495900
2024-02-15,168.97682189941406,171.3355789954237,168.62737475798943,170.8599528942315,584300
2024-02-16,167.4237060546875,170.52019286065547,167.40430302342463,168.55940546548442,428400
2024-02-20,168.02554321289062,168.724437447188,165.92886050999851,166.41420290540088,383700
2024-02-21,167.08396911621094,167.53047580240036,165.618225678763,167.53047580240036,287600
2024-02-22,168.54969787597656,170.5784254304087,167.5984309767767,168.01581830600134,471900
2024-02-23,170.79197692871094,171.64618423902238,169.3068304624027,169.56891948924346,307200
2024-02-26,169.3068389892578,171.11231328786252,168.8214965951326,169.8407185850904,449100
2024-02-27,170.0542755126953,170.25811102990247,169.02535197619287,169.79218646481124,262400
2024-02-28,168.2488250732422,170.33579180246846,167.66640817549316,169.71455402355875,300200
2024-02-29,168.6759033203125,169.80188644145207,168.14202371334238,169.3844990833048,445700
2024-03-01,166.91897583007812,168.6759130651303,166.63746892492384,168.6759130651303,392900
2024-03-04,168.4623565673828,168.77296801352074,166.5695240959128,167.2004633159111,379800
2024-03-05,167.4625701904297,169.35540286333182,166.60836270256544,168.41383728552057,337800
2024-03-06,169.2097930908203,170.7240591131988,167.37518447354373,167.96730283475333,294700
2024-03-07,169.2195281982422,170.6217409698544,168.22629167529087,170.15434166543565,249700
2024-03-08,170.06668090820312,172.03367451852893,169.87193244918242,169.87193244918242,360600
2024-03-11,168.96632385253906,170.74830099882362,168.28469690382852,169.93033380201788,319800
2024-03-12,167.31094360351562,169.66743388349218,166.54166721269166,169.0150184424467,433400
2024-03-13,167.8270263671875,168.92736168317077,167.45699394926504,167.9730839751291,356800
2024-03-14,166.32745361328125,168.61578882058865,165.48028966172072,168.15812177912719,308300
2024-03-15,166.46377563476562,166.8143287900727,164.58443153711548,164.58443153711548,491300
2024-03-18,165.92820739746094,167.23305323134016,165.73345894502293,166.48325608818155,292400
2024-03-19,166.5611572265625,166.92144260386402,165.75293703940002,166.19112476877973,257200
2024-03-20,166.99935913085938,167.2525306528369,165.52899111375896,166.87276594069277,231900
2024-03-21,167.3498992919922,167.71993175238603,166.32745134398857,167.37911081693332,530100
2024-03-22,164.51626586914062,168.00231821414442,164.3799404638435,167.91468363752944,285700
2024-03-25,161.40023803710938,164.8473316059275,161.27364486044618,164.8473316059275,716300
2024-03-26,162.02345275878906,164.08781317695409,161.42946029868526,161.58526500981037,438700
2024-03-27,167.73939514160156,167.87572054325418,162.734284168992,162.8608773485103,585400
2024-03-28,169.17083740234375,169.69667462099034,167.93417643291858,168.11917782340655,411600
2024-04-01,165.98666381835938,168.9079355058054,165.48030589886235,168.9079355058054,375000
2024-04-02,165.8210906982422,167.10645720749935,164.61364139865978,165.967163178851,446900
2024-04-03,165.79190063476562,166.75592564149696,164.49680173583184,165.76268910653343,399800
2024-04-04,164.9641876220703,167.08697088757089,164.46756201055416,166.76562927375267,416000
2024-04-05,165.56793212890625,165.74321614765336,164.5649634221615,164.95446035082446,275400
2024-04-08,167.06752014160156,169.19030358114168,164.5746893747261,165.53871429521774,450400
2024-04-09,169.59927368164062,169.68690825533713,166.97986468433558,167.72966181767688,346400
2024-04-10,165.98666381835938,167.88548744352806,165.36345978603848,167.88548744352806,348900
2024-04-11,165.58740234375,166.39562254180004,164.15597817903367,166.39562254180004,373500
2024-04-12,163.1724853515625,165.8795289170289,162.4908434908164,164.6331210102683,304400
2024-04-15,160.7088623046875,164.7596953325455,160.3680562409382,164.0878005685073,287200
2024-04-16,159.45274353027344,161.36131420425133,159.36510894716298,160.70888379659107,230700
2024-04-17,160.34857177734375,161.20548273674814,159.2384893337305,160.18303486170487,295600
2024-04-18,160.4459686279297,160.80625401620088,159.38456204960758,160.59202625605184,310200
2024-04-19,161.25418090820312,162.24740244729057,159.55010599160585,160.98153011021589,368400
2024-04-22,160.5141143798828,162.24740080310286,160.36805676042482,161.63394394302532,329200
2024-04-23,162.111083984375,163.3867034563269,160.5141228742562,160.98153699796518,297500
2024-04-24,160.8646697998047,162.15003630262794,160.02723810024372,161.34181612737166,350900
2024-04-25,161.5365753173828,162.1792586115316,159.628004738553,160.338858166182,240200
2024-04-26,160.55308532714844,162.61744575208206,160.33885756323775,161.07890765597594,378700
2024-04-29,161.7605438232422,162.25716951230788,160.728363552538,160.82574521739372,294100
2024-04-30,158.4205322265625,160.7088523123847,157.98234453849895,160.69912009117547,502300
2024-05-01,158.25502014160156,160.07594130303025,157.9434107137874,158.3134431947279,498800
2024-05-02,158.24526977539062,159.69617328411385,156.77490182159957,158.87822084061506,369900
2024-05-03,159.8714141845703,160.17329133002863,158.16733946594434,158.7905581984887,359300
2024-05-06,160.63096618652344,161.36128395893272,159.0826812166674,160.66990993004322,402900
2024-05-07,161.30287170410156,162.92905927792242,160.28043854683898,161.59500183118607,576400
2024-05-08,161.2444610595703,167.94391576064194,160.8160054879869,162.4908691632548,893300
2024-05-09,164.60389709472656,164.69154652791198,161.5365681088086,161.8286982165995,478500
2024-05-10,164.7986602783203,165.4997665931356,163.55225235383858,164.73049014793477,319800
2024-05-13,163.3185577392578,165.73347141963768,162.636930675242,165.5387229525411,471500
2024-05-14,161.34181213378906,163.82489564670524,158.97557471519946,163.82489564670524,449200
2024-05-15,163.4256591796875,163.54250527937623,161.55604729289539,162.2376743050038,387900
2024-05-16,164.93499755859375,165.39266462645597,162.73429680035696,163.42567094277294,358800
2024-05-17,164.55520629882812,165.20762172771035,162.66611527812424,165.20762172771035,313900
2024-05-20,165.0031280517578,165.71396653318402,163.37695557209202,164.52599660978214,298900
2024-05-21,164.64283752441406,165.61659453731573,163.80540589898453,165.2368298966182,300700
2024-05-22,165.1784210205078,165.74320191943428,164.2241283680006,164.3799330694329,265700
2024-05-23,163.91253662109375,165.26605841388573,163.51329263874214,164.97392830830273,422800
2024-05-24,164.72340393066406,164.84063306349503,163.37520927486108,164.3814657504915,226700
2024-05-28,158.8226318359375,164.04930088912306,158.1387554994109,164.04930088912306,630400
2024-05-29,157.80661010742188,158.87148120512455,156.48772266589336,157.39629321400605,470300
2024-05-30,157.43536376953125,158.77379436263726,156.47795769009443,157.80660925029878,338200
2024-05-31,160.8839874267578,160.97192418430302,156.9859696513752,157.7089025203212,1047900
2024-06-03,159.4967041015625,161.59715360292483,157.9335944916582,160.3368809206954,350700
2024-06-04,157.9727020263672,160.1708379958632,157.5916923879371,158.5979489947413,859400
2024-06-05,160.59091186523438,160.95237829357026,157.7284430003596,158.61747033676238,412300
2024-06-06,160.7570037841797,162.0661122154528,160.50298743594934,160.8546897659845,223300
2024-06-07,160.98167419433594,161.6264641888004,159.67256595616416,160.21965507617264,237300
2024-06-10,160.26852416992188,160.96214977529735,157.92383707358198,160.85468476371017,271500
2024-06-11,157.80661010742188,160.67884326839513,157.47445094233225,159.5748858529981,418400
2024-06-12,156.51702880859375,159.301324922787,156.39978477459528,158.81285035113265,356200
2024-06-13,154.89529418945312,156.1360238117697,153.38101999156362,155.90155064396663,793600
2024-06-14,157.84568786621094,157.93360971566213,154.27981437660975,154.38727938384838,580000
2024-06-17,161.23570251464844,161.7828066330507,156.35095611760056,157.28883398494148,579000
2024-06-18,158.470947265625,161.93910524015436,158.27554548644352,161.3724728760662,525600
2024-06-20,162.05633544921875,162.74996102206282,158.1289955546639,158.2657678441727,519700
2024-06-21,162.89651489257812,163.48267546804612,161.34315433599278,162.54481258447262,686700
2024-06-24,162.5936279296875,164.53776196185007,162.02701058254334,162.50570609034375,402200
2024-06-25,162.52528381347656,163.19938120593932,160.75700799096586,162.84767886670062,539200
2024-06-26,163.2579803466797,163.57059633697475,161.36269652587407,162.04655798001485,670300
2024-06-27,162.87698364257812,164.31310026341524,162.21265038667076,163.22868597639666,390800
2024-06-28,162.19309997558594,164.8113165085976,161.19660768139664,163.17004911304895,1184900
2024-07-01,159.72142028808594,163.17004956021648,158.69562070952642,162.79880411670368,450200
2024-07-02,159.9851837158203,161.43107915726924,159.54555958995923,160.1903495916545,473700
2024-07-03,159.8777313232422,160.62022225904076,158.5686229671556,159.62372989666267,272200
2024-07-05,159.30133056640625,160.05358560738136,158.7346982543656,159.87772700368393,324500
2024-07-08,160.55181884765625,161.18684473588988,159.0668668809316,159.52601926440263,380800
2024-07-09,159.12550354003906,160.913322511774,158.9789522037613,160.55184114127263,395100
2024-07-10,157.1618194580078,159.15480425542918,154.9636836681551,159.15480425542918,412200
2024-07-11,160.35643005371094,160.41504461654637,157.75774178289475,158.37322450678826,332700
2024-07-12,162.44708251953125,163.76596966476606,160.96211582906213,161.11843125059764,331300
2024-07-15,163.51197814941406,164.62569960922548,161.11845565939657,162.4373430044375,323500
2024-07-16,165.82737731933594,166.74569712705784,163.54130465869935,164.33264610299457,345200
2024-07-17,165.82737731933594,167.18533623179843,165.07512219447074,166.09114289370459,311000
2024-07-18,164.1763153076172,167.48817248453219,163.99069257531696,164.85041263773417,243800
2024-07-19,162.27125549316406,165.98365023949205,161.8120882122232,164.7136283036749,320800
2024-07-22,165.04580688476562,165.4268164918385,162.14426645126352,162.88674250664437,260300
2024-07-23,163.2189178466797,165.88598511693047,162.86721552148796,165.48543234797776,245100
2024-07-24,164.05906677246094,165.10440953853814,162.83788031137706,163.21890479801408,346100
2024-07-25,163.6194305419922,168.03524463307065,163.4631300158853,164.89923147354466,338100
2024-07-26,166.4037322998047,166.6479695605793,164.13720336442782,164.1958328289436,237200
2024-07-29,166.2474365234375,167.97664070806718,165.29979464706867,166.67729653833402,249100
2024-07-30,168.4358367919922,168.84615371986635,165.4952097816319,167.02902737810155,257000
2024-07-31,167.52725219726562,169.05129063286773,167.05832073409476,168.71913146758263,354300
2024-08-01,165.1728057861328,168.09387430739804,164.42055074005722,167.44908426790465,329100
2024-08-02,166.28656005859375,167.13650124652918,162.9356159429978,164.45965458635698,331800
2024-08-05,160.02426147460938,165.10439368345766,159.81909560974253,164.9871645647108,373900
2024-08-06,162.6717987060547,164.63547605142585,159.95588124315253,160.23920484653317,278900
2024-08-07,162.183349609375,165.60267219485607,161.21617933285953,163.4240794072273,405200
2024-08-08,163.49246215820312,164.39125367500097,161.9977310055101,162.53504116475682,351800
2024-08-09,162.60340881347656,164.6061574280183,162.1930919848045,163.6389724630384,401400
2024-08-12,158.9594268798828,162.78906634023588,158.82265457440818,162.59366455493216,382000
2024-08-13,161.35293579101562,161.42131448433574,158.35369454810532,159.41856561386237,504300
2024-08-14,160.991455078125,162.5643439154169,160.39551545885138,161.1086991210894,335800
2024-08-15,160.97190856933594,162.6620263508362,159.01801035491147,161.61668365073012,329300
2024-08-16,161.2650146484375,161.6362452146544,159.9656703990233,160.62998871219398,503200
2024-08-19,160.30758666992188,162.066098167671,159.5162602227001,161.71439586812116,825700
2024-08-20,161.7339324951172,162.91603260208058,159.79957737922928,160.32712335372207,790600
2024-08-21,161.63624572753906,163.79531006631868,156.53656959837255,158.26577389453092,1467200
2024-08-22,160.01451110839844,162.8183655928763,158.84217498973763,161.606943156258,579300
2024-08-23,160.83514404296875,161.05007404948003,159.60417856802937,160.33689043375574,459000
2024-08-26,164.94810485839844,165.49519404353745,160.83515693700983,161.5971761458909,517700
2024-08-27,167.43931579589844,167.71286036790448,164.29353831076793,164.94809245857243,432400
2024-08-28,169.75469970703125,170.83911399249232,167.97665978815888,167.97665978815888,588100
2024-08-29,167.92779541015625,170.57533427002227,167.72262952147005,170.57533427002227,443000
2024-08-30,169.04151916503906,169.33460690693965,167.30255077870706,168.1134204049053,427100
2024-09-03,171.04428100585938,173.57457605263343,169.04153200894032,169.04153200894032,757000
2024-09-04,170.0771026611328,170.61442776576544,168.46514225429846,169.6667857377034,598400
2024-09-05,169.21739196777344,170.94658146662232,167.6640312775154,170.94658146662232,440400
2024-09-06,166.25758361816406,170.38364790596268,166.14977628652426,169.68779786455175,422800
2024-09-09,168.47250366210938,170.16802019834128,166.93381545161495,167.27682787723148,545800
2024-09-10,171.54991149902344,172.0203516577393,167.83548600910035,168.835152653187,557800
2024-09-11,170.54043579101562,171.34409311438046,166.92402269951316,171.2950870658381,487900
2024-09-12,172.03994750976562,172.49078227070157,169.9916230593926,170.9324884517794,278100
2024-09-13,172.55938720703125,173.0396076367691,171.66752790245027,172.471170331252,323000
2024-09-16,173.52964782714844,174.1666966318153,172.7358005831536,173.1572197553293,225200
2024-09-17,172.1869659423828,173.9608744382935,171.54991714776725,173.30423518566374,343100
2024-09-18,170.73646545410156,172.9807989855853,170.5894473037653,172.46136775440027,270600
2024-09-19,172.09878540039062,172.62801196894233,170.52088597040967,172.62801196894233,394700
2024-09-20,170.12881469726562,171.90272302000741,169.56037742483485,171.90272302000741,579700
2024-09-23,171.36370849609375,172.3927608026303,170.24643931522917,170.65806322875324,258400
2024-09-24,170.24644470214844,171.55972317559613,169.64860674713898,171.38330437590517,385200
2024-09-25,166.88479614257812,170.6776276602815,166.60058501510613,170.6776276602815,783100
2024-09-26,170.6678466796875,170.991268651112,166.89460530094817,167.394446054307,601900
2024-09-27,172.48097229003906,173.3728165975469,170.5600457990404,170.5600457990404,415300
2024-09-30,173.02000427246094,173.54924571520934,171.63812929316828,172.77498896310829,447900
2024-10-01,176.11700439453125,177.45969848192132,171.5205147194568,173.25522732672036,602200
2024-10-02,175.96998596191406,176.048392650014,173.75503814809431,175.54855188269528,344200
2024-10-03,179.9196319580078,180.08624056289455,175.4701458574451,175.77397738293507,795500
2024-10-04,178.50833129882812,181.1349028694381,178.01830074020012,180.6154567191102,527000
2024-10-07,176.2248077392578,178.2731321251169,175.93078637873816,177.82231233292802,335500
2024-10-08,177.67529296875,178.08693184341053,175.6269685968017,176.41102056801347,459700
2024-10-09,178.8121795654297,180.18427434566152,177.73412111797805,177.73412111797805,294300
2024-10-10,177.9595184326172,179.12579367917948,177.26366838520232,178.14573245746965,563600
2024-10-11,179.7236328125,181.12511319064106,178.93958083903166,178.93958083903166,360000
2024-10-14,180.615478515625,180.9683011585973,179.31201023237347,180.07645679972222,327400
2024-10-15,181.02711486816406,182.32078790464317,180.12544538405908,180.8212954315744,520300
2024-10-16,181.9679718017578,183.046045166331,179.41982150615897,180.48808468725096,315800
2024-10-17,182.27178955078125,183.2028447599531,180.69389031877705,182.40899752945344,420600
2024-10-18,182.40899658203125,183.10484665532118,181.35052862867994,182.6246112551888,304200
2024-10-21,181.2819366455078,183.19305315573794,180.64490279361388,181.86997939690863,322100
2024-10-22,179.62564086914062,181.04672681862243,178.65537476068377,180.63510285112386,358300
2024-10-23,180.74288940429688,181.05651617462604,179.20420105669356,179.5570236960401,668100
2024-10-24,180.9095001220703,181.51714825801315,179.89024301574153,180.76249691836105,428200
2024-10-25,178.8023681640625,181.86015433018912,178.59654873155145,181.09570778865748,322000
2024-10-28,179.90982055664062,180.83106541474817,179.4295852413409,179.97841705622895,298000
2024-10-29,179.0179901123047,180.0176418122025,178.77297480172325,179.69423476223707,297700
2024-10-30,179.13558959960938,180.01763872073585,178.1359229623312,178.91017970501883,439000
2024-10-31,178.3025360107422,180.33126997615693,177.9007222637517,178.7925666356774,570200
2024-11-01,179.41000366210938,179.8902390411953,177.34207389985175,177.83210450745264,443100
2024-11-04,180.64491271972656,182.69323732389552,179.4100258648397,179.4100258648397,644500
2024-11-05,181.8209686279297,182.09538458358927,179.1159899870739,180.6448981101675,601500
2024-11-06,176.8030242919922,185.8489994130752,174.08826569197916,185.58437871707758,1436200
2024-11-07,176.3816375732422,178.06734424589789,174.45091556973014,176.72466501826068,720800
2024-11-08,176.1856231689453,180.017651466493,175.57797499702292,176.92066914010988,561000
2024-11-11,173.52964782714844,176.88145560987576,172.716195170282,175.47016497408566,686000
2024-11-12,173.5786590576172,173.74526768562288,171.7753498379157,173.64725557289069,547000
2024-11-13,171.4617156982422,174.14708895389023,170.49146461466736,174.14708895389023,639700
2024-11-14,169.01153564453125,172.06933648072922,168.40390254100953,171.55970051560527,568900
2024-11-15,169.7564239501953,169.99162909072606,167.9629099809052,169.4721977993225,1734100
2024-11-18,168.6293182373047,169.89360548906055,168.31570644722908,168.51171568534463,435800
2024-11-19,168.20791625976562,168.79594403401933,167.30626170893837,168.37452487686488,570700
2024-11-20,167.7080535888672,168.03147555208687,166.22816668554,167.8550717291739,446800
2024-11-21,169.06056213378906,169.71720136318328,167.10043967426688,167.90409706085381,445000
2024-11-22,169.06056213378906,170.1876265661953,168.27651015907068,169.2761768007003,559000
2024-11-25,168.95274353027344,169.90340405609132,167.7178718467842,169.89360882808424,1106700
2024-11-26,169.64859008789062,169.9230060119758,168.3058961508886,169.22715601940865,592400
2024-11-27,170.49143981933594,171.54989267392781,169.6877825189634,170.47183440957062,723600
2024-11-29,172.6671600341797,172.9611813595406,169.8641996021037,170.31501934038405,573100
2024-12-02,172.69667053222656,172.9621049098274,170.65175772660555,172.77532275567864,807900
2024-12-03,172.37222290039062,172.95226612860716,170.90735347525958,172.31323748753832,622900
2024-12-04,169.4523468017578,172.34275241521235,168.93128891921026,171.91017266335132,1265500
2024-12-05,170.6812744140625,172.19528867442864,168.3709119048825,169.0984338229898,651000
2024-12-06,170.0913848876953,171.3792983112199,169.1869067210084,171.29080517428386,574500
2024-12-09,171.85118103027344,172.2346012507658,169.324528935235,170.19951431027542,530100
2024-12-10,174.27952575683594,175.26265613172424,169.96358401113145,172.2641054880391,691000
2024-12-11,175.83287048339844,176.0000008440498,173.03094296327123,174.40731946356394,780100
2024-12-12,177.50418090820312,178.32018086767937,175.82302147335386,176.09829676072198,671700
2024-12-13,176.766845703125,178.67412104463335,175.94101978248605,177.21907727812194,530500
2024-12-16,175.0758514404297,177.97608292150386,174.80057614739488,176.7078513929777,537700
2024-12-17,174.67276000976562,176.57020930478717,174.25002117801714,174.92836848933138,385900
2024-12-18,173.52249145507812,176.40305592559764,173.04075222561352,175.33144753903846,1126400
2024-12-19,173.0211181640625,175.40029184482114,172.97195864558583,173.71913232174327,778000
2024-12-20,173.75848388671875,175.39046905852882,172.0085128581007,172.5000780908896,1030500
2024-12-23,172.677001953125,173.62081362348206,171.31045146260325,172.5196975078359,294900
2024-12-24,174.06324768066406,174.47616066595887,172.08714589222038,172.45091435654058,142700
2024-12-26,174.5154571533203,174.76123973254658,172.73599367994265,173.79777622236548,348800
2024-12-27,173.89610290527344,174.99720410820973,172.4115664605517,173.7584652549064,303200
2024-12-30,172.12646484375,173.23740694850494,170.70092882521607,173.23740694850494,275800
2024-12-31,172.34274291992188,173.49300355960816,171.64471381308093,172.78514855035849,268400
2025-01-02,170.05206298828125,173.79778733497008,169.52116418243517,172.8834832824494,416800
2025-01-03,170.7697296142578,171.32028018044,169.7669325107815,170.57310655510386,378300
2025-01-06,166.76840209960938,170.92703918069185,166.41447458198246,170.41580721048,516900
2025-01-07,168.44955444335938,171.33013423583557,166.43413417922477,166.53245321703778,546000
2025-01-08,170.52395629882812,170.64194214182896,167.8006810274792,168.8034781854039,550300
2025-01-10,169.09841918945312,169.46217261633814,167.82034674181526,169.24588274052041,679700
2025-01-13,170.32733154296875,171.5267517588506,167.88917249817976,168.8133174187489,736400
2025-01-14,169.46217346191406,170.0815503822443,166.6307682576442,169.77678237426548,795700
2025-01-15,169.0689239501953,171.6840542267791,168.37089481570177,171.1039959313747,697000
2025-01-16,169.58998107910156,170.70092314690137,168.90179285180986,169.06892320691082,774900
2025-01-17,170.23886108398438,171.40878864247225,169.54083190995763,170.92704935327748,391400
2025-01-21,171.80203247070312,172.65735109372116,170.28801829874973,170.28801829874973,384000
2025-01-22,170.6124267578125,171.83151373814283,169.36386206978082,171.60539796807555,535200
2025-01-23,171.18263244628906,171.25145876369288,169.21637196792094,170.33713984053568,491900
2025-01-24,170.94671630859375,171.7922090405618,170.39616569268512,170.55345515338817,429200
2025-01-27,174.60394287109375,175.41010189601846,170.76972579709656,171.6447111419445,526700
2025-01-28,172.19528198242188,174.38767355533633,172.12647065576937,173.77812251198083,470200
2025-01-29,169.99305725097656,172.92278123218207,169.64895565862804,171.58572347542767,418000
2025-01-30,171.39894104003906,172.6770134910001,170.27817304487783,170.37649208009736,424700
2025-01-31,171.15316772460938,172.08713860427315,170.15038551766733,170.44531263654477,753100
2025-02-03,171.83152770996094,172.5098900766992,169.09842643627564,170.66160015009393,655200
2025-02-04,171.14332580566406,172.28376056320053,169.57031131241527,171.20231122391974,1013900
2025-02-05,169.86524963378906,176.51120496738943,169.15739462768045,171.23180013142536,1385400
2025-02-06,170.93687438964844,171.62507765683017,167.73187475097947,170.64194727671807,772200
2025-02-07,170.8778839111328,172.02814462166458,168.77398555999818,171.66439119222716,464800
2025-02-10,170.7304229736328,171.80203147232814,170.16020556114145,171.0646836977688,454900
2025-02-11,168.08578491210938,171.00568303930993,166.2080024798789,170.92703081686608,532900
2025-02-12,167.31895446777344,167.7318674091814,166.23750509643466,167.38776579065222,378300
2025-02-13,167.59422302246094,168.8133099919117,167.24029551528994,167.65320844009312,508500
2025-02-14,163.66171264648438,168.36107457915276,163.44542276662276,167.2992919874808,615100
2025-02-18,164.9692840576172,165.85409541672936,162.6785884263217,163.42576212954134,883700
2025-02-19,164.5366973876953,165.08724798819816,161.43984275917734,164.85129130167746,495800
2025-02-20,165.85406494140625,166.04086208323244,163.46506570994916,163.99594942759185,370000
2025-02-21,168.2430877685547,169.08858040012137,165.65745036011919,165.90323292741905,709300
2025-02-24,169.69810485839844,172.03795954085533,167.40740968634321,168.42987349774305,722300
2025-02-25,171.1138458251953,173.37504870192797,169.82594742621663,170.54362840401026,632900
2025-02-26,168.86245727539062,171.71354418585923,168.6658342129323,171.06467457850658,521900
2025-02-27,168.97059631347656,169.9439006905407,168.20375589568454,168.20375589568454,415200
2025-02-28,170.6615753173828,171.33993758541362,168.1349383930656,169.95372034216606,712500
2025-03-03,174.99722290039062,175.0562083281137,170.66161394617887,170.66161394617887,780400
2025-03-04,174.03375244140625,180.2373030374618,173.91576658919172,174.99721605977598,1045100
2025-03-05,174.63345336914062,175.1741630744653,172.38207640887774,172.6671926184938,681600
2025-03-06,181.00527954101562,181.3011878722894,173.13420221206113,173.91342798609955,867900
2025-03-07,188.66921997070312,190.3854761461268,180.8474636864022,181.19267750955598,1300700
2025-03-10,187.5546417236328,193.32480125055469,186.094846418132,187.8702812764558,1181100
2025-03-11,174.2783660888672,187.49546388507403,174.26849294622215,187.2291599430596,1503700
2025-03-12,170.7768096923828,174.26848557241843,169.4846923044303,174.09094961858756,1020400
2025-03-13,172.9270782470703,175.215404922127,170.91491361933322,170.91491361933322,600900
2025-03-14,173.43008422851562,175.0674303693403,172.03932581791682,173.40049490493018,613600
2025-03-17,174.77154541015625,175.74802331985038,172.4437563241075,172.87775319531497,676800
2025-03-18,174.28823852539062,175.27458963764582,173.22297751809216,174.2685072889989,547200
2025-03-19,174.7517852783203,175.9156871541453,173.41034746664346,173.43993678928544,457300
2025-03-20,172.90733337402344,174.39671796638615,171.64480529759848,174.39671796638615,493900
2025-03-21,170.6880340576172,173.18350074464865,169.07041910969338,172.55223674181306,935700
2025-03-24,170.461181640625,173.68653847200534,170.10609468986038,171.43765946733663,532500
2025-03-25,172.39442443847656,172.75936948778468,169.26769361330685,170.7768094205539,550800
2025-03-26,176.94149780273438,177.28672665833872,172.4535979324839,172.81855802139967,499900
2025-03-27,176.87246704101562,178.5985812763454,176.67518480227486,177.2768595091821,373200
2025-03-28,176.1524200439453,178.43088842731444,175.47183545140197,177.82921372019138,327600
2025-03-31,180.10769653320312,181.10390561347165,175.31403012672908,176.41873841776123,810100
2025-04-01,181.50830078125,182.39601059035593,178.2237504067251,179.77231352714685,740800
2025-04-02,181.5970916748047,182.484801595965,179.70329947261285,182.47494350369345,585100
2025-04-03,182.0803985595703,186.62747722013103,180.0485028801273,181.56749183122886,648300
2025-04-04,170.26390075683594,183.40210298880493,170.00745492111926,181.10390340736814,879700
2025-04-07,167.04840087890625,172.21688537982234,161.40647212654272,167.51198703884154,1130100
2025-04-08,161.30783081054688,168.62656824328502,159.53241110717653,168.51806903469935,777800
2025-04-09,168.37998962402344,169.2479682892148,158.93074502517075,160.6963067327003,993000
2025-04-10,167.8177490234375,170.39212558950234,164.34578948613648,167.47252017280175,761100
2025-04-11,170.41184997558594,171.67437792923744,163.41861062465577,168.54764736820047,547900
2025-04-14,171.47711181640625,173.39061994040347,170.4808877644346,170.73734863350634,517600
2025-04-15,171.5757598876953,173.09474891307102,170.81626537500748,172.27607574624273,415500
2025-04-16,169.5340118408203,172.4634754655231,168.42928850507155,171.9308375062017,487700
2025-04-17,169.4846954345703,171.32916700253475,168.0249001575322,170.89517015112617,400900
2025-04-21,166.41714477539062,170.0469092933316,164.9376182500408,169.48469703997017,543500
2025-04-22,170.32308959960938,170.5598192663365,166.15082893325456,167.72899661039062,544500
2025-04-23,170.84585571289062,172.47332877010027,169.7510055496976,170.638715389899,505200
2025-04-24,170.18499755859375,171.2601316036736,168.77452283095738,170.38227980207253,475900
2025-04-25,168.59698486328125,170.63873884714857,167.18651002654153,169.09016040908227,429600
2025-04-28,167.72900390625,170.1258298027142,167.2555596027243,168.6758925133014,541300
2025-04-29,171.14175415039062,171.14175415039062,167.0779929045292,167.7585774929038,659700
2025-04-30,171.06283569335938,171.13188748316458,166.4072731195473,170.53021280987727,914100
2025-05-01,171.51657104492188,172.4536014643684,169.29728134335411,170.79653904478147,878800
2025-05-02,171.77301025390625,175.24496977832993,171.6447948660059,173.2624098062736,671600
2025-05-05,169.91868591308594,171.3390337187805,169.58331514469813,171.11216215917554,578300
2025-05-06,169.672119140625,170.21461525158747,166.99910105780438,169.02112380747005,918600
2025-05-07,169.30712890625,170.81624460542702,161.93908635119965,161.93908635119965,1761400
2025-05-08,176.97108459472656,176.97108459472656,169.8989501311778,169.93839754671487,1143000
2025-05-09,178.49008178710938,179.1213458187397,176.32997071075067,176.75409441223465,631300
2025-05-12,179.18051147460938,179.56518773082024,177.24725705203642,179.1213328275801,652400
2025-05-13,175.90585327148438,179.59481183952536,175.63954930827302,179.22986674514598,613300
2025-05-14,175.481689453125,176.43845101502043,174.00216312654698,175.90581310916107,613600
2025-05-15,178.16458129882812,178.39143780876458,175.03785051645005,175.79732993026366,754900
2025-05-16,180.17672729492188,180.27536841071307,178.11525740936776,178.62816412054391,650600
2025-05-19,181.77459716796875,182.35655562593212,177.8390667866118,179.70326934897037,477800
2025-05-20,183.48101806640625,183.60923346263297,180.69950100953895,181.92258167327464,805700
2025-05-21,180.4824981689453,183.97418906765023,180.21619424062834,182.38616338727778,662300
2025-05-22,179.35806274414062,180.5515540798056,178.70706747014157,180.2753770030524,534200
2025-05-23,179.51588439941406,180.43318361742422,178.1054096748121,179.3482065332355,522900
2025-05-27,182.07052612304688,182.07052612304688,179.39752336122953,180.47264233110408,825800
2025-05-28,179.614501953125,182.66232257182233,179.42709287712717,181.9817380539439,573100
2025-05-29,178.1896209716797,179.1692339314368,176.01271838194123,179.1692339314368,868500
2025-05-30,179.26817321777344,179.46607070589437,177.496970315967,178.2489868102707,875800
2025-06-02,178.47657775878906,178.58542364789702,176.09188798606095,178.10057704073455,426800
2025-06-03,178.31826782226562,178.63490079878446,176.01272498303766,177.51675804407182,450200
2025-06-04,179.6046142578125,180.89097067735472,178.2588900971334,178.93175972677878,521100
2025-06-05,179.10984802246094,180.1785125696933,178.54583943005548,180.0894609654099,395900
2025-06-06,179.93115234375,181.41540627001004,178.5062661587625,180.31705776063313,277400
2025-06-09,178.0708770751953,179.57491000868794,175.8345917554063,179.57491000868794,389600
2025-06-10,177.62559509277344,178.81301021680656,175.49817067633336,177.77402953258283,692500
2025-06-11,177.91256713867188,178.71406181375255,176.547048744913,177.81361084109673,368200
2025-06-12,178.28855895996094,178.33803710628067,176.84389371853138,178.07088229365286,354500
2025-06-13,177.2199249267578,178.55574440191728,176.50748183389476,177.36834428001606,483000
2025-06-16,178.74375915527344,179.29787822679154,177.21993170859866,177.30898332396143,620300
2025-06-17,178.43699645996094,178.90206386584578,176.70536699933749,177.97192905407607,530800
2025-06-18,179.48587036132812,180.02019510512298,177.8828810313326,178.56564021962285,667900
2025-06-20,176.4085235595703,181.30655844426198,175.32006465247815,179.990518165182,888100
2025-06-23,179.11976623535156,179.4166200373207,175.58723467928067,176.6064211571059,506100
2025-06-24,179.11976623535156,181.66278008532146,178.3281611296377,179.91137134106543,432800
2025-06-25,176.19082641601562,178.95154706061615,175.89397262324198,178.7833183357759,399100
2025-06-26,175.7356719970703,177.63551522261662,175.16175866352842,176.65590218971744,502500
2025-06-27,176.44810485839844,176.8241055665124,175.16174850257045,176.02261090363962,687200
2025-06-30,178.27867126464844,178.6843709307269,175.09247187001225,176.8933737446373,543300
2025-07-01,180.17852783203125,181.38572223216553,177.76413903176274,178.15004444829012,618800
2025-07-02,177.5365447998047,180.09935276751114,175.50806156297267,179.2879685319447,419200
2025-07-03,179.41661071777344,180.15873763484177,176.6262062622633,178.29846799783502,245500
2025-07-07,178.62501525878906,179.80252577963617,177.5266667585195,178.69427259016217,333600
2025-07-08,178.42710876464844,180.19831170264828,177.73444489415527,177.88287933723703,527600
2025-07-09,177.87298583984375,179.14945267704897,176.33926885511067,178.73386338777175,344800
2025-07-10,177.67507934570312,179.2978629592282,176.13145774974157,177.03190871358947,243800
2025-07-11,173.35096740722656,177.4771915444447,173.19264336345225,177.4771915444447,439400
2025-07-14,174.32066345214844,175.73565995829063,173.12337381479276,173.14315299490997,327400
2025-07-15,173.1827392578125,175.44869343729644,173.1827392578125,173.6675858406439,729600
2025-07-16,175.63670349121094,175.74554937619217,173.49937434900343,174.19202311769732,439600
2025-07-17,177.2100067138672,177.45738234949388,174.64719875244126,175.44869339609403,427700
2025-07-18,176.76473999023438,178.48647991204132,176.54704821511126,178.11046410071756,430500
2025-07-21,175.00343322753906,177.49698404686956,174.5581600701687,176.5767387629332,372000
2025-07-22,178.68438720703125,178.97133632709645,176.2897926479688,176.477800563941,390900
2025-07-23,178.63490295410156,179.20881627324096,177.1902376150709,178.62501336361365,357200
2025-07-24,179.00100708007812,180.3962093134657,174.4097158052244,177.77403356868265,387700
2025-07-25,174.498779296875,178.37762744914227,170.8079239447287,178.37762744914227,792600
2025-07-28,173.53897094726562,174.7065767687914,173.30148488759073,174.03372224762973,432100
2025-07-29,173.59832763671875,174.79561725216112,172.82651686517113,173.73685738805779,276600
2025-07-30,171.5302734375,174.6768843056893,171.1641472261858,173.9050735229783,447900
2025-07-31,168.03733825683594,171.81723032580473,167.7404844580367,170.1944466707951,665200
2025-08-01,165.52398681640625,169.17525367389635,164.92038965163673,168.49249449259517,627100
2025-08-04,168.69039916992188,168.83883361922034,165.7515752374279,165.7515752374279,837800
2025-08-05,164.26730346679688,169.77883960146042,164.09908985477975,168.50237292996303,660300
2025-08-06,165.00942993164062,166.4541102116086,162.95126293892682,164.26730306353463,480900
2025-08-07,162.3674774169922,165.93958239388306,162.0508444374272,165.59326554431547,671200
2025-08-08,159.86402893066406,163.46581759449043,159.31979951059196,163.00075018993886,885100
2025-08-11,156.85594177246094,160.2004499819491,156.143498758918,159.53748511352083,1114500
2025-08-12,158.11260986328125,160.54679284190016,157.15280625596557,157.56839552575687,1279400
2025-08-13,161.655029296875,162.00136123425014,156.8262670442099,158.3204104826399,901000
2025-08-14,157.5782928466797,161.38788398791226,157.37049065228388,161.0910301810376,1066900
2025-08-15,158.70631408691406,159.51771342880738,157.3803842877628,157.54859791016762,814400
2025-08-18,159.14169311523438,160.1311956415255,158.9437956296982,159.14169311523438,744000
2025-08-19,158.9438018798828,159.4187588835685,157.15280465264573,159.23075098040246,950500
2025-08-20,162.0805206298828,164.3959529720757,156.86583796634054,157.3309053725003,1769700
2025-08-21,161.5461883544922,162.48622789938946,160.13120688983443,161.6253503739894,1020100
2025-08-22,163.82203674316406,164.6631199346081,162.01124529820166,162.9116962257739,768900
2025-08-25,159.98277282714844,163.66372370028398,159.46824234709268,163.25803910997297,771100
2025-08-26,160.3785858154297,160.45774783654423,158.61727236681318,159.81456207696795,725500
2025-08-27,161.0316619873047,161.4373465869956,160.38847622444663,160.49732211670803,584600
2025-08-28,161.11080932617188,161.31859640243607,160.16088025313286,160.7842716791463,586300
2025-08-29,161.5461883544922,163.25803871622304,160.9920693166231,161.81335828296886,692800
2025-09-02,159.0823211669922,161.33838565930733,158.32040001431253,160.5566702290151,869600
2025-09-03,159.8937225341797,159.9926788342579,157.50901762924298,158.62716040595842,652900
2025-09-04,160.1707763671875,160.3884681407385,158.20167591362778,159.90362154396578,660000
2025-09-05,161.11419677734375,162.04766124221487,159.33660938104757,160.17077685326737,595400
2025-09-08,161.4021759033203,161.85899055357524,159.31674209378747,161.85899055357524,608900
2025-09-09,161.6206512451172,162.51439993738407,160.60772494841711,161.15391143942725,652300
2025-09-10,157.99598693847656,161.18370377413254,157.6583347340324,160.97516948173202,892200
2025-09-11,160.2998809814453,160.35946220812633,157.80730369688374,158.12507529015127,781200
2025-09-12,159.00889587402344,160.1707752313296,158.7606306655502,159.18765470363522,693400
2025-09-15,157.33062744140625,159.66432656309894,156.61563755076884,159.00890274769932,797100
2025-09-16,157.9661865234375,158.14493019154688,156.2680459118733,156.98305089012084,695400
2025-09-17,158.6712646484375,160.79641430481865,158.35349304944452,158.8897392521417,696200
2025-09-18,153.39810180664062,159.10820136265698,153.31865512490396,158.37333092127164,1175800
2025-09-19,150.91546630859375,154.1627796970621,150.637410468599,153.97409570144276,3452800
2025-09-22,150.39906311035156,151.7694919360031,149.58476109065134,151.00483083661285,922000
2025-09-23,148.97898864746094,150.8459326874442,148.35335548114062,150.39905834846064,642800
2025-09-24,150.44871520996094,150.7764271010442,149.10807703306634,149.10807703306634,884200
2025-09-25,147.4198760986328,151.1140635712942,147.27092303639066,150.4487146384366,1225400
2025-09-26,148.3434295654297,149.0286439530381,147.300712677891,147.80716823908153,1246100
2025-09-29,150.12100219726562,150.75656051534065,147.46953162875386,148.98891346966616,988600
2025-09-30,147.89654541015625,149.53510490764663,146.56584750521696,149.36628638116082,947200
2025-10-01,145.2748565673828,147.87668614591442,144.62937311386492,147.4099463615288,1712700
2025-10-02,145.29473876953125,145.97995321931148,143.11993296037028,144.80814862332727,1576700
2025-10-03,145.24508666992188,146.5857249912291,144.3116221209302,144.66910951017766,1869800
2025-10-06,146.6651611328125,147.90648721030882,144.37119296606426,145.97002155999579,1482300
2025-10-07,148.60162353515625,148.70093568034778,146.66515792716834,146.66515792716834,907400
2025-10-08,148.39308166503906,149.7933011580118,147.19148647258672,148.51225927593262,1005600
2025-10-09,148.2838592529297,148.66121208685985,146.95314614515505,148.66121208685985,718000
2025-10-10,150.48843383789062,151.34246677101257,148.39307484807432,148.8300240444957,1721400
2025-10-13,151.13394165039062,152.00784009626423,149.04850768743114,150.33948989531527,1188100
2025-10-14,153.050537109375,154.00388221605152,150.4884382351449,150.93532775093772,1055600
2025-10-15,153.38818359375,154.34151351191278,152.3256012244642,152.83205679643157,1044600
2025-10-16,151.87872314453125,154.8777710422068,151.78935130807042,153.11010885462835,1412000
2025-10-17,151.86878967285156,152.95123752379774,150.7665066677528,152.37526040806574,1239600
2025-10-20,153.9939422607422,154.2620577609594,151.4814845493984,152.8221226621043,592900
2025-10-21,155.83111572265625,156.65535809389212,153.07040761317077,153.07040761317077,775300
2025-10-22,155.91055297851562,157.88674951908564,154.79832967880898,155.29486010230744,1019700
2025-10-23,154.63943481445312,156.0297139256714,153.9939513312959,155.76159840966164,829300
2025-10-24,154.74867248535156,155.74173332515778,153.85490863778244,155.6920772525863,601000
2025-10-27,155.2154083251953,155.76159480371012,152.841993584836,154.17269143946805,776900
2025-10-28,153.2292938232422,155.3047873852269,153.08032560240645,155.02673155648762,762400
2025-10-29,148.8498992919922,153.32859854400067,145.99981932734198,152.24616578808414,1833000
2025-10-30,148.8399658203125,150.90553421739406,148.50231361334946,148.8498909738179,952000
2025-10-31,147.906494140625,149.96212234176636,147.55891676147743,147.85683806461722,1303300
2025-11-03,149.5847625732422,150.0515023908682,145.47349120844524,147.17161679776015,1158600
2025-11-04,151.36231994628906,151.76947849653757,149.24709566842188,150.50828708247974,1175000
2025-11-05,158.72091674804688,159.3763405427472,152.60365830332253,155.622571759145,1595700
2025-11-06,161.9483642578125,163.6862207348119,159.912586497032,161.24328439129414,1330800
2025-11-07,159.68418884277344,162.62364049398735,158.70105313925663,161.6603702504251,1045500
2025-11-10,161.48162841796875,161.83913093671194,158.67126434202487,159.6246094429755,850700
2025-11-11,164.57997131347656,164.73886468702918,161.37238899352664,161.37238899352664,759500
2025-11-12,166.00997924804688,166.31782568480452,163.2989273904163,164.8480998804909,896400
2025-11-13,164.12318420410156,167.26124522784283,163.88484412576756,165.26519821285746,814400
2025-11-14,162.8818359375,164.62961748271414,161.8093284599009,164.26218983727097,752300
2025-11-17,162.5044708251953,163.65642500491586,161.71001914425335,162.90168908921353,626100
2025-11-18,162.80239868164062,163.63656616154697,161.2730764822396,162.0178721220644,937900
2025-11-19,164.6494903564453,165.2453177688967,162.2760755541851,163.47767068535092,913200
2025-11-20,166.60581970214844,170.74688154515414,166.09934898095764,166.65547577423263,1031800
2025-11-21,169.6147918701172,171.48173591636575,166.49658148702883,166.526372099534,758400
2025-11-24,169.3963165283203,170.26027459296583,168.24436234018924,169.5353444370323,1001300
2025-11-25,172.41522216796875,172.6336967700395,170.00209154451395,170.12125399913208,578000
2025-11-26,172.713134765625,173.33876792669773,171.88889247254832,172.42515379715508,540300
2025-11-28,173.26925659179688,173.78565248771702,172.6436385468174,173.20967536398038,404200
2025-12-01,172.99119567871094,174.67939607985076,171.7896005452898,172.32584673279314,773600
2025-12-02,172.05459594726562,173.24028854581024,171.23757365469257,172.5129366505575,959900
2025-12-03,175.4921112060547,176.20950478346472,171.2873936509393,172.06456749254585,979500
2025-12-04,179.68685913085938,180.59356703350147,175.03377429019866,176.07997454682214,1082400
2025-12-05,181.05191040039062,181.34085342233607,177.7638589185111,179.3281649680238,813900
2025-12-08,180.3345184326172,185.18687600802141,178.82001912232175,182.01838503013533,1155600
2025-12-09,179.51747131347656,181.47037941475176,179.3779789636373,179.95588018540727,643100
2025-12-10,184.25027465820312,185.16694087598208,179.3182050805383,179.3281633903362,914200
2025-12-11,186.50209045410156,188.98307799491036,181.9287175206169,183.89158406744204,817200
2025-12-12,186.82093811035156,188.66424411445112,186.11350280182188,186.65155561755475,659300
2025-12-15,186.9703826904297,189.26205583065658,184.96766777237812,187.40879157681545,864400
2025-12-16,186.2330780029297,188.7738457946003,185.91422963844903,187.9568082632637,783600
2025-12-17,187.40879821777344,189.08272173387869,186.19321542736574,186.19321542736574,676800
2025-12-18,183.7122344970703,187.7176642877069,182.79556829209014,187.32907736164435,1090200
2025-12-19,183.83180236816406,184.33994984453,181.3408565366171,182.7158635007596,2207100
2025-12-22,184.65879821777344,185.8245590425717,182.59628777145792,183.73215846255832,668600
2025-12-23,184.63885498046875,184.89792306120498,182.33722360684808,183.9314349219795,449500
2025-12-24,184.5093231201172,185.06730772947398,184.02110749177828,184.29013388513457,238800
2025-12-26,185.45590209960938,185.7049966803251,183.98125123523303,184.07093683897094,330600
2025-12-29,185.74484252929688,186.17329310797743,184.75842253017078,185.45589950925415,453800
2025-12-30,183.88162231445312,186.22310224838324,183.84175866760933,185.38614810698337,346900
2025-12-31,181.81910705566406,184.30009448404368,181.71947834825733,183.1941139682029,453000
2026-01-02,177.70407104492188,181.2611335731772,176.7176510815271,181.2611335731772,937500
2026-01-05,180.8028106689453,181.82907908838888,175.8408358525874,177.35533510598535,602500
2026-01-06,184.88795471191406,186.00389354155723,180.57363485324004,180.8028128085267,613300
2026-01-07,185.29647827148438,186.52201935394896,184.20045603284015,185.3961221853708,503500
2026-01-08,187.0700225830078,189.43143424795525,185.32636058822612,185.32636058822612,716300
2026-01-09,188.4749298095703,189.58091037139295,186.5818018478191,187.0700327060473,468300
2026-01-12,189.58090209960938,189.73035276217533,187.48850160252903,188.20589518989794,398500
2026-01-13,187.76748657226562,189.82002342652936,187.0700248067672,189.70046289630855,664900
2026-01-14,191.9024658203125,192.2113406593945,187.17962722574296,187.63796793128566,711000
2026-01-15,190.55735778808594,192.68960683048869,189.75029376413602,192.09177374425252,456100
2026-01-16,189.63072204589844,190.32818380302712,187.5183897483467,189.81006283907752,539000
2026-01-20,186.1732940673828,189.32183798519756,186.00389637488576,188.88344429796433,839300
2026-01-21,187.13978576660156,188.84358420173652,185.34630172683308,186.4622405944549,693300
2026-01-22,188.01658630371094,189.48126365320076,186.18325384024294,187.23941242890328,477700
2026-01-23,184.43959045410156,188.7738422047355,183.0446668948426,187.93687286565358,681200
2026-01-26,182.27745056152344,186.0636911822552,178.80008478449275,185.3961195386211,666600
2026-01-27,178.31187438964844,182.4468384186277,177.3553444938377,181.57002061442842,905100
2026-01-28,179.15878295898438,184.34992068624237,178.02291228440276,179.11893451580897,1191900
2026-01-29,177.29556274414062,180.40425827337037,176.35896467994274,179.158785358964,914700
2026-01-30,178.5609588623047,179.19864035555622,176.04010781799323,177.5645805788788,920300
2026-02-02,178.5310516357422,181.7095007587721,177.77380962162783,178.6406538538993,1011000
2026-02-03,165.5582275390625,176.6877716995557,164.7910119652992,175.9105978157273,1756500
2026-02-04,173.15061950683594,174.84445957367643,167.31184206915484,170.1415527882085,1774900
2026-02-05,176.31910705566406,183.12435732654168,175.32272877601832,175.800986093261,1338900
2026-02-06,172.73214721679688,177.04646719313217,169.93232655308563,176.0201987335553,1176400
2026-02-09,170.93865966796875,176.2194677281006,169.50387247540937,173.2004426785596,1511800
2026-02-10,170.00205993652344,172.35351332236874,169.01565515409922,170.5102225975553,1573700
2026-02-11,165.05006408691406,168.94590700142996,164.60169687965234,168.93594869141145,1083200
2026-02-12,156.89968872070312,167.31183868959468,153.62159567069284,166.24572183750774,2566400
2026-02-13,156.1225128173828,158.78284096122488,155.84352811938987,157.58719008360862,1121100
2026-02-17,158.015625,161.10440369514018,157.47758742780482,160.2574760906104,1467000
2026-02-18,158.1850128173828,159.7094703941512,156.74026732872647,158.424149081719,1086700
2026-02-19,160.556396484375,160.84533949791916,156.9096483068046,157.49752305054105,940200
2026-02-20,158.61346435546875,161.1542320667149,157.71671476139733,161.1542320667149,878800
2026-02-23,155.1161651611328,159.0618298859936,154.25929442561744,157.49752387378794,1611500
2026-02-24,155.61434936523438,158.00566631159762,154.29913796773144,154.43863031600486,1085100
2026-02-25,155.97305297851562,156.10258702313075,154.19950081413361,155.46490551687575,1036500
2026-02-26,160.49661254882812,161.55277107583606,156.8199743230367,156.99933031634458,1134700
2026-02-27,161.8716278076172,162.42959723167067,157.42777383143144,158.86256103815555,1118300
2026-03-02,163.60531616210938,165.16963741320296,158.30459143603713,159.92867774989602,770300
2026-03-03,168.1388397216797,168.7665629217691,161.24390364462715,161.57271031117273,1205400
2026-03-04,167.8199920654297,168.27833277924685,165.72760672894228,167.56093917715788,872100
2026-03-05,167.0500030517578,169.02999877929688,166.30999755859375,166.30999755859375,1050500
2026-03-06,171.8300018310547,171.94000244140625,164.47000122070312,165.88999938964844,1053600
2026-03-09,171.58999633789062,172.83999633789062,167.99000549316406,170.89999389648438,1133100
2026-03-10,171.02000427246094,172.8000030517578,167.33999633789062,171.4199981689453,1336800
2026-03-11,167.00999450683594,170.72999572753906,165.07000732421875,170.72999572753906,792800
2026-03-12,166.33999633789062,170.57000732421875,165.3000030517578,166.24000549316406,1016600
2026-03-13,168.77000427246094,169.55999755859375,165.83999633789062,167.75999450683594,945700
2026-03-16,167.35000610351562,168.9600067138672,165.0399932861328,168.72000122070312,816500
2026-03-17,166.77000427246094,170.7100067138672,166.72999572753906,167.6199951171875,737300
2026-03-18,165.14999389648438,166.8300018310547,164.99000549316406,165.1999969482422,557800
2026-03-19,164.42999267578125,168.0,163.6699981689453,165.08999633789062,842500
2026-03-20,165.3800048828125,166.30999755859375,163.2899932861328,163.6199951171875,2400900
2026-03-23,163.3000030517578,166.52999877929688,162.9499969482422,165.6199951171875,674400
2026-03-24,158.8699951171875,162.6699981689453,158.61000061035156,162.6699981689453,819300
2026-03-25,157.39999389648438,161.39999389648438,153.5800018310547,159.5399932861328,784000
2026-03-26,157.1999969482422,160.08999633789062,156.3699951171875,157.19000244140625,949800
2026-03-27,153.30999755859375,158.0800018310547,152.27999877929688,156.77999877929688,1073900
2026-03-30,156.42999267578125,157.07000732421875,153.99000549316406,155.27000427246094,757400
2026-03-31,158.0399932861328,159.0399932861328,155.55999755859375,158.80999755859375,817300
2026-04-01,155.6300048828125,158.14999389648438,154.27999877929688,158.14999389648438,997900
2026-04-02,157.47999572753906,160.2899932861328,154.25999450683594,155.27999877929688,1007400
2026-04-06,158.10000610351562,159.69000244140625,156.7899932861328,158.0,635100
2026-04-07,158.32000732421875,161.17999267578125,156.97999572753906,157.57000732421875,770700
2026-04-08,157.97999572753906,160.1699981689453,157.72000122070312,158.05999755859375,647700
2026-04-09,153.3800048828125,157.75,152.22999572753906,157.75,793200
