Price,Close,High,Low,Open,Volume
Ticker,KEY,KEY,KEY,KEY,KEY
Date,,,,,
2021-04-12,16.376651763916016,16.40022713792151,16.227344059576424,16.290210224743472,5648700
2021-04-13,16.0937557220459,16.3216465422601,15.897298738625862,16.290212705465937,7421800
2021-04-14,16.345216751098633,16.49452444465195,15.999453617082267,15.999453617082267,7120100
2021-04-15,16.188053131103516,16.384510082940093,15.889437724957265,16.384510082940093,9358900
2021-04-16,16.250917434692383,16.494523607394786,16.203768191328432,16.392366663631655,7957600
2021-04-19,16.046602249145508,16.470948442426693,15.999453005191475,16.32950071056459,9297600
2021-04-20,15.590827941894531,16.015174290712974,15.520103300616793,15.873726507005486,12741800
2021-04-21,16.06232261657715,16.093754953021516,15.386510146273956,15.504384030923921,7804200
2021-04-22,15.724417686462402,16.10947320766184,15.716559226987162,16.09375628871136,8462600
2021-04-23,16.321643829345703,16.408083868466296,15.622256065403114,15.755846851877758,11988200
2021-04-26,16.714557647705078,16.871722308227106,16.51810069791686,16.533817613623334,12438100
2021-04-27,16.856008529663086,16.87958240666645,16.65169310216349,16.769566983723486,8168200
2021-04-28,16.93459129333496,17.0131743861109,16.777426606630904,16.90315895553328,6183900
2021-04-29,17.335365295410156,17.374657594798464,17.099617494472177,17.186059054278488,7068500
2021-04-30,17.09961700439453,17.390372517295077,17.091758544742095,17.241066280442546,7420200
2021-05-03,17.288209915161133,17.413942230999965,17.06817761301946,17.288209915161133,5854500
2021-05-04,17.602540969848633,17.602540969848633,17.068177870062488,17.21748555943743,11013200
2021-05-05,17.854013442993164,17.91687962945677,17.39037475575603,17.6339825397946,9537800
2021-05-06,17.987598419189453,17.995456877294426,17.60254296513146,17.932590711302257,5294100
2021-05-07,18.129047393798828,18.13690585178521,17.578968824380468,17.618259615464776,7003700
2021-05-10,18.0426082611084,18.419806800523084,18.0426082611084,18.278357535598552,6686600
2021-05-11,17.877582550048828,18.309787242928557,17.743991763347307,17.893299465860203,8471600
2021-05-12,17.50824737548828,18.270499952187873,17.45323815961077,18.168342977539673,7340100
2021-05-13,18.06618309020996,18.176198515659586,17.366796744684052,17.39822908102062,8582800
2021-05-14,18.380512237548828,18.427662985938042,18.050464493062403,18.129047574863478,7187900
2021-05-17,18.482666015625,18.5062398850055,18.19190913620519,18.286209110268903,5164800
2021-05-18,18.12118911743164,18.584827651341804,18.113330659366497,18.474812236125025,5807900
2021-05-19,17.99545669555664,18.019032069633475,17.657550494693414,17.956165904276197,6922400
2021-05-20,17.94045066833496,18.074041469585808,17.720418319554813,17.97974146329496,4949200
2021-05-21,18.1683406829834,18.333363813230843,18.01903297072546,18.050465305552155,5861800
2021-05-24,18.10547637939453,18.26264106741176,18.01117636750592,18.246924148955685,6449300
2021-05-25,17.814714431762695,18.42766059155116,17.783280603587553,18.144762133364573,5525300
2021-05-26,18.003313064575195,18.05046230841031,17.751848432324678,17.85400537710866,4989600
2021-05-27,18.286216735839844,18.333365993109883,18.12905054647589,18.246924439074924,7545300
2021-05-28,18.250572204589844,18.32186210944043,17.98124941432055,18.306020747728905,5004400
2021-06-01,18.329782485961914,18.535735284899165,18.266412510201175,18.440681076687756,5603400
2021-06-02,18.18719482421875,18.337699043182262,18.044613549834317,18.337699043182262,6014200
2021-06-03,18.21888542175293,18.401073913364204,18.10798834179118,18.147594010103408,6518200
2021-06-04,18.005008697509766,18.19511859867159,17.830741665826224,18.19511859867159,4688300
2021-06-07,18.0129337310791,18.12383081786499,17.94956375136438,18.068382274472047,5325500
2021-06-08,18.0129337310791,18.092146583437376,17.64855672543432,17.862429462684325,6772200
2021-06-09,17.632709503173828,17.84658369852508,17.577260973458863,17.814897961054175,4466500
2021-06-10,17.236652374267578,17.949565076400255,17.236652374267578,17.92580076568064,5055500
2021-06-11,17.379234313964844,17.498052839670727,17.252494351763968,17.268335713894434,5375500
2021-06-14,17.05445671081543,17.395069289894995,16.88810962721009,17.355463632819852,6252300
2021-06-15,17.189123153686523,17.33962590385738,16.983170351976522,17.06238320045874,5561100
2021-06-16,17.315858840942383,17.402991593033136,16.832661944015744,17.06237899693465,8570800
2021-06-17,16.246490478515625,17.52973264957172,16.206883306039114,17.466362684468447,8093100
2021-06-18,15.787062644958496,16.072228329896667,15.668244113187459,15.882116866031485,14814000
2021-06-21,16.30986213684082,16.325705007476166,15.905878000795317,15.953405101842051,5340100
2021-06-22,16.286096572875977,16.412836506450173,16.072223879256512,16.301939442287548,7639400
2021-06-23,16.317785263061523,16.49205232553055,16.309863826923007,16.373233805171694,6711500
2021-06-24,16.58710479736328,16.65047476319185,16.262333533634482,16.389073465291613,9626200
2021-06-25,16.8405818939209,16.880187549484713,16.547494905828366,16.642550594384,7307200
2021-06-28,16.373233795166016,16.745532228292113,16.278178072421344,16.745532228292113,8846900
2021-06-29,16.254411697387695,16.61878861418309,16.159355995564177,16.49204868565781,7832200
2021-06-30,16.357391357421875,16.444525646347536,16.191045726774156,16.230651397635185,5819600
2021-07-01,16.54749298095703,16.610862929003034,16.36530456918212,16.507887330000308,6113700
2021-07-02,16.4128360748291,16.563340308562726,16.32570331707523,16.53957600507032,4785300
2021-07-06,15.890031814575195,16.357385824785553,15.850426157110178,16.34946439112075,8271900
2021-07-07,15.77121639251709,15.977169175200432,15.66824075660506,15.715767856959898,7750300
2021-07-08,15.367231369018555,15.636554106805061,15.248412869609025,15.42267990135239,8973800
2021-07-09,15.977167129516602,16.00885135540995,15.596947353641895,15.747450070638704,7741100
2021-07-12,16.17519760131836,16.222724693089447,15.604867967488303,15.747449242801562,6110000
2021-07-13,15.897953987121582,16.18311956887198,15.77913549834527,16.18311956887198,5350300
2021-07-14,15.834583282470703,16.159354508282686,15.589024882411175,15.929638975545448,7470500
2021-07-15,15.969246864318848,16.10390823365609,15.604869930147022,15.684081256108412,6798900
2021-07-16,15.327624320983887,16.111828159247928,15.288017150853952,16.080142423143982,8612300
2021-07-19,14.646397590637207,15.058303136661966,14.535500524730237,14.931563201094225,14320900
2021-07-20,15.129593849182129,15.367230839817692,14.179042864921595,14.22656996087688,12614900
2021-07-21,15.375151634216309,15.573182955121576,15.288017369543086,15.303860237821686,11760500
2021-07-22,15.05038070678711,15.319703429777292,14.955325005966236,15.303860561163962,7286300
2021-07-23,15.129593849182129,15.470207977056472,15.058302449819632,15.24841234449991,7375000
2021-07-26,15.327624320983887,15.47020711173354,15.177120096208245,15.177120096208245,7462000
2021-07-27,15.335548400878906,15.478131216228622,15.042461334786784,15.137517048639701,7250400
2021-07-28,15.517736434936523,15.692003475973326,15.216727942130177,15.430602158988485,9908300
2021-07-29,15.739534378051758,15.890037135503281,15.549422928153904,15.699927196464918,10000800
2021-07-30,15.573183059692383,15.897954307289071,15.48604879443407,15.644474456565712,8863200
2021-08-02,15.478132247924805,16.08806770522377,15.470210812004115,15.644477869681046,7933800
2021-08-03,15.85042667388916,15.897953766568529,15.288016952223666,15.596946831787148,7653400
2021-08-04,15.549421310424805,15.921721224310355,15.517737079311184,15.581107052397758,7512400
2021-08-05,15.763296127319336,15.834587538572721,15.6523990479738,15.660320483764108,5549800
2021-08-06,16.10390853881836,16.286097009356666,15.969247166929343,16.000932906601687,6153500
2021-08-09,16.000932693481445,16.21480538998425,15.842507018948279,15.993011258668865,6129300
2021-08-10,16.30193519592285,16.381148011487987,15.90587262895596,15.977164011878704,7416600
2021-08-11,16.539575576782227,16.57126131395161,16.143512927319577,16.33362432861766,6823500
2021-08-12,16.499971389770508,16.579184228909256,16.333625787352457,16.507892824770305,5301300
2021-08-13,16.381153106689453,16.626711551547075,16.301940266485918,16.595027321981217,5761100
2021-08-16,16.254411697387695,16.349465888352093,16.016773198258456,16.198963167515277,6031200
2021-08-17,16.00885581970215,16.206887197051415,15.779140207623943,16.07222731087904,5611400
2021-08-18,15.858348846435547,16.17519866382076,15.834584543559492,15.913797375620572,5857900
2021-08-19,15.636555671691895,15.826665591944943,15.5018942893219,15.668241413830406,5763400
2021-08-20,15.77121639251709,15.779137827719444,15.517736509478912,15.58902791544081,6086000
2021-08-23,15.969246864318848,16.056381135907415,15.858349799285543,15.913798331802196,4428000
2021-08-24,16.16727638244629,16.222724908726093,15.985087935852924,16.03261502825575,4603300
2021-08-25,16.515810012817383,16.618785619616656,16.151431650820804,16.23856590255324,4973100
2021-08-26,16.246490478515625,16.587104607517904,16.17519907891705,16.587104607517904,5157600
2021-08-27,16.54749298095703,16.587100142772496,16.22272180836393,16.246486105453204,4688400
2021-08-30,16.119924545288086,16.58346222357511,16.111932332377773,16.559485584844168,4268200
2021-08-31,16.239803314208984,16.36767566122176,16.07996364262232,16.151890504003216,6984700
2021-09-01,15.99205207824707,16.271773430763165,15.92012368690411,16.25578900505168,6946100
2021-09-02,16.07996368408203,16.239803356080817,15.928114699978357,15.976066449142131,5525600
2021-09-03,16.02402114868164,16.871177511254,15.904140991520315,16.08795733412494,6050100
2021-09-07,16.01602554321289,16.295745315943325,16.008033331940815,16.071969497758978,5955700
2021-09-08,15.776269912719727,16.032014675438578,15.744302579559383,15.936111151598523,5085800
2021-09-09,15.96008586883545,16.111934889514,15.67237378019487,15.744302183444763,4872700
2021-09-10,15.880167961120605,16.111936092168857,15.856191316794607,16.06398432787596,6625000
2021-09-13,16.559486389160156,16.591455242354183,16.00004517749405,16.087956475059986,13308200
2021-09-14,16.463586807250977,16.735316026811795,16.351697318728814,16.591459201825575,13302500
2021-09-15,16.78326416015625,16.895152100095792,16.54350385332613,16.55948675591831,11208300
2021-09-16,16.695344924926758,16.95908177090303,16.66337760765965,16.727313766552133,9390500
2021-09-17,16.591455459594727,16.927120800732958,16.52751927672834,16.711335611924344,14040200
2021-09-20,16.032011032104492,16.135908271072385,15.72831457648176,16.103939420818055,12057400
2021-09-21,15.928120613098145,16.18386540272522,15.824223339587652,16.15189654184224,8320200
2021-09-22,16.231813430786133,16.40763907642372,16.12791770556661,16.183861674866264,7159800
2021-09-23,16.759286880493164,16.895151455677084,16.375669794453444,16.447598188630742,8767200
2021-09-24,16.895153045654297,17.054994275392662,16.75928845768437,16.791257313375617,5767000
2021-09-27,17.438608169555664,17.526520982074533,17.094950656282258,17.15089461902748,8736000
2021-09-28,17.382667541503906,17.67038114722711,17.342707995979662,17.566483889889753,8352400
2021-09-29,17.57447052001953,17.63840668715958,17.310733640022015,17.438605974302117,6013100
2021-09-30,17.27876853942871,17.72632176693197,17.27876853942871,17.662385591574363,7711500
2021-10-01,17.854196548461914,17.98206891658671,17.406643260025128,17.430618376324233,9436100
2021-10-04,17.910140991210938,18.245806347478783,17.814237474768074,17.878173660516286,8231600
2021-10-05,18.14191246032715,18.29375996418117,17.886166166993874,18.077976268083596,7023500
2021-10-06,18.08596420288086,18.117933056311674,17.686362681148672,17.982068477948378,7767200
2021-10-07,18.14191246032715,18.381672800150707,17.990063432114063,18.229823771937617,10087800
2021-10-08,18.35769271850586,18.437613324933015,18.053996243313208,18.093955784347397,12401700
2021-10-11,18.261789321899414,18.613439077712968,18.245804895644525,18.50154961828755,5679800
2021-10-12,18.261789321899414,18.389661683220925,18.10194810806813,18.189860928111212,6940100
2021-10-13,18.12592315673828,18.245803294411793,17.710337256735357,18.133915369164335,7651400
2021-10-14,18.549501419067383,18.573478058509654,18.181868760438647,18.37367730290044,8952900
2021-10-15,18.397653579711914,18.82123019766483,18.301748548191977,18.76528623109435,9414800
2021-10-18,18.41364288330078,18.653403239072848,18.35769737755208,18.38167402287295,6793800
2021-10-19,18.541513442993164,18.573480775901043,18.34970334810982,18.501552371409545,6940500
2021-10-20,18.95709228515625,18.997053344868196,18.3896589564737,18.42961849182708,10598900
2021-10-21,19.005048751831055,19.636418357836416,18.845207534828806,19.18087287104647,9893700
2021-10-22,19.212841033935547,19.42063247447085,19.12492821530685,19.180872181940106,7746100
2021-10-25,19.236818313598633,19.35669847335603,19.15689769897406,19.31673892822321,5525200
2021-10-26,19.092960357666016,19.276778217495437,19.037016388119216,19.276778217495437,6028000
2021-10-27,18.61343765258789,19.108942633681053,18.605445440072366,18.98107028215,7458400
2021-10-28,18.78127098083496,18.821230522114497,18.637414193254564,18.67737525889289,4888800
2021-10-29,18.597457885742188,18.813243104633994,18.58147345670745,18.805250890116625,5218600
2021-11-01,18.869182586669922,18.909142125378107,18.725325808346547,18.789261984894857,3930600
2021-11-02,18.805246353149414,18.949101606678276,18.7413101767948,18.82122925396905,4948500
2021-11-03,19.140914916992188,19.2528028635612,18.629423894764678,18.693360081998247,6548100
2021-11-04,18.805246353149414,19.124927234922474,18.613437824085576,19.076975483746185,6157300
2021-11-05,18.925127029418945,19.124927776732306,18.797254673087092,19.02103053448847,5088500
2021-11-08,18.94110870361328,19.164884532508374,18.789259730892677,19.037012194751604,6969700
2021-11-09,18.94910430908203,18.973080950268916,18.66938445036287,18.7253284221067,6616800
2021-11-10,19.100955963134766,19.18886880195398,18.957099144833908,18.989068004171482,6988900
2021-11-11,19.340717315673828,19.46858970087175,19.06898811603848,19.06898811603848,6778900
2021-11-12,19.2528018951416,19.468587087835473,19.09296067291825,19.30075365206506,6491500
2021-11-15,19.116939544677734,19.372684310595716,19.013043805158194,19.34071697703549,7302900
2021-11-16,19.116939544677734,19.244811927636725,19.013043805158194,19.14890687823796,4228300
2021-11-17,18.94910430908203,19.164889506687302,18.85320079305229,19.100953321214508,4037700
2021-11-18,18.917139053344727,19.013044104252174,18.709346046677815,18.94910638740783,5779300
2021-11-19,18.677377700805664,18.87717848204323,18.42962363453261,18.645408844115337,7545900
2021-11-22,18.885169982910156,19.21284468062254,18.70135362212347,18.957098389193476,6189600
2021-11-23,19.156898498535156,19.204851783926713,18.925130383245296,19.06099497647004,4894700
2021-11-24,19.14890480041504,19.332722664786914,19.04500907216909,19.164889227640224,5113300
2021-11-26,18.30175018310547,18.54151202114409,17.934117498882042,18.54151202114409,8458800
2021-11-29,18.402509689331055,18.74911874797568,18.18487122867734,18.66851173986866,7676300
2021-11-30,18.088144302368164,18.28966105673405,17.959173702570062,18.14456874759848,16124800
2021-12-01,17.781837463378906,18.56372343180113,17.765717291955855,18.466994716008927,8518200
2021-12-02,18.402509689331055,18.531480287321966,17.838262170032714,17.98335447713519,8062800
2021-12-03,18.063961029052734,18.55566238238235,17.894687700008564,18.450872813254353,9779800
2021-12-06,18.587900161743164,18.829721126610156,18.2654737460376,18.41056601746771,8455400
2021-12-07,18.708812713623047,18.990936446708172,18.62014639675964,18.700753397276912,8759800
2021-12-08,18.620145797729492,18.91032883782525,18.620145797729492,18.716872965277876,6288800
2021-12-09,18.531475067138672,18.71687005734482,18.370262633787817,18.523414214853574,5810600
2021-12-10,18.547597885131836,18.700751012841835,18.313837767182346,18.676568454534845,5177100
2021-12-13,18.096202850341797,18.499236307699515,18.08008114305934,18.466992893134595,8929500
2021-12-14,18.346084594726562,18.555662193397296,18.10426357897537,18.16068955886617,7643900
2021-12-15,18.628206253051758,19.111845155356143,18.38638526444899,19.111845155356143,11667900
2021-12-16,18.7974853515625,19.24888251690085,18.6685147328944,18.86197066089655,8581400
2021-12-17,18.144569396972656,18.74105882674928,18.120386832100987,18.660451814627926,19772200
2021-12-20,17.789897918701172,17.910807657640746,17.459410581455987,17.886626632323278,10854700
2021-12-21,18.289657592773438,18.378323902434953,18.023655588887816,18.03171644202987,6662200
2021-12-22,18.265478134155273,18.38638787691104,18.168750954930974,18.225175399053615,4748400
2021-12-23,18.329965591430664,18.57178664287123,18.265480285203374,18.402511753117736,4851200
2021-12-27,18.612083435058594,18.612083435058594,18.168747288599445,18.450869452282276,4040300
2021-12-28,18.69269371032715,18.773300715876122,18.49117696518009,18.49117696518009,3964000
2021-12-29,18.781356811523438,18.90226806783471,18.62014436552589,18.765236643139026,3667200
2021-12-30,18.69269371032715,18.990937632172372,18.676572001727205,18.87002789257429,3132300
2021-12-31,18.644329071044922,18.78136052281874,18.604026335944127,18.62820889947508,3397000
2022-01-03,19.007057189941406,19.19245220550929,18.87808661063761,18.902269170801038,6834300
2022-01-04,20.006580352783203,20.046884620537163,19.256937884516287,19.305303005821035,8397900
2022-01-05,19.88567543029785,20.36931599807503,19.87761457479895,20.15167751195765,10080400
2022-01-06,20.901315689086914,20.981922689377257,20.232280200343187,20.345129078279275,9425800
2022-01-07,21.23986053466797,21.320467522337093,20.844887986284707,20.957736846551235,11174500
2022-01-10,21.223745346069336,21.554232713278456,20.90937968883405,21.481686555847098,9951900
2022-01-11,21.304344177246094,21.39301201060128,20.941613529384238,21.368829454927056,7982800
2022-01-12,21.28016471862793,21.46555972676129,21.151194144495985,21.360771711823027,10741600
2022-01-13,21.52198600769043,21.675137605767798,21.320469290530223,21.384954578523466,10551600
2022-01-14,21.771867752075195,21.77992860579089,20.965800829913732,21.151195853022717,9869500
2022-01-18,21.44137954711914,21.900837427690526,21.296287261159634,21.88471572092823,6643800
2022-01-19,20.62725257873535,21.489743936011756,20.62725257873535,21.44138035136138,10692100
2022-01-20,20.256460189819336,20.998041787210465,20.200035753732603,20.756222336138595,10669000
2022-01-21,19.982398986816406,20.522462328400067,19.877609429904215,20.15973314954012,13063000
2022-01-24,20.14361000061035,20.22421699151423,19.281118734074948,19.62772771874629,11456600
2022-01-25,20.07106590270996,20.24840160821427,19.450394008346144,19.982399587408437,7949800
2022-01-26,20.345130920410156,20.522465107144942,19.95015827442077,20.26452391282133,13971100
2022-01-27,20.103309631347656,20.78846682820155,19.958217338196167,20.474099680556435,9332300
2022-01-28,20.256460189819336,20.256460189819336,19.76476043431312,20.046884152197354,8776500
2022-01-31,20.200037002563477,20.320946735574438,19.76476165623388,20.006581122255803,8375500
2022-02-01,20.595014572143555,20.643379706944994,20.054949533135805,20.17586083268836,6372000
2022-02-02,20.804590225219727,20.8448945003747,20.46604200117243,20.554709869062474,5676700
2022-02-03,20.643373489379883,21.07058795596285,20.611130075890298,20.91743635423905,6388300
2022-02-04,21.094772338867188,21.23986463720651,20.67561715198708,20.75622415522567,6724500
2022-02-07,21.288227081298828,21.39301664111852,20.998042500198906,21.094771206382422,7508600
2022-02-08,21.723508834838867,21.78799414096935,21.433324188526203,21.7073871239435,11143500
2022-02-09,21.52198600769043,21.72350272485064,21.465560035427117,21.683198458948272,6496500
2022-02-10,21.40107536315918,21.844413076137126,21.296287343699277,21.53004594285625,8221500
2022-02-11,21.135074615478516,21.69932208851647,20.973862149932437,21.247925032556513,11342100
2022-02-14,20.885194778442383,21.336591844861065,20.70786060099772,21.2156821085374,8755800
2022-02-15,21.38495635986328,21.441380799376137,21.0705892094406,21.10283262484833,6272200
2022-02-16,21.44944190979004,21.618715230353327,21.167318171400538,21.19956004974325,5209000
2022-02-17,20.74009895324707,21.247921911887733,20.651432648326832,21.199556795621657,6181400
2022-02-18,20.667556762695312,20.9577413658997,20.595010611894217,20.67561761694552,7210700
2022-02-22,20.62725257873535,20.81264760110398,20.449918410050223,20.683677017069225,7548500
2022-02-23,19.88567543029785,20.84489571035331,19.788946701762022,20.75622783731638,8771800
2022-02-24,19.45039176940918,19.498756885770657,18.765236199576574,19.224694042857433,12517100
2022-02-25,20.393491744995117,20.42573515863934,19.579365537336013,19.61966826694071,8884300
2022-02-28,20.365062713623047,20.365062713623047,19.690830535548237,19.690830535548237,11545700
2022-03-01,18.6754207611084,20.121365176467997,18.55357186950563,20.080747846338593,14839300
2022-03-02,19.63396644592285,19.77206225822007,19.008473557906473,19.008473557906473,12759200
2022-03-03,19.625844955444336,19.788311180163323,19.276543656873443,19.609598023093888,10191800
2022-03-04,18.86225700378418,19.13032520172736,18.577943422172336,18.92724318663729,8838100
2022-03-07,17.968698501586914,18.748532744635092,17.960575034547716,18.659176156596814,13428000
2022-03-08,18.196147918701172,18.740407771442438,17.952450124682667,18.39922993018086,12318900
2022-03-09,18.943490982055664,19.179066873992724,18.78914820973114,18.8947517300453,7809000
2022-03-10,18.651050567626953,18.98410648077069,18.464215495160342,18.594187854214745,11670900
2022-03-11,18.61855697631836,19.260295261486316,18.594186579643896,18.87037821105065,7928500
2022-03-14,19.341524124145508,19.74768801658514,18.992222928744656,19.00846985629639,11074500
2022-03-15,19.365901947021484,19.625846690032315,19.081586803331057,19.471503917847304,6940200
2022-03-16,19.78830909729004,20.072622636532934,19.36589819699691,19.731446389441462,12916900
2022-03-17,19.601476669311523,19.601476669311523,19.130326426123307,19.365902322413874,7443500
2022-03-18,19.439006805419922,19.568979144870223,19.0328428572896,19.568979144870223,24007000
2022-03-21,19.40651512145996,19.788310267115428,19.268419301638495,19.512118627472496,6494300
2022-03-22,19.763940811157227,19.999516682412338,19.617721518570296,19.723325029613193,6197900
2022-03-23,19.105953216552734,19.739568008056498,19.057212425365858,19.56897988708012,5056000
2022-03-24,19.17093849182129,19.414636238783906,19.065334998582998,19.276540435667094,5844900
2022-03-25,19.40651512145996,19.536487475481024,19.122201565409306,19.211556590428366,6459700
2022-03-28,19.03284454345703,19.235926535513734,18.724159047870966,19.235926535513734,6018300
2022-03-29,19.195310592651367,19.46337877953502,19.02472245072211,19.382147216364565,5608300
2022-03-30,18.691665649414062,19.211555023083964,18.529199445445943,19.18718617706353,8303100
2022-03-31,18.179899215698242,18.854131366183115,18.16365383390025,18.65917284007344,8962700
2022-04-01,17.595020294189453,18.480457733735186,17.505663739011997,18.366732335794673,14329300
2022-04-04,17.53004264831543,17.635644633511934,17.19698820733549,17.562536520310104,8741400
2022-04-05,17.343204498291016,17.69250581415721,17.318834098558668,17.416314148095235,9276200
2022-04-06,16.993900299072266,17.310707694875997,16.937037592070833,17.213229211271415,10894900
2022-04-07,16.839555740356445,17.10762386540581,16.603981472594224,17.0507611645457,9634000
2022-04-08,16.872055053710938,17.075137079250858,16.7745749997189,17.05889014535337,10992700
2022-04-11,16.945161819458008,17.35132580132887,16.831434850947176,16.880175644334376,7571600
2022-04-12,16.652721405029297,17.140118438957426,16.53087253389538,16.9207895412809,9048500
2022-04-13,16.71771240234375,16.725835869351716,16.409028403005617,16.465891122668467,12789100
2022-04-14,16.6364803314209,16.831438903735243,16.57149414064945,16.733960392274575,9067900
2022-04-18,16.872055053710938,16.896423905164276,16.58773990807647,16.620232226478553,9049300
2022-04-19,17.408184051513672,17.473170209990098,16.896416697793597,16.961402856270023,12486100
2022-04-20,17.668132781982422,18.009310580437788,17.521913504159752,17.63563892051401,13951100
2022-04-21,17.123872756958008,17.97681646641732,16.985776946442517,17.221352790601177,16539300
2022-04-22,16.82331085205078,17.213229439824026,16.807065470829357,17.14824326676058,13425700
2022-04-25,16.75832748413086,16.81519175079828,16.262808412600354,16.693341300189505,15848300
2022-04-26,16.173452377319336,16.717712267313704,16.165328910376985,16.400904803526483,11212500
2022-04-27,16.132831573486328,16.352158915131067,16.051598478725264,16.205941203832044,11467400
2022-04-28,16.270933151245117,16.392782061986573,16.051604182274723,16.303425471059455,8962800
2022-04-29,15.686057090759277,16.384659837789652,15.645441300561592,16.22219357821275,10362700
2022-05-02,15.816022872924805,15.881009039734751,15.450476265641017,15.751036706114858,10348400
2022-05-03,16.0109806060791,16.140954482862842,15.807898650856023,15.970364834791429,8193300
2022-05-04,16.47401237487793,16.522751620980213,15.905382155911404,15.978491799761176,10343100
2022-05-05,16.067848205566406,16.327792914553932,15.759162701599209,16.238436339817216,9991500
2022-05-06,15.87289047241211,16.075972480200026,15.588575351630475,16.05972554772273,8197000
2022-05-09,15.580453872680664,15.783535906371721,15.353001437165219,15.661686996035678,9018300
2022-05-10,15.369243621826172,15.840393732404028,15.117422411705027,15.824146802875573,12488300
2022-05-11,15.093053817749023,15.734793666139016,15.060561504208827,15.377368920840885,9088400
2022-05-12,15.052436828613281,15.24739534236236,14.743751353132836,15.06056029369356,12601100
2022-05-13,15.1255464553833,15.344873814842053,15.019942958798959,15.190532626591919,8640000
2022-05-16,15.052436828613281,15.223024947121523,14.898094090873059,15.14991531079155,7519000
2022-05-17,15.612944602966309,15.70230118449949,15.361123340655201,15.361123340655201,6574200
2022-05-18,15.0361909866333,15.499217683971024,14.938710948007786,15.442354973686411,7998000
2022-05-19,14.914341926574707,15.04431427696551,14.727505317169374,14.824985354658793,9430400
2022-05-20,14.88184928894043,15.174287876081461,14.565041852466152,14.979329334451693,9884200
2022-05-23,15.39361572265625,15.54795692210942,15.117424087623798,15.271765287076965,9014500
2022-05-24,15.474849700927734,15.531713969475398,14.954960212206512,15.361124262618189,13355300
2022-05-25,15.856644630432129,16.010985851402552,15.393617868735122,15.393617868735122,16263100
2022-05-26,16.181570053100586,16.254679680023923,15.945994244260424,15.945994244260424,15423800
2022-05-27,16.259506225585938,16.341542393603266,16.128248982642116,16.202081377386737,6529700
2022-05-31,16.37435531616211,16.505614118959347,15.955973847701657,16.005194920807057,22267600
2022-06-01,15.996994018554688,16.4481906598607,15.759089253884621,16.4481906598607,8022500
2022-06-02,16.34154510498047,16.37435863880594,15.931365761546934,16.062623026268863,5045400
2022-06-03,16.11184310913086,16.292323010451746,16.06262202909331,16.22669438216504,7764800
2022-06-06,16.128250122070312,16.39896840035636,16.103638800513444,16.292322469696348,6143800
2022-06-07,16.177474975585938,16.218493854419386,15.906756634126126,15.955979288726263,7363400
2022-06-08,15.849329948425293,16.038012075261296,15.759089990064572,15.996994765848271,6142000
2022-06-09,15.299691200256348,15.865739206423836,15.299691200256348,15.832924103591994,6735000
2022-06-10,14.57777214050293,15.061783821185273,14.553160820147799,14.930526575377499,7510000
2022-06-13,14.266037940979004,14.553163811976816,14.044542271087082,14.19220552944499,16276700
2022-06-14,14.389091491699219,14.528550960268003,14.151186731813747,14.282443990816093,15323400
2022-06-15,14.553160667419434,14.791065400892954,14.389089894236454,14.553160667419434,14413900
2022-06-16,14.011725425720215,14.274239938613627,13.905079491623487,14.233222632740253,8566500
2022-06-17,14.15938949584961,14.364479143996835,14.019928472521103,14.044539793594312,17306600
2022-06-21,14.37268352508545,14.643401809492097,14.274239801342166,14.553161859786579,7033200
2022-06-22,14.282441139221191,14.348069755619127,14.069147744750493,14.167591451702215,15142500
2022-06-23,13.946096420288086,14.200407152186338,13.691785688389835,14.16759362131715,14936000
2022-06-24,14.626995086669922,14.709031266966146,13.954301224718876,13.98711475801137,14867300
2022-06-27,14.405497550964355,14.750048248826952,14.307055388552161,14.71723471625954,8650200
2022-06-28,14.446513175964355,14.864896183966943,14.405494313585901,14.569566633680504,7895100
2022-06-29,14.348071098327637,14.520347210437532,14.266034928975772,14.520347210437532,7174700
2022-06-30,14.134778022766113,14.397292519217816,13.74100627808856,13.896874847122941,10531100
2022-07-01,14.356279373168945,14.438315568243395,13.905082647324889,14.085561024720457,8677000
2022-07-05,14.257835388183594,14.257835388183594,13.782027342345044,13.995320820094774,6269700
2022-07-06,14.1511869430542,14.274240429617024,13.97891237480824,14.134779394256496,7574900
2022-07-07,14.454720497131348,14.495737804870107,14.28244436226658,14.356276767964339,5105000
2022-07-08,14.348071098327637,14.659808228922765,14.274238702381936,14.585975832977065,5668400
2022-07-11,14.282441139221191,14.430105917293954,14.142980133786875,14.20860875018481,7266100
2022-07-12,14.200409889221191,14.512147098468091,14.093763937453682,14.118373699171471,6039000
2022-07-13,13.937891006469727,14.060944470993077,13.716393831501883,14.044538489843738,6078500
2022-07-14,13.642562866210938,13.716395265586252,13.462084537021198,13.617953109559071,6595600
2022-07-15,14.37268352508545,14.446515926715435,13.79843186012109,13.91328156723,8562500
2022-07-18,14.520347595214844,14.840286942984482,14.446515197312646,14.594179993117042,7110900
2022-07-19,14.807474136352539,14.905917870335683,14.668013092623958,14.733641727042698,16754400
2022-07-20,14.881302833557129,14.905914152091198,14.659807225589223,14.709028297947683,16636000
2022-07-21,14.979748725891113,15.570406374394597,14.725437989485295,15.176634608725607,19771600
2022-07-22,14.79926872253418,15.135615596709071,14.6926212367462,14.979747036939573,14757100
2022-07-25,14.848490715026855,14.979747963570157,14.77465831713252,14.971544189947473,11060400
2022-07-26,14.462919235229492,14.856692492666138,14.38908841196409,14.733637469568027,8816800
2022-07-27,14.782862663269043,14.823879968261167,14.40549688555998,14.528550365246238,22081200
2022-07-28,14.692620277404785,14.938727195952787,14.446513358856786,14.76645266591111,9106300
2022-07-29,15.01256275177002,15.069989171942547,14.725438474457171,14.750048232678298,17599700
2022-08-01,15.004356384277344,15.02076236364181,14.709026849783635,14.848487844993494,8152600
2022-08-02,14.750045776367188,14.987950497619737,14.7254360222443,14.930525651720073,7109800
2022-08-03,14.856693267822266,14.955135413785486,14.700824711219184,14.856693267822266,8683800
2022-08-04,14.553160667419434,14.84028647637687,14.544956894053819,14.766454080796107,7681700
2022-08-05,14.81567668914795,14.922324189225199,14.487533544121682,14.520348640979279,7073400
2022-08-08,14.889508247375488,15.020765497937035,14.823879622094713,14.971544420153919,7780500
2022-08-09,14.856693267822266,14.93052565964953,14.709028484167735,14.914118113752428,5416300
2022-08-10,15.480170249938965,15.66064861104833,15.102804412533754,15.102804412533754,12419000
2022-08-11,15.759086608886719,15.849326547886083,15.61962716092002,15.644236915403686,7637200
2022-08-12,15.923160552978516,15.931364326873611,15.63603472548969,15.882143248212916,7441200
2022-08-15,15.955974578857422,16.04621295623406,15.668848770617743,15.734477392668833,8235600
2022-08-16,16.226694107055664,16.300526508215185,15.865735875243544,15.873939649229035,8757400
2022-08-17,15.947770118713379,16.013398737938136,15.750884261039102,15.988787418962712,9904600
2022-08-18,16.11184310913086,16.11184310913086,15.906753450146159,15.972382078432865,6062200
2022-08-19,15.832921028137207,16.0134009292347,15.718071319955108,15.95597607514365,5672700
2022-08-22,15.348906517028809,15.58681122895239,15.291481673380947,15.553996138462391,7036500
2022-08-23,15.398130416870117,15.570404961956545,15.36531532368617,15.36531532368617,4827300
2022-08-24,15.381720542907715,15.430941610526352,15.225852003287583,15.406331859071798,6004800
2022-08-25,15.636033058166504,15.677051923268001,15.373518580355773,15.422739653767856,5513300
2022-08-26,15.119211196899414,15.759089985951919,15.119211196899414,15.693461352082172,7755000
2022-08-29,14.932658195495605,15.073610610833985,14.84145322632289,15.023863164668322,10273500
2022-08-30,14.816577911376953,15.081899690185738,14.766828891768396,15.023860748751634,10357700
2022-08-31,14.667333602905273,14.932655374251661,14.6507505968355,14.907780865147,10605900
2022-09-01,14.659039497375488,14.675622500501197,14.327387342072424,14.625873491124072,7052100
2022-09-02,14.551255226135254,14.974112423768384,14.47663327470337,14.86632603916823,6913200
2022-09-06,14.360553741455078,14.667333015693895,14.252767369201809,14.667333015693895,9018400
2022-09-07,14.733665466308594,14.775121404037561,14.227894802513404,14.277642244076693,6318100
2022-09-08,15.330638885498047,15.338930388994937,14.58442096664627,14.617585399191247,9992400
2022-09-09,15.47159194946289,15.579379918129577,15.372097066093426,15.396969996214464,9411100
2022-09-12,15.670578002929688,15.803238856894472,15.537917148964905,15.587664573841167,8724500
2022-09-13,14.924363136291504,15.48817266335997,14.882907204600997,15.380384710656774,8372300
2022-09-14,14.625880241394043,15.04044602221762,14.526385339604438,15.007281582102069,13859900
2022-09-15,14.982403755187988,15.164813670565715,14.659043023662164,14.692207456449188,15219700
2022-09-16,14.67562484741211,14.824867155083501,14.501506449631776,14.824867155083501,16604900
2022-09-19,14.78341007232666,14.858032011079993,14.410300378559985,14.410300378559985,8848000
2022-09-20,14.601005554199219,14.708791948441513,14.418595620406899,14.642461494728694,11357500
2022-09-21,14.203020095825195,14.72537376011058,14.203020095825195,14.634168800629055,10911100
2022-09-22,13.74699592590332,14.302513921171743,13.68066548981645,14.302513921171743,13440000
2022-09-23,13.614335060119629,13.672373994042589,13.349013315647612,13.539713121806582,17577700
2022-09-26,13.349015235900879,13.697250470974556,13.274393286853478,13.465093120444582,11489200
2022-09-27,13.232935905456543,13.539714399123644,13.07540130249499,13.473383956748123,12110200
2022-09-28,13.40705394744873,13.523131829994833,13.208062613894326,13.224644829663223,11769000
2022-09-29,13.290975570678711,13.41534495184523,13.050526729839953,13.18318761394324,8992700
2022-09-30,13.282685279846191,13.630920527755956,13.249519265072582,13.34072422425738,9116800
2022-10-03,13.655793190002441,13.755289650932424,13.257810509167703,13.498259367240314,12253100
2022-10-04,14.194730758666992,14.236186697535102,13.863076921951334,13.863076921951334,12371300
2022-10-05,14.0040283203125,14.086941773524487,13.896241938146725,13.921116448543096,6929300
2022-10-06,13.780165672302246,14.037195984173657,13.746999654541925,13.887952067137752,8821900
2022-10-07,13.390471458435059,13.688959261023038,13.349015522050108,13.680667757457528,12931400
2022-10-10,13.216352462768555,13.523130946298181,13.133439807899618,13.431927579447203,11590400
2022-10-11,12.992486953735352,13.274391709654852,12.90128279947012,13.125147829292482,10090400
2022-10-12,12.926156997680664,13.158313538557508,12.826661337304873,12.934448500392286,14216500
2022-10-13,13.85478401184082,13.929405959384589,12.652544510804894,12.801787615171163,16254800
2022-10-14,13.664082527160645,14.26105803520783,13.622626597520632,13.92940427231835,16069600
2022-10-17,14.0040283203125,14.111816283920858,13.863075924284896,13.987446894824169,10544900
2022-10-18,14.078648567199707,14.435175265878353,13.937696188220762,14.310805891824554,16378700
2022-10-19,13.672374725341797,14.095231871252462,13.614335788314488,13.912823557531999,14995400
2022-10-20,13.141731262207031,13.846493174964335,12.975904371637395,13.28268364475849,21413700
2022-10-21,14.012319564819336,14.028902571443783,13.058818824109384,13.22464493674747,21911300
2022-10-24,14.700496673583984,14.89119648141627,14.07864823648034,14.07864823648034,16617800
2022-10-25,14.733665466308594,14.874617868606796,14.460052165546516,14.576130056341745,13140800
2022-10-26,14.667333602905273,14.88290793748484,14.6507505968355,14.783411482508694,12541100
2022-10-27,14.717082023620605,14.93265637261295,14.700499016442132,14.824868407395474,10511300
2022-10-28,15.007277488708496,15.015568991836526,14.650750761415782,14.799994654835292,9137300
2022-10-31,14.816577911376953,14.974111729143077,14.799994904840768,14.907781284440881,8120500
2022-11-01,14.9658203125,15.065316770850472,14.841450925643827,14.949238887310385,10874100
2022-11-02,14.758538246154785,15.38867829816589,14.758538246154785,14.90778215076829,15562400
2022-11-03,14.791703224182129,14.899489602489608,14.368846051235819,14.576128886124646,11473300
2022-11-04,15.115065574645996,15.247726476801494,14.833160762204889,15.007279184685665,9812300
2022-11-07,15.197978019714355,15.280891473389518,15.007278183271293,15.20626952322613,6444200
2022-11-08,15.197978019714355,15.33063891301758,15.040442615875802,15.197978019714355,6953300
2022-11-09,14.841448783874512,15.090189103133701,14.816575858958222,15.040440090416467,9855500
2022-11-10,16.12660789489746,16.15148082713755,15.363806871159817,15.380388298838945,15582900
2022-11-11,16.441675186157227,16.615793598138097,16.184644901411048,16.1929364049761,12219900
2022-11-14,15.753490447998047,16.38363025569101,15.753490447998047,16.300716831781564,12114100
2022-11-15,15.894447326660156,16.333887491681235,15.637417062544134,16.126604663520016,11506700
2022-11-16,15.695454597473145,15.935901834282575,15.579376730147374,15.828115469114692,9650700
2022-11-17,15.47988224029541,15.57937869731087,15.247724894887691,15.57937869731087,9468900
2022-11-18,15.430135726928711,15.828118415948639,15.239434304677697,15.687166015907087,20771000
2022-11-21,15.546211242675781,15.595958675848474,15.330636923670923,15.372094435850157,10591400
2022-11-22,15.670578002929688,15.753491432018208,15.571083153177161,15.678869503982753,7719000
2022-11-23,15.687164306640625,15.770077753179555,15.612542362899834,15.620833865697973,6214200
2022-11-25,15.778371810913086,15.828119254314887,15.736914290209324,15.80324474189263,2839900
2022-11-28,15.363481521606445,15.707127190225949,15.296428747209085,15.648456212461289,5721900
2022-11-29,15.56463623046875,15.581399819841408,15.246136025707624,15.397005132733796,9528100
2022-11-30,15.765796661376953,15.77417845720867,14.927636262174246,15.464060004755561,15632400
2022-12-01,15.690364837646484,15.916668568631207,15.497588295843663,15.816090198414244,10317800
2022-12-02,15.547874450683594,15.640072604300105,15.430532508745534,15.497585275376434,10413900
2022-12-05,14.625900268554688,15.430533520905085,14.600754879919677,15.380244342299227,15433200
2022-12-06,14.382833480834961,14.667808167409191,14.25710973056144,14.567228207991842,16514500
2022-12-07,14.46664810180664,14.550464458097771,14.156528063128665,14.324160775710926,10238000
2022-12-08,14.399598121643066,14.617520050684345,14.315781749140369,14.54208547529835,12291300
2022-12-09,14.600752830505371,14.684569182193146,14.231961842277522,14.33254178403564,7691700
2022-12-12,14.718094825744629,14.72647662081515,14.407976401455032,14.567225711803118,10469300
2022-12-13,14.500173568725586,15.08688645938968,14.357686243773678,15.01145189919961,13180200
2022-12-14,14.324159622192383,14.651041626873692,14.22357968300988,14.475028731634186,13531500
2022-12-15,14.089476585388184,14.206820134384758,13.972134635055783,14.123003770434112,12686400
2022-12-16,13.930228233337402,14.07271558248778,13.770977290483618,13.913464639633995,19929200
2022-12-19,13.955370903015137,14.139767221595907,13.829647157678167,13.972134495370508,10493000
2022-12-20,13.938606262207031,14.16490994598966,13.879935292040582,13.879935292040582,7295500
2022-12-21,14.21519947052002,14.299015829391271,14.131384710312846,14.139766506066378,8290500
2022-12-22,14.307397842407227,14.31577963828804,14.014041381235172,14.081094149617577,8437500
2022-12-23,14.399598121643066,14.441505508562246,14.282256159337892,14.324163546257072,5318000
2022-12-27,14.49179458618164,14.567227554027978,14.290634676377579,14.433122013268036,4919200
2022-12-28,14.382833480834961,14.567228207991842,14.332544300458396,14.41636066686215,5051200
2022-12-29,14.609135627746582,14.634279415913054,14.399595533484385,14.441502912871204,4481100
2022-12-30,14.600752830505371,14.667805592122804,14.49179269237602,14.508554683782425,3886100
2023-01-03,14.760005950927734,15.028217037594256,14.709715173179626,14.776767944846258,12443700
2023-01-04,15.153940200805664,15.313191126877575,14.910874512377701,14.952781893555727,8698800
2023-01-05,14.952780723571777,15.078504455932688,14.801911605273085,15.036597078033715,8867400
2023-01-06,15.397006034851074,15.447295207251637,14.894109514853536,15.05335882723265,8378400
2023-01-09,15.246137619018555,15.422150529834221,15.162321262059839,15.355097764000057,8958600
2023-01-10,15.262899398803711,15.363479345485482,15.137175664449508,15.246137406576763,6681400
2023-01-11,15.329955101013184,15.355098890881223,15.212611553193748,15.271282527771387,8601500
2023-01-12,15.371861457824707,15.5562561654346,15.313190487160835,15.455677815343405,9545600
2023-01-13,15.237757682800293,15.29642866023134,14.72647928176247,15.120415727938196,11329400
2023-01-17,15.103650093078613,15.220992032078597,14.952780972270626,15.195846645722593,10854600
2023-01-18,14.449886322021484,15.04498108748242,14.433122728929238,14.969546517231537,21140800
2023-01-19,13.787738800048828,14.34092451932804,13.695540647280945,14.27387175331432,25026600
2023-01-20,14.617518424987793,14.667807603430735,13.69554162732503,13.905081735945469,19077000
2023-01-23,15.145556449890137,15.237754594978052,14.575607186917418,14.667805332005333,13967400
2023-01-24,15.028214454650879,15.229372735077106,14.944398104807307,15.145556385233535,9379100
2023-01-25,15.363481521606445,15.422152499371105,14.776768546631358,14.86896671092682,13523500
2023-01-26,15.69874095916748,15.723886341962762,15.371858976147783,15.480819104266418,14184200
2023-01-27,15.916666030883789,16.050771568900917,15.648454954849536,15.698744131939929,18064100
2023-01-30,15.723886489868164,15.84122841335566,15.65683373378048,15.774175657267977,9953500
2023-01-31,16.084299087524414,16.092680883657962,15.631691688297714,15.74065343936969,17879100
2023-02-01,16.595571517944336,16.6961514465528,15.841227648703908,15.908280401554975,22524900
2023-02-02,16.80511474609375,17.014654838183016,16.58719445714526,16.712918192666013,22094200
2023-02-03,16.77996826171875,16.964362937606815,16.620717369695914,16.637480958048585,11609000
2023-02-06,16.578813552856445,16.65424811795687,16.411180830707913,16.595575546140005,9251700
2023-02-07,16.77996826171875,16.838639222289327,16.4027955171025,16.453084683496744,10949900
2023-02-08,16.595571517944336,16.763204199403866,16.5117567758783,16.57880952872937,6231500
2023-02-09,16.38603401184082,16.746443213921776,16.293837461508097,16.671008655408833,6559200
2023-02-10,16.29383659362793,16.352507558532043,16.159731074228844,16.29383659362793,7777400
2023-02-13,16.469850540161133,16.469850540161133,16.17649409824193,16.235166665556967,6485300
2023-02-14,16.159732818603516,16.453087674790495,16.008863693327886,16.411180294953517,10256400
2023-02-15,16.142969131469727,16.302220051501152,15.983718211438301,15.983718211438301,7403600
2023-02-16,15.99209976196289,16.15973247507535,15.832848844372455,15.975336170918839,7485800
2023-02-17,16.05076789855957,16.117820652235128,15.740649512309018,15.950189567378107,8214600
2023-02-21,15.514348983764648,15.799323643762285,15.405387238002222,15.799323643762285,10471200
2023-02-22,15.246137619018555,15.505966886792937,15.170703057622115,15.430532325396497,12225400
2023-02-23,15.195845603942871,15.489202029995248,14.91925276764524,15.397005483671977,10810100
2023-02-24,15.355096817016602,15.397005792243359,14.910872870260569,15.07012218013042,16929600
2023-02-27,15.342381477355957,15.639057679375606,15.2745699126162,15.503434549896092,8188600
2023-02-28,15.503436088562012,15.60515263738907,15.342383000037877,15.427147868564022,13251800
2023-03-01,15.639060974121094,15.67296595525626,15.359338008544801,15.50343781606929,11105800
2023-03-02,15.198284149169922,15.444100504678026,14.927037846503534,15.401718876169713,15062700
2023-03-03,15.528862953186035,15.537339600914933,15.20675842326416,15.325428257958235,8788600
2023-03-06,15.384765625,15.732300153446005,15.291525718646158,15.537342074904197,11412000
2023-03-07,14.876178741455078,15.308478165548951,14.816843811693179,15.130473376263252,21675500
2023-03-08,14.67273998260498,14.943986225327675,14.596451774744832,14.842269692684233,12258700
2023-03-09,13.621662139892578,14.537119162369798,13.613185491371306,14.486260887997561,25718500
2023-03-10,13.274127006530762,13.731856304499905,12.680775380523672,13.096121437890869,42348500
2023-03-13,9.646204948425293,10.926149722896755,8.145872171387023,10.375179716479735,111197500
2023-03-14,10.315845489501953,11.646648625807593,10.120886610007389,11.519502127981625,73411900
2023-03-15,9.959834098815918,10.205651248494139,9.20542935265559,9.714016949137697,58652900
2023-03-16,10.409086227416992,10.731191605564815,8.874848367298208,9.841163693363955,76220300
2023-03-17,9.773351669311523,10.163268602947788,9.493628739570038,10.095457032609106,70676000
2023-03-20,9.892023086547852,10.400610711794974,9.80725821288075,10.137840250129154,28571500
2023-03-21,10.815956115722656,10.86681438993575,10.07850467261125,10.248033600617719,34458700
2023-03-22,10.214125633239746,10.790523865340848,10.18869650156496,10.748142248675379,27915300
2023-03-23,9.552964210510254,10.451467897289776,9.52753426604048,10.358227192700252,32445400
2023-03-24,10.053074836730957,10.1124105684634,9.196953538869984,9.358005820137581,28743000
2023-03-27,10.587092399597168,11.002438512301303,10.27346365275663,10.934626935058905,26704600
2023-03-28,10.485374450683594,10.77357404212704,10.315845517004426,10.553186024155261,22110900
2023-03-29,10.739667892456055,10.799002815144176,10.604044750095955,10.680332969767935,16516100
2023-03-30,10.493851661682129,10.98548599988045,10.383657646792468,10.96005686056061,17406100
2023-03-31,10.61252212524414,10.663380402922678,10.22260516007177,10.62947461501107,13592600
2023-04-03,10.485374450683594,10.739668255391205,10.29889221944765,10.629474246405316,13716500
2023-04-04,9.942879676818848,10.57013785708367,9.807256548667839,10.553184561875991,27870700
2023-04-05,9.798782348632812,9.900499711761876,9.51058274891159,9.756399911901266,29540100
2023-04-06,10.095458030700684,10.264986973307938,9.77335263555802,9.807258424079471,20436900
2023-04-10,10.27346420288086,10.383658223894876,9.993741229682895,10.129364391430054,15544600
2023-04-11,10.383657455444336,10.49385146830336,10.20565186673018,10.281940091661639,13120100
2023-04-12,10.214125633239746,10.51080099178564,10.180219854880859,10.442989435067863,15568600
2023-04-13,10.417563438415527,10.502328314010333,10.0276464657594,10.273463634931018,12360600
2023-04-14,10.248032569885254,10.654901956178437,10.146315223311959,10.637949469271692,16962100
2023-04-17,10.434515953063965,10.442991793284545,9.917451705856545,10.180222153759397,57505900
2023-04-18,10.248032569885254,10.451467263031844,10.086979498194328,10.451467263031844,38198400
2023-04-19,10.493851661682129,10.620998166659094,10.129363828460773,10.383657646792468,47773400
2023-04-20,10.20565128326416,10.417562647790723,9.71401698223275,9.832687637383598,37369500
2023-04-21,9.824211120605469,10.112410709568863,9.697063815156946,10.08698076345253,25192400
2023-04-24,9.434293746948242,9.82421067766374,9.425817098624982,9.790304892748377,23021700
2023-04-25,8.88332462310791,9.315624030446427,8.764654768183599,9.23085996384017,31905400
2023-04-26,8.951136589050293,9.180000447387847,8.807036793350541,8.968089078226765,23788900
2023-04-27,9.281717300415039,9.298670597042882,8.942659451634947,8.942659451634947,20468700
2023-04-28,9.544486999511719,9.646204346259525,9.13761680414288,9.163046747113041,19578600
2023-05-01,9.086760520935059,9.612300664848133,9.069807221916351,9.502106646359906,23150000
2023-05-02,8.230637550354004,9.069806372083693,8.111966893475756,9.069806372083693,44634700
2023-05-03,8.078060150146484,8.620553477988768,7.9932960981689405,8.332353922834356,34854400
2023-05-04,7.569475173950195,7.874627287133172,7.238893111718617,7.442327853840601,57354500
2023-05-05,8.332354545593262,8.459501037251297,8.02720248058737,8.459501037251297,32463100
2023-05-08,8.205208778381348,8.60360158521912,8.188255480195357,8.51883751942242,20407800
2023-05-09,8.239114761352539,8.366261267245362,7.9509151523925174,8.07806165828534,14911100
2023-05-10,7.900057792663574,8.442551340424323,7.789863752881955,8.41712219536024,24936000
2023-05-11,7.705099105834961,7.9000572177688815,7.603381724602756,7.772910693323097,19256500
2023-05-12,7.620332717895508,7.840720738056953,7.408421346596671,7.798338302121639,29034600
2023-05-15,8.128920555114746,8.14587304492677,7.620332926709987,7.671192012901563,22334700
2023-05-16,7.942438125610352,8.21368442309138,7.933961476719636,8.044155487165737,17399400
2023-05-17,8.629032135009766,8.65446127568656,8.222161842292023,8.222161842292023,25671300
2023-05-18,8.518837928771973,8.671413577888742,8.357784821777095,8.645984437765579,22661700
2023-05-19,8.32387924194336,8.603602215481486,8.154350289553253,8.535790634525442,23150300
2023-05-22,8.713796615600586,8.722273265683201,8.349309554204433,8.408644488027049,15722600
2023-05-23,8.86637020111084,9.146093095876196,8.722270430064736,8.730747077391586,22592800
2023-05-24,8.645983695983887,8.857895065044167,8.61207790926935,8.730748566959086,12475800
2023-05-25,8.569695472717285,8.671412832848258,8.391689890393652,8.629031205743644,15997600
2023-05-26,8.556718826293945,8.669193486358845,8.444244166229046,8.539414651618516,14327800
2023-05-30,8.591325759887695,8.729755847340288,8.383679803600401,8.625933281750843,20027100
2023-05-31,8.080863952636719,8.504806289097163,8.046256431805425,8.496154202612244,34778300
2023-06-01,8.323116302490234,8.426938861292243,7.95108484795178,8.245249177111642,18079300
2023-06-02,8.89414119720459,8.91144537035435,8.504806377527267,8.56536933333465,17414500
2023-06-05,8.764364242553711,9.015269007340763,8.52211156537171,8.963357306818947,17639900
2023-06-06,9.18830394744873,9.404601123683705,8.686494564592248,8.76436168005416,16236600
2023-06-07,9.534382820129395,9.560338258130079,9.101788336278336,9.248869701687878,20955000
2023-06-08,9.499774932861328,9.603598340147153,9.300781856631998,9.404604438809285,14014500
2023-06-09,9.240218162536621,9.52573044732435,9.171003113200715,9.499774184992031,16885900
2023-06-12,8.842230796813965,9.57764086739627,8.496154741444263,9.231565637135,37952300
2023-06-13,9.067178726196289,9.1710021139968,8.703800169328034,8.842230252917538,19268000
2023-06-14,8.574023246765137,9.214262937770267,8.565371158346768,9.171004145895553,23224500
2023-06-15,8.721105575561523,8.773017281713882,8.470200783560374,8.522112489712732,18653400
2023-06-16,8.591325759887695,8.824926326186844,8.478851107555363,8.798970891066585,28306700
2023-06-20,8.522111892700195,8.565370682170013,8.37502969819896,8.54806733140379,12228300
2023-06-21,8.513459205627441,8.59132634136684,8.375029108805608,8.496155030970481,10388900
2023-06-22,8.271206855773926,8.504807446909567,8.236599330231295,8.444244483487084,14764600
2023-06-23,8.089516639709473,8.262554256712727,8.063560378327653,8.219294646184803,17268900
2023-06-26,8.089516639709473,8.227946733312077,8.028952854927002,8.132775425128955,19298000
2023-06-27,8.210641860961914,8.26255355420341,8.002996738212676,8.09816721319565,18129100
2023-06-28,8.054909706115723,8.150080196159099,7.994345916898573,8.132776020637483,16996200
2023-06-29,8.072213172912598,8.271207068737716,8.011650207930764,8.167383664328124,22646900
2023-06-30,7.994344711303711,8.201989835597953,7.985692624847689,8.201989835597953,19148100
2023-07-03,8.279857635498047,8.409636467546386,8.037604970826305,8.037604970826305,13299700
2023-07-05,8.236599922180176,8.323118329700423,8.054910193746538,8.150080689551375,14944600
2023-07-06,8.158732414245605,8.158732414245605,7.873220114446271,8.063561097573483,21222400
2023-07-07,8.297161102294922,8.435591184588782,8.115471413007137,8.115471413007137,18247900
2023-07-10,8.219294548034668,8.400984249995561,8.18468702504728,8.305813768057353,22333400
2023-07-11,8.582674026489258,8.591326113588348,8.219294619411848,8.331769276374708,25268100
2023-07-12,8.850881576538086,9.13639465733426,8.773015272802827,8.876837836224894,29566100
2023-07-13,9.179654121398926,9.196958295808075,8.842230971505016,8.894141844515563,18420700
2023-07-14,8.79031753540039,9.326734459399107,8.755710018532998,9.300779028025635,17618200
2023-07-17,8.902793884277344,8.902793884277344,8.729756266650215,8.798971313701067,11660100
2023-07-18,9.26617431640625,9.283477667524231,8.850883163163731,8.86818733939025,20902700
2023-07-19,9.871806144714355,9.941021197210368,9.300781549068008,9.318085724746265,36097100
2023-07-20,10.278444290161133,10.434178557092016,9.387299949063333,9.551685477961593,44003700
2023-07-21,9.889110565185547,10.468787263020218,9.854503038080875,10.416875559808943,24633900
2023-07-24,10.287096977233887,10.48609004093327,9.915065462359493,9.949672987572798,23567600
2023-07-25,10.053496360778809,10.633173072920068,9.958325865169254,10.41687581690045,25580900
2023-07-26,10.745645523071289,10.884075606281808,10.390918228567239,10.390918228567239,27931100
2023-07-27,10.60721492767334,11.282061963292673,10.529347803350275,10.849467561594167,26584100
2023-07-28,10.875423431396484,10.953290558846506,10.633170787747376,10.78025295624,14857300
2023-07-31,10.65047550201416,10.970595289387632,10.51204458778299,10.935987767106942,17227000
2023-08-01,10.373614311218262,10.641823222878612,10.105406224666313,10.57260817956789,17426700
2023-08-02,10.295747756958008,10.313051931307545,10.07079926617317,10.243836884126294,11773800
2023-08-03,10.416873931884766,10.442829366879884,10.070798714921844,10.28709593180077,11808400
2023-08-04,10.313050270080566,10.442828256363649,10.25248731982957,10.330353616534431,10010200
2023-08-07,10.425524711608887,10.494739746324454,10.24383503920345,10.287094642177754,7183400
2023-08-08,10.330353736877441,10.356309994523086,9.811240960589416,10.053493589523828,12109300
2023-08-09,9.95832633972168,10.364964606338276,9.932370073684254,10.21788322433581,11161500
2023-08-10,10.00158405303955,10.088102448026325,9.78528682790997,10.04484283797872,13897400
2023-08-11,10.00158405303955,10.062147012041136,9.889109396959157,9.915064832944346,7774400
2023-08-14,9.534382820129395,9.966977303980451,9.482471119019529,9.923717690573646,13559200
2023-08-15,9.205609321594238,9.395950267497629,9.07583050381463,9.352691486679447,16008600
2023-08-16,9.11043930053711,9.274825661078179,8.997964639405977,9.188306437097777,12660200
2023-08-17,9.326736450195312,9.369996061790408,8.997964557224433,9.162350916264105,17761800
2023-08-18,9.369994163513184,9.456513369175354,9.136393628398592,9.179652406121383,14560700
2023-08-21,9.421907424926758,9.482470383936333,9.2402177227896,9.413255337894409,15531000
2023-08-22,9.032570838928223,9.395950206165805,9.015267491735568,9.352691425629995,13679900
2023-08-23,9.30078125,9.326736687574275,8.954705998648045,9.049876486492712,12845500
2023-08-24,9.404603004455566,9.603596875443658,9.214261220273134,9.28347626450158,11642300
2023-08-25,9.41325569152832,9.586293313133748,9.266173506886592,9.491122827527878,13586500
2023-08-28,9.611660957336426,9.726295550744744,9.497027204881734,9.505844603641123,10666100
2023-08-29,9.885019302368164,9.964381768248623,9.567570279799853,9.638114507037255,11632600
2023-08-30,9.814475059509277,9.893837525263416,9.735112593755138,9.840928934442816,10157600
2023-08-31,9.990836143493652,10.017290019793917,9.779203451184397,9.84092944286954,15466200
2023-09-01,10.19365119934082,10.290649304142988,10.070198377903342,10.070198377903342,11290500
2023-09-05,10.114289283752441,10.387647976285605,10.105471044392381,10.158379639599156,13567200
2023-09-06,9.779204368591309,10.114289916659462,9.699841891291793,9.982018840842388,10235800
2023-09-07,9.602843284606934,9.832111623928895,9.523480811361269,9.717477874744715,15740300
2023-09-08,9.920292854309082,9.929111094230676,9.488209189594716,9.620479424604046,11447900
2023-09-11,9.885019302368164,10.114288461366483,9.867382825082052,10.017289518199913,10140700
2023-09-12,10.378830909729004,10.431738665673846,9.849748304558878,9.893838661815325,21647300
2023-09-13,10.07901668548584,10.546372416832648,9.964382102145386,10.528735938955554,16421900
2023-09-14,10.273014068603516,10.440557263739029,10.131925593302228,10.131925593302228,8730200
2023-09-15,10.334739685058594,10.440556029020533,10.21128686329289,10.21128686329289,22159600
2023-09-18,10.02610969543457,10.2994692595499,10.008474055692055,10.281832778853698,10858500
2023-09-19,9.902656555175781,10.12310751151669,9.8056584371291,10.05256327276389,10092800
2023-09-20,9.735113143920898,10.202468885275122,9.726294904793528,10.017290068368192,13590000
2023-09-21,9.452936172485352,9.752749573697086,9.364755463557113,9.691022741065893,15739000
2023-09-22,9.355938911437988,9.514663879747006,9.294212908630577,9.505845639073458,14498500
2023-09-25,9.373574256896973,9.426482012619482,9.232485787032129,9.30303002196455,10684900
2023-09-26,9.197214126586914,9.470572840295182,9.13548728723855,9.21484976571955,15002500
2023-09-27,9.082578659057617,9.223667122421425,8.99439794897845,9.20603064402416,15074400
2023-09-28,9.276576042175293,9.347120276332598,9.029670381671119,9.029670381671119,11242400
2023-09-29,9.488208770751953,9.708659713338456,9.391209817803583,9.417664536400562,15781900
2023-10-02,9.214849472045898,9.497027257758072,9.144305235856262,9.373574423949394,12846400
2023-10-03,8.87976360321045,9.153123139110653,8.826855848490151,9.117851022312587,15351800
2023-10-04,9.03848934173584,9.047307581946903,8.782766262290728,9.020852861313713,19224200
2023-10-05,9.082578659057617,9.126669014097201,8.897399840654227,8.915035478097915,10687600
2023-10-06,9.003215789794922,9.144304246915723,8.73867451221665,8.923853322426087,17832700
2023-10-09,9.003215789794922,9.056124381691992,8.818036979585486,8.84449085505725,12740700
2023-10-10,9.223668098449707,9.355938336611429,9.056125740714617,9.10021525946608,15199600
2023-10-11,9.311848640441895,9.470572755021065,9.206031442784248,9.276576521540562,12898300
2023-10-12,9.276576042175293,9.311848159253945,9.100214615828424,9.267757802667228,12101800
2023-10-13,9.223668098449707,9.461754695331537,9.126669979861356,9.452937296153443,17530700
2023-10-16,9.452936172485352,9.479390048782397,9.24130263924829,9.41766405710477,11493800
2023-10-17,9.7703857421875,9.867383854520103,9.338302095041884,9.364755972777393,21297100
2023-10-18,9.417665481567383,9.67338856699422,9.320666518884094,9.56757220484729,17760300
2023-10-19,9.311848640441895,9.990837139530955,9.267758281576816,9.611661230626394,28000900
2023-10-20,8.721037864685059,9.250119517561435,8.712219626898758,9.206029169583378,22675500
2023-10-23,8.729856491088867,8.97676213816045,8.597586269478317,8.659312260769433,17772900
2023-10-24,8.650494575500488,8.96794360139872,8.597585984040684,8.773946553984146,20404800
2023-10-25,8.650494575500488,8.694584087271204,8.377135061372975,8.54467739258088,16375800
2023-10-26,8.967942237854004,9.082576801125846,8.615221151597106,8.63285678543325,21638600
2023-10-27,8.747493743896484,8.976762933217419,8.632859149236017,8.976762933217419,14720500
2023-10-30,8.888583183288574,8.932673546174582,8.721040813466217,8.870947542706407,14878400
2023-10-31,9.012033462524414,9.047305574589043,8.77394607537305,8.897398888075998,9705500
2023-11-01,8.950307846069336,9.064942436020083,8.782765501343535,8.994398202350945,12487600
2023-11-02,9.691022872924805,9.717477590535365,9.038488309028667,9.038488309028667,18094400
2023-11-03,10.043745040893555,10.299468095408491,9.999654685090237,10.034926801542174,18211700
2023-11-06,9.937929153442383,10.30828597292472,9.8497484377372,10.30828597292472,9269800
2023-11-07,9.964383125305176,10.034927362150048,9.779204293348974,9.84093029034983,9590900
2023-11-08,9.946745872497559,10.00847270565428,9.840929525454918,9.98201798817844,8360800
2023-11-09,9.655750274658203,10.034926131930003,9.646932035895247,9.982017540305797,12746300
2023-11-10,9.655750274658203,9.779203094478996,9.541115693600368,9.691022388756496,17013300
2023-11-13,9.567572593688965,9.664570719360722,9.46175538628776,9.611662115660119,11517500
2023-11-14,10.511100769042969,10.616917118146324,10.017290298940392,10.034926777601077,25781100
2023-11-15,10.749186515808105,10.802095106758719,10.537553833912698,10.564007708911243,16515300
2023-11-16,10.652189254760742,10.758005604065222,10.484646911933712,10.705097849889777,10840900
2023-11-17,10.863821029663086,10.899093143098868,10.669824826243044,10.846185393421955,15314600
2023-11-20,10.802096366882324,10.872640602410163,10.678643534231794,10.855004964005014,10899400
2023-11-21,10.59046459197998,10.784460836271274,10.511102109790952,10.713916594537405,11975700
2023-11-22,10.608098983764648,10.722733573332457,10.51110087303201,10.6962796960333,7756900
2023-11-24,10.61691665649414,10.713914762049413,10.511100311991965,10.61691665649414,4513900
2023-11-27,10.549636840820312,10.594490909184112,10.459928704092714,10.576548939630515,11591300
2023-11-28,10.702140808105469,10.720081923225449,10.44198822246389,10.540666494424402,11883600
2023-11-29,11.159648895263672,11.31215220937954,10.773905973253093,10.782876957735242,18370400
2023-11-30,11.114795684814453,11.357006277211386,11.114795684814453,11.213473947565772,21429500
2023-12-01,11.859369277954102,11.913193469233839,10.962291438437575,10.998174517797432,23257100
2023-12-04,12.056726455688477,12.119522489692784,11.662012560827783,11.706866626396534,21502800
2023-12-05,11.608189582824707,11.88628415456806,11.446716115686263,11.88628415456806,21383300
2023-12-06,11.626129150390625,12.038785002006346,11.626129150390625,11.679954198653597,10764200
2023-12-07,11.76069164276123,11.931136932732958,11.617159307324116,11.688925475042673,13727000
2023-12-08,11.89525318145752,11.975990329490966,11.706866787886195,11.733778885390626,13680600
2023-12-11,11.8145170211792,11.922166275717114,11.760691966150128,11.886283190871142,8685100
2023-12-12,11.679956436157227,11.823488784994503,11.617160391900706,11.769663726420383,10495800
2023-12-13,12.523207664489746,12.55909074668805,11.608187785152797,11.679954805069563,19030500
2023-12-14,13.249841690063477,13.348519956262766,12.88203901309478,13.025572203275836,30756800
2023-12-15,12.84615707397461,13.27675497184206,12.801303857036984,13.151163740063996,25897100
2023-12-18,12.657769203186035,12.97174681888175,12.648799074138866,12.953804849747057,14594700
2023-12-19,12.882038116455078,12.92689218179463,12.594973467114173,12.693651726445076,15358300
2023-12-20,12.630857467651367,13.043513358875213,12.621886482826453,12.917922137887016,18190300
2023-12-21,12.810272216796875,12.908951333671348,12.693651986730778,12.801302087961142,12421400
2023-12-22,12.819244384765625,13.01660178121661,12.738507229148393,12.891010555198667,7005300
2023-12-26,12.962777137756348,13.016602195052503,12.738507634142845,12.855127878684298,7443600
2023-12-27,13.025572776794434,13.079396976902046,12.819244394994621,12.944835621112778,7038800
2023-12-28,13.043513298034668,13.07042539686368,12.917922077632282,12.926893062415353,7031700
2023-12-29,12.917922019958496,13.05248422454318,12.864097822540778,13.034542255057145,10085500
2024-01-02,13.106308937072754,13.267783246712657,12.765419203121976,12.828215243270952,15425600
2024-01-03,12.720564842224121,12.96277542933415,12.630856710393651,12.882038281790756,16527000
2024-01-04,12.85512638092041,13.007629694050895,12.666739985613349,12.738506149966499,17921100
2024-01-05,13.133221626281738,13.375432230314201,12.792331899237354,12.86409806750773,22168300
2024-01-08,13.187045097351074,13.21395719508799,12.908951424522565,13.043512768727307,12765400
2024-01-09,13.08836841583252,13.16910557431312,12.989689286347225,13.133222487823994,15962900
2024-01-10,12.971745491027832,13.070423744606904,12.81027120742563,13.043511649179901,14356700
2024-01-11,12.908952713012695,12.935864813435808,12.523208899693685,12.87306962727513,16844600
2024-01-12,12.738504409790039,12.98968595071276,12.487322868867318,12.962773856636765,19341700
2024-01-16,12.487324714660645,12.568061864342702,12.298938317242568,12.496295699185357,17038600
2024-01-17,12.415557861328125,12.594973264276772,12.191288393762285,12.263054554941743,25133800
2024-01-18,11.841429710388184,12.370705879853276,11.608189219518774,12.065699215719475,38124600
2024-01-19,12.505267143249512,12.559092200537876,11.77863443073831,11.868341718858566,26875600
2024-01-22,12.738504409790039,12.828212530736748,12.514234962943313,12.568060006615347,17508300
2024-01-23,12.92689323425293,12.998659402431084,12.72056571462079,12.774389912994302,19705600
2024-01-24,12.953804969787598,13.249841474612111,12.90895175757557,13.097338157634706,20178500
2024-01-25,13.043513298034668,13.222928716095078,12.819243811579106,13.142191564087845,13716900
2024-01-26,13.160134315490723,13.249842457610539,13.025572957831244,13.133222215062876,17847600
2024-01-29,13.33954906463623,13.357491034354252,13.070425507507334,13.133221546000206,10141300
2024-01-30,13.456169128417969,13.46514011316176,13.240870627688128,13.321607779341866,13187400
2024-01-31,13.034542083740234,13.447197965773258,13.007629985385087,13.025571954635307,33638800
2024-02-01,12.711594581604004,13.133221456378052,12.146435372146076,13.05248430423832,42359000
2024-02-02,12.891010284423828,12.971747438345181,12.388647101944635,12.469383400345771,17466700
2024-02-05,12.756449699401855,12.899982045892521,12.630858468462387,12.738507728330386,17498000
2024-02-06,12.469383239746094,12.971747271275296,12.343792873503947,12.720565683270799,24927300
2024-02-07,12.469383239746094,12.577033347268229,12.047757216618594,12.532179278387373,19449800
2024-02-08,12.44247055053711,12.53217868404438,12.173347005535467,12.361733401484601,11566200
2024-02-09,12.460412979125977,12.532179146371265,12.236143492604402,12.49629606274862,13300100
2024-02-12,12.675710678100586,12.891009166201453,12.469382318697148,12.469382318697148,18782400
2024-02-13,12.137463569641113,12.334820944295481,11.886282000866554,12.28996687884856,22765500
2024-02-14,12.433501243591309,12.487326302061698,12.119524444994926,12.298939880695757,16183900
2024-02-15,12.738504409790039,12.855124624812742,12.505263979744633,12.559089023416668,13806000
2024-02-16,12.621886253356934,12.729535502738207,12.469382936186749,12.568062056426388,15552100
2024-02-20,12.729536056518555,12.864098265739223,12.424530264429528,12.424530264429528,22490900
2024-02-21,12.79233169555664,12.882038976706177,12.505266171525616,12.648799361301226,18956000
2024-02-22,12.873068809509277,13.160133477173922,12.756448574390467,12.84615585527557,15507400
2024-02-23,12.79233169555664,12.935864029812056,12.747477627221775,12.855126877913335,10685600
2024-02-26,12.451020240783691,12.906101379783113,12.441918409684089,12.696763604484218,18307000
2024-02-27,12.869694709777832,12.906101165573594,12.569341232463213,12.587544026361908,12903300
2024-02-28,12.669459342956543,12.915202713712993,12.651255680234666,12.724068595125347,10548200
2024-02-29,12.988018035888672,13.1700503446891,12.815086691529379,12.88789961504955,15456700
2024-03-01,12.915201187133789,12.978913131131183,12.605746769425165,12.915201187133789,13605600
2024-03-04,13.270167350769043,13.461301484133966,13.079033217404119,13.179150766119658,18566200
2024-03-05,13.670638084411621,13.81626391269856,13.170048648676467,13.170048648676467,19880600
2024-03-06,13.643332481384277,13.843568427674986,13.306572539167139,13.597824193409336,17852700
2024-03-07,13.625129699707031,13.916381354220997,13.543214954875378,13.80716198377826,16711400
2024-03-08,13.579622268676758,13.870873941571126,13.570520436899194,13.834467482459331,15498500
2024-03-11,13.579622268676758,13.643333355122788,13.415792768674448,13.534113977787399,14485400
2024-03-12,13.479503631591797,13.679738706493053,13.415791682306505,13.597823963125093,12584200
2024-03-13,13.588723182678223,13.734349009289906,13.506808438209552,13.51591026937238,11962500
2024-03-14,13.124539375305176,13.597823281716494,13.024421842871597,13.424892840604251,14072100
2024-03-15,13.179149627685547,13.379385575818434,12.942508090435851,12.942508090435851,31491000
2024-03-18,13.142742156982422,13.206454103019292,12.960709885444947,13.179148611289918,8196400
2024-03-19,13.188251495361328,13.215556989271903,13.015321040586398,13.060829329105614,9561900
2024-03-20,13.688841819763184,13.761654738910982,13.05172834322071,13.08813480279461,9810900
2024-03-21,13.98009204864502,14.1075150779576,13.788957938675336,13.798059769625887,12163300
2024-03-22,13.679738998413086,14.143921975404748,13.670638035176733,14.052905399054005,8422500
2024-03-25,13.825366020202637,13.943687232478048,13.716146639948061,13.75255310003292,7131100
2024-03-26,13.707045555114746,13.943687109581381,13.64333359952893,13.925484313698625,9889700
2024-03-27,14.234938621520996,14.244039584801953,13.798060268094053,13.816263930652777,11001800
2024-03-28,14.389666557312012,14.435173978584977,14.234938894588344,14.234938894588344,10561000
2024-04-01,14.098414421081543,14.426073418600835,14.098414421081543,14.389666959765185,8025000
2024-04-02,13.889076232910156,14.080210341362989,13.798059660123716,13.952787313061645,9397800
2024-04-03,13.87087345123291,14.071109403268634,13.825365161952279,13.87997528268872,7952200
2024-04-04,13.725248336791992,14.21673597709627,13.661537249270584,14.13482122571248,10365600
2024-04-05,13.707045555114746,13.843569562230053,13.561418848060358,13.64333359952893,11254400
2024-04-08,14.062007904052734,14.116618026079436,13.77985806624369,13.843569151942809,8256100
2024-04-09,14.134820938110352,14.153024601602343,13.879975725211606,14.107516310870812,9560100
2024-04-10,13.506810188293457,13.81626554393876,13.361184342812962,13.81626554393876,15203200
2024-04-11,13.397589683532715,13.579621975157119,13.0426260638663,13.579621975157119,13274900
2024-04-12,13.297471046447754,13.306572877874101,13.079032300205943,13.170048878472574,12746800
2024-04-15,13.133644104003906,13.697944704783204,13.015322884292331,13.49770872773296,15557000
2024-04-16,12.94250774383545,13.060828943290858,12.79688191927445,12.997116994046634,13134300
2024-04-17,13.133644104003906,13.206457028749716,12.897001664580756,13.060831179258095,16756900
2024-04-18,13.088134765625,13.479504855931797,12.83328954933145,13.015321846683985,32085000
2024-04-19,13.315674781799316,13.470402444895972,13.03352408203529,13.051727744987097,16943100
2024-04-22,13.324776649475098,13.443097854988013,13.160947154457459,13.370284070981397,26489200
2024-04-23,13.397589683532715,13.49770722692653,13.060829727027958,13.25196385023319,23058300
2024-04-24,13.588723182678223,13.606925977005485,13.215556784986184,13.233759579313448,15084100
2024-04-25,13.297471046447754,13.588723576101923,13.142743384193533,13.579621744675576,16788200
2024-04-26,13.379385948181152,13.543215443758374,13.30657303192426,13.31567486345598,11793100
2024-04-29,13.406691551208496,13.543216430132315,13.324777665452396,13.424895215597736,12753300
2024-04-30,13.188251495361328,13.443097563869573,13.170048700752687,13.242861615184069,10863500
2024-05-01,13.388487815856934,13.725247771453796,13.279268441176741,13.279268441176741,10679600
2024-05-02,13.534113883972168,13.62513046511998,13.34297975796052,13.59782496997657,16315800
2024-05-03,13.588723182678223,13.879974835901589,13.561417689189735,13.752551803617168,9274400
2024-05-06,13.77075481414795,13.825364062543379,13.534112423105482,13.688840073556452,11101300
2024-05-07,13.588723182678223,13.889076667064417,13.543214894862473,13.852670210411496,10462000
2024-05-08,13.670638084411621,13.679739047680751,13.388487391106874,13.479503967785414,10522300
2024-05-09,13.725248336791992,13.7525529645871,13.552317870091684,13.570520665955602,5788400
2024-05-10,13.725248336791992,13.8253658840397,13.634231753477009,13.807163088175782,9768900
2024-05-13,13.54321575164795,13.86177205051426,13.506809292691845,13.788959132602049,8554400
2024-05-14,13.752552032470703,13.807162152358039,13.552316951546764,13.652434492008734,11454500
2024-05-15,14.17122745513916,14.20763391427381,13.925484072979883,13.925484072979883,13543400
2024-05-16,13.952789306640625,14.171228070940641,13.943687474461834,14.107516981686093,6786000
2024-05-17,14.016499519348145,14.089312436227996,13.952788434077881,14.07110964100725,6225400
2024-05-20,13.861771583557129,14.080211197933703,13.834466957259464,14.034702908771983,5854900
2024-05-21,13.943686485290527,13.970991979889835,13.807162484287712,13.852670773954793,5841900
2024-05-22,13.679738998413086,13.90727957129154,13.597824253297098,13.879974945585676,7185600
2024-05-23,13.160947799682617,13.734350192357404,13.133643171840523,13.72524836041055,12959500
2024-05-24,13.368678092956543,13.387143541161453,13.248656201548748,13.248656201548748,7253400
2024-05-28,13.100933074951172,13.451768608071728,13.054771223090768,13.387141311082456,9990100
2024-05-29,12.851656913757324,12.953214229885115,12.611611387839671,12.823959623991739,13507700
2024-05-30,12.916285514831543,13.11016832363841,12.833192756702735,12.999378272960351,15365600
2024-05-31,13.267120361328125,13.322515823758497,12.980912966800716,12.980912966800716,22190500
2024-06-03,13.036307334899902,13.377910186253963,12.87012183081593,13.350212895733632,12323300
2024-06-04,12.80549430847168,13.036307113340632,12.648541530722316,12.842424322031473,12782600
2024-06-05,12.79626178741455,12.925517277159301,12.703937192294864,12.870121815702698,7736100
2024-06-06,12.86089038848877,12.925517695210898,12.750100342473255,12.823960373150264,8018300
2024-06-07,12.86089038848877,12.953214986594523,12.731634894563493,12.731634894563493,11586400
2024-06-10,12.620845794677734,12.731635848998694,12.473125722249785,12.694705830891708,13356200
2024-06-11,12.390032768249512,12.519288269849639,12.260777266649386,12.482358252318326,16128100
2024-06-12,12.676239013671875,13.036307311719908,12.583914418607934,12.768564489216802,16430300
2024-06-13,12.593148231506348,12.67624011010665,12.445427281761102,12.611612799923838,12395100
2024-06-14,12.334637641906738,12.473125871829525,12.103824805849854,12.343870366664476,14013200
2024-06-17,12.519287109375,12.537751676188549,12.131521520999604,12.325404315187303,14812500
2024-06-18,12.537752151489258,12.657774922010796,12.426962104964998,12.500822135981172,13803900
2024-06-20,12.593148231506348,12.648542817239884,12.371567247129011,12.491590023526424,10498600
2024-06-21,12.556217193603516,12.593147207917838,12.408496255865233,12.583914484219008,16654400
2024-06-24,12.851656913757324,12.943982386950564,12.482356781946295,12.593146821489604,14916800
2024-06-25,12.602378845214844,12.88858711183499,12.583914278599888,12.787029794250284,12951300
2024-06-26,12.49159049987793,12.528520518602257,12.38080044370495,12.399265893307664,14474800
2024-06-27,12.574682235717773,12.620844975475416,12.371566709072763,12.463892188588048,8645700
2024-06-28,13.119401931762695,13.147099226177758,12.648543524301052,12.713171718577685,21144200
2024-07-01,13.128633499145508,13.38714361201525,13.09170348302126,13.110168050842866,12091100
2024-07-02,13.322517395019531,13.340981964353368,13.07323910540442,13.10093639964573,10372300
2024-07-03,13.174798011779785,13.368679962153564,13.16556528638642,13.32251809614904,5940000
2024-07-05,12.879355430603027,13.22095830519467,12.860890862493747,13.156330996090619,17588100
2024-07-08,12.953214645385742,13.04554012154051,12.759331849845527,12.759331849845527,12118700
2024-07-09,13.19326114654541,13.2763539050822,12.860890992879314,12.907052853861034,8558400
2024-07-10,13.544096946716309,13.581026964329453,13.174796770584871,13.267121374377194,10274100
2024-07-11,13.968791007995605,14.051883758337889,13.719512756968754,13.79337278383279,14400300
2024-07-12,14.042652130126953,14.171907627460882,13.830303875969857,13.959559373303787,14484600
2024-07-15,14.310396194458008,14.430418977875712,14.181140686050991,14.301163469468696,15322700
2024-07-16,14.762788772583008,14.7812542220856,14.264233082267218,14.347325844066699,16979700
2024-07-17,14.965901374816895,15.20594690243217,14.642763977317228,14.679693990759503,24453100
2024-07-18,14.365790367126465,14.892042436796217,14.310394902672208,14.6335332042798,30745700
2024-07-19,14.393486976623535,14.578137048580531,14.208836904666539,14.356556962232135,20292900
2024-07-22,14.559673309326172,14.568905153088096,14.061116765978419,14.310395037652295,18715800
2024-07-23,14.6427640914917,14.790485026893602,14.495044036570777,14.531974050301008,16692700
2024-07-24,14.578137397766113,14.89204208737137,14.54120738249014,14.707392891472525,13944700
2024-07-25,14.89204216003418,15.030531258836586,14.531974729456826,14.615067484353451,11788400
2024-07-26,15.196714401245117,15.205947124860982,14.892041565769423,15.002832488197845,14594300
2024-07-29,14.965901374816895,15.242877796355419,14.901274071413155,15.215179625912983,16565300
2024-07-30,15.002833366394043,15.224413463259182,14.919740609949356,15.03976426301927,12466800
2024-07-31,14.89204216003418,15.215180455636391,14.836647577090444,15.002833086883697,13059100
2024-08-01,14.051885604858398,14.90127602541092,13.978025568288613,14.855114162915623,15198500
2024-08-02,13.340981483459473,13.691817092967108,13.17479684352086,13.654887075149519,19973500
2024-08-05,13.036307334899902,13.14709737746222,12.583914440983525,12.805494526108161,19477500
2024-08-06,13.165563583374023,13.424073697581015,12.962448053399438,13.05477353442817,13158100
2024-08-07,13.091703414916992,13.599490913863598,13.073237966710408,13.41484083420292,13258900
2024-08-08,13.424074172973633,13.461004190596736,13.248656809384158,13.322516844630366,12561900
2024-08-09,13.488700866699219,13.516399039010391,13.322516235237337,13.424073558935211,15511000
2024-08-12,14.716625213623047,15.778364728184567,14.541207855476577,15.732202867948843,45932600
2024-08-13,14.48581314086914,14.855114205251633,14.338093067308579,14.855114205251633,25942500
2024-08-14,14.439650535583496,14.64276518604215,14.402720519092737,14.56890515306063,14836200
2024-08-15,14.956671714782715,15.178251814732416,14.679695269124013,14.679695269124013,16595000
2024-08-16,15.132086753845215,15.242877673761958,14.92897212178677,14.947437568599884,12611100
2024-08-19,15.418296813964844,15.43676050091463,15.132087654217697,15.132087654217697,13903300
2024-08-20,15.381365776062012,15.455225806065014,15.205947544444122,15.353667604450129,13982200
2024-08-21,15.178250312805176,15.47369041683688,15.095157563426017,15.47369041683688,10389000
2024-08-22,15.15978717803955,15.381367289855893,15.095159865546725,15.215181765753089,12092200
2024-08-23,15.759899139404297,15.879922792488024,15.205948016696654,15.298273497308273,22895300
2024-08-26,15.649107933044434,15.870688001072867,15.556782464458793,15.870688001072867,10485700
2024-08-27,15.57901668548584,15.737890951412421,15.51359818466674,15.51359818466674,11204800
2024-08-28,15.644434928894043,15.793963437597514,15.522943684017635,15.550979165324268,8405300
2024-08-29,15.775272369384766,15.887419645307713,15.5042526082284,15.737891132424103,12771300
2024-08-30,15.943490028381348,15.962181535350897,15.70985153882263,15.78461578418061,12129000
2024-09-03,15.635088920593262,15.887418943381272,15.550978912997257,15.719198928189265,15732800
2024-09-04,15.382760047912598,15.60705460661848,15.233231530455699,15.588363096306233,17490000
2024-09-05,15.177159309387207,15.560326371499153,15.083703537099286,15.560326371499153,14781600
2024-09-06,14.672500610351562,15.289307124645806,14.663154854545514,15.177159837493885,12443300
2024-09-09,15.121086120605469,15.560325920346715,14.71922755918321,14.775301199182238,21596200
2024-09-10,14.840719223022461,15.130431386334529,14.644462826265315,15.130431386334529,13781600
2024-09-11,14.878101348876953,14.952865605604154,14.392132788889901,14.719227080516589,11046600
2024-09-12,15.0463228225708,15.149122571405035,14.822029139507608,14.93417553540904,11579200
2024-09-13,15.03697681427002,15.410798127664423,14.812684026233375,15.177159583977842,13185800
2024-09-16,15.205195426940918,15.326686673971047,15.018283896487914,15.018283896487914,6398300
2024-09-17,15.48556137084961,15.588362893710356,15.307995590232096,15.345378610370734,8332500
2024-09-18,15.504252433776855,15.859382202249444,15.317340903515204,15.485560924246599,10038800
2024-09-19,16.205167770385742,16.25189476103323,15.765927997729861,15.868727733658426,14988200
2024-09-20,15.999567985534668,16.1958235033043,15.831347951720355,16.093021975413198,20004500
2024-09-23,15.709854125976562,16.111712679400274,15.681818643425473,16.00891115665825,10526100
2024-09-24,15.5322904586792,15.896765999765066,15.4388346889719,15.709854460350467,9852900
2024-09-25,15.30799674987793,15.579018318852567,15.279961265170654,15.541635295882005,10596200
2024-09-26,15.466869354248047,15.616397864864599,15.345378107817268,15.476215108976637,9291000
2024-09-27,15.522944450378418,15.663127211393627,15.364070179222377,15.550979933069149,5057200
2024-09-30,15.65378189086914,15.70985464032769,15.39210608919497,15.504253370632632,6175700
2024-10-01,15.177159309387207,15.550980616018302,14.999593520292214,15.50425362113464,9444600
2024-10-02,15.149121284484863,15.42948858731169,15.083702781914756,15.167812794510754,6980600
2024-10-03,15.298652648925781,15.307996622069762,14.906138932354926,15.065014104872379,8057200
2024-10-04,15.6818208694458,15.878076405243764,15.522946576529026,15.560327819410219,9477500
2024-10-07,15.67247486114502,15.765930640626745,15.466871789781077,15.597710594063786,6204900
2024-10-08,15.635088920593262,15.79396318132789,15.607053439741527,15.73789043710402,7104400
2024-10-09,15.7659273147583,15.896764308919831,15.560324286766917,15.635088538076415,7331900
2024-10-10,15.737892150878906,15.80331065668389,15.532290877988874,15.644436378648676,7297700
2024-10-11,16.093021392822266,16.326659924101733,15.822001623448761,15.868728616696442,10220300
2024-10-14,16.261241912841797,16.298624934588105,15.803310591573032,15.915457874291372,11829800
2024-10-15,16.345354080200195,16.765904217585096,16.31731681020093,16.336008323533775,11298800
2024-10-16,16.541608810424805,16.70982705647111,16.41077002013918,16.560298538305144,11862200
2024-10-17,16.12105941772461,16.37338947119829,15.793965102020275,16.07433242227568,16550800
2024-10-18,16.214515686035156,16.336006947422835,16.036949889372544,16.036949889372544,10728800
2024-10-21,15.971532821655273,16.382737204832704,15.943495551488347,16.223862905595116,7560400
2024-10-22,16.046295166015625,16.102367917095226,15.887420885856237,15.94349363693584,8539000
2024-10-23,15.962185859680176,16.158443170988246,15.840694596505235,15.971531615696819,5979100
2024-10-24,16.102367401123047,16.14909617762589,15.906111887372797,16.0462946518402,8355600
2024-10-25,15.924803733825684,16.307970796627114,15.878074956337338,16.298625041129444,7423200
2024-10-28,16.401424407958984,16.476188667693908,16.01825735400242,16.10236736901928,10705100
2024-10-29,16.242549896240234,16.429461434110923,16.214514413324004,16.354697175466754,10252600
2024-10-30,16.345354080200195,16.644411163442427,16.24255253939037,16.24255253939037,11124000
2024-10-31,16.12105941772461,16.438807977835033,16.12105941772461,16.36404371560438,9138900
2024-11-01,16.064985275268555,16.392079562642746,16.027602256130724,16.205168031994504,7053200
2024-11-04,15.924803733825684,16.13975076271027,15.906112222830345,16.093021985221927,8130000
2024-11-05,16.130403518676758,16.17713050933247,15.962183500283489,16.018256245574435,5585100
2024-11-06,18.663043975830078,18.69108123939652,17.279904391919633,17.279904391919633,27055800
2024-11-07,17.906057357788086,18.44809869307526,17.77522034729412,18.27987866099983,13881200
2024-11-08,17.728492736816406,18.018205825573553,17.569618449682736,17.803257002378093,15226300
2024-11-11,17.99016761779785,18.214460402766626,17.93409486718581,18.07427763497622,6623000
2024-11-12,17.924747467041016,18.092967485963303,17.793910466777206,17.868674721573733,8403700
2024-11-13,17.803255081176758,18.261188163660975,17.793911108695493,17.999512371172923,7670000
2024-11-14,17.887365341186523,18.046239613374013,17.70045558612629,17.840638348051595,4836100
2024-11-15,17.906057357788086,18.08362314525888,17.709801842047135,17.952784352244336,7947200
2024-11-18,17.97147560119629,18.018204377492296,17.840638592608578,17.88736558638403,7320300
2024-11-19,17.756528854370117,17.94344039742435,17.607000332934962,17.663073082843002,8823000
2024-11-20,17.77522087097168,17.906057885320248,17.616346589611005,17.86867664515807,5298800
2024-11-21,17.962129592895508,18.186422368394954,17.803255320768333,17.849984096406047,6311800
2024-11-22,18.3172607421875,18.345296224413698,17.92474794833632,17.92474794833632,7997000
2024-11-25,18.513517379760742,18.72846619091957,18.47613614033351,18.485481895820467,8796100
2024-11-26,18.37333106994629,18.54155107123593,18.31725833035649,18.43874956322109,8209900
2024-11-27,18.242494583129883,18.4761330840946,18.167730334121984,18.4013688350867,5960300
2024-11-29,18.205116271972656,18.326609322082184,18.046241978959188,18.28922629665748,5524800
2024-12-02,17.85932731628418,18.29856704980255,17.78456306839764,18.270529788399994,10047300
2024-12-03,17.769580841064453,17.901838386810144,17.580644321476765,17.882944194296563,8780800
2024-12-04,17.712902069091797,17.854604925274618,17.57119921290898,17.731796263742726,8998200
2024-12-05,17.68456268310547,17.93962893283458,17.64677609158066,17.807373159723088,7767500
2024-12-06,17.82626724243164,17.845159637148367,17.47673181335073,17.694009668316017,7001300
2024-12-09,17.514516830444336,17.873497486762822,17.495622637519833,17.779028323989724,7997800
2024-12-10,17.391708374023438,17.788477461721104,17.136642145821448,17.58064672125075,12965900
2024-12-11,17.297239303588867,17.646774707489513,17.221664324617056,17.599539219476114,8812700
2024-12-12,17.061067581176758,17.42005008924712,17.03272808969992,17.363367502594116,7759000
2024-12-13,17.127195358276367,17.25945292446919,17.061067476104782,17.193325042297605,9028800
2024-12-16,17.19332504272461,17.325580807071066,17.023280887507937,17.117750062833828,10794500
2024-12-17,16.815446853637695,17.193323521507793,16.72097948851966,17.04217357509955,10380700
2024-12-18,16.021907806396484,16.976042914009746,15.955779933902889,16.92880923418557,14327500
2024-12-19,15.880205154418945,16.522593298043645,15.842418570478944,16.305315485302764,12267700
2024-12-20,16.14472198486328,16.305319055937954,15.74795285643467,15.832974941230074,29210300
2024-12-23,16.267528533935547,16.295869825776656,15.936889138370457,15.936889138370457,11099300
2024-12-24,16.40923309326172,16.418678388636096,16.201400558034333,16.258081339528367,4280200
2024-12-26,16.42812728881836,16.447021485339828,16.191955237849264,16.32421281164979,5442800
2024-12-27,16.24863624572754,16.522594861221947,16.18250656433964,16.314764125265857,6597100
2024-12-30,16.16361427307129,16.220295055624636,15.955781733959704,16.088039295716964,5863800
2024-12-31,16.191953659057617,16.399786196829613,16.12582577953001,16.229742048416007,6068100
2025-01-02,16.040803909301758,16.437572993362384,15.927442343484207,16.37144511299388,9111400
2025-01-03,16.333660125732422,16.352552520653767,15.851868919167435,16.116380466564056,7007100
2025-01-06,16.418678283691406,16.711532890212755,16.352550405396116,16.48480796383624,9836000
2025-01-07,16.23918914794922,16.664297717191076,16.163614171071806,16.569830347481496,10890100
2025-01-08,16.16361427307129,16.191953763423168,15.870759659204891,16.125825883469332,9867400
2025-01-10,15.795185089111328,16.01246473122571,15.672376423437665,15.96522924300535,16167100
2025-01-13,16.07859230041504,16.07859230041504,15.634587729020575,15.681823216322966,14128100
2025-01-14,16.51314926147461,16.55093765426619,16.163615637401204,16.163615637401204,12195400
2025-01-15,17.136642456054688,17.287792415833035,16.976045398558988,17.070514573882868,17501900
2025-01-16,16.853235244750977,17.061065970644165,16.692638201426856,16.92881021797118,16416300
2025-01-17,17.287792205810547,17.353921889028637,16.853236527189452,16.90991731095533,17480500
2025-01-21,16.664297103881836,16.89102202616974,16.33365771836792,16.47536056956667,27286300
2025-01-22,16.343103408813477,16.607616725472088,16.276975530111212,16.532041749548135,17231400
2025-01-23,16.50370216369629,16.54149055648883,16.286424310688407,16.380893490820018,12095300
2025-01-24,16.70208740234375,16.966598941011366,16.42812696375261,16.42812696375261,11064900
2025-01-27,16.68319320678711,16.881578662644568,16.49425484900379,16.758768189530493,14825200
2025-01-28,16.673744201660156,16.80600175772146,16.380891402255678,16.654850007672895,13398300
2025-01-29,16.69264030456543,16.966598941311698,16.569831633303252,16.66429901034352,9128300
2025-01-30,17.032726287841797,17.164982039008404,16.787107177211332,16.843787956018527,16170300
2025-01-31,16.985490798950195,17.15553493717108,16.909915826613076,17.061065771287314,14669200
2025-02-03,16.50370216369629,16.768215507694848,16.333659801679083,16.475362670951625,11463600
2025-02-04,16.9571533203125,16.96659861635585,16.54149002226746,16.598170807775976,12009700
2025-02-05,16.862682342529297,17.061065971549297,16.758766078652442,17.051618874665085,11389600
2025-02-06,16.9571533203125,17.09885618500863,16.78710916193727,17.09885618500863,13387700
2025-02-07,16.853235244750977,16.994938094307674,16.645404518857788,16.994938094307674,13056300
2025-02-10,16.541488647460938,16.928810619635534,16.541488647460938,16.928810619635534,8149400
2025-02-11,16.588722229003906,16.664297203551893,16.343103111260568,16.45646647400731,9666100
2025-02-12,16.626510620117188,16.673744303524387,16.229741553208328,16.37144440527945,13884400
2025-02-13,16.51314926147461,16.720981818128816,16.352552195809878,16.702087621733025,10490200
2025-02-14,16.739871978759766,16.862682437093756,16.560382542501628,16.579274934526513,8283900
2025-02-18,16.966598510742188,16.98549270641064,16.654851489611392,16.777661959606668,8580000
2025-02-19,17.032726287841797,17.061065776320657,16.71153220485192,16.73042459655467,7650400
2025-02-20,16.607616424560547,17.079960465989288,16.41867808724924,17.079960465989288,10336100
2025-02-21,15.993569374084473,16.720979623188555,15.993569374084473,16.720979623188555,14269100
2025-02-24,15.84242057800293,16.154167592871968,15.710163012829957,16.116379202294077,12384500
2025-02-25,15.747950553894043,16.040803357676364,15.65348138439504,15.974675479581924,12610600
2025-02-26,15.92744255065918,16.220295368321644,15.823526279100076,15.8424204742653,9897300
2025-02-27,16.040803909301758,16.4753613832013,15.965228931473524,15.984123126392983,11399300
2025-02-28,16.36199951171875,16.380893708365942,16.059699572762707,16.13527455750172,9814700
2025-03-03,16.040803909301758,16.635958436317498,15.861314463115704,16.390339307913337,12074300
2025-03-04,15.529218673706055,15.959524113946845,14.936354515072093,15.749151754776186,21059200
2025-03-05,15.548345565795898,15.672655027444755,15.137165169476155,15.529220472043974,16463700
2025-03-06,15.2327880859375,15.510094636602354,15.041540805302317,15.299724086999042,13562100
2025-03-07,15.041540145874023,15.175413054062677,14.563423789116152,15.13716378199943,18700000
2025-03-10,14.496489524841309,14.840733926518448,14.228744588374958,14.802483737945709,22089700
2025-03-11,14.496489524841309,14.678174272823062,14.219182041231774,14.525176254336174,15437100
2025-03-12,14.802483558654785,14.945919028261168,14.553863719486142,14.649486453955719,14918000
2025-03-13,14.486926078796387,14.926793188807919,14.467801897631345,14.85029464027849,11744300
2025-03-14,14.993730545043945,15.022417273605095,14.716423070460413,14.754672345853498,18651700
2025-03-17,15.108477592468262,15.184976139311374,14.859856859260844,14.993729772203595,11350900
2025-03-18,15.156290054321289,15.204100964172772,14.98416786066507,15.156290054321289,10329200
2025-03-19,15.347535133361816,15.529219869213607,15.07022858020101,15.175413855949406,9796700
2025-03-20,15.385785102844238,15.596155651380316,15.146726915197645,15.146726915197645,15328600
2025-03-21,15.443160057067871,15.557908800785333,15.175415116241433,15.299725495323099,57103900
2025-03-24,15.844776153564453,15.930837245767563,15.586592876955123,15.634405608106409,12006300
2025-03-25,15.844776153564453,16.016898337970673,15.71090415407926,15.854338699794711,14952800
2025-03-26,15.682217597961426,16.122085635572148,15.567470683015552,15.930838345503256,12792700
2025-03-27,15.46228313446045,15.739589674473754,15.395347135969969,15.624842769595547,13081200
2025-03-28,15.108477592468262,15.567469785461542,14.95548049878204,15.395347599097235,10180600
2025-03-31,15.290162086486816,15.357098089938184,14.716422959900848,14.869420060323773,14386800
2025-04-01,15.108477592468262,15.23278795907197,14.917231225360483,15.118040138807304,11185100
2025-04-02,15.366661071777344,15.39534871286987,14.850295387262692,14.850295387262692,12591700
2025-04-03,13.502006530761719,14.572987118002166,13.454194710130482,14.515613662792383,20374000
2025-04-04,12.880455017089844,13.06213883296796,12.172842109936882,13.00476538034733,23358000
2025-04-07,12.918704986572266,13.435070647693866,12.220654587834293,12.574460604534774,36888500
2025-04-08,12.650959014892578,13.69325287231815,12.42146337067079,13.406383773008228,35694000
2025-04-09,13.884500503540039,14.142682881797457,12.239779854727564,12.40233950145561,28765700
2025-04-10,13.13863754272461,13.511568637179701,12.689208814459676,13.463756818105777,19867700
2025-04-11,13.129075050354004,13.186449415864876,12.631834500976387,12.966516323931504,15718600
2025-04-14,13.444632530212402,13.588067074353514,13.224698529003494,13.425507437961805,18741900
2025-04-15,13.626317024230957,13.960998859775398,13.50200665422687,13.5211317474281,15071700
2025-04-16,13.454195022583008,13.8366886845811,13.282073741021785,13.502006844324601,16943400
2025-04-17,13.645442008972168,14.085308205888577,13.597630188283759,13.865375107430372,19001500
2025-04-21,13.186450004577637,13.588067845280277,13.08126472703538,13.435070746333489,13122100
2025-04-22,13.549818992614746,13.578505721577187,13.291635696148758,13.387259341936458,17914200
2025-04-23,13.884500503540039,14.47736472198688,13.827126135074696,13.989685781802743,16244200
2025-04-24,14.219182014465332,14.276556385281749,13.798439972238794,13.865375978245707,8822700
2025-04-25,14.075746536254883,14.219181086028382,13.989685441616933,14.056621443253281,8052200
2025-04-28,14.219182014465332,14.286118020472246,14.094871637642001,14.094871637642001,10593900
2025-04-29,14.286116600036621,14.38174023791145,14.008809144521136,14.133119508984572,9756600
2025-04-30,14.190494537353516,14.22874381190428,13.808000879911223,13.989685617978337,9494700
2025-05-01,14.333929061889648,14.458239431928744,14.075746687142786,14.171369417371958,9888900
2025-05-02,14.81204605102539,14.869420421043166,14.477365113714832,14.620799670857261,12415200
2025-05-05,14.878982543945312,15.098915646886324,14.620799254126233,14.659048529069654,12782500
2025-05-06,14.630361557006836,14.812045381976368,14.601674829261043,14.687735012498422,9606200
2025-05-07,14.563424110412598,14.802482294065605,14.496488110808828,14.716422113975586,11611000
2025-05-08,14.888544082641602,14.99373027200814,14.735546983855338,14.735546983855338,10822800
2025-05-09,14.81204605102539,14.955481520102493,14.716423316908664,14.955481520102493,12402500
2025-05-12,15.73958969116211,15.883026058215702,15.481408242977817,15.577031879723823,15649600
2025-05-13,15.892589569091797,15.94040047843274,15.710904830631504,15.835214289239527,12244300
2025-05-14,15.863900184631348,15.940398725485974,15.796964189367188,15.873462730221812,11046800
2025-05-15,15.75871467590332,15.873463403990447,15.653530317681707,15.777839767896035,9587500
2025-05-16,15.902149200439453,15.978647744456145,15.624842662329879,15.787402296348994,14471000
2025-05-19,15.768278121948242,15.873464310043008,15.691779573480028,15.73959048232169,10157900
2025-05-20,15.577033996582031,15.816092208999537,15.557908901859971,15.71090601189762,10538700
2025-05-21,14.92679214477539,15.433595221318917,14.907667964947962,15.385784315783061,9809300
2025-05-22,15.003291130065918,15.108477313987352,14.812044766483211,14.888543311916294,11195000
2025-05-23,14.965042114257812,15.041540661004165,14.611236107572285,14.611236107572285,10025700
2025-05-27,15.270254135131836,15.279943604308066,14.9698870589392,15.260564665955608,12084800
2025-05-28,15.270254135131836,15.580309756462063,15.105536855290493,15.279943604308066,21884500
2025-05-29,15.45434856414795,15.464038032781758,15.241184874397065,15.376834663154643,15588800
2025-05-30,15.367145538330078,15.405902489693839,15.163671312660675,15.328388586966316,16412800
2025-06-02,15.30901050567627,15.367145470445797,14.989265427328053,15.29932103686848,10950400
2025-06-03,15.531864166259766,15.619067540249782,15.163671732062525,15.318700465844017,10399900
2025-06-04,15.405901908874512,15.62875413980472,15.386523895942508,15.541552619591412,9923000
2025-06-05,15.405901908874512,15.512484214135545,15.241184640778892,15.396213364427798,10979600
2025-06-06,15.822540283203125,15.841919220749157,15.59968804565537,15.72564744355017,8924000
2025-06-09,15.77409553527832,15.996947783391688,15.764406066045918,15.929123346842166,9965500
2025-06-10,15.8419189453125,15.919432846071723,15.72564717013508,15.793471602289754,9962700
2025-06-11,15.725648880004883,15.987259016541401,15.65782444047557,15.987259016541401,15996600
2025-06-12,15.60937786102295,15.667512826874685,15.386524694488303,15.619067330011113,10316200
2025-06-13,15.163671493530273,15.415592142418895,15.10553652781051,15.367145721626681,13459200
2025-06-16,15.43497085571289,15.59968812958598,15.309010533101787,15.405902449237447,10764200
2025-06-17,15.241185188293457,15.444659413601137,15.1733607545371,15.338078028549917,13936100
2025-06-18,15.51248550415039,15.648134378070674,15.19274040985451,15.221807893689048,14236300
2025-06-20,15.657822608947754,15.696580483046555,15.531863214280959,15.589998177352006,14385500
2025-06-23,15.977566719055176,15.996945654941543,15.512483346244624,15.512483346244624,12262100
2025-06-24,16.229490280151367,16.365139159764887,16.093841400537848,16.132597431251405,17234400
2025-06-25,16.24886703491211,16.297312528809982,16.09383923674637,16.21010916133211,11935700
2025-06-26,16.61705780029297,16.67519276330918,16.29731273158808,16.336070605650324,12325100
2025-06-27,16.68488311767578,16.772086490868567,16.52985530935022,16.626748151573008,21123200
2025-06-30,16.8786678314209,16.956181731125817,16.76239605782495,16.8205328686615,24095000
2025-07-01,17.314685821533203,17.411576816537416,16.80115504685544,16.849600544357546,18865000
2025-07-02,17.634429931640625,17.66349648929829,17.237170960317126,17.285616455131343,18037900
2025-07-03,17.886350631713867,17.973554010150046,17.644119435630568,17.799149101355052,13695000
2025-07-07,17.72163200378418,17.97355077607365,17.527846342555474,17.741009091445424,18626200
2025-07-08,17.905729293823242,18.109204456384386,17.808836447274,18.109204456384386,24580200
2025-07-09,17.886350631713867,18.1479607670224,17.818526192502922,17.98324347976266,16825400
2025-07-10,17.915416717529297,18.06075504671835,17.81852388204422,17.81852388204422,15971700
2025-07-11,17.76038932800293,17.857282165713976,17.61505099547494,17.75069985942411,14371400
2025-07-14,17.789459228515625,17.81852578861727,17.605363006203493,17.75070135094367,17225400
2025-07-15,17.334062576293945,17.8379038721071,17.304996017585992,17.673186596478846,24816500
2025-07-16,17.411577224731445,17.508470070084467,17.091832128720593,17.411577224731445,24751100
2025-07-17,17.799148559570312,17.857283527399083,17.295307243514802,17.334063272708217,27655900
2025-07-18,17.925107955932617,18.002621862359504,17.770080143078843,17.8766624574448,33687900
2025-07-21,17.711946487426758,18.03169160613491,17.711946487426758,17.88635140374966,32000900
2025-07-22,18.128582000732422,18.225474849705513,17.5956741034965,17.925108681158576,40652200
2025-07-23,18.215784072875977,18.322366383906,18.031689705922428,18.225473541885727,44310800
2025-07-24,17.925107955932617,18.215784643014114,17.886350078680522,18.215784643014114,37471000
2025-07-25,17.992931365966797,18.0316892410065,17.663496820438116,17.925106932724518,39231200
2025-07-28,17.866973876953125,18.051068258826735,17.750702087490016,17.99293328813388,32397700
2025-07-29,17.818523406982422,18.05106509710051,17.711942954059804,18.01230907278603,34808600
2025-07-30,17.595672607421875,17.954175563717328,17.460023739239542,17.847593254101366,43720200
2025-07-31,17.363130569458008,17.65380723807649,17.32437269466771,17.547226778557548,47085700
2025-08-01,17.101520538330078,17.17903444019371,16.646126595890877,17.004627698981235,52086100
2025-08-04,17.275928497314453,17.324373996365175,17.08214280495691,17.149969090936178,34804200
2025-08-05,17.256547927856445,17.363130233389644,16.917423922313933,17.343751296369582,37531700
2025-08-06,16.94649314880371,17.334062667594736,16.92711421084485,17.334062667594736,32012400
2025-08-07,16.86897850036621,17.159655164608278,16.791464600029848,17.159655164608278,20231700
2025-08-08,17.062763214111328,17.10151923805783,16.84959861413589,17.014315874081884,16690800
2025-08-11,16.830224990844727,17.149970108553056,16.801156580843084,17.082143818549223,17423700
2025-08-12,17.353443145751953,17.382511555270202,16.946494652883505,16.946494652883505,24622000
2025-08-13,17.653806686401367,17.66349615479615,17.2856161277853,17.46002286273712,27662100
2025-08-14,17.731321334838867,17.750700272447418,17.34375182305388,17.5278480341807,24619700
2025-08-15,17.479402542114258,17.789458151611033,17.479402542114258,17.789458151611033,23017500
2025-08-18,17.615053176879883,17.615053176879883,17.401888537902362,17.440646417017327,20244500
2025-08-19,17.585983276367188,17.741011083526914,17.489090434873045,17.57629380741005,19541900
2025-08-20,17.653806686401367,17.71194349677006,17.411575520763208,17.585982255715024,27083900
2025-08-21,17.585983276367188,17.634430621152877,17.430955469207458,17.585983276367188,26286200
2025-08-22,18.39019203186035,18.487084880271397,17.673187910542428,17.702256319488953,37060900
2025-08-25,18.4289493560791,18.47739485478861,18.26423207315854,18.390191478649644,26873500
2025-08-26,18.700244903564453,18.70993437178075,18.361122756379583,18.38049984473508,26738300
2025-08-27,18.787450790405273,18.845587607504065,18.603356413824464,18.62273350478005,24172500
2025-08-28,18.748695373535156,18.874654785213632,18.642113053445932,18.874654785213632,22487800
2025-08-29,18.75838279724121,18.894031663956707,18.69055836388346,18.806828293046117,21339900
2025-09-02,18.567419052124023,18.704521524418674,18.36176814546552,18.567419052124023,22708900
2025-09-03,18.557628631591797,18.733900045136565,18.30301187710838,18.498869625887806,27617100
2025-09-04,18.78286361694336,18.83182758126645,18.508660560309732,18.63596985611858,25628000
2025-09-05,18.547834396362305,18.919965405122397,18.34218162394717,18.8612082706562,32355900
2025-09-08,18.75348472595215,18.79265739296569,18.26383759541629,18.557626994451148,53265100
2025-09-09,18.70452117919922,19.008101883934973,18.577211876407844,18.733898812262144,32948300
2025-09-10,18.831829071044922,18.919965708083346,18.655555796968077,18.72410796744125,26802300
2025-09-11,18.76327896118164,18.94934540438039,18.694728657859912,18.871001933747603,25646700
2025-09-12,18.665348052978516,18.782864185911425,18.616384087172214,18.743691518981933,23206500
2025-09-15,18.449905395507812,18.75348611594158,18.381355091008807,18.73389978098309,32455100
2025-09-16,18.244251251220703,18.479283517453116,18.019014019591506,18.469490350705467,34792400
2025-09-17,18.322595596313477,18.626178176487247,18.09735835387925,18.28342479529936,29317400
2025-09-18,18.73390007019043,18.753486405451287,18.23446159602873,18.40094171003454,32893500
2025-09-19,18.684934616088867,18.8024507504661,18.57721164856437,18.76327808305516,43884200
2025-09-22,18.332387924194336,18.645763657237843,18.25404445789735,18.528247523864582,16940400
2025-09-23,18.351974487304688,18.684934690195895,18.312803687593977,18.420524787690123,22698500
2025-09-24,18.38135528564453,18.567419866153255,18.185495669697133,18.41073292053763,26364000
2025-09-25,18.42052459716797,18.50866123042497,18.15611656525255,18.273630831024832,25725400
2025-09-26,18.498868942260742,18.6947285516579,18.41073230481759,18.48907577500532,21600100
2025-09-29,18.48907470703125,18.68493430511508,18.24425114335424,18.55762687385948,27699000
2025-09-30,18.303010940551758,18.606591649732017,17.92108489444174,18.547834514890337,30421800
2025-10-01,18.126737594604492,18.2932176991933,17.98963699124511,18.244251863810927,25284900
2025-10-02,18.06797981262207,18.17570091089236,17.901499713998277,18.10715061166884,19987100
2025-10-03,18.244251251220703,18.381353717832205,18.116943819212416,18.224666785580975,21806700
2025-10-06,18.156116485595703,18.645763615828308,17.97005005310775,18.361767383722725,29963300
2025-10-07,18.02880859375,18.303011680522978,18.009222258725707,18.224668208281514,29621900
2025-10-08,17.71543312072754,18.116943613545235,17.66646915540072,18.116943613545235,26505700
2025-10-09,17.803569793701172,17.911292759095524,17.637089696207877,17.78398346038301,32344600
2025-10-10,16.843862533569336,17.881913957872825,16.824276199485816,17.852534456747545,23313100
2025-10-13,17.196407318115234,17.294337121305468,16.99075641248582,17.108270682029588,21474400
2025-10-14,17.6370906829834,17.842741590763406,17.108270860939392,17.108270860939392,26657400
2025-10-15,17.362886428833008,17.8231559171114,17.255165332562868,17.783983250936416,24169400
2025-10-16,16.432559967041016,17.264958675403673,16.12897737180764,16.81448416818886,43809100
2025-10-17,16.60883140563965,16.716554382672072,16.44235315801609,16.706761214954962,20553900
2025-10-20,17.02013397216797,17.069099807478654,16.667589297209172,16.71655326466423,20069900
2025-10-21,17.176822662353516,17.30413009759806,16.951583557142992,16.990756225129385,15170500
2025-10-22,17.1082706451416,17.353094218661486,17.049513510496407,17.27475074984935,15941100
2025-10-23,17.157236099243164,17.245372733179956,17.069099465306373,17.225786399448314,11098100
2025-10-24,17.451025009155273,17.548954817675984,17.323717565577365,17.33351073321501,10623500
2025-10-27,17.24537467956543,17.529369079304658,17.147444867710046,17.529369079304658,19236300
2025-10-28,17.225786209106445,17.274750175038914,17.03971977642304,17.235579375864052,13525500
2025-10-29,17.03972053527832,17.333509947523602,16.931999431858475,17.157236673747565,17835200
2025-10-30,17.147443771362305,17.4412313202889,17.029927631078255,17.029927631078255,11796800
2025-10-31,17.225786209106445,17.294336508554128,16.941789976702534,17.059306109938255,13758900
2025-11-03,17.176822662353516,17.186613961494498,16.951583557142992,17.137649994367123,14899800
2025-11-04,16.951583862304688,17.16702980439706,16.86344722560429,16.951583862304688,30829900
2025-11-05,17.157236099243164,17.176822432974806,16.814482730361814,16.96137649763794,22150900
2025-11-06,17.225786209106445,17.33350917558456,17.020133442907827,17.127856409385938,23023900
2025-11-07,17.70564079284668,17.70564079284668,17.088686208366692,17.157236510213842,23789800
2025-11-10,17.744813919067383,17.97984433197385,17.617504611333242,17.793777887977015,17118500
2025-11-11,17.70564079284668,17.862327730741775,17.617504156798734,17.77419109469383,10471000
2025-11-12,17.431438446044922,18.08756572634541,17.362888141333123,17.783985004969278,29956200
2025-11-13,17.25516700744629,17.55874772834753,17.215994337468988,17.37268128166677,17425800
2025-11-14,17.25516700744629,17.264958307084903,16.96137758618366,17.167030367853073,18339600
2025-11-17,16.765518188476562,17.225785808239664,16.608829391856766,17.20619947518025,21035000
2025-11-18,16.834070205688477,17.039721120250057,16.55986711841732,16.69696772812504,18784100
2025-11-19,16.990755081176758,17.039719045007487,16.824274989154585,16.873238952985318,14732500
2025-11-20,16.92220687866211,17.46081801887102,16.863447873367676,17.13765096117453,18931100
2025-11-21,17.451025009155273,17.61750512328376,16.95158466676981,17.020134972377587,16316000
2025-11-24,17.519573211669922,17.6175030084349,17.402058949836363,17.451022914291094,19662600
2025-11-25,17.98963737487793,18.058187678019472,17.617504489458604,17.62729765674392,14223300
2025-11-26,18.01901626586914,18.20508272155864,17.94067278997711,17.989638629819506,10410100
2025-11-28,17.999427795410156,18.126737096047187,17.989636496458616,18.028807295831527,4701400
2025-12-01,18.234460830688477,18.293217966149143,17.930878250454427,17.96025775211259,13897600
2025-12-02,18.100784301757812,18.36813579734174,18.08097992767039,18.34833331190338,12244900
2025-12-03,18.56617546081543,18.57607764769908,18.09088182229432,18.110686196061625,15502500
2025-12-04,18.92264747619629,18.962254336844595,18.556274099791587,18.566176287115944,16615200
2025-12-05,19.071176528930664,19.536568001772828,18.93254968354132,18.93254968354132,40222100
2025-12-08,19.199901580810547,19.348432505230477,19.10088348272947,19.140490344232067,20917100
2025-12-09,19.784116744995117,20.130685742314267,19.298920904207947,19.358332138744373,32497700
2025-12-10,20.318822860717773,20.46735188655114,19.744509242486135,19.873233894568642,19497800
2025-12-11,20.48715591430664,20.615880564215196,20.22970472584053,20.279213770732515,14343600
2025-12-12,20.45745086669922,20.635686463326568,20.299019644952498,20.57627522733383,17219400
2025-12-15,20.259410858154297,20.67529328664144,20.239608371959015,20.67529328664144,18204900
2025-12-16,20.37823486328125,20.47725484712782,20.190097082837674,20.358430488782115,18774900
2025-12-17,20.59607696533203,20.68519476040815,20.41784326382886,20.41784326382886,16295300
2025-12-18,20.734704971313477,20.912940555237935,20.64558717935125,20.69509622437515,16179500
2025-12-19,20.77431297302246,20.87333295716934,20.6356861284063,20.754508598463264,13382300
2025-12-22,21.002058029174805,21.002058029174805,20.774313383194727,20.794117758144946,8342600
2025-12-23,20.843626022338867,21.041665987088745,20.833725723885543,21.01195942578154,8420000
2025-12-24,20.932743072509766,21.002056491110288,20.78421404855879,20.84362528040938,4598700
2025-12-26,20.982254028320312,21.041665260233366,20.863429675845197,20.94264528127894,7615800
2025-12-29,20.7644100189209,21.00205683890773,20.734705346828196,20.91294093398058,8287300
2025-12-30,20.526763916015625,20.82382386786343,20.51686172875579,20.784215118824083,8370800
2025-12-31,20.437644958496094,20.61588054175142,20.417842473750277,20.596076168356607,8600700
2026-01-02,20.77431297302246,20.87333295716934,20.289117128216784,20.427743972832946,16134600
2026-01-05,21.160490036010742,21.526861510227448,20.764410112269694,20.81392104706185,18853500
2026-01-06,21.35852813720703,21.398136885092633,20.92284135371066,20.92284135371066,17231500
2026-01-07,21.091175079345703,21.37833283998616,21.011959471005074,21.309019418769243,14569500
2026-01-08,21.289215087890625,21.536764100540516,21.041666075240734,21.07137263667239,14469600
2026-01-09,20.982254028320312,21.427841100641732,20.982254028320312,21.29911645005528,13452800
2026-01-12,20.86343002319336,21.031763423623712,20.72480318353861,20.893136583968968,19906700
2026-01-13,20.645587921142578,21.011959400240713,20.60597917278112,20.932743792166868,14901000
2026-01-14,20.74460792541504,20.873332580428265,20.35843018307722,20.556470147796567,16471900
2026-01-15,21.021862030029297,21.110979827070235,20.823823949998744,20.93274423298836,11903100
2026-01-16,20.96245002746582,21.200096847991883,20.833725374590927,20.982254401338587,15102500
2026-01-20,20.88323402404785,21.358527656074074,19.972253618339757,20.358429458279936,22525200
2026-01-21,21.477352142333984,21.645685540807428,20.942645386483395,20.96244976010357,19251000
2026-01-22,21.35852813720703,21.853626153882757,21.348625950235633,21.48725467918619,16150500
2026-01-23,20.893136978149414,21.29911720649692,20.863430416813348,21.25950845804883,14994200
2026-01-26,21.081274032592773,21.18029212301711,20.853527514129365,20.972351866747186,15386700
2026-01-27,21.24960708618164,21.269411461165483,21.01196025232299,21.170391474895425,14301600
2026-01-28,21.101078033447266,21.259509255887153,20.88323557475471,21.101078033447266,19721400
2026-01-29,21.417940139770508,21.477353263733175,21.13078426188076,21.21990205917564,16627300
2026-01-30,21.309019088745117,21.56647028402715,21.140685687547215,21.27931252783406,13710500
2026-02-02,21.784313201904297,21.81401976345693,21.229803940132115,21.328823923325135,15457600
2026-02-03,22.12097930908203,22.23980177422097,21.80411688384614,21.843723742676115,17913900
2026-02-04,22.427940368652344,22.685391570745395,22.14078449351143,22.14078449351143,21048600
2026-02-05,22.47745132446289,22.536862559259653,22.081371389420205,22.279411356941548,15453300
2026-02-06,22.98244857788086,23.061666072102163,22.6160771103524,22.625979297130062,15101300
2026-02-09,22.78441047668457,23.121077272062273,22.754703916392767,22.754703916392767,11993700
2026-02-10,22.715097427368164,23.03195985437067,22.437841859416455,22.744802099494,11440300
2026-02-11,22.319019317626953,23.07156663487123,22.1902927766898,22.824017628537206,11943300
2026-02-12,21.546667098999023,22.6061766108513,21.289215889511222,22.40813663781479,16633000
2026-02-13,21.487255096435547,21.606077565101604,21.18029296030855,21.388235113447777,15379800
2026-02-17,21.477352142333984,21.863527984682285,21.398136536502307,21.67539021258867,13212200
2026-02-18,21.72490119934082,21.932841456910026,21.487254381269288,21.566469987293132,14429400
2026-02-19,21.576372146606445,21.7149989848091,21.348625627010488,21.586272444778903,16041900
2026-02-20,21.98235321044922,22.39823562973823,21.289215215417837,21.58627327691752,39766600
2026-02-23,20.804019927978516,22.220000628682943,20.645588705809406,21.863529434477872,25544300
2026-02-24,20.794116973876953,21.021861611267447,20.39803893305673,20.813921348080232,18017200
2026-02-25,21.25950813293457,21.25950813293457,20.78421449072049,21.021861311827532,11430400
2026-02-26,21.645687103271484,21.85362737534614,21.318922469547633,21.36843151852279,14622400
2026-02-27,20.536664962768555,21.36842975991165,20.27921377425769,21.219900736560884,27546900
2026-03-02,20.704999923706055,20.863431145735486,20.100979709313137,20.447548715745945,11736800
2026-03-03,20.469999313354492,20.709999084472656,20.049999237060547,20.25,15336600
2026-03-04,20.709999084472656,20.75,20.389999389648438,20.6200008392334,14238400
2026-03-05,20.3700008392334,20.649999618530273,20.139999389648438,20.510000228881836,11926200
2026-03-06,19.860000610351562,19.920000076293945,19.31999969482422,19.799999237060547,20056800
2026-03-09,19.690000534057617,19.760000228881836,18.969999313354492,19.489999771118164,20104700
2026-03-10,19.760000228881836,20.170000076293945,19.40999984741211,19.709999084472656,18753900
2026-03-11,19.649999618530273,19.850000381469727,19.3700008392334,19.780000686645508,17538700
2026-03-12,19.219999313354492,19.350000381469727,19.049999237060547,19.200000762939453,17049200
2026-03-13,18.899999618530273,19.479999542236328,18.84000015258789,19.34000015258789,23402800
2026-03-16,18.959999084472656,19.290000915527344,18.950000762939453,19.139999389648438,20130100
2026-03-17,19.100000381469727,19.309999465942383,19.040000915527344,19.170000076293945,16113600
2026-03-18,19.06999969482422,19.34000015258789,19.010000228881836,19.030000686645508,15707400
2026-03-19,19.280000686645508,19.40999984741211,18.729999542236328,18.979999542236328,18888400
2026-03-20,19.40999984741211,19.440000534057617,19.15999984741211,19.290000915527344,26177000
2026-03-23,19.649999618530273,20.010000228881836,19.559999465942383,19.899999618530273,14575600
2026-03-24,19.81999969482422,20.149999618530273,19.389999389648438,19.5,10919600
2026-03-25,20.0,20.170000076293945,19.719999313354492,20.0,10333200
2026-03-26,19.8799991607666,19.989999771118164,19.68000030517578,19.809999465942383,10818600
2026-03-27,19.450000762939453,19.860000610351562,19.360000610351562,19.790000915527344,15152400
2026-03-30,19.399999618530273,19.6299991607666,19.299999237060547,19.56999969482422,13798300
2026-03-31,20.049999237060547,20.15999984741211,19.59000015258789,19.709999084472656,17021300
2026-04-01,20.34000015258789,20.510000228881836,20.079999923706055,20.079999923706055,15971800
2026-04-02,20.469999313354492,20.520000457763672,19.81999969482422,20.09000015258789,13564200
2026-04-06,20.65999984741211,20.709999084472656,20.450000762939453,20.56999969482422,14665700
2026-04-07,20.6200008392334,20.729999542236328,20.469999313354492,20.6200008392334,15130600
2026-04-08,21.290000915527344,21.489999771118164,21.030000686645508,21.25,12701200
2026-04-09,21.649999618530273,21.700000762939453,21.190000534057617,21.209999084472656,10121700
