Price,Close,High,Low,Open,Volume
Ticker,LVS,LVS,LVS,LVS,LVS
Date,,,,,
2021-04-12,58.52150344848633,58.77796883663071,58.10355824256189,58.635486857616975,2716200
2021-04-13,57.94208526611328,58.33153192378289,56.735749613461714,57.65712491572753,3954800
2021-04-14,58.23653793334961,59.0059304058723,57.79009782072352,57.98007256801974,3587100
2021-04-15,58.21754837036133,58.80646690955863,57.89459234109814,58.3790245732592,2550600
2021-04-16,57.94208526611328,59.053431719657965,57.77110833118834,58.60699516599168,4704600
2021-04-19,57.58113479614258,58.350531019869635,57.28667733124029,58.198551921494015,3050300
2021-04-20,56.0803337097168,57.3246612690941,55.23494986827106,57.3246612690941,5960000
2021-04-21,57.714115142822266,58.12255964265644,55.84287320302469,56.6217665228323,5542300
2021-04-22,55.40593338012695,57.04920847657594,54.8550068962766,55.34893986072151,12097900
2021-04-23,56.764251708984375,56.94472939827875,55.48192815904977,55.75739143594378,5583500
2021-04-26,56.32730484008789,57.65712463333142,56.1753257457287,57.125195991340526,3317400
2021-04-27,57.68562316894531,58.084570581117866,55.97585734519869,56.32730834336267,8873300
2021-04-28,58.644989013671875,58.80646521190818,57.315169255456226,57.942083456108215,3628600
2021-04-29,58.12255859375,59.69934304484021,57.324667448411134,59.2719043362569,4214200
2021-04-30,58.18905258178711,58.25554683591809,57.125198867705635,57.942087899818546,3792400
2021-05-03,57.999080657958984,58.711483368655564,57.6761246175045,58.24604533667474,3194200
2021-05-04,56.365299224853516,57.79010456054399,55.71938718279645,57.56213411250788,3994800
2021-05-05,56.47927474975586,57.315161444532784,56.137320937189536,56.98270836201932,5460300
2021-05-06,54.399070739746094,56.16583001981816,53.71516298656529,56.11833723106228,7508200
2021-05-07,54.80751037597656,55.443921660392725,54.38006806821419,54.551044991319145,4328200
2021-05-10,54.27558517456055,55.80487684749783,54.23758949515986,55.13046984373897,5430100
2021-05-11,53.42070388793945,54.31358060902456,53.0027586633515,54.085610157115916,6114500
2021-05-12,52.18587112426758,53.971628239420674,52.10038265536483,52.93626950425081,7048300
2021-05-13,52.964759826660156,53.43019781080429,51.91040696690606,52.40433627357259,10967600
2021-05-14,54.99748611450195,55.39642985985508,52.73679402043244,53.202228390011086,7256800
2021-05-17,53.91463088989258,54.33257609638618,52.75579171130721,54.07611070789254,5001800
2021-05-18,53.86714553833008,55.13997192531904,53.82914985550229,54.22809727825858,4224400
2021-05-19,53.31621551513672,53.38270613947704,52.5183243995856,52.708299164901064,4466300
2021-05-20,54.864501953125,54.92149547039953,53.33521395266518,53.3922038464724,8089400
2021-05-21,54.826507568359375,55.72888133431898,54.78851189179112,55.37743038473048,5027700
2021-05-24,54.84550476074219,55.22545065154877,54.2850812200954,55.111467246653504,5311100
2021-05-25,54.779014587402344,55.32994106170166,54.266087415515344,55.17796196938933,4459400
2021-05-26,56.05183792114258,56.840231912530854,54.9689864919559,55.09247063035337,6644300
2021-05-27,55.62440490722656,56.37479967467186,55.443927234987925,56.20382273437608,4680000
2021-05-28,54.855003356933594,55.68138940592178,54.59853797135784,55.46291969749811,5644400
2021-06-01,56.2323112487793,56.30829897339283,55.10196349861753,55.65288990180005,5923400
2021-06-02,55.96635055541992,56.60276547488153,55.462920507933816,56.60276547488153,5142300
2021-06-03,53.91463088989258,55.690890770555875,53.89563667456764,55.443922489724706,6163100
2021-06-04,53.68666458129883,54.42756218389575,53.18323453065911,54.342073720252465,5762300
2021-06-07,53.68666458129883,53.696161689051515,53.18323453065911,53.44919702934163,3869100
2021-06-08,53.11674880981445,54.038124218834305,52.67031220442233,54.00962926753443,6738400
2021-06-09,52.32835388183594,53.43020326194354,52.18587189041706,53.20223280036685,6659400
2021-06-10,52.613304138183594,52.812775989092565,51.84391167797275,52.233358273137966,6563500
2021-06-11,52.841278076171875,52.86027591420979,52.090879779276335,52.61330764318404,2849400
2021-06-14,51.43547439575195,53.00275810092366,51.38797798548557,52.84128190111353,5826400
2021-06-15,51.56845474243164,51.824920134802625,51.02702901080423,51.43547349234313,7104300
2021-06-16,51.644439697265625,52.29035169735173,51.17900534699209,51.76792383290574,4043000
2021-06-17,51.42597579956055,52.81278552309052,51.40697795935866,51.97690229501267,6224600
2021-06-18,50.34312438964844,51.0080343043939,50.2671330286638,50.75156889627204,7739400
2021-06-21,51.83442306518555,51.92940864778502,50.1531521642074,50.780066430379954,4590700
2021-06-22,50.913047790527344,51.3594880012079,50.770569416361944,51.29299736857051,6349400
2021-06-23,50.694576263427734,51.169511407497424,50.2671339090715,50.87505393719347,7196800
2021-06-24,49.3172607421875,51.13151636516096,48.775834999429534,51.13151636516096,17191600
2021-06-25,50.03916549682617,50.3906164778242,49.23177722666293,49.39325343130859,12448800
2021-06-28,48.794837951660156,49.763706125342466,48.452884052305485,49.63072485858626,6763500
2021-06-29,48.61436080932617,49.35525846195353,48.509874499654615,48.93731684673483,4348200
2021-06-30,50.04865646362305,50.34311751200934,49.24126829253424,49.336253857321026,9403600
2021-07-01,50.466609954833984,50.88455158156794,50.13415317640385,50.20064380739635,5309300
2021-07-02,50.40961456298828,50.58059150019027,49.90618448315327,50.514100871663665,4179500
2021-07-06,48.94681167602539,50.466606214492685,48.84232537121902,50.35261917826717,4222000
2021-07-07,48.300899505615234,49.39325171406319,47.76897449848289,49.39325171406319,5005100
2021-07-08,47.73097610473633,48.41488378753756,47.01857347630743,47.493508561926696,6516700
2021-07-09,48.756832122802734,49.07978446602419,47.987436066539665,48.24390141862735,4396300
2021-07-12,48.462379455566406,48.680849173137084,47.89245514482487,48.110928485862914,3537700
2021-07-13,47.958953857421875,48.39589333322485,47.654992022659265,48.091935121929936,4049200
2021-07-14,47.60749435424805,48.50987178685009,47.446018156307666,48.12992224992271,3634200
2021-07-15,46.96158218383789,47.42702018409515,46.56263843230366,47.18005189874483,4632300
2021-07-16,45.422794342041016,47.341532651312875,45.3373058759632,47.28453913277187,6461100
2021-07-19,44.966854095458984,45.54627548023733,43.836509895025046,43.88400267894011,7003300
2021-07-20,45.38479232788086,45.78373965504521,44.44442295575575,44.80537098572959,6829700
2021-07-21,46.94258499145508,47.14206049343781,45.65076452335507,45.79324288366575,7526500
2021-07-22,44.852874755859375,45.63176807777797,44.42543241493637,45.555776717850556,13375000
2021-07-23,43.47555923461914,45.14732918251889,43.409068610885285,44.70089265508689,11692500
2021-07-26,43.07661437988281,43.143105007492714,41.97476503503203,43.0671172717103,13267200
2021-07-27,41.43333435058594,42.80114966652884,40.97739711976064,42.35470954274559,11810200
2021-07-28,42.27872085571289,42.9056350405209,41.44283769161371,42.04125330656642,13116200
2021-07-29,40.834922790527344,42.516189909326094,40.74943432487085,42.35471370945681,16281600
2021-07-30,40.22700119018555,41.45233460775271,40.08452283543623,40.46446873823497,7717700
2021-08-02,39.429115295410156,40.996402769082096,39.372125395364584,40.7399373484739,10970900
2021-08-03,38.1182975769043,39.391123971370206,37.55787393403943,39.29613476374274,16185600
2021-08-04,36.911956787109375,38.37475777406849,36.797973376953436,37.82383131529144,11721600
2021-08-05,38.7262077331543,39.05866084728026,37.11142769996994,37.158920484349764,11698300
2021-08-06,38.82119369506836,39.438610768660425,38.59322687834963,38.92567999584245,6931300
2021-08-09,38.60272216796875,38.80219402907046,37.519870780882805,38.79269692193245,8157000
2021-08-10,38.91618728637695,39.201147651213816,38.460249977944436,38.68821682042688,6456800
2021-08-11,38.935184478759766,39.096660687540066,38.36526013510956,38.849696008385614,6991200
2021-08-12,38.745208740234375,39.134655401545906,38.403254867186696,39.087162613282054,5926400
2021-08-13,37.956809997558594,38.75470106162741,37.823828757458294,38.69771117213701,5531500
2021-08-16,37.37739181518555,37.814334871478245,37.111429312329655,37.6528550494105,6973700
2021-08-17,36.70298385620117,37.08293338463523,36.26604443492907,36.94995213672349,8165900
2021-08-18,36.39902114868164,37.09242587175049,36.21854713806376,36.76946989985174,6940900
2021-08-19,34.926727294921875,36.16155781630234,34.59427055459088,36.095067192929584,19821200
2021-08-20,35.66762924194336,35.90509681828581,34.765251727148495,34.87923877268959,8893200
2021-08-23,37.73834991455078,37.77634559953609,36.24705370182298,36.608005462247505,13004000
2021-08-24,40.578453063964844,40.692436464856044,38.74520342540774,38.8401889889059,24200400
2021-08-25,41.0723876953125,41.1958682083664,39.98003555175046,40.72093312394241,11615100
2021-08-26,40.8634147644043,41.90827049220358,40.51196381937611,40.94890322384003,8170400
2021-08-27,41.70880126953125,41.84178252074951,40.83492240525851,40.88241519162684,7361300
2021-08-30,41.26235580444336,42.069747562836504,41.11987746364471,41.86077498150491,5464700
2021-08-31,42.37371063232422,42.56368539894805,41.290859173075866,41.46183610069058,9639600
2021-09-01,41.90827560424805,43.08611634198572,41.87028354700558,42.867646613104455,7445900
2021-09-02,41.80378723144531,42.50669279602931,41.60431535276092,41.98426489417941,5231600
2021-09-03,40.96791076660156,41.80379409746319,40.70194459453835,41.58532434347881,5754000
2021-09-07,42.67766571044922,42.915133245618215,40.81592110435638,41.271858337064806,7481900
2021-09-08,41.7372932434082,43.23808982531266,41.290856735188015,42.592177831007845,6849500
2021-09-09,41.480831146240234,42.28822301468014,41.32885205459361,41.6898037560546,4540200
2021-09-10,39.74256896972656,41.79428843906947,39.74256896972656,41.65180646091302,7063200
2021-09-13,40.739933013916016,40.95840272893776,39.63808370749873,39.913546939969876,6256900
2021-09-14,36.76947784423828,37.81433733129371,35.07870989729765,37.32990145704533,51816100
2021-09-15,36.14255905151367,36.36102875463527,34.337807912195956,34.71775380409421,30369500
2021-09-16,35.639129638671875,35.89559502244959,34.62276883451605,35.23068517081854,22184400
2021-09-17,36.25654220581055,36.351531395728045,35.563137425014745,35.563137425014745,17752000
2021-09-20,35.80060577392578,36.342031486560295,34.86973343249333,35.05021108568295,14699600
2021-09-21,33.80588150024414,36.418024622668696,33.80588150024414,36.01907724340447,15596600
2021-09-22,34.30930709838867,35.03121040565441,34.06234246598737,34.071839572689896,12403500
2021-09-23,35.41115188598633,35.838594103986296,34.49927756989735,34.746245795171305,10392400
2021-09-24,35.05021286010742,36.228049913602376,34.76524889295369,35.43015877720013,12205200
2021-09-27,36.00008010864258,36.645992100058045,35.01221428371692,35.05020995932185,10832700
2021-09-28,35.43016052246094,36.58900341713217,35.3446720527972,36.00008486137504,6471100
2021-09-29,34.57527542114258,35.68662177382765,34.5657746903604,35.525145585201805,8328200
2021-09-30,34.7652473449707,35.20219038419934,34.404299283324576,34.67026177579377,6679100
2021-10-01,36.26604080200195,36.484510490752946,35.211684408510784,35.411156260396446,8119000
2021-10-04,35.05971145629883,36.42752333813559,34.86973667795462,36.180558662715384,7120900
2021-10-05,35.59164047241211,36.09507056018934,34.86023992361322,35.24018586069258,7631400
2021-10-06,34.90772247314453,35.55363436252493,34.689252808128586,35.2496762526361,11977600
2021-10-07,35.259185791015625,35.80061159163347,34.82224630691486,35.278183632515805,12755800
2021-10-08,36.304039001464844,36.39902456893292,35.19268902005922,35.43015656219655,8133200
2021-10-11,37.13043212890625,37.985316893350195,36.28504809710492,36.31354304809711,10367900
2021-10-12,38.213279724121094,38.545736485714066,37.130428218835156,37.310902261893666,10446700
2021-10-13,38.04230880737305,38.137298021483986,37.33940674029218,38.04230880737305,5514600
2021-10-14,38.34626388549805,38.830699778871704,37.95681719840732,38.53623867459619,5941500
2021-10-15,38.08979034423828,38.963672738419525,38.02329972574771,38.62171891562977,5368000
2021-10-18,38.03280258178711,38.5457333446401,37.586362441140935,38.09929320399392,5244300
2021-10-19,38.2797737121582,38.32726650413568,37.719350070501314,38.19428523721164,5414800
2021-10-20,37.53887176513672,38.849693691545696,37.28240636930883,38.51723693837591,10680700
2021-10-21,36.826473236083984,37.5008803027143,36.41802870311796,36.77898044413933,13877400
2021-10-22,36.095069885253906,36.84546826039533,35.91459584027593,36.71248700373077,6509900
2021-10-25,36.0855712890625,36.66498908014303,35.819605163232474,36.370531630660714,7050700
2021-10-26,37.07343292236328,37.74784352139773,36.65549133682882,36.72198196126686,6876600
2021-10-27,38.2797737121582,38.93518656123781,36.8644689445034,37.13992858735988,10587600
2021-10-28,37.74784469604492,38.19428124209737,37.225413168535596,38.175283402599995,6825100
2021-10-29,36.86446762084961,38.46974712224301,36.74098346736777,37.757344397757024,8833700
2021-11-01,38.96367645263672,38.992171399429836,36.40852689194751,36.9309547828026,6788900
2021-11-02,38.65971755981445,38.69771323714695,37.93781418436588,38.555231258883694,5127800
2021-11-03,39.020668029785156,39.410114651621384,38.29876467686568,38.84969111059197,6084800
2021-11-04,37.74784469604492,39.258138513146015,37.72884685654755,39.201144994653895,5901800
2021-11-05,40.502464294433594,40.7969253575825,39.29612871913396,39.6475832980925,14591500
2021-11-08,39.48610305786133,41.06288741033054,39.38161675839883,40.93940327246875,8229800
2021-11-09,39.020668029785156,39.742567759237524,38.61222356987555,39.49560311121798,5635700
2021-11-10,38.03280258178711,39.50510062467211,37.82382998429875,38.78320088779791,7939600
2021-11-11,37.519874572753906,38.33676356092815,37.47238178532998,37.91881833527579,6335700
2021-11-12,37.7098503112793,37.8333344605166,37.139925977200015,37.55787121355166,6667800
2021-11-15,39.26763916015625,39.45761394878408,37.93781926322914,37.93781926322914,7207700
2021-11-16,38.60272216796875,39.467103856209896,37.88082245106714,39.457606749071886,6907200
2021-11-17,37.320396423339844,38.66921020166969,37.054430336194876,38.22277372670519,5943300
2021-11-18,36.617496490478516,37.424888356722256,36.21855273479156,37.35839773077443,6432400
2021-11-19,36.34203338623047,36.835966340385006,35.92409178970003,36.11406656029291,9708500
2021-11-22,38.59322738647461,38.935181239522144,36.731479033601055,37.04493794005039,9261000
2021-11-23,37.814334869384766,39.11565605988708,37.624360100155066,38.935182022025906,6019400
2021-11-24,38.004302978515625,38.52673445802065,37.38688955718604,37.51987079798112,4957400
2021-11-26,35.971580505371094,36.07606679854523,34.77474574598315,35.45865339332881,15314800
2021-11-29,35.39216613769531,36.56050980703355,35.33517623814454,36.0570760790398,10209900
2021-11-30,33.834381103515625,35.26868737180166,33.47343297673385,34.670268032289776,15398700
2021-12-01,32.27659225463867,35.57264334447227,32.24809730524061,34.48029105362339,10906100
2021-12-02,33.80588150024414,33.85337428686748,32.05812013884683,32.58054803863827,10494800
2021-12-03,32.56155014038086,33.767885760461255,32.172103493226345,33.73939081323228,7151400
2021-12-06,34.89823913574219,36.057078528085796,32.979500545409955,33.06498902401028,10168700
2021-12-07,35.2116813659668,36.12355571590888,35.06919941352172,35.5726329882855,7425300
2021-12-08,36.76947784423828,37.24441298649959,35.24018610640206,35.55364503955896,8871700
2021-12-09,36.199554443359375,36.940452050934894,36.13306381824194,36.2755421762933,5732000
2021-12-10,35.77210998535156,36.51300754866807,35.515644608018825,36.38952703709339,5972300
2021-12-13,35.078704833984375,35.458654342337965,34.40429789895045,35.050209889071326,7841400
2021-12-14,34.54677200317383,35.42065431565045,34.36629800178261,34.58476767403511,9286900
2021-12-15,34.20482635498047,34.52778238724947,33.387940977798856,34.385304022801876,9878900
2021-12-16,33.349937438964844,35.021707102748614,33.159962707668214,34.49927930928285,7956800
2021-12-17,33.66339874267578,33.98635475714106,32.33358263047021,33.188463640430804,11950300
2021-12-20,32.43807601928711,33.38794643129003,32.13411777732362,32.55205945415641,8641100
2021-12-21,35.16420364379883,35.34467772048771,32.79902468614582,32.79902468614582,9792700
2021-12-22,35.1736946105957,35.51564848436178,34.4043020180895,34.93622704531008,6242000
2021-12-23,36.655494689941406,37.40589308977711,35.64863087661246,37.06393920511944,12964000
2021-12-27,35.971580505371094,36.25654081727613,35.43965555607288,36.11406247305709,7085100
2021-12-28,35.76261520385742,36.52251065455775,35.33517288050495,35.620133221584155,5098900
2021-12-29,35.32566833496094,35.82910196075999,35.09770153609871,35.506145976149384,4364900
2021-12-30,35.791107177734375,36.42751843249526,35.078704572482444,35.18319086767412,5882300
2021-12-31,35.753116607666016,36.29454237509015,35.52514977057562,35.667628137890226,4777600
2022-01-03,36.9024543762207,37.215913269215946,35.990579889544364,36.11406402528192,6434900
2022-01-04,36.72197723388672,37.61485380673034,36.503507549790946,37.386887016137706,6132000
2022-01-05,35.11670684814453,36.91196117105456,35.031218374507496,36.56051016764351,8088700
2022-01-06,35.933589935302734,36.40852501587422,34.99321688144567,35.46815196201715,5588000
2022-01-07,36.00008010864258,36.67448704502821,35.90509091963027,35.97158154020536,5827700
2022-01-10,34.6037712097168,35.639129858707776,33.606408237846104,35.15469403409213,9357000
2022-01-11,36.9024543762207,37.44388007915148,35.39216067239615,35.73411451076655,17029400
2022-01-12,36.9974479675293,37.5198758945318,36.42752362796221,37.28240832557907,6935400
2022-01-13,35.77210998535156,37.51037411278441,35.705619364206086,36.987942627402674,7045000
2022-01-14,40.834922790527344,41.52832762375562,39.42911166118337,40.01803381280249,49781100
2022-01-18,40.93940353393555,42.060250642381845,39.761566533394586,40.445474226268175,20203100
2022-01-19,41.71830368041992,42.61118412089886,41.09138939965299,41.76580009629307,14169700
2022-01-20,41.4238395690918,42.763156392164234,41.31935326842837,41.9462674489417,9836100
2022-01-21,41.556819915771484,42.715662682075056,40.7494317210805,41.4713314555775,14375300
2022-01-24,42.639678955078125,42.73466816309694,39.80906577853756,40.6544498008322,16501700
2022-01-25,42.62068176269531,43.0956169396205,40.86342305745925,41.79429556941648,9875100
2022-01-26,41.90827560424805,43.2096004925595,41.61381813741429,42.991127140210686,9186000
2022-01-27,39.97054672241211,42.06975936068751,39.7045805560946,42.00326872497511,9585800
2022-01-28,40.94890213012695,41.005892019250545,39.72356878543154,40.20800458378415,7040500
2022-01-31,41.604312896728516,41.70879919562382,40.23650115060939,40.62594777701278,6136000
2022-02-01,42.41171646118164,42.715674711142356,41.623322259211676,41.64232010276774,5808100
2022-02-02,42.50669479370117,43.40907227937828,42.06975533696237,42.36421280310622,10342500
2022-02-03,41.70880126953125,42.9816275109261,41.65180775180885,41.879778199231104,5268500
2022-02-04,41.98426055908203,42.29771581843911,41.11037815343943,41.46183271117557,5479000
2022-02-07,43.21910095214844,43.6465433346105,42.0602579649108,42.19323923423948,8361700
2022-02-08,43.45655822753906,44.14046587718681,42.734658526718526,43.49455390217882,8268100
2022-02-09,44.36843490600586,44.55840966527706,43.43756257139085,43.62753733066205,6379000
2022-02-10,44.31145095825195,44.99535511050795,43.608545341706254,43.741526603993044,6549600
2022-02-11,42.89613723754883,44.94785668397801,42.611176907885614,44.330439616818396,7252800
2022-02-14,43.89350509643555,45.16633142606438,42.88664491114769,42.95313554136603,9440600
2022-02-15,45.36580276489258,45.574775385018356,44.59641016073411,44.85287556994278,8576400
2022-02-16,45.22331619262695,45.85023031579363,44.510913615234514,44.84336670196423,6073900
2022-02-17,44.70090103149414,45.432301653089404,44.377944959925685,44.643907504699264,6470200
2022-02-18,44.75788497924805,45.3373064090926,44.03598518657664,44.46342752199208,6884300
2022-02-22,43.143104553222656,44.33044235299388,42.25022783224296,44.33044235299388,8732000
2022-02-23,42.88664627075195,44.149971908418415,42.763162114945615,43.77002595562094,6190400
2022-02-24,41.395347595214844,41.67080721628148,39.94204363608477,40.81592615790774,11837500
2022-02-25,42.28822326660156,42.34521678510883,40.84442007562389,41.7752924704383,7213700
2022-02-28,40.71144485473633,41.43334474545444,40.24600677663207,41.281365630383895,8260000
2022-03-01,38.2797737121582,40.910914970549506,38.051806861279196,40.350491328892616,10125400
2022-03-02,42.17423629760742,42.62067280614223,40.141511123823186,40.283993096345895,14976200
2022-03-03,40.24599838256836,41.71829643213893,40.06552435339708,41.699302217251144,7160700
2022-03-04,38.754703521728516,39.9895340597887,38.21327779639853,39.5430975287509,8204200
2022-03-07,34.290306091308594,38.773693721512664,34.08133715197075,38.773693721512664,14629900
2022-03-08,35.14520263671875,36.38003335601801,33.46393169738931,34.51828835624572,8893700
2022-03-09,36.826473236083984,37.63386156954645,36.57000781142152,36.83597034508581,7507100
2022-03-10,36.664981842041016,37.04493130481033,35.791103150524854,35.99057498791876,5876400
2022-03-11,34.59427261352539,37.21591652113227,34.584775505392855,36.959451119944596,7488800
2022-03-14,30.48133659362793,33.568414918908076,30.158380562352228,33.39743798332286,17873100
2022-03-15,31.022764205932617,31.640181357342538,29.69294613315324,30.129885606491015,10523400
2022-03-16,34.708255767822266,34.717752874892014,32.70402919367287,32.77051981356216,13820800
2022-03-17,35.49665451049805,35.56314514614255,33.74889289469695,34.157337441352006,9785900
2022-03-18,37.0069465637207,37.32990261541865,34.92673188051397,35.116706668007055,10334900
2022-03-21,36.7504768371582,37.18741988422514,36.10456480945987,36.60799848083688,5661200
2022-03-22,37.063934326171875,37.719343436511906,36.58899924299202,36.58899924299202,4938000
2022-03-23,36.25654220581055,37.15891958095775,36.152059532101944,36.66498666378805,4706100
2022-03-24,37.73834991455078,37.77634559953609,36.351540023798606,36.78847953072579,6852300
2022-03-25,37.234920501708984,37.8048412938067,36.978455058224604,37.757348498376565,4426400
2022-03-28,36.94044876098633,37.34889320659829,36.17105627501677,37.08293072981543,4130700
2022-03-29,37.99480056762695,38.56472112675474,37.434377114315794,37.68134172368009,5317100
2022-03-30,37.662353515625,38.4697417070024,37.28240399999615,37.605360001240534,3779600
2022-03-31,36.92145538330078,37.785837160720284,36.911958275182954,37.272909982606706,4850700
2022-04-01,37.53887176513672,38.26077154254802,37.14942511742786,37.51987392580124,4559700
2022-04-04,37.928321838378906,38.34626347110411,37.08293784066901,37.624363628493725,4450300
2022-04-05,35.933589935302734,37.994806445718766,35.73411444762771,37.80483168879675,6640700
2022-04-06,35.14520263671875,35.50615438107225,34.30931572159878,35.36367238045519,7720600
2022-04-07,34.29981994628906,35.05021841491229,33.35944667727835,34.926734251140225,5541100
2022-04-08,34.14783477783203,34.50878647224133,33.463927067049624,34.02435063594803,3919200
2022-04-11,33.283451080322266,34.56577433939524,33.026985703814255,33.34044097056822,4722500
2022-04-12,33.273956298828125,34.35680788871374,33.10297935058642,33.729893619650085,4185000
2022-04-13,34.432796478271484,34.76524961557127,33.539919749903895,33.64440243343566,4567700
2022-04-14,35.10720443725586,35.420663366760344,34.366306783470755,34.527782990693645,5586800
2022-04-18,34.812744140625,35.09770447479571,34.394798935271865,34.85073619463845,5100200
2022-04-19,36.32304382324219,36.769480424336116,35.09771020059468,35.135705884273946,6994100
2022-04-20,36.579498291015625,37.301401642225734,36.29453796752409,36.41802210297503,5318000
2022-04-21,35.34466552734375,37.567361704771635,35.259177073463185,37.01643893134887,5714700
2022-04-22,34.57527542114258,36.19005180126957,34.52777901416592,36.05707055805601,9637200
2022-04-25,34.47079849243164,34.5657840852676,33.169473405076765,33.63491150629641,5652200
2022-04-26,33.00798797607422,34.20482278030563,32.55205073524953,34.20482278030563,6022000
2022-04-27,33.09347915649414,34.08134507124737,32.37157937169287,33.00799069034305,5688600
2022-04-28,33.89136505126953,34.347302258983454,31.83014507479601,32.732522383663216,7657600
2022-04-29,33.653900146484375,35.62962820023639,33.59690663228752,34.489786904036094,6083900
2022-05-02,34.850730895996094,35.10719624479738,33.188458305350764,33.75838251050918,7906200
2022-05-03,34.6037712097168,35.57263923548088,34.09084043899454,35.021712787638336,5822900
2022-05-04,35.20219421386719,35.31617763397328,33.539921208160685,34.879238170676935,6527200
2022-05-05,33.76788330078125,34.74625202482998,33.216960494835746,34.56577437627967,5720400
2022-05-06,32.5710563659668,33.67290586744826,32.03912764600514,33.558922435837886,8165100
2022-05-09,30.26286506652832,32.23859319276129,30.05389246360731,31.63067684622807,7958200
2022-05-10,29.635950088500977,31.45969907931721,29.12301932603373,31.17473875243557,9230000
2022-05-11,28.809560775756836,30.775793453426616,28.67657953821014,29.778428736625976,8767900
2022-05-12,28.62908935546875,29.15151909096199,27.432252597968407,28.306133318759112,10220000
2022-05-13,32.941505432128906,33.13148023492084,29.968410095318916,30.025403623196887,13376900
2022-05-16,31.69717025756836,33.46392955971391,31.611681787352683,32.21959818734523,7313900
2022-05-17,32.95099639892578,33.197964683555426,32.24809447014021,32.77052236282512,6604400
2022-05-18,32.12461471557617,32.89401099797897,31.459704750675115,32.447570777187096,5077000
2022-05-19,31.592679977416992,32.618541491109404,31.44070089651446,31.60218070817365,6185500
2022-05-20,31.78265953063965,32.37158172854319,30.794793543963692,32.12461342014037,6278500
2022-05-23,31.33622169494629,32.14360997231065,30.937274298701336,32.14360997231065,5087000
2022-05-24,29.426977157592773,31.06075499427924,29.04702945547972,30.927773751473058,5861500
2022-05-25,30.462337493896484,30.71880288666763,29.180012341774425,29.180012341774425,5293400
2022-05-26,32.457061767578125,32.761023553675614,30.509828655893827,30.718801251502377,4464800
2022-05-27,32.88450622558594,33.102975942856396,32.504560309081064,32.561550203649745,5263000
2022-05-31,33.682395935058594,34.60377117523787,33.37843776533357,34.480287036453575,10304100
2022-06-01,33.397438049316406,34.67026433703957,32.72303103732399,33.93886380525031,6063500
2022-06-02,33.7488899230957,34.04335101464247,33.20746415282436,33.30245335500117,4983700
2022-06-03,33.207462310791016,33.834376516512485,32.87500918028242,33.35944140237599,4499700
2022-06-06,33.72039794921875,35.43016388110528,33.47343324870527,34.20483024092391,7184500
2022-06-07,34.03384780883789,34.09083769646641,32.97949140610727,33.11247264186304,4383300
2022-06-08,35.51564407348633,35.71511593392058,33.7868807027887,33.95785761843722,8323700
2022-06-09,33.52091598510742,34.84123481624847,33.41642969657681,34.82223697983684,6249200
2022-06-10,31.82065200805664,33.27395226861656,31.649675080524027,32.7135287002524,7558200
2022-06-13,29.066028594970703,30.699804693077095,28.62908735917617,30.234368510681673,11068100
2022-06-14,30.65230941772461,30.96576467527449,29.227504227939583,29.227504227939583,8683400
2022-06-15,31.003767013549805,31.66867696971741,30.462341214941205,30.918278538850142,7189500
2022-06-16,29.322494506835938,30.319857513764006,29.037532353618158,30.319857513764006,8529400
2022-06-17,30.08238983154297,30.481335394975716,29.037532230958757,29.97790352796445,8175300
2022-06-21,30.120384216308594,30.937273196375862,30.025398642403395,30.69030853014192,5608500
2022-06-22,30.015897750854492,30.471836809622758,29.417478528854584,29.51246590825354,5706700
2022-06-23,29.99690055847168,30.49083168086032,28.933045147418646,30.34835332629464,6337800
2022-06-24,31.754167556762695,31.868150989455376,30.481341084045745,30.595324516738426,14518400
2022-06-27,31.5071964263916,32.21010204973714,31.117749744440978,31.87764889080405,4880000
2022-06-28,32.78002166748047,34.48979106498679,32.75152671867788,33.98635735417991,12814600
2022-06-29,31.92513084411621,32.64703043994018,31.478690790698888,32.43806150674891,7076700
2022-06-30,31.90613555908203,32.70402655689002,30.367345259957094,31.317217134630123,9917800
2022-07-01,33.51142120361328,33.606410402532525,31.849148268934567,32.05812088308947,6397800
2022-07-05,33.017486572265625,33.07448008873902,32.19110051247126,32.533054364377136,6103600
2022-07-06,32.96049499511719,33.31194593674401,32.59954332282995,32.761023132853346,7779000
2022-07-07,33.55891799926758,34.16683438544547,32.960498721356686,33.34044465098413,5976300
2022-07-08,32.65653610229492,33.48292210128786,32.48555918892163,33.43542931945461,5437400
2022-07-11,30.595317840576172,31.41220678080218,29.379485161244737,31.165242126613183,15838000
2022-07-12,31.58319091796875,31.60218876085587,30.31986335371936,30.433848599308078,6787600
2022-07-13,31.56418800354004,31.944137553298447,30.88978099501295,31.21273702526736,4749300
2022-07-14,32.53304672241211,32.73251854801248,30.937264870676337,31.051248253381345,7293400
2022-07-15,32.79901885986328,33.49242371361198,32.105614006114585,32.969995796236105,7427100
2022-07-18,32.91300964355469,33.748892957049364,32.856016117125,33.16947145381854,8601800
2022-07-19,33.7488899230957,33.84387912527251,33.15047425498584,33.30245335500117,6250700
2022-07-20,35.22118377685547,35.31616933404264,34.1858252602616,34.29980865357956,10306600
2022-07-21,37.53887176513672,37.9758111994506,35.67712699186837,35.84810392242029,14812600
2022-07-22,37.03544616699219,37.66236044672544,36.72198721539167,37.434389970700714,5934100
2022-07-25,36.9024543762207,37.36789235032867,36.47501570172481,37.044936350030746,4721800
2022-07-26,36.304039001464844,36.854961815020545,36.27554043245071,36.854961815020545,4129400
2022-07-27,37.01644515991211,37.20641631297494,36.27554389379066,36.75047902338269,5018800
2022-07-28,36.58900451660156,37.168425981348314,35.98108810226649,37.044941827352865,4268000
2022-07-29,35.80060577392578,36.30403943320153,35.20219016951953,36.30403943320153,5268900
2022-08-01,35.87659454345703,36.31353392508192,34.8887287579397,35.43965516183214,5263200
2022-08-02,36.237545013427734,36.78846777580806,35.268677096689785,35.40165832817928,4506300
2022-08-03,37.0069465637207,37.2919069332265,36.5510092478179,36.59850203882425,4809000
2022-08-04,37.32989501953125,37.804830079890344,37.1114253265821,37.18741667550369,4592300
2022-08-05,36.4465217590332,37.18742304403393,36.247049869153905,36.85496627076752,4099900
2022-08-08,35.32566833496094,37.18741651749282,35.30667049781126,36.731475672834485,5937500
2022-08-09,35.05021286010742,35.145198433513755,34.12883757950305,35.145198433513755,4312400
2022-08-10,34.812744140625,35.762614336838865,34.38530182763532,35.67712587424093,5281600
2022-08-11,35.80060577392578,36.9499514453738,35.33517141494314,35.496647606252616,3956800
2022-08-12,36.73147964477539,36.75047748397939,35.458657029313514,35.458657029313514,3481900
2022-08-15,36.7504768371582,37.13992347531743,36.28504246698772,36.30404030585735,2748600
2022-08-16,36.36103439331055,36.655495494555524,36.04757907447219,36.50351638953469,3067300
2022-08-17,35.572635650634766,36.08556636966623,35.40165874429094,35.73411182692235,3509200
2022-08-18,35.82910919189453,35.838606300652636,34.96472735620041,35.525150983087876,3499100
2022-08-19,35.74361801147461,35.943089891492974,35.29717784084241,35.40166414660462,2800500
2022-08-22,34.7652473449707,34.94572499926097,34.45179206791305,34.812743753026375,3621400
2022-08-23,35.031219482421875,35.639135925970294,34.727261260647666,34.803249004357305,2469400
2022-08-24,35.971580505371094,36.38952567806764,34.603768834146734,35.02171038337632,3908800
2022-08-25,37.11143112182617,37.57686914798538,36.45602194063139,36.54151040978441,3694400
2022-08-26,36.02857971191406,37.814336838096594,36.009581871655286,37.45338512011483,3155300
2022-08-29,35.99058151245117,36.36103031290122,35.40166299951692,35.62013271200112,2902200
2022-08-30,34.812744140625,36.54150760785685,34.4802873978698,36.33253500518029,6389400
2022-08-31,35.74361801147461,36.275543024856916,34.92672902838905,35.24018432220828,4412500
2022-09-01,34.8602409362793,35.316178248099725,34.033854785071505,35.316178248099725,3792800
2022-09-02,34.394798278808594,35.31617351106008,34.31881054876476,35.24968288847154,3208200
2022-09-06,33.67290115356445,34.537282937829495,33.254955923721496,34.527782206169,6543100
2022-09-07,34.57527542114258,34.68925882625889,33.492420390402685,33.51141822849993,3593000
2022-09-08,35.76261520385742,35.78160941959102,33.75838846150152,33.98635528497795,3206900
2022-09-09,36.25654220581055,36.437019854920244,35.89559415452534,36.085568910893244,2938100
2022-09-12,36.807472229003906,37.32040303421447,36.484516198701044,36.62699818574869,4624600
2022-09-13,35.943092346191406,36.75998138506561,35.5061528772249,35.62013629881015,4872000
2022-09-14,36.237545013427734,36.27553706280559,34.61326442225325,35.762609973269925,4196800
2022-09-15,37.700347900390625,38.30826788769344,36.05707284706432,36.19005409871991,8544800
2022-09-16,36.70298385620117,37.13042616982268,35.848102852425406,36.446518468028266,9292700
2022-09-19,36.87396240234375,37.462880936180326,36.23755108123231,36.23755108123231,4951000
2022-09-20,37.31089782714844,39.03966118685655,36.99744256609677,38.308264369913665,15503100
2022-09-21,34.78424835205078,37.130429083803854,34.78424835205078,36.968949253332966,8359300
2022-09-22,33.52091598510742,35.52514243320025,33.18845928310395,34.746249257657084,7215600
2022-09-23,33.691898345947266,33.729890401456785,32.74202811232906,33.0079906182326,8097200
2022-09-26,37.67185592651367,38.4697471228901,36.446522370744944,36.92145752041025,25186600
2022-09-27,37.72884750366211,38.517237927254776,36.940453456602,38.46024803125256,11500000
2022-09-28,37.7193489074707,37.92832153388951,37.06393970206761,37.62436332644451,6478700
2022-09-29,36.59849166870117,37.33939276764434,36.000076149339385,37.04493174929171,6596800
2022-09-30,35.639129638671875,36.4370207359357,35.525146231481955,35.91459286089244,7166500
2022-10-03,36.664981842041016,36.94994575085131,35.35416380476677,35.95257931694851,5905600
2022-10-04,39.8945426940918,39.9420354726057,37.2254065093962,37.28240001769293,10742100
2022-10-05,40.483463287353516,40.834917838805126,39.220137918586836,39.790058538208854,9479200
2022-10-06,40.910911560058594,41.28136037945576,40.359988696804905,40.36948580502158,7507400
2022-10-07,40.36948013305664,40.67343828182818,39.53359341220143,40.61644477013341,6788100
2022-10-10,37.320396423339844,39.410111330220964,36.342027774085416,39.24863153194008,11700200
2022-10-11,34.53728485107422,37.044941875177564,33.853377072330524,36.97845124374056,13057300
2022-10-12,34.670265197753906,35.040714026961396,33.71089780989521,34.204827166526826,6902000
2022-10-13,33.957862854003906,35.382668288437635,33.102978143956626,33.61590896998499,8378000
2022-10-14,33.45443344116211,34.67976338588806,32.92250476369485,34.23332680463379,6740600
2022-10-17,33.9008674621582,34.489789618135035,33.41643523549845,34.0338523390825,6330900
2022-10-18,34.05284881591797,35.26868526424389,33.95786323527628,34.717758750812706,6210500
2022-10-19,33.81538009643555,34.37580369957749,32.96049902918908,32.979496869368006,9687800
2022-10-20,35.705623626708984,36.835967944588596,34.29031532879621,34.7082605669955,12358000
2022-10-21,37.11143112182617,37.310903008694034,35.63913292949535,36.02857959486631,7303700
2022-10-24,33.292945861816406,35.40165861681942,31.706664554019962,35.05020769880786,15856100
2022-10-25,33.02699279785156,34.57528249668336,32.53305977664547,33.46393229310269,10269700
2022-10-26,33.691898345947266,33.96735795986133,32.58054828841093,33.026988457721046,8429800
2022-10-27,33.292945861816406,34.27131451647585,33.22645524552954,33.91036286844226,5282800
2022-10-28,35.23068618774414,35.24018329550611,32.98899191532232,33.08398111027842,7352400
2022-10-31,36.10456085205078,36.94994828348394,34.9457217957615,36.009575291581235,9699500
2022-11-01,36.70298385620117,37.75734035531181,36.664988178664316,37.30140309527128,7671100
2022-11-02,36.26604080200195,37.586359664674,36.07606605681552,36.07606605681552,6750100
2022-11-03,35.95259094238281,36.75998290597484,35.17369755296694,35.69612913907204,3869600
2022-11-04,38.2227783203125,38.70721052644053,37.04493768174676,38.146786965290794,8740300
2022-11-07,38.65971755981445,39.22014111833352,37.434384141845555,38.20378030222614,5382900
2022-11-08,38.621726989746094,39.001676566380446,38.184787513043986,38.67872051328156,3951300
2022-11-09,37.94731521606445,38.317764014323075,37.70984766605587,38.032803679006236,3722000
2022-11-10,38.99216842651367,40.255497448874195,38.50773625062928,39.21063812336091,5940400
2022-11-11,41.148380279541016,41.67080820935305,39.809063328383694,40.227004947539804,10637500
2022-11-14,40.84442138671875,41.9272729088444,40.34099130588042,41.0818889529206,4725300
2022-11-15,41.72780227661133,42.49719851867074,41.26236423854555,41.77529506658516,5915000
2022-11-16,41.70880126953125,41.832285412862774,40.77792888753611,41.32885173164994,4755300
2022-11-17,42.06025314331055,42.30722143529632,40.51196725822342,40.84442039343417,3744000
2022-11-18,41.43333435058594,42.782151828977746,41.072386307516126,42.52568645723846,4125700
2022-11-21,40.24599838256836,40.64494574108799,39.343620989777634,40.5119644960705,6146100
2022-11-22,40.549957275390625,40.64494646886623,39.628585651214266,40.0750221784143,3574100
2022-11-23,40.90141296386719,41.04389132273878,40.15101462068786,40.69244035602805,1986900
2022-11-25,41.005889892578125,41.167369691476566,40.41697145355277,41.167369691476566,2533600
2022-11-28,41.46184158325195,42.41171191850659,40.45497772343364,42.12674791915598,7573600
2022-11-29,42.42120361328125,42.83914520300267,41.95576561408488,42.30722020216946,6756200
2022-11-30,44.491920471191406,44.558411095550525,42.829647615278894,42.9056353473462,9585900
2022-12-01,44.53940963745117,44.672390875363526,43.542046729641555,44.168960867990485,5079200
2022-12-02,45.5557746887207,45.89772854622791,43.817514077682134,43.931497489028764,7501800
2022-12-05,45.308815002441406,46.828606065515466,44.92886542493903,45.992719169090876,7456400
2022-12-06,44.45392608642578,45.479787675177484,44.37793835214827,45.36580063856016,4997600
2022-12-07,44.76738357543945,44.8243734684648,43.27608765015528,43.85550542889409,6008400
2022-12-08,45.88822937011719,47.23704327674925,45.31830509213705,46.068703398570634,9284500
2022-12-09,44.9383659362793,45.9832218340707,44.90037025402238,45.783749937423416,3963700
2022-12-12,45.93572998046875,45.94522708949295,44.007494359923655,44.56791437904599,4188500
2022-12-13,46.23018264770508,46.89509253761077,45.94522230159332,46.600635083464496,5513200
2022-12-14,46.306175231933594,46.6576262139948,45.79324442127074,46.05921055835564,4572300
2022-12-15,46.211185455322266,46.64812486611626,45.15682898149582,46.05920637228665,4375600
2022-12-16,45.10934066772461,46.06870804505889,45.033349306942576,45.78374768906131,6640200
2022-12-19,44.035987854003906,44.91936752621634,43.81751811899523,44.700897791207666,5042200
2022-12-20,44.05498123168945,44.39693508609197,43.570545396796796,43.92199998241454,3224200
2022-12-21,44.53940963745117,45.185321613140005,44.34943488751911,44.39693129260235,3157900
2022-12-22,44.18796157836914,44.85287143462937,43.79851494624728,44.50141685619054,2834800
2022-12-23,44.18796157836914,44.39693417922821,43.59904307640937,44.04547960078937,1985700
2022-12-27,46.03071212768555,46.30617537390095,44.624904571663215,44.79588150907502,6039600
2022-12-28,43.8650016784668,45.669756324872175,43.8555009482884,45.57476714042264,4485300
2022-12-29,44.71989440917969,45.51778196384389,44.01698880942199,44.20696358963766,3969100
2022-12-30,45.66026306152344,45.69825874151669,44.11197352473945,44.235457672983785,3924300
2023-01-03,46.85709762573242,47.28453630711094,46.10669931538857,46.81910194897566,5853300
2023-01-04,49.28876876831055,49.393255079965286,47.11356493457985,47.30353971727324,8253600
2023-01-05,48.94681167602539,49.84918911707357,48.547867919638165,48.86132321058994,4981000
2023-01-06,48.98480987548828,49.754206103999934,48.49087689682904,48.918319246002184,4807000
2023-01-09,50.1341552734375,50.2386415903584,49.3267669356324,49.3742597278325,4622800
2023-01-10,51.10301208496094,51.20749837863874,49.991665776134084,50.305121033700516,4558500
2023-01-11,50.57108688354492,50.846546465057024,49.8681813990237,50.18164027851027,4043000
2023-01-12,50.818058013916016,51.368984494265824,49.8966827184532,50.580590453103326,4728900
2023-01-13,52.21437072753906,52.28086135761367,50.30512942548947,50.343125106522834,4685500
2023-01-17,51.720436096191406,52.10038202401358,51.03652835325705,51.78692672414697,6639800
2023-01-18,51.65394592285156,52.24286447141296,51.378482676915546,51.87241564855228,4326900
2023-01-19,51.644439697265625,52.56581491398462,51.56845196850279,51.710930318733276,4575500
2023-01-20,51.83442306518555,52.19537480130541,51.46397422019282,51.57795764400572,5011900
2023-01-23,52.613304138183594,53.097739917210376,51.80591600442812,52.014884961989814,4850700
2023-01-24,52.689300537109375,52.75579116045413,51.83441591772357,52.22386255022884,4352200
2023-01-25,52.26185607910156,52.7272904233824,51.60644698015899,51.86290873196521,8660200
2023-01-26,55.44392395019531,55.93785690140129,52.99326065692537,54.35157536687498,22729100
2023-01-27,55.96635055541992,56.95421643500576,55.10196881664913,55.861867876925785,9276600
2023-01-30,54.97848892211914,55.092472333064975,54.35157472671606,54.95949108305028,6678400
2023-01-31,56.0423469543457,56.06134479490905,54.58904657419179,55.09247666698391,4429400
2023-02-01,55.96635055541992,57.315168126290445,54.60803950032348,56.65975899144246,7091100
2023-02-02,54.52255630493164,56.25131994949833,54.16160457877348,56.04234732538556,6868000
2023-02-03,55.16846466064453,55.53891347034117,54.057114608087254,54.38007063100923,3953800
2023-02-06,54.949989318847656,55.13996408249783,53.848140037837304,54.3705715437421,3652600
2023-02-07,55.13046646118164,55.44392173833658,53.981124405834876,54.968986645370094,3958600
2023-02-08,54.646034240722656,55.158965044582644,54.351576782685115,54.80751406718262,2695200
2023-02-09,54.636531829833984,57.27716970506286,54.54154264011566,56.14682552341798,4708700
2023-02-10,53.96213150024414,55.00698735089894,53.867142298887096,54.066614186535595,3665700
2023-02-13,54.636531829833984,55.26344598810656,54.16159675164363,54.323072938964145,3624000
2023-02-14,54.67453384399414,55.13996824543568,54.06661382972359,54.27558644786245,2884400
2023-02-15,53.71516418457031,54.304082749906435,53.52518940184226,54.047620960211304,3132500
2023-02-16,53.97162628173828,54.57954265034383,53.12624235517947,53.45869548692708,3472500
2023-02-17,53.211727142333984,53.705660063546134,52.95526176265842,53.43019684573159,4244700
2023-02-21,53.525184631347656,54.0191175730312,52.62281083488283,52.63230794261237,3404800
2023-02-22,54.47505569458008,54.722023981044046,53.23072802478319,53.37320638377332,3272600
2023-02-23,53.629669189453125,55.690889352582985,53.563178567107045,55.035476613075716,3730600
2023-02-24,53.335205078125,53.52517619049585,52.50881552075164,52.803276542473185,2495800
2023-02-27,53.211727142333984,53.88613409066578,52.907768979044526,53.705660063546134,2843500
2023-02-28,54.58904266357422,54.66503039691645,53.24972579927799,53.24972579927799,4929200
2023-03-01,55.63389587402344,56.30830282881286,55.2349521396862,55.48191679092347,7091000
2023-03-02,57.153690338134766,57.30567305436305,55.348939064532665,55.348939064532665,5877500
2023-03-03,57.752113342285156,57.93259101776375,56.631266101765725,57.00171493790106,4323500
2023-03-06,56.935218811035156,57.61912651847842,56.5932685807808,57.514640216122665,5275200
2023-03-07,56.0423469543457,56.90672877090623,55.56741181066481,56.69775614817701,10668800
2023-03-08,56.0898323059082,56.374792629634435,55.62439795596435,56.042339522531684,2300400
2023-03-09,53.68666458129883,55.91885812030955,53.45869413709432,55.899860281336906,6619600
2023-03-10,53.3922119140625,54.323084429397944,52.014899171287496,53.221234959871516,6097000
2023-03-13,53.135738372802734,53.544182853978256,52.309352302654084,52.43283644482669,5174700
2023-03-14,53.0787467956543,53.9431285165135,52.75579078876915,53.62966961712474,5208300
2023-03-15,50.44760513305664,51.91990316674428,49.22227174838481,51.80591976131137,7056700
2023-03-16,51.73942565917969,51.92939678096675,49.697203488766846,50.28612193793387,4079500
2023-03-17,51.94839859008789,52.31885100221992,50.94153852314585,51.501962071591144,5346200
2023-03-20,52.20486831665039,53.16423930281811,51.79642381734611,51.83441949715755,3717800
2023-03-21,52.39484405517578,53.506194157546666,52.35684837466604,53.192735228542624,4195300
2023-03-22,51.710933685302734,52.94576787516178,51.69193584600842,52.70830031918386,3427100
2023-03-23,51.98639678955078,53.09774683294454,51.34048474903262,52.18586866644004,3948000
2023-03-24,51.62544250488281,51.72992880377224,50.74206295323045,51.39747569227604,3291500
2023-03-27,51.53995895385742,51.986399137650956,51.07452455342661,51.68244094290951,2443100
2023-03-28,51.84391784667969,52.385343576978684,51.26449643831511,51.94840052615909,2408100
2023-03-29,52.14787292480469,52.68929862292346,51.72992773785891,51.948397438550074,2678400
2023-03-30,52.75579071044922,52.76528781793151,51.87241115244149,52.641803679858604,3475400
2023-03-31,54.57004928588867,54.627039184687874,53.06925247740422,53.19273663058186,4272900
2023-04-03,55.77638626098633,57.27717947999043,55.40593741653176,56.62177026468371,5731200
2023-04-04,54.7695198059082,55.31094557173636,54.152102678962216,55.20645926193312,3363200
2023-04-05,53.71516418457031,54.83601141685146,53.21173409028844,54.83601141685146,2436500
2023-04-06,54.152099609375,54.16160034070995,52.679801494115196,53.83864432120086,2818700
2023-04-10,54.161598205566406,54.5985376195987,53.81014725284193,53.90513282164297,2476200
2023-04-11,53.12623977661133,54.513049378115106,53.050248422490306,54.41806380893104,2896500
2023-04-12,53.0787467956543,54.076109762266114,52.83177851914185,53.70566097096463,3447200
2023-04-13,54.646034240722656,54.779015495767666,53.51568994937263,53.85764381861262,5199700
2023-04-14,55.32993698120117,55.41542544078892,54.27558052077462,54.34207114229097,3327600
2023-04-17,55.25394821166992,56.32730256034005,55.168463371553436,55.386933084385895,3911800
2023-04-18,56.37480163574219,57.06821015298928,55.5199205279927,55.80488089724253,3720100
2023-04-19,56.384300231933594,56.973218789201475,55.35843859333708,56.16583050300305,5847900
2023-04-20,58.44551086425781,60.30725916606269,57.94208082967342,59.02493225230929,15784400
2023-04-21,59.88931655883789,60.069794219393394,57.76160929828712,58.322032872207316,7333400
2023-04-24,60.744205474853516,60.753702583381596,59.56636472665447,59.88932076862295,8802900
2023-04-25,59.281402587890625,60.48773824896362,59.214911959785354,60.31676131284509,7377100
2023-04-26,58.70197677612305,60.136282786271686,58.56899552982417,59.813326778059896,3583400
2023-04-27,59.100921630859375,59.16741225118765,57.30566763506201,59.091420900259884,6545900
2023-04-28,60.64921188354492,60.829689543727,58.54050246654563,58.65448587797246,4684000
2023-05-01,61.60858154296875,62.29248924416057,61.04815435846204,61.162141390972174,5375400
2023-05-02,60.440242767333984,61.24763462379451,59.898817034909385,61.17164326736501,3602300
2023-05-03,58.350528717041016,60.06029441215699,58.170054677176054,60.031799464669724,4035100
2023-05-04,58.606998443603516,58.986944390877284,57.76161445334489,58.38852870864088,3328300
2023-05-05,58.559505462646484,59.36689376851118,58.25554725642912,59.10093124393789,3183400
2023-05-08,59.081932067871094,59.243408276007635,58.36002862681905,58.625994768849175,2505600
2023-05-09,59.243404388427734,59.357391423303994,57.5906322408624,58.35052768936757,2776200
2023-05-10,59.38589096069336,60.326260518573555,58.350532199740485,59.433383750495906,5601200
2023-05-11,58.08456802368164,59.63285394325766,57.961083874938076,59.11042602337451,3818000
2023-05-12,57.10619354248047,58.34102403741722,56.59326640508449,57.7711033854363,2956800
2023-05-15,56.94471740722656,57.581128681762124,56.62176140453873,57.581128681762124,2836600
2023-05-16,55.48191833496094,56.79274022784475,55.367934925330644,56.745247442454406,3351600
2023-05-17,56.6502571105957,57.61912513166525,55.96634941961316,56.156324180826886,3476800
2023-05-18,57.600128173828125,57.82809861546341,56.602765191541664,56.72624933173857,2622000
2023-05-19,57.4576530456543,57.666622036801286,57.07770349607669,57.438655205828674,1966400
2023-05-22,56.50778579711914,58.084570351737284,56.42229732509603,57.609635201268354,2390400
2023-05-23,52.91727066040039,55.719388617432706,52.63231031061874,55.719388617432706,7604400
2023-05-24,53.097747802734375,53.449198776548805,52.03389052629314,52.119378992730965,3865700
2023-05-25,53.021759033203125,53.933633637418225,52.8412849834525,53.28772155356563,2879300
2023-05-26,53.525184631347656,53.89563705521077,52.736794244973716,53.07874809871365,3047400
2023-05-30,52.27135467529297,53.620172210693774,51.995895077827036,53.21172774474944,4885400
2023-05-31,52.3663444519043,52.461330021268246,51.283493017899566,52.214365366841655,6259200
2023-06-01,52.67030715942383,53.28772066041229,50.77056662075005,51.976902297624,5730300
2023-06-02,55.985347747802734,56.70725112203618,53.658168678846366,54.38006842961259,7341500
2023-06-05,54.855003356933594,55.76687786778036,54.59853797135784,55.76687786778036,3032200
2023-06-06,55.9378547668457,56.32730139881492,54.427561023654434,54.551045162610684,3473500
2023-06-07,55.55790710449219,56.811735422469496,55.01647778114703,55.937852993398195,3057900
2023-06-08,54.92148971557617,55.11146446311789,53.94312465741667,54.0666051633719,3468800
2023-06-09,55.548404693603516,55.63389315012834,54.89299560922452,55.19695376054234,2290300
2023-06-12,55.994850158691406,56.11833430178507,55.29194460200517,55.766879711708285,2455500
2023-06-13,56.403297424316406,57.448153267801075,56.16582985775466,56.69775488783376,2748600
2023-06-14,56.83073806762695,57.26767750738884,56.41279284397002,56.69775319062049,2933200
2023-06-15,55.71938705444336,56.82123636656711,55.529412285428776,56.650259436800724,4532500
2023-06-16,55.51991271972656,56.251313192800545,55.282445174837626,55.91885645587573,4885300
2023-06-20,55.74787521362305,56.61225686509679,55.03547263416226,55.48191274346709,4807900
2023-06-21,55.39643096923828,56.05184011692978,54.94999080609732,55.78587761470146,3014500
2023-06-22,55.22545623779297,55.63390073873926,54.91200093675714,55.301447597721335,2349000
2023-06-23,54.4085693359375,54.61754196033887,53.43020409163585,54.38957149522214,10250400
2023-06-26,55.111473083496094,55.75738515208949,54.313581917790565,54.408567494685336,3759900
2023-06-27,55.59590148925781,55.94735607116027,54.9689873039695,55.44392240262632,3186000
2023-06-28,54.83600616455078,55.52941097514503,54.71252202408496,55.52941097514503,2778200
2023-06-29,54.5035514831543,55.06397502956499,54.351572400575144,54.921493054380164,4015000
2023-06-30,55.092472076416016,55.52941150256234,54.51305066965067,54.83600668538214,6067000
2023-07-03,55.65289306640625,56.25131228443368,55.37742984915124,55.46291830886945,3518200
2023-07-05,52.527828216552734,55.17796729135818,52.40434405980525,55.17796729135818,8092200
2023-07-06,51.97690200805664,52.05288974497714,50.78956417800028,51.577954612954606,6600700
2023-07-07,52.92677307128906,53.01226154128268,52.10988405212057,52.147879732888306,3961900
2023-07-10,54.74101638793945,54.74101638793945,53.00275231771461,53.02175015505481,3266400
2023-07-11,55.548404693603516,55.63389315012834,54.58903745790669,54.70302085878413,3630600
2023-07-12,56.30830383300781,56.65975841301135,55.671892543510495,56.070836284962446,3805400
2023-07-13,57.11569595336914,58.17954955931144,56.96371686680596,56.96371686680596,3625600
2023-07-14,57.88508987426758,58.160553107566095,57.239177835103575,57.96108123109503,3031500
2023-07-17,56.42228698730469,57.486140514863024,56.023339649803454,57.239172252727265,4261900
2023-07-18,56.99221420288086,57.31517022830254,56.33680504399599,56.33680504399599,3893100
2023-07-19,56.66925811767578,57.267677380745596,55.74788282952498,57.24867954121526,7511100
2023-07-20,53.61067199707031,55.78587559279169,53.57267994346278,54.34207247515656,9916800
2023-07-21,53.16423034667969,55.10196258555218,52.765283022801896,53.753148790676875,5893900
2023-07-24,53.69615936279297,54.665027367620496,53.19272933396316,53.26872068656161,4469400
2023-07-25,54.47505569458008,54.61753767703755,53.51568836623078,53.762653029227415,3351600
2023-07-26,55.63389587402344,55.8048727954443,54.38956464000876,54.45605888586546,3764000
2023-07-27,55.40593338012695,56.50778272436022,55.21595860557623,56.469787044756586,4073700
2023-07-28,56.25130844116211,56.61225647000707,55.747874824565734,56.23231060435971,2766700
2023-07-31,56.81173324584961,56.88772097133267,55.586399920032825,56.25130972947761,5126900
2023-08-01,56.26081466674805,57.43865537513653,55.98535142366568,56.13733051925122,3081900
2023-08-02,55.13996505737305,55.95685401908435,54.67453068284182,55.462921074248044,2836000
2023-08-03,55.15896224975586,55.443922585194834,54.38006897527128,54.77901272019239,3588800
2023-08-04,55.03547286987305,55.73837834561025,54.79800534236907,55.62439494697908,2883600
2023-08-07,55.416748046875,55.62644450964932,54.635156767830736,55.416748046875,1971600
2023-08-08,54.825782775878906,55.092666505522025,54.253884394620364,54.80671913290181,2794900
2023-08-09,54.187156677246094,55.78846612663546,54.11090575090347,55.130786888357484,3072400
2023-08-10,54.71141052246094,55.664570959186605,54.61609229717726,54.76859782161263,2208500
2023-08-11,53.76777648925781,54.23482667182172,52.87180704770823,54.149042092820935,3943000
2023-08-14,53.186344146728516,53.62479701318829,52.80508220737923,53.052902286155366,3311000
2023-08-15,52.08068084716797,52.79555110836303,52.023493553323995,52.70023652794429,4004400
2023-08-16,51.11798858642578,52.185527118527965,51.07986130127476,51.73754060804862,3013300
2023-08-17,50.97501754760742,51.67082420044506,50.63187922324511,51.30862586785672,3824300
2023-08-18,50.84157180786133,51.20377374892577,50.00278970498193,50.326864360456824,3211000
2023-08-21,50.51750183105469,50.97501839244769,50.30780537690932,50.908297454495695,2773800
2023-08-22,50.936885833740234,51.15611226947687,50.30780017240352,50.917822191152084,2623200
2023-08-23,51.451595306396484,51.851924544512784,50.546092245817846,50.84157326356992,2229100
2023-08-24,50.87017059326172,51.83286465355535,50.8606405889106,51.26096621998985,3243600
2023-08-25,50.155296325683594,51.032205733635905,49.93606988270006,50.97501480398092,6539500
2023-08-28,51.29908752441406,51.4515930283685,50.488902716409505,50.51749636214533,3979000
2023-08-29,52.023494720458984,52.185530238009704,51.37534537821959,51.45159631706162,2629600
2023-08-30,52.33803939819336,52.63352044233625,51.68989001079628,51.813801885568274,2972800
2023-08-31,52.290374755859375,53.11962320061546,52.280841116668135,52.50960118902395,4691900
2023-09-01,52.35710144042969,52.81461799940664,51.93771217037207,52.78602435072633,3595300
2023-09-05,50.14577102661133,51.83286543152092,49.99326550257525,51.59457532296339,5064400
2023-09-06,49.97420120239258,50.09811307530316,49.526214640651716,49.964667562004905,4269600
2023-09-07,47.44832229614258,49.55480948791878,47.03846304407877,49.29745575038907,11904200
2023-09-08,46.5809440612793,47.75333082462192,46.16155482727629,47.39113251908126,9344000
2023-09-11,46.5809440612793,47.171906080669366,46.22827575914,47.04799422034331,5252700
2023-09-12,46.69533157348633,47.23863273361472,46.399850528005516,46.46657146794981,5199100
2023-09-13,46.56188201904297,46.962211260004764,46.35218921284223,46.457037433951704,3754200
2023-09-14,46.63813781738281,47.534107268173244,46.54282323351811,47.23862987658169,5311900
2023-09-15,46.457035064697266,47.10518072973913,46.28546591818036,46.65719785696099,5163200
2023-09-18,46.8097038269043,47.1051811986105,46.28546637889252,46.457035527117185,3218500
2023-09-19,46.35218811035156,46.90501921393665,45.88513794634133,46.52375726153752,3407400
2023-09-20,45.66591262817383,46.73345121155916,45.62778534119123,46.60000934313827,3661000
2023-09-21,43.69287109375,44.70322238537816,43.588022872276916,44.28382949948583,9086300
2023-09-22,43.64521026611328,44.741342410829006,43.13050284023742,44.245698626950535,7276300
2023-09-25,43.21628952026367,43.406922313522976,42.301256475840745,42.71111570874191,4652300
2023-09-26,43.15910720825195,43.626157463183524,42.939880724841245,42.958944371575065,4030800
2023-09-27,43.99788284301758,44.00741284693653,42.825496015999136,43.36879713983651,5406100
2023-09-28,43.41645431518555,43.72146534403108,43.00659506342094,43.6261507610237,4216600
2023-09-29,43.69287109375,45.0368270573214,43.59755651205714,44.32195678657027,4563000
2023-10-02,43.55943298339844,43.94069497908442,43.24488829183942,43.425991103107414,4593500
2023-10-03,42.634864807128906,43.67380980200764,42.568143869147384,42.95893949276131,4189500
2023-10-04,42.14875030517578,42.920807833500454,41.796078370589456,42.577669538237025,4087300
2023-10-05,42.03437042236328,42.4918905948677,41.71982939428699,42.10109135668304,5340900
2023-10-06,43.39739227294922,43.84537882885691,42.04390623699943,42.082033526016765,5111100
2023-10-09,43.578495025634766,44.02647794498807,42.27266264849134,43.854908780633735,4112400
2023-10-10,44.150386810302734,44.78900613103635,43.77865485818261,43.82631214814347,4028600
2023-10-11,44.34102249145508,44.588842596988215,43.950226870717735,44.18851697204583,3328700
2023-10-12,43.79772186279297,44.46493488150727,43.34973530353852,44.350553013600745,4045300
2023-10-13,42.692054748535156,43.740529723319156,42.425167366793985,43.56896056220638,3441800
2023-10-16,43.26395034790039,43.568961387653246,42.491892744284016,42.98753295686861,3669200
2023-10-17,43.19722366333008,43.721461090910616,42.949403590007286,42.95893359297366,3860000
2023-10-18,42.510948181152344,43.17816112236697,42.139216243680515,42.93034104272509,4884500
2023-10-19,43.73099899291992,44.71275301496687,43.140036942894405,43.969289086505555,10660700
2023-10-20,43.19722366333008,44.2266385125584,43.16863001841304,43.90256387143296,4003800
2023-10-23,44.27429962158203,44.84619438540137,42.73971085424432,42.93987365797926,5844200
2023-10-24,45.4085578918457,45.73263255200152,44.60790306299123,44.64603034913147,5552200
2023-10-25,44.989173889160156,46.00905527800947,44.85573200815461,45.065424834298234,5093700
2023-10-26,45.3037109375,45.618255602909485,44.646031595305026,45.03682719910521,5911700
2023-10-27,44.8366584777832,45.92326056757348,44.798531195610764,45.75169143381525,4813700
2023-10-30,45.58012771606445,45.79935416057869,45.208395760756915,45.40855856191971,4232900
2023-10-31,45.23698806762695,45.561062722964266,44.893849769502964,45.26558534981601,4633700
2023-11-01,44.54117965698242,45.5991881545075,44.045535872735634,45.21792258631214,5027100
2023-11-02,46.40937423706055,46.57141338067192,45.20839384495954,45.26558477259026,4439200
2023-11-03,46.55235290527344,47.21956589561966,46.466568326000086,46.83830029084517,3762100
2023-11-06,47.0787467956543,47.56685946300859,46.571495748101405,46.78205443997731,3893400
2023-11-07,46.22694778442383,46.68634559241552,46.09295721346407,46.58106624352736,3452000
2023-11-08,46.06423568725586,46.75333041961476,46.04509365983361,46.31307474180827,2699300
2023-11-09,45.834537506103516,46.51406308725429,45.71968898628179,46.37050335021928,2671400
2023-11-10,45.7005500793457,45.76754535806514,44.408494102934995,45.001882422008094,4297300
2023-11-13,45.566558837890625,45.662265334347744,44.96359768749809,45.32728894577901,3095600
2023-11-14,47.34673309326172,47.42329756940894,46.15995267974125,46.3896534101214,4220700
2023-11-15,47.164886474609375,48.294240813331506,46.973473455275574,47.5190085925094,4181500
2023-11-16,47.01175308227539,47.51900779774006,46.82990925656195,47.030895114082476,4292400
2023-11-17,46.973472595214844,47.5381461032677,46.85862040455427,47.39458634139586,3427900
2023-11-20,47.164886474609375,47.452013305548704,46.52364482770866,47.02132671010903,3676000
2023-11-21,47.318016052246094,47.51900555123391,46.7150585081899,46.7150585081899,2286900
2023-11-22,47.164886474609375,47.815700963058376,47.03089590068799,47.576431037921814,2286100
2023-11-24,46.820335388183594,47.117031398231624,46.65763359784605,47.117031398231624,2280300
2023-11-27,46.475791931152344,46.6767777935838,46.10252777824763,46.581067632209766,4237700
2023-11-28,45.614418029785156,46.494933245992875,45.55699193384684,46.456649182034,5394200
2023-11-29,43.393985748291016,44.5233398782745,43.087720592800785,43.9969468704612,28332500
2023-11-30,44.14051055908203,44.49463264322419,43.30785232125409,43.54712222358146,25960400
2023-12-01,44.791324615478516,44.963599235808616,44.14051019444678,44.14051019444678,10269500
2023-12-04,43.671546936035156,44.87746572959427,43.48013026933565,44.79132841212796,5334700
2023-12-05,42.94416427612305,43.50884143410861,42.76232045103148,43.31742476766161,5158900
2023-12-06,42.905879974365234,43.62368967024802,42.85802307386459,43.21214515253104,5479300
2023-12-07,42.92502212524414,43.29828626671596,42.74317830065728,42.99201741066926,4024200
2023-12-08,44.398921966552734,44.50420130648655,42.685748609919955,42.88673810023402,5994400
2023-12-11,45.566558837890625,45.61441208611918,44.39892059607593,44.40849343630293,6047300
2023-12-12,45.77712631225586,45.93025892660944,45.26987156079691,45.70055817959432,5661400
2023-12-13,46.542781829833984,46.75333685853978,45.23158015309275,45.681408732045504,6341000
2023-12-14,46.52363586425781,47.25101469010642,46.226939899902284,46.896896291401745,7178200
2023-12-15,45.815399169921875,46.762909574975126,45.57612927127871,46.590634955874535,7226700
2023-12-18,45.68141174316406,46.207804826079474,45.576132396387145,45.82497515258152,3858600
2023-12-19,47.14573669433594,47.164878723317294,45.81539671336589,46.00681335221072,7217800
2023-12-20,45.50913619995117,47.09788825799318,45.489994169014636,47.00218175427957,4392300
2023-12-21,46.69591522216797,46.705484411877286,45.853684139957664,46.21737541538445,3396100
2023-12-22,46.820335388183594,46.87776148234523,46.226947019056716,46.65763359784605,3728700
2023-12-26,46.93518829345703,47.212742276357574,46.80119772266897,46.8969042300978,2915700
2023-12-27,46.45664596557617,47.13617162443701,45.89196883967106,47.13617162443701,3241000
2023-12-28,46.98303985595703,47.34673114283968,46.49493084408932,46.49493084408932,4073500
2023-12-29,47.0978889465332,47.289305607727904,46.86819187387487,46.896903095214874,3236700
2024-01-02,49.12689208984375,49.23216776717809,46.78204660362865,46.81075782008634,7502600
2024-01-03,48.49522399902344,49.08861600932615,48.112394330504934,48.51436603009473,5108100
2024-01-04,48.0932502746582,48.590932108651536,47.83483834252884,48.351662206787566,3755300
2024-01-05,48.629215240478516,48.925907576503576,47.79655336919613,48.12196057555538,2946500
2024-01-08,49.55758285522461,49.58629772723675,48.05496810448735,48.21767354265913,3889500
2024-01-09,47.863555908203125,49.069478418021625,47.729565329549835,48.88763458284494,4407200
2024-01-10,47.174461364746094,47.96883565219178,47.02132875204756,47.73913855862871,3414200
2024-01-11,47.614707946777344,47.77740971895459,46.41835850087841,47.241447503811884,4625700
2024-01-12,47.48072052001953,48.07410886199405,47.31801508615792,47.70084839444606,3741300
2024-01-16,46.93518829345703,47.18402740335353,46.65763431055649,46.8969042300978,3708200
2024-01-17,46.15994644165039,46.34179024252361,45.49956286387725,46.34179024252361,5631600
2024-01-18,47.39458084106445,47.557282615830864,46.437501269114776,46.523638576629,4219100
2024-01-19,46.75333786010742,47.30844579078927,46.35136617317423,47.28930376032069,7639500
2024-01-22,45.87282943725586,46.76291383333957,45.604848294682434,46.58106635719111,7206400
2024-01-23,46.91604232788086,46.99260679721017,46.4183604988491,46.42792968840191,5392000
2024-01-24,47.50943374633789,48.4282293438618,47.49029171501833,47.853983008151644,9465400
2024-01-25,47.9975471496582,49.33745650374225,47.02132544328555,49.33745650374225,9263900
2024-01-26,47.8826904296875,48.121960325739856,47.18402277133089,48.064537887307374,4810600
2024-01-29,48.23681640625,48.466513480497085,47.28930593481555,47.73913454408909,4098300
2024-01-30,47.385009765625,47.80612712958714,47.24145001506706,47.71998981886479,4928900
2024-01-31,46.820335388183594,47.68170854576227,46.81076619797457,47.241452776763914,3618200
2024-02-01,48.66749572753906,49.02161780480172,47.71041613682271,47.79655344602593,5728100
2024-02-02,48.31337356567383,48.61006953020428,47.71041244787195,48.2272362631307,3882000
2024-02-05,49.11091613769531,49.37996322054588,47.87137150800532,48.034724140801444,5924200
2024-02-06,50.12945556640625,50.32163363255364,49.226223420652786,49.42800874063626,5013900
2024-02-07,50.686771392822266,51.30173826968779,50.22554623517313,50.3504625275026,6731500
2024-02-08,51.51313781738281,52.17614833681567,51.21526161361283,51.40743969135179,6141100
2024-02-09,51.52273941040039,51.753353811445265,51.013470676019544,51.686092041451246,3364700
2024-02-12,52.32988739013672,52.35871648289322,51.34978254272626,51.34978254272626,4271600
2024-02-13,51.75335693359375,52.21458209801649,51.167215475007005,51.5227425186365,4480500
2024-02-14,52.34910583496094,52.64698202504448,51.8878806688744,51.93592426972871,4446300
2024-02-15,52.819942474365234,52.98329145208105,52.214582833876406,52.349106383875736,3753000
2024-02-16,53.0889892578125,53.48295265138655,52.54128414151423,52.752680384819456,4400500
2024-02-20,50.984642028808594,52.89680422436887,50.56184959785717,52.84876062962202,5232700
2024-02-21,51.397823333740234,51.60921588287007,50.571460311666286,50.85972554447338,4060900
2024-02-22,51.551570892333984,52.25301771586883,51.46509094611781,52.185755942755335,2515400
2024-02-23,52.60853958129883,52.858368476083314,51.609216671178146,51.6860893560296,3320600
2024-02-26,51.82061004638672,52.762278391213194,51.71491194325977,52.60853669543523,3007100
2024-02-27,51.311344146728516,52.18575077612542,51.05190433376574,52.13770351537977,3463000
2024-02-28,51.52273941040039,51.80139740922791,50.734812677192025,50.87894713603151,3621800
2024-02-29,52.38753890991211,52.646978736911855,51.340172348539,51.638048520018316,5979500
2024-03-01,49.27426528930664,51.38821661165966,48.72656020260271,51.31134758719694,10350100
2024-03-04,48.716949462890625,49.32230902374041,48.09237173092752,49.32230902374041,4399000
2024-03-05,48.91873550415039,49.485658731381996,48.02511069401427,48.313375934108514,4231200
2024-03-06,48.60165023803711,49.47605697389128,48.467123023258786,49.42800970729598,3376900
2024-03-07,49.47605514526367,49.58174959758819,48.620862949065234,48.68812472122251,3426800
2024-03-08,49.495269775390625,49.87001864825727,49.34152805786521,49.38957532280389,3168200
2024-03-11,50.552249908447266,50.85012243973852,49.495272338421,49.61058138165491,3509400
2024-03-12,50.878944396972656,51.26329682403383,50.542631899616346,50.70598452187315,2965500
2024-03-13,51.263301849365234,51.686094325717555,50.6675531464499,50.898167557686776,3831400
2024-03-14,50.31202697753906,51.426655375870304,49.62018739737078,51.00386655770735,4323700
2024-03-15,49.03403854370117,50.60028461683772,48.89951501573077,50.10062318045394,5718300
2024-03-18,48.630470275878906,49.20700075620754,48.46711765164124,48.8610810018138,4174500
2024-03-19,48.793827056884766,49.07248508876224,48.51517269049928,48.67852167543243,3668800
2024-03-20,48.59203338623047,48.95717130792495,48.198070040491366,48.53437887264986,3702300
2024-03-21,48.38064193725586,49.4472267179318,48.342209256572005,48.77460532182617,2892700
2024-03-22,48.14042282104492,48.42869176713452,47.84255028614049,48.1500337408436,2684600
2024-03-25,48.35181427001953,48.543992326501225,48.06354901804277,48.303770672271995,2186600
2024-03-26,48.861083984375,49.408789073767444,48.68812409662037,49.149352907627126,2686400
2024-03-27,49.4664421081543,49.485660280160914,48.94756246045018,49.1493514337739,2288800
2024-03-28,49.67784118652344,50.15828451779448,49.524099467136374,49.84119015971957,4729100
2024-04-01,51.099945068359375,51.97435164880553,50.158276725224376,50.30240750291855,4667300
2024-04-02,50.840511322021484,50.926991265129104,50.177500868524135,50.88855492030537,2197400
2024-04-03,51.84944534301758,52.012797987729115,50.494595245492384,50.494595245492384,3187400
2024-04-04,50.533023834228516,52.406753340683636,50.42732572720157,52.16653170307378,3386500
2024-04-05,51.099945068359375,51.311341274233556,50.35045476097443,50.63871998185394,2163500
2024-04-08,50.38889694213867,51.55157262830676,50.21593704388199,51.49391810705725,2754200
2024-04-09,50.398502349853516,50.43693869314954,49.73548825721714,50.12945161227279,2316500
2024-04-10,49.83157730102539,50.18710429983981,49.5433120677842,49.89883906659862,2345500
2024-04-11,49.59136199951172,49.89884544299337,49.04365688671679,49.600969253467866,2586800
2024-04-12,48.45751190185547,49.2358313733852,48.198072078012224,49.09169691608623,2881800
2024-04-15,48.28455352783203,49.34152736274215,48.13081181247253,48.813040445287086,5165900
2024-04-16,48.534385681152344,48.78421827622399,47.57349897962851,47.823331574700155,4493000
2024-04-17,48.26533508300781,48.81304016998019,47.90019713652902,48.5824294309874,9102500
2024-04-18,44.085479736328125,46.324343684550556,43.66268727200905,46.20903831495972,21519900
2024-04-19,43.681907653808594,45.0175395543867,43.62425679884319,44.489052612750356,7998600
2024-04-22,44.7388801574707,45.4691523401184,44.181564185707124,44.181564185707124,7882200
2024-04-23,44.21039581298828,45.24815521684667,44.18157038471174,45.08480257046516,7965400
2024-04-24,44.04704284667969,44.35452627211443,43.287941536485114,44.20078455939706,7358100
2024-04-25,43.76838684082031,44.40257189285676,43.71073598685719,43.720343240687136,5172700
2024-04-26,43.67229461669922,44.200781488353,43.33598212347131,43.66268369848314,4932300
2024-04-29,43.9605598449707,44.53709031116724,43.75877454835105,44.30647959088515,4830200
2024-04-30,42.624935150146484,43.739563589952745,42.59610972173081,43.489730992043874,6435600
2024-05-01,42.79788589477539,43.44167809492853,42.279006301359026,42.43274799583523,5559600
2024-05-02,44.82536315917969,45.09441024504413,43.27833508447589,43.556993089402134,8361700
2024-05-03,45.03675079345703,45.37306327943681,44.738878314021804,45.29619059733015,4703600
2024-05-06,45.37450408935547,45.88595520684666,45.152553534949874,45.5482051634467,4141300
2024-05-07,45.08501052856445,45.664011744662126,44.920957852576805,45.07535842228285,4597000
2024-05-08,45.13325119018555,45.20080119614697,44.77620063278955,45.07534960741894,3438700
2024-05-09,45.548213958740234,45.66401347009531,45.09466065756605,45.13326172175111,3230700
2024-05-10,44.91130447387695,45.80875883668108,44.79550129847029,45.70260776649141,2222900
2024-05-13,45.27800750732422,45.7701618435168,45.10431009118552,45.59646074617823,3045300
2024-05-14,44.69900131225586,45.35520456643643,44.399848637756065,45.239405074874995,7156300
2024-05-15,44.49635696411133,44.88235654567651,43.97525366373841,44.77620914555604,6392400
2024-05-16,44.988502502441406,45.171855687909385,44.34195134433719,44.51565242467554,3911000
2024-05-17,45.384151458740234,46.107904690242314,44.70865138763106,44.96919931151643,8169600
2024-05-20,45.1815071105957,45.857010947723396,45.11395709500291,45.51925718855967,6858600
2024-05-21,44.59285354614258,45.268357379130876,44.53495563667484,44.92095519752548,3786200
2024-05-22,44.26475524902344,44.573556393583964,43.791905106940135,44.496357948043844,3680100
2024-05-23,43.23219680786133,44.293703866994335,43.03919518972808,44.255102807127756,4147200
2024-05-24,43.30939483642578,43.60854381913387,43.203243772419945,43.43484274734238,5878000
2024-05-28,43.164649963378906,43.66645273489406,42.9523477997225,43.309402107908255,4227200
2024-05-29,42.36369323730469,42.86549226932311,42.21894110959199,42.64354170637663,4189600
2024-05-30,42.46019744873047,42.826900184705494,42.34439794096993,42.36369847246334,4772800
2024-05-31,43.45415115356445,43.47345168517368,42.23824711178344,42.79794780365089,6696400
2024-06-03,43.29010009765625,43.70505230451794,42.93304948286822,43.63750228769858,4230500
2024-06-04,42.04523849487305,43.1067417887074,41.871537420434784,43.06814441309842,6161900
2024-06-05,42.074188232421875,42.2575414150852,41.63993921941801,42.0548913848568,16346800
2024-06-06,42.1320915222168,42.34439366601108,41.890840424704976,42.1513920517617,6924600
2024-06-07,43.44449996948242,44.30335332495264,41.485542150547,41.4951905751389,10343400
2024-06-10,43.164649963378906,43.637503778468165,42.904098311946036,43.33835106433415,5166600
2024-06-11,42.575992584228516,43.03919424890304,42.276843579800996,42.94269528254569,5033000
2024-06-12,42.691802978515625,42.91375358361882,42.21894912854779,42.73040036286384,6279500
2024-06-13,42.52774429321289,42.759346972642376,42.26719265930461,42.450545854202865,3836600
2024-06-14,41.73644256591797,42.39264588803995,41.717142035126166,42.16104319973814,4643500
2024-06-17,42.79794692993164,42.90409801101529,41.60134344418849,41.65924135663417,5992200
2024-06-18,42.749698638916016,42.8076002341821,42.19964636808834,42.54704857728478,7335500
2024-06-20,43.04884719848633,43.425198328339995,42.60494605461788,42.6242429033081,7153000
2024-06-21,44.303348541259766,44.41914802985788,42.9716415381837,43.18394366827971,14191500
2024-06-24,43.27079391479492,44.23579823610507,42.923391770131374,44.14894769993918,10190900
2024-06-25,42.81724548339844,43.1742997725873,42.489143830295006,43.1742997725873,7979900
2024-06-26,42.27684020996094,42.7786428936601,41.99698807615191,42.73038973312803,9738600
2024-06-27,42.59529495239258,42.76899604429339,42.006641661084245,42.3443954203135,6879800
2024-06-28,42.70144271850586,42.990943288832106,42.41194214817961,42.759344305050895,20974600
2024-07-01,41.379390716552734,42.923396321901826,41.224990156017824,42.52774465545614,6405900
2024-07-02,40.8293342590332,41.60133698171654,40.76178425087337,41.19603325155819,6171300
2024-07-03,41.060935974121094,41.5916876512936,40.94513647829427,41.05128754996869,3382100
2024-07-05,40.617034912109375,41.099537106987746,40.47228278116602,40.8003844209313,6754900
2024-07-08,39.99943542480469,40.858288801381406,39.9511859382599,40.674939280031275,4810500
2024-07-09,40.163482666015625,40.54948590396164,39.758182579252036,40.06698369712897,3866600
2024-07-10,39.980133056640625,40.25998521941945,39.73888195380364,40.18278309953576,4079500
2024-07-11,40.838985443115234,41.14778655306245,40.07663109240821,40.153833210494824,4116100
2024-07-12,41.23463821411133,41.49518984792365,40.761788112199845,41.01268764038965,3591200
2024-07-15,40.77143478393555,41.48553964011571,40.645983184633714,41.109184842210226,3077900
2024-07-16,41.39868927001953,41.67853774180172,40.49158279914069,40.82933654000818,5631000
2024-07-17,40.8582878112793,41.514491119746495,40.626685127796854,41.20568999590308,4076100
2024-07-18,39.66168212890625,40.87758981903383,39.49763313646041,40.64598712718099,6048300
2024-07-19,39.632728576660156,39.83537860778009,39.09232481247418,39.69063016320848,4169000
2024-07-22,39.96083450317383,40.1924371930805,39.67133390169039,39.738883919329865,4320100
2024-07-23,39.69063186645508,39.89328190627135,39.20812966811179,39.80643136332157,5414300
2024-07-24,38.90897750854492,39.79678347978258,38.7642253745954,39.652031345833066,6684200
2024-07-25,37.96327590942383,39.52658211647954,37.8764253600763,38.2334759824162,10539000
2024-07-26,37.80887222290039,38.38787338332108,37.55796902050505,38.329975475998765,6490800
2024-07-29,38.16592025756836,38.52297082652177,37.47111964787515,37.72201915225338,7334000
2024-07-30,38.08872604370117,38.851076745961905,37.97292286159594,38.03082445264856,6402300
2024-07-31,38.28171920776367,38.96687506552215,38.26242236102055,38.41682290336064,10040700
2024-08-01,37.123722076416016,38.31067709880179,36.9789699375788,38.28172446231446,6021700
2024-08-02,36.728065490722656,36.921063408429994,35.98501172771158,36.6798123300965,5808300
2024-08-05,36.53506851196289,36.66052011929646,35.33846139238068,35.36741402865753,7218200
2024-08-06,37.349979400634766,37.621614430217655,36.54477027615732,36.72909721830261,6823100
2024-08-07,37.3305778503418,37.86414826564758,37.0589428099861,37.67012535153629,6580200
2024-08-08,38.63054656982422,39.02829941564187,37.62161125822599,37.62161125822599,6179400
2024-08-09,37.41788864135742,38.649953356915375,36.73879735787866,38.56264156760025,6366500
2024-08-12,37.291770935058594,37.74773291445056,36.923124446071256,37.33057699729403,6637300
2024-08-13,38.20368957519531,38.43651851469437,37.35967449245072,37.36937785703359,6378600
2024-08-14,38.320106506347656,38.378315595335984,37.47609507013923,38.252197752902696,8528500
2024-08-15,38.9312858581543,39.20292085009557,38.426818229728205,38.62084481000735,9741800
2024-08-16,39.16411209106445,39.56186488784952,38.79546568479953,38.85367106434191,6004000
2024-08-19,39.6297721862793,39.93051353902964,39.164110663173126,39.164110663173126,3429600
2024-08-20,39.74619674682617,39.7849991044422,39.222326061140905,39.47455803901747,4987500
2024-08-21,40.056636810302734,40.270062724475366,39.81410450270935,39.96932503153914,4170900
2024-08-22,39.843204498291016,40.22155428040532,39.76559608950429,40.182748225637425,2999200
2024-08-23,39.387245178222656,39.51336301407798,38.86337820764923,39.23202464976584,5143700
2024-08-26,39.3387451171875,39.6685892502112,39.17382490105057,39.600680490537194,4605800
2024-08-27,38.74696350097656,39.49396351746511,38.68875811056814,39.32904331030837,6217900
2024-08-28,37.84474563598633,38.55294334286288,37.408190373849976,38.52383694483719,6236300
2024-08-29,37.48579025268555,38.32980158798152,37.39847848001706,38.00966088869645,7656300
2024-08-30,37.82534408569336,37.93205520302694,37.28207033033746,37.84474341557242,12254200
2024-09-03,37.524600982666016,38.25219794530703,37.417886169358745,37.67012185549403,7459700
2024-09-04,38.66935348510742,38.81487065587569,37.46639155604246,37.46639155604246,5852400
2024-09-05,38.7857666015625,38.892481410166184,38.10667539287944,38.863378717183124,5031300
2024-09-06,38.51413345336914,38.95069237288803,38.36861257994633,38.785768469625545,6282600
2024-09-09,38.80516815185547,38.93128598455878,37.83503894805908,38.57233551461468,9216500
2024-09-10,38.10667419433594,38.85367413031748,37.74772742275364,38.85367413031748,5057200
2024-09-11,38.184288024902344,38.20369105406991,37.58280892370554,38.20369105406991,5629000
2024-09-12,38.2327880859375,38.40741162183791,37.6022026839917,38.33950288018207,4541500
2024-09-13,38.82456970214844,39.14471040282536,38.08726946290925,38.21338729081184,6328000
2024-09-16,39.05739974975586,39.319335076411164,38.7760650958661,38.921582254619594,4013200
2024-09-17,40.16335678100586,40.36708305739471,39.290238881125376,39.38725033633441,4267800
2024-09-18,39.571571350097656,40.28946489282442,39.542464957298456,40.27006186454137,3152500
2024-09-19,40.84244155883789,41.39541495713205,40.464091728505,40.56110687778878,5322800
2024-09-20,40.72602462768555,40.94915390647577,40.34767482013911,40.929750877787576,7983500
2024-09-23,40.871551513671875,41.57004214560185,40.609616138916934,40.92005724216356,7011700
2024-09-24,43.0543327331543,44.0244618836037,42.69538228294873,43.073735760253165,10905500
2024-09-25,43.4811897277832,43.59760419364532,42.18121647328403,42.578969290666286,8223800
2024-09-26,46.95425796508789,47.29380172796323,45.71248998782353,47.05126941140957,16656500
2024-09-27,49.59300231933594,49.96165244152196,47.9534853481848,48.506458681089285,16750200
2024-09-30,48.8363037109375,50.07806789341452,48.47735694583071,49.835535595227654,9416100
2024-10-01,50.281803131103516,50.83477653313739,48.97212636253678,48.97212636253678,12142200
2024-10-02,50.272098541259766,51.455657436451546,50.03926958857417,50.553436918108545,10484800
2024-10-03,50.41761779785156,50.504929577500256,49.08853807422701,49.447488557643524,6042100
2024-10-04,51.009395599365234,51.58176828011065,50.60193940708551,51.184015452343125,6426400
2024-10-07,51.736995697021484,52.76533035377905,51.14521625075562,52.22206033156735,8817600
2024-10-08,50.29150390625,50.766868899578455,49.27286886426006,50.03927191233569,8469800
2024-10-09,50.37881851196289,50.59224815773758,49.25346859008248,49.398985775224425,7827300
2024-10-10,50.4564208984375,50.7280596062083,50.010162329545395,50.38851214668216,3438700
2024-10-11,51.29072952270508,51.814600176381646,50.20418586010674,50.310900663716694,5721700
2024-10-14,50.70866012573242,51.28103657397609,50.08777795151889,50.621348338686786,4263300
2024-10-15,49.42808151245117,50.29149587395935,49.30196368526206,50.126571992135275,5008600
2024-10-16,50.13628005981445,50.34000631463747,49.41838278471269,49.83553865930233,2725200
2024-10-17,49.282562255859375,49.903444347153794,49.11764206943706,49.77733021662468,4377800
2024-10-18,50.010162353515625,50.42731822921236,49.78703306896263,49.96165663091705,3229100
2024-10-21,49.64151382446289,49.85494345177839,49.15644918110914,49.79673806305564,3430300
2024-10-22,50.20418930053711,50.42731858667178,49.44748966053695,49.76763039255646,4714200
2024-10-23,49.51539993286133,49.951958854243735,49.29227063987689,49.60271171713781,4486900
2024-10-24,50.902679443359375,51.80489988008981,49.76762637425532,50.59223840069397,8057200
2024-10-25,51.18402099609375,52.49369779089857,51.05790684976967,51.05790684976967,7170100
2024-10-28,52.01832580566406,52.299664157181105,51.32953497325955,51.32953497325955,4213700
2024-10-29,51.795204162597656,52.58101024952799,51.785504497660106,52.54220418827841,5596800
2024-10-30,51.348941802978516,51.717591956373866,51.18401790511109,51.28103305113588,5813400
2024-10-31,50.30120086669922,51.23252777286801,50.28180153807542,51.057904209258204,6325400
2024-11-01,50.184783935546875,51.58176867531806,50.15568124328579,50.834772435122204,4848900
2024-11-04,49.835540771484375,50.378814508120755,49.63181450802682,50.20419093922869,7091700
2024-11-05,49.02717971801758,49.8842311758594,48.64735115011424,49.8550110216421,7339200
2024-11-06,49.3777961730957,49.562839828354626,48.08247944064178,49.562839828354626,6280200
2024-11-07,50.11798095703125,50.70233586997658,49.845284226785346,50.00111146052791,6048600
2024-11-08,49.06614303588867,49.42649278043192,48.19935390471532,49.23170782938743,8699100
2024-11-11,49.31935501098633,49.71866244133163,48.91031000609219,49.368050314157514,3694800
2024-11-12,47.97534942626953,49.02718594659702,47.60526210115932,48.91031646052085,9384000
2024-11-13,48.238304138183594,48.287003158534446,47.65395304610973,47.88769199685382,5498500
2024-11-14,47.26438522338867,48.1506531900728,46.904035491496565,47.99482597775077,7592500
2024-11-15,46.709251403808594,47.51760763676162,46.47551243864633,47.186474340103516,6334200
2024-11-18,47.85847854614258,47.86821983690666,46.58264438187384,46.757946748274804,4904600
2024-11-19,47.89743423461914,47.9558708310681,47.166993497468845,47.56630095183579,3360300
2024-11-20,48.6083984375,48.637614879518814,47.89743653173562,48.03378488144195,3206000
2024-11-21,48.764225006103516,48.939531086316386,47.88769460503918,48.121437283727616,3347300
2024-11-22,48.77396774291992,49.18301279873542,48.38439783862654,48.54996263306216,3408400
2024-11-25,50.05954360961914,50.37119804935787,49.04666482286127,49.280403795058334,5146200
2024-11-26,49.5920524597168,49.91344815307814,49.42648768329202,49.83553269460986,5795600
2024-11-27,50.079017639160156,50.70233021988491,49.66997258937386,49.66997258937386,3123500
2024-11-29,51.67625045776367,52.153469675188525,50.1277158933757,50.15693233499368,4739200
2024-12-02,53.56565475463867,53.799397428262054,52.192426299537395,52.309295778742204,6710100
2024-12-03,52.49434280395508,53.44878492754524,52.07555648138206,53.14686808341636,3645700
2024-12-04,53.176082611083984,53.21504034090167,52.377467725889375,52.74755872873021,4958500
2024-12-05,52.435909271240234,53.46826691759522,52.396951537744435,53.254003098582274,2872800
2024-12-06,52.58199691772461,53.44878602141778,52.572255627113556,52.89365134342971,3063300
2024-12-09,53.73122024536133,55.133668875069816,53.61435076462356,54.05261596140746,5328500
2024-12-10,53.44878387451172,53.994177239981624,52.786517317686545,53.283215377698596,3457500
2024-12-11,53.02999496459961,53.63382489619227,52.650166399320135,53.56565072884537,4981300
2024-12-12,52.39694595336914,53.516956523113926,52.33851307456707,53.088428930759754,3585400
2024-12-13,52.465126037597656,52.883912387227596,52.036602112140635,52.54304150507019,3378800
2024-12-16,51.12111282348633,52.581994263440386,51.03345978848054,52.250860988442255,4659600
2024-12-17,52.241119384765625,52.36773014906153,50.68284734425301,51.13085009149869,5654900
2024-12-18,49.689449310302734,52.52355924000913,49.601796272674136,52.24112126151545,9479200
2024-12-19,49.94266891479492,50.46858715933194,49.58231917622572,50.176411595215995,3788200
2024-12-20,50.88737487792969,51.00424436370522,49.708931298723726,49.95241156129755,8899500
2024-12-23,50.31275939941406,50.90685181197243,49.942668374093245,50.74128330779713,2302900
2024-12-24,50.53676223754883,50.73154718884747,50.04980171690917,50.293281977229,966900
2024-12-26,50.61467742919922,50.93606943916424,50.26406526180908,50.37119717020205,1660400
2024-12-27,50.50754165649414,50.53675809647001,49.9913647357811,50.2737989910463,1747800
2024-12-30,49.3777961730957,49.74788719882737,49.173273651723136,49.699188175936335,2426900
2024-12-31,50.02058792114258,50.17641514738357,49.523886083289696,49.58232268633537,1917100
2025-01-02,48.598663330078125,50.40041584021265,48.38439950382127,49.903717724597506,3161000
2025-01-03,49.1050910949707,50.16666504836539,48.2577809332452,50.11796974531698,3050900
2025-01-06,49.6017951965332,50.624411469871426,49.35831495453774,49.747884827815945,3510800
2025-01-07,48.20908737182617,50.088755116065975,47.91691182776692,49.572578197720844,4651900
2025-01-08,47.868221282958984,48.131176698110984,47.50786781807932,47.78056823950366,2584500
2025-01-10,45.97881317138672,47.546826700400324,45.79376950416187,47.400737052707925,4817600
2025-01-13,45.64767837524414,46.0469858554036,45.28732862856706,45.94959523691161,4953400
2025-01-14,43.826446533203125,45.16071730962075,43.17392122367811,44.74193096775303,6820700
2025-01-15,43.04731369018555,44.8490662527925,42.872007593636155,44.196540894136355,5657200
2025-01-16,42.833045959472656,43.514791415651146,42.63826101267683,43.13496281276689,4027000
2025-01-17,43.24209213256836,43.69009488275002,43.0180870422639,43.04730719742436,4403600
2025-01-21,44.17705535888672,44.54714636410447,43.6608784387348,43.6608784387348,6228400
2025-01-22,42.85252380371094,44.00175087566392,42.72591303403103,43.82644479924982,5364100
2025-01-23,42.316871643066406,42.930442963349705,42.0928702406296,42.881743937208334,5766100
2025-01-24,42.365562438964844,42.706433294342304,42.053908023987255,42.472694340715954,4824500
2025-01-27,42.316871643066406,42.94991811554936,41.96625946004738,41.96625946004738,4793200
2025-01-28,42.102603912353516,42.57008554128905,41.88834010588624,42.346084159624965,4279700
2025-01-29,42.297393798828125,42.998618181828824,42.131825279413334,42.180524306732735,9646700
2025-01-30,46.98194885253906,47.45916804351081,45.31654118356801,46.26124570579686,13509200
2025-01-31,44.63479995727539,46.65081607332742,44.10888174042347,46.592379477494866,9316700
2025-02-03,43.758270263671875,44.18679416067613,43.05704596383425,43.32000507627336,6387900
2025-02-04,43.36870193481445,44.53740790463512,43.33948549301344,44.00175208540469,6377000
2025-02-05,42.394779205322266,43.018088040069834,41.89808113863708,42.85252325624601,8821400
2025-02-06,41.216339111328125,42.65774183952529,40.95337997834962,42.54087235216174,12314900
2025-02-07,41.85912322998047,42.949913686158574,41.65460071604964,41.87860209538536,9402000
2025-02-10,40.82072830200195,42.22158398941265,40.722767881505604,42.01586486420002,6426100
2025-02-11,40.4092903137207,41.01665314602927,40.311329892588866,40.53664185075252,5281200
2025-02-12,41.0362434387207,41.55544036510752,40.477860851525364,40.585619550273634,5984100
2025-02-13,41.3497200012207,42.17260016857112,41.08522240418483,42.12361996251637,5781100
2025-02-14,42.486080169677734,42.6624119101575,41.65340541281804,41.87871736188654,5918100
2025-02-18,42.926910400390625,43.4559056326683,42.47628649302095,42.79955886589034,5453900
2025-02-19,43.14242935180664,43.279575438356204,42.48608256152583,42.67221259637217,3973500
2025-02-20,44.053470611572266,44.07306344133417,43.12283175110772,43.1914047867993,4189500
2025-02-21,43.122833251953125,44.44531754283295,42.81914998549947,44.23959842859836,4168900
2025-02-24,44.190616607666016,44.47470703330436,42.73098255696738,42.85833408172771,5185200
2025-02-25,43.45590591430664,44.406137681747175,42.7603772175174,44.09265611703393,6886200
2025-02-26,42.838741302490234,44.18081837639953,42.47628329446075,44.18081837639953,3301200
2025-02-27,42.84854507446289,43.27957617336025,42.113830680940865,42.711395248633565,3051000
2025-02-28,43.798770904541016,44.14163984611843,42.71139305993773,42.71139305993773,3944800
2025-03-03,44.504093170166016,46.65925579993908,44.0142836514426,45.47391392454635,7525900
2025-03-04,44.17102813720703,44.729410760251554,43.46570114517162,44.08286226320261,3881500
2025-03-05,45.11145782470703,45.40534280091371,44.62164828537916,44.76859264195761,4868000
2025-03-06,44.46491241455078,45.43473701281512,44.22980591233247,44.758797410798906,4236800
2025-03-07,44.14163589477539,44.21020892956246,43.122831182295904,43.96530416619432,4715100
2025-03-10,44.415931701660156,44.954721478171706,43.47549822953631,43.55386581707142,3889800
2025-03-11,43.90652847290039,44.92533325023993,43.31875849817777,44.60205714827724,3276000
2025-03-12,41.917903900146484,43.86734389617879,41.800346912734646,43.65183022649133,5026000
2025-03-13,41.90810775756836,42.58404739040052,41.604428200279145,42.02566475098739,5940800
2025-03-14,42.309749603271484,43.38733290687801,41.79055265131272,42.34893526601001,9203700
2025-03-17,42.779964447021484,43.42651664266644,42.48607946342398,42.48607946342398,4643700
2025-03-18,42.388118743896484,42.98568699053125,42.143213969829795,42.809355254247215,4039000
2025-03-19,43.01507568359375,43.308960674074804,42.54485895143399,42.62322653831875,4339200
2025-03-20,42.00606918334961,42.90731698583644,41.95708897442322,42.564451786401314,3908400
2025-03-21,41.07543182373047,41.575035952847735,40.06642528116882,41.5162611946872,7760300
2025-03-24,40.65419387817383,41.55544168366462,40.321123224633666,41.144003442971105,5573300
2025-03-25,39.44926452636719,40.859914789513546,39.35130036694347,40.712974155803835,7675300
2025-03-26,39.48844909667969,39.82151975559627,39.25333885752367,39.52763102241363,4277900
2025-03-27,39.49824142456055,39.91947793237352,39.194558161245304,39.312115142693294,3582500
2025-03-28,37.40186309814453,39.34150875611151,37.35288288325185,39.1847698262844,5782300
2025-03-31,37.84268569946289,38.00921914753446,36.61816186264187,36.67693661516116,5684700
2025-04-01,38.35209274291992,38.489238831463496,37.842690316221926,37.842690316221926,6310400
2025-04-02,38.24433135986328,38.479437856082924,37.71533613794352,38.20514569817655,5403500
2025-04-03,35.667930603027344,37.09817356495242,34.835255878647054,36.74551009774893,11130100
2025-04-04,32.68988800048828,34.45320161582828,32.072730664136955,34.286668164195454,11367000
2025-04-07,31.445772171020508,33.41480868951518,30.779632740765692,31.700475234214526,10019400
2025-04-08,30.07430648803711,32.42539003666674,29.56490411826313,32.317635076959945,11542600
2025-04-09,33.04255294799805,33.120924272469935,29.897976424096893,30.18206500140663,13193300
2025-04-10,31.073516845703125,32.32742995289053,30.417171981011496,32.22946953872248,7840300
2025-04-11,31.435977935791016,31.612309677612,30.08410249414693,31.093110867636344,5116400
2025-04-14,31.465364456176758,32.15109857379615,30.926574698386634,31.974766836781154,6795700
2025-04-15,32.004154205322266,32.3176357553367,31.308625541145602,31.308625541145602,6218300
2025-04-16,31.21066665649414,31.984566680364136,30.955965453770165,31.641697736357568,5044500
2025-04-17,32.10211944580078,32.396004438392694,31.48495834549247,31.641697257338183,5739600
2025-04-21,31.89640235900879,32.19028737034445,31.543738850625726,32.004157331503016,5564200
2025-04-22,33.24827194213867,33.34623609735383,32.160897846378575,32.20987805551094,7230300
2025-04-23,33.67930603027344,35.207509449414246,33.6303258221895,34.404222078596554,11854800
2025-04-24,35.86385726928711,36.265500966716054,33.659714206992824,33.767472910172614,11524800
2025-04-25,35.158531188964844,36.069577310205524,34.903831850648885,35.76589402414178,6978000
2025-04-28,35.30547332763672,35.746302670860466,34.70790507759457,34.73729245482605,5844600
2025-04-29,35.824668884277344,35.961814955374145,34.77647678438021,34.97240134463999,5370000
2025-04-30,35.922630310058594,36.04998183836522,35.031177085812764,35.16832689773158,5606600
2025-05-01,36.05978012084961,36.84347464703842,35.85405727145295,36.03038900696422,5783600
2025-05-02,37.294097900390625,37.44104225647625,36.4810160110474,36.588770970299954,6355800
2025-05-05,37.52920913696289,37.852481497357395,36.77490198010863,37.00021392509881,7925700
2025-05-06,38.26875305175781,38.49554499642176,37.42074609949436,37.52921262987649,6981200
2025-05-07,39.028011322021484,39.40270905882395,38.367353318138754,38.811078281717194,6677600
2025-05-08,39.20549774169922,40.300018070158444,38.90968235166891,39.175917331145214,8006300
2025-05-09,39.23508071899414,39.560476509669755,39.067449620800254,39.225218074778624,5363700
2025-05-12,41.79882049560547,41.897428133719494,40.54653170278318,40.54653170278318,7470700
2025-05-13,41.72979736328125,42.005891229214186,41.39453891400691,41.76924041884219,5162100
2025-05-14,41.828399658203125,41.907285766340514,41.39453734793746,41.78896036563109,4708700
2025-05-15,41.552303314208984,41.936863664606356,41.29593100110955,41.562165957883835,4562400
2025-05-16,41.83826446533203,41.88756640471827,41.24663366970341,41.70021753045181,3979500
2025-05-19,41.71993637084961,41.85798329683666,41.18746643218818,41.39453682116875,3595500
2025-05-20,40.369041442871094,41.71007522018525,40.28029644991658,41.61147134423435,5784200
2025-05-21,39.747833251953125,40.28029948834858,39.65908825230437,40.03378601837951,6230200
2025-05-22,39.5308952331543,39.84643213419172,38.74205298056073,39.57033828615811,6600900
2025-05-23,39.24494171142578,39.609780575583,38.81107938003603,38.84065979127944,4453300
2025-05-27,41.05928039550781,41.58188771557029,39.56047814019045,39.81685423940748,7043800
2025-05-28,40.04364776611328,41.13816815008389,39.767553889615094,41.0494231524242,6944000
2025-05-29,40.645137786865234,40.69443972328884,39.90559745602123,40.41834587011934,7771600
2025-05-30,40.585975646972656,40.74374410991388,40.04364679070575,40.30001913242392,7920600
2025-06-02,40.53667068481445,41.53258332758628,39.797130364643415,41.50300291845835,5296200
2025-06-03,41.542449951171875,42.20310422829346,40.32960416128681,40.41834915866849,6849400
2025-06-04,40.77332305908203,41.295934130049766,40.28029615988395,40.92123263344014,3916100
2025-06-05,39.69852066040039,40.733880063815874,39.48159140228646,40.664856605121024,3925200
2025-06-06,39.659080505371094,40.19154663775558,39.481590540744165,40.19154663775558,4699900
2025-06-09,41.31565475463867,41.39453710080846,39.96475837207577,39.96475837207577,4704100
2025-06-10,41.89742660522461,42.00588936094795,41.315654726814685,41.41425859983468,3218800
2025-06-11,41.256492614746094,42.390456029811595,40.990257627865574,42.390456029811595,2983200
2025-06-12,41.32551574707031,41.36495880291715,40.33946191988038,40.940955356305736,2885300
2025-06-13,39.76755142211914,41.03955796098676,39.47173227394382,40.67471910946639,4893700
2025-06-16,42.21296310424805,42.351010029739015,40.52680830454621,40.73388245427926,6156900
2025-06-17,41.167747497558594,42.25240520846439,40.9606770955397,41.63119400240771,4156000
2025-06-18,41.19732666015625,41.39453817293351,40.81276627906381,41.13816583937079,5368000
2025-06-20,41.09872055053711,41.512861319511074,40.81276406062849,41.483280910726236,6701000
2025-06-23,41.364959716796875,41.80868470113497,40.36904322289394,40.931093615889885,3227100
2025-06-24,42.03547286987305,42.30170783662905,41.47342252722034,42.17351979452506,4471100
2025-06-25,42.30171203613281,42.73557437975323,42.005892869372076,42.25240633400805,3791200
2025-06-26,43.01166534423828,43.1398533903888,42.25240347318783,42.32142693769272,4379000
2025-06-27,43.50469207763672,43.79064857894416,42.962363246482504,43.11027281929579,5912200
2025-06-30,42.9031982421875,43.65260122019324,42.59752397824804,43.425809302545794,5060500
2025-07-01,46.71923065185547,46.965744104782004,44.96405230920075,45.16126382384133,10764400
2025-07-02,47.182674407958984,47.32072510424661,46.35438903771753,46.827698187709956,5856400
2025-07-03,47.547515869140625,47.91235472521686,46.975602854456525,47.261559361798575,2373100
2025-07-07,47.66584014892578,47.71514208590909,46.80797440862675,47.02490368365266,5285200
2025-07-08,48.42510223388672,48.74063914580052,47.88277340162841,48.11942420481542,4013800
2025-07-09,48.918128967285156,49.03645436848764,48.18844750996034,48.51384706513803,3334800
2025-07-10,49.81543731689453,49.96334312669937,48.80966201193565,48.99701087562045,3145600
2025-07-11,49.11533737182617,49.79571308759719,48.88854546656916,49.79571308759719,3401000
2025-07-14,49.529483795166016,49.57878573473061,48.5631514860118,48.957574525522325,2327300
2025-07-15,49.16464614868164,49.647810434500705,48.92799156680304,49.549206552924524,2371100
2025-07-16,48.43496322631836,49.25338971327041,48.316637819571184,48.87868820349135,4567800
2025-07-17,48.24761199951172,48.6617527836808,47.94193397203215,48.45468239159626,8021600
2025-07-18,47.99123764038086,48.56315066181512,47.66584183557953,48.43496261192523,3706700
2025-07-21,47.59681701660156,48.553290399030566,47.41932703302718,48.22789084197863,5653700
2025-07-22,47.84333038330078,48.11942424105914,47.30100155063399,47.77430691886119,4209100
2025-07-23,48.01095962524414,48.27719461070537,47.67570117260743,47.744724639782916,6858200
2025-07-24,50.08167266845703,51.659357220663175,48.7800819725128,50.554978034118875,15294200
2025-07-25,51.6790771484375,51.76782213684624,49.71682852095379,50.53525494311181,6936700
2025-07-28,51.75796127319336,52.389035050390056,51.30437370452386,52.06363551818127,7655700
2025-07-29,51.61005401611328,52.2214062948909,51.3733994583464,51.767822467459006,4119400
2025-07-30,52.23126983642578,52.832763242984434,51.560752966310886,51.68893724920296,4666600
2025-07-31,51.669219970703125,52.16224686446366,51.47200846089957,51.75796496203989,4007700
2025-08-01,51.53116989135742,51.91573403270435,50.79162954195421,51.28465644155635,5586300
2025-08-04,51.669219970703125,52.22140768435705,51.47200846089957,51.78754537198658,3817900
2025-08-05,51.71875762939453,52.23396409010683,51.14410296107086,51.93672683157873,3240300
2025-08-06,52.23396682739258,52.38258168491595,51.47106513094667,51.92682340793131,2770000
2025-08-07,52.52128982543945,52.77889495625582,52.144795833521535,52.481661464915234,2895200
2025-08-08,52.14479446411133,52.69962929216848,51.0945654574579,51.61967807102021,2608100
2025-08-11,52.53119659423828,52.650089227725886,51.78811102076561,52.43211625005806,3689000
2025-08-12,53.3931770324707,53.92819957481621,52.46184443542872,52.66000135254137,5301100
2025-08-13,53.829124450683594,53.88856888174257,53.08603882621494,53.39317846543013,4584200
2025-08-14,53.621055603027344,53.79939644860903,53.14548127465243,53.32382212023413,3812600
2025-08-15,53.16529846191406,54.06690885374291,53.15539231674182,53.79939757974593,3487700
2025-08-18,52.31322479248047,53.48234642338625,52.27359265391752,53.26437344081877,4643600
2025-08-19,53.10585021972656,53.31391706350475,52.283504107895446,52.51138324200597,3902500
2025-08-20,53.12566375732422,53.58142578334999,52.67981165552112,52.67981165552112,3728800
2025-08-21,53.01668167114258,53.29410287948726,52.68972595568539,52.91760509785955,3451900
2025-08-22,54.54248046875,54.701005240292645,53.0464031735368,53.2544662275249,4015000
2025-08-25,55.701698303222656,56.028654004906876,54.928886701959414,54.98833491114239,4559000
2025-08-26,55.67197036743164,56.335795451807776,55.29547639432208,55.572893801777276,5483900
2025-08-27,56.17727279663086,56.3952420051925,55.295478478670375,55.295478478670375,3176700
2025-08-28,57.17795944213867,57.207685436416455,56.58349246998667,56.77173946261141,3126500
2025-08-29,57.098697662353516,57.51482377762125,56.74201597525045,56.969895102115466,3245400
2025-09-02,56.484413146972656,56.89063313387405,55.87013009399398,56.345704436254465,5159500
2025-09-03,54.85953140258789,56.38533472957218,54.69110048209771,56.38533472957218,5905800
2025-09-04,54.601932525634766,54.89916602079544,54.1164482525668,54.89916602079544,4841500
2025-09-05,53.20492935180664,54.79017710914674,53.11575892923571,54.592020194597026,5133700
2025-09-08,53.25446701049805,53.442713998369925,52.60055184582936,53.40308563954814,6145900
2025-09-09,53.50216293334961,53.76967420155981,53.046404674707986,53.22474552018145,4732700
2025-09-10,53.997554779052734,54.16598570455665,53.32382351797931,53.690411363715796,4945800
2025-09-11,54.20561599731445,54.40377291079433,53.363453839435934,54.126355499639764,5815800
2025-09-12,53.006771087646484,54.40377181933602,52.828430247045375,54.38395575043271,5880900
2025-09-15,52.60055160522461,52.996865427859554,51.97635865740962,52.957233289690315,5735000
2025-09-16,51.381893157958984,52.23396525508201,51.074749747743134,52.14479483144056,6442400
2025-09-17,52.224056243896484,52.65009229990939,51.20355320622919,51.66922140222676,5051100
2025-09-18,52.719444274902344,52.76898255788214,51.70884742809393,52.35285644541741,4336200
2025-09-19,53.37335968017578,53.90838220966401,52.68972230107109,53.12566448461961,15691800
2025-09-22,52.37267303466797,54.10653941288214,52.3528569653735,53.92819856876066,5920600
2025-09-23,52.58073425292969,53.55169893720774,52.422209483650185,52.51137990259044,4747200
2025-09-24,52.5014762878418,52.9770506185959,52.01599203254536,52.788799847579675,3383400
2025-09-25,52.570831298828125,52.91760307156934,52.04571489785433,52.402396595261784,2735700
2025-09-26,53.51206970214844,53.95792182102983,52.501476605389065,52.53119882013821,3285800
2025-09-29,54.740638732910156,54.978427785873826,53.59133316589808,54.423589181977775,4291300
2025-09-30,53.29410171508789,54.730734673477436,52.897787871556666,54.730734673477436,4110900
2025-10-01,54.26506423950195,54.64156199739872,53.086036461821365,53.37336001804351,3888300
2025-10-02,54.54248046875,54.93879428737096,53.83902703125004,54.4434039038591,3202800
2025-10-03,50.500099182128906,54.04709252268313,50.173139700091916,53.967832023101614,8163300
2025-10-06,51.78811264038086,52.620368659879276,51.06484311312479,51.15401353591136,5958900
2025-10-07,51.322444915771484,52.015992234808024,51.13419792355208,51.76829703368989,3172600
2025-10-08,52.778892517089844,53.68050287422158,51.362075701664445,51.45124612289852,5252500
2025-10-09,51.381893157958984,52.49156660141908,50.43074449213605,52.49156660141908,5423300
2025-10-10,49.15263748168945,51.550325271269955,49.023834915781656,51.550325271269955,6609000
2025-10-13,46.04158401489258,48.23120862964838,45.8632431722897,48.0528677870455,11891700
2025-10-14,47.597110748291016,47.96369858763421,45.48674657674724,45.48674657674724,6517500
2025-10-15,48.577980041503906,49.44986817912823,47.7457240418463,47.7457240418463,4861700
2025-10-16,48.68696975708008,49.6480283790436,48.151947197665606,49.6480283790436,4497600
2025-10-17,48.09250259399414,49.340884781959446,47.86462345569607,48.657247367065224,7964400
2025-10-20,49.27153015136719,50.192956624301935,48.9643867338793,49.430054932757635,7701400
2025-10-21,50.153324127197266,50.30194276223718,48.74641717480928,49.12291494525589,3815600
2025-10-22,50.153324127197266,50.589270107565625,49.390422441081526,49.8362745666724,4374400
2025-10-23,56.36552047729492,57.16805430543167,53.353545864999,54.057003122539115,13414100
2025-10-24,57.068973541259766,57.75261472381483,55.949393939430784,56.46460041775892,6124200
2025-10-27,58.89200973510742,59.1099827218289,57.673349797537874,58.04984756200346,6496300
2025-10-28,57.66344451904297,58.99109096992522,57.28694674891934,58.65422533971543,4666800
2025-10-29,58.238094329833984,58.85238114831072,57.574273006693765,57.68325949963412,4544300
2025-10-30,58.40652847290039,58.77311630785181,57.06897213532828,57.97058250530854,4089800
2025-10-31,58.80284118652344,58.95145982394159,57.98049505685544,58.21828034128975,4747500
2025-11-03,61.1609001159668,61.220348326332676,59.24869281378017,59.58555844679566,6581000
2025-11-04,60.961936950683594,61.50908531934954,60.00692055339039,60.713234526707375,7195500
2025-11-05,62.215396881103516,62.7326983583104,60.991781457957444,60.991781457957444,4684300
2025-11-06,62.4640998840332,63.03114109047096,61.777678785262864,62.52378603530178,5280900
2025-11-07,64.87153625488281,65.20977548199843,61.300169465689066,61.68814462134253,6105600
2025-11-10,65.78675842285156,67.05017090944528,65.20977460286056,65.51816316094154,5559900
2025-11-11,66.64229583740234,67.4779398839397,65.49826323037139,65.62759334138761,4713900
2025-11-12,66.30406951904297,67.0800198881842,66.13495368777801,66.6522514039402,4200900
2025-11-13,65.25951385498047,66.56271970412912,64.77205923419731,66.12500101374678,10241500
2025-11-14,65.04065704345703,66.14489644463151,63.697665433589535,64.69247515790559,7243600
2025-11-17,64.54325103759766,65.91609329029652,64.01600310742027,65.18987886490407,4575800
2025-11-18,64.44377136230469,64.83174653938936,62.96150702960183,63.2599491815979,5274000
2025-11-19,63.71756362915039,65.08044804588461,63.558390435776566,64.68252265224567,5769000
2025-11-20,63.15052032470703,65.57785466590722,63.090830375575834,64.31444966592903,3933500
2025-11-21,63.9762077331543,64.60294268550741,62.881918609252445,63.538492842573106,5289600
2025-11-24,65.32914733886719,65.43857700662102,64.29454440088246,64.3044946224406,6652500
2025-11-25,67.27897644042969,67.79628172827005,65.44853025833756,65.44853025833756,4986400
2025-11-26,67.89575958251953,68.0648754038848,67.05017288589778,67.30882552373582,3493500
2025-11-28,67.80622863769531,68.27378279259977,67.23917985725895,67.59731193448444,1390000
2025-12-01,69.12932586669922,70.08434229470869,68.71150760253181,68.92041673461551,4790100
2025-12-02,68.15441131591797,69.27854348923428,67.90570890316518,69.11937789176605,6094300
2025-12-03,66.53286743164062,68.63191642467908,66.52292479967788,68.30363500461452,6380800
2025-12-04,66.05536651611328,66.53287092846489,64.87154052792376,66.4234412527602,6027800
2025-12-05,65.90614318847656,66.48313464096061,65.78676329112946,66.03546571825578,4361800
2025-12-08,66.7318344116211,68.01513979528251,66.33390902610046,66.49307462643145,4117200
2025-12-09,66.085205078125,66.53286638284425,65.55795718018602,66.4632300112258,4029800
2025-12-10,66.125,66.831313955146,66.0255205509279,66.37370241757797,3392100
2025-12-11,65.85639953613281,66.67214319189267,65.5878042548808,65.97577943324245,5107200
2025-12-12,64.90138244628906,66.49307644203763,64.08563879910568,66.04541511472561,11242300
2025-12-15,66.64229583740234,67.64705570164294,65.8862459736248,66.74177528371041,8054800
2025-12-16,66.97058868408203,67.67690266013436,66.36375416004631,66.37370438218667,4667400
2025-12-17,66.1448974609375,67.23918665653957,65.98573184929523,66.9705913663575,5492900
2025-12-18,66.61245727539062,67.03027553206829,66.0951595656653,66.49307737785597,4874500
2025-12-19,66.60250854492188,67.0899707784265,66.18469027888585,66.46323578957653,8524300
2025-12-22,66.5627212524414,67.28892808950921,66.27422552614195,66.8711098334048,3970400
2025-12-23,65.85639953613281,66.76168001217384,65.70718415199043,66.61245703823572,3423300
2025-12-24,65.96582794189453,66.25432366201221,65.43858002194673,65.7469685963021,1557700
2025-12-26,65.85639953613281,66.32396131256756,65.72707700661084,66.0354655868994,2147000
2025-12-29,65.29930877685547,65.73702747812176,64.73226754557676,65.62759780280518,4111500
2025-12-30,64.7621078491211,65.37889257541964,64.46366950268923,65.18987630982267,2993200
2025-12-31,64.75215911865234,65.01081176335352,64.59299351484859,64.80190263910104,3307300
2026-01-02,64.87153625488281,65.27941185378765,63.81704045641906,64.86158603325713,3743800
2026-01-05,64.30449676513672,65.07050446493777,63.817042149678635,64.68252170919465,3828300
2026-01-06,63.44895935058594,64.3741326445416,63.220153582550346,63.93641396230159,4540500
2026-01-07,61.11116027832031,63.17041605722381,60.882354502319686,62.961506930644696,8674700
2026-01-08,61.57872009277344,62.175604376831934,60.44463388122593,60.90224921356169,7655700
2026-01-09,58.6440315246582,61.787629968613686,58.56444492853129,61.787629968613686,9774800
2026-01-12,59.57915115356445,59.81790714662185,58.2958457550387,58.39532900002001,8204600
2026-01-13,59.56920623779297,60.48442934545381,59.41003683668248,60.16609054323283,6050600
2026-01-14,59.5890998840332,60.096451138597054,58.952418516781805,59.67863290482655,5367800
2026-01-15,60.295413970947266,60.96193462017219,59.469720133360674,59.68857947246029,6884100
2026-01-16,58.6440315246582,60.08650632282748,58.30579608091436,59.907440276439694,8025700
2026-01-20,58.23616027832031,58.94247424883894,57.42041663450205,58.16652390347469,6156900
2026-01-21,59.29065704345703,59.65873936752383,58.54454976290229,58.64403301058165,9370100
2026-01-22,59.62889099121094,60.43468820004136,59.45977516676999,59.81790725958351,5236000
2026-01-23,59.63883972167969,60.444633115460384,59.260810989286384,59.57914977607095,4259500
2026-01-26,60.56401443481445,62.22534478034049,59.65873777700555,59.68858085306479,6707900
2026-01-27,60.03676223754883,60.77292306520069,59.74827031654936,60.62370009631656,3745100
2026-01-28,60.942039489746094,62.37456786150518,60.68339064201058,60.68339064201058,11044700
2026-01-29,52.43641662597656,56.266436120075035,51.65051607843325,55.21193650710941,18123300
2026-01-30,52.45631408691406,54.12759465659856,51.89921929871997,51.9290661697164,8627800
2026-02-02,55.35121154785156,55.420847923822144,53.122839926997266,53.28200932848686,9614600
2026-02-03,56.64446258544922,56.64446258544922,54.575260396180106,55.052768593703746,7187900
2026-02-04,57.20155715942383,58.93252768930751,56.6743092382347,56.99264803535619,7315800
2026-02-05,56.64446258544922,57.34083012992454,56.16695438792558,56.962801383798315,5666300
2026-02-06,57.5,57.669119622638,56.70415299760961,56.91306212419374,5516000
2026-02-09,57.18000030517578,58.06999969482422,55.72999954223633,57.40999984741211,4678000
2026-02-10,57.02000045776367,57.290000915527344,55.81999969482422,57.22999954223633,3809700
2026-02-11,57.709999084472656,58.09000015258789,57.310001373291016,57.75,4416900
2026-02-12,56.83000183105469,59.220001220703125,56.33000183105469,57.869998931884766,7014700
2026-02-13,57.150001525878906,58.060001373291016,56.0,56.56999969482422,4635700
2026-02-17,57.52000045776367,57.790000915527344,56.349998474121094,57.65999984741211,4878900
2026-02-18,58.84000015258789,59.27000045776367,57.56999969482422,57.56999969482422,2790200
2026-02-19,58.09000015258789,58.650001525878906,57.31999969482422,58.54999923706055,3251700
2026-02-20,58.0099983215332,58.369998931884766,57.459999084472656,57.939998626708984,2821300
2026-02-23,55.720001220703125,58.0,55.040000915527344,57.72999954223633,5578900
2026-02-24,55.04999923706055,56.06999969482422,55.02000045776367,55.75,3923100
2026-02-25,55.06999969482422,55.81999969482422,53.630001068115234,55.38999938964844,5841000
2026-02-26,55.95000076293945,56.7599983215332,55.470001220703125,55.650001525878906,5596300
2026-02-27,56.720001220703125,56.72999954223633,54.849998474121094,55.0099983215332,5698800
2026-03-02,56.36000061035156,56.599998474121094,54.25,55.65999984741211,5594000
2026-03-03,55.70000076293945,56.290000915527344,54.52000045776367,54.97999954223633,4100100
2026-03-04,56.06999969482422,56.9900016784668,55.849998474121094,56.459999084472656,2712000
2026-03-05,55.13999938964844,56.41999816894531,54.36000061035156,55.84000015258789,3668300
2026-03-06,53.599998474121094,54.630001068115234,53.369998931884766,54.470001220703125,3745400
2026-03-09,53.90999984741211,54.11000061035156,51.470001220703125,52.9900016784668,4716400
2026-03-10,54.310001373291016,55.290000915527344,54.040000915527344,54.5099983215332,3174700
2026-03-11,54.779998779296875,55.20000076293945,53.38999938964844,54.41999816894531,3307200
2026-03-12,53.68000030517578,53.880001068115234,52.95000076293945,53.650001525878906,3644900
2026-03-13,53.68000030517578,54.470001220703125,53.369998931884766,54.119998931884766,2645800
2026-03-16,53.70000076293945,54.5,53.25,54.34000015258789,3484700
2026-03-17,54.150001525878906,55.29999923706055,54.04999923706055,54.5099983215332,3848800
2026-03-18,53.93000030517578,55.16999816894531,53.75,53.900001525878906,4340600
2026-03-19,54.04999923706055,54.47999954223633,53.2400016784668,53.439998626708984,3351300
2026-03-20,52.93000030517578,54.0,52.459999084472656,53.790000915527344,7068100
2026-03-23,54.0,54.970001220703125,53.959999084472656,54.290000915527344,4004600
2026-03-24,54.900001525878906,55.09000015258789,53.529998779296875,53.70000076293945,3247500
2026-03-25,54.16999816894531,55.7400016784668,53.959999084472656,55.36000061035156,3857000
2026-03-26,52.400001525878906,53.939998626708984,52.0099983215332,53.619998931884766,3828300
2026-03-27,51.689998626708984,52.70000076293945,51.68000030517578,52.16999816894531,3503700
2026-03-30,51.619998931884766,52.310001373291016,51.31999969482422,52.09000015258789,2973000
2026-03-31,53.880001068115234,54.06999969482422,52.0,52.31999969482422,3756200
2026-04-01,54.31999969482422,54.95000076293945,53.9900016784668,54.18000030517578,3068900
2026-04-02,54.34000015258789,54.41999816894531,52.79999923706055,53.61000061035156,1958200
2026-04-06,54.380001068115234,54.41999816894531,52.91999816894531,53.459999084472656,2847100
2026-04-07,54.02000045776367,54.88999938964844,53.97999954223633,54.31999969482422,3441500
2026-04-08,54.599998474121094,56.29999923706055,54.52000045776367,55.86000061035156,2460400
2026-04-09,54.47999954223633,54.7400016784668,53.63999938964844,54.150001525878906,3338900
