Price,Close,High,Low,Open,Volume
Ticker,MAS,MAS,MAS,MAS,MAS
Date,,,,,
2021-04-12,57.63117599487305,57.767981890193525,57.29372585996589,57.35756768335053,1542600
2021-04-13,57.2663688659668,57.64030105508205,56.78299056360907,57.54909596071332,1526200
2021-04-14,56.983638763427734,57.330211166658266,56.62794759024422,57.29372912860902,1396800
2021-04-15,57.649417877197266,57.74062296848451,56.71914682077836,57.010996154660546,1821400
2021-04-16,58.90801239013672,59.54643754372952,57.94126284910099,58.20575237524475,3050700
2021-04-19,58.87154006958008,59.12690735967288,58.34256099253825,58.89889985662762,1397700
2021-04-20,57.913902282714844,59.14514133329851,57.41228650207402,58.71648614009288,1706500
2021-04-21,58.41551971435547,58.935376495365674,58.07806613578401,58.30607361795053,973800
2021-04-22,58.43375778198242,58.81680868552424,58.15102724904576,58.71648483580097,1595700
2021-04-23,59.053932189941406,59.12689624717963,58.22398517400424,58.36990980936294,1644800
2021-04-26,57.82270431518555,59.37315255665447,57.7406214747098,59.24546891127405,1627600
2021-04-27,57.97774124145508,58.461115981613574,57.59469034829959,57.813575578926155,1860400
2021-04-28,58.36079788208008,59.36402595374935,56.819465043885735,59.3549106642028,2401300
2021-04-29,59.22721481323242,59.49170427849645,58.451983951008444,58.57967451892458,1592200
2021-04-30,58.26047897338867,59.11778594443893,57.93214760771712,58.94449801304648,1992200
2021-05-03,59.40964126586914,59.66500858531606,58.67089909772089,58.88978437749859,1262600
2021-05-04,59.774444580078125,59.92036575580212,59.16338617515083,59.16338617515083,1514400
2021-05-05,59.75620651245117,60.01158077435361,58.79857912370636,59.82004833836749,1100800
2021-05-06,60.239593505859375,60.303435337303966,59.318441116526465,59.97510393037813,1410500
2021-05-07,60.978309631347656,61.29751865214672,60.16660371064369,60.358129123123135,1314600
2021-05-10,61.206336975097656,62.510540219875764,60.80504152801607,61.10601311332726,1913800
2021-05-11,58.99922180175781,60.66823138167663,58.71648777554746,60.57702977506281,2405000
2021-05-12,56.65530776977539,58.88065991934009,56.500264325675275,58.79858055184144,3011300
2021-05-13,58.160152435302734,58.579688871626324,56.70090237498413,57.02011495651552,1658000
2021-05-14,58.50672149658203,58.743851227074956,58.02334326709326,58.47936171195519,1407800
2021-05-17,58.19662857055664,58.351671981979074,56.89242554869413,58.26047038456799,2118700
2021-05-18,56.226654052734375,58.41552756744114,56.17193099717522,58.23311738224394,2359300
2021-05-19,56.03512191772461,56.06248518351053,54.539393275178796,55.442304505510805,3128900
2021-05-20,55.843605041503906,56.40906275401694,55.5152736345225,55.89832810237377,1430600
2021-05-21,55.33285903930664,56.49113756955492,55.17781560757622,56.18104722697571,1721200
2021-05-24,55.31462860107422,55.898327325767774,55.25078677050579,55.6520787739529,1303500
2021-05-25,55.6794319152832,56.135446924383174,55.396704836277,55.46054665922153,1846300
2021-05-26,55.77063751220703,56.15368845336076,55.59734958053596,55.633831616584445,1285600
2021-05-27,55.36322021484375,56.25129990580535,55.21673259109974,55.98579348889089,2741100
2021-05-28,55.21673583984375,55.7477521974561,55.19842444923082,55.647041295355315,1519700
2021-06-01,55.50053787231445,56.04071151781665,55.05192115382768,55.82098187805895,2023400
2021-06-02,54.37442398071289,55.711123930981046,54.22793636277309,55.546324924231236,2030500
2021-06-03,54.099754333496094,54.612462687587,53.77931379502674,54.264553322577456,1788700
2021-06-04,54.731483459472656,54.79557156950398,53.825092479006784,54.29202063674071,1702300
2021-06-07,54.23707962036133,54.86880665267771,53.72437134537597,54.71316163476419,1504700
2021-06-08,54.18215560913086,54.55753032048009,53.87086900758223,54.46597687577639,1576400
2021-06-09,53.4771842956543,54.026511963202765,52.93701057579758,53.96242385174011,2263600
2021-06-10,53.51380920410156,54.26455867618827,53.48634037485137,54.200470562171624,2356400
2021-06-11,53.78846740722656,54.03566588930924,53.413092710554324,53.48633476494554,2343000
2021-06-14,53.88002395629883,54.090603169602645,53.229985406218674,53.80678189768281,3872000
2021-06-15,54.429351806640625,54.69486167464597,53.8159325768538,54.09975383153605,3143900
2021-06-16,53.93495559692383,54.76810449338467,53.55958089615664,54.47512928754393,3921100
2021-06-17,54.12722396850586,54.48428730904149,53.101810671383504,53.999047742933094,3539800
2021-06-18,52.97364044189453,54.15469892699649,52.82715281143898,53.193370141307554,5785800
2021-06-21,53.632835388183594,54.15469777890165,53.17506111614737,53.211680403579464,1860100
2021-06-22,53.51380920410156,54.173001732921435,53.48634037485137,53.9349606655082,1824800
2021-06-23,52.872928619384766,53.50465585986022,52.6898182113723,53.25745733292447,1949400
2021-06-24,52.73558807373047,53.10180884207113,52.38768218560094,53.09265489450566,2536400
2021-06-25,53.083492279052734,53.63282337800698,52.85460519429007,52.85460519429007,2495500
2021-06-28,53.2025146484375,53.36731362920247,52.77220581060233,53.12926910474651,1773500
2021-06-29,53.229984283447266,53.91664559462185,53.156742226376124,53.41309466493516,1758100
2021-06-30,53.93495559692383,54.21877685556827,53.48633534842648,54.21877685556827,2550600
2021-07-01,53.85256576538086,54.34696282365492,53.468037048416974,54.00821083596665,2026800
2021-07-02,53.7701530456543,54.255392543337386,53.6785996095955,53.8250872028134,1448500
2021-07-06,53.05603790283203,53.95327504128088,52.71728592534043,53.84341019581829,2122600
2021-07-07,53.52296447753906,53.69692092778357,51.56369124613508,51.76511303376963,3092700
2021-07-08,52.65319061279297,53.00110000692426,52.12217431994647,52.89123516918709,2368000
2021-07-09,53.51380920410156,53.596208706771584,52.982789410774714,53.22083397072822,1663400
2021-07-12,53.70606994628906,53.88002288802576,53.10180813139207,53.440560067422496,1669300
2021-07-13,53.4314079284668,53.797625211761485,53.28492031664089,53.76100592821013,1667500
2021-07-14,53.51380920410156,53.715227494208065,52.918701296758066,53.358164146818076,1897800
2021-07-15,53.632835388183594,53.916653201620115,52.94617398012926,53.01026209881108,1804400
2021-07-16,54.14552688598633,54.73147724981555,53.7793096548629,53.90748586038308,1748300
2021-07-19,54.09060287475586,54.273709766567855,53.248296503752314,53.41309550041518,2642800
2021-07-20,54.136375427246094,54.45681595577164,53.678601247901135,54.36526251691858,2316800
2021-07-21,54.47513198852539,54.85966065555455,54.23709093167974,54.28286765501081,1271700
2021-07-22,53.97159194946289,54.557542508563245,53.916657774844424,54.557542508563245,1479200
2021-07-23,54.731483459472656,54.82304039704601,54.154690469190754,54.2828666892534,1168500
2021-07-26,54.310325622558594,54.82303393491499,54.08143854441479,54.71316562277742,1516700
2021-07-27,54.66739273071289,54.713169451036705,53.44971520590805,53.94410867496105,1857200
2021-07-28,54.612457275390625,54.978674498414236,54.11806035714219,54.65823399170113,2156600
2021-07-29,53.70606994628906,55.40899055896425,53.184207628538935,55.271656899539465,3354000
2021-07-30,54.66739273071289,54.92374865109804,53.44971520590805,53.742690407028306,3146700
2021-08-02,54.32863998413086,55.244188346861385,54.29201721141208,54.74979139277734,1826800
2021-08-03,55.23503875732422,55.57379070034677,54.25539871878423,54.42019771647954,2391700
2021-08-04,54.88713073730469,55.33574752575257,54.60330945810487,54.94206140954064,1493200
2021-08-05,55.38153076171875,55.56463766920736,55.06108668853292,55.225885699304975,1324600
2021-08-06,55.32658767700195,56.01324894703669,55.22587679859049,55.61040892593065,1653100
2021-08-09,54.18215560913086,55.10685797378237,54.13637888677901,55.07939263887927,1411300
2021-08-10,54.923763275146484,55.033628131684324,54.18216763529925,54.28287854235094,2269000
2021-08-11,56.718231201171875,56.718231201171875,55.18926336504362,55.33575098773791,2491800
2021-08-12,57.16395950317383,57.237480456731674,56.50225339195731,56.76877429851276,1779900
2021-08-13,57.53156661987305,57.853230844906314,57.26504924075725,57.3110002712366,2129800
2021-08-16,57.83484649658203,58.03703522638853,57.18233278509215,57.421280233722705,1170600
2021-08-17,56.355201721191406,57.448851639486925,55.95082775692792,57.20990418465823,1946800
2021-08-18,55.05936050415039,56.56657662585333,55.01340947718894,56.07029712065691,2316500
2021-08-19,55.132904052734375,55.399421503781134,54.35172230039499,54.56309990232028,1322200
2021-08-20,55.8129768371582,55.95083344431321,55.123700813061475,55.30750845398843,1360600
2021-08-23,55.93244552612305,56.07949091981047,55.26155069830927,56.01515877918714,1262300
2021-08-24,56.24491500854492,56.493054757072215,55.84972987265019,56.00596406292372,951100
2021-08-25,56.9066276550293,57.03529545954819,56.217351621383074,56.30006488565419,1547600
2021-08-26,56.7136344909668,56.96177429814848,56.39197372564207,56.879061029087914,1076900
2021-08-27,56.9709587097168,57.356951574586354,56.84229091558802,57.00771743077181,928700
2021-08-30,56.89744186401367,57.25586485955904,56.88825305898096,57.00772505360316,1184400
2021-08-31,55.80378723144531,57.072052573367905,55.61078728303179,56.970961702856854,2422500
2021-09-01,56.272491455078125,56.44710677727134,55.27993585159405,55.76702309644389,1511000
2021-09-02,56.768768310546875,56.777957114082675,56.27248877948202,56.520628545014446,885400
2021-09-03,56.23573303222656,56.59415951651357,55.88650236421239,56.46549171131763,1110100
2021-09-07,54.23223114013672,55.739450855074175,54.223042336547074,55.574024343749805,1929900
2021-09-08,53.46944046020508,54.11276546741996,53.24887058413397,53.938146626327224,2706000
2021-09-09,54.627418518066406,55.472932221953194,53.69000275120537,53.735957288531466,3050600
2021-09-10,54.71932601928711,55.16046224765234,54.53551838100849,54.81122808550687,1918800
2021-09-13,55.01342010498047,55.78540942692133,54.85718237612231,55.344273172360744,1924200
2021-09-14,54.186275482177734,54.985838053896984,54.14951325928152,54.85717027376023,2003000
2021-09-15,53.73595428466797,54.48037006832755,53.699192059197706,54.103566021854284,1769400
2021-09-16,53.432674407958984,54.05761825531374,53.41429329411455,53.65324426825319,1967900
2021-09-17,52.596351623535156,53.20291434105445,52.41254399577561,52.9180158485741,4128100
2021-09-20,52.21036148071289,52.33902577509646,51.54865538863844,52.08169368049024,2172000
2021-09-21,51.66813278198242,52.430929772142306,51.54865728743719,52.274695553447096,1946000
2021-09-22,51.93465042114258,52.486073355972025,51.87031827128836,51.93465042114258,1424400
2021-09-23,52.08169937133789,52.62393003251629,51.88870290867426,51.93465394656948,1842400
2021-09-24,51.53946304321289,52.20116558398384,51.502700817103715,51.95302581650517,1294100
2021-09-27,51.56703186035156,52.09088130080173,51.291322182089175,51.36484312690106,1416000
2021-09-28,50.59286117553711,51.640560206599986,50.28038922716403,51.30971064876903,1602000
2021-09-29,51.18103790283203,51.8243628527959,50.3630976331541,50.583667489596166,2121900
2021-09-30,51.052371978759766,51.90707444810775,50.59285467290984,51.272941828136815,6076300
2021-10-01,51.355648040771484,51.612976574890304,50.90531960022522,51.3648368430593,2979500
2021-10-04,51.456748962402344,52.37578356536418,51.06156380266165,51.11670363510254,2606300
2021-10-05,51.346458435058594,51.71407365100914,50.969654416336624,51.383220657821354,1908800
2021-10-06,51.59461212158203,51.805989700827475,50.83181507524755,51.00643042179653,1770400
2021-10-07,52.495262145996094,53.14777946065481,51.907080487012934,51.907080487012934,1721800
2021-10-08,52.2655029296875,52.60554829628998,51.870317724271025,52.5595937561594,1505900
2021-10-11,52.155216217041016,52.53202028207595,52.008170813755164,52.23792947550424,1152100
2021-10-12,52.06332015991211,52.78016614538525,51.916274739665326,52.34821868960561,1122700
2021-10-13,52.21036148071289,52.44012015092329,51.81517628748388,52.256312513587154,1206600
2021-10-14,53.81867218017578,53.83705329449603,52.476878881510146,52.58716556743165,1406400
2021-10-15,54.47119140625,54.636617945826295,53.72677197815666,54.186289364570946,1582500
2021-10-18,55.233978271484375,55.44535931544079,53.993282959016945,54.15870946812444,1873600
2021-10-19,55.00423049926758,55.748649937481716,54.9398983447621,55.53727235755808,1351100
2021-10-20,55.69348907470703,56.097866496824764,55.16963969227123,55.16963969227123,1268900
2021-10-21,56.18978500366211,56.31844930990221,55.463746697490755,55.70269769979902,1473600
2021-10-22,56.07030487060547,57.00772067470951,56.05192726195167,56.41035022996575,2261600
2021-10-25,56.529815673828125,57.04447630255634,55.60159228730333,55.914064185845696,1913100
2021-10-26,56.1346435546875,56.8514895294147,55.88650375439594,56.667681880401766,3289900
2021-10-27,59.05717086791992,60.757383634174424,57.66942652920618,57.66942652920618,4043000
2021-10-28,60.19676971435547,60.40815076948311,59.28692737201901,59.378829434896176,2062700
2021-10-29,60.242733001708984,60.7849601596157,59.74645337607562,59.80159321947523,2262400
2021-11-01,59.40639877319336,60.5919543042764,59.18583242210378,60.37138795318682,1386300
2021-11-02,58.90092468261719,59.93943827750998,58.79983382060488,59.801581683924134,1715700
2021-11-03,58.96525955200195,59.35125237665404,58.56088210997951,58.84578057412599,1383800
2021-11-04,59.43396759033203,59.88429960555362,58.9652649794034,59.02959712276681,1283500
2021-11-05,58.97445297241211,60.19677076385496,58.86417329970802,59.7096835116037,1721400
2021-11-08,58.864173889160156,59.737254027974686,58.45060407734422,59.626967342488136,2121600
2021-11-09,60.398963928222656,60.408156238846026,58.87336290195735,59.093936286846834,1176600
2021-11-10,59.435123443603516,60.55114520380862,59.24143441449423,60.219104857666906,1345700
2021-11-11,59.564247131347656,59.78560500783025,59.296769805379526,59.462789971951466,697800
2021-11-12,61.528812408447266,61.80551502794804,59.573464588180244,59.831723650239596,1917600
2021-11-15,62.01765060424805,62.54337997725839,61.01231130932171,61.335126356461345,1580300
2021-11-16,63.16135787963867,63.539510696258134,62.01766005710457,62.22057441390389,2727900
2021-11-17,62.8016471862793,63.281264260899064,62.4327196357619,63.235144798663406,1567500
2021-11-18,62.488040924072266,62.949207277755455,62.156000586473155,62.949207277755455,1280500
2021-11-19,62.34967803955078,63.105990437758784,62.30356563484421,62.67249301985198,1352700
2021-11-22,62.97688674926758,63.66863639640249,62.58028333676991,62.709409374621124,1538500
2021-11-23,62.921539306640625,63.290473802139694,62.44192235143978,62.8846451534067,1251800
2021-11-24,63.069122314453125,63.29970554364191,62.58028699446758,62.838539085264344,1016000
2021-11-26,61.870079040527344,62.59872271601302,61.45502510452561,62.31279479472115,856100
2021-11-29,62.10987091064453,62.40502408377448,61.48269152826026,62.40502408377448,1285200
2021-11-30,60.78172302246094,62.10987725297497,60.588034010445135,61.66716152175018,3170900
2021-12-01,60.56958770751953,62.294352417897805,60.541918851962905,61.62104643971244,1402400
2021-12-02,62.29435729980469,62.635622964374605,60.89240752245219,60.89240752245219,1691300
2021-12-03,63.41959762573242,63.78853210846642,62.552602646833506,62.589496798790904,2775400
2021-12-06,63.170562744140625,64.2589155787323,63.05066203002555,64.0375577077353,1252800
2021-12-07,63.27201843261719,64.065225075191,63.17056127808986,63.6962906075316,1454900
2021-12-08,63.50261306762695,63.72397097347705,63.10600967469002,63.54873252323116,1131300
2021-12-09,63.124446868896484,63.73318273994585,62.67249881782527,63.45648717559231,1033300
2021-12-10,63.37348556518555,63.76086365064204,62.9030938689365,63.36426026691064,1296500
2021-12-13,62.986106872558594,63.327372537032424,62.35892029588605,63.07833874389617,2324900
2021-12-14,62.84775924682617,63.07834245716435,62.26669209003678,62.746302071330085,1552700
2021-12-15,63.91767120361328,63.954558326280214,62.7370792098705,63.640968525721405,1981800
2021-12-16,63.41038513183594,64.21281726603989,62.976887554858216,63.834657409751614,2361200
2021-12-17,61.307456970214844,63.37348029087713,61.23366866383828,63.01377109334165,6380800
2021-12-20,59.71181869506836,60.818622188078606,59.315215341520066,60.80939689050578,1999400
2021-12-21,61.22444534301758,61.35357136492541,59.942403384903805,60.163768311180455,1708300
2021-12-22,62.211341857910156,62.414256191039364,61.02153878972619,61.19677722910463,1614200
2021-12-23,62.71862030029297,63.281243780639834,62.46036828377435,62.46036828377435,840600
2021-12-27,63.843868255615234,63.843868255615234,62.792409579500266,63.013767448987686,886400
2021-12-28,64.16668701171875,64.27736947131704,63.770083660875116,63.770083660875116,632200
2021-12-29,64.77542877197266,64.9229983451684,64.10212280315434,64.10212280315434,705600
2021-12-30,64.26813507080078,65.31959365911416,64.14823436751564,64.95065921621632,1041600
2021-12-31,64.76620483398438,65.07057632094151,63.98222342802464,64.26814431992001,838300
2022-01-03,64.02833557128906,64.74775396517138,63.00454569173647,64.74775396517138,2827700
2022-01-04,64.7569808959961,65.54096231841515,64.13901964841735,64.39727168998218,1843900
2022-01-05,63.01377868652344,64.73854361249926,61.87008794723243,64.3880526333964,3987900
2022-01-06,63.318145751953125,63.90843815886071,62.66329033294128,63.106006119701696,2386300
2022-01-07,61.8608512878418,63.26279383626268,61.657936976540405,63.253575576177894,1944800
2022-01-10,61.43658447265625,61.71328710983517,60.66182131065951,61.15066357458765,2252500
2022-01-11,62.23902130126953,62.25746486131473,60.9938663745705,61.81474201497983,1674100
2022-01-12,63.01377868652344,63.345819068388735,62.55261227135952,62.66329474426164,2186100
2022-01-13,62.84775924682617,63.99144999978801,62.63562663394608,63.15213077331444,1914300
2022-01-14,62.05453872680664,62.68172520179742,61.27055739227807,61.92541272050027,2712000
2022-01-18,60.78172302246094,62.36813630583571,60.274437250391216,61.6579362249381,2675000
2022-01-19,60.49580001831055,61.85163024913121,60.36667399983622,61.05842354316593,4209200
2022-01-20,60.08075714111328,61.79629668670642,59.99775056802363,61.17833540868112,2299200
2022-01-21,59.26911544799805,60.486594621714865,59.038532217848335,59.89630211547894,2379400
2022-01-24,59.951629638671875,60.053086805623025,57.79337083094288,58.26375899231061,2723500
2022-01-25,58.51279067993164,59.07541776078544,57.80259401246815,58.90939405940373,1796000
2022-01-26,57.49822235107422,59.555023910401374,57.10161899692744,59.195314709761305,2360000
2022-01-27,56.77880859375,58.63269597884041,56.50210593823823,58.04240354813342,2277800
2022-01-28,57.73802947998047,57.774923634872486,55.99482112316591,56.806474938688865,2396600
2022-01-31,58.41133117675781,58.66958320508126,57.44287903370486,57.8394823734416,2813200
2022-02-01,58.43900680541992,58.93706736213462,57.369100897525605,58.71570594189906,1308400
2022-02-02,58.69725799560547,58.955510050044,58.005508405427676,58.42978064298251,2020900
2022-02-03,57.76570129394531,58.586576881003204,57.6734659076117,58.17152643855252,1604300
2022-02-04,56.68656921386719,57.63657432621127,56.10550212238644,57.50744478746204,2227900
2022-02-07,55.63511276245117,56.84336996554703,55.339966555628116,56.72346571951882,4915600
2022-02-08,54.55598449707031,55.3676347976021,53.45840625412756,54.65743814582158,4026600
2022-02-09,55.86569595336914,56.35453119868921,55.28462531940922,55.54288088918047,2762600
2022-02-10,53.744327545166016,55.46908873127881,53.4768502142915,54.84190220570687,2687400
2022-02-11,53.24626541137695,54.1317039433678,53.034129316322066,53.845783063190325,2425300
2022-02-14,52.80354690551758,53.35694511637334,52.30548640469539,53.05257715592868,1910400
2022-02-15,53.5229606628418,53.87344804261796,53.25548687778971,53.550633033889724,2470500
2022-02-16,54.12248229980469,54.2885024647701,53.17248075905148,53.52296464649404,2166200
2022-02-17,53.26472091674805,54.21472260547254,53.21860497894579,53.7996756468317,1673500
2022-02-18,53.089473724365234,53.74432912464542,52.72053922139095,53.35694754468041,2174300
2022-02-22,51.567630767822266,53.25550161357106,51.12491141117193,53.01569309637254,2305000
2022-02-23,50.802085876464844,51.83509749642958,50.691403421225075,51.83509749642958,2241400
2022-02-24,51.31195831298828,51.36758230666319,49.6896289629755,50.02336585223027,2098100
2022-02-25,52.49857711791992,52.53565624281514,50.99676116315096,51.33977047551023,1774200
2022-02-28,51.95163345336914,52.035067694297176,51.33051109614974,51.78476497151307,2938600
2022-03-01,50.5981330871582,52.47076144099847,50.17168957063499,51.858911697566235,3087000
2022-03-02,52.109222412109375,52.36879753546921,50.579599584999485,50.616678714281484,2668400
2022-03-03,51.67351531982422,52.739615473342226,51.48810552117829,52.498585210580956,1909500
2022-03-04,50.82990264892578,51.460290288144456,50.227321704575616,51.14509470033628,1972600
2022-03-07,48.14146423339844,50.91332778761937,48.10438157149114,50.91332778761937,1911000
2022-03-08,48.651344299316406,49.79160976691003,47.82627442298915,48.40104160598156,2445000
2022-03-09,50.16242980957031,51.17290949040312,49.41152172280173,49.41152172280173,3091600
2022-03-10,49.92138671875,49.93992804864534,48.57717389711004,49.48567784359927,4177100
2022-03-11,49.81014633178711,50.85770856959525,49.7730636689768,50.27366900772378,2441600
2022-03-14,50.16242980957031,50.959689461507836,49.9306684473279,50.5796009688862,1936900
2022-03-15,51.59008026123047,51.73840739049275,50.39419079232959,50.570328153204265,2840400
2022-03-16,52.025787353515625,53.24948701026336,50.87625302694538,52.04432868606,3013600
2022-03-17,52.776695251464844,52.83231924893321,51.46956137033758,51.59007826332025,1991900
2022-03-18,53.212406158447266,53.61103595424882,52.10921989436496,52.60055634988633,5318200
2022-03-21,51.80329895019531,52.82304749547886,51.26561091026199,52.582017242803744,2275000
2022-03-22,51.17290496826172,52.23900501852706,50.50543117234086,51.91454055461966,2667500
2022-03-23,49.46714401245117,50.82062947241282,49.43006134703911,50.82062947241282,1813200
2022-03-24,49.059242248535156,49.57838896022039,48.79040176264594,49.53203739619794,2720300
2022-03-25,48.484474182128906,49.61547071272601,48.03949281018847,49.32808536284053,3510700
2022-03-28,49.049964904785156,49.08704756417721,48.38249118131626,48.49373915949244,1788700
2022-03-29,50.89479064941406,51.25633776667962,49.65254975067755,49.717442641653555,2342000
2022-03-30,49.4578742980957,50.894797602464465,49.30954716468705,50.63522246670096,1785800
2022-03-31,47.27931213378906,49.44859836138351,47.27004323644431,49.29099881534428,2527200
2022-04-01,47.7891845703125,47.9282427800535,46.7879774839277,47.77991567331512,2806400
2022-04-04,48.16927719116211,48.382497204615355,47.56669981481097,47.87262295188824,1414500
2022-04-05,47.07536315917969,47.705754299077746,46.82506048277333,47.39055872912871,1995800
2022-04-06,47.05682373046875,47.214423290016114,46.14831964772941,46.46351523042654,2360600
2022-04-07,46.9641227722168,47.24223570240471,46.463517376039896,46.75090274119281,2877800
2022-04-08,46.973384857177734,47.798458165893074,46.52840352614317,46.95484706273223,1968600
2022-04-11,46.482051849365234,47.18660827401462,45.78676785831235,45.88874340949033,2232800
2022-04-12,46.04633712768555,47.63158723614493,45.842389571865105,46.8714103932941,1891600
2022-04-13,46.769439697265625,46.85287392215262,46.02780410737982,46.19467255715381,1563900
2022-04-14,45.78677749633789,47.14026310175819,45.758967262488895,46.90850172262192,1693500
2022-04-18,45.58281707763672,46.259563279066946,45.221269965561326,45.666251298607754,1261400
2022-04-19,47.297855377197266,47.47399272504749,45.51792642126877,45.79604286241827,1760100
2022-04-20,48.076576232910156,48.41958204944504,47.60378108649944,47.71502908353587,1941300
2022-04-21,48.35468292236328,49.374431342355805,48.11365269930226,48.827474471458714,1741000
2022-04-22,47.21442413330078,48.19709356429541,47.168072568981664,48.19709356429541,1849600
2022-04-25,48.41030502319336,48.54935969154533,46.32445317034045,47.029006017956064,2529100
2022-04-26,48.88309860229492,50.05117766922381,47.97459462601534,48.002404853571726,4278200
2022-04-27,50.89479064941406,52.0535973259818,49.634008419484786,50.25512710065438,5787200
2022-04-28,51.043113708496094,51.469553682867975,49.77305914564494,51.35830924094423,3423300
2022-04-29,48.84601974487305,51.44174963510951,48.65134106402455,50.76500339643099,2918400
2022-05-02,49.059242248535156,49.60619919135432,47.85408390196344,49.059242248535156,2717000
2022-05-03,49.95847702026367,50.11607658028219,48.938728474817225,49.04997293480831,2458600
2022-05-04,51.738407135009766,51.91454449501468,49.76379936313303,50.06972251855185,1986100
2022-05-05,50.0975341796875,51.3119613883314,49.485684358182105,51.12655513776419,2184500
2022-05-06,49.189029693603516,50.02336842322468,48.382497657652955,49.73598661546076,1861800
2022-05-09,49.83796310424805,50.33856850872278,48.60499446329862,48.66061846481731,1935100
2022-05-10,49.30027770996094,51.451022888326925,49.09632657767524,51.10801705926279,3401400
2022-05-11,48.54009246826172,49.81014353892498,48.178545367126695,49.1890248854668,2534700
2022-05-12,50.57959747314453,50.588866370978614,48.382497364729794,48.382497364729794,3155100
2022-05-13,51.33049392700195,51.84964053428632,50.81135085611452,50.84842997803724,2108100
2022-05-16,51.26560592651367,51.71985969320765,49.6710903672471,50.97822413815375,2223600
2022-05-17,52.109222412109375,52.47076956149176,51.21925965418388,51.988709053247014,1925700
2022-05-18,50.35710525512695,51.29342307854011,50.17169547001962,51.10801329343277,3204600
2022-05-19,50.041908264160156,51.11728074365076,49.93993270841923,50.05118069817156,2647100
2022-05-20,50.32929229736328,50.99676253661775,49.1241340640788,50.45907807898506,2000200
2022-05-23,50.77427291870117,51.395391589519754,50.282940027671714,50.87624847036327,2126400
2022-05-24,50.570316314697266,51.015297598314035,49.51348532405783,50.66302295903215,1864700
2022-05-25,51.682777404785156,51.92380763577024,50.26439917447137,50.459077846005165,1965600
2022-05-26,53.2108039855957,53.453050870131364,52.11136843541869,52.32566471326702,1537900
2022-05-27,53.890968322753906,54.20775493071566,53.45305648268219,53.807112939639076,1440700
2022-05-31,52.81948471069336,53.46237718356471,52.20454640245676,53.06173518153572,3010500
2022-06-01,51.8691291809082,53.10832514021943,51.63619793029321,52.884709575759544,2333200
2022-06-02,52.968563079833984,53.00583293162344,51.99957181304901,52.34430905647973,1958500
2022-06-03,52.48406982421875,53.2201298571165,52.29772411738754,52.45611565793239,1615300
2022-06-06,53.10831832885742,53.43442061619492,52.353619894128464,52.73562695397312,2458800
2022-06-07,53.22944641113281,53.35988733305749,52.04615531985408,52.37225762466577,1677100
2022-06-08,52.52132797241211,52.93128917467653,52.30703168679579,52.800844712161734,1522500
2022-06-09,52.828800201416016,53.31329755447068,52.213861936817445,52.698359289872116,1392800
2022-06-10,50.98398971557617,52.02752065035007,50.90013432903416,51.77595449072404,2038500
2022-06-13,48.710567474365234,50.7603625797403,48.44037000540607,49.903177538977644,3133500
2022-06-14,47.713626861572266,49.176434534895165,47.322304145816226,48.8316973489794,2517100
2022-06-15,47.471378326416016,48.21675744073723,46.781900424263895,47.927921478954275,2628700
2022-06-16,44.45258712768555,46.362622161133714,44.08921504257198,46.26945110750127,3447900
2022-06-17,44.368743896484375,45.151393045563324,43.59541398786703,44.22898727779993,6118900
2022-06-21,44.0333137512207,45.16070349289066,43.94014269023886,44.76937721742098,2220300
2022-06-22,44.09853744506836,44.48986016350406,43.110907856150256,43.15749338630953,2191100
2022-06-23,46.14833450317383,46.1856043532785,44.00536788163454,44.00536788163454,2806100
2022-06-24,48.26334762573242,48.393788539043456,46.586243568129426,46.61419417691084,4187900
2022-06-27,48.16085433959961,48.72920704462422,47.97451222026205,48.26334463778412,2123600
2022-06-28,47.74158477783203,48.72921088341753,47.601824623070726,48.300618288380484,2082400
2022-06-29,47.005523681640625,48.123594314491314,46.46512151330084,47.499336759831515,2310000
2022-06-30,47.1452751159668,47.45274601681678,45.99925399818153,46.548971791679975,2690400
2022-07-01,48.086326599121094,48.5708240133432,47.322312402837824,47.35026301476932,2048900
2022-07-05,49.06462860107422,49.15779966084715,47.3875246454248,47.46206078239352,2776700
2022-07-06,48.83169937133789,49.88454944972266,48.25403095804858,49.4093677846272,1945500
2022-07-07,48.86896514892578,49.22302155853787,48.19812217371296,48.81306038290873,1344000
2022-07-08,48.97145462036133,49.18575088845568,48.41241763232364,49.01804014746916,1320700
2022-07-11,49.1112060546875,49.45594673850101,48.66397864367682,48.75715324237541,1022800
2022-07-12,49.20439147949219,50.26655725862457,48.85965071982773,49.15780239276845,1339300
2022-07-13,49.549129486083984,49.68888964001841,47.82543987688399,48.38447338412497,1662000
2022-07-14,49.44664001464844,49.726156772984666,48.35652359086261,48.46832958334742,2132300
2022-07-15,49.94044876098633,50.27587026372884,49.092579319830804,50.16406428089737,1641800
2022-07-18,49.43732452392578,50.294509726760346,49.23234390835733,49.96840743312729,1250500
2022-07-19,50.61129379272461,50.7137840953601,49.58639787486627,49.95908568397464,1455500
2022-07-20,51.058528900146484,51.15170353198589,50.53676517884092,50.741742260390055,1226600
2022-07-21,52.456111907958984,52.47474683273481,50.68583670523744,50.983988393153666,1628200
2022-07-22,52.46542739868164,53.34124747507491,51.94366020498561,52.84743444366946,1690400
2022-07-25,51.62687301635742,52.6145026219658,51.300770745483426,52.297716035581836,1699000
2022-07-26,51.34736251831055,51.57097451573592,50.68583865740828,51.30077698170098,1524400
2022-07-27,50.23860168457031,50.872174860334766,49.250975628539045,50.82558932916789,3480200
2022-07-28,51.5057487487793,52.1206870097362,49.86591457097696,50.44358298478539,3504600
2022-07-29,51.59892654418945,51.9809336153653,51.05852439000248,51.72936746299363,1704900
2022-08-01,51.2728157043457,51.71072750708038,50.68583162683749,51.105104952415324,1133100
2022-08-02,49.59571838378906,51.23555627696982,49.51186299658949,51.05852626274373,1387500
2022-08-03,48.66399383544922,49.90318972813236,48.542868596452315,49.800699414692566,1944700
2022-08-04,49.278934478759766,49.47459587493579,48.09564330711381,48.32857455615635,2240100
2022-08-05,49.12053680419922,49.15780309816534,47.96519638928895,48.70125989740725,1175300
2022-08-08,49.36278533935547,50.02430917289236,49.12053842645762,49.56776595705644,1369300
2022-08-09,47.70431137084961,48.99009261429689,47.39684047500973,48.99009261429689,1855200
2022-08-10,49.987037658691406,50.21064962351989,48.82238164198609,48.82238164198609,1648600
2022-08-11,51.2889404296875,52.24428638147734,50.29613266298327,50.352327171802884,2479800
2022-08-12,52.056949615478516,52.0944114181788,51.37321901599895,51.52307694548471,1512300
2022-08-15,51.92582702636719,52.16934842403701,51.39195786526181,51.97266053792351,973800
2022-08-16,52.48780059814453,52.721953880356565,51.288933363649946,51.39196137948653,1409200
2022-08-17,52.72195053100586,52.83434309891675,51.494986123919716,52.01012259748119,2228800
2022-08-18,52.72195053100586,52.9935691786112,52.337939315489635,52.79687771864801,1255600
2022-08-19,51.869632720947266,52.806245789212646,51.71977477294062,52.478429071582575,1539100
2022-08-22,49.631126403808594,51.12034127558755,49.57492833534508,51.08287589661187,1121800
2022-08-23,49.041053771972656,49.90273595584268,48.90992853293981,49.6498500350387,983000
2022-08-24,49.200279235839844,49.528095926173236,48.685142805767384,48.984858676823904,697700
2022-08-25,49.912113189697266,50.024505761811675,49.10662534827055,49.46253932834419,1042100
2022-08-26,47.7766227722168,50.033859733197104,47.73916097136952,49.89336994100678,1244200
2022-08-29,47.570579528808594,48.001420691175966,47.13037023475324,47.420721577859275,1556600
2022-08-30,47.823463439941406,48.554020472875905,47.626771984778465,47.83282799833239,2199400
2022-08-31,47.64551544189453,48.301145437181695,47.26150414896714,47.87966875643309,2745600
2022-09-01,47.551841735839844,47.664234293767855,46.84938199622355,47.41134835875859,1904300
2022-09-02,46.699527740478516,48.16064182733841,46.47473903401799,48.16064182733841,1745900
2022-09-06,46.13755798339844,46.85875047178277,45.519393503768335,46.77445515306525,1796300
2022-09-07,47.626766204833984,47.68296426704542,45.80973840140169,46.25931218040881,1723600
2022-09-08,47.935855865478516,47.95458855510115,46.736992312791934,47.43008396435315,1338300
2022-09-09,48.96612548828125,49.06915348782274,47.98268257311296,47.99205070374127,1171100
2022-09-12,49.35950469970703,50.19308967921583,49.03168801337432,49.30330663473415,1348800
2022-09-13,46.29678726196289,47.90776298750565,46.259321879300145,47.82346766296223,1996900
2022-09-14,45.556861877441406,46.46537775299724,44.8731347242019,46.40917967919428,1946200
2022-09-15,45.88467025756836,46.68078984050819,45.360165716297075,45.491290958391176,1697900
2022-09-16,45.678611755371094,46.371703303487976,45.1728399297325,45.41636128558575,5875700
2022-09-19,46.2686882019043,46.54967141509493,45.33207510933858,45.481933061233285,1433100
2022-09-20,45.26650619506836,45.97833047453319,45.04171751198241,45.74417723389549,1868800
2022-09-21,44.59214401245117,46.23121670771223,44.59214401245117,45.650517667516034,1338500
2022-09-22,43.64616394042969,44.25496381358409,43.458844200592964,44.24559925575026,1364100
2022-09-23,43.78666687011719,43.84286494806464,42.95308169815689,43.393291043172425,1593300
2022-09-26,42.70955276489258,44.03954512620929,42.70018820666074,43.67426661594972,2068100
2022-09-27,42.98117446899414,43.66490160136414,42.400475349003734,43.18723049375333,1797000
2022-09-28,45.762908935546875,46.01579485873242,43.29961589672015,43.430741136987876,4130500
2022-09-29,44.28306579589844,45.30397420792921,43.9833498926321,45.097921757493225,2267600
2022-09-30,43.730464935302734,44.60151541573786,43.63680505321324,44.42356021060963,2564600
2022-10-03,45.453826904296875,45.66924746155717,44.254963429841325,44.33925874119492,1779300
2022-10-04,47.121009826660156,47.514385642717244,46.221858468866245,46.221858468866245,2208500
2022-10-05,46.74635314941406,47.298954944152634,46.296779352949706,46.39980735122392,1018800
2022-10-06,47.37388610839844,47.5893066644372,46.64332555651158,46.64332555651158,1361600
2022-10-07,45.538124084472656,46.652695866210095,45.322703518371796,46.652695866210095,1957700
2022-10-10,45.84720230102539,45.997060222539254,45.09791269345607,45.80973692742325,1463700
2022-10-11,45.6879768371582,46.39980465317335,45.360163746160914,45.85656744764101,1194300
2022-10-12,45.35080337524414,45.903405232394526,45.21031355773526,45.79101266380836,1227100
2022-10-13,45.5193977355957,45.90340898481052,43.41201814463487,44.32990217729041,1381700
2022-10-14,43.917789459228516,45.884679192321215,43.77729963229762,45.69735585018445,1325200
2022-10-17,44.77947235107422,45.34143876627708,44.17067242385834,44.91996216842727,1721600
2022-10-18,45.57559585571289,45.95960710530504,44.73264258934203,45.19158460612075,1833900
2022-10-19,43.412017822265625,45.12602159184247,42.98117663325237,45.06045895755331,2122800
2022-10-20,41.83849334716797,43.69298989232402,41.66990632504818,42.98116214162092,2037000
2022-10-21,43.44947814941406,43.5431415967103,41.744842710469634,41.83850258487068,1884200
2022-10-24,44.095741271972656,44.376724454315806,43.37454884112506,43.92715064798776,1472600
2022-10-25,45.27587890625,45.603692073019936,44.37673115777057,44.56405449859434,2332700
2022-10-26,42.681453704833984,44.39545719298396,39.64682961546962,39.64682961546962,3941000
2022-10-27,43.10293960571289,44.02082010685297,42.3911115776315,42.484775040745255,3506800
2022-10-28,44.114479064941406,44.18940983384914,42.65336480019773,42.88751809369083,1637000
2022-10-31,43.33707809448242,44.151930294184105,43.26214734959766,43.83348177421299,2584600
2022-11-01,42.765750885009766,44.18940312195795,42.50350037945713,43.79602379073383,2237400
2022-11-02,41.32337188720703,43.365188875101396,41.285910075964395,42.72829163633275,1905300
2022-11-03,40.190059661865234,40.8175921669204,39.89970837470303,40.67709880183344,3019300
2022-11-04,40.78949737548828,41.089213263912036,40.06830490243886,41.0049179469869,2613800
2022-11-07,41.744850158691406,41.78231554429457,40.59281634811283,41.16415097342568,1827200
2022-11-08,42.653350830078125,43.22468525073721,41.7261025194701,42.147579024291936,1600500
2022-11-09,42.45545196533203,42.98320139500834,42.05021650227679,42.28581834847175,2355900
2022-11-10,47.290000915527344,47.431363455443716,44.99052828521228,45.26382368338588,3467500
2022-11-11,48.157020568847656,48.477439254376165,47.063828040867925,47.17691952634802,2718400
2022-11-14,46.85649490356445,47.90256764421102,46.75282951917623,47.65753971838454,1758000
2022-11-15,48.0062255859375,48.326644205183975,47.39366301046527,47.798898428776944,1896700
2022-11-16,47.4407958984375,48.20414730311122,46.828229556970996,47.76121460712776,1904900
2022-11-17,46.24393081665039,46.488958753776934,45.16016086897305,46.41356443619987,1209700
2022-11-18,47.05440902709961,47.36540164766653,46.234515469241934,47.21461658420995,1381300
2022-11-21,46.72455978393555,47.148640230369914,46.48895793813917,46.97900661379662,1146600
2022-11-22,47.36539077758789,47.40308793355063,46.50780025192818,47.1203664538274,1228700
2022-11-23,47.761207580566406,48.26068235489587,47.384243180507106,47.384243180507106,855300
2022-11-25,47.99681091308594,48.04393056579777,47.42194180300397,47.629272588934924,444000
2022-11-28,46.91304016113281,47.78947934828527,46.67743830641439,47.53502891378949,1194700
2022-11-29,46.997859954833984,47.19576825755478,46.34760008874918,46.649170194324675,1347700
2022-11-30,47.855445861816406,47.97795982847099,45.97063109174094,46.74340485987197,3728000
2022-12-01,48.77900314331055,48.87324603586836,47.99680690757387,48.47743307712306,2064200
2022-12-02,47.98738098144531,48.38319394151551,47.35596977668887,47.798902385696316,1794900
2022-12-05,46.564353942871094,47.21461381685195,46.34760065154415,47.18634274254821,1536900
2022-12-06,45.63136291503906,46.72455891029286,44.9245573908656,46.66801317415941,1437300
2022-12-07,46.10256576538086,46.5078012128565,45.50885172419455,45.687907826219174,1139700
2022-12-08,46.790531158447266,47.00728443975035,45.85754620457831,46.064876993215655,1234300
2022-12-09,46.47953414916992,47.10152290902503,46.29105194421403,46.61147061413933,987900
2022-12-12,46.79995346069336,46.89419276696375,46.149693619429875,46.639745921033885,1082600
2022-12-13,48.458580017089844,49.335019064329956,47.94968282433626,49.335019064329956,2317900
2022-12-14,47.2523078918457,48.524560077375476,46.88476956991456,48.22298639284324,2255800
2022-12-15,45.74446487426758,46.5455098806383,45.51828547288076,46.3004854912189,3276000
2022-12-16,44.68895721435547,45.593671051201575,43.9444581000223,45.376917780446455,3750200
2022-12-19,44.25545120239258,44.68895774909002,43.92561004620952,44.462781983421344,1515900
2022-12-20,43.850215911865234,44.085817765842584,43.52037475429653,43.85964199922376,2233000
2022-12-21,44.40623474121094,44.585294444219116,43.94445713818731,44.18948147520001,1427600
2022-12-22,44.2271842956543,44.35912077055301,43.1057206640159,43.737131963888125,1202600
2022-12-23,44.41566467285156,44.4439357463005,43.77482731134857,44.14236564618134,777400
2022-12-27,44.53816604614258,44.57586319978261,44.01042027517587,44.26487066974843,896500
2022-12-28,43.482669830322266,44.811463905676774,43.435550186940574,44.604136755797654,1335600
2022-12-29,44.50989532470703,44.76434572125927,43.633456268248814,43.83136093390107,974900
2022-12-30,43.98215103149414,44.26487612363056,43.43555661636144,43.94445746820832,1233800
2023-01-03,44.68895721435547,45.08477019203794,44.31199641108528,44.670112229941054,1332100
2023-01-04,45.92351150512695,46.11199370139546,45.14131524386113,45.546550707588814,1196700
2023-01-05,45.36749267578125,45.65964027051692,44.60414496550263,45.32979551613813,1753100
2023-01-06,46.79995346069336,47.08267497450361,45.60309557706418,45.791577784604044,1391000
2023-01-09,47.45963668823242,48.38319549811079,47.20518626178651,47.3842423715082,1820600
2023-01-10,47.88372802734375,47.89315052087034,46.92247191265693,47.092105556131045,1446400
2023-01-11,48.71302795410156,48.7695736815549,47.4219310680686,47.46905071011393,1431900
2023-01-12,48.88267517089844,49.26906209539949,47.62927508702886,49.26906209539949,1306300
2023-01-13,49.00518798828125,49.18424411173104,48.10990018103397,48.40204778824073,1445100
2023-01-17,47.99681091308594,49.05230623282714,47.9402651728323,48.43974355757514,1656800
2023-01-18,47.48790740966797,48.7884306035889,47.43136526754023,48.63764556625016,2144200
2023-01-19,45.46173095703125,47.007278395417295,45.405185223310305,46.95073266169635,2012100
2023-01-20,47.2523078918457,47.34655079169923,45.28267622239506,45.74445744417973,1797400
2023-01-23,48.1852912902832,48.24183343339199,47.27115496336931,47.46905965424791,1590300
2023-01-24,48.175865173339844,48.82612857868059,47.68581289503918,47.69523898221744,1299100
2023-01-25,48.364349365234375,48.43031759820535,47.271156882430915,47.582153062150404,1060300
2023-01-26,47.666969299316406,47.95911330037255,46.715135786523156,47.49733567515521,2225100
2023-01-27,48.100467681884766,48.35491807490591,47.2899968585578,47.55386974243228,1007400
2023-01-30,47.49733352661133,48.27010729283407,47.478484947557256,47.65754105607267,1064200
2023-01-31,50.13607406616211,50.145496558300025,47.84602381176512,47.94026311313992,1773900
2023-02-01,51.21982955932617,51.822973183324955,49.88161306935579,49.94758128534035,3233700
2023-02-02,53.42507553100586,53.83973709804426,51.79471112014775,52.01146439610009,2739200
2023-02-03,52.19993591308594,53.048103858387236,51.79470051644179,52.247055555603055,1947000
2023-02-06,51.191566467285156,51.65334764610031,50.87114782759675,51.52140759858261,1338800
2023-02-07,51.370628356933594,51.587385233354475,50.19261904812023,50.64497778630378,1648200
2023-02-08,51.00308609008789,51.36120189891855,50.362248787969364,51.12560005534553,3156800
2023-02-09,50.8900032043457,53.36853584849046,49.17482190246584,49.476392004224984,4451200
2023-02-10,51.888954162597656,52.58633364454194,50.739215952636656,51.389475782287256,4489200
2023-02-13,53.30256271362305,53.330833784626925,51.973768451457886,52.190521717484955,2856000
2023-02-14,52.237640380859375,53.302561706877825,52.00203854028,53.12350200723827,1688300
2023-02-15,52.93502426147461,53.142355048996556,51.74759246702864,51.74759246702864,1526500
2023-02-16,52.59576416015625,53.09523898751953,51.57796232892616,51.90780711275043,1114200
2023-02-17,51.860679626464844,52.34130942807428,51.20099730268568,52.34130942807428,1351900
2023-02-21,49.787384033203125,51.23868867851125,49.47638786956638,51.16329795687133,1984300
2023-02-22,50.265872955322266,50.58802950047889,49.69736310598585,50.11427008786605,1196600
2023-02-23,50.483802795410156,50.77753493794187,49.50785954381718,50.569079635855005,1733700
2023-02-24,49.72578811645508,49.934243417169036,49.299403917039044,49.5931360576362,1543800
2023-02-27,49.68789291381836,50.540661422804696,49.34678912472181,49.83949580269393,1480900
2023-02-28,49.67842102050781,50.171131329897044,49.48891649928148,49.593144166680865,1862700
2023-03-01,48.901451110839844,49.848970012845655,48.787749854658514,49.48891181802407,1642000
2023-03-02,49.3467903137207,49.51734040512935,48.14344077293356,48.34241889165871,1464100
2023-03-03,50.12375259399414,50.33220429970088,49.18570726757136,49.78264520256768,1032900
2023-03-06,49.21413803100586,50.37011242571453,49.14781198683389,50.21850952267883,1834700
2023-03-07,48.4466438293457,49.5457656418957,48.40874220472381,49.28993509744468,1215200
2023-03-08,48.655094146728516,48.787749829118006,48.13395947379768,48.60771892455258,2085500
2023-03-09,48.3708381652832,49.678415233477565,48.30451213275501,48.8635484172767,2351700
2023-03-10,47.470699310302734,48.617200019694174,46.87376495712568,48.53192316716916,2672200
2023-03-13,47.612823486328125,48.03920770313507,46.58002776761692,46.98746117317715,2669200
2023-03-14,48.01078414916992,48.8446018491716,47.461225029837856,48.52244525697763,2581400
2023-03-15,47.527549743652344,47.887607951834724,46.807436941785475,47.25276838439479,2139600
2023-03-16,47.79285430908203,48.0676356707524,46.816910951871044,47.22434438758975,1583900
2023-03-17,46.73162841796875,47.830750116459996,46.43789627937719,47.830750116459996,3064100
2023-03-20,47.49912643432617,47.660202922422904,46.75058558911694,47.006416141827614,1677500
2023-03-21,48.60771942138672,48.93935320900353,47.96340627261452,48.02025870850541,2212000
2023-03-22,46.598976135253906,48.29503570066962,46.58949892287869,48.12448202289053,2325400
2023-03-23,45.859920501708984,47.18644491727198,45.319834967276506,46.58003334278626,2275100
2023-03-24,45.537757873535156,45.72725875460588,44.66603863971985,45.40510219648899,1900200
2023-03-27,45.2440299987793,45.99257083901348,44.90292259743217,45.7177894752063,2099600
2023-03-28,45.49986267089844,45.9072961287792,45.00715235870547,45.281933735322376,1488400
2023-03-29,46.20101547241211,46.238917092198946,45.56617960622095,46.11573863514043,1149700
2023-03-30,45.888343811035156,46.77901033782667,45.708316508720344,46.71268429936868,1141200
2023-03-31,47.11064529418945,47.186444933777636,45.96414457037211,46.27682757173087,1957900
2023-04-03,47.290672302246094,47.41385078210935,46.89271606430061,47.09169418327335,1750300
2023-04-04,45.992576599121094,47.45175683674344,45.225084849969456,47.252775084705185,2179700
2023-04-05,44.8934440612793,45.803061288507585,44.694462356043836,45.689360038728445,2166700
2023-04-06,44.57129669189453,44.88397609683791,44.23966285783532,44.7892256382486,1716800
2023-04-10,45.01662063598633,45.41458044722526,44.3154586852048,44.4386371523142,2653000
2023-04-11,45.945194244384766,46.28629802106369,45.348256309825395,45.58513604097618,3247000
2023-04-12,45.85044479370117,46.627410100843385,45.60409143891144,46.47580720224242,1705400
2023-04-13,46.21050262451172,46.38105633574127,45.35773406836398,45.916770429727904,1448900
2023-04-14,46.087318420410156,46.65583192544181,45.755688253348325,46.09679563346777,1230500
2023-04-17,46.7979621887207,46.807439402709456,46.01152330906466,46.19155061537192,1321100
2023-04-18,47.43280029296875,47.555975154951454,46.79796071218186,47.01588963857199,1787000
2023-04-19,47.63177490234375,47.67915012381322,46.78848367089498,47.12011383567898,2638500
2023-04-20,48.32345962524414,48.96777270940719,47.46121764709909,47.71704816120773,2880400
2023-04-21,48.12448501586914,49.043575876064224,47.840230073391304,48.56034283530167,1445300
2023-04-24,48.351890563964844,48.503493450450904,47.83075586757514,48.351890563964844,1837100
2023-04-25,47.60335159301758,48.598245724870615,47.60335159301758,48.31399077498372,2639600
2023-04-26,48.18133544921875,51.99983913985843,47.94445572013803,49.95319842518094,6257400
2023-04-27,50.114280700683594,50.161655929078144,49.0056851753585,49.157288074920004,2416700
2023-04-28,50.70173263549805,51.19444287670284,50.19954879606711,51.07126802727484,1979700
2023-05-01,50.55961608886719,51.166027690584016,50.21850865927691,50.625942131898825,1558200
2023-05-02,50.53117752075195,50.70172757327766,49.69735999469501,50.61645073976619,2294300
2023-05-03,50.93861770629883,51.64925692639757,50.68279076782151,50.80596563020007,1416300
2023-05-04,49.96267318725586,50.985995375669724,49.716319853655065,50.91019212564,1615100
2023-05-05,50.6448860168457,50.86281493048872,50.15217575424064,50.417479890067305,1440100
2023-05-08,51.07127380371094,51.175497853977326,50.322732951764806,50.843867661088794,1247000
2023-05-09,50.93861770629883,51.16602384710954,50.67331355410132,50.976519332183614,962500
2023-05-10,50.44590377807617,51.54502546929133,49.83001509670237,51.241819734783526,993700
2023-05-11,49.82054901123047,50.24692965470855,49.57419205573405,50.1332283907476,1284600
2023-05-12,49.27098083496094,50.15217366597678,48.64561853048173,49.877392328456224,1641800
2023-05-15,49.62156295776367,49.896344301684756,48.85407497477417,49.18570513847362,1163800
2023-05-16,48.74037551879883,49.07200933382363,47.68863247662925,49.06253211980967,2048900
2023-05-17,50.076377868652344,50.1711319376624,48.7498534329949,48.929880742366784,1331100
2023-05-18,50.78701400756836,50.87229085720057,49.76369542647973,50.01004876180727,1181400
2023-05-19,49.792118072509766,51.23234725161624,49.6405151912616,51.23234725161624,1044000
2023-05-22,49.318359375,49.94372172157501,49.26151055271909,49.716319203455654,890900
2023-05-23,48.43716049194336,49.062522761147534,48.32345924695099,48.85407108107775,1058800
2023-05-24,47.6412467956543,48.721417710286445,47.54649635610668,48.560341240155985,2233700
2023-05-25,47.86519241333008,48.12248136376454,47.388732201807656,47.88425125800333,2138100
2023-05-26,48.37976837158203,48.38929597598462,47.445906830708246,47.93189462750171,1175500
2023-05-30,47.63649368286133,48.66564585242155,47.464967715417465,48.4464745907106,871800
2023-05-31,46.04511260986328,47.59837385178342,45.97840847387003,47.49355202805038,3193300
2023-06-01,46.750274658203125,46.797919949679894,45.73065015316879,46.27381447322997,1454800
2023-06-02,49.046810150146484,49.103983043016676,47.264846530239495,47.33155066198975,1804800
2023-06-05,48.494117736816406,48.884814948664356,48.313064172580496,48.7990519687415,1102400
2023-06-06,50.55242156982422,50.638184542876125,48.52270029766415,48.52270029766415,2378200
2023-06-07,52.267677307128906,52.59167035643087,50.64771569572158,50.64771569572158,4018800
2023-06-08,52.07709884643555,52.57261423206569,51.819809914414506,52.25815240521953,2020900
2023-06-09,51.419586181640625,52.08663121810981,51.18135607112327,51.91510524772907,1652500
2023-06-12,52.544029235839844,52.887081154675805,51.35287875938318,51.51487711443473,1800300
2023-06-13,53.29683303833008,53.50647666901245,52.50590743901203,52.50590743901203,1371400
2023-06-14,52.68696975708008,53.84953017251851,52.14380542021144,53.458832954155056,1793600
2023-06-15,53.38260269165039,53.544597419193416,52.696498821814174,52.76320296081459,1168100
2023-06-16,52.88707733154297,53.59223996207531,52.60120196487945,53.4016551725988,3488000
2023-06-20,53.37306213378906,53.71611400881668,52.486849636770785,52.62025789148101,1846600
2023-06-21,53.52553176879883,53.73517539906033,52.95378104003425,53.21106995850906,1318400
2023-06-22,52.78225326538086,53.43977057928865,52.524964355821595,53.43977057928865,1417400
2023-06-23,52.65837478637695,52.915663706559066,52.124741738682935,52.35344057766537,1625800
2023-06-26,52.84896469116211,53.43024671875383,52.448739866651465,52.84896469116211,1876000
2023-06-27,54.31645965576172,54.72621569485024,53.13483682871753,53.16342691093246,2239900
2023-06-28,54.116336822509766,54.65950102354082,53.89716562166407,54.278331505051476,2088400
2023-06-29,54.64045715332031,54.68810244740882,53.706595575794296,53.935294441460336,1441600
2023-06-30,54.67857360839844,55.20267910174757,54.51657525003069,55.20267910174757,2099000
2023-07-03,54.17352294921875,54.49751602860894,53.9924693829812,54.22117187700484,909600
2023-07-05,53.50647735595703,54.08775569695298,53.392124300424435,53.80188032832657,1960100
2023-07-06,52.601200103759766,53.02048371769112,52.2009716965096,52.97283843078339,1860400
2023-07-07,52.61073303222656,53.49694927179996,52.496383605053374,52.58214658420895,2348700
2023-07-10,54.17352294921875,54.22117187700484,52.37250398603026,52.45826696690127,1686400
2023-07-11,55.05021286010742,55.41232363596082,54.24975956538581,54.545166202937644,1965400
2023-07-12,56.23183059692383,56.64158665530431,55.42184971971747,56.050777031517285,2439700
2023-07-13,57.23239517211914,57.31815814549049,56.365237834743205,56.53676378148592,2071700
2023-07-14,57.156166076660156,57.34675088675134,56.53676998774245,57.34675088675134,1722800
2023-07-17,57.62309646606445,57.87085416509346,56.679703691659704,57.06087329719961,1410500
2023-07-18,57.918495178222656,58.385427728758785,57.470625105168295,57.470625105168295,1546500
2023-07-19,57.71839141845703,58.09956105284671,57.28957648854441,57.86133094012892,1439200
2023-07-20,56.908409118652344,57.746976477948365,56.6225300821938,57.708862423509785,1699200
2023-07-21,56.45100021362305,57.18474564628111,56.24135658423362,57.08945507025089,1799600
2023-07-24,56.584407806396484,57.45156512440762,56.34617773402966,56.94651489912031,2209100
2023-07-25,57.708858489990234,58.01379271533184,56.3652409236092,56.3652409236092,2480000
2023-07-26,58.70943069458008,58.81425252781849,57.527807713214976,57.5849842500095,3187600
2023-07-27,59.09059524536133,60.853500251175475,58.78566099350971,59.528941413113174,4783700
2023-07-28,58.366371154785156,60.31985713580234,57.99473280170172,60.17692126505628,2189900
2023-07-31,57.82320785522461,58.73801053029237,57.3181612266127,58.595074657058305,1891700
2023-08-01,58.55695343017578,58.57601227247536,57.60403312581199,57.68979609860883,1153100
2023-08-02,57.68980026245117,58.013793334723616,57.3372171071146,57.889912668386366,1553800
2023-08-03,56.52723693847656,57.594506751679454,56.203243862223545,57.556392698963585,2328000
2023-08-04,56.584407806396484,57.3276844689482,56.38429178293051,56.82263787876331,1231000
2023-08-07,57.28956604003906,57.34674256530053,56.70828408940572,56.70828408940572,967400
2023-08-08,57.003700256347656,57.03228670622762,55.79349086502182,56.61300302254192,965000
2023-08-09,56.53676986694336,57.08946181641368,56.393830350904665,56.9179358512084,930900
2023-08-10,56.31174850463867,57.22138951773825,55.900014641748925,56.66602985666636,1933900
2023-08-11,56.129817962646484,56.67560403723212,56.034067429530964,56.29259825212132,944900
2023-08-14,56.72348403930664,56.74263122417631,55.95746514916411,56.292599326763664,959100
2023-08-15,56.50325393676758,56.905414238592954,56.29260201928661,56.58943088339809,1014600
2023-08-16,55.526580810546875,56.92455899300653,55.48827913777163,56.66602818074642,1225500
2023-08-17,54.052001953125,55.83298964603466,53.946674174113326,55.62233408801132,1600400
2023-08-18,54.377559661865234,54.88504407421452,53.85092441190765,53.85092441190765,2016900
2023-08-21,53.74559783935547,54.70311782539883,53.35301479118365,54.435009745505454,1010900
2023-08-22,53.7264404296875,54.55948169290886,53.64983708690242,54.099872594143676,1467700
2023-08-23,54.61693572998047,54.693535422262904,53.975395500453494,54.17647745457301,936700
2023-08-24,54.138179779052734,54.7605655656483,54.03285199832072,54.291382827576896,886600
2023-08-25,54.25307846069336,54.54991095051639,53.10405382744286,54.358406236199876,1325100
2023-08-28,54.38713836669922,54.837173961175424,53.965830857660286,54.435013638895825,1156800
2023-08-29,55.87128448486328,55.89043532110601,54.138175810354056,54.31052968389012,1454300
2023-08-30,56.321327209472656,56.599008891540045,55.88086887749272,55.88086887749272,1196900
2023-08-31,56.50325393676758,57.010742023657905,56.330903696155495,56.46495591254764,1693000
2023-09-01,57.18309020996094,57.451194615988,56.876684130887554,56.876684130887554,1211900
2023-09-05,54.846744537353516,56.857538732836424,54.82759369899856,56.857538732836424,2092900
2023-09-06,55.22975158691406,55.70851156693055,54.53076245440784,54.70311633942568,2104800
2023-09-07,54.3105354309082,55.19145207539934,53.937103216280484,55.00952459081502,1841900
2023-09-08,53.84135055541992,54.73184447068317,53.7647508528145,54.22436002639408,1698900
2023-09-11,54.233924865722656,54.95206476839938,54.128597095572985,54.530757340449135,1718800
2023-09-12,53.46791076660156,54.19562427533122,53.209379958163154,54.10944733918508,1437200
2023-09-13,53.123207092285156,53.71686844641758,52.62529627336324,53.458341270819474,1560100
2023-09-14,53.5062141418457,53.889219918181404,53.13278195754274,53.44876163170347,1363400
2023-09-15,52.34761428833008,53.065754255975975,52.16568681148001,53.037029826117745,3303600
2023-09-18,52.682743072509766,52.960424708213274,52.16568147209255,52.45293669921932,1362300
2023-09-19,53.104061126708984,53.199815323353164,52.29017054480355,52.472098039453826,1867300
2023-09-20,52.251853942871094,53.89878912829064,52.21355227515248,53.39130116263922,1560900
2023-09-21,51.3134880065918,51.88799844544462,51.26561274546211,51.75394625322218,1933200
2023-09-22,50.83473205566406,51.78267837163453,50.55705040574206,51.55287198657701,1238900
2023-09-25,51.01666259765625,51.313495101941946,50.470876509483254,50.470876509483254,1130400
2023-09-26,50.3942756652832,51.1985925641867,50.32724956142864,50.32724956142864,1177500
2023-09-27,50.94963455200195,51.52414870106498,50.53790069026715,50.968785388902255,1270200
2023-09-28,52.01248550415039,52.35719328457367,50.882611625051375,51.02624108444403,1619600
2023-09-29,51.179447174072266,52.43379609626535,51.02624411286361,52.22314417000913,1610000
2023-10-02,50.34640121459961,51.29434392884842,50.22192259714566,50.76770868174922,1803300
2023-10-03,49.45590591430664,50.27936998702644,49.130348991548146,50.16446861800834,1618100
2023-10-04,50.068721771240234,50.15489871750903,49.120775362283574,49.666561471102916,1864800
2023-10-05,50.00168991088867,50.53789871251846,49.695283837772074,49.96338823858697,1511000
2023-10-06,49.982547760009766,50.70068780353678,49.24525687700414,49.24525687700414,2058300
2023-10-09,49.99211502075195,50.35597361945618,49.00587065475354,49.64740725910043,1617100
2023-10-10,50.3942756652832,51.112415623138155,49.771886240749424,49.98254179723447,1559300
2023-10-11,51.3517951965332,51.49542099536109,50.39427526041925,50.48045220077545,1486300
2023-10-12,49.427181243896484,50.66238291719947,48.39306154606413,50.46130459437775,1827000
2023-10-13,48.94841384887695,49.676130982435744,48.613283361480384,49.40802293987012,1117000
2023-10-16,50.28894805908203,50.375125000425385,49.12077255479399,49.771886411021875,1275600
2023-10-17,50.31767654418945,51.04539380810843,49.85806737086385,49.85806737086385,1412300
2023-10-18,48.6324348449707,49.46547610520713,48.622857600832674,49.19737171171688,1981600
2023-10-19,47.99089813232422,48.93884447539377,47.88557035502219,48.37390756748637,1806200
2023-10-20,47.76110076904297,48.373913012157864,47.69407465824285,48.03877880550816,1483700
2023-10-23,47.665340423583984,48.13452679130163,46.94720048396318,47.06210550420951,1400900
2023-10-24,47.05253219604492,48.31645830330836,47.01423051942508,48.12495357285807,2016400
2023-10-25,46.276939392089844,46.58334547365039,45.63539914762652,46.41099159619151,3873900
2023-10-26,49.340999603271484,50.901758073297266,47.14828179383606,49.75273345519638,4388300
2023-10-27,48.87181854248047,49.67613543700549,48.17282942562459,49.666558192136286,2745900
2023-10-30,49.62826156616211,50.039991790898725,48.814367403881015,49.33142906189741,2214500
2023-10-31,49.87721633911133,50.01126855305612,49.53250855888252,49.791039394054124,1984400
2023-11-01,50.47087860107422,50.51875387080786,49.52293584134168,49.858066382126125,2248500
2023-11-02,51.58159637451172,52.09865800099918,51.169862522232656,51.169862522232656,1912100
2023-11-03,52.74977493286133,53.61154436103066,52.49124410441053,52.5582702096405,2564500
2023-11-06,52.31888961791992,52.75934791941523,52.23271267609269,52.472092664207366,1432900
2023-11-07,52.84552764892578,53.00830794880802,52.35719405457694,52.405069324195615,1580300
2023-11-08,54.023277282714844,54.08072979834481,52.749777567100075,52.749777567100075,2637500
2023-11-09,53.40253829956055,54.32642343788067,53.056080454892204,54.32642343788067,2677500
2023-11-10,54.05695343017578,54.114697627211065,53.30629722468286,53.82598398442095,1486000
2023-11-13,53.52764129638672,53.88372498351472,53.3447901900834,53.71049607388297,1457000
2023-11-14,56.86710739135742,57.21356522376479,55.02895937714551,55.2214363586155,2853500
2023-11-15,57.01146697998047,57.858359838424605,56.88635638929478,56.982593046011075,1692900
2023-11-16,57.136573791503906,57.65626054765336,56.963344872787424,57.136573791503906,1558700
2023-11-17,57.8487434387207,57.8583656368794,57.434919165220336,57.47341530024211,1382100
2023-11-20,57.90647888183594,58.021967276753344,57.309803526202046,57.73325363184618,1222800
2023-11-21,56.81898880004883,57.62738918151594,56.68425601500316,57.425286332754375,2019600
2023-11-22,57.049964904785156,57.540781446155854,56.67463676796844,57.31943417755095,1047600
2023-11-24,56.96334457397461,57.20393988524173,56.79011565616683,56.79011565616683,377600
2023-11-27,57.531158447265625,57.800627733476134,56.780502136179464,56.857494409723515,1898600
2023-11-28,57.25205993652344,57.62738802193921,56.693877071202465,57.30017826290108,1284900
2023-11-29,58.098960876464844,58.589777419185005,57.829495274151654,58.012346408407964,1176100
2023-11-30,58.272186279296875,58.61864413051724,57.47341171893282,58.10858322243907,2847800
2023-12-01,59.821624755859375,59.869743089270855,58.175953523309566,58.26256799192764,1402900
2023-12-04,60.09108352661133,60.47603749251484,59.494408183534674,59.65801490396125,1687700
2023-12-05,59.93710708618164,60.235446615275904,59.581027027787,59.89861462371252,1228200
2023-12-06,61.04384994506836,61.35181168650514,60.418300592728535,60.418300592728535,1294200
2023-12-07,61.005348205566406,61.15932906213993,60.58190176778752,61.03421846892607,1185800
2023-12-08,61.59239959716797,61.76562851473045,61.063090647368426,61.140079237844475,1094300
2023-12-11,61.573158264160156,61.9388642046887,61.41917739517869,61.70789473681325,1232900
2023-12-12,61.91960525512695,62.23719282546291,61.717506076473015,61.92923112336366,1171000
2023-12-13,63.81550216674805,64.16196002492578,61.65014422433059,61.91960981571623,2018700
2023-12-14,66.7122802734375,66.96250150050416,64.7201510118248,64.8067618159704,3012200
2023-12-15,66.05785369873047,67.0394867640196,65.6728996994482,66.32731929551201,4637500
2023-12-18,65.393798828125,66.44279814173494,65.04734101283968,66.44279814173494,1770500
2023-12-19,65.53815460205078,65.93273439642394,65.28793344811622,65.87498653481722,1558200
2023-12-20,64.5180435180664,66.02898187204484,64.47954738480998,65.49005069122808,1675500
2023-12-21,64.84524536132812,65.49966489876236,64.02722277513189,65.19170319540426,1683500
2023-12-22,64.69126892089844,65.14358928402709,64.55653613303708,65.14358928402709,1147000
2023-12-26,64.7393798828125,64.85486826969584,64.43141819350946,64.68163936056375,1055900
2023-12-27,64.74900817871094,65.05696987956243,64.57577926308285,64.81637457132264,883500
2023-12-28,64.64314270019531,64.90298973295025,64.27744049164981,64.81637160790333,995100
2023-12-29,64.46031188964844,64.87413620131004,64.26783119678974,64.40256401059699,1079000
2024-01-02,64.06572723388672,64.72014685639031,63.17071226990956,63.83475776194049,1879200
2024-01-03,61.85224151611328,63.33430956555216,61.77525659407491,63.103340114664135,3261800
2024-01-04,61.81375503540039,62.45854875367569,61.20745010838883,61.20745010838883,2584100
2024-01-05,62.58365249633789,62.91086594452151,61.45766817831363,61.61164536269282,1529500
2024-01-08,64.29669189453125,64.36405829140736,62.7472574239942,62.87237169132595,2031500
2024-01-09,64.69126892089844,64.78750557760137,63.44979622498777,63.64226953839363,1359200
2024-01-10,65.61515808105469,65.67289861015391,64.71051729910435,64.7971354351399,1477700
2024-01-11,65.55742645263672,65.74027393373824,64.60466353882333,65.41306776790248,1176100
2024-01-12,64.74900817871094,66.01935111252159,64.22932143182666,66.01935111252159,1227400
2024-01-16,64.9222412109375,64.95111147497511,63.68076846061437,64.08496684191402,1524600
2024-01-17,64.76825714111328,64.97997483569219,64.11383763703407,64.39292906372522,1395800
2024-01-18,65.6343994140625,65.69214728285387,64.62390349004318,65.11471999164478,1128000
2024-01-19,65.49966430664062,65.87499239976574,64.91261116767342,65.87499239976574,1935200
2024-01-22,66.44280242919922,66.8373749239441,66.07710019719346,66.07710019719346,932700
2024-01-23,64.50841522216797,66.31769670521686,64.1138427203111,66.01935351930067,1830700
2024-01-24,63.007110595703125,64.94149923987234,62.93974419229362,64.9030031032973,1948200
2024-01-25,64.65277862548828,64.67202302161142,63.459427821406884,63.83475595609689,1614700
2024-01-26,64.72014617919922,65.0088635229014,64.287077506033,64.67202417445317,1050400
2024-01-29,65.8172607421875,65.8172607421875,64.64315430607955,64.64315430607955,1430800
2024-01-30,65.93274688720703,66.48130395088805,65.46117474961046,65.46117474961046,1243800
2024-01-31,64.75862884521484,66.08671219676208,64.51803355630071,65.7498802607594,2066700
2024-02-01,66.5197982788086,66.54866854310465,64.61428006901512,65.30719578166729,1411100
2024-02-02,66.08671569824219,66.45242525589484,64.93186118722076,65.38418152912637,1324100
2024-02-05,65.43229675292969,65.90386883480443,64.85486949239852,65.21095318521263,1750300
2024-02-06,66.19258880615234,66.21184054510078,65.29757384711418,65.39381051469512,1458600
2024-02-07,67.7901382446289,68.15584047984974,66.80850524855175,66.89512337991684,3561200
2024-02-08,70.5617904663086,73.55479663558181,70.3019507686278,71.44717942289215,6106700
2024-02-09,69.87850189208984,71.40868452770142,69.45505180014828,70.9659900417562,3772900
2024-02-12,70.49442291259766,70.53291904169085,69.20483562871242,70.08059870282827,3095500
2024-02-13,69.7437744140625,70.66765958664946,68.23283605747963,68.5023016483525,3184900
2024-02-14,70.7061538696289,70.81201639789954,69.75339845757962,70.54255081407845,1963600
2024-02-15,70.71578979492188,71.33171331478637,70.54256084606077,71.33171331478637,1549800
2024-02-16,70.40782928466797,71.01412694524934,69.5416845249891,69.96512736341948,1830700
2024-02-20,71.18733978271484,71.29320230395557,69.80150848093524,70.03247791710318,1933300
2024-02-21,71.10037994384766,71.53516045802968,70.6752705558309,71.27429067526343,1247200
2024-02-22,71.81536102294922,72.35641343586033,71.56415495783207,71.64145026575831,1545200
2024-02-23,72.40471649169922,72.79117824416588,71.84433663082297,71.99891985755255,1472800
2024-02-26,72.76219177246094,72.83948706873048,72.12452400645023,72.33708238554885,1360500
2024-02-27,74.03754425048828,74.1341670689633,72.92645555088696,73.17765423932083,1821400
2024-02-28,74.10517120361328,74.71386248858735,73.66073427708571,73.91194032122239,2032100
2024-02-29,74.16314697265625,74.45299329861605,73.39020869419203,74.36604161221382,2080000
2024-03-01,74.97472381591797,75.01337146608573,73.72836474032857,73.86362783027295,1480500
2024-03-04,75.24525451660156,75.6413874261569,74.68488198371531,74.7621699174088,1750800
2024-03-05,74.00856018066406,75.31288714288391,73.64141853368906,74.878113945906,2053600
2024-03-06,73.83463287353516,74.66553879944144,72.6462491368843,74.37569252353646,3796700
2024-03-07,74.5302963256836,75.32255482614737,74.18247480145205,74.37571307673984,2005200
2024-03-08,74.27908325195312,75.62205781064785,74.10517250623006,74.8684470362765,1336600
2024-03-11,72.61727142333984,74.06652503999344,72.40471304682504,73.75734385867366,2674600
2024-03-12,73.00373840332031,73.66073371826504,72.27911154292329,72.71389208193287,2326900
2024-03-13,72.54963684082031,73.06171267447522,72.25979052296422,72.90712207459022,2555400
2024-03-14,71.41921997070312,72.60761123814838,70.82019983065963,72.23080586899668,2575900
2024-03-15,71.65110778808594,72.02791316733466,70.15354265527695,70.50136413939664,8228800
2024-03-18,71.38057708740234,72.04723618716315,71.129378405385,71.9409569865843,2147900
2024-03-19,72.81050109863281,72.88779639269761,71.37091126027963,71.37091126027963,2817000
2024-03-20,73.65106964111328,73.71870117950132,72.63658919400777,72.88779520999972,2401500
2024-03-21,75.53511047363281,76.18244208671628,74.0568727354953,74.68488420740167,3504800
2024-03-22,74.49163818359375,75.69934959179496,74.30807106202127,75.51578247022248,1627600
2024-03-25,73.43851470947266,74.64622607385749,73.40953081613304,74.54961063896373,1996400
2024-03-26,73.99889373779297,74.43367429027076,73.39020980986707,73.4578413574144,1582900
2024-03-27,75.21626281738281,75.37085341130509,74.29840512264633,74.51096350364683,1715300
2024-03-28,76.21141815185547,76.26939331200113,75.14863358546766,75.24524902399646,1709400
2024-04-01,75.06168365478516,76.23074744223665,74.77182996114551,76.13413200145197,1508200
2024-04-02,74.56893157958984,74.61724298319902,73.322572553583,74.29840541046313,1406600
2024-04-03,75.26457977294922,75.873263696028,74.27908309220933,74.47232134886706,1252200
2024-04-04,73.9892349243164,76.25006718634985,73.77667653292134,76.09548395615337,1735500
2024-04-05,74.29840850830078,74.6365662338085,73.69938098648313,74.24043334729548,1396400
2024-04-08,74.51097106933594,74.91676036265706,74.35638045971686,74.61725027062757,1147200
2024-04-09,74.13416290283203,74.71386292467393,72.74287695338289,74.71386292467393,1181100
2024-04-10,71.48685455322266,72.78152506918117,71.19700822609339,72.05689819442935,2693300
2024-04-11,70.9941177368164,71.87332789652167,70.9941177368164,71.84434399924261,1666400
2024-04-12,71.06175231933594,71.08107246125087,70.3274616146983,70.35644551321394,1888900
2024-04-15,70.58832550048828,72.04724318267388,69.9409938495898,71.92164382946999,1944800
2024-04-16,70.10523223876953,70.2791429832842,69.20669462065804,70.15354364552363,1944000
2024-04-17,69.91199493408203,70.78154857680147,69.39026274845037,70.78154857680147,1661700
2024-04-18,69.7767333984375,71.27429107673946,69.69943810153173,70.58831190209246,1890500
2024-04-19,69.47723388671875,70.42407561808822,69.19704392135414,69.8733594437609,1809300
2024-04-22,69.58349609375,70.52068131032591,69.17770683645486,69.95064507335684,2073800
2024-04-23,70.5400161743164,70.72358331197154,69.2646731103722,69.7864053689793,2540600
2024-04-24,67.38064575195312,69.08110580495858,66.24056566899185,67.68016325113501,4613800
2024-04-25,67.50624084472656,67.94101401165499,65.4966072531275,65.97969182584157,2810600
2024-04-26,67.4869155883789,67.93135252556851,66.93619945193896,67.4675954481906,1921800
2024-04-29,67.69947814941406,68.02797952310017,67.37098414701424,67.61252645629162,2201800
2024-04-30,66.13426971435547,67.65115485530691,66.03765428187343,67.16807032161174,2154100
2024-05-01,66.2598876953125,67.70914154321721,65.64153997657606,66.19225614392839,1561400
2024-05-02,66.64635467529297,67.01349631771774,65.76713716486557,66.8878969753507,1797000
2024-05-03,67.20671844482422,68.88785794131458,67.1680707973007,68.1149197334143,1392200
2024-05-06,67.85406494140625,68.25985422901381,67.45793203829943,67.91203273355423,979500
2024-05-07,68.28884887695312,68.43377575142722,67.94102732673012,67.97967498467568,1724700
2024-05-08,68.27918243408203,68.33715760436361,67.69948233027353,68.25019853458463,1106900
2024-05-09,69.60282135009766,69.72842067673098,68.28883081268332,68.35646235337589,1293800
2024-05-10,69.86368560791016,69.9699647991389,69.25500172556077,69.5641755442393,938300
2024-05-13,68.39511108398438,70.33711302788285,68.35646343565028,70.25015397630983,1373000
2024-05-14,68.69462585449219,69.05211109762955,68.3178204715057,68.9554956558125,1764400
2024-05-15,69.75740051269531,70.21150113291482,69.28397975538088,69.46755422856357,1193300
2024-05-16,67.9603271484375,69.70909813393996,67.91202311891479,69.41924447166436,1576700
2024-05-17,67.78643798828125,68.17289979051135,67.60286347232149,68.09561185283715,962400
2024-05-20,67.177734375,68.16323095604048,67.11976658950998,67.70913031294194,1077800
2024-05-21,67.53522491455078,67.64150411052591,66.66567120715683,66.96518128420368,1255900
2024-05-22,66.90721893310547,67.38063979011605,66.37582291003203,67.11011358611,1422200
2024-05-23,66.69375610351562,67.0721460508834,66.0243009517101,66.95572293002185,1784400
2024-05-24,67.04305267333984,67.4408514826315,66.74228301909461,67.07215845893967,1034700
2024-05-28,65.47128295898438,67.5281708262667,65.35485241087414,66.99454746923715,1391700
2024-05-29,65.32574462890625,65.403364991942,64.58836598463722,64.72419791880714,1311000
2024-05-30,66.344482421875,66.57734350496872,65.46157487257105,65.61680819234849,1804200
2024-05-31,67.83863830566406,67.84834270097001,66.26686677119861,66.52882622618127,4175400
2024-06-03,66.65495300292969,68.34316245742308,66.2474572321008,68.09089999831177,1460000
2024-06-04,65.23841857910156,66.74228162345105,64.91824754191327,66.16014371677176,1840200
2024-06-05,65.74292755126953,65.87875944974519,64.53013745610589,65.37423462487847,1311600
2024-06-06,65.12200164794922,66.21836160009494,64.88914054124817,65.461581509031,1115000
2024-06-07,64.06442260742188,64.43311553268991,63.61811674203508,64.25847346342697,1884800
2024-06-10,65.14138793945312,65.22871268479585,63.70544845907208,63.71514545122254,1492900
2024-06-11,65.19960021972656,65.209304614268,64.05472593921324,65.05407131302569,1152600
2024-06-12,66.92662811279297,67.89686042441645,66.42210316546911,67.04305125272532,2391400
2024-06-13,68.35285949707031,68.4692900326516,66.32507763445103,66.57734009373482,1706300
2024-06-14,67.08185577392578,67.95506626117322,66.45120334412017,67.46024575135226,1289500
2024-06-17,67.45054626464844,67.52816662522636,66.5191241445684,66.72287203937168,1039600
2024-06-18,67.32440185546875,67.90653960931952,67.22738013020748,67.30500047132975,924900
2024-06-20,66.2086410522461,67.27589495627602,65.91757584330193,66.95572396666584,1394100
2024-06-21,65.82054901123047,66.34447528843053,64.7727038591146,66.14072741434454,3531900
2024-06-24,66.06309509277344,66.75196634519578,65.53917631277785,66.05339810215779,2499100
2024-06-25,63.53080368041992,66.46090148142841,62.62848749560261,65.61679685618519,2761100
2024-06-26,64.34581756591797,64.43314233801974,63.200942947191244,63.30766911182321,1528500
2024-06-27,64.42342376708984,64.4816353341599,63.792771315453514,64.32640202121149,1387500
2024-06-28,64.68538665771484,65.39365950459599,63.95771242154119,64.03533278328148,2824600
2024-07-01,62.783729553222656,65.40336113401622,62.6867078062936,64.85032163172247,1726900
2024-07-02,62.822540283203125,63.15241570611085,62.58968660807503,62.58968660807503,2415700
2024-07-03,62.85164260864258,63.53080961029583,62.6090845513988,62.86134700357198,1264100
2024-07-05,62.77401351928711,62.977768773031336,61.9105112489735,62.53145549579329,1861700
2024-07-08,63.831565856933594,64.00620791764504,63.20091355979319,63.24942812198972,1347400
2024-07-09,63.66664123535156,64.22937029981514,63.59872527572918,63.62783105809814,1364400
2024-07-10,64.18087005615234,64.76300797320728,63.1621231495923,63.734564073000726,2814500
2024-07-11,67.15947723388672,67.54757161263616,65.2869287035339,65.87877096561277,3497100
2024-07-12,68.62452697753906,69.02231833159483,67.48934967425426,67.57667442171505,2278600
2024-07-15,68.47899627685547,69.31339663200602,68.19762802665029,69.0126195908709,1103000
2024-07-16,72.0882568359375,72.11736261814335,68.98350929362371,69.24547613804505,2595800
2024-07-17,71.00159454345703,72.049447123328,70.98219315595621,71.4770062612138,1829800
2024-07-18,71.25385284423828,73.4368752240026,70.75903236551885,71.12771792483458,1409900
2024-07-19,70.56498718261719,71.73896719012191,70.40974648627748,71.42849319972632,4060200
2024-07-22,70.67169952392578,71.07920261386127,69.4686138451166,70.48736046653057,1434000
2024-07-23,69.14845275878906,70.21571421053672,68.85738751018198,69.73059806057324,3242300
2024-07-24,68.47899627685547,69.74029380276139,68.18792363118533,68.97380941129589,2540600
2024-07-25,73.58241271972656,74.54294800862925,69.61416623912278,69.8276185255456,3677200
2024-07-26,75.14449310302734,75.46467155744674,73.58241841577743,73.73765914602396,3007900
2024-07-29,75.3773422241211,75.55198431676247,74.08693161750891,75.1153753840169,1708200
2024-07-30,75.98858642578125,76.60953444828183,75.40644857997249,75.85275450850202,1839400
2024-07-31,75.53257751464844,77.17227234968297,74.84371352062938,76.17293433860907,1980100
2024-08-01,73.94139099121094,76.51250765970912,73.41746474386429,75.74602337575479,1759900
2024-08-02,73.01615142822266,73.24015306349538,71.75977020030453,72.49022388417141,1888600
2024-08-05,71.50654602050781,72.53892563978327,70.17225534578434,71.23384449371935,2528500
2024-08-06,71.97404479980469,73.24990164720737,70.43522043953345,71.01958195732156,2847400
2024-08-07,70.2696533203125,73.20120982943398,69.93851041797882,72.25648844263483,1666200
2024-08-08,70.96113586425781,71.29227127633986,70.23068223466188,70.82478511451126,1058000
2024-08-09,70.55209350585938,71.30202273459953,70.29886746487611,71.04879669361627,1203900
2024-08-12,70.30860900878906,71.20463047106398,70.02616600709293,70.51313516231532,1533100
2024-08-13,72.28571319580078,72.82137488680148,70.68845472676769,70.79558855107996,1725800
2024-08-14,73.5226058959961,74.0387920461921,72.33439988883393,72.73371818951242,1860300
2024-08-15,74.54523468017578,74.78871924311186,73.37650431974713,74.15565789336623,1720300
2024-08-16,74.08748626708984,74.96403222418743,73.76608484439413,74.28227095508507,1196000
2024-08-19,74.76924133300781,75.20751803403091,74.20436275632508,74.4673228324912,1315100
2024-08-20,74.46732330322266,75.236735470249,74.05827099079642,74.83741719105215,986500
2024-08-21,76.27884674072266,76.6099896239305,74.87637322230725,74.87637322230725,1251400
2024-08-22,75.71395874023438,76.48337086226455,75.47047417366377,76.35676156264918,1116200
2024-08-23,78.57734680175781,78.63578072529583,76.08406699000291,76.22041776529825,1340700
2024-08-26,78.50917053222656,79.77529335210113,78.3922952559034,79.13249047816362,1371300
2024-08-27,76.98981475830078,78.4020221224444,76.67815484335937,77.82740217293555,1424900
2024-08-28,76.75607299804688,77.50600963015853,76.59050527479705,76.97034060722164,1142900
2024-08-29,76.80477905273438,77.71054201754755,76.05484236038973,76.9606053252029,879000
2024-08-30,77.48653411865234,77.91506937801061,76.39572790291862,77.29174941743133,1285500
2024-09-03,76.26910400390625,78.13907114076022,75.79187632929718,77.13590847496654,1712900
2024-09-04,76.10354614257812,76.2496383889993,75.12960774051743,75.98667085932912,1209600
2024-09-05,75.22699737548828,76.4444203340597,74.720552694169,76.05484350120484,920400
2024-09-06,75.20751190185547,76.90216235484672,74.73028424595314,75.18802897598897,1446700
2024-09-09,75.30490112304688,75.96717939447748,75.0711580362357,75.38281796217018,1409900
2024-09-10,76.28858184814453,76.60998324109678,74.94454236145654,75.87952958287379,1979400
2024-09-11,75.97693634033203,76.08407015831968,74.07775201010045,75.73345174137108,1469300
2024-09-12,76.86319732666016,77.06772344732335,75.6068162163934,75.66525755841032,1428000
2024-09-13,78.11959075927734,78.39229229651005,77.36966153188742,77.50601230050377,951400
2024-09-16,78.92796325683594,79.1714478396505,77.93454199783905,78.57734486313818,793700
2024-09-17,79.13248443603516,80.22329797341632,78.85004144607328,79.19091835445509,1157400
2024-09-18,79.56102752685547,81.31411212799229,78.65526454890542,79.40519382156684,1802300
2024-09-19,81.07062530517578,81.3822852766155,79.61945925977456,80.739489836391,1508300
2024-09-20,79.9700698852539,80.7589574858644,79.7265853240226,80.5544313460972,3544500
2024-09-23,80.36937713623047,81.19723055213684,79.76554020672363,80.5252108151734,1359900
2024-09-24,80.88557434082031,80.91479129932468,80.15512065597446,80.41808071307295,983300
2024-09-25,80.16486358642578,80.98297566815116,79.89216203603732,80.84662489295691,861200
2024-09-26,80.98297882080078,81.45046508807731,80.44730973271284,80.66157736794801,1748100
2024-09-27,81.39202117919922,82.17117476984029,80.94401046527636,81.52837194297751,1138200
2024-09-30,81.75238800048828,81.85952181411938,80.52522359107024,81.09984365458251,1301100
2024-10-01,81.635498046875,82.48282693947769,80.67130132809169,82.00559188071136,1068300
2024-10-02,81.09010314941406,81.6062892481356,80.68104342521416,80.85635261256859,1012700
2024-10-03,80.99271392822266,81.30437389213179,79.97007572416099,80.91479707960546,1254600
2024-10-04,80.22330474853516,81.37255230139395,79.3078003196558,81.3530693732357,1075500
2024-10-07,80.67131042480469,80.74922727141697,78.88900156898592,79.53180440769805,1011900
2024-10-08,81.04141235351562,81.42124773029568,79.83373083325496,81.10958774343615,1015200
2024-10-09,81.79134368896484,81.95691142064977,81.25567463873745,81.44072529800867,726800
2024-10-10,80.93426513671875,81.77185260596052,80.64208812710169,80.97322355744616,1012600
2024-10-11,81.31410217285156,81.7036789578179,80.72974071068161,80.79791609075879,823000
2024-10-14,82.59970092773438,82.84318549118655,81.18749343193548,81.50889483902655,1041000
2024-10-15,82.91136932373047,84.4404522408627,82.80423551044554,83.03798606519081,1264800
2024-10-16,83.33016204833984,83.70026337334562,82.96006815389393,83.06720196581036,936100
2024-10-17,83.2327651977539,83.63208346248776,82.7847544769575,82.7847544769575,1554200
2024-10-18,83.47626495361328,83.95349272096416,82.8626863955907,83.3691311280054,1592600
2024-10-21,81.99586486816406,83.65155694563337,81.77185579787717,83.61259852338524,1306100
2024-10-22,80.05772399902344,81.27514685442561,79.72658854902257,81.09983766602532,1824900
2024-10-23,79.81423950195312,80.75896082751075,79.53180393813021,79.97981465766652,1268900
2024-10-24,80.72000122070312,80.93426882919994,79.44414446354759,79.86293821727519,1123200
2024-10-25,79.14221954345703,80.72973612103438,79.06430270478167,80.72973612103438,1578400
2024-10-28,79.55127716064453,80.54469091373386,78.70394820171596,79.11300791704377,2641900
2024-10-29,79.1811752319336,80.28172267567145,77.33069124528747,78.69420615284558,3676000
2024-10-30,78.25593566894531,78.99613080784464,78.14880186868781,78.40202789025635,2825600
2024-10-31,77.8274154663086,78.9084801757899,77.56444795626629,77.91506634928285,1441700
2024-11-01,78.09037780761719,79.11301605529535,77.89559310832611,78.56760552227234,984100
2024-11-04,78.6844711303711,79.49284165114956,78.0903682108167,78.36306972853497,1221700
2024-11-05,79.64867401123047,79.65841547491264,77.97349892475954,78.05141577309763,891600
2024-11-06,78.11959075927734,79.26883825944343,75.98666348789936,79.1227460271946,2492400
2024-11-07,78.14881134033203,78.84030667908397,77.54497431721454,78.18776976610735,1444900
2024-11-08,79.12627410888672,80.19172137197093,78.2172257847004,78.24655617887765,1476200
2024-11-11,78.9503402709961,79.98646474492078,78.88191758986537,79.48795237810386,1566600
2024-11-12,77.23976135253906,79.01875841735672,77.21043841338198,78.70596797049359,1655400
2024-11-13,77.4645767211914,78.1097111605572,77.1713324382957,78.01195809458403,1389100
2024-11-14,77.40593719482422,77.78715031934058,76.81944858094135,77.04427021059811,2155700
2024-11-15,76.65327453613281,77.66984527774393,76.35026091053663,76.90741908591357,1181100
2024-11-18,75.34346771240234,76.47733021319634,75.04044662629668,76.03747123894674,2355600
2024-11-19,74.45397186279297,75.14797544857076,74.09231232876819,74.82541565342943,2039200
2024-11-20,75.2750473022461,75.45099238873702,74.58104375484083,74.90360353214733,1369500
2024-11-21,76.56529998779297,76.72169145919993,74.98179439129589,75.1675162550086,1740700
2024-11-22,77.22998809814453,77.64052414056815,76.65327631306288,77.02472007693272,1260600
2024-11-25,80.31880187988281,81.18875059892034,78.19769129335371,78.3931825385819,2001500
2024-11-26,78.89168548583984,79.90825624613555,78.06083660658733,79.18492977616994,1437100
2024-11-27,78.60822296142578,79.64434738389346,78.57890002204215,79.16538118225236,759600
2024-11-29,78.74506378173828,79.37064464426852,78.53979576036231,78.96010860151658,684500
2024-12-02,78.68641662597656,79.07740652307388,77.9239904282684,78.41272593526205,1410200
2024-12-03,78.94055938720703,79.34131861594565,78.36384762412911,79.05785113341743,1156000
2024-12-04,78.54956817626953,78.8134820583107,77.70894254086178,78.56911431447152,1071700
2024-12-05,78.57889556884766,79.096954021966,78.40295048500444,78.56911877043633,1245000
2024-12-06,79.1849365234375,79.86916331582722,78.79394658885221,79.44885044121276,1325000
2024-12-09,79.40974426269531,80.17217047167978,78.9307855468611,79.28267571370195,1799800
2024-12-10,77.56232452392578,79.3608750920449,76.92696686468513,78.76461716879729,1341600
2024-12-11,77.56232452392578,78.3931734056195,77.09314260703356,78.29542779439296,1543300
2024-12-12,77.44503021240234,77.82624330383784,76.86831844746668,77.44503021240234,1065600
2024-12-13,76.98562622070312,77.58188419060131,76.59463628769424,77.01494916061407,834700
2024-12-16,76.02770233154297,77.08337292832373,75.96905645089275,76.27207011093594,1083800
2024-12-17,74.854736328125,76.28184319538008,74.56149202412895,75.26527238770953,1403100
2024-12-18,72.29376220703125,75.470543306021,72.24489312616981,74.86450853473991,1657600
2024-12-19,71.05237579345703,72.71407366052753,70.99372245705169,71.7366025722478,1712500
2024-12-20,72.71405792236328,72.88022618160251,70.9741609550091,71.00348388810885,4408100
2024-12-23,72.21556091308594,72.75317299163487,71.99074674024732,72.24489130988067,1227500
2024-12-24,72.45992279052734,72.45992279052734,71.71705019742176,72.07870969583813,300400
2024-12-26,72.14714050292969,72.31331625993876,71.45313690722796,71.8441268441408,688400
2024-12-27,71.57042694091797,72.44037552371428,71.08169144687457,71.73659521908989,747800
2024-12-30,70.88619995117188,71.31628961587555,70.143327294427,71.31628961587555,821800
2024-12-31,70.9350814819336,71.3749405190621,70.62229101036124,71.26742555283033,710500
2025-01-02,70.00648498535156,71.83435122486124,69.8207630843269,71.35539245946977,893700
2025-01-03,70.57341003417969,70.73958578794083,69.71323815579389,70.2508502407304,838600
2025-01-06,71.45313262939453,72.1764591219951,70.72002933814046,70.72002933814046,1339800
2025-01-07,70.08467102050781,71.83434508788191,69.81098032080902,71.23808715317574,1284300
2025-01-08,70.84710693359375,70.86665307382586,69.41999259873744,70.03580414998005,1078100
2025-01-10,70.5049819946289,70.97417136557901,69.99670034548566,70.97417136557901,1629100
2025-01-13,71.90277099609375,71.93209393559259,70.19219658854385,70.32904194454683,1130400
2025-01-14,74.15094757080078,74.17049370868213,72.33285098986012,72.63586460084638,1649700
2025-01-15,75.35324096679688,76.73147875071504,75.10887320007485,76.2622893573033,1707200
2025-01-16,75.80288696289062,75.86153284262188,74.37577259098697,74.89383853949285,1437000
2025-01-17,76.438232421875,76.83899912828394,75.96905049840994,76.44800922038826,1659200
2025-01-21,76.89765167236328,77.96309907732935,76.41869290885303,77.10291971386768,1376800
2025-01-22,76.81944274902344,76.91719581559111,76.1938619020524,76.50665232553793,1183600
2025-01-23,77.65030670166016,77.73827552120278,76.78035801779066,77.14201755259388,1446500
2025-01-24,77.4645767211914,78.32474851616723,77.26908550426887,77.64052179942645,1205300
2025-01-27,80.0060043334961,80.32857157134119,77.60142643390158,77.76759472339306,1372700
2025-01-28,78.58867645263672,79.9375838605487,78.27588600482325,79.67366994982055,1490600
2025-01-29,77.89466094970703,79.28266788320572,77.78713855059685,78.65708708338909,1280100
2025-01-30,79.27290344238281,79.61501683037302,78.04128778810549,78.39317797504187,1152500
2025-01-31,77.49390411376953,78.8916880219208,77.42548143816124,78.75484267070422,1330700
2025-02-03,75.89086151123047,76.61418809339717,74.33668592093147,75.86153856915136,1797900
2025-02-04,75.54873657226562,76.57507667611561,75.4607603019287,75.65625898183735,1392000
2025-02-05,76.01792907714844,76.30139660936456,75.0697883132005,76.30139660936456,1606800
2025-02-06,75.70513916015625,76.65328738859228,75.6171703344316,76.35027371218979,1677800
2025-02-07,75.5096435546875,75.96905617145852,74.7374404797445,75.48032061447024,1828800
2025-02-10,75.83220672607422,76.72170151395802,75.52918562596035,76.08634383260538,2726200
2025-02-11,76.87809753417969,77.16156502605986,75.43143713725883,76.28183961289933,2377000
2025-02-12,74.9915771484375,75.33369051074548,73.82838425907838,73.92612986866466,2026900
2025-02-13,75.87129974365234,75.9983682856637,75.04044344911803,75.60737840426727,1426000
2025-02-14,76.62395477294922,77.37661165529914,76.17431898625874,76.17431898625874,1292900
2025-02-18,75.55850982666016,76.92696323427452,75.40211089006894,76.92696323427452,1070500
2025-02-19,74.93292999267578,75.67580257883643,74.04342780837541,74.65923184999824,1451100
2025-02-20,74.5615005493164,75.07955908243225,74.24871006946269,74.62014643381607,997700
2025-02-21,73.44263458251953,75.02278537244791,73.09912516904458,74.85593152480841,1196900
2025-02-24,72.67709350585938,73.79595696060079,72.61820083228024,73.43281417731188,1689200
2025-02-25,74.67926788330078,75.28777561662716,72.84394296520287,73.23652835806041,1497300
2025-02-26,74.6203842163086,75.28777715138834,74.43390446611252,74.7872305780926,1505500
2025-02-27,73.3248519897461,74.9442619636524,73.24633341803039,74.18853381478932,1159500
2025-02-28,73.78614044189453,74.18853502459892,72.70653627099935,73.61929409023523,1811700
2025-03-03,72.56913757324219,74.79704794979412,72.28451334223885,74.22779948778745,1977300
2025-03-04,71.15582275390625,72.71633996215874,70.6062077605005,71.66617846379121,2259900
2025-03-05,72.21580505371094,73.76651314526462,71.33248984409535,71.55822886519721,1361600
2025-03-06,72.77523040771484,73.17762494760785,71.27359842665558,72.07839499438406,1884800
2025-03-07,73.8057632446289,74.31612645974795,72.43172571456134,72.66727393572393,2928800
2025-03-10,72.53968811035156,74.9442613168323,72.40227686706348,73.60947556095815,1975800
2025-03-11,70.06639862060547,73.12855519727437,69.95843746807294,72.32375864344978,2105000
2025-03-12,69.81121826171875,70.69453339436475,69.15364213050437,70.10565913524825,1581200
2025-03-13,67.92683410644531,70.05660014579074,67.78943032893555,69.80142598066936,1583800
2025-03-14,69.00643157958984,69.11439274948766,67.93664406253055,68.84940191570254,2231600
2025-03-17,69.77195739746094,70.02713898287132,68.80031451755143,69.17327394729173,2520100
2025-03-18,69.36956787109375,70.09584591033516,69.05550108483183,69.55604759941711,2017100
2025-03-19,70.28233337402344,70.41973714013943,69.00643270243927,69.34013291153788,2160300
2025-03-20,69.10458374023438,70.34121761867765,69.03587437015508,69.68364139138652,2666600
2025-03-21,68.3095932006836,68.43718775317954,67.24961493412127,68.18200613613087,6155200
2025-03-24,69.46771240234375,69.90937373489734,68.63347320255521,69.06531784204506,2182000
2025-03-25,69.0849380493164,69.90936797607117,68.6530934454,69.21252509686343,2049100
2025-03-26,69.10458374023438,69.85048774972422,68.59422048327443,69.03587437015508,1612000
2025-03-27,69.15364837646484,69.45789848210072,68.67273522834356,69.43827258313263,1984300
2025-03-28,67.39683532714844,69.57567704387154,67.20054638370841,69.57567704387154,1142700
2025-03-31,68.25071716308594,68.6531117978056,66.58223096698742,67.03370907610346,1896400
2025-04-01,68.54513549804688,68.69235593698474,67.30850178203096,68.29977059579795,1530400
2025-04-02,69.74252319335938,69.9093770315395,67.53423889028623,67.89738167134003,1197600
2025-04-03,62.96063995361328,66.59203777351462,61.94973393756912,66.5527784877714,4439000
2025-04-04,61.75343704223633,63.49062475019551,59.17220095614947,60.987899742298765,4248600
2025-04-07,59.82978057861328,62.852678159014765,58.72073384728462,60.065332546737,3316200
2025-04-08,57.64112854003906,60.850502253321494,56.738187400483284,60.850502253321494,2732500
2025-04-09,62.587684631347656,63.1961885884125,56.20819667175126,56.924661793321654,4300200
2025-04-10,60.55606460571289,61.301972334884944,58.19074686413993,61.00753517189523,2713100
2025-04-11,60.79161071777344,61.38048876718125,58.56369681371934,60.21254936170676,2489900
2025-04-14,61.252899169921875,61.871219823608044,60.32051171461103,61.871219823608044,1761900
2025-04-15,60.72290802001953,62.038064112102035,60.526615339535134,61.223454542453304,2527300
2025-04-16,59.75126647949219,61.14493743061639,59.27034958803698,60.65420758969014,2054000
2025-04-17,60.438289642333984,60.87994350864343,59.81996898794053,60.13403578992447,1742400
2025-04-21,58.93665313720703,59.9377424618162,58.40666401053661,59.54515709154813,3023500
2025-04-22,60.29106903076172,60.50699136054146,59.37831121992937,59.515714977435906,4445100
2025-04-23,58.22018814086914,64.24635000009356,55.501544367589325,57.89630839209499,5723000
2025-04-24,59.1820182800293,59.319422036948,57.827602865883485,58.94647005216056,3216100
2025-04-25,59.29979705810547,59.702199154977144,58.67166340908841,58.94647468851228,2892900
2025-04-28,59.35867691040039,60.52661250136067,58.98572120936559,59.40774914222756,2343400
2025-04-29,59.339046478271484,60.12421340895887,58.828687037331875,59.074051937169884,2910300
2025-04-30,59.48626708984375,59.54515226983559,57.95518876254435,58.858133543455665,3164700
2025-05-01,59.1820182800293,60.16347796541609,58.887581123207575,59.44701284436032,1896200
2025-05-02,61.11549758911133,61.517895927024405,59.71200988137191,59.92793221916928,2613100
2025-05-05,60.61494827270508,61.34123008425009,60.251809238918355,60.732726130126366,2093300
2025-05-06,59.437198638916016,60.53643241500982,59.40775230307596,59.99663034824769,1245500
2025-05-07,59.29979705810547,59.63349352714227,58.84832646587095,59.5353490484728,2513600
2025-05-08,60.56587600708008,61.095865133295575,59.46664221283323,60.0064442885098,2203500
2025-05-09,60.94864273071289,61.419746657124094,60.66402227780256,60.92901683241958,2510900
2025-05-12,67.87775421142578,68.17218761896598,65.18854933064522,65.34558647168774,5885500
2025-05-13,66.80795288085938,68.62365159457836,66.52332870593919,68.28995893373957,2881700
2025-05-14,65.40447235107422,66.7196322134893,65.25725190176716,66.53315247850416,2669000
2025-05-15,65.97371673583984,66.17982235711611,64.46226802520454,65.23762202216345,1915600
2025-05-16,66.40556335449219,66.45463184410917,65.5615074584742,65.97371871338265,1678700
2025-05-19,65.49280548095703,65.64983513060757,64.7174514619611,64.7174514619611,1296700
2025-05-20,64.67819213867188,65.42410356590625,64.50152910295697,65.27688312148668,1326100
2025-05-21,61.841773986816406,63.804697128793556,61.64548504219316,63.70655265648193,2382000
2025-05-22,61.51789093017578,61.88102995099817,61.00753146481845,61.48844833885737,2185100
2025-05-23,60.94581604003906,61.182535014607396,60.314560424416484,60.492101536632866,1678100
2025-05-27,62.62259292602539,62.70149799896287,61.09376621980013,61.71516013047193,2047900
2025-05-28,61.734886169433594,63.35248340367169,61.63625388948579,63.28344005519217,1494200
2025-05-29,62.5831413269043,62.69163909933771,61.508032851324906,62.42532741134129,1754500
2025-05-30,61.56721115112305,62.080107320955754,61.22199438420707,62.080107320955754,3116200
2025-06-02,60.49209976196289,60.935948766902285,59.30849363610413,60.935948766902285,2342700
2025-06-03,61.72502517700195,61.89270080741375,60.363877874647095,60.758410761687976,1686000
2025-06-04,62.49436950683594,62.8790406831198,61.9321572087933,61.99133507432592,1280000
2025-06-05,62.45491409301758,62.721225771412676,61.92229073622739,62.54368465248261,1931000
2025-06-06,62.326690673828125,63.48070797572808,62.07024447483953,62.94808460562041,1509400
2025-06-09,62.849449157714844,63.20453138658469,62.17873911708964,63.20453138658469,1965800
2025-06-10,64.417724609375,64.57554228243502,62.98753769178249,63.342619931006716,2067500
2025-06-11,62.9875373840332,65.37447323869755,62.94808296596097,65.06871090508871,1578100
2025-06-12,62.95794677734375,63.38207235388928,61.892700093206976,62.81985631776356,1668600
2025-06-13,61.03458786010742,62.22805576827055,60.728821768829285,61.60666186264482,1762700
2025-06-16,61.636253356933594,61.843383400582496,60.758409517629666,61.76447456724181,1908500
2025-06-17,60.284969329833984,61.71515998836882,60.00879593131815,60.876774307114104,2779800
2025-06-18,60.06797790527344,61.02472308248617,59.90029851050436,60.314562373254724,2520500
2025-06-20,60.35401153564453,61.01485985002933,60.294833672844305,60.40333143808511,5148300
2025-06-23,62.089969635009766,62.24778354362012,59.841116734086796,59.92988729284139,3147000
2025-06-24,62.90863037109375,63.07630977147021,62.297101923572484,62.583140819015526,2584200
2025-06-25,62.326690673828125,62.90863018652047,62.040655541804824,62.800132415285894,1452400
2025-06-26,62.869178771972656,63.06644333993289,62.306962713028554,62.83958607671426,2263600
2025-06-27,63.29330062866211,63.85551292525236,62.73108833207186,63.145348440051855,2796100
2025-06-30,63.480709075927734,63.63851922990153,62.898769553149656,63.60893029635402,1910800
2025-07-01,66.18326568603516,67.60359454349236,62.819853897320186,62.928351658662635,3292600
2025-07-02,66.36080932617188,66.57780485713936,65.55201259039526,66.4199871891046,2320800
2025-07-03,65.47309875488281,66.6567085992456,65.27583421006902,66.24244854004064,1335800
2025-07-07,64.40786743164062,65.6407897980567,63.93442193186604,65.21666420300313,1436000
2025-07-08,64.65444946289062,65.72955411372092,64.27963626155403,64.4769083478261,2001700
2025-07-09,65.97614288330078,66.19313842978087,64.46704706934884,65.08843725004637,1599400
2025-07-10,66.57779693603516,67.55426918405229,66.03530817315914,66.0846280698423,1402100
2025-07-11,64.95034790039062,65.70983228216748,64.63472007976098,65.62105795987371,1808000
2025-07-14,65.00952911376953,65.16733925136542,63.99359484138703,64.71362475868176,1724600
2025-07-15,63.55961608886719,66.77507219464114,63.51029618426464,65.79859978983009,2078100
2025-07-16,64.09223175048828,64.39799405182796,62.977665251767505,63.70755309617191,1418400
2025-07-17,64.97993469238281,65.13775236007966,64.21059237526212,64.26977776322873,1216200
2025-07-18,64.664306640625,65.42379099454836,64.27963548350142,65.42379099454836,1654000
2025-07-21,64.24018096923828,65.09829760122126,64.15141417549549,65.00953080747848,1678200
2025-07-22,65.79859924316406,65.98600584890366,63.342620022612095,63.4313868199661,2262500
2025-07-23,66.9328842163086,67.40632214980006,65.99586630928486,66.627121904047,3402100
2025-07-24,66.50875854492188,66.9723385176653,65.74928174553985,66.92301861731207,3028100
2025-07-25,66.82439422607422,67.11043312651883,66.30163633135729,67.02165880044097,1590500
2025-07-28,66.57779693603516,67.42604798789964,66.13394796652547,66.70601813218781,1866500
2025-07-29,65.73942565917969,66.93289367178701,65.28571110667156,66.5778114089265,3194100
2025-07-30,64.83199310302734,65.79860002534551,64.29936973708917,65.6605133221572,4454400
2025-07-31,67.1991958618164,71.69690163184197,66.91315697867745,70.68097483751158,5236400
2025-08-01,67.88963317871094,68.09676321551825,66.08463318275541,66.92301881511652,4104900
2025-08-04,68.51103210449219,68.84639091568364,67.53455965528285,68.22499320014576,3214800
2025-08-05,69.00419616699219,69.78340398375231,68.35321708884923,68.40252946702755,2334900
2025-08-06,68.38280487060547,69.45790951383458,68.10663147693784,69.19160160570095,2437800
2025-08-07,68.40253448486328,69.6453223935994,68.1756809732481,69.10283351771741,2663600
2025-08-08,68.65022277832031,69.05643317826554,68.37280932295289,68.64031299521442,1435700
2025-08-11,68.2638168334961,69.29421495297308,67.67926063811397,68.91771882609848,2155400
2025-08-12,70.552490234375,70.73082852866474,68.62049834536069,68.84837043537291,3031400
2025-08-13,73.95082092285156,74.04989607441584,70.67138578469172,70.89925787739462,2584300
2025-08-14,72.89070129394531,73.0095960117902,72.20706989449903,72.86097950422149,2144400
2025-08-15,72.8411636352539,73.52479506939568,72.29624649177927,72.99968993375923,2377000
2025-08-18,72.37550354003906,73.06903714016258,72.37550354003906,72.8312552713987,1612600
2025-08-19,73.79229736328125,74.7137105745373,72.70244809054364,72.95013973272054,1928300
2025-08-20,72.34577941894531,74.0300873049904,72.33587719462054,73.3464558790877,2418600
2025-08-21,71.6522445678711,71.95937981368876,71.13704923047216,71.70178592446415,1424000
2025-08-22,74.88214874267578,75.7044869149963,71.65224719527535,72.09808918516237,2447900
2025-08-25,73.8121109008789,74.61462941932673,73.60405082420536,74.248050619023,1776500
2025-08-26,73.57433319091797,74.33722018180342,73.49507004515205,73.72294969949165,2713500
2025-08-27,73.85174560546875,74.20842219745896,73.23746757283017,73.28700892797585,2237200
2025-08-28,72.87088775634766,74.15887982400449,72.35568488212539,74.0399926676066,1498200
2025-08-29,72.71236419677734,73.27710088769979,72.3556875963053,72.96005586049684,1098500
2025-09-02,71.71168518066406,71.93956482903113,70.86953506608474,71.49372287394485,2277400
2025-09-03,71.66215515136719,71.8206738881259,70.98843351250554,71.44418527424286,1149100
2025-09-04,73.29692077636719,73.32664256671237,71.79095122131353,72.22689097024218,1760800
2025-09-05,75.36761474609375,75.57567482443031,74.23814143000996,74.3966601549072,2806500
2025-09-08,75.1001205444336,75.39734602563676,73.57433888561663,75.17937613738431,2319800
2025-09-09,72.77180480957031,74.76324782116983,72.32596285663655,74.4759245958983,3140500
2025-09-10,72.49440002441406,73.22757284912609,72.35569328653888,72.81144507655024,1975100
2025-09-11,74.52546691894531,74.72361722083618,72.4943923092913,72.79162532107708,1694800
2025-09-12,72.95014953613281,74.33722443051548,72.86098416126217,73.97064558855831,1639600
2025-09-15,72.7817153930664,73.5247903620986,72.39531701388562,73.43562499411048,1487400
2025-09-16,72.6231918334961,73.3860787583585,72.39531219887805,73.11857511323632,2082500
2025-09-17,71.80086517333984,74.8425186914482,71.11723371990844,73.02941378562151,2772000
2025-09-18,72.31605529785156,72.61328831491419,71.7612283955476,72.1872583552309,2902700
2025-09-19,71.57298278808594,72.41513295360636,71.3649226925303,72.41513295360636,4819600
2025-09-22,70.37415313720703,71.83058130552337,70.37415313720703,71.35500999301105,3003500
2025-09-23,70.91908264160156,70.96861644153987,70.06702266958169,70.58221803085064,3548700
2025-09-24,70.91908264160156,71.30548105229079,70.31471434612351,70.44351129670324,2548900
2025-09-25,69.82923889160156,71.08750924852957,69.61126901269674,70.23544929951065,1868800
2025-09-26,69.78960418701172,70.18590479384497,69.08616078324829,70.05710785251912,1720900
2025-09-29,69.39329528808594,70.44350549120772,68.54123538628731,70.35434012329713,2302600
2025-09-30,69.74005889892578,69.89858517987916,68.89790881847102,69.56172061232779,1821100
2025-10-01,69.57164001464844,70.0967451647545,69.05643708925935,69.19514382479868,1597200
2025-10-02,70.34442901611328,70.40387259360115,69.19513612501913,69.54191048422986,1761300
2025-10-03,69.73015594482422,70.99834363978881,69.69052437070502,70.37415579609885,1502200
2025-10-06,68.15483856201172,70.06701849329876,67.93686869021481,69.86886062850627,1852600
2025-10-07,67.8972396850586,68.41244259405384,67.69908937172191,68.03594641618426,1895600
2025-10-08,68.17464447021484,68.35298275309938,67.3126824020637,67.98640396418875,1269100
2025-10-09,66.77767181396484,68.18455860262245,66.48043880387686,68.17464881989966,1484100
2025-10-10,64.48899841308594,67.54056154675233,64.37011125135201,67.21360673408455,2261800
2025-10-13,65.38068389892578,65.57884174848049,64.84566904355165,65.36087189344484,2105300
2025-10-14,67.50093078613281,67.8080735951939,64.80605178206189,64.96457051926613,1968400
2025-10-15,66.88665771484375,68.28363474099129,66.53989090402341,67.6495446986485,1547000
2025-10-16,67.40185546875,67.49102839986013,66.54979552634128,67.20370515798278,1748100
2025-10-17,67.24333190917969,67.77834678061926,66.70831703774012,67.46129421181126,1802400
2025-10-20,68.07557678222656,68.31335866579968,67.25323863447187,67.53065965074859,1472300
2025-10-21,69.5320053100586,69.85896012581016,67.37213366377374,67.56038175022763,1437900
2025-10-22,68.34308624267578,69.74006327625222,68.30345466994991,69.21495816579619,1413000
2025-10-23,68.8483657836914,69.00689206077135,67.75852408508808,68.44215542683469,1306200
2025-10-24,67.5108413696289,69.79950999509626,67.391946646104,69.4626529502006,2203000
2025-10-27,67.68917846679688,68.67003535177605,67.45139658294279,67.61982510238319,1976400
2025-10-28,67.79816436767578,68.63040475245694,67.17398407908992,67.6990892112423,4224900
2025-10-29,64.6177978515625,67.37212774708499,63.389245623793904,63.90444470127915,4483800
2025-10-30,64.38992309570312,65.97514823939147,64.10259985732371,64.40974266190845,3033500
2025-10-31,64.16204833984375,64.57816850552607,63.71619882608463,63.96389048074544,2536900
2025-11-03,63.111839294433594,64.00352705319575,62.4975650011341,63.74592559571613,3485700
2025-11-04,62.41830062866211,63.111838058208896,61.942733077409294,62.239962324507935,2795400
2025-11-05,62.82451248168945,63.88463626344542,60.94205435418514,61.56623839554338,4508600
2025-11-06,61.526607513427734,63.14155821276128,61.44734814667708,62.864144759921714,2838400
2025-11-07,61.72575759887695,62.21366675429019,61.13827243327176,61.3274611549819,3024500
2025-11-10,61.20797348022461,61.98464736422855,60.74993143216725,61.815373845278515,2322300
2025-11-11,61.666011810302734,61.96473224312197,61.158183655917284,61.735713118012676,1787700
2025-11-12,62.25349807739258,62.47256150461246,61.58635209378498,61.735714212059705,1673400
2025-11-13,61.536563873291016,62.781235488035726,61.3374156552446,61.92490080934155,1743700
2025-11-14,60.49104309082031,61.78550086640983,60.38151137623936,61.257761294450496,2373800
2025-11-17,59.10696792602539,60.610529607991595,58.97752101085646,60.411381384293946,2465800
2025-11-18,58.83811950683594,59.34594387835681,58.04153039541275,58.738547292321726,2655600
2025-11-19,59.18662643432617,59.64466849995374,58.45973862810479,59.03726811160033,2516500
2025-11-20,59.84381103515625,60.361594894102666,59.34594237829659,59.6944527171602,2817300
2025-11-21,61.974693298339844,63.02021673865864,60.142536453058376,60.33172517895568,3104400
2025-11-24,61.47682189941406,62.40285408370161,61.44694719780482,61.77554232645227,3310700
2025-11-25,63.070003509521484,63.43842526317281,61.68592920936098,62.223628286648754,4157700
2025-11-26,64.14539337158203,64.61339110588901,62.611960856343906,62.701577362946594,2880400
2025-11-28,64.5934829711914,64.78266789696113,63.88651038246491,64.47399175738457,829500
2025-12-01,64.49390411376953,65.15109440410399,63.23927673775943,63.717234003172955,1870500
2025-12-02,63.99603271484375,64.46403045978184,63.398591856211745,64.44411905647227,2652000
2025-12-03,64.34455108642578,65.10130601202185,63.85663430915217,64.11552815047355,1643000
2025-12-04,64.12548828125,65.16105605983675,63.94625525040088,64.45408343728559,2775300
2025-12-05,62.930599212646484,64.79262693242343,62.37298494752493,63.428467871293314,4281700
2025-12-08,62.19375228881836,62.27341309791536,61.3772479877563,61.994604064512295,2969800
2025-12-09,60.84950637817383,62.492470627032176,60.759889870168,61.775542361421905,2500400
2025-12-10,63.16957473754883,63.518085081502655,61.09844306994937,61.2975912952892,3002700
2025-12-11,64.41424560546875,64.72292172423131,63.49816535356973,63.49816535356973,2706100
2025-12-12,63.667442321777344,64.89219875895424,63.39859279189416,64.45407950782345,1744900
2025-12-15,64.64326477050781,64.7229255790854,62.47256091487845,64.69305467508701,2989500
2025-12-16,64.49390411376953,65.0714335937229,63.926334134332045,64.61339532934116,2414500
2025-12-17,64.83245849609375,65.37015756867237,63.7271894463832,63.85663256507189,2700900
2025-12-18,64.83245849609375,65.94768704627973,64.61339506687213,65.57926149741856,2467800
2025-12-19,63.8466796875,64.88224741183109,63.61765676129665,64.41424965597376,5390700
2025-12-22,63.986080169677734,64.35449810375373,63.33884941395618,64.04582197587976,2733400
2025-12-23,63.79689025878906,64.35450073110005,62.890769442847265,64.03586509022621,1808600
2025-12-24,64.47399139404297,64.78266753188,63.737147905235446,63.956211330877025,1073200
2025-12-26,64.46403503417969,64.80258968944786,64.10556897418903,64.27485010025973,1014900
2025-12-29,64.32463073730469,64.75279809799652,63.68735944653634,64.69305628850981,1850500
2025-12-30,63.926334381103516,64.72292729424342,63.90642297686788,64.00599519179211,1018000
2025-12-31,63.18948745727539,63.856629617750556,63.07995574772005,63.61765479548101,968200
2026-01-02,64.19518280029297,64.60343112927039,62.73144780272968,63.38863424682083,1364800
2026-01-05,63.51808547973633,65.37015752966656,63.44838417019586,63.68735900335277,2346600
2026-01-06,65.74853515625,65.9576390854259,62.840983955033224,62.87085485964793,2513000
2026-01-07,64.02590942382812,66.08708526640912,63.42846478347482,66.08708526640912,2689300
2026-01-08,66.93346405029297,67.7897987556019,63.43842392034017,63.468298622959246,3209900
2026-01-09,69.0245132446289,69.21370577335213,66.33602542098693,67.68026933280791,3013100
2026-01-12,69.25353240966797,69.60203894607805,68.2279166069858,68.64613204755064,1980800
2026-01-13,69.55224609375,69.92067161483533,68.91497485508033,69.33318268104372,1750600
2026-01-14,69.77131652832031,70.8765856059394,68.79549057265842,69.43276947233697,1801500
2026-01-15,70.90645599365234,71.0956485217168,69.79122742344717,70.26918469549885,1622300
2026-01-16,70.16960906982422,71.27487808566684,70.14969006948371,70.8068803370108,3345800
2026-01-20,67.86946105957031,69.84101674777858,67.8495420584279,68.94485161819615,2555800
2026-01-21,69.88084411621094,70.75709020656981,68.23787604952442,68.38723816410914,2249600
2026-01-22,69.60204315185547,70.65752232501097,69.01455415765932,70.26918536142081,2050900
2026-01-23,68.43702697753906,69.65182008452045,68.08851285010326,69.55224787534134,1590500
2026-01-26,68.29761505126953,68.53659746353792,67.48111080153355,68.27770364868337,1830100
2026-01-27,66.88367462158203,68.07856397550448,66.77414290755065,67.76988023738289,1625200
2026-01-28,66.19661712646484,67.46120011815921,65.78836119880818,66.9434200798024,2931800
2026-01-29,65.99746704101562,66.77414091966328,65.14113235510342,66.58495599850085,2791600
2026-01-30,65.80827331542969,65.87798221816158,64.82249553345567,65.32036417441442,1903700
2026-02-02,66.2862319946289,66.83389055034026,65.70870253531017,66.01738626528963,2452300
2026-02-03,67.75992584228516,68.95480755539859,65.70870185238111,65.80827406232846,2824100
2026-02-04,71.10560607910156,71.31471000588665,68.29761952745717,68.37728033676757,3090900
2026-02-05,70.806884765625,71.52381688526859,69.98042092787625,70.64756314042722,3238700
2026-02-06,72.55937957763672,72.97758741918706,71.08568503524207,71.29478895601724,2995300
2026-02-09,71.30474853515625,73.39579534209861,71.03589521038109,72.648992368414,4762600
2026-02-10,77.48828125,78.85244417157197,75.07859865587129,76.86096944646596,6919500
2026-02-11,76.15399169921875,76.67177175023271,74.99893278998908,76.55228053990363,5039600
2026-02-12,77.20947265625,78.4441848051552,76.3133075494346,76.92070792200543,4569000
2026-02-13,75.86522674560547,76.30334598842647,74.66038553332058,75.39722900263682,2651200
2026-02-17,75.84530639648438,76.52240804720736,74.71016651098886,75.92496720171592,2067600
2026-02-18,76.3929672241211,77.51814764344063,75.56650343805677,76.10420249416346,2852200
2026-02-19,74.75,76.59211251502224,74.6802986917626,75.97476024116895,2574800
2026-02-20,75.1500015258789,76.83000183105469,74.23999786376953,74.97000122070312,3092500
2026-02-23,73.81999969482422,75.44000244140625,73.43000030517578,75.1500015258789,2110100
2026-02-24,73.87999725341797,75.4000015258789,73.77999877929688,74.18000030517578,2330300
2026-02-25,71.86000061035156,73.98999786376953,70.8499984741211,73.76000213623047,2060200
2026-02-26,72.4000015258789,72.7699966430664,70.91999816894531,72.45999908447266,2301200
2026-02-27,71.62000274658203,72.29000091552734,70.83000183105469,71.47000122070312,2262700
2026-03-02,69.80000305175781,72.2300033569336,69.31999969482422,72.2300033569336,2157500
2026-03-03,68.02999877929688,68.88999938964844,66.91999816894531,67.80999755859375,2592300
2026-03-04,68.44000244140625,68.62999725341797,67.19999694824219,68.22000122070312,1846000
2026-03-05,65.30000305175781,68.5199966430664,64.97000122070312,67.58999633789062,3258600
2026-03-06,63.65999984741211,64.0,62.2599983215332,63.36000061035156,2378500
2026-03-09,64.23999786376953,64.2699966430664,61.29999923706055,62.25,3109800
2026-03-10,63.470001220703125,65.13999938964844,63.09000015258789,63.86000061035156,2204400
2026-03-11,62.4900016784668,63.81999969482422,62.22999954223633,63.18000030517578,1595700
2026-03-12,60.65999984741211,62.40999984741211,60.5099983215332,61.869998931884766,2389500
2026-03-13,61.52000045776367,62.09000015258789,61.0099983215332,61.290000915527344,2191900
2026-03-16,62.099998474121094,62.70000076293945,61.75,61.95000076293945,2318600
2026-03-17,61.75,62.900001525878906,61.34000015258789,62.540000915527344,2061300
2026-03-18,59.91999816894531,62.15999984741211,59.72999954223633,61.20000076293945,2460100
2026-03-19,59.720001220703125,59.83000183105469,58.45000076293945,59.220001220703125,2925200
2026-03-20,58.84000015258789,60.040000915527344,58.15999984741211,59.75,7569500
2026-03-23,60.08000183105469,61.34000015258789,59.709999084472656,60.099998474121094,2685500
2026-03-24,60.369998931884766,60.959999084472656,58.90999984741211,59.22999954223633,2397000
2026-03-25,61.52000045776367,61.68000030517578,59.959999084472656,61.290000915527344,2014900
2026-03-26,60.189998626708984,61.63999938964844,59.95000076293945,60.65999984741211,1651200
2026-03-27,59.5,60.65999984741211,59.380001068115234,59.90999984741211,2041100
2026-03-30,58.599998474121094,60.130001068115234,58.45000076293945,60.130001068115234,2405000
2026-03-31,60.369998931884766,61.38999938964844,58.83000183105469,59.77000045776367,2377800
2026-04-01,60.689998626708984,61.310001373291016,60.0099983215332,60.619998931884766,2099300
2026-04-02,59.119998931884766,61.06999969482422,58.40999984741211,59.040000915527344,2056100
2026-04-06,59.689998626708984,59.779998779296875,58.52000045776367,58.869998931884766,1448800
2026-04-07,59.099998474121094,59.720001220703125,58.77000045776367,59.11000061035156,2601100
2026-04-08,62.22999954223633,63.040000915527344,61.540000915527344,61.790000915527344,2954500
2026-04-09,63.41999816894531,63.88999938964844,61.560001373291016,61.599998474121094,2727500
