Price,Close,High,Low,Open,Volume
Ticker,MDT,MDT,MDT,MDT,MDT
Date,,,,,
2021-04-12,104.54302978515625,104.94647301732361,103.99366222828345,104.50869349422946,4361400
2021-04-13,106.12247467041016,106.36282874040982,104.08809990392707,104.24260996015177,6238700
2021-04-14,106.35423278808594,107.17828415894107,106.03662699504648,106.09671386951577,5845000
2021-04-15,108.02809143066406,108.27702465114405,106.4486611960057,106.4486611960057,5605300
2021-04-16,108.07958984375,108.86930489310737,107.36712653773114,108.86930489310737,4509800
2021-04-19,108.2684326171875,108.40577778555998,107.38429437996838,107.60747700408463,4172200
2021-04-20,110.11397552490234,110.2341492816216,107.97659193870584,108.07960082259886,5411000
2021-04-21,111.80499267578125,112.77497492258699,110.18264052286858,110.56891235014183,6046000
2021-04-22,111.46163177490234,112.37152050809259,111.01526656878745,111.65047808910654,3623300
2021-04-23,112.62046813964844,113.12691375946147,111.16979077276248,111.4959823031981,3801200
2021-04-26,111.69338989257812,112.86938980668062,111.60755899168028,112.80929638789237,2793900
2021-04-27,111.56464385986328,111.92516510091959,110.64616278782574,111.04960603095078,3279100
2021-04-28,112.62046813964844,112.98098941636063,111.5904054779054,111.81358157359655,3875100
2021-04-29,112.87797546386719,113.56468820034884,112.37152989616993,113.3758418703675,4239100
2021-04-30,112.3801040649414,112.62904380611056,111.40154271576283,112.1655071629465,4866200
2021-05-03,112.62046813964844,113.22992919420594,112.36294919972333,113.1011631752647,3109800
2021-05-04,110.30281066894531,112.4402005870551,109.93371027434817,112.33718516464536,6659000
2021-05-05,109.01522827148438,110.25988770696136,108.50878271672464,110.1826359642941,7670900
2021-05-06,109.27275848388672,109.44443340689436,108.00234178710319,108.79205691130397,4449500
2021-05-07,108.7577133178711,110.25131255350773,108.60320327794241,109.40150405941093,3871100
2021-05-10,108.92940521240234,109.90796016037982,108.86931833272885,109.01524267636752,3866400
2021-05-11,107.4873275756836,108.79207422553593,106.8177861008265,108.41438802501474,3501400
2021-05-12,105.68468475341797,107.2126136492503,105.46150214141551,106.77483413504717,4796300
2021-05-13,106.6031494140625,107.2898555084681,105.84776419654608,105.9078510616688,3261800
2021-05-14,107.53021240234375,107.8478181738421,106.92934369840386,107.11819001935002,3687600
2021-05-17,107.75342559814453,108.26845699756227,107.34998226142378,107.68475299849429,3008000
2021-05-18,108.02809143066406,109.13541235667014,107.71049217096562,107.71049217096562,4232700
2021-05-19,107.87356567382812,108.06241198938179,106.78341632810131,107.38428501488342,4608900
2021-05-20,108.7577133178711,109.25557972974997,107.56455500080219,107.68472874863804,3385000
2021-05-21,109.26417541503906,110.36291721538241,109.15258736728376,109.2727611260906,3647600
2021-05-24,109.95947265625,110.44874684787062,109.61610970796102,109.95088039631952,3826900
2021-05-25,110.21697235107422,110.86076310802665,109.93371594421684,110.34573836123859,3854900
2021-05-26,108.38859558105469,110.0796266907483,107.56454429974183,109.46158004354187,6450200
2021-05-27,107.42723083496094,109.53886396543908,106.44008358865743,106.92077864467487,9866400
2021-05-28,108.66328430175781,109.90794371546822,108.47444452888095,108.71479201161307,5530000
2021-06-01,107.11819458007812,109.97662044935448,107.03235712571457,109.93371154563968,5643900
2021-06-02,106.26840209960938,107.28987903064338,105.99371829183018,106.9894446391628,6011200
2021-06-03,105.64178466796875,106.1224797329419,104.96365753046501,105.899303623621,4763000
2021-06-04,106.3113021850586,106.77483227159978,105.78768522890897,106.11387670590699,4037300
2021-06-07,106.40572357177734,107.41862117757343,106.33705099366091,106.77483049293127,5765700
2021-06-08,104.5516357421875,107.08387711037628,103.46147957832488,106.98086821764764,6380300
2021-06-09,105.67611694335938,105.77912583149563,104.70614113874687,104.87781606999513,3880100
2021-06-10,107.0752944946289,107.23839027558675,106.1568197920913,106.44867505543803,3514200
2021-06-11,106.25122833251953,107.21262491301489,105.72761131222043,107.19545349160728,6245200
2021-06-14,106.56884002685547,106.71476437199061,105.54735651295188,106.71476437199061,3434900
2021-06-15,107.44438171386719,107.60747746476322,106.39714772196695,106.84351297211039,4381800
2021-06-16,107.31560516357422,107.76197034262724,106.51730450582275,107.5216228842035,4678100
2021-06-17,107.47871398925781,107.63322402407472,106.48298774742052,106.7662506871033,3837400
2021-06-18,105.77911376953125,106.74908946353769,105.74477747740119,106.08812730074563,5820600
2021-06-21,107.76200103759766,108.00234856448209,105.85637914732979,106.01088920732391,4623500
2021-06-22,108.78348541259766,109.11825612033016,107.88217563086924,108.44870815588617,3923800
2021-06-23,107.71907043457031,108.94656510519664,107.67615497903891,108.79205505753114,3575100
2021-06-24,107.91749572753906,108.53003189152868,107.89161521565659,108.36611320690984,3690100
2021-06-25,107.77945709228516,108.40924469569228,107.40848775483096,108.05552683769139,4182600
2021-06-28,106.75282287597656,108.20219072878245,106.10578377351005,108.09003965388288,4552600
2021-06-29,107.4430160522461,107.56379617556972,106.80460588867507,106.93400846221962,3922500
2021-06-30,107.08928680419922,107.74495496289926,106.63204687398215,107.29634406401337,3704000
2021-07-01,108.8147201538086,108.86648775771651,106.98576050560764,107.3739813337954,3182400
2021-07-02,109.41860961914062,109.4444901259099,108.39197230381912,108.5472619264558,3478900
2021-07-06,109.53939056396484,109.6170320848812,108.3660926464073,109.40135241741872,3066300
2021-07-07,110.20369720458984,110.27271628798427,109.12529870913465,109.56528713824655,3216100
2021-07-08,109.94486999511719,110.1260401269371,108.48687332882498,110.05702105328538,3815300
2021-07-09,110.57463836669922,110.95423664659332,110.1346566317533,110.33307821841039,3750600
2021-07-12,110.60054016113281,111.06641565396998,110.21231935979738,110.60054016113281,3165000
2021-07-13,109.91036987304688,110.4711383759647,109.42724289812203,110.05703048060366,3214700
2021-07-14,110.20369720458984,110.48840256909737,109.59979667994376,110.47114450723772,3049700
2021-07-15,108.15042114257812,109.47037975396093,107.83121284111093,109.09941043464237,5115400
2021-07-16,108.53002166748047,108.84060094485686,107.88298260328331,108.4006125382367,3646400
2021-07-19,105.89871215820312,107.96060916368306,105.19128314270819,107.69316849380716,4678700
2021-07-20,108.27983093261719,108.80608989073566,105.90735439691055,105.90735439691055,5137300
2021-07-21,109.60843658447266,109.7205876695979,108.71983060716576,109.27197674707423,3386000
2021-07-22,109.6601791381836,110.19506712441506,108.90098901948679,109.86722979200607,2342200
2021-07-23,110.89387512207031,111.10955483444438,110.05704336695781,110.05704336695781,2985400
2021-07-26,110.4884033203125,111.02328476520083,109.60842645610572,110.67818934588237,2402200
2021-07-27,112.34324645996094,112.9644050671693,110.13468837390654,110.26409093205639,4151700
2021-07-28,112.60205078125,113.13693217402056,111.91187317390681,112.34323253299094,4317200
2021-07-29,112.74008178710938,113.22321535285886,111.72207996409256,112.96439709078969,3195600
2021-07-30,113.28360748291016,113.62870291340353,112.45540477781536,112.61931029774948,2740000
2021-08-02,113.2404556274414,114.21533200368762,113.10243063547667,113.49927387894536,3401100
2021-08-03,113.41301727294922,113.48202319139337,112.56754338550274,113.14556339179127,3208500
2021-08-04,110.75584411621094,112.99028265609742,110.67818941928515,112.69696142251536,4045100
2021-08-05,110.44525909423828,110.98014051174863,109.66881089556962,110.86798286070541,3711900
2021-08-06,110.98013305664062,111.10953559604128,110.10016287860947,110.8766110251201,2414500
2021-08-09,109.49626922607422,111.575424706922,109.2892185556983,111.00602713586053,3411500
2021-08-10,108.09864807128906,109.77231775473797,106.92535019599369,109.40997750613757,4123800
2021-08-11,108.73706817626953,109.05627647195546,108.27119927797987,108.7025586376531,3403700
2021-08-12,110.01390075683594,110.33310908897046,108.77159013489923,108.91825075424931,2689300
2021-08-13,110.72132110595703,110.74720161530792,109.77233179830138,110.28996173138431,2552500
2021-08-16,111.79971313476562,111.86010976248511,110.45387406948029,110.81621434366922,3233800
2021-08-17,112.80908966064453,112.82634772014625,111.2907095255527,111.67893029806594,3410300
2021-08-18,111.57540893554688,113.16280815408426,111.51501230895134,112.84360645362904,4050300
2021-08-19,111.23033142089844,111.6444459336419,110.43663168420692,110.92838773157308,4016600
2021-08-20,112.06715393066406,112.17931157422404,110.60917038459759,111.14405176642029,4496500
2021-08-23,110.84210205078125,112.32597936376733,110.07428288473967,112.29147640571712,5028300
2021-08-24,114.37063598632812,116.23409856279663,110.9370057337049,111.10092440958942,10319200
2021-08-25,116.0788345336914,116.63959657194194,114.05143978485427,114.4569187346217,6483800
2021-08-26,115.06079864501953,116.16507762231979,114.5604201765485,116.16507762231979,4448100
2021-08-27,115.44037628173828,115.65605593645016,114.80197292877764,115.37135721254552,3801400
2021-08-30,115.46627044677734,116.10468703930374,115.17294924103939,115.7595916525153,3550300
2021-08-31,115.15569305419922,116.28585249072704,114.76747225628371,115.56980752508274,4769900
2021-09-01,115.7509765625,115.83725370569238,114.54317554206953,115.7509765625,2422400
2021-09-02,116.23411560058594,117.0450734860163,115.81139175770333,116.4670533933054,4963700
2021-09-03,116.1478500366211,116.57920948779886,115.77687406330442,116.1737305505681,2298400
2021-09-07,116.09609985351562,116.17374140260931,114.69848614959442,115.49218603421724,3214000
2021-09-08,116.61369323730469,117.05367506595385,115.47491131913597,115.9666541671505,2175400
2021-09-09,115.11255645751953,117.2348503740305,115.05217299034112,116.62231426954422,3445300
2021-09-10,113.13692474365234,115.57842013540622,112.68830735373619,115.40587903591295,4278700
2021-09-13,112.18793487548828,114.04278799411914,111.0836559835593,114.0082718739723,4703200
2021-09-14,112.6538314819336,113.19734858184127,111.97227620362948,112.84363068621738,3333600
2021-09-15,113.5769271850586,114.37926253153248,112.16206884934078,112.86950459922193,3303800
2021-09-16,112.94713592529297,114.17219495710387,112.291474421576,113.58555253231131,3049500
2021-09-17,111.89461517333984,112.86949153788407,111.43737530559005,112.46401268700512,6832800
2021-09-20,111.05779266357422,111.54091310805899,110.00528120694986,110.67819426746622,3385100
2021-09-21,110.28997039794922,112.19658477556116,110.22095789493109,111.903263537173,2999300
2021-09-22,111.21309661865234,111.89463875784165,110.57467989324984,111.10956139904513,3479800
2021-09-23,113.25908660888672,113.69256443779837,111.3777944188534,111.45581725317106,3890600
2021-09-24,112.72157287597656,113.83993979978952,112.3834607149454,112.94697657376638,2801300
2021-09-27,111.62053680419922,112.76492457984793,111.23040941838916,112.4874924298629,2931400
2021-09-28,109.23641967773438,110.9183158750779,109.04568836285867,110.80560739937106,6100400
2021-09-29,109.73925018310547,110.24208605863122,108.69889941156804,109.53984746889807,2693800
2021-09-30,108.67288970947266,110.95298730855052,108.64688209819518,109.73924807227648,5647000
2021-10-01,110.37213134765625,110.9183176881551,108.51684662337941,109.23642146331922,4042600
2021-10-04,108.41281127929688,111.4558209776131,107.71924408412308,110.11204363169098,5125900
2021-10-05,109.06302642822266,110.61487126396183,108.36078783457002,108.9763255693505,3853200
2021-10-06,109.3144302368164,109.36645207143216,107.4764885676045,108.27408614535105,4005500
2021-10-07,109.95597839355469,111.70723237866044,109.77391851449154,110.18138208324459,3135600
2021-10-08,108.6035385131836,110.32878513256435,108.42147860842249,110.10337479671136,4116300
2021-10-11,107.10370635986328,108.8202749159954,107.05169113523715,108.22207998975395,3588300
2021-10-12,106.5748519897461,107.50249421558088,106.0633447471635,107.32043433361476,4298100
2021-10-13,106.26276397705078,106.83495793597497,105.73392045053504,106.48817431974946,4063500
2021-10-14,108.19607543945312,108.48216579734036,106.86962764482472,107.02567993746646,4658000
2021-10-15,110.75359344482422,111.24776455595608,109.01968200146102,109.23642093188143,7229900
2021-10-18,104.65888214111328,106.8609501809445,103.60119524019827,106.68755509059575,10310600
2021-10-19,105.94198608398438,106.4361505786244,105.04902275282318,105.5171796342212,5031200
2021-10-20,105.58654022216797,106.85229480709421,105.21374898991009,106.63555587239422,5138800
2021-10-21,105.46517181396484,105.7946126287439,105.18774622932254,105.71658978353874,3737300
2021-10-22,106.71356201171875,107.12970361152314,105.34377718571079,105.41312860705625,3747000
2021-10-25,107.12104797363281,107.16439840590873,105.8119495825456,106.73959194986341,4182100
2021-10-26,107.54584503173828,108.19606173298374,106.76558366737446,107.69322589657746,3390900
2021-10-27,106.20207977294922,108.10071498915477,105.81195232972635,107.94466268899612,3610800
2021-10-28,105.1357192993164,106.72224988522288,104.82362131924455,106.02868926433923,4242900
2021-10-29,103.9133071899414,104.57219535150469,103.06368772258242,104.54618112533966,8118500
2021-11-01,104.23407745361328,104.9363093915851,104.03467475002994,104.15604800809058,3600400
2021-11-02,105.1617202758789,106.78292306634398,104.16471998124818,104.69356344324326,6909700
2021-11-03,105.05767822265625,105.60385786091389,103.9913199410909,105.21373049277932,4762800
2021-11-04,104.63287353515625,105.56918055674133,104.00866444453533,105.42179969210758,3928400
2021-11-05,106.61820220947266,108.04867365277863,104.79759016463544,105.13570231825463,6147400
2021-11-08,106.65288543701172,107.46782589733941,106.063355306756,106.66155684587713,4183900
2021-11-09,106.02001953125,107.38981120459816,105.81195200312986,106.72225157262265,3150700
2021-11-10,106.12405395507812,106.57486802381686,105.43048672618298,105.84662177204223,3225700
2021-11-11,103.67054748535156,106.24540655766924,103.07234603216979,106.10669049313886,4046900
2021-11-12,103.43648529052734,104.12138110605459,102.5521933625595,104.04335826579887,5539500
2021-11-15,101.93665313720703,103.98266912525463,101.83261607169123,103.90463967253102,5775200
2021-11-16,102.2920913696289,102.8209348250009,101.1823892384701,101.6938964918193,5283500
2021-11-17,102.15339660644531,102.6215535005681,101.11304574805666,101.59854546104366,3976700
2021-11-18,102.0146713256836,102.34411871096029,100.21140195835336,102.24875305883775,7731800
2021-11-19,101.62454986572266,102.41347612609798,101.19974341782826,102.24875903817404,7325000
2021-11-22,101.33843994140625,102.99432831860884,101.22573809414102,102.1187013072518,6813100
2021-11-23,98.29542541503906,100.22873935009602,96.32743907594788,97.68855912924347,11151900
2021-11-24,99.21441650390625,99.94265614696207,97.54985646456217,98.01801335553262,5588500
2021-11-26,96.27542877197266,98.40813890369486,96.04134703953609,98.36478847491868,5561300
2021-11-29,95.6078872680664,97.50652264032274,95.51252159822306,97.09905234450993,7026000
2021-11-30,92.5041732788086,95.26109275088072,92.4088076198417,94.99233859252705,14018500
2021-12-01,91.43781280517578,94.4288071303932,91.35978335777754,94.29876246096056,8205200
2021-12-02,93.00700378417969,93.56185488720182,91.0476821060627,91.67189125054931,7458800
2021-12-03,92.65154266357422,94.06467783888321,91.81926612342176,93.30175933066327,6922900
2021-12-06,95.57318878173828,96.43147963557205,93.37979205063425,93.65721759341527,7624800
2021-12-07,97.33311462402344,99.21441354109838,96.78693490804197,96.9256509964896,9550600
2021-12-08,97.46315002441406,97.8792916357912,96.64821623258469,97.42847100560375,5585200
2021-12-09,97.80125427246094,98.39078431581817,96.6395370009209,97.06434337185088,6162500
2021-12-10,97.4718246459961,98.96298943226493,96.96898877818975,98.56419062431925,4342700
2021-12-13,97.84461212158203,98.32144035987635,97.23774583134062,97.3591190893889,4750000
2021-12-14,96.83028411865234,97.97466537653098,96.46615769824096,97.33311339706862,8183100
2021-12-15,90.97834014892578,91.70657981706506,89.66923509099246,91.55919892437225,18546500
2021-12-16,88.61153411865234,90.48416145370626,87.76192130557334,89.58252680508917,18427400
2021-12-17,87.24173736572266,90.1113648244459,86.92096803529147,87.13770692962439,22561600
2021-12-20,86.28809356689453,87.06835496373824,85.2910932606135,86.62620573646905,12699900
2021-12-21,88.68742370605469,89.64714853916799,87.12568669428313,87.23038649037022,9610500
2021-12-22,88.41694641113281,88.83573891775237,88.04178713793758,88.68741920651503,6690600
2021-12-23,89.77802276611328,90.2142619373223,88.2773589521172,89.09749072406424,7255200
2021-12-27,91.11290740966797,91.82833933585913,89.4988239165334,90.11828269902371,6591300
2021-12-28,91.20015716552734,91.40955009722904,90.69411814547372,91.31358360658011,7488200
2021-12-29,90.69409942626953,91.59275749632283,90.67665279242924,91.35718467235938,3635500
2021-12-30,91.14781951904297,92.11627107562533,90.59815386685831,90.63305380163845,3519200
2021-12-31,90.25787353515625,91.50551771599045,90.24915354520307,91.14780508996489,3608900
2022-01-03,92.56995391845703,92.77062687282682,89.66459934275176,89.98741873665736,7797800
2022-01-04,92.82295989990234,93.78268463755687,91.95048165540173,92.24712771990193,7680600
2022-01-05,92.4914321899414,95.0914139577542,92.48270554258481,93.47733033382616,7206000
2022-01-06,91.58403778076172,93.18939447473308,91.278671741852,92.73570873927869,5207000
2022-01-07,91.74981689453125,92.33437573039741,90.6155924954493,90.73773891916818,5142200
2022-01-10,92.15116119384766,92.17733447802412,90.40620457961712,91.55787567875002,6500500
2022-01-11,94.13166809082031,94.28871442578098,92.48268490197336,92.55248475228478,7217100
2022-01-12,95.05650329589844,95.30080279893828,93.79141248772609,93.97463212264535,8421600
2022-01-13,94.90818786621094,96.4960980968709,94.62026843130198,94.86456794534908,5165400
2022-01-14,94.70750427246094,94.96924371922671,93.56455338853338,94.30615847242292,6291500
2022-01-18,93.78268432617188,94.41086972516348,92.76188638105087,93.36389849783129,8019400
2022-01-19,94.01825714111328,95.17864814305288,93.3115452392924,93.69543779551704,7278600
2022-01-20,92.57867431640625,95.04778953952393,92.45652788511603,93.05854005110449,6110400
2022-01-21,92.13371276855469,93.7216231051527,91.1478146257514,93.6605498866867,6406200
2022-01-24,90.92096710205078,91.46190606971616,87.84111962385852,90.39748142883218,10286900
2022-01-25,90.88605499267578,91.3135741150837,88.35586681188681,89.5598910211034,8577400
2022-01-26,90.8162612915039,92.34309828690765,90.08338272882101,91.27868037298454,6568200
2022-01-27,90.02230834960938,92.44779688015018,89.70821563924629,91.68873838735925,5979300
2022-01-28,89.97866821289062,90.68538003294066,88.30351178106825,90.25786095152769,8459400
2022-01-31,90.29277038574219,90.38001687766527,88.82700668940029,89.86525791578266,9255000
2022-02-01,90.38001251220703,90.90350475142152,89.42901448016269,90.46726565639634,8114900
2022-02-02,90.1880874633789,90.29278060294102,88.46930408643243,89.85654143748178,10230100
2022-02-03,89.14110565185547,89.8041910187489,88.38205379663697,89.0974857310679,7134200
2022-02-04,89.62969207763672,90.33639731844303,88.6176141291668,88.6612407035418,4526800
2022-02-07,88.98403930664062,90.07463692859443,88.82699298282009,89.55987804614246,5258400
2022-02-08,90.92096710205078,91.26123312246693,89.01023740549734,89.4377565851845,5775500
2022-02-09,92.56121826171875,92.74444455967031,91.43572712932584,91.43572712932584,7087600
2022-02-10,91.5055160522461,93.15449940481358,91.2088766436906,92.07262824349243,6516700
2022-02-11,89.85652923583984,92.33437082055195,89.5424365468414,91.33974619088372,5859000
2022-02-14,89.26323699951172,90.20551499487703,88.72230480906423,90.07464194166296,7079900
2022-02-15,90.65921783447266,91.43572294172931,89.87398608093201,90.18807878234827,5325500
2022-02-16,89.99612426757812,90.31893692925753,88.65250709146774,89.92632441665495,7499400
2022-02-17,88.73103332519531,89.8652576867465,88.46056720397891,89.2108990142702,5551600
2022-02-18,87.75387573242188,89.01024005423672,87.50085620726595,88.55655423234168,8364700
2022-02-22,90.49344635009766,91.33102468238106,87.50957229324786,87.64043870729147,9609800
2022-02-23,89.89142608642578,91.17397007985872,89.47264028641519,90.94712388857282,6454100
2022-02-24,90.15319061279297,90.29278368914088,87.30890929296656,88.09414114892864,7617300
2022-02-25,92.34310150146484,92.40418137362904,89.90016621766641,90.41492522749664,6969200
2022-02-28,91.60148620605469,91.99410539788035,90.38874201605557,91.02565404378313,5780600
2022-03-01,90.44110107421875,91.71491855542847,89.70821586271889,91.26122612533784,4543400
2022-03-02,92.81423950195312,93.33773180907991,91.46190212582545,91.68874169200045,5919300
2022-03-03,93.92228698730469,94.65516553813947,92.78806257503454,93.36390142767411,6480000
2022-03-04,94.49812316894531,94.69879610812642,92.41290055064988,92.5176003436767,5186200
2022-03-07,93.04108428955078,94.3498017242198,92.86659129418736,94.00953572372434,6556600
2022-03-08,90.8162612915039,93.33772965359036,90.77264137123814,92.76189079164148,7482700
2022-03-09,90.37129211425781,93.06724651421013,90.17061920260244,92.5175876532972,9962000
2022-03-10,91.13908386230469,91.29613022505058,89.34178066592042,89.7082199601671,5146900
2022-03-11,90.58067321777344,92.52630224823672,90.38872697679291,91.96791681437307,5149800
2022-03-14,90.05720520019531,91.67128861652601,89.72565920810267,91.14780300264589,4175500
2022-03-15,91.9592056274414,92.09007869160679,90.5108885885774,90.7115615078284,5017900
2022-03-16,93.61692810058594,93.686721308529,91.95921793115184,92.45653031633393,5255000
2022-03-17,95.74577331542969,95.78939989600086,93.0585450268792,93.35518447402193,5693400
2022-03-18,96.1296615600586,96.31288120847358,94.64645107870976,95.73704897866664,16292800
2022-03-21,94.88201141357422,96.49609487414114,94.3061725629879,95.1350309094548,8206100
2022-03-22,95.07396697998047,95.5800060211505,94.89946731587965,95.11758690364451,5601800
2022-03-23,92.62229919433594,95.01288786403549,92.22967996684089,94.51557550106003,7002600
2022-03-24,93.34198760986328,93.51752898339913,92.31509568549875,93.21033325376608,5660500
2022-03-25,95.19392395019531,95.21148143873856,93.71940963489781,93.79840494090263,5597200
2022-03-28,96.4841079711914,96.55432452066785,94.92182657454356,95.6151999341313,5688000
2022-03-29,98.63445281982422,98.71344812398645,97.15116649107279,97.42324729116773,8862200
2022-03-30,97.91474151611328,98.757320077147,97.65143948241352,98.23948805685073,4694900
2022-03-31,97.37935638427734,98.73099497923114,97.33547605813214,97.6602159172405,6899800
2022-04-01,98.75731658935547,98.88019890287187,97.28280248556676,97.7304246321327,4479100
2022-04-04,97.31791687011719,98.44136167855767,96.90540966970735,98.30092856642035,5099200
2022-04-05,96.98439025878906,98.1692660856029,96.6947520111047,97.02827727676019,5496100
2022-04-06,98.05518341064453,98.32726421204654,95.66787392569084,96.30858832125465,5560700
2022-04-07,98.59056091308594,99.28393429610105,97.32668976468179,97.84452846429363,6668600
2022-04-08,98.71342468261719,99.27514363754997,97.66019661995462,98.35356991974749,5230500
2022-04-11,97.87962341308594,98.95040231947458,97.73041827267926,98.6168837651152,3407100
2022-04-12,97.05461120605469,98.49401707063114,96.67720560154872,98.01128663595406,4733900
2022-04-13,96.94928741455078,97.14237959049031,96.21203368411166,96.2471419612115,4791500
2022-04-14,95.68540954589844,97.51977839308324,95.58887016088538,97.27402716675464,6665800
2022-04-18,94.86038970947266,95.88728164493922,94.3864380401299,95.25534608581556,3418000
2022-04-19,96.73863983154297,98.00251096194516,95.22023872647817,95.36067182817568,9780300
2022-04-20,99.1786117553711,99.60867642697959,97.23892466529465,97.23892466529465,5477700
2022-04-21,99.2575912475586,100.32837015292054,99.2049321853993,100.05628940347293,5859300
2022-04-22,94.6146469116211,98.14294516952572,94.52687286797293,98.08150735670363,6351500
2022-04-25,96.08916473388672,96.25592069141493,93.80717343749166,94.29868265479595,5498200
2022-04-26,93.71940612792969,96.03649900866046,93.7018553362631,94.65853084325451,5251200
2022-04-27,93.58773803710938,95.00959301761917,93.20156041106691,93.71939239208191,4757700
2022-04-28,94.04415130615234,94.47421600595456,92.46431223064694,94.15824819085347,5063200
2022-04-29,91.59539794921875,93.58774410338727,91.38475498534018,93.58774410338727,5206000
2022-05-02,90.52460479736328,92.64860498303813,88.87455622849669,92.3063077091574,6104000
2022-05-03,90.49829864501953,91.44620212349301,90.10334221043213,90.77915819091318,3841500
2022-05-04,92.8856201171875,93.210360033144,89.94536990196865,90.48075283046728,4258100
2022-05-05,91.76215362548828,92.74515851313308,90.81425031564345,91.71826660891047,3945400
2022-05-06,90.79669952392578,92.00791163008917,90.15599189045648,91.25310042359342,5496400
2022-05-09,87.40005493164062,89.80491493769209,87.07530839838596,89.76980666143058,6593300
2022-05-10,88.04074096679688,88.93598505135887,86.70666027713838,88.45325474142668,5638900
2022-05-11,88.33917999267578,89.92779099804974,87.97932518139271,88.17241735366957,4113400
2022-05-12,88.742919921875,88.99744991760798,87.32106478246925,87.73357868258064,4434700
2022-05-13,90.11210632324219,90.42807412157651,89.3485230574502,89.8400255454284,3525900
2022-05-16,91.11265563964844,91.56905648082115,89.52404483006168,89.52404483006168,3751200
2022-05-17,93.26301574707031,93.32445356477628,92.14834958783648,92.39410085866035,3168200
2022-05-18,90.90201568603516,92.94702740389855,90.62115619618145,92.27998360441407,4133800
2022-05-19,90.18230438232422,90.62114771265182,88.86577439134138,89.72591026511934,4230400
2022-05-20,89.9892349243164,91.05123524780421,88.13731506792294,90.86692180616281,5335800
2022-05-23,91.50762939453125,91.66561328940405,89.96289872202156,91.13022379545839,4134300
2022-05-24,92.67496490478516,92.7978472423762,91.06880282223229,91.4023214636359,4381900
2022-05-25,92.63106536865234,93.08745955680396,91.57783719441044,92.38531413686155,5495100
2022-05-26,87.27717590332031,88.98866245283999,86.17128868105135,86.67156987985085,12674300
2022-05-27,86.96121978759766,87.04898713848343,85.01275379532322,87.00510011493073,13358600
2022-05-31,87.90034484863281,88.31285876525425,86.20640885464204,86.31172699762985,11330500
2022-06-01,85.82020568847656,88.04953074207464,84.59144295156653,88.0144224700237,6493700
2022-06-02,86.45215606689453,86.80323215158772,84.36326374211006,85.89043700987317,6794700
2022-06-03,83.8015365600586,86.68912016873873,83.71376252523096,86.68912016873873,9097000
2022-06-06,83.81031036376953,85.01274368620048,83.54700834242227,84.47735420437654,5432500
2022-06-07,84.67044830322266,84.74066485567175,83.00284201176083,83.47679369646382,5929000
2022-06-08,84.29304504394531,84.95131017493551,84.09117412410521,84.5036880109208,5665500
2022-06-09,81.8003921508789,83.79274457310693,81.77406262307973,83.38023078100608,5974800
2022-06-10,81.39666748046875,82.30946250581383,79.87827314985877,80.63308429204378,6723500
2022-06-13,79.14102172851562,80.57165558088137,78.76361611482776,79.43065999636849,8502400
2022-06-14,77.65773010253906,79.26389183863714,76.96435673509814,79.02691935174359,7521900
2022-06-15,78.42131042480469,79.29021843958267,77.62261895770253,78.29843481448128,5236200
2022-06-16,76.70982360839844,77.28909338377491,76.31486055152409,76.79759094451991,6729900
2022-06-17,77.4295425415039,78.56175949214212,76.98192032933999,77.47342287055847,8299300
2022-06-21,77.8595962524414,78.77239134003939,77.33298550473229,78.68462399812437,6520400
2022-06-22,78.33354187011719,78.8952608503511,77.28032045623324,77.39441732226817,7458400
2022-06-23,78.4219741821289,79.25333595852868,77.97092222685636,78.15665069331475,6823300
2022-06-24,79.79285430908203,80.04933846435894,78.05053533030323,79.0234018432513,7131800
2022-06-27,80.01394653320312,80.65957313124291,79.49213217202536,79.91665922429928,7237200
2022-06-28,78.89070892333984,81.33172386287505,78.8199600500816,80.35885769239347,4166900
2022-06-29,79.96974182128906,80.0847214400079,78.77576889913878,79.50099744610364,4072800
2022-06-30,79.37716674804688,80.32350150232455,78.63425277166255,79.08530479405479,5206500
2022-07-01,80.81878662109375,80.96029791694934,78.76692006459757,79.3860218625208,3985100
2022-07-05,80.03164672851562,80.34119424644737,78.54581189481343,80.06702455165494,3590400
2022-07-06,79.26219940185547,80.02280571489202,78.80229445797633,79.63365641586039,8061900
2022-07-07,79.15605926513672,79.33294161472224,78.44851637153636,79.04108641266903,5581100
2022-07-08,79.13838958740234,79.9609054982905,78.9172832322994,79.26220860644955,3997900
2022-07-11,78.66961669921875,78.99685644345622,77.9797661416201,78.41313933611451,3345200
2022-07-12,78.4396743774414,79.58942310689609,78.16549797275381,78.5369616907775,6200500
2022-07-13,77.74983978271484,78.36008871742098,76.7769664492422,77.52873343376747,4244200
2022-07-14,77.39608001708984,77.5375845931169,76.67969074942413,77.0157767692971,3843300
2022-07-15,78.81999969482422,78.97035040410877,77.89135025958518,78.54582321289443,5588000
2022-07-18,77.74098205566406,79.40369912284903,77.57293909626154,79.209124485147,4264700
2022-07-19,79.89012908935547,79.9697241176507,78.50158180996601,78.50158180996601,4654800
2022-07-20,78.91728210449219,79.88130256010157,78.27164858786094,79.62481838213192,6264200
2022-07-21,79.82821655273438,80.08470065795593,78.85535022965051,79.30640220138609,4607000
2022-07-22,80.23507690429688,81.03106114890906,79.58944336488071,80.08472619910084,3466500
2022-07-25,80.26161193847656,80.94261658596665,80.0051277407481,80.46503276689255,3723200
2022-07-26,81.27869415283203,81.56171000585455,80.22622578645289,80.55346560773495,5163000
2022-07-27,82.44612884521484,82.72029853329511,81.80934153955647,81.95085282864929,5933200
2022-07-28,82.66722869873047,83.18019696006886,81.80048898999911,82.65838255694764,4726100
2022-07-29,81.8270263671875,82.64954217192422,81.59708064585048,82.28693130512072,6870900
2022-08-01,82.32230377197266,82.49918612266862,80.79224512269893,81.21677221105004,4711600
2022-08-02,82.4372787475586,83.25979451996633,81.95968829122867,82.27808192878196,4049200
2022-08-03,82.93256378173828,83.2598035970188,82.08351623824211,82.49919724078953,3489100
2022-08-04,82.4372787475586,83.26864066201763,82.23386471378414,82.94140088241306,3390400
2022-08-05,82.49919128417969,82.58763246506093,81.84471844850297,82.15426595540212,3333000
2022-08-08,82.7645263671875,83.48090874572837,82.6760851811848,82.8264358721524,3649700
2022-08-09,82.33998107910156,83.10943339775271,82.17194488702235,82.73797644983635,2945000
2022-08-10,83.28632354736328,83.45436650284216,82.81757924800549,83.13597287542382,4369500
2022-08-11,83.1713638305664,83.99387970669653,83.00332084854762,83.79045889964061,5907500
2022-08-12,83.8612060546875,83.87889159159944,83.04753640414783,83.18020154769071,8837500
2022-08-15,84.197265625,84.45374971007223,83.22439937834432,83.63123410885022,3541500
2022-08-16,84.29457092285156,84.51567724192115,83.67547592850843,83.67547592850843,3664500
2022-08-17,83.94080352783203,84.25035101511097,83.3836113031008,83.6224098987368,3505400
2022-08-18,84.232666015625,84.3211071985486,83.25979950820577,84.02040582708237,3552300
2022-08-19,84.0204086303711,84.55106249324744,83.37477515299106,84.37418012149864,4761700
2022-08-22,82.3311538696289,83.99387787190162,82.15427149593737,83.48090954151408,6859300
2022-08-23,79.79285430908203,82.40190633211958,79.00571630561797,82.33999682895825,8490600
2022-08-24,78.96147918701172,79.56288858081146,78.20087299051119,79.1295221308705,6853300
2022-08-25,81.49095153808594,81.5263293619443,79.18260082545908,79.59828182125754,6650300
2022-08-26,79.0941390991211,82.18962703272565,79.04991514387547,81.82700949307045,5407500
2022-08-29,78.63424682617188,79.13836891421035,78.42197992242927,78.79343688253577,4585100
2022-08-30,77.16610717773438,78.74922926937708,77.06881985523576,78.7138514477749,5442700
2022-08-31,77.75867462158203,78.86420630153275,77.59063839461784,78.0859144279942,6743000
2022-09-01,78.29817199707031,78.35123535668798,76.43203404404613,77.59063579419264,4861000
2022-09-02,77.12188720703125,79.00571750601846,76.83887136718934,79.00571750601846,4507200
2022-09-06,76.23746490478516,77.3960667386612,75.95444905365522,77.12189028301992,5778100
2022-09-07,77.04228973388672,77.2457037776758,75.75987572611491,76.03404541453916,11559800
2022-09-08,77.73213958740234,78.28048570614817,76.4585649878015,76.76811924293696,7034500
2022-09-09,79.35948181152344,79.65133702009157,77.6967579987353,77.99746609689817,6756500
2022-09-12,81.4201889038086,81.71205086487343,79.81938131045256,80.02280209327544,6874400
2022-09-13,79.88130187988281,81.14603047213299,79.81939237177114,80.01396703944506,6810700
2022-09-14,80.14662170410156,80.64189770414038,79.42139324077496,79.58942945642846,7183000
2022-09-15,80.14662170410156,81.27868498854995,80.06701991973566,80.33235020411611,5963000
2022-09-16,79.81937408447266,80.14661383673541,79.07646015734048,79.5982677850697,14640700
2022-09-19,79.31525421142578,79.55404605250708,77.6613766164604,79.0410845517345,5065500
2022-09-20,78.23625946044922,78.73153545801645,77.4756531798256,78.66078656381356,5598600
2022-09-21,75.82178497314453,78.8907351380358,75.79524654577338,78.51927812639542,5353800
2022-09-22,74.49344635009766,75.70588215028162,74.18142393128089,75.4206035385665,6309500
2022-09-23,73.69111633300781,74.10120397570279,72.76395900107933,74.03879948228354,5960800
2022-09-26,72.50540924072266,73.62868989118883,71.93485204638415,73.29884055164898,7099800
2022-09-27,72.1131591796875,73.45040407504813,71.66741088123396,73.15620856568977,5223000
2022-09-28,73.6286849975586,73.92288044427998,72.04182248117462,72.57672576669634,6099900
2022-09-29,73.34342193603516,74.11902642286788,72.59456806040019,73.4236601664699,5311200
2022-09-30,71.98834228515625,74.48453520267233,71.93485467172813,73.63760944778221,5972900
2022-10-03,73.72676086425781,74.20816981026395,72.39843292902049,72.65696774085225,5871400
2022-10-04,75.33145904541016,75.65239834996662,74.33298045328127,74.57368833248809,4872400
2022-10-05,75.82178497314453,76.1070635996211,74.51128394472501,74.60934911022436,3890900
2022-10-06,75.26013946533203,75.82178666235544,74.73415974918916,75.55433496838437,5471400
2022-10-07,73.47714233398438,74.92136916044048,73.11163229368559,74.80547706016598,4267900
2022-10-10,72.96007537841797,74.0477022724462,72.71045742927949,73.89614948926626,3380600
2022-10-11,73.00465393066406,73.88723363484375,72.2112225236051,73.1294629069489,5410400
2022-10-12,71.59608459472656,73.12054285435339,71.58717452650764,72.79069348920474,6152500
2022-10-13,74.43995666503906,75.07291835462424,70.82048310429795,71.31971896051647,6324000
2022-10-14,72.75502014160156,75.50974069201646,72.51431231003316,74.9837610923881,5500100
2022-10-17,73.78025817871094,74.5112850954455,73.40582444939493,73.81591885776861,9022200
2022-10-18,74.974853515625,75.89309381289229,74.43995698146311,75.67021969019329,6913800
2022-10-19,74.58259582519531,75.03725411483678,73.16511294136184,74.70740478332176,5470100
2022-10-20,73.50387573242188,74.89461474666108,73.28100163159394,74.62716310503644,4043000
2022-10-21,74.22599792480469,74.46669897877729,72.20229713097942,73.3255845865342,5974500
2022-10-24,74.77873229980469,75.29580195977141,74.05662223088585,75.00160644962698,6044100
2022-10-25,75.33145904541016,75.50975563612866,74.39538494019064,74.45778942710001,5142500
2022-10-26,76.1070556640625,77.24817005098664,75.65239056247988,75.6791343681768,3986500
2022-10-27,76.28534698486328,76.7221783181905,75.40276744973094,76.2675200494853,5077300
2022-10-28,77.39972686767578,77.51561896561941,76.05356523067208,76.26752929059994,5430000
2022-10-31,77.86331176757812,78.16642415613971,76.98964888615247,77.24818372294399,6549100
2022-11-01,78.21990966796875,78.4962782386484,76.9896468102924,77.97029170857755,6683000
2022-11-02,76.47256469726562,79.11139338358421,76.46364782828823,77.9881127492475,6015700
2022-11-03,74.9035415649414,75.6256584381906,74.45779326359865,75.61674156772153,5151400
2022-11-04,75.46517181396484,75.67912904607209,74.12792721053337,75.61672456997508,5672900
2022-11-07,76.25861358642578,76.52605846305478,75.7058832921999,76.24969671673121,5217600
2022-11-08,71.4891128540039,73.26318914195758,71.07010837357736,72.87984534088427,12753700
2022-11-09,70.68677520751953,72.64806525597469,70.59762689651342,71.62284267545398,7150100
2022-11-10,72.96007537841797,73.28101468490429,72.24688220967644,73.20078325907221,9212300
2022-11-11,74.48454284667969,74.57369114540161,73.04923279204543,73.52172489669287,8502200
2022-11-14,73.90505981445312,75.50083933550268,73.78025085093671,74.5736821768247,6772100
2022-11-15,74.3508071899414,75.11749470065614,73.53954213495648,74.24382516463993,6765800
2022-11-16,72.90658569335938,74.23491362878771,72.77285985251974,73.25426879859512,8289500
2022-11-17,71.2662353515625,72.4786711861326,70.75808259748376,72.4786711861326,8953000
2022-11-18,72.47866821289062,72.77285688886248,70.88288866077077,71.07010210969051,9028200
2022-11-21,73.36124420166016,74.38646648667249,72.55889603071232,72.66587805403142,8304200
2022-11-22,69.47433471679688,69.7863571862725,68.28864253120979,69.536739210692,17129900
2022-11-23,70.44605255126953,70.63327280727678,68.89485049916263,69.09989769301029,9873800
2022-11-25,70.53521728515625,71.07011391399543,70.20536107660858,70.71351389424275,4879800
2022-11-28,67.86962890625,70.51737470911985,67.61109409435718,69.98247814729072,11012800
2022-11-29,68.1816635131836,68.78788147815906,67.60218935817215,68.11034215222664,8177300
2022-11-30,70.46389770507812,70.49064151696031,67.79832456273687,68.52935156102905,10610600
2022-12-01,70.65109252929688,71.46235755054215,70.35689707313685,70.70458013893396,7876700
2022-12-02,70.98094177246094,71.05225631119873,70.02704095087212,70.07161168738607,6339500
2022-12-05,70.24100494384766,70.80264524944157,69.84874433586445,70.4638790526421,8515000
2022-12-06,68.716552734375,70.20535027610528,68.4312741227765,69.88441098785965,7228400
2022-12-07,68.56500244140625,69.23362484918789,68.24406314154474,68.93942935738504,6089300
2022-12-08,69.3495101928711,69.68827639789774,68.17273514192073,68.19947894737307,5938700
2022-12-09,70.06270599365234,70.35690146819017,68.91268150514713,69.33167914277496,6370200
2022-12-12,71.06119537353516,71.07902911497261,70.22318636704175,70.51738188654426,5997100
2022-12-13,71.44454193115234,72.42518689879753,71.15926327144501,71.99727231002643,11389600
2022-12-14,70.24100494384766,72.38059774858996,69.63478709586363,71.08792383663534,9302900
2022-12-15,69.28710174560547,70.14293747896656,68.77894906637302,69.25144107318486,9887600
2022-12-16,68.39561462402344,69.1623021811941,67.54868884262022,68.77004153289876,17064400
2022-12-19,68.7522201538086,68.83245158294929,68.01227634436331,68.38670328351179,9357600
2022-12-20,68.9860610961914,69.33683714302644,68.77020049708169,68.80617840728077,8063300
2022-12-21,69.3998031616211,70.12833696747684,69.1749463709659,69.56169346329155,6804400
2022-12-22,69.38182067871094,69.44478031459745,68.16759520827915,68.96808494830158,7458600
2022-12-23,69.70559692382812,69.93045368809854,68.77019196101314,69.21090929759967,3856600
2022-12-27,69.8315200805664,70.06537304991082,68.80617372693567,69.71459702693632,5336000
2022-12-28,68.62629699707031,70.49710032768729,68.57232669972373,70.2002945716629,6053000
2022-12-29,69.98442077636719,70.36218537528515,68.59930221255928,68.8691330886315,4931600
2022-12-30,69.90348052978516,70.07437388741309,69.12997261705883,69.75956888923852,4991300
2023-01-03,70.3891830444336,70.45214268150924,69.59768262167029,70.12834830166712,6544500
2023-01-04,72.82662200927734,73.55515585068552,70.8748666180449,71.18066857445847,9769500
2023-01-05,71.98115539550781,72.9975124904482,71.954173678312,72.74566711842293,7048100
2023-01-06,72.72769165039062,73.06048222001833,71.3695545130389,72.39490108076292,5994400
2023-01-09,69.74159240722656,73.08746300079667,69.67863277184586,72.62875316468836,11108700
2023-01-10,70.95581817626953,71.42352420863214,69.93047161727885,70.03840536215152,6494500
2023-01-11,72.24198913574219,72.34992286517168,70.28123765465656,71.46848123004241,8366300
2023-01-12,71.81925201416016,72.56577814835978,70.9558028282037,72.47583681146342,5738000
2023-01-13,72.4848403930664,72.57478860973178,70.9738091671192,71.20765531660979,6024000
2023-01-17,72.26897430419922,72.80862925295173,71.39652882037493,72.47584557996491,8383000
2023-01-18,70.81190490722656,72.30495045787971,70.74894527910416,72.19701672591926,5792200
2023-01-19,71.5224380493164,72.0081294937054,70.03838886389251,70.49709173185654,7831400
2023-01-20,72.77265930175781,72.84460826381498,71.3605519857852,71.99915134744131,6806400
2023-01-23,74.0858154296875,74.6074779517428,72.62874100359926,72.8715833102384,9491500
2023-01-24,72.67371368408203,74.06782159598782,72.40388280457289,73.51018117605923,7180300
2023-01-25,73.03349304199219,73.17740470187572,72.05312059185682,72.26898121959648,4200600
2023-01-26,73.60910034179688,73.64507824424764,72.8715704967642,73.51915901671157,4162700
2023-01-27,74.27470397949219,74.80536276338836,72.682713903633,73.91493170694147,4858500
2023-01-30,74.27470397949219,74.63447625204292,73.95090962040508,74.43660115903575,6559100
2023-01-31,75.27306365966797,75.29104918413454,74.27469893069377,74.4275999059567,7396100
2023-02-01,77.14386749267578,77.43168392058061,75.19211212650603,75.55188437690829,8395800
2023-02-02,78.7718276977539,79.01466999738786,77.08989653689095,77.17084854482509,6940400
2023-02-03,78.34010314941406,78.73585329005272,77.80044823350607,77.98033091811389,4949900
2023-02-06,76.66717529296875,78.16022779108482,76.64918976765594,78.09726815936217,4731300
2023-02-07,77.87240600585938,78.18720414286302,76.54125077527783,76.90102301560404,5129500
2023-02-08,77.49464416503906,78.25915584671402,77.35073253164481,77.8004460928753,5454500
2023-02-09,75.20111083984375,77.80945116506001,75.01223194602231,77.40470479651249,6188000
2023-02-10,75.27306365966797,75.50690978815777,74.47257401025045,75.08418477338702,4544000
2023-02-13,75.90264892578125,75.9206413097201,75.15612282024809,75.26405653762957,4279500
2023-02-14,75.0122299194336,76.00159846790051,74.55352012563999,75.6418262151621,4527700
2023-02-15,75.99261474609375,76.001610940962,74.21175243900274,74.50855824879385,4584800
2023-02-16,75.73176574707031,76.56823329824576,75.26406663318346,75.34501178551425,4784800
2023-02-17,76.27142333984375,76.38834639634891,74.99423160054504,75.73176157238133,6825100
2023-02-21,76.89202880859375,77.88139734848201,75.75875548610888,75.75875548610888,8135900
2023-02-22,76.54124450683594,77.7464803839117,76.20846087300784,77.54860532483328,6083600
2023-02-23,75.54289245605469,76.53226105405294,75.039215394256,76.2804225231536,6695000
2023-02-24,75.09317016601562,75.25506732606293,74.06782377307755,74.96725091509934,7401500
2023-02-27,75.00323486328125,75.66880908058388,74.87731560222629,75.21909547336331,6379400
2023-02-28,74.47256469726562,75.27305424657987,74.44557612081344,74.94026375784316,6657400
2023-03-01,73.8249740600586,74.22971348854281,73.4562056750133,74.11279044215676,5249100
2023-03-02,73.98687744140625,74.2567014624489,73.03348001988587,73.29431471035285,4985100
2023-03-03,75.02122497558594,75.21909319261188,74.14877950609821,74.46357764919047,4771600
2023-03-06,73.6900863647461,75.39899977880258,73.25835819806659,75.09319089780325,6845500
2023-03-07,71.72032928466797,73.88795232021201,71.51346485332763,73.83398201726995,6876300
2023-03-08,70.51508331298828,71.67534505102174,70.1912890204169,71.53143342673049,6810100
2023-03-09,70.15531158447266,71.35155123659523,70.13732606235769,70.86585979448341,5634400
2023-03-10,69.00404357910156,70.25424661523424,68.49137044099021,70.03838604710411,5901600
2023-03-13,70.13732147216797,70.60502049947192,68.37443848857949,68.55432800837603,7576000
2023-03-14,70.02940368652344,71.34256660030458,69.28287744927917,71.07273569028601,6808200
2023-03-15,70.52407836914062,70.56904560444443,69.07600026793189,69.37280597960525,5367900
2023-03-16,71.2975845336914,71.41451445061638,69.76856117987352,69.84951318867421,5774300
2023-03-17,70.4161605834961,71.5314484577752,70.04739211532267,71.11771274412465,8838600
2023-03-20,71.60338592529297,71.74729068084082,70.61401757136929,70.82987813573288,7224100
2023-03-21,73.06047821044922,73.22237538920942,71.90920557144038,71.9182017652841,5829900
2023-03-22,71.90021514892578,73.73504752634447,71.88222276151131,73.25834532905404,5537800
2023-03-23,70.36713409423828,72.39913397397008,70.12220834894508,72.1179216514192,6712400
2023-03-24,72.0,72.14513939721346,70.12221276464852,70.2129257530266,6217000
2023-03-27,72.24493408203125,73.75986261740552,72.19050766692693,73.02507832966457,5641600
2023-03-28,72.12699127197266,72.84363556335957,71.30148725447852,71.55548636110545,5146800
2023-03-29,71.72785186767578,71.98185099556311,71.1563538299293,71.33777980100392,7074700
2023-03-30,71.82762908935547,72.43541362817929,71.61898302030446,72.29934070670744,4142000
2023-03-31,73.1339340209961,73.14300047570472,71.8820711754253,72.25400344721308,5561400
2023-04-03,72.27213287353516,72.88899083185333,71.70970824042172,72.88899083185333,6071900
2023-04-04,72.0906982421875,72.88898206596554,72.02719847121601,72.43541029589612,4508900
2023-04-05,72.81642150878906,72.98878102591546,71.72785184083442,72.32657000287948,4518700
2023-04-06,72.84363555908203,73.77799238167195,72.64406285504214,73.3425603982252,4313000
2023-04-10,72.78919982910156,72.79827320288247,71.854843037402,72.50798753050051,3648200
2023-04-11,73.4786148071289,73.57840113400016,73.03411648258276,73.25182895895875,4421700
2023-04-12,73.30628204345703,74.42207186800684,73.2699954640209,74.08642619894059,4298300
2023-04-13,74.01384735107422,74.01384735107422,73.0704240420793,73.1611370232184,5224500
2023-04-14,73.21556854248047,74.20435879255614,72.88899625080019,74.0501391007935,4312400
2023-04-17,74.49464416503906,74.53999719809151,73.30628119536534,73.44235413643727,5048900
2023-04-18,74.06828308105469,75.06613974789266,74.02292312853417,75.03892654476317,4157400
2023-04-19,76.98928833007812,77.40657360166914,74.06828450798386,74.24971047964702,8988800
2023-04-20,75.73741912841797,77.07999473536007,75.34734709378233,76.78063567881156,5798600
2023-04-21,77.76942443847656,79.94656355753564,75.83720412702039,76.4087090285864,12750100
2023-04-24,81.36173248291016,81.44337210570626,79.8195838163878,80.07358298191996,14462000
2023-04-25,81.36173248291016,82.5500886877748,81.12587314879107,81.28008593915585,8189900
2023-04-26,81.61570739746094,81.89691968703345,80.4727045712356,81.47963447894142,8977700
2023-04-27,82.89479064941406,82.98551055818798,81.49778848997516,81.57036164861137,6385900
2023-04-28,82.50471496582031,83.33021903706192,82.25071584265582,82.86757382217974,7281700
2023-05-01,82.25980377197266,82.97644823681887,82.17815722739105,82.39587673230315,5502300
2023-05-02,81.85157775878906,82.55007535115465,81.12586004226421,81.82435763462979,5135000
2023-05-03,82.26885986328125,83.47535565829514,81.96042742327096,82.06021377848398,6964300
2023-05-04,80.980712890625,81.76993038008804,80.53621442736645,81.64293081915703,4780900
2023-05-05,81.69735717773438,81.8787900653573,81.22564551182877,81.31635849516174,4332700
2023-05-08,81.8152847290039,81.9332109072329,80.96256751747511,81.25285319700203,3287600
2023-05-09,81.28006744384766,81.81528578167972,81.01699496199211,81.81528578167972,3245400
2023-05-10,81.10771942138672,82.00578972307065,80.73578719203819,81.79714363229711,3599300
2023-05-11,80.75392150878906,81.11678033874092,80.31849644961207,81.00792753442494,3995700
2023-05-12,80.62691497802734,80.70856149515419,79.71070498987048,80.35477606983501,4450100
2023-05-15,81.01700592041016,81.56129770598452,80.67229378770962,80.83557993919041,4053200
2023-05-16,80.64506530761719,81.1077104693426,80.57249216049237,80.59063198679546,3888900
2023-05-17,80.35478210449219,80.81742035945013,79.63813782680722,80.77206733182335,6632000
2023-05-18,80.75392150878906,80.96256758532226,79.92842441858122,80.15521032218156,4536100
2023-05-19,81.0351333618164,81.5249916995339,80.73577433527417,80.9081338210329,6819500
2023-05-22,81.18936920166016,81.56130147760463,80.7539371372566,80.84465705301916,4699200
2023-05-23,79.03943634033203,80.91722371851478,79.00314975802924,80.70858452147108,5459700
2023-05-24,79.36599731445312,79.78328256984604,78.61307333241643,79.04849841588863,6787500
2023-05-25,75.78277587890625,77.47006349973631,74.66698622476135,77.35213040434043,12202000
2023-05-26,73.89591979980469,75.74649364880527,73.49677438503298,75.0842757489301,9655500
2023-05-30,74.83935546875,75.61042623181234,74.39485699231876,74.7214292789499,8654900
2023-05-31,75.07521057128906,75.2566365332916,74.23156669815933,74.93006426492158,8238800
2023-06-01,75.06613159179688,75.51970338389232,74.78491929540371,75.14777119231503,6588200
2023-06-02,75.98235321044922,76.22727894798372,75.2112825007808,75.42899503647332,6062300
2023-06-05,75.95513916015625,76.66271008397062,75.71927987856591,76.0458521389351,3596100
2023-06-06,75.83721160888672,76.21821030021457,75.5015728707462,75.78278520182764,5046800
2023-06-07,75.19314575195312,76.00957652057059,74.59443446893873,76.00957652057059,5381800
2023-06-08,75.38362884521484,75.71020108219562,74.62163157289713,74.86655729015465,5700800
2023-06-09,75.95513916015625,76.0730653404731,74.93913580334579,75.41992081973471,3302200
2023-06-12,76.45405578613281,76.60826852557673,75.50155922990047,76.05491041726064,4428900
2023-06-13,77.7875747680664,78.05972065517146,77.01650398254527,77.26142974417391,8454300
2023-06-14,79.74700164794922,81.52500237264705,79.52021573529454,80.30942628192045,8387900
2023-06-15,80.05542755126953,80.33663986960464,79.19364384742897,79.78328168639523,5552900
2023-06-16,80.87185668945312,81.38892828613139,80.08263923306768,80.08263923306768,9108400
2023-06-20,80.68135070800781,81.08048916947804,79.97377983622007,80.30034515162076,5066300
2023-06-21,80.11893463134766,80.83557901459656,79.84678874167328,80.636006284963,5587900
2023-06-22,79.91778564453125,80.69492776793828,79.74406897883999,80.46635614485078,5162000
2023-06-23,79.98179626464844,80.26522288356179,79.55208043890671,79.76236245440587,5496500
2023-06-26,79.54293060302734,80.10979078055678,78.88464316472293,79.86292950346619,4171200
2023-06-27,79.6800537109375,79.75319829021232,78.68347800080828,79.43319249974772,4998900
2023-06-28,78.9577865600586,79.9452177024649,78.82064218326003,79.68007376744175,4952400
2023-06-29,79.3326416015625,79.53378576047888,78.46407216128124,78.57378905945004,3842200
2023-06-30,80.54864501953125,81.16121534426246,80.06407425592438,80.18292899826758,5484500
2023-07-03,79.6709213256836,80.10063707665779,78.98520648275509,80.04578212136818,2584100
2023-07-05,79.42408752441406,79.87208605081376,79.20465369578842,79.31437061010124,3464000
2023-07-06,78.69264221191406,78.99435844419638,78.10749938440135,78.88464154824298,3909900
2023-07-07,78.52809143066406,79.24123400711882,78.29037491336094,78.35437470931318,5094700
2023-07-10,79.04006958007812,79.38750293390753,78.70178802034253,78.76578779992381,3234800
2023-07-11,79.8080825805664,79.84465488365063,78.73836887330387,78.9212234132714,2888200
2023-07-12,80.06407928466797,80.46636763087062,79.78979050762919,80.28350612102697,3847400
2023-07-13,80.5029296875,80.7680666359868,79.61607066012266,80.00006931874404,4492600
2023-07-14,80.1372299194336,80.61265592989912,79.74408636299995,80.4298013817479,4394400
2023-07-17,79.27779388427734,80.32008009803576,79.25951122063839,80.05493613482304,4465200
2023-07-18,79.1772232055664,79.20465068924001,76.8915065600509,78.74750736013691,5697000
2023-07-19,78.73834991455078,79.55206427974983,78.60120555487019,78.94863188733602,4796800
2023-07-20,81.69149780273438,81.81949735536068,79.66178064615643,79.77149753788719,5982100
2023-07-21,81.33492279052734,82.26749888765434,81.29835049500745,82.01149281901507,4673800
2023-07-24,81.15206909179688,81.8834940830796,81.14292427396333,81.45377832578174,3930200
2023-07-25,81.33492279052734,81.53606692816071,80.52120839770305,80.86863474196385,3116200
2023-07-26,82.65150451660156,82.779504074019,80.92350351601327,80.96921365768937,5472600
2023-07-27,80.92350006103516,83.20007149270897,80.9052104247834,83.20007149270897,4654800
2023-07-28,80.685791015625,81.60922241833578,80.64007389625645,81.32578883406629,3446300
2023-07-31,80.23778533935547,81.04235494965889,79.89949682257608,81.04235494965889,5786800
2023-08-01,80.16463470458984,80.30177906459623,79.72577414765976,79.81720837129863,3514200
2023-08-02,78.13491821289062,79.85377420645408,77.95206371533459,79.6160647547216,5507200
2023-08-03,77.24806213378906,77.9977767624674,77.19320717756574,77.71435018804395,4413900
2023-08-04,76.83663940429688,77.71435361989074,76.51664051977606,76.90063918120103,5346600
2023-08-07,77.45835876464844,77.53150336382662,77.0194981450323,77.14749770586765,3361600
2023-08-08,75.19092559814453,76.86407169612029,74.56007260786332,76.68121717221764,8227600
2023-08-09,75.83092498779297,76.49835023046198,75.09949299331348,75.21834772784909,4535800
2023-08-10,75.99549102783203,76.68120585443818,75.904056803923,76.25149011369268,4128700
2023-08-11,76.2972183227539,76.5257899857645,75.65722045650568,75.75779254626663,3596200
2023-08-14,76.03207397460938,76.48921725639384,75.92235707581806,76.2332111592141,3296000
2023-08-15,75.739501953125,76.17836260977799,75.5292199320575,75.85836368068388,3842400
2023-08-16,74.57836151123047,75.82179190909436,74.56921669163415,75.41036570815635,4222200
2023-08-17,74.56920623779297,75.29149342466644,74.43206884034126,75.23663846568576,4848300
2023-08-18,74.53263854980469,74.86178227495134,74.32235654373781,74.40463898729799,5205700
2023-08-21,74.61492919921875,75.23664435969754,74.26750280603622,74.72464610122788,4722000
2023-08-22,76.54407501220703,77.51321657282244,75.42864424786309,75.52921633156316,10015700
2023-08-23,76.50749206542969,77.65949497040714,76.16920356046943,77.41263371732873,5268300
2023-08-24,74.11205291748047,76.23319707403026,74.0571979659465,75.71205410810276,6765100
2023-08-25,75.14521026611328,75.41949203302808,74.26749605617148,74.5326330048867,4441400
2023-08-28,74.41378021240234,76.16920867810501,74.09378132158977,75.69378275110527,4308500
2023-08-29,75.04464721679688,75.06292987994213,74.31321513282717,74.6880759941113,3757900
2023-08-30,75.25492858886719,75.58407232629312,74.87092988702135,75.30979052874035,3881200
2023-08-31,74.51435852050781,75.62978929786891,74.51435852050781,75.3372178624507,4423200
2023-09-01,75.09034729003906,75.28234661685002,74.53263197029908,75.07206462934619,4238700
2023-09-05,73.32576751708984,74.9897685093839,73.29834004077786,74.8617689696268,5612100
2023-09-06,73.79206085205078,74.14863202067488,72.1554872182737,72.81377459894965,6795400
2023-09-07,73.07891845703125,74.24005921475678,72.96006372606793,73.96577745666013,4276600
2023-09-08,73.10635375976562,73.2252085034498,72.61263817180728,72.7497825532601,4208600
2023-09-11,74.42292785644531,74.54178259884462,73.24349734942601,73.44464150998861,4763700
2023-09-12,74.0389175415039,74.76119767666917,73.86520088913534,74.58748799975243,3328600
2023-09-13,74.34976959228516,74.42291417821971,73.68233745267261,74.28576982345533,3520900
2023-09-14,74.93492889404297,75.31892759190909,74.69721242493164,74.75207436423621,5924200
2023-09-15,74.7612075805664,75.32806774860667,74.57835306207741,74.97149655473622,9072500
2023-09-18,75.70293426513672,76.47093167101289,75.07207427070037,75.2000738383464,5829600
2023-09-19,75.54750061035156,75.87664435032835,74.77035838141599,75.73949996276247,4655500
2023-09-20,74.49606323242188,75.97720282145143,74.31320175661745,75.88577557127525,5845100
2023-09-21,74.19178009033203,74.84646684821068,73.94281747791042,74.33009577946768,5620800
2023-09-22,74.0165786743164,74.47762627472582,73.9520322916602,74.27477123996927,5067900
2023-09-25,73.73994445800781,74.0073528746307,73.31578156664891,73.76760618472274,3799700
2023-09-26,72.79940032958984,73.29733249358463,72.4951143141154,72.77173860409461,5167000
2023-09-27,72.12628936767578,72.9838382052662,71.40705622034734,72.89163009010096,7418600
2023-09-28,72.55966186523438,72.94694009851924,72.19082243757057,72.23692296913671,5354100
2023-09-29,72.25538635253906,74.05346932579134,71.7758928696527,73.01150419706421,6308800
2023-10-02,71.7113265991211,71.87730398409701,71.1027475442272,71.83120345412001,4517100
2023-10-03,70.5771713256836,71.36095088169408,70.07923904615225,71.259519841325,5741000
2023-10-04,70.32819366455078,71.03821086632927,69.91325366301204,70.92755691623935,7115500
2023-10-05,70.2175521850586,70.79846963918742,69.61818888697306,70.42963014536338,7235900
2023-10-06,70.18988037109375,70.54949689127908,69.11102377551057,69.71038698749518,6762000
2023-10-09,69.27700805664062,69.95936355226195,68.55777494479513,69.76572440945954,7825500
2023-10-10,70.24520874023438,70.59560236428439,69.03726634611544,69.04648223238655,6319500
2023-10-11,67.21151733398438,69.9778028833102,66.76891558570789,69.79338666069967,8881200
2023-10-12,65.73616027832031,67.69100441564788,65.42264428727403,67.49735825454522,10503300
2023-10-13,66.35396575927734,66.68592057412587,65.44109353595772,65.70850197208723,8168800
2023-10-16,66.16032409667969,67.0731962851398,65.74538411147802,66.52916354742972,9083700
2023-10-17,67.13774871826172,67.53424993245878,65.77305177290533,65.9298062672319,7936400
2023-10-18,67.03631591796875,68.17971899182228,66.6029370983133,68.00451865864534,7900700
2023-10-19,66.71359252929688,67.18386309492405,66.11422918644321,66.98100100641709,7048400
2023-10-20,67.03631591796875,67.50658642358549,66.40007503569323,66.81501504739587,8399300
2023-10-23,66.75047302246094,68.03218482716132,66.4922874841081,67.01788148290589,7133300
2023-10-24,66.35396575927734,67.34983020382293,65.78226423703207,66.8150133315639,13129200
2023-10-25,65.83757781982422,66.79655736807959,65.42263089032456,66.16030963052894,7462700
2023-10-26,64.8878402709961,65.95746702029227,64.8325097764438,65.69928149580795,7894000
2023-10-27,64.02106475830078,65.85603208575695,63.66144822264423,65.54252312032406,10009100
2023-10-30,64.51898956298828,64.69418986769264,63.47701768978023,64.38067390322308,8934700
2023-10-31,65.06303405761719,65.4226506172702,64.46367781488081,64.46367781488081,10770200
2023-11-01,65.3304443359375,65.53330640809737,64.58354946573813,65.0261512276977,5380300
2023-11-02,66.47383117675781,66.52916166557303,65.42264334462212,65.45031210654332,6330200
2023-11-03,66.9072265625,67.30372778642999,66.61215637504243,66.92567240641945,5198300
2023-11-06,67.70022583007812,67.80165686178574,66.88878461144508,66.9902156431527,5916500
2023-11-07,66.83345031738281,67.8846380800918,66.66747293195367,67.57112211426933,5653400
2023-11-08,66.12344360351562,67.2760625626517,65.59784963955069,67.11930807261588,6767100
2023-11-09,64.62964630126953,66.2617586719053,64.55588403518915,66.20643521358807,8321000
2023-11-10,65.17369842529297,65.3120141322646,63.919648209467255,64.9431745920166,7557500
2023-11-13,66.4646224975586,67.33138718600101,66.05889836571664,66.65826164183918,8452100
2023-11-14,66.93488311767578,67.62645447558826,66.4646196595152,66.73202809544468,6478100
2023-11-15,68.25347900390625,68.47478690219606,67.1193059240383,67.14696765256762,8385800
2023-11-16,69.04647064208984,69.29544023017115,68.41944576455103,68.51166089200426,9048600
2023-11-17,68.93583679199219,69.50753129425273,68.61310488990513,69.28623042353988,6262600
2023-11-20,69.3046646118164,69.7472662788114,68.84361710493107,69.44297323586068,8670100
2023-11-21,72.4951171875,72.67953338812892,71.10275165716222,71.50847574057836,10745300
2023-11-22,72.26460266113281,73.15902908710123,71.93264782952531,72.75331198682497,6004700
2023-11-24,72.81785583496094,72.8824022146926,72.13550738707941,72.14472327344983,3310900
2023-11-27,72.84551239013672,73.13135961792726,72.1447181492341,72.63342742320913,7252900
2023-11-28,72.50432586669922,72.89161110557046,72.2922479605574,72.75329545133262,4972200
2023-11-29,72.7164077758789,73.55551051588876,72.48588404010323,72.61497676933551,4260400
2023-11-30,73.094482421875,73.13136707358046,72.10784085259493,72.78097343492058,6219300
2023-12-01,73.75837707519531,73.8413692834035,72.62420416488702,72.92849016824623,5102000
2023-12-04,73.54631042480469,73.97969626673118,73.22357853242143,73.36188717556595,6206400
2023-12-05,72.6795425415039,73.42643739365137,72.53201096942584,73.35267512512634,4818800
2023-12-06,72.88240814208984,72.97461625848737,72.36603706224102,72.71643071856296,5319600
2023-12-07,73.35265350341797,73.50940795099163,72.60575183640209,73.03913757324473,5251000
2023-12-08,73.16825103759766,73.62929862704065,73.10370465647675,73.39877483231915,6240900
2023-12-11,73.50943756103516,73.83216950516339,73.14982096114531,73.14982096114531,5598900
2023-12-12,73.84137725830078,73.97047000943198,73.04837490990782,73.81371553091942,5263300
2023-12-13,75.51959991455078,75.5380387235358,73.3065699798515,73.50943205382794,6304700
2023-12-14,76.93040466308594,78.12913126585656,76.220394437464,76.31260255267061,9680600
2023-12-15,76.1742935180664,76.80131860529711,75.88844622544157,76.60767943593557,12388900
2023-12-18,76.5892105102539,76.97649576729819,76.14660883795578,76.49700241477736,6447200
2023-12-19,76.3102798461914,76.97045078597594,76.04063136194829,76.40326036980233,5060900
2023-12-20,74.9527359008789,76.1336033151205,74.91554227682961,76.06851624652386,7257600
2023-12-21,76.2079849243164,76.33815905187765,75.13869136738512,75.19448534630988,7440600
2023-12-22,76.17079162597656,76.93324313090712,75.81746286309195,76.47763368251101,3426700
2023-12-26,76.52413177490234,76.7286860634404,75.91044762741315,76.20798952178292,2954800
2023-12-27,76.63571166992188,76.70079874282541,76.28238285901111,76.31957648552154,4041700
2023-12-28,76.9239501953125,77.21219189469998,76.4497403882896,76.50552727360126,3297000
2023-12-29,76.59851837158203,77.08202842433028,76.37536370552226,76.73799269810398,3847600
2024-01-02,77.02623748779297,77.90957019477507,76.21729913105558,76.3474732825756,5425800
2024-01-03,77.3609619140625,77.90025880358307,76.37535573897594,77.1192140068635,6182600
2024-01-04,78.03975677490234,78.30940530141208,77.15643102120104,77.31449864551216,5622000
2024-01-05,78.63481903076172,79.04394179862182,77.65850591435317,77.83517385392156,5107600
2024-01-08,80.49446105957031,80.63393538123255,78.39306733667966,78.84868392704021,7867100
2024-01-09,80.57815551757812,81.86130378206825,80.24341995397909,80.36429392651678,7223200
2024-01-10,80.96868133544922,81.38709726032295,80.29921018048358,80.42938433906473,4980800
2024-01-11,80.97795104980469,81.15461896858429,80.29918700368076,80.97795104980469,5099500
2024-01-12,81.2848129272461,82.50288120532547,81.13604550719657,81.45218070852634,5969000
2024-01-16,80.46656799316406,81.06165181403203,80.19691952840222,80.85709042049142,5398300
2024-01-17,80.01095581054688,80.72691356996263,79.657619926663,80.15042303422895,6956000
2024-01-18,80.23412322998047,81.0244683637659,80.03886199179534,80.75481986514083,7203600
2024-01-19,80.42008209228516,80.62464350593227,79.70412423847968,80.20622759180638,4819300
2024-01-22,80.40147399902344,81.23831276692563,80.22480606636684,80.513047772105,6015700
2024-01-23,80.28060913085938,81.22902895692447,79.60184489463666,80.76411922484223,5060300
2024-01-24,78.7742919921875,80.26200144888507,78.72779818974516,80.13182731479642,6035200
2024-01-25,79.76919555664062,79.80638917849741,78.66270836176481,79.27639248146475,5557800
2024-01-26,80.46656799316406,80.52235488450835,79.62042897332944,80.14113263705795,6784400
2024-01-29,81.30340576171875,81.34059938677771,80.08533759640346,80.24341227639368,7144700
2024-01-30,80.86638641357422,81.41497640061333,80.43867038284245,81.32199588853396,5760100
2024-01-31,81.39639282226562,82.92129610250333,81.37779246126122,82.09375738678747,10357900
2024-02-01,81.90778350830078,82.32620647407583,80.61533517344914,81.22901935233573,4320000
2024-02-02,81.48006439208984,81.95427423121593,80.95006766387544,81.3219968103673,5051900
2024-02-05,80.66183471679688,81.61954758474093,80.65253453628463,81.4335865382513,4083400
2024-02-06,81.58235931396484,81.67533984331546,80.77342090525885,80.96868214508304,4667100
2024-02-07,81.04306030273438,82.05656001854304,80.9314794236715,81.87059898073045,4740100
2024-02-08,80.1318359375,80.67113289044667,79.397277762409,80.47587166830233,5938100
2024-02-09,79.02534484863281,80.11323888337454,78.53254172642984,80.03885163256236,8843400
2024-02-12,79.09972381591797,79.341478808761,78.45814625927828,78.69060107325406,5892300
2024-02-13,77.72359466552734,79.0346433305818,77.29587862348393,78.63482073350404,7579400
2024-02-14,77.80728149414062,78.43025874009628,77.39815872057764,77.79798131457098,4934500
2024-02-15,78.7742919921875,79.04394043964491,77.88166631816897,77.94675338521328,4867900
2024-02-16,78.4953384399414,79.72269955144593,78.20709674596891,78.56042550290158,10848600
2024-02-20,79.82498168945312,81.09883662368911,76.79376892931988,80.8570816308795,11771400
2024-02-21,79.8714828491211,80.45726648040785,78.88586952329503,80.45726648040785,6877000
2024-02-22,79.0904312133789,79.8435897066993,78.55114138470283,79.75060209703506,9824900
2024-02-23,79.65762329101562,79.91797157816266,78.90447187548902,79.3414881120396,4707700
2024-02-26,77.79798126220703,79.55533921988923,77.6213204142534,79.55533921988923,5974100
2024-02-27,77.9560546875,78.27219697072276,77.30518394845168,77.60272587115362,4546200
2024-02-28,77.50973510742188,77.94675130044168,77.38886115584626,77.7607831896045,4755300
2024-02-29,77.50973510742188,77.89095732021148,76.97973840596252,77.66780268116493,8893100
2024-03-01,77.73289489746094,77.96534973094256,76.84956936781421,77.56552713359584,4266600
2024-03-04,79.0904312133789,79.13692501821103,77.39816028928549,77.73289582099264,5553000
2024-03-05,78.66271209716797,79.81568605364674,78.3837705609332,79.44376400533372,5073700
2024-03-06,79.5460433959961,79.7784982193696,78.66271081080184,78.78359185908933,6048400
2024-03-07,79.17411804199219,80.36428565948609,78.73710181814022,79.96446306042562,6177600
2024-03-08,79.155517578125,80.21551105442863,78.96025636869629,79.48096002113142,6561200
2024-03-11,79.49955749511719,79.62043146145999,78.60693173592077,78.60693173592077,5539000
2024-03-12,79.72270965576172,80.04814501180931,78.9416648012475,79.17411964041845,4562200
2024-03-13,79.1090316772461,80.2898991255783,78.83938321557306,79.97376395297044,5908200
2024-03-14,78.46746826171875,78.76501022260256,78.09553903712401,78.58834224477907,7836100
2024-03-15,77.70500183105469,78.11412461004231,77.00763732721228,77.58412787088042,17082100
2024-03-18,77.78868865966797,78.16061071701164,77.49113966345939,77.91886279852996,4783800
2024-03-19,78.20710754394531,78.24430116990895,77.45395612656822,77.81658511226524,4903000
2024-03-20,78.14201354980469,78.27218768216659,77.67710390738127,77.87236510592412,4191700
2024-03-21,78.1982650756836,78.74201928180388,77.89825288929418,78.3482640161941,6233800
2024-03-22,77.8888931274414,78.62015504632933,77.74826418472793,78.47014893338557,5181300
2024-03-25,78.03890228271484,78.18890841525541,77.55139665733013,77.63576974236965,5481300
2024-03-26,78.47014617919922,78.62952945677912,77.86076603663773,78.28264569728567,4806700
2024-03-27,81.48895263671875,81.59208004946358,78.8451557383291,78.92953596361352,8220100
2024-03-28,81.7045669555664,82.24832825918138,81.4983121746998,81.65768826803,7579500
2024-04-01,81.58269500732422,81.73270110327324,81.02956362205194,81.41394172572373,4727300
2024-04-02,79.87643432617188,81.4795944654909,79.64205510907315,81.43271576099674,6007200
2024-04-03,79.68891143798828,80.37330170693082,79.43578510177801,80.12954538683955,5887400
2024-04-04,78.67640686035156,80.06393484897684,78.517030723587,80.00767897806519,6797100
2024-04-05,79.27640533447266,79.38890990701235,77.90763188898607,78.22639126817302,4935800
2024-04-08,77.72949981689453,79.07951877157645,77.32636741831644,78.99514571620789,8725300
2024-04-09,78.56390380859375,78.59202816569669,77.8138875733191,78.17014135109785,5679600
2024-04-10,77.18574523925781,78.08576033844463,76.71698692805525,77.67325073572742,6509400
2024-04-11,77.0357437133789,77.87013298457074,76.98887217109042,77.73888122186762,5241200
2024-04-12,75.12319946289062,76.67948038754088,74.58881530919292,76.6326016984143,6562700
2024-04-15,75.21696472167969,76.40760773179147,74.87945815212206,75.90134787745501,7500200
2024-04-16,74.29820251464844,75.46072128310371,73.86694566752286,75.32009233992065,7674500
2024-04-17,74.1388168334961,74.86070149157521,74.01693509385113,74.44819903810897,5640100
2024-04-18,74.24195098876953,74.34507839968857,73.52943628224288,74.29819970283995,6065600
2024-04-19,74.51382446289062,74.66382340341575,74.14818639886394,74.56069600250538,6756900
2024-04-22,75.53572082519531,75.84510305526564,74.43882799423852,74.87946199112326,4962600
2024-04-23,76.21073150634766,76.25760304857133,75.58259704961053,75.90134928639607,5296200
2024-04-24,75.35758209228516,75.77946885590683,75.01070552634927,75.7232129958135,5028900
2024-04-25,74.29820251464844,75.32946951018224,73.85756849726127,75.03884160623971,5624100
2024-04-26,74.75757598876953,74.86070339292644,74.01693697377193,74.4388237596914,5024900
2024-04-29,75.80760192871094,76.05135827666044,74.55132581483416,74.64508320821196,6029700
2024-04-30,75.22633361816406,75.63884323096626,74.77632963391108,75.02007881176296,6487200
2024-05-01,75.83572387695312,76.62324160966725,74.9919574321468,74.9919574321468,5366100
2024-05-02,75.86385345458984,76.62324688352572,75.12321436609864,76.3513661685592,6338700
2024-05-03,76.58573913574219,76.80136396454883,75.94822751341397,76.00447622480968,4987200
2024-05-06,76.65135192871094,77.40136084576982,76.18259367329289,77.36385932701437,3676100
2024-05-07,76.7826156616211,77.1388694164204,76.56698368326595,77.04511918122947,4939700
2024-05-08,76.45448303222656,76.89510983427772,76.28572975493823,76.38885715509689,4175600
2024-05-09,77.58889770507812,77.60764489518537,76.47325034751671,76.55763058471443,5545600
2024-05-10,77.66389465332031,77.87014951067928,77.13888749108739,77.8139007869218,4217700
2024-05-13,78.3013916015625,78.61077382906754,77.87951194782637,77.90763630438414,4950800
2024-05-14,79.03266143798828,79.32328932894934,78.39514978969463,78.49827719991013,4053700
2024-05-15,79.4264144897461,79.58579060913463,78.46077345115302,79.39829013369925,6227200
2024-05-16,80.2889175415039,80.36392058286889,79.32327663015177,79.44515120785708,5506800
2024-05-17,80.55143737792969,80.78581656523932,79.7826739296615,80.4670643037871,8236300
2024-05-20,79.22953796386719,80.48580690293556,79.17328209829422,80.08267443763897,5513000
2024-05-21,79.84829711914062,79.96080170021608,79.22016263501037,79.25766416203552,4131600
2024-05-22,80.40142822265625,80.53267997869229,79.57640901021917,79.57640901021917,8527900
2024-05-23,76.29511260986328,78.85453655398003,76.14511364519021,78.34827663692336,10712300
2024-05-24,77.14823913574219,77.20448784088806,75.82633734334398,75.92946473790059,8732300
2024-05-28,76.87638092041016,77.5701413796228,76.754506306113,76.99825553470731,7479000
2024-05-29,76.39823150634766,76.82011829984936,75.70447117265641,76.25760257518043,7910500
2024-05-30,75.56385040283203,76.3138666816071,75.4325986269492,75.91073418348543,8870600
2024-05-31,76.28573608398438,76.38886349269899,75.58259856239455,75.67634880140291,11406000
2024-06-03,76.9888687133789,77.31699810539982,76.05135207749954,76.41698299327776,6151100
2024-06-04,78.0670166015625,78.17014401624593,76.41699227199793,76.67011864723943,6331200
2024-06-05,77.16700744628906,77.98264965762549,76.61387595376436,77.90764659510785,7058300
2024-06-06,77.19512176513672,77.78576186477639,76.74511775393819,77.27950198766445,7366600
2024-06-07,78.81702423095703,78.95765315855064,77.02637115449716,77.1107442194427,7038900
2024-06-10,77.94513702392578,78.70452325386476,77.44825432272201,78.48889842069714,4966100
2024-06-11,76.8294906616211,77.8513875834545,76.75449476170283,77.8513875834545,5340400
2024-06-12,77.09200286865234,77.7482617101812,76.80136782224535,77.12949724300978,5549100
2024-06-13,76.5576171875,76.87636943234541,75.79822379635483,76.87636943234541,5934400
2024-06-14,75.97635650634766,76.44511487041494,75.48884380221408,76.07948391865726,3689000
2024-06-17,74.95446014404297,75.47009720965501,74.30757846035748,75.24509519588113,5435400
2024-06-18,74.76695251464844,75.32946107168259,74.2231911433522,74.92632862781598,7011900
2024-06-20,75.16071319580078,75.32946649031831,74.01694166103587,74.21382646521039,7139700
2024-06-21,76.53886413574219,76.60449001976656,74.93571140941707,75.16071341854561,11094400
2024-06-24,75.97635650634766,76.85762451965334,75.69509862683329,76.65136969503415,6798700
2024-06-25,75.38572692871094,76.16386041197367,74.72946089792806,76.1169888650726,5318100
2024-06-26,75.04820251464844,75.2169557793647,74.2231833748429,74.53256555226997,5737600
2024-06-27,74.37319946289062,75.06695979887866,73.79193655006115,75.00133391780795,8044800
2024-06-28,74.44886016845703,74.97854102755196,74.02322479473582,74.47723489785704,8917200
2024-07-01,72.9449462890625,75.08259115477188,72.76523003660445,74.15564959404928,7111800
2024-07-02,73.18142700195312,73.30438660094165,72.37743763388512,72.68957417327418,7111800
2024-07-03,72.99224090576172,73.54084313956562,72.90711670553085,73.13412178917466,2838400
2024-07-05,73.40841674804688,73.71109257296848,72.54767808621179,72.897649940424,4370000
2024-07-08,72.68010711669922,73.39896499414179,72.43418794039557,73.23817002124439,5606500
2024-07-09,72.71793365478516,72.82197914608719,71.84774156058715,72.68009827464252,6142600
2024-07-10,72.8882064819336,72.91658121965577,72.19773047615202,72.68011545015418,6736300
2024-07-11,73.843505859375,73.97592606931768,73.01114922311243,73.23815426639128,6224600
2024-07-12,73.7300033569336,74.4015723042888,73.60704378918322,73.96646906008779,5661400
2024-07-15,72.90711975097656,73.78677260524748,72.79361359623257,73.60705633099329,4497800
2024-07-16,73.87187957763672,73.96646440967956,72.52875620009208,72.8692673685344,6811000
2024-07-17,76.86082458496094,77.14457913736545,73.72055991036484,73.73001334399191,9848100
2024-07-18,76.81351470947266,79.10250088165351,75.74469237693206,76.09465698346965,8427800
2024-07-19,75.17718505859375,77.24861986365535,75.11097494548879,77.16349566810374,9292800
2024-07-22,75.00691986083984,75.74469166006774,74.79882889872732,75.24338555117495,5904400
2024-07-23,75.10151672363281,75.34744310155521,74.5434538525429,75.14880553945856,5022800
2024-07-24,75.6406478881836,76.00953379613287,74.65694972819874,75.27176198023432,5658500
2024-07-25,74.21239471435547,77.04998312553258,74.15564525536729,75.31905246278802,6357000
2024-07-26,74.43940734863281,75.14880452368214,74.07998204449785,74.36374380106209,4574700
2024-07-29,75.66902160644531,76.03790750946791,74.34481228506047,74.72315883636475,6551400
2024-07-30,76.43517303466797,76.61488928172473,75.3852647153503,75.40418601312507,6568400
2024-07-31,75.97171020507812,76.60543663588544,74.69479669358773,76.00954558821965,7573200
2024-08-01,76.13251495361328,76.70003134093487,75.08260638970526,76.32169189362874,4873100
2024-08-02,77.09727478027344,77.45670002741734,75.9716957984332,76.65271813311435,5057900
2024-08-05,75.98116302490234,77.38103597507116,75.86765688717486,76.44463379199168,7503200
2024-08-06,76.40679931640625,77.25807731852865,75.59335669397383,76.10412349524726,5514000
2024-08-07,76.70002746582031,78.2607028643765,76.18926779448965,76.4351869795416,5596600
2024-08-08,77.75938415527344,78.14719138823877,76.52976677814911,76.83244260197242,4088200
2024-08-09,77.59860229492188,77.93911355621945,77.08783540297553,77.82560739699956,3094300
2024-08-12,76.79460906982422,77.61750515195313,76.43517655913706,77.58913042034331,4502200
2024-08-13,77.81613159179688,77.91072364757291,76.71893446512958,77.0026961997363,3704800
2024-08-14,77.31482696533203,77.42833310467421,76.40679949967708,77.01215114344704,5612900
2024-08-15,79.1214370727539,79.48086239523674,77.72155673399672,78.09044270654431,6743500
2024-08-16,80.0199966430664,80.15241686637323,79.26331068365046,79.48085510064269,5374800
2024-08-19,80.22808837890625,80.6726450826133,79.9159518997467,80.09566815435875,7492800
2024-08-20,80.75777435302734,82.9521760616337,78.77146364360665,79.45248610771922,10841600
2024-08-21,82.80083465576172,82.82920938660999,81.22124543008078,81.27799489177733,10608300
2024-08-22,83.07512664794922,84.40878936625597,82.81028623389454,83.15079739949628,8429600
2024-08-23,83.56698608398438,83.70886696278677,82.96163440303131,83.4818618865197,4843500
2024-08-26,84.50337982177734,85.25061230622782,83.34943325750196,83.80344336428166,5948200
2024-08-27,83.99262237548828,84.86281444907779,83.31159998177102,84.71147293209141,4174700
2024-08-28,83.54808044433594,84.31422716438858,83.18864788619807,84.1534321864648,5230600
2024-08-29,83.41565704345703,84.12505426593879,83.2548548552596,84.07775823122864,5024400
2024-08-30,83.78453063964844,83.80344472092023,82.50761727116368,83.54806493376753,7940100
2024-09-03,84.14395904541016,84.52230563216874,83.30214167846181,83.49131136366064,4745300
2024-09-04,86.10189056396484,86.5369865912296,83.99262053578215,83.99262053578215,8953500
2024-09-05,84.55067443847656,86.24376970289887,84.27637336270709,86.22485562224875,7007400
2024-09-06,85.02362060546875,85.63843297063235,84.46556492483644,84.86282563474707,7116500
2024-09-09,85.7140884399414,86.21539456292568,85.01414478109508,85.1276509135362,8643000
2024-09-10,86.0640640258789,86.18703082245806,85.31683146218279,85.84651959808107,5628100
2024-09-11,85.45870971679688,85.76138554957268,84.01154066582632,85.76138554957268,5805800
2024-09-12,85.12767028808594,85.65735126064263,84.37097699898037,85.37359668949955,4856500
2024-09-13,85.12767028808594,85.61951587455114,85.02362478042487,85.18441975904214,5209400
2024-09-16,85.23169708251953,85.35465664804867,84.59797074144092,85.1276515977024,5620300
2024-09-17,83.83182525634766,85.35466508498592,83.27376961567658,85.12766001220118,7012300
2024-09-18,83.35888671875,83.71831920446598,82.92379069278482,83.2643018811681,7691400
2024-09-19,84.62635803222656,85.08036820031026,83.75616586309822,83.88858609681942,9374600
2024-09-20,84.50337982177734,84.73984552383025,83.93586358012244,84.63580725397867,25452900
2024-09-23,84.99524688720703,85.17496316037425,84.19126480762813,84.6925710260822,6324400
2024-09-24,84.9006576538086,85.40196384640123,84.32368069574802,84.87228292084846,7657600
2024-09-25,84.55067443847656,85.50599787941707,84.36150476653368,85.28844626195837,3944400
2024-09-26,84.607421875,84.72092800526961,83.71831577848212,84.25745726863242,6321000
2024-09-27,85.15083312988281,85.81815650129849,84.9506361184581,85.1889669330036,5232500
2024-09-30,85.82769012451172,85.89442246037358,84.86483161569411,85.30336670653394,4784900
2024-10-01,85.79910278320312,86.13276450603735,85.04597645264585,86.03743362426758,4907100
2024-10-02,84.96016693115234,85.50356086888232,84.8362302591908,85.36056093299993,4438900
2024-10-03,83.67317199707031,85.07455823018137,83.56831313907678,84.86482596763703,3435000
2024-10-04,84.14031982421875,84.16891836062575,83.13932741029447,83.854319913589,3598500
2024-10-07,82.97725677490234,83.87338295975039,82.82472156332004,83.75898155106366,3794500
2024-10-08,84.02590942382812,84.426303437288,83.15838906133172,83.24418466138209,4608700
2024-10-09,84.22611236572266,84.31191524509838,83.57785222874895,83.85431685941357,2773500
2024-10-10,84.70276641845703,85.26523089887537,84.64556935285748,85.09363242879779,3219800
2024-10-11,85.18896484375,85.40822511471812,84.75997229740082,84.82670463290579,4482700
2024-10-14,85.80863189697266,85.85629369779798,84.98877328066978,85.35103351471635,3849200
2024-10-15,85.64656066894531,86.27575752995115,85.26523717251939,85.84676495983224,4173700
2024-10-16,85.78955841064453,86.02788922642173,85.31289677909012,85.62749520150307,3773300
2024-10-17,85.5988998413086,85.94209681061572,85.44636462238118,85.94209681061572,5392700
2024-10-18,87.93453216552734,87.94406743428766,85.64655497274373,85.77049164679089,7355500
2024-10-21,86.781005859375,87.75339955301473,86.54267507001133,87.7057304858306,4411500
2024-10-22,86.86680603027344,87.07653100885202,85.78001824635916,86.46640478887481,4400200
2024-10-23,87.96311950683594,88.0775208975673,86.44733926435542,86.50453632308205,6842200
2024-10-24,86.74288177490234,88.35400041888431,86.6952199756589,88.17286667123304,3813800
2024-10-25,86.36154174804688,87.32440017811396,85.92301396635258,86.88587239641967,3446900
2024-10-28,86.37108612060547,87.08607856742054,86.32342432145204,86.4473537271861,4241900
2024-10-29,86.10416412353516,87.16235361704567,86.09462885357851,86.15183320003848,7279700
2024-10-30,86.27574920654297,87.51507227020261,85.75141853962263,85.78002434504639,5325700
2024-10-31,85.08409118652344,85.73235121982809,84.83622513086266,85.63702035942885,6955600
2024-11-01,85.86582946777344,86.75242042902322,85.09363992107446,85.63703391195145,5052400
2024-11-04,85.14129638671875,86.29481663635435,85.0555007861418,85.82769028445081,4513600
2024-11-05,85.4940185546875,85.50355382250156,84.47396309693198,84.89342760141105,4578200
2024-11-06,85.9039535522461,87.73433233826653,84.75043336084951,87.5818044094042,6281700
2024-11-07,84.0068359375,85.32241922448056,83.6064346994814,85.3128839567644,7077400
2024-11-08,83.6255111694336,84.55023582501339,83.48251123665591,84.23563742755823,8137700
2024-11-11,84.14984130859375,84.67417201307778,83.65411641158282,84.09264424020614,4544500
2024-11-12,84.17845153808594,84.67417646113803,83.70178988107136,84.11171919703509,7202700
2024-11-13,83.86383819580078,84.1403027805335,83.41577515410562,83.88290145845066,8338900
2024-11-14,81.98579406738281,84.03544037372312,81.89046320335555,83.60644057568238,7956100
2024-11-15,83.44437408447266,83.48250788323348,81.04200294876797,81.48053072459984,7952300
2024-11-18,83.50157165527344,84.57883147532162,82.93911448499712,83.4157760624971,10339800
2024-11-19,81.03246307373047,82.44338445455068,80.55580152623793,81.98578616871553,12000800
2024-11-20,80.18402099609375,81.0134148611796,79.65016229118112,80.77508404316085,7389100
2024-11-21,80.78460693359375,81.15640240434347,80.00288219082782,80.26981152641439,5699700
2024-11-22,82.18598937988281,82.2717922470444,80.67020903505426,80.8322722279079,6532100
2024-11-25,81.74747467041016,82.77706560135056,80.81321461679097,82.46246716023882,10636000
2024-11-26,81.68073272705078,82.51965453145033,81.05153591879197,82.30992226203072,5702500
2024-11-27,82.24317932128906,82.84377751958053,81.90951769628155,82.10971467128606,5106500
2024-11-29,82.50057983398438,82.70077680706403,81.53772149112496,81.65212287857528,3543200
2024-12-02,82.50057983398438,82.79610765996703,81.92858744328849,82.14784767763761,7058700
2024-12-03,81.7093276977539,82.49105240306415,81.49006744257585,82.47198913998375,4979100
2024-12-04,81.33753967285156,82.10020118473037,81.04201179180616,81.36613820672315,5352500
2024-12-05,80.21260833740234,81.35659319494526,80.07914367979828,80.62253757812292,6967700
2024-12-06,80.08868408203125,80.60347948291157,79.66921954651126,80.07914881351157,4309800
2024-12-09,80.041015625,80.47001543232138,79.75502302673128,80.20307882468016,5015000
2024-12-10,79.67875671386719,80.17448158952185,79.01142609388404,80.07915072188968,5095400
2024-12-11,79.049560546875,80.0505528484573,79.02096201367762,79.50715889787008,6125600
2024-12-12,78.8684310913086,79.3641559522693,78.67776208841696,79.04002955727168,5482500
2024-12-13,78.6301040649414,79.06863188271242,78.05810430210352,78.97329374005336,4301500
2024-12-16,77.55284118652344,78.6586995942771,77.33358092265152,78.17250272374548,6351900
2024-12-17,77.57190704345703,78.44896259258658,76.92364701295293,77.18104106224675,8021400
2024-12-18,76.2944564819336,77.84837799254154,76.26585794892739,77.5719133846832,7048600
2024-12-19,76.25631713867188,76.82830957706673,75.80825409205772,76.06565541696641,7190300
2024-12-20,77.2477798461914,77.47657538393442,76.07519635113933,76.14192868603433,10707300
2024-12-23,77.60051727294922,77.79117902166763,76.66625724835824,76.92365860973553,7421300
2024-12-24,77.73396301269531,77.96275851006983,77.30496327268065,77.50516751532079,2465900
2024-12-26,77.79116821289062,77.95323140411118,77.42890803134848,77.51470362436696,3319500
2024-12-27,77.63732147216797,78.14695345999085,77.35846471093782,77.44501000604272,3880700
2024-12-30,76.55074310302734,77.28153983512492,76.2430403741776,77.11806702900806,5136200
2024-12-31,76.81037139892578,77.14692747963817,76.32958538215085,76.75267942450076,4803700
2025-01-02,77.1373062133789,77.57001067440409,76.79113971007394,77.28154347912466,5574900
2025-01-03,77.83924865722656,77.88733019059444,76.90653000131283,77.40654420176361,5394700
2025-01-06,76.77189636230469,78.02194275681919,76.59882046444804,77.42576554253804,7886200
2025-01-07,76.80075073242188,77.95463408452379,76.67574168953301,77.28153668516624,7363100
2025-01-08,79.50276947021484,80.0220192058512,77.26230505613908,77.32000436201767,11153800
2025-01-10,77.5604019165039,79.32007312083722,77.41616464763403,78.84890488966037,7068200
2025-01-13,78.64697265625,78.96429316845143,76.93537571583545,77.80079195992482,6487700
2025-01-14,81.97400665283203,82.0316986207771,79.91624331905963,80.18548228441877,13399700
2025-01-15,82.11825561523438,82.58942387178003,80.69512573461898,80.69512573461898,12261100
2025-01-16,83.81060791015625,83.86829987490606,81.76245512700392,82.14708534316206,7267500
2025-01-17,84.69525146484375,85.22411158783648,83.70483361961757,83.89714505775837,9578900
2025-01-21,84.98373413085938,85.29143688976443,84.39717460041342,85.05104388011321,8376600
2025-01-22,84.4644775390625,85.06065479596256,84.06061907610368,84.84910779073313,5222900
2025-01-23,85.82029724121094,85.89722475853256,84.42602083676283,84.49333058036629,5694300
2025-01-24,86.72417449951172,86.8299479984467,85.40681831763803,85.68567505699282,7349500
2025-01-27,88.90693664550781,88.92617219171086,86.87801935755584,87.17611163401232,9164300
2025-01-28,88.44539642333984,89.50312416369631,88.14730411257403,88.9069468783769,7961100
2025-01-29,87.89730072021484,89.40696847842555,87.84921918535865,88.97425667335642,5514700
2025-01-30,88.45500183105469,89.25310831209242,87.94536987016923,88.19538063188708,5101600
2025-01-31,87.32996368408203,88.56077459893866,87.16649821424896,88.19537990115677,7215400
2025-02-03,87.05111694335938,87.70498623404265,85.82030588706439,86.80110615498302,5800300
2025-02-04,87.47419738769531,87.6088168675231,86.25299695984282,86.40685198605254,5196300
2025-02-05,88.16654205322266,88.53193678472563,87.19535224575468,87.76267622384185,5181100
2025-02-06,87.32996368408203,88.40692690268745,87.2722717150143,87.7530576871434,4509300
2025-02-07,86.55110168457031,87.66652144013533,86.10877942493138,87.61844723969061,6349400
2025-02-10,87.34919738769531,87.44536045713741,86.55109819929612,86.82033718682473,5029300
2025-02-11,87.69535827636719,87.95498680928314,87.02226085068087,87.34919178995372,6534800
2025-02-12,87.839599609375,88.11845636615415,86.4549409357077,87.11842061859817,7053200
2025-02-13,88.65693664550781,88.9261829715096,87.37805144400754,87.76267438015701,5991000
2025-02-14,89.24349212646484,89.47427468117802,88.33000169008064,88.86847964532085,10855400
2025-02-18,82.76250457763672,85.04143293662918,81.79131477027549,84.57987513290716,14516700
2025-02-19,83.6567611694336,83.82022664321174,82.40671467724465,82.69518920196884,8972100
2025-02-20,84.5606460571289,84.87795924922351,83.03174272560337,83.43560121460546,5804300
2025-02-21,86.4837875366211,87.64728876967045,84.21447704260694,84.27216901469154,11763000
2025-02-24,86.70494842529297,87.57036472193974,85.6953021927154,86.09916068574643,7158500
2025-02-25,87.00303649902344,87.35881343857699,85.79145374283307,86.88764521969652,6290300
2025-02-26,87.09918975830078,87.68574923986037,86.54147626170119,86.98379848224891,5108500
2025-02-27,87.25303649902344,87.77228623123911,86.63763103925932,86.82994983056795,4735900
2025-02-28,88.48384857177734,88.84925061192023,86.8299509622381,88.03191591278839,7685300
2025-03-03,90.67623901367188,91.28202670911374,88.75309508834447,89.10887201935444,9306100
2025-03-04,89.45504760742188,91.89744152124356,89.37812008189695,91.10895272514465,7644300
2025-03-05,90.4454574584961,91.08971625611026,89.68581471926477,89.99351745726374,5820600
2025-03-06,89.55119323730469,90.3685352653699,88.5511575270068,90.13775271484684,5339800
2025-03-07,90.8685531616211,91.37818514312514,88.88771720748474,89.04156491123497,7795900
2025-03-10,90.19544982910156,92.55129811947631,89.95505684697305,90.94547475954866,10771700
2025-03-11,89.69544219970703,90.33008329212808,89.10888264563768,89.81083349002343,7457600
2025-03-12,87.99345397949219,89.4261941761317,86.87802696085974,89.32042067139201,6301000
2025-03-13,88.78194427490234,89.17618497898059,88.04152972867334,88.24345896776885,6737600
2025-03-14,89.4935073852539,89.71467217723696,88.58001690301198,88.76271059773299,7788600
2025-03-17,89.76274871826172,90.0800692530418,89.25311670942779,89.49350972010134,8099200
2025-03-18,88.66654968261719,90.11852539850766,88.21460968695372,90.07044386595169,12259300
2025-03-19,88.3396224975586,89.25311296531271,87.63767170790474,88.71463499158078,11665200
2025-03-20,87.71459197998047,88.4646169060422,86.82032979824267,88.4646169060422,10469600
2025-03-21,86.85879516601562,87.34919157371088,86.18569040578393,87.07995260410289,14027600
2025-03-24,86.6664810180664,87.34919625219963,86.25300476796183,87.20496632233579,5420400
2025-03-25,85.18566131591797,87.02226738656324,84.15677955297284,86.81072036939862,8819800
2025-03-26,84.8395004272461,85.73376267689271,84.6375638522379,85.22412335664117,7460400
2025-03-27,85.5606689453125,86.01260156562341,84.61832527679705,85.25296623775442,7340100
2025-03-28,84.93070220947266,85.65759971778702,84.54302945387872,85.14392666167961,6320200
2025-03-31,87.09201049804688,87.52814602747267,84.25226405241582,84.3201075213128,8241100
2025-04-01,85.76420593261719,86.83032072454343,85.4928320649687,86.05496787331677,7059400
2025-04-02,86.12281036376953,86.24880325963974,84.76593364652797,85.70605553049641,5577200
2025-04-03,85.18268585205078,86.78186166966833,84.9888494960172,85.87081452866789,7663100
2025-04-04,80.3270034790039,85.38621040602311,80.13316713622365,85.27959819917922,12034000
2025-04-07,80.58869934082031,82.7403169911918,78.09786435691801,78.71814959376955,12129100
2025-04-08,79.35781860351562,82.68216339050547,78.12694211831483,81.89711647452637,10183900
2025-04-09,82.65308380126953,82.86630823362695,77.09959149558979,78.02032529598794,11981100
2025-04-10,79.99748992919922,82.67247467173185,78.49523220993746,82.21695107707635,8838400
2025-04-11,80.34639739990234,80.86976443677419,78.67937811084009,80.5983905793702,8014000
2025-04-14,81.625732421875,81.66450117015498,80.55961772451487,81.38343329091212,5596000
2025-04-15,79.83271789550781,82.12002221355023,79.68733694248989,82.02309664861666,5829400
2025-04-16,80.15254974365234,81.88741241254435,79.66795148064506,80.63714800665963,7111600
2025-04-17,80.05563354492188,80.75345624396907,79.59042334181231,79.9684094047324,5940500
2025-04-21,79.28028106689453,80.33670176134336,78.65999586394821,80.05563387338599,5220000
2025-04-22,80.80191802978516,81.0442171642694,79.95871437980217,80.25916294036016,5284900
2025-04-23,81.17021942138672,82.72093258220215,80.79223331951243,81.56759359711197,6468200
2025-04-24,81.70328521728516,81.93589035613743,80.69531975641326,81.44159796599031,5959000
2025-04-25,81.56758880615234,82.05218710259274,80.92791550554708,81.80988795437254,5879600
2025-04-28,81.4512710571289,82.26539253094107,80.81159784680608,81.99401870633702,4513400
2025-04-29,81.99402618408203,82.4592437789606,81.22836002661735,81.41250973627095,4495500
2025-04-30,82.14910125732422,82.38170635778961,81.10236721365573,82.36232568041034,7469800
2025-05-01,80.98606872558594,81.87773525250323,80.39485818470554,81.60635398251233,6015000
2025-05-02,82.236328125,82.44955255515907,81.2962062616894,81.87773012371709,5727500
2025-05-05,80.87945556640625,82.18787692837934,80.66623851974569,82.02310788205587,7168400
2025-05-06,79.78426361083984,80.88914714044493,79.51288974663974,80.77284088676637,7415800
2025-05-07,80.598388671875,80.99575541241705,79.34812423466789,79.78425972454771,7557000
2025-05-08,81.04421997070312,81.97464779201596,80.59839043513966,80.89883900610171,6252400
2025-05-09,80.90853118896484,81.64511524247602,80.78253090515102,80.92791186642235,6588600
2025-05-12,83.16675567626953,83.59320453517327,81.47066167120805,81.84864774364253,7720300
2025-05-13,82.48831176757812,83.15705969495373,82.19754987018469,82.85660376247858,5532400
2025-05-14,81.6548080444336,82.48831765578497,81.49973304958556,82.28478727083396,5684900
2025-05-15,83.45751953125,83.46721356764405,82.09094878063406,82.18787435580815,6567700
2025-05-16,83.77735137939453,83.78703802084998,83.19582753922478,83.47689542347142,6506800
2025-05-19,84.29102325439453,84.38794142835378,83.05045288119754,83.14737105515681,7296500
2025-05-20,83.70951080322266,84.19410909048239,82.75969490666506,82.78876962079936,9253500
2025-05-21,81.80988311767578,85.56066897796838,81.61603937392998,83.9227244666344,12936800
2025-05-22,78.4177017211914,81.05391030446548,78.37893296923957,80.71469296786618,14683400
2025-05-23,78.19477844238281,78.33046536868699,77.46788102530354,78.136629015219,10571900
2025-05-27,78.67938232421875,79.08644313212335,78.22385872730405,78.65030760856605,8294300
2025-05-28,78.7375259399414,79.76487931488433,78.64060776346302,78.9895191142915,7515900
2025-05-29,79.87149047851562,79.88117711996824,78.74721894185737,78.7762936549808,8093300
2025-05-30,80.42393493652344,80.70499543583017,78.99921479012976,79.66795539778042,11025900
2025-06-02,81.16051483154297,81.18958954415537,79.67764533324923,79.86179503897131,7904400
2025-06-03,82.90507507324219,82.9826125731089,80.57900183792184,80.57900183792184,11977600
2025-06-04,82.96321868896484,83.69011606193074,82.90506926532996,82.90506926532996,9070700
2025-06-05,84.32009887695312,84.52362926277846,82.85661003291446,83.20552137843868,10361500
2025-06-06,84.74655151367188,84.75623815553803,84.116572256366,84.60117054746543,7577400
2025-06-09,84.75623321533203,85.1051445561372,83.71919322860074,84.70777782567627,8624700
2025-06-10,85.25052642822266,85.77389344504377,84.76592816017155,85.0179213299853,6628000
2025-06-11,85.34745025634766,85.74482441177523,85.05669571288715,85.22145736028644,4643300
2025-06-12,85.76420593261719,85.80297468433602,84.9500843296717,85.31837637942562,5855300
2025-06-13,84.581787109375,85.89989512493793,84.3976447768482,85.49283431276265,6011700
2025-06-16,85.21176147460938,86.03557708811074,84.88223818696207,85.49282936992313,8414700
2025-06-17,83.51566314697266,85.42498149260842,83.31213276316547,85.3959067798335,6939100
2025-06-18,83.08922576904297,83.73858570074114,82.77908316029287,83.65135416376417,8514400
2025-06-20,83.68043518066406,83.7676667242112,83.08923202721624,83.48659880848939,13089200
2025-06-23,83.31214141845703,83.68043347583912,81.97465273117983,83.5835152917263,6746800
2025-06-24,83.42843627929688,83.72888482731894,82.32355286369952,83.17644311952026,11144100
2025-06-25,83.32183074951172,83.76766028675885,82.8081577477788,83.2152185346936,8461700
2025-06-26,83.52536010742188,84.00995838899327,82.86630614870944,83.2442922167845,11117300
2025-06-27,84.06283569335938,84.5514594958118,83.28104208292002,83.55467021936417,10134000
2025-06-30,85.18667602539062,85.42122083002462,84.21920293765103,84.67851052696608,8205600
2025-07-01,86.73072814941406,86.73072814941406,84.737142066832,84.85441446785724,10089300
2025-07-02,86.27142333984375,87.1411731719492,86.02711142170608,86.79913797771808,8663000
2025-07-03,86.3789291381836,86.68187355872531,86.05643558713734,86.35938746348779,2989500
2025-07-07,85.67530059814453,86.63300658589506,85.33326540816505,86.47664338144274,7218300
2025-07-08,86.5645980834961,87.01413110497985,85.32348940052741,85.56780131149519,5403000
2025-07-09,86.97504425048828,87.12163289488107,85.97825488907198,86.80891393288692,4673100
2025-07-10,87.36595153808594,88.43114802139111,86.48642705987461,87.199821207704,7962900
2025-07-11,87.87411499023438,89.76020342664158,87.04345590240716,89.68202181804857,12259500
2025-07-14,87.68843078613281,88.18682169598377,86.95549508314404,87.7079724576572,8911800
2025-07-15,87.1900405883789,88.0695650055202,86.39847234085585,87.65911530698212,8617300
2025-07-16,87.73729705810547,87.87411113924323,86.99458672063749,87.55161760978642,5173500
2025-07-17,87.49298095703125,87.64934415990028,86.33982843119978,87.50275552116254,6951700
2025-07-18,87.5711669921875,88.46045852215424,87.27798969986847,87.9327513252732,6413500
2025-07-21,87.65911865234375,88.40182901691938,87.15095311182895,87.39526504503594,6015900
2025-07-22,89.56474304199219,89.82859661052284,87.76660360083126,87.92296679389196,7457100
2025-07-23,89.91655731201172,90.65926014913967,88.82203727272787,89.76019411105354,7818800
2025-07-24,90.2195053100586,90.39541019028282,89.2422576323258,89.94587715322271,6684900
2025-07-25,90.82539367675781,90.9817494146136,89.83837152022913,89.87746231864493,5376500
2025-07-28,89.87747192382812,90.63972393487946,89.77974864524866,90.61040769688644,4311500
2025-07-29,90.33677673339844,90.6006303229623,89.6624734572348,89.73088049570009,4676800
2025-07-30,89.55497741699219,90.27813861755837,89.14453517795258,90.160873666866,5424000
2025-07-31,88.18682861328125,89.60384222369338,88.0988799008116,89.34975573910084,8310000
2025-08-01,87.30730438232422,87.91320062961069,86.67209935329798,87.5711654318716,6658000
2025-08-04,87.6004867553711,88.06956895079612,86.24211299419352,87.41480729904328,8078800
2025-08-05,87.62979125976562,88.14773129931164,87.25843985264768,88.08909882866344,5597000
2025-08-06,87.32685089111328,87.95228879273029,86.93595033865067,87.63956984192178,5545000
2025-08-07,89.16407775878906,89.64293449835134,87.68843910496214,87.94251813792081,8207000
2025-08-08,90.76676177978516,90.84494338353214,89.12498538013905,89.13475994455945,6636900
2025-08-11,90.62995147705078,91.15766614061694,90.24882546266551,90.73744932272953,6782900
2025-08-12,89.98497009277344,91.00130859645733,89.36929926945831,90.7276729773127,5445200
2025-08-13,90.79608917236328,91.04040110217056,89.57452952332692,89.90679016907677,6596900
2025-08-14,89.88724517822266,90.79608582179995,89.63315869297305,90.73744589086043,6873500
2025-08-15,90.90357208251953,91.05993528351854,89.92632444369912,90.41494826310932,6641200
2025-08-18,90.69835662841797,91.1967550429194,90.40518679197638,90.65926582573077,11581800
2025-08-19,87.85456848144531,88.09888040299782,85.50917254337956,85.84143317790306,19583900
2025-08-20,91.09902954101562,92.29127289855192,88.23569355237467,88.30410059145586,13227300
2025-08-21,89.02725982666016,91.6560584029132,88.95885278908295,91.19675081240571,6808600
2025-08-22,90.60063171386719,90.84494363439508,89.59406779422156,89.59406779422156,4876000
2025-08-25,89.94587707519531,90.93289931647546,89.8286046698782,90.6299474666916,5106500
2025-08-26,90.08268737792969,90.39540632319384,89.76996843266555,90.3269992869113,6251600
2025-08-27,89.95565032958984,90.08268984164395,89.25203081954996,89.94587576533708,4223300
2025-08-28,89.86769104003906,90.00450511159166,89.25202771805237,90.00450511159166,5626500
2025-08-29,90.69835662841797,90.70813119304182,89.86769757478773,89.95565374478599,5174500
2025-09-02,91.20652770996094,91.69515154967254,90.30746163428554,90.43450114851964,7150300
2025-09-03,90.15109252929688,91.43128451973523,89.33997521904325,91.03061687440275,5365400
2025-09-04,90.7374496459961,92.2033212314106,89.70156944482855,90.16087706785444,6641400
2025-09-05,90.78630828857422,91.80264674052961,90.41494940939735,91.02084563723842,4856900
2025-09-08,90.87425994873047,90.88403451318612,89.31066514719213,90.06315003830653,5024100
2025-09-09,91.9296875,92.16422485185049,90.6201792083761,90.72766959212625,7038300
2025-09-10,90.2195053100586,92.15445899252506,89.5061112247581,92.1055936263152,5625500
2025-09-11,92.1055908203125,92.12513249271626,90.15109552439075,90.20972799740989,6957800
2025-09-12,91.89059448242188,93.12192859760248,91.38242898970087,91.82218744579005,7334200
2025-09-15,91.30425262451172,92.77012416994059,91.09903150284866,92.44763064055226,5716300
2025-09-16,92.04695892333984,93.36624176518175,91.1478854151753,91.1478854151753,7722300
2025-09-17,92.42808532714844,92.95579995741726,91.67560045487684,92.271722123006,8145800
2025-09-18,93.41510009765625,93.46396546290465,91.6853750226588,92.34012916446291,9364500
2025-09-19,92.91670227050781,93.72781955631855,91.93945468446329,93.72781955631855,15677000
2025-09-22,92.46717071533203,93.32714592035032,92.15445178116106,93.21964808774709,7581600
2025-09-23,92.7994384765625,93.4835163236771,92.02741191734052,92.36944711299378,7101000
2025-09-24,93.56169128417969,93.80600320545555,92.64308353013196,92.69194144090226,11265300
2025-09-25,92.15445709228516,93.45419081045489,90.61040400391204,93.10238105726081,7560800
2025-09-26,92.77478790283203,93.27696726396302,92.04614065203279,92.41046052124769,5042800
2025-09-29,92.52862548828125,92.88310416464668,91.8590554898543,92.76494210173497,5452000
2025-09-30,93.77913665771484,93.92683734975377,92.37107075003313,92.45969417020419,7119000
2025-10-01,93.35574340820312,94.26163759083713,90.46084404780612,93.69053218517811,10343500
2025-10-02,94.01547241210938,94.27147896348492,92.5384803335589,92.96188502990485,6212500
2025-10-03,96.20140838623047,96.43773251298603,93.9169944141814,94.20254709973375,8573200
2025-10-06,96.92021179199219,97.1466871958097,96.13247974921853,96.14232846565481,8134500
2025-10-07,96.82174682617188,97.84579547324893,96.39834216932626,96.82174682617188,5894000
2025-10-08,96.36880493164062,97.16637818727183,95.28567148279627,97.0580648423874,7470100
2025-10-09,95.01982116699219,96.73312982861218,94.48810313151633,96.683901268072,6207200
2025-10-10,93.98591613769531,95.56138019503166,93.83822295564323,95.19705281710799,6829800
2025-10-13,94.11392974853516,94.93120043824607,93.60190166075763,94.23208429773797,4619500
2025-10-14,95.05921173095703,95.11828901054702,93.79884635056912,93.79884635056912,4862700
2025-10-15,93.87760925292969,95.37429870786897,92.61724393026705,94.59641534195723,7246800
2025-10-16,93.58221435546875,94.4979496992317,93.2474255945083,93.73975626293205,4802600
2025-10-17,94.31085968017578,94.3403983176878,93.44436042622108,93.81852902198955,6136000
2025-10-20,94.44871520996094,95.11828523073089,93.47390257361218,94.61610583706094,5137800
2025-10-21,94.36009979248047,94.68503984376962,93.77914568450564,94.1533218086701,4405000
2025-10-22,94.42902374267578,95.74846632862429,94.08439377711981,95.10843495695188,6651700
2025-10-23,92.76494598388672,94.7638073461502,90.46084200345591,94.67519142953518,9122200
2025-10-24,92.23322296142578,93.50343695083657,91.8590543686602,92.97171894277837,4309300
2025-10-27,92.68616485595703,92.7944781992354,91.68181364199434,92.3021475524681,5562600
2025-10-28,91.79997253417969,93.14895365185997,91.78027510206172,92.37107035532361,4279800
2025-10-29,90.32298278808594,91.3864112642434,89.97834532916691,91.35687262773477,6963600
2025-10-30,89.57464599609375,90.53960993139177,89.31863193652954,90.36237058436579,5617400
2025-10-31,89.30877685546875,89.91926956558284,88.70813286181266,89.21031222799732,5959700
2025-11-03,88.81644439697266,89.25954648012448,87.67424121930021,89.25954648012448,7307700
2025-11-04,89.03307342529297,89.08230949550749,88.28473624214556,88.7967568154764,4729200
2025-11-05,89.01338958740234,89.10200550500058,87.98934085839221,88.42259426630383,5675100
2025-11-06,88.67859649658203,89.42694120680116,88.24535062213492,88.70813513434322,5462000
2025-11-07,90.78577423095703,90.82516158677372,88.81645151434304,89.30878219349654,7520500
2025-11-10,91.23872375488281,91.36672702516917,90.11620291117146,90.53960758965077,5375000
2025-11-11,93.93669128417969,93.93669128417969,91.37657335864067,91.54396397981127,8555500
2025-11-12,94.34040069580078,94.81304144501644,93.36558807148266,93.54282741339232,6322000
2025-11-13,94.66533660888672,95.22659324837144,93.18834466157224,93.54282332991727,5284400
2025-11-14,94.39949035644531,95.08875032590417,93.68068423483516,94.34040556451296,6324500
2025-11-17,94.80319213867188,95.75831483567006,94.33055890476481,94.35024882602352,11087600
2025-11-18,99.25386810302734,100.90809948849014,97.88518941347795,98.43659737117555,21965400
2025-11-19,98.80091094970703,101.01639886828586,98.43659107767945,99.44094229532594,12429800
2025-11-20,97.82610321044922,99.63788399329604,97.56024795250505,98.83046199017133,6726200
2025-11-21,99.64772033691406,100.46499101709367,97.73748252750703,98.12149983267682,11381000
2025-11-24,101.61705017089844,102.10938085488993,99.42125952722355,99.97266748933562,13926400
2025-11-25,103.73406982421875,103.98023515721992,102.20784926703337,102.20784926703337,9482900
2025-11-26,103.40913391113281,104.69904541598052,103.09404257280354,103.44852126747023,5249600
2025-11-28,103.7143783569336,103.7143783569336,103.01526972311638,103.42882567342464,2618200
2025-12-01,101.75489807128906,104.1082455575538,101.72535943341612,103.38943948237649,6666300
2025-12-02,100.4649887084961,101.88290334876797,100.14989740092116,101.83366728005933,5797400
2025-12-03,100.40592193603516,101.3315060354924,100.02190459953059,100.96717862110877,4167800
2025-12-04,100.42560577392578,101.17395047947592,100.17944044429201,100.4748418448004,4480500
2025-12-05,99.80526733398438,100.88839323291435,99.75603126533646,100.543763289487,5158000
2025-12-08,99.7068099975586,100.9179392461888,99.50003201638684,100.24836923042653,5528800
2025-12-09,98.09196472167969,100.43545599033436,98.05257736686576,99.87419933088317,4666100
2025-12-10,99.22431945800781,99.51972086356142,97.96395415073604,97.97380286755312,6158600
2025-12-11,98.219970703125,99.83481473324443,98.09196743072201,99.83481473324443,8338900
2025-12-12,98.338134765625,98.57445139345886,97.48147666021832,98.3184373310896,6546500
2025-12-15,97.05805969238281,99.12584682727372,96.84143301410839,98.36766096568242,9569100
2025-12-16,96.22110748291016,97.10730419263788,95.67954074019602,97.03837819923517,5639000
2025-12-17,96.7922134399414,97.07775861975934,96.26049541094027,96.309723970881,5574300
2025-12-18,96.96945190429688,97.73748654621602,96.58542707096748,97.17622988386205,6306000
2025-12-19,97.11714172363281,97.71778572015246,96.71343449536444,97.02852581219692,12760100
2025-12-22,96.21125793457031,96.96945136781774,95.40383594210056,96.89067665821831,6546800
2025-12-23,95.97494506835938,96.38850104136141,95.77800828666548,96.01433242469815,3579700
2025-12-24,95.77799987792969,96.10293990491925,95.51214463644605,95.91585936919722,1979000
2025-12-26,95.73832702636719,95.96646769533864,95.23246272285225,95.92679072823022,4340500
2025-12-29,95.37133026123047,96.125177516388,95.18286655553912,95.95654851084993,4790600
2025-12-30,95.877197265625,96.0954092266425,95.30189261154239,95.53994683931167,3741200
2025-12-31,95.28205108642578,96.20451973977026,95.16302775541844,95.76808824673083,4731500
2026-01-02,95.27214050292969,95.65898147602805,94.51829325665257,95.262219369166,6221800
2026-01-05,96.57152557373047,96.76990283626907,94.39925898117758,94.85553273910236,6597700
2026-01-06,99.49763488769531,99.72577555749999,96.91869255709106,97.265856561048,7107600
2026-01-07,98.96200561523438,100.49945590963956,98.56525108419474,99.86463957884702,7117900
2026-01-08,97.89075469970703,99.58690523951698,97.87091243321623,98.81322333373778,5385900
2026-01-09,96.74015045166016,98.39662411248071,96.31363251115347,98.14864874166538,5982800
2026-01-12,96.16484069824219,97.20634022772504,95.09359290425701,97.07739576604732,7837000
2026-01-13,95.6391372680664,96.53185009849172,95.15310767001559,96.53185009849172,5823400
2026-01-14,97.94034576416016,97.97010159645106,95.05391651783137,95.54986723629952,9909300
2026-01-15,98.1982421875,98.6545159400563,96.84925562880858,97.58326057269416,6703700
2026-01-16,95.97638702392578,98.14864606710044,95.88711195770898,97.88083600366515,9035600
2026-01-20,97.80148315429688,97.87091595429791,94.91505381984481,95.48043735345549,10113200
2026-01-21,99.47779846191406,100.21180342434612,97.94034816985565,98.48589700061382,11294700
2026-01-22,100.519287109375,101.25329961497897,99.30917372366439,99.60673961158378,9978700
2026-01-23,100.06301879882812,100.89621997902242,99.41828888949185,100.19197083478157,8482200
2026-01-26,99.85472106933594,101.27314050113883,99.76545356778847,100.13245227540513,8402000
2026-01-27,99.87455749511719,101.20370178002058,98.87273493101662,99.4182837450336,7131900
2026-01-28,99.97374725341797,100.43002100865303,99.44804069994295,99.64641796131212,6643000
2026-01-29,100.18204498291016,100.76726319738847,98.88265652407311,100.32091057846797,10126000
2026-01-30,102.12617492675781,102.18568659360521,100.45978014656144,100.83670755021546,8579900
2026-02-02,101.8781967163086,102.4832572044053,101.28305736161226,102.01706231348415,7284100
2026-02-03,102.34439086914062,104.1794070193903,101.72940925207865,101.87819598158158,10725500
2026-02-04,101.01524353027344,104.64560659532114,100.37051361955434,102.48326105680829,12572000
2026-02-05,102.11624908447266,103.65369932640486,101.0945918234602,101.0945918234602,9835000
2026-02-06,102.06665802001953,102.90977271670724,101.06483546307625,102.15592551570782,6617800
2026-02-09,100.8267822265625,102.79074282698885,100.60856270038015,102.75106586153684,8888500
2026-02-10,100.59864044189453,102.27495626735674,100.06301276569464,100.77718300062783,9032200
2026-02-11,100.26139831542969,100.4002639101585,97.82132170684251,100.4002639101585,10406000
2026-02-12,100.06301879882812,101.22354928437045,99.74561062723214,100.31099416937523,9379100
2026-02-13,98.68427276611328,101.67981937157654,98.31727407427837,100.10269213692102,10354800
2026-02-17,95.62922668457031,97.32537733147369,94.72659269243151,95.10351253587409,17374800
2026-02-18,97.69237518310547,97.7518944182058,95.17294450194787,95.2225426032635,10367800
2026-02-19,96.78974914550781,97.92051623794077,96.09541356240884,97.56343109637164,9888200
2026-02-20,96.07557678222656,97.07739938369424,95.68873581517019,96.39298494923713,7188500
2026-02-23,97.8114013671875,98.17840762343833,95.7581656940589,95.86727545760354,5959900
2026-02-24,95.96646881103516,97.93043708389213,95.78792624077543,97.74197337983804,7614100
2026-02-25,95.86727905273438,96.60128402515464,95.12335294663599,95.53994974982524,6830600
2026-02-26,96.24419403076172,96.80957754015368,95.21261564092934,96.31362682778854,7910700
2026-02-27,96.86910247802734,97.26585701720585,95.52011585551875,95.90695682854322,8290500
2026-03-02,97.30553436279297,97.97010654286814,95.92679190124872,96.32355400957685,6393800
2026-03-03,95.92678833007812,96.93853204702998,95.21261807519622,96.48225072049405,6727700
2026-03-04,94.82577514648438,96.11525003187468,94.64723258647045,95.89703050656794,7235800
2026-03-05,92.25675964355469,94.13145285302124,91.57234519426736,93.9826661160969,8367800
2026-03-06,90.1638412475586,91.91950344398569,89.43974987594287,91.74096088438232,10786900
2026-03-09,90.60027313232422,90.79865795921395,88.28914854801577,89.27112884639607,11112400
2026-03-10,89.16201782226562,90.6697122148711,88.42801289217486,90.47132739078761,8834400
2026-03-11,88.24947357177734,89.61829485393662,87.27740681712568,89.27113085856371,7971900
2026-03-12,86.67234802246094,89.43975404139523,86.60291522202635,88.6561509692863,11033900
2026-03-13,86.43429565429688,87.84279396073316,86.0176988426931,86.95008866947018,7923400
2026-03-16,87.52538299560547,88.0312548607778,86.54340266594777,86.70211053251462,8109900
2026-03-17,87.72377014160156,88.64623882942085,87.44603893539494,87.74360484164154,6283000
2026-03-18,86.50372314453125,88.01141756195815,86.35493641592095,87.33692428418452,7081800
2026-03-19,86.1664810180664,87.00959573051094,85.80939589342515,86.54340084180666,5755300
2026-03-20,85.46223449707031,86.57315930292366,85.08530709427778,86.12680666737296,11113900
2026-03-23,86.46405029296875,86.96992216726991,85.66061251489636,86.53348309394282,6903300
2026-03-24,85.87882995605469,86.59300021585176,85.46223316037558,85.78955488977628,6696400
2026-03-25,87.17821502685547,87.35675758480845,85.64076480183772,86.19623474191769,9380100
2026-03-26,86.95999908447266,88.45777240632344,86.59300038795298,86.59300038795298,10770100
2026-03-27,87.13999938964844,87.52999877929688,86.3499984741211,87.31999969482422,10312100
2026-03-30,85.73999786376953,87.52999877929688,85.6500015258789,87.44999694824219,8716200
2026-03-31,86.6500015258789,86.77999877929688,84.91999816894531,86.72000122070312,7342200
2026-04-01,86.05999755859375,86.95999908447266,85.4000015258789,86.58000183105469,7408400
2026-04-02,86.62999725341797,86.97000122070312,85.20999908447266,85.86000061035156,4687400
2026-04-06,86.27999877929688,87.30000305175781,86.06999969482422,86.43000030517578,4532300
2026-04-07,86.41999816894531,86.97000122070312,85.30999755859375,85.98999786376953,6995400
2026-04-08,88.6500015258789,88.83999633789062,86.91000366210938,87.87000274658203,12720600
2026-04-09,87.91000366210938,88.55000305175781,87.30000305175781,87.91000366210938,7896600
