Price,Close,High,Low,Open,Volume
Ticker,MPWR,MPWR,MPWR,MPWR,MPWR
Date,,,,,
2021-04-12,360.5315856933594,363.98338872424824,354.42821861774684,361.968225944151,283100
2021-04-13,363.0383605957031,365.6513478549154,358.0052660966942,361.54387147501456,192700
2021-04-14,356.6747131347656,369.2863596775954,355.8840668693095,361.5728064728414,251900
2021-04-15,367.9075927734375,369.9034818555414,360.9171847319035,361.22573394191295,237000
2021-04-16,365.0631408691406,372.68026786161494,361.9391616113093,368.4378199920605,322000
2021-04-19,356.3662109375,365.63210382263713,349.7711256087466,363.5301673591348,238900
2021-04-20,351.2367248535156,358.10178407805216,348.98051355274674,357.32078899028124,266600
2021-04-21,364.05078125,364.3400277162903,349.15397031379143,349.85784261492375,234900
2021-04-22,358.8537902832031,366.2973706839734,356.433682850189,363.34693878605214,237200
2021-04-23,367.155517578125,373.2685052738277,363.7422618718938,365.55495167548406,416200
2021-04-26,375.5825500488281,377.09634194232365,365.75740920231897,366.6734054244648,277900
2021-04-27,371.21478271484375,381.7148721212884,369.62386810246903,379.7961055731473,195100
2021-04-28,364.00250244140625,368.50530129603516,361.9873405447523,368.50530129603516,257600
2021-04-29,357.8221435546875,371.0605422938193,354.97778793712786,367.91725936318056,290600
2021-04-30,348.4405212402344,358.911656625234,345.97218632508213,352.23944892251325,327700
2021-05-03,337.7379150390625,352.3069034872614,336.8315702126421,349.2793198277571,541400
2021-05-04,322.1565246582031,333.090482108341,318.4540228834106,331.27779251107546,494900
2021-05-05,325.72406005859375,336.7833676350654,324.56701536106357,332.64696667999436,510000
2021-05-06,321.4430847167969,323.35217050548334,314.6262242873117,321.1152622018191,355800
2021-05-07,330.5161437988281,332.0492090724765,324.1138800756668,327.623561148577,295500
2021-05-10,310.3356018066406,328.6552957812913,308.1758157224324,325.0877940832601,486300
2021-05-11,308.9375305175781,313.5849545767567,298.9099146658396,302.85346622169664,611400
2021-05-12,295.1398620605469,305.40852480762015,294.58061292472246,303.200511764206,429900
2021-05-13,295.361572265625,308.8795926797573,293.05716361637906,301.40708823880345,518000
2021-05-14,305.1867370605469,308.0503950065639,298.2445564875374,299.48834581746763,462200
2021-05-17,301.1179504394531,303.53808821002855,294.8410638393974,300.7419298605918,382100
2021-05-18,298.3216857910156,307.35618092467803,298.1577892515398,303.9911525127471,326800
2021-05-19,308.3492736816406,309.67986630057413,290.7334573665246,292.1508239269273,428200
2021-05-20,320.0835876464844,322.21444884179823,308.55183188817534,312.01328594500086,398000
2021-05-21,312.8231201171875,322.3011346872359,310.80795808250434,320.748796389773,425500
2021-05-24,318.0876770019531,320.1124908107306,314.70337519536804,314.70337519536804,261300
2021-05-25,319.4857177734375,322.8025477987604,317.5573295924297,320.11243804729133,255100
2021-05-26,326.8907470703125,327.4885427455244,319.81356541964567,321.73230239489766,420200
2021-05-27,330.303955078125,333.80398410609274,322.24327770691656,324.07524047427916,478900
2021-05-28,330.8343200683594,334.4500484371845,329.72550258689427,332.859133839876,251700
2021-06-01,330.1787109375,338.3454381444633,327.1511265970188,333.08094530625897,278800
2021-06-02,331.3260803222656,333.283393505184,327.2571793428894,330.2943853957111,365100
2021-06-03,323.9113464355469,329.87005850921025,321.5008613483173,327.2281762695641,335700
2021-06-04,334.60430908203125,335.0671328868812,326.8618309016795,326.8618309016795,267700
2021-06-07,330.37158203125,332.50244340784326,327.5946974622695,330.76687583979157,225700
2021-06-08,326.5340576171875,335.1635792762391,323.99822180353584,334.84540809205464,222100
2021-06-09,328.3177490234375,332.62769791428923,325.0491168346288,328.7419967899767,184800
2021-06-10,331.10430908203125,333.1580476015421,327.0836354218932,329.0794952138569,233500
2021-06-11,334.729736328125,335.2118335351724,328.7227945353584,332.521722880882,220700
2021-06-14,339.1938781738281,340.39912089652796,333.1580132025885,335.713121889738,254500
2021-06-15,333.0423278808594,339.4638648942857,332.2613329194171,337.6029771182502,197400
2021-06-16,331.374267578125,336.3977407277058,328.27921232315697,333.0326828390962,280400
2021-06-17,343.330322265625,346.0782821366593,330.62224738504983,330.62224738504983,367900
2021-06-18,341.2862243652344,344.3427334059627,337.53552363941475,340.13883073313656,625900
2021-06-21,341.4307861328125,342.58783091597184,336.9183644432592,340.52447067667873,236800
2021-06-22,341.05474853515625,342.52031301849064,337.0340460697144,341.05474853515625,213500
2021-06-23,337.5450744628906,342.3178472665415,337.2558279883719,341.0644066438,490700
2021-06-24,346.48321533203125,347.312408276756,339.69527946121104,340.9101736521903,198400
2021-06-25,352.5865478515625,354.45708705890024,346.0107359752462,349.1925946693703,518800
2021-06-28,361.0714416503906,364.0797227384464,354.4859790228094,354.4859790228094,298700
2021-06-29,364.4708557128906,365.72633741334187,357.0443008226372,361.0424849932331,239400
2021-06-30,360.65618896484375,365.6297519885037,359.00474971582736,364.21011074950826,234100
2021-07-01,357.4981689453125,363.3312556543363,355.51841072810265,363.3312556543363,376600
2021-07-02,363.41815185546875,363.756167247308,358.9950691140742,361.22592943928805,223400
2021-07-06,370.3232116699219,370.98957563449625,362.23029352678805,363.5340503910461,541300
2021-07-07,364.00732421875,374.00272585451063,358.7729919605147,374.00272585451063,440300
2021-07-08,360.2215881347656,360.6465167627188,350.9987683775248,357.7203211264595,354000
2021-07-09,369.49267578125,370.2266192245836,357.52712535681684,361.1486557072497,272100
2021-07-12,373.6937561035156,374.06071318657035,368.0924366576907,372.4382742320958,340300
2021-07-13,374.1766052246094,375.4320575510544,368.855359427992,371.49184468004125,328700
2021-07-14,369.7535095214844,382.7427468085025,368.2662590932975,376.94829677213994,572600
2021-07-15,366.50860595703125,369.63759932626687,360.76243161824874,369.560352965586,529500
2021-07-16,366.4602355957031,370.96059420622504,365.668350020119,368.05370306435117,852200
2021-07-19,367.6964111328125,368.27586193015236,357.4112700003744,361.45772926354346,383600
2021-07-20,378.9183349609375,380.84018065881656,366.8852036732112,369.6568771663079,368500
2021-07-21,391.41510009765625,391.6565355231969,378.9570380341785,379.11156024317626,319300
2021-07-22,391.1253356933594,393.31755844642765,385.96827924827596,390.0050719359568,311800
2021-07-23,400.06805419921875,401.6035795361772,390.6327415665392,393.18231308819145,292400
2021-07-26,398.79339599609375,403.01368267930707,395.39399568531775,397.18059432450036,335100
2021-07-27,393.30792236328125,397.2964397744162,381.94112518946775,397.2964397744162,515600
2021-07-28,416.2345886230469,417.2099969740914,391.2508606061495,395.9540170196038,581500
2021-07-29,424.9842224121094,425.8727176022279,413.31807750313146,414.51558758920623,798500
2021-07-30,433.86907958984375,435.5301563166799,419.13185337868424,420.69635005133676,462200
2021-08-02,438.8908386230469,441.9232808363404,435.02787293299514,436.36060081159724,497900
2021-08-03,440.8996276855469,444.2410849856446,431.5802282101576,441.170034123611,286900
2021-08-04,450.4508056640625,454.22685850672536,442.1647564717877,442.1647564717877,231300
2021-08-05,447.6019592285156,454.6132237024004,443.8741810617643,451.3586789943479,362400
2021-08-06,445.96978759765625,446.92586227744226,439.9242362130956,442.6766054569469,218500
2021-08-09,444.01904296875,448.4517937569265,438.8137106230371,445.9698600304898,203500
2021-08-10,442.6766357421875,447.0804150447924,437.47127441369446,447.0804150447924,255600
2021-08-11,443.49749755859375,444.98471830872563,435.38524505343526,443.7099618760544,187500
2021-08-12,446.50091552734375,447.45699016832833,434.97962666165387,440.45536438813633,270100
2021-08-13,448.92498779296875,452.0539811398942,444.6370927394293,445.0137166372173,168600
2021-08-16,442.8215026855469,449.0795189767903,438.5915496854366,446.26920733326364,263900
2021-08-17,437.1622619628906,439.7504423712126,428.12290528366736,438.29216312773434,332400
2021-08-18,442.22271728515625,447.09970033030373,433.6179565265637,437.30709632577134,336400
2021-08-19,451.2138366699219,456.15842944103946,437.00778456494737,437.63551077332556,274800
2021-08-20,459.857177734375,461.2671521786192,451.5517943130368,453.1645662354032,356500
2021-08-23,468.5585021972656,469.9974772216223,461.7693399312999,461.98180426208506,388300
2021-08-24,468.7033386230469,474.4977879864586,467.9210903167538,470.47066218325983,240200
2021-08-25,466.7138977050781,474.1597861071167,460.33036035052925,468.4908585802458,353700
2021-08-26,470.5286560058594,473.976360829116,464.65695964032795,466.06693422145514,394700
2021-08-27,478.0033874511719,479.79001505653883,468.31700173231695,470.2291804437175,280100
2021-08-30,485.7101135253906,487.2649434535842,475.70501458814437,481.38358027251434,233900
2021-08-31,477.9743957519531,486.83989494809555,476.0043044675366,486.83989494809555,390200
2021-09-01,479.09466552734375,484.3676055165854,477.24045847428914,481.43177277056736,256200
2021-09-02,480.95855712890625,486.7626728049264,479.963844591933,482.77415581124745,297200
2021-09-03,484.9278259277344,486.52129364572687,479.53897138866125,480.7654820615667,244000
2021-09-07,480.3211364746094,488.4913300731838,478.6986979691677,483.96200047475907,308900
2021-09-08,475.2027893066406,479.50035103432003,472.1993472038525,478.4863047138091,279400
2021-09-09,471.60052490234375,478.3124399905821,470.97279883350853,475.86911522018704,438500
2021-09-10,477.0956115722656,487.8346819518064,473.3968345457391,477.06664050576353,304700
2021-09-13,472.61456298828125,480.50465425514824,465.94128592663,480.09905934410654,300400
2021-09-14,478.48626708984375,480.0990683347632,470.14227599916205,475.02892554716044,283800
2021-09-15,478.99810791015625,480.39844484696897,473.14571689086387,478.65045512346927,392900
2021-09-16,481.74090576171875,483.60480958935153,473.8121748787923,474.256407796173,411800
2021-09-17,480.475830078125,486.2123384933122,471.90006800137513,479.0948264339021,811300
2021-09-20,471.880615234375,473.1650679561208,463.7201171004785,470.3547566055157,500200
2021-09-21,475.79180908203125,478.9594395658326,468.9350395275338,475.347546836264,328300
2021-09-22,490.529052734375,491.06022822066166,476.33267095476464,478.80496673474795,339300
2021-09-23,500.01263427734375,503.7983242459182,486.936486830344,490.5290461927365,374400
2021-09-24,500.17694091796875,503.5377622245939,494.6625933571115,500.83363822188005,201300
2021-09-27,491.6976623535156,498.4481862943403,488.10510264194994,495.5219611317691,181000
2021-09-28,473.3968505859375,483.40191885154815,470.7700324030744,481.6153205698984,374900
2021-09-29,468.5815734863281,480.5714687151586,466.6477232246733,476.2203056264352,340300
2021-09-30,468.6492614746094,477.73835172802137,467.9434250201647,475.1083142134643,365500
2021-10-01,467.1021423339844,473.90930297981384,452.221181089826,471.11490491663994,383800
2021-10-04,448.6629638671875,466.82181763415144,445.9652343427496,464.12408810971357,397700
2021-10-05,453.9810791015625,455.41210957221796,446.2746837545884,453.0431604379658,586700
2021-10-06,451.37994384765625,454.16469261996417,445.0175607065509,448.50817536473994,249500
2021-10-07,456.58209228515625,463.17649973796034,456.24366256274095,457.22991564603393,221900
2021-10-08,453.2171936035156,460.30474253418186,451.8441467974886,457.52967185386103,260200
2021-10-11,445.588134765625,457.31694236912665,444.95963927621943,449.8812850897539,186800
2021-10-12,446.4197082519531,450.8095570235704,443.9250246537756,449.4848446820954,243600
2021-10-13,450.5580749511719,453.94231268793163,446.42931553528103,451.8634296941358,248700
2021-10-14,464.1820068359375,464.2496986669885,457.2201351271932,457.2201351271932,222800
2021-10-15,465.12969970703125,471.6080807479025,464.47216815434854,467.07319926518517,231500
2021-10-18,474.1026916503906,477.11949304723134,462.28686650729077,463.3021259937701,274700
2021-10-19,479.66253662109375,480.7648158797517,474.5474946311714,475.82384283232227,172300
2021-10-20,484.4004821777344,485.0579841822918,478.1541541180123,478.6182592938349,212500
2021-10-21,500.3838195800781,500.65458697943006,483.9074049687058,484.5455791781418,265500
2021-10-22,494.0503845214844,508.68964448825125,493.9150008454954,502.2885461234781,316900
2021-10-25,505.5182189941406,508.53502124022674,492.3873862670816,495.67492641965697,227700
2021-10-26,506.0113525390625,511.9675863899449,503.0525634965657,506.37878887253385,182000
2021-10-27,507.6356201171875,514.8005083310462,503.2747789665063,504.2513826497396,301000
2021-10-28,531.5286254882812,533.2594008471041,503.8648427242024,511.4358857377158,432100
2021-10-29,508.08050537109375,509.7146112185463,483.5205832055849,495.41375062572223,626700
2021-11-01,511.7741394042969,517.2952438916573,501.5053406645989,509.859587597019,394500
2021-11-02,518.2523803710938,518.85186907778,503.84523501128587,511.7643521708331,318300
2021-11-03,521.2305297851562,523.3480976587414,513.2244223700148,521.1725166523079,266200
2021-11-04,517.3727416992188,529.420652517213,512.0063179387004,524.6053242585115,700900
2021-11-05,528.2119140625,531.1900011160736,517.3049697371649,522.139595622559,373900
2021-11-08,530.2135009765625,538.2680058020277,526.384514296735,532.6404930884803,244900
2021-11-09,535.1638793945312,536.3145223503233,522.1684657993428,531.731307909804,297000
2021-11-10,519.8190307617188,534.1102153834398,515.3711978763034,529.2562313699638,209800
2021-11-11,536.2470092773438,537.4169508605988,522.4586481118175,525.746157993538,193300
2021-11-12,543.1895751953125,544.6592613321708,528.5889696227873,537.6103980425987,248300
2021-11-15,544.3401489257812,546.3126547874205,537.7457129842528,546.3126547874205,197500
2021-11-16,556.9197998046875,557.6256952313332,541.7197661532241,542.754383051855,222600
2021-11-17,544.9107055664062,557.1326547273387,542.5997400857849,557.1326547273387,244000
2021-11-18,542.3966064453125,550.2480329540431,538.5965981659439,549.6485441577917,223400
2021-11-19,551.7178344726562,553.9707275279256,541.3137106580299,541.9518552749583,267900
2021-11-22,539.408935546875,560.8166759263535,538.8577810420094,553.3810179831552,239500
2021-11-23,527.7864379882812,545.3748084323747,521.404696731769,545.3748084323747,303700
2021-11-24,534.3035278320312,534.6322493411657,513.7853450027236,520.5441425093854,269800
2021-11-26,517.3243408203125,537.9391932233102,513.1955513196334,527.5157112105894,195100
2021-11-29,545.6551513671875,547.5696440811754,524.3731215713603,526.790434196667,294000
2021-11-30,535.154541015625,543.8858464914241,524.9727884562168,543.7988562566013,397400
2021-12-01,536.8369750976562,554.6283664252132,535.676652854971,544.71738142203,303200
2021-12-02,536.121337890625,543.4505880081233,528.8983763588551,534.487232032638,264800
2021-12-03,526.6068115234375,546.1580702691026,516.6088377422427,540.6852404442675,200900
2021-12-06,493.3445129394531,526.9451297869892,480.9775329680888,526.9451297869892,591000
2021-12-07,520.9600219726562,523.7640698278941,505.5858866712315,506.0306935385084,392500
2021-12-08,521.182373046875,526.2007173067661,510.7976056113208,517.9818529245913,227000
2021-12-09,498.5369567871094,530.34875834844,496.2936833898448,519.0744372310465,452000
2021-12-10,486.759765625,513.1374810368169,482.25389114122135,505.72118208261236,505400
2021-12-13,464.1336975097656,496.1292140077494,463.87260886392653,491.4009659103232,695500
2021-12-14,462.1129455566406,466.367410912365,452.72407978594117,462.24829975237446,514700
2021-12-15,474.18011474609375,475.04069234269724,450.80954906014017,464.5108626937337,525300
2021-12-16,459.7729187011719,478.92770397347,455.0833257212941,475.3017345830822,432900
2021-12-17,467.0151062011719,474.13168969620676,455.23796653364127,462.46089761698875,736000
2021-12-20,461.68743896484375,467.81774097736303,456.0405995354085,458.6609584734237,398500
2021-12-21,469.393798828125,471.8111115638591,458.9606687983974,468.6686050074048,260300
2021-12-22,476.500732421875,477.9317923578465,467.55667421553824,468.6299765445708,208000
2021-12-23,479.2080993652344,479.43047325943036,475.35004803871374,475.72716300259714,236000
2021-12-27,494.1857604980469,496.49669621142397,482.84371811516945,483.4238790940459,194500
2021-12-28,481.6060485839844,496.6611092237335,481.093579453056,496.6611092237335,157800
2021-12-29,481.838134765625,486.48904225036523,479.81726479790365,482.3215973275166,147600
2021-12-30,475.81658935546875,484.92632658502595,474.8097667334031,484.5197154829546,175100
2021-12-31,477.58819580078125,482.1382341347451,474.95498778397797,476.15544040149604,166300
2022-01-03,479.05975341796875,481.1411427949439,470.4921436586373,476.0973978399174,300800
2022-01-04,475.57464599609375,488.08239319641854,460.0271087876941,483.31937305557216,328400
2022-01-05,445.8348083496094,473.2414536699336,445.71864219275534,471.8861326003308,473700
2022-01-06,450.7528076171875,453.7151930687805,435.06975214243334,445.7381036471214,387700
2022-01-07,430.5002746582031,454.8187093834966,430.0162292869392,449.6297571845642,411200
2022-01-10,434.9922790527344,435.9216676052593,412.58098021664154,424.02382195441413,441300
2022-01-11,438.07080078125,440.200582928836,424.00444188701476,438.003027331118,448100
2022-01-12,434.5856018066406,448.93271314128174,430.7713220664926,443.3468108669547,359600
2022-01-13,419.7738037109375,441.19765611200245,419.2026337303129,438.7677684899868,309600
2022-01-14,424.1980285644531,425.95996094797414,413.58776144582765,414.3912638274404,462500
2022-01-18,403.0646057128906,417.150314868476,402.62895304053797,415.0108424980866,363700
2022-01-19,400.76055908203125,414.2944794200579,398.0789581387339,406.8982513531107,547200
2022-01-20,391.2635498046875,411.4869496273897,391.15704446248446,405.7849106367627,454800
2022-01-21,384.7483215332031,406.1334438699853,383.65437419656837,386.71354468556365,610500
2022-01-24,389.1918640136719,389.5887847983828,361.0010638309929,378.79457797558166,752600
2022-01-25,362.908203125,382.62820851869014,360.5847910519376,377.3327505200409,583900
2022-01-26,366.1416015625,382.1538311580115,358.78410580750887,373.53782922052085,742000
2022-01-27,349.5968933105469,375.03831459342473,348.19317958423966,371.9404422174561,495000
2022-01-28,359.0552673339844,359.21013588775327,340.0032149471639,351.2718078083867,623100
2022-01-31,390.0727844238281,391.2828978167076,363.8181689789208,363.8181689789208,538000
2022-02-01,393.37408447265625,396.2977085905804,378.88176134960383,393.5870656695773,385800
2022-02-02,401.2736511230469,403.39377241528206,395.6877776406441,397.88533320041563,498600
2022-02-03,380.6146545410156,397.23676017981995,379.1915596138072,386.0165892285828,502500
2022-02-04,387.35247802734375,391.26357304939785,374.58335828023127,378.19434752409614,289700
2022-02-07,384.2836608886719,397.3915892541863,380.1789357426888,388.3302734054622,317200
2022-02-08,392.6575012207031,393.89665584269784,380.4498650100999,384.42873221145373,420900
2022-02-09,409.3184509277344,411.05134165639623,394.8454822816117,397.8369087216411,363800
2022-02-10,394.293701171875,412.82294329664256,391.9218669486938,397.9627439482991,534900
2022-02-11,410.7512512207031,452.2726500087714,407.10153001963585,426.61824397013334,1541200
2022-02-14,419.49310302734375,425.15643998758827,397.7594532430105,407.26611177379357,747200
2022-02-15,463.9768371582031,467.05538815694405,427.5766490606937,427.5766490606937,978300
2022-02-16,472.01202392578125,473.6868020502358,448.2453777906538,456.72586239177633,507300
2022-02-17,447.1418151855469,475.1389865652934,445.85423778558686,460.8790269766214,457000
2022-02-18,442.7563171386719,451.856364417979,434.24679104480714,448.4873979211031,525900
2022-02-22,435.7473449707031,449.84277449541224,430.23893538314553,437.2188619256724,284900
2022-02-23,417.64404296875,444.8570603544431,415.45614837276895,440.6361987748463,438500
2022-02-24,440.6168212890625,441.0911762844143,399.2696456659437,402.37723812615036,549700
2022-02-25,446.7158203125,447.97432653272307,430.75201250320777,438.78715431124937,351300
2022-02-28,444.063232421875,445.84451583086553,432.2331624461727,442.85311900187185,394300
2022-03-01,422.66845703125,445.9413685673325,418.3798217981844,440.65557142972966,553500
2022-03-02,438.9808044433594,444.57636833245886,427.17008434480925,427.17008434480925,375800
2022-03-03,416.279052734375,441.09122518599037,416.0660715721548,441.09122518599037,511500
2022-03-04,400.57659912109375,414.2266849377008,394.3517825373134,412.2808130287405,453500
2022-03-07,369.32666015625,406.23996908183494,369.24922588733205,403.219530349634,696700
2022-03-08,381.8536682128906,393.8870275824478,361.66897278745313,372.85043722440145,492600
2022-03-09,404.8167724609375,409.32807824252916,390.8665832449477,395.15521755078737,433800
2022-03-10,396.0072021484375,398.6791420880816,386.85873268989803,393.22878640668733,260400
2022-03-11,383.11224365234375,409.9961440703573,382.5120320834838,405.6203547473121,235300
2022-03-14,372.724609375,392.71567639517616,371.0304506522091,385.4743473328563,546000
2022-03-15,408.3600769042969,410.1316701061571,371.84368998129065,372.9957204209361,805000
2022-03-16,426.6183166503906,429.90015918187265,404.8556508037302,415.01091550793166,544800
2022-03-17,436.84124755859375,439.174349741824,418.83478378019487,421.2065883207466,434200
2022-03-18,454.886474609375,457.1324521819789,429.144945775783,435.8247658698106,1154600
2022-03-21,449.6103515625,455.79646524568574,438.45795746195586,447.0836490454466,589200
2022-03-22,455.1478271484375,465.72905118696315,446.98682980914185,451.4594040223136,496400
2022-03-23,448.923095703125,468.25587139878974,444.69254336324076,449.8911865651136,424800
2022-03-24,478.8370666503906,479.9794067035989,449.6297837661455,452.1177546682514,499400
2022-03-25,475.83599853515625,480.66679191139616,464.80945924204866,477.82060248131904,347600
2022-03-28,483.4839172363281,483.52261959655374,465.6613621773092,471.37309195194194,269900
2022-03-29,495.8657531738281,498.27628953586316,481.0345967251598,489.108469527625,395200
2022-03-30,473.5088806152344,496.3893323192466,471.21114566636606,494.7605619234804,482300
2022-03-31,470.8718566894531,483.7857437641857,470.09626011746184,480.7027074479182,463700
2022-04-01,449.46502685546875,474.9243498118019,442.03857364930934,470.4549210746058,635400
2022-04-04,460.0617980957031,464.7833093091019,449.8625586924469,453.09101551079783,383300
2022-04-05,425.9835205078125,457.20174029006847,424.7910119630527,454.3319975464415,693600
2022-04-06,418.101318359375,425.7410642844352,408.6292133461047,419.75917269387105,716700
2022-04-07,423.00701904296875,427.37951978209173,408.9879089720886,416.71490692538595,437200
2022-04-08,399.040771484375,417.2384705621243,398.11975438087813,416.9767134123721,494600
2022-04-11,384.03271484375,394.6100758804745,380.872131351136,394.5809917546473,552500
2022-04-12,388.8124694824219,398.1682391748168,385.5161399518255,394.5228705056035,414400
2022-04-13,407.8148193359375,410.05438572101315,388.1046587286056,390.6544755049131,492700
2022-04-14,396.8981628417969,408.86191734266777,396.8787536985087,406.47693009980884,390400
2022-04-18,412.93389892578125,416.3562695897173,395.28879711273544,395.28879711273544,441500
2022-04-19,424.1123046875,425.15936282308957,407.1458739527383,410.5585396548861,366500
2022-04-20,419.0127258300781,433.6620146004011,415.79394401921166,429.43496321925517,246400
2022-04-21,402.8897399902344,430.46261816969434,399.95212465783095,423.85055013203737,322800
2022-04-22,391.8857727050781,406.418753060407,390.9162623491011,402.44375468347965,281800
2022-04-25,407.3592224121094,408.4547443771643,386.01058317778615,387.80418344363517,405000
2022-04-26,382.3457946777344,400.4077773588772,381.81257581633696,398.1003379757531,434900
2022-04-27,380.41650390625,392.9038028685871,377.72126611807676,379.5245413001788,379000
2022-04-28,399.9132995605469,405.2262267273984,378.47744074090696,388.75425597661786,586400
2022-04-29,380.2806701660156,402.269183918012,378.2059337299333,391.2361531433003,594900
2022-05-02,398.3426818847656,402.9575602608221,378.48713039202966,380.85270824247357,652100
2022-05-03,443.5316162109375,448.059213085287,413.7191722331526,431.4321161012775,1231100
2022-05-04,464.5796813964844,467.58516949214754,422.75498939811274,439.3433273865417,659700
2022-05-05,438.1992492675781,458.5492597531417,430.0165804686418,456.97865789705617,593100
2022-05-06,431.3739929199219,440.9333519973192,413.09871455694923,432.88642689327435,367800
2022-05-09,394.3386535644531,423.986298385997,390.8581147529894,421.73702714034215,600000
2022-05-10,400.2041931152344,409.8508035251508,386.39834535484846,407.0586089312052,673600
2022-05-11,374.9193115234375,409.69564048013893,373.949801244914,395.62806645799463,593900
2022-05-12,376.5772399902344,383.538317513339,364.6522444001787,370.86680957178913,666100
2022-05-13,418.508544921875,421.378287267444,385.8651184877613,388.54097651600324,494300
2022-05-16,404.2858581542969,419.22601775788615,403.34543183313934,412.4782333018602,355600
2022-05-17,429.5900573730469,429.8324349692191,415.2122017993304,415.2219063710521,524100
2022-05-18,398.81781005859375,433.83655285295237,394.8040521250515,420.81600484210446,605900
2022-05-19,403.98529052734375,416.92826027144974,391.38165534031054,397.7707253192842,411800
2022-05-20,405.37164306640625,416.80217782062783,383.4801134478543,415.58058537124504,567900
2022-05-23,405.98248291015625,407.1943709188433,398.3621453133448,401.86206368062034,297500
2022-05-24,376.5966491699219,398.23612995181384,375.54956129399494,398.23612995181384,588300
2022-05-25,389.3650817871094,395.7444771851218,372.80585614233036,372.80585614233036,370600
2022-05-26,408.8134765625,412.27460631585,385.1671029425583,389.0742287970017,404800
2022-05-27,441.9513244628906,444.7531941507458,416.28838283430684,416.28838283430684,545300
2022-05-31,436.6578674316406,444.035828458137,426.7009752245668,441.6702203675045,685700
2022-06-01,434.5830078125,443.06622324665364,428.12606542873704,441.63133729900386,462800
2022-06-02,457.8997497558594,458.6172075705778,427.4086654500525,429.8130323045735,353500
2022-06-03,443.51220703125,446.3141062115568,435.59132385113736,442.4748534181482,485700
2022-06-06,451.8887634277344,460.517399307871,442.319701359211,456.1352233384472,234400
2022-06-07,459.0050048828125,461.6517789189054,444.3653919655824,444.67564239363685,262600
2022-06-08,443.9388122558594,459.1795171337836,437.5206580548611,451.5785590452795,313800
2022-06-09,430.5401611328125,448.2143462004375,430.4238246199067,438.8876609791102,242900
2022-06-10,410.7039794921875,425.6926015749561,409.6860054353416,423.3948667247947,381100
2022-06-13,377.760009765625,399.6224553272612,376.48992404484903,395.41478415040945,651000
2022-06-14,394.74591064453125,398.70150058558795,382.56886076397694,384.28488374940883,577900
2022-06-15,403.5005187988281,412.96294937334864,390.7999271747404,399.39947932768314,386100
2022-06-16,375.31683349609375,390.7320417961178,369.5870239063263,390.7320417961178,550600
2022-06-17,386.4080505371094,388.77365820587937,369.94575381009986,376.9844085612032,847400
2022-06-21,400.252685546875,404.3537253496777,393.46611248302145,394.7361687894309,385600
2022-06-22,388.2501220703125,400.54353628826794,387.2612321249535,390.20855199172,427000
2022-06-23,387.46484375,398.09066995167166,381.3472352039164,392.0991024974809,289000
2022-06-24,406.6223449707031,407.95056943431894,394.33863565091735,396.78182070187376,682900
2022-06-27,404.1500549316406,415.3382122296083,399.62245833808,415.3382122296083,418300
2022-06-28,385.0216369628906,415.52242325438993,383.7709603694449,405.82732008341435,494300
2022-06-29,381.1654052734375,382.89439778067526,372.6564155908278,377.998811833124,388400
2022-06-30,373.0352783203125,383.5355136035857,365.2256575554963,374.8419654827274,545800
2022-07-01,354.4923095703125,371.58795496051124,346.13873805645653,368.75164464100385,772900
2022-07-05,358.1931457519531,358.76623567128985,338.0474328780856,345.49766111564867,679200
2022-07-06,358.5234069824219,363.8658039095308,354.33691285280764,361.52485915339,382300
2022-07-07,375.609375,379.12563891912185,367.5666401300606,367.5666401300606,333400
2022-07-08,384.1474609375,384.2445717052423,367.3626235963797,369.33445239963135,352400
2022-07-11,378.4845275878906,383.91434192461725,375.5704929400027,379.4461791789971,349700
2022-07-12,374.3271179199219,383.6326171344477,369.3441146580452,381.9133179721107,290000
2022-07-13,376.34759521484375,379.5627444782231,361.3403045787314,364.08919761630176,388000
2022-07-14,384.6331787109375,386.566145649205,368.64481970962106,375.94935260528,300200
2022-07-15,398.4942321777344,400.69917435702763,386.80895459905065,392.2387688550996,403800
2022-07-18,397.31890869140625,412.5107268436922,394.66712655972185,405.8181761919544,378000
2022-07-19,414.0260009765625,415.92985814097085,402.54472788860517,402.60300620556757,435500
2022-07-20,429.4217834472656,432.4912363177752,412.01530267554887,413.4043185099655,444700
2022-07-21,442.9624328613281,444.8565673560939,425.8667559478438,432.67589347931073,463000
2022-07-22,423.9337463378906,441.22367271409405,419.4072758049987,434.871098773598,450600
2022-07-25,417.95025634765625,419.52383024472635,402.39901598172037,419.52383024472635,460700
2022-07-26,410.01434326171875,416.6486449099639,407.5859812382509,415.15276560344216,357100
2022-07-27,438.08624267578125,443.3217759119446,419.407270863177,420.6991464482796,515000
2022-07-28,446.9254455566406,448.5573273634741,427.8191097758685,439.6306662029826,363600
2022-07-29,451.4034118652344,456.201858135711,442.58361304520326,442.58361304520326,465900
2022-08-01,449.05267333984375,452.1609884474164,434.5602260352792,448.16877568894824,801600
2022-08-02,491.22845458984375,497.32849826565996,467.780178743714,480.1842698302368,1288500
2022-08-03,511.0439453125,513.9288703321174,484.92449783443175,496.4154943124081,720600
2022-08-04,515.7453002929688,522.5738239899504,506.4495226506187,507.41114459876064,591800
2022-08-05,517.0759887695312,520.5825292334849,507.1099817362472,509.75201110823576,428400
2022-08-08,520.1747436523438,521.1751982702282,506.9644148037,515.4248519145266,587500
2022-08-09,496.41546630859375,508.71266527157115,488.2853151542317,507.4499289010375,860200
2022-08-10,516.76513671875,518.824382872895,497.82391384503944,512.180358609736,559700
2022-08-11,503.12744140625,525.8763794804624,502.4378245361873,519.8443068837869,419400
2022-08-12,512.627197265625,515.7646218699225,503.71025948011163,506.48829126598037,444000
2022-08-15,521.4954833984375,523.2730605818227,508.3240532513155,512.3842664856196,331800
2022-08-16,516.182373046875,522.5738391611189,507.3528810065219,518.8535715520126,350500
2022-08-17,505.5849609375,512.3843744371397,496.27949093380994,509.1303931196416,424200
2022-08-18,512.1318969726562,519.44615283241,506.1289923543665,509.94637085640653,361300
2022-08-19,496.9885559082031,505.85696822748275,495.4829833408384,503.97255696330916,309700
2022-08-22,477.552001953125,490.39315256523184,476.30865207299286,485.6724307668625,439800
2022-08-23,483.2537841796875,487.9550896806629,477.7753850154771,481.30137155198173,246100
2022-08-24,482.865234375,486.19696980976875,478.2610691743392,486.19696980976875,262100
2022-08-25,499.68896484375,499.89296862192236,483.729774770387,483.729774770387,552600
2022-08-26,462.96240234375,498.2999346134214,462.06878163424454,494.8322261997223,709200
2022-08-29,448.5281982421875,463.17606523744286,447.1391526063656,458.36792611420185,523300
2022-08-30,449.8977966308594,456.60007000952885,440.62143574578715,454.5699628779706,547900
2022-08-31,440.19403076171875,454.7739257422774,433.99684617494484,450.3251499438757,545000
2022-09-01,413.2780456542969,429.1109529801712,391.85018316811187,427.3916834704498,1403100
2022-09-02,412.2582092285156,423.593787438914,407.23634312896127,419.8055483151702,705600
2022-09-06,406.8865966796875,414.67677052262377,403.98225586176443,412.5495232525931,408800
2022-09-07,414.9488220214844,419.1255931518993,403.6423533797131,410.63604837906576,386900
2022-09-08,426.2066955566406,426.2066955566406,405.6724806753799,408.8973230748046,433700
2022-09-09,434.3854064941406,441.28193086088896,431.7433474519492,431.7433474519492,473700
2022-09-12,434.11346435546875,438.89246453788724,426.7700698325867,436.1338486514723,322700
2022-09-13,410.2280578613281,421.3888303561165,408.84876477310223,414.6671109445397,616200
2022-09-14,417.3965759277344,419.436405986297,406.8963407540873,418.4844773874767,502100
2022-09-15,406.8769836425781,419.03821193168244,404.5166224922004,414.4340462838203,504400
2022-09-16,405.9833068847656,407.37235262318853,395.42479254435335,404.866266176236,804400
2022-09-19,405.69183349609375,410.2085804507209,398.25132949039534,398.63016815444644,514900
2022-09-20,399.06732177734375,404.3805793879039,397.30918993874474,401.4276826908538,360900
2022-09-21,392.2873229980469,410.05322888112903,392.0736555850899,400.8254526625039,541400
2022-09-22,370.77203369140625,391.60739254169306,369.4995743117629,389.74239739026365,872800
2022-09-23,360.60205078125,367.77058048042846,350.21837201648657,365.76961247112456,1465500
2022-09-26,356.823486328125,367.9453655085831,353.79289556578846,360.1454686471907,887700
2022-09-27,361.9813537597656,370.29606280820303,353.85120259326357,370.29606280820303,831500
2022-09-28,368.460205078125,370.9371520712889,356.06586575100647,358.0571107074898,527900
2022-09-29,355.6325378417969,363.0001923605749,350.63966240093885,363.0001923605749,882500
2022-09-30,353.68603515625,366.70838231325416,350.48397104665327,352.4986454977923,1288000
2022-10-03,366.9225158691406,370.4554880819227,352.98529275331344,356.7518400869997,1026300
2022-10-04,383.477783203125,386.96207365413665,378.4265139923931,378.59195311310964,640400
2022-10-05,389.1519775390625,393.4051594549918,370.7766491492413,375.3996781364376,680300
2022-10-06,384.781982421875,399.80926117812555,382.592126731769,386.85505056079967,530900
2022-10-07,352.9073791503906,373.62828646204923,348.14807902755933,373.62828646204923,1384700
2022-10-10,335.13543701171875,352.2941738815488,330.14256239198806,350.50336252255164,1190000
2022-10-11,319.24200439453125,330.8628397299948,314.726021550454,328.5367123430755,1588500
2022-10-12,314.34649658203125,320.83818550626745,311.99117205167823,319.0571159409184,756300
2022-10-13,323.08642578125,334.11358212485857,293.6255786592908,300.48711443608016,1406500
2022-10-14,300.93487548828125,329.1985942037567,300.3509079755866,329.1985942037567,901900
2022-10-17,307.71856689453125,313.3927138308029,305.52871097490606,309.46069755194355,763800
2022-10-18,307.1637268066406,325.3930376194859,302.60883465226834,320.53643442722665,638300
2022-10-19,306.414306640625,314.1128690108702,299.6403618231325,302.7158958332476,576200
2022-10-20,308.95458984375,317.0424548499626,305.0517706877528,306.49221985524446,536200
2022-10-21,323.93316650390625,325.1497529728721,305.39240059759493,306.754971502473,797900
2022-10-24,322.1423645019531,326.52207592232656,312.56539909362147,323.320041624741,649600
2022-10-25,333.0137634277344,335.505329982062,324.12781166949947,324.46846179957583,798200
2022-10-26,324.4197692871094,337.89955198212795,320.2152694359321,324.5560412151468,851400
2022-10-27,320.6726989746094,334.95053938024904,315.086114400969,330.7071005567833,1160300
2022-10-28,337.52972412109375,339.38867173307267,311.45586538100173,316.5752408336209,2143900
2022-10-31,330.3762512207031,335.4177786917098,324.2154403763951,332.0113363947886,1048600
2022-11-01,339.5541687011719,344.35237880578956,334.28877868039706,340.31331750129027,1177300
2022-11-02,325.5974426269531,346.0166086833537,325.41251912771656,338.1526076754248,996000
2022-11-03,325.26654052734375,332.53686179019263,319.42692600945117,320.1471356287436,780400
2022-11-04,342.337646484375,343.72944380064405,330.1912677374033,334.78509884606456,896500
2022-11-07,343.5250244140625,346.75628468354904,336.2157942831944,345.86086411783333,690300
2022-11-08,346.6297607421875,354.0460660337581,340.3229964069627,350.2892618169669,587600
2022-11-09,334.6488342285156,343.34986211032344,333.19867281548596,339.4957249008334,675500
2022-11-10,376.5285949707031,378.45567839438104,354.09475510894436,354.2796786057434,900600
2022-11-11,382.85491943359375,391.7798115088887,371.798595030296,376.5384115170043,751600
2022-11-14,377.5992126464844,385.6189404989601,375.85705264682895,378.58222393876287,619200
2022-11-15,394.2032165527344,398.77759359994764,389.7553692517787,394.60226048253963,611200
2022-11-16,365.3458251953125,388.66534870738906,363.7399368319552,386.02779728869575,734100
2022-11-17,365.9880676269531,369.44316055037723,351.54475984087,354.0752353726001,500800
2022-11-18,367.22412109375,374.0370040395751,362.1923370367771,373.8910196310985,364900
2022-11-21,358.4355773925781,366.2703825194923,358.29933515043444,360.167995368928,413300
2022-11-22,364.0221252441406,364.275184733599,356.3333047209443,362.1339806731463,460700
2022-11-23,365.6474914550781,372.2268004517239,360.89793322330905,361.1996442854092,359500
2022-11-25,359.4087829589844,362.58164947266187,359.28225323393883,360.52803639299646,213400
2022-11-28,345.9874267578125,357.80292802198534,343.67104152138876,352.67378079795674,574400
2022-11-29,345.4618225097656,350.1724406202759,342.42519846413904,348.71253720868674,396200
2022-11-30,371.7498474121094,372.7328586820214,341.50065764279555,347.2040001629944,781000
2022-12-01,371.85693359375,374.679408054228,360.06091680873163,370.8252707199326,669100
2022-12-02,372.9664611816406,375.84735923956856,359.05846646839063,361.5110940240477,585800
2022-12-05,365.03436279296875,373.3460905104923,361.70579858857985,368.4408051704334,471300
2022-12-06,354.1336975097656,364.8883394033601,350.3768928598627,364.1973266256175,546500
2022-12-07,357.9392395019531,359.1461136302938,349.0533157490968,350.4158868277183,369600
2022-12-08,375.04925537109375,378.51409100707616,355.38920757885643,360.3918250330135,622400
2022-12-09,375.7792053222656,381.0445947156886,367.9833103293421,369.84225787392626,673600
2022-12-12,382.5239562988281,382.7186220011391,372.5479479426194,375.5358912323782,534800
2022-12-13,390.7870178222656,405.01623772319715,379.5457710375529,401.8433707944309,736300
2022-12-14,384.8209228515625,395.62418719906583,379.9934862391869,390.7773255971837,596200
2022-12-15,363.32135009765625,374.21223391108555,363.03912343856615,373.50176646366026,662800
2022-12-16,357.2189636230469,365.6766746448305,351.0678956614194,362.017173252148,1631300
2022-12-19,349.4133605957031,357.66666382617916,339.15509562756796,357.66666382617916,730200
2022-12-20,348.3038635253906,353.7639194907436,342.902231041011,342.902231041011,370200
2022-12-21,357.1898193359375,359.6619315791865,349.99734522922,351.8270961950033,454900
2022-12-22,338.3083801269531,350.61048737970145,330.3762420810663,347.7880126378411,982800
2022-12-23,341.23785400390625,341.5103978569515,328.1960544204838,334.5320455638588,421300
2022-12-27,333.1305236816406,343.53477202850337,329.0525240541104,338.90200192330406,441400
2022-12-28,331.1839904785156,339.1550663580972,327.6315643935374,330.5903106160829,343600
2022-12-29,344.73260498046875,347.1126000159012,337.45595762000124,339.0751567739085,506600
2022-12-30,344.91790771484375,345.37635584805236,335.3978382568794,337.5047469264705,346200
2023-01-03,334.51995849609375,352.1555209468486,330.9401576626572,350.8094379618911,588700
2023-01-04,349.0341491699219,352.2237881819904,339.95300114271043,340.1090717465282,591800
2023-01-05,338.5289001464844,348.6439899472132,337.8168335930499,343.5230404333788,627100
2023-01-06,358.417724609375,361.50978617955843,337.20236129116216,342.33304500580925,549800
2023-01-09,374.0341796875,381.87655716570595,363.3240975951553,367.7329809743835,615000
2023-01-10,378.62841796875,381.7985298162164,371.9662893241619,373.99517757629917,391700
2023-01-11,387.60223388671875,388.11920475351036,378.9697699921509,380.7743010519639,486200
2023-01-12,389.8165283203125,394.58631254502257,377.594497639635,388.2168266057313,457600
2023-01-13,388.6654968261719,388.9386129909059,381.72051740799714,383.0958619485098,208900
2023-01-17,391.80633544921875,393.8547215048906,386.1879416965023,386.1879416965023,478500
2023-01-18,388.0704650878906,399.51211120111276,387.45594633929204,395.81529452854625,307400
2023-01-19,373.86834716796875,383.5737481063066,369.78133928235957,381.96431275144903,650500
2023-01-20,388.0021667480469,388.1582373593812,373.858591316623,380.7840721365294,358900
2023-01-23,417.9768371582031,419.04004037736416,389.2507335059265,394.05954239924324,792500
2023-01-24,408.8273010253906,424.1120974981804,405.30602355242075,415.450403249093,445800
2023-01-25,414.25067138671875,415.72356350947825,392.2549862297826,397.7660972790059,350700
2023-01-26,422.1223449707031,425.6923821589537,410.4270506693583,420.8542823831963,295700
2023-01-27,414.62139892578125,422.1418717602055,411.7536644253527,418.10365221450564,484200
2023-01-30,397.6003112792969,408.00804571588117,396.1664440747097,406.2132782229672,635000
2023-01-31,416.07470703125,416.29906410715535,395.72748191988615,397.7661039635877,466500
2023-02-01,446.5175476074219,453.29672160528867,415.9576832507314,416.0649650530143,1083100
2023-02-02,462.3096008300781,467.8012147995478,450.0486060948882,450.0486060948882,608400
2023-02-03,445.0836486816406,461.67553431199866,442.4597693618655,449.0731383260363,693500
2023-02-06,438.62646484375,451.8141504606334,434.07127420123584,435.8562781017388,473200
2023-02-07,456.12542724609375,459.46137331812133,438.42157837950873,440.5479846517317,598600
2023-02-08,451.6190185546875,459.8515576890008,446.1566659404974,448.6927614150243,726900
2023-02-09,497.88311767578125,516.923315784759,477.64317323675095,477.64317323675095,1785000
2023-02-10,479.9256896972656,496.27372316278604,476.91164828281615,496.0981548708597,580300
2023-02-13,489.0946044921875,491.0064173832931,474.1121532829603,480.64747244202107,621000
2023-02-14,507.7641906738281,510.0076428133195,479.0771098815235,481.35958712192075,660900
2023-02-15,517.0599365234375,517.6061688376303,501.4337035020967,503.4333007486136,453800
2023-02-16,500.7508544921875,511.96817315403416,497.95140668458436,505.5694268031053,484100
2023-02-17,489.74810791015625,501.41411047636615,486.25612108926975,499.5413227205311,488900
2023-02-21,470.07391357421875,488.71415542402525,468.25961884780105,480.33531021396647,645700
2023-02-22,470.84454345703125,477.3408382079549,463.07045207184564,473.07826152156974,383800
2023-02-23,482.7348937988281,493.7181220983211,466.0552216789159,490.5285124424188,661100
2023-02-24,471.1859130859375,476.92138173095134,468.08408772238556,474.0243860283138,372500
2023-02-27,474.3072204589844,479.94514070783646,473.06841936142723,477.53585474971976,342800
2023-02-28,472.38568115234375,481.7789709906697,469.4984194473577,471.3712370460669,379300
2023-03-01,474.570556640625,481.7496552299524,470.8151879188619,474.47300879705534,281500
2023-03-02,481.6033630371094,483.40789412374335,460.8757094806686,467.25495801597697,262400
2023-03-03,493.5912170410156,495.8541959977329,480.68641447998044,482.4324226184963,326800
2023-03-06,484.9881286621094,503.20898030951776,483.4079544624171,495.42512507435595,347500
2023-03-07,480.68646240234375,490.9283617129115,478.33572885115694,483.78831738821583,205200
2023-03-08,492.3622741699219,494.76182651916463,481.67168947757597,483.2128682808224,303700
2023-03-09,480.5596618652344,503.98921406815117,479.83783160839045,492.78165998250756,472300
2023-03-10,467.1769714355469,485.29048078525466,464.0263571504719,485.29048078525466,360600
2023-03-13,474.3462219238281,482.18859859101116,452.48710952128295,457.9786931871535,588300
2023-03-14,481.58392333984375,491.12352102830613,472.18086884748016,485.70019316756066,624900
2023-03-15,464.8944091796875,478.13085141012726,454.4672080416129,474.03410970077437,620300
2023-03-16,485.7293395996094,488.6750938932677,459.7246687544268,466.2014643891257,706400
2023-03-17,476.30682373046875,491.4355811272635,472.2198159602671,488.4312741001009,688900
2023-03-20,482.1885986328125,485.82692202097957,470.41528479968554,477.8089770868584,379300
2023-03-21,486.1878662109375,493.20113145432987,480.3353520006469,488.9092936536021,495900
2023-03-22,477.7699890136719,498.15624062976843,476.70678585127285,487.4363950984212,647100
2023-03-23,497.9513854980469,505.1012232367581,484.76373170514523,488.2069594876277,466200
2023-03-24,473.4683837890625,493.80587619935056,467.3232559033299,493.1035733180589,661300
2023-03-27,470.9615783691406,479.71108865301187,463.6362013657587,478.5308399084334,369700
2023-03-28,463.3630676269531,473.33185137483486,451.2483500909064,470.24952364611903,562800
2023-03-29,478.8429260253906,483.44690471497654,467.7231558163047,473.6536900053424,386400
2023-03-30,486.5449523925781,493.17179127377085,479.8496876497883,487.7764687603907,393800
2023-03-31,489.23284912109375,491.46134290729606,481.0812526445065,483.31950024832724,464100
2023-04-03,481.8338623046875,489.4967539747411,471.61016092327645,485.25479768390016,342800
2023-04-04,472.09881591796875,485.5088823756598,467.89593500082213,482.4300169982876,296200
2023-04-05,462.62774658203125,468.41399755631915,456.0595496462257,467.92529251594135,547500
2023-04-06,462.91119384765625,466.9576860727566,450.1364662146819,455.99114330404274,299000
2023-04-10,477.71893310546875,478.03168164387756,455.77606612482,457.076038161151,404400
2023-04-11,473.6919860839844,483.45630221977325,471.5123510947663,480.88570920496875,315800
2023-04-12,455.3655700683594,482.20524095602536,454.84751412095613,481.56993040652384,373300
2023-04-13,466.06817626953125,467.0846910114972,452.6776772971991,455.62944473022856,338200
2023-04-14,466.4884948730469,475.0017580864588,460.39924920737735,465.569727018033,190600
2023-04-17,471.4635009765625,471.7372044276986,460.2037478533038,460.2037478533038,302600
2023-04-18,464.875732421875,478.93089278257537,461.2495497284132,477.2399627699105,349800
2023-04-19,453.029541015625,460.2721527911795,451.3874993525855,460.2721527911795,290800
2023-04-20,455.88360595703125,462.9698287777434,444.12536431799776,444.75089123565147,294700
2023-04-21,452.5408630371094,454.5738628611238,446.9891809905813,452.83407412724046,221800
2023-04-24,462.24652099609375,464.25998328325556,453.80171379882813,455.23850774434527,389400
2023-04-25,440.635986328125,459.8225495299293,440.10817657267614,455.6001311427106,430700
2023-04-26,443.78326416015625,451.9152930463782,438.82778808467054,446.1779008679709,510200
2023-04-27,438.47589111328125,442.1802834102098,423.62906047471074,442.1802834102098,568000
2023-04-28,451.5340576171875,453.4595563342999,438.04581278145855,439.7758175851672,425000
2023-05-01,461.0834655761719,463.1164954402848,451.19207939555895,451.19207939555895,432900
2023-05-02,457.554931640625,471.27777589969713,452.120534622042,461.7773498477526,501900
2023-05-03,455.5805969238281,465.7847605195826,447.48764267493885,456.83171045813793,489200
2023-05-04,448.562744140625,454.3587780234256,444.47717768155775,449.2078382912437,741400
2023-05-05,401.9794006347656,409.4956859336027,374.5337409132235,395.8999092314611,2187500
2023-05-08,409.1634216308594,413.96250892253624,396.9066903151846,396.9066903151846,744900
2023-05-09,392.31280517578125,403.8951188916268,389.0189384615225,400.5230426786468,744000
2023-05-10,406.58306884765625,409.4859780714229,398.08937259397567,398.08937259397567,782400
2023-05-11,389.60540771484375,406.6025828892088,387.37691398252076,405.1071466981524,597500
2023-05-12,390.1723327636719,394.49246861948996,384.2199089475825,391.68730645850184,373500
2023-05-15,403.2402648925781,404.0026434950622,387.93402080130295,390.5339349657194,416500
2023-05-16,393.4466247558594,405.0777976425281,392.97745722366994,400.3959954500861,350600
2023-05-17,406.319091796875,411.31367227291634,390.45574701446765,396.6232015619857,638000
2023-05-18,421.72314453125,422.2313870541299,406.33871882899496,410.609996269356,1017600
2023-05-19,422.2606201171875,425.2514920664204,417.5983855676618,421.6546307432909,532300
2023-05-22,438.27069091796875,440.27439955665636,418.80069807242074,418.80069807242074,554000
2023-05-23,414.128662109375,433.6670800296844,412.5159116176199,431.95661239264956,566400
2023-05-24,406.3387145996094,407.94165166474005,397.4735977686446,402.4877163910317,571400
2023-05-25,477.2889099121094,483.8180022585707,436.90231719107294,443.8614723702415,2121600
2023-05-26,509.15228271484375,519.981999713407,479.16535801043506,484.3847226236656,2053700
2023-05-30,503.3368225097656,541.1333119228685,500.75650532842036,528.1142029576895,1179700
2023-05-31,478.8429260253906,502.32030296488495,477.35727359659256,493.45518730336426,900800
2023-06-01,488.0110168457031,492.98602985634585,476.6437344814473,483.8179198550676,734200
2023-06-02,486.0171203613281,494.1687161460755,467.329046016073,494.1687161460755,778200
2023-06-05,476.1452331542969,485.0592067883847,466.5763817540957,484.06225941526657,637800
2023-06-06,486.1735534667969,496.1724693643671,472.55823815530283,475.4025050791546,486900
2023-06-07,483.4074401855469,499.8279466093044,479.30233595074776,490.2688776957326,456000
2023-06-08,486.45697021484375,489.9365474377701,478.55948069022116,487.14113931973736,389000
2023-06-09,490.5327453613281,500.96169321794434,484.70739019119713,495.0679420181503,536400
2023-06-12,514.332763671875,516.6687883531591,495.2439736036227,495.30261582900965,612100
2023-06-13,523.5888671875,536.1974825039467,519.0145946560165,528.5639113045504,669600
2023-06-14,525.0744018554688,526.2277383962773,508.3704401611616,516.5024978118278,493000
2023-06-15,507.5494689941406,521.4579935343401,506.8554864512653,517.0498651015929,729100
2023-06-16,505.9171142578125,517.9295198770601,504.5194252865503,517.9295198770601,1110500
2023-06-20,498.7039489746094,507.1683237299866,495.16569947815765,499.2317289342305,494900
2023-06-21,493.67022705078125,502.9458681846297,492.17479095185985,494.7453840107019,381800
2023-06-22,500.6684875488281,504.7149792558008,488.626819049664,489.24256229238136,289300
2023-06-23,494.5694274902344,496.52424736173725,489.19367284360135,489.4868838930532,568600
2023-06-26,499.36859130859375,508.36074621532254,497.64834000983313,497.64834000983313,364600
2023-06-27,520.7737426757812,521.0669537011322,497.87303692224305,498.14671048863113,466400
2023-06-28,515.3590698242188,526.4037926081666,508.36077972983065,510.3547346195658,541100
2023-06-29,524.6914672851562,525.6413877548607,513.3515339210572,521.2150799272363,399100
2023-06-30,529.029541015625,536.3545008783778,522.1257186786198,530.3809346371344,434200
2023-07-03,531.321044921875,536.3054818088351,521.038738682367,533.9258695372024,256700
2023-07-05,512.4115600585938,526.8851037142537,511.70645632542363,524.1627709402686,539300
2023-07-06,503.82318115234375,504.7534969628846,492.326593582417,498.79953554515083,506200
2023-07-07,503.2454833984375,514.0174235704476,501.38485164265205,504.18554174263903,350300
2023-07-10,523.251953125,528.3147487173114,508.65104309532785,508.65104309532785,551900
2023-07-11,531.2819213867188,532.2415842224032,520.3434625203389,530.5278664331192,421000
2023-07-12,549.4081420898438,551.2687739951241,537.3044117779039,539.3315024000556,658500
2023-07-13,564.6650390625,569.5026213440138,553.3153658668458,555.6264220771948,619500
2023-07-14,553.2958374023438,569.0326703890792,549.9565023739193,561.5216470190776,335500
2023-07-17,576.5142211914062,583.6237114145296,554.8332884054329,556.2238312480276,402300
2023-07-18,575.9169921875,579.0702646019288,565.5269784094265,571.9216238417846,405700
2023-07-19,562.598876953125,577.2291330885074,559.2987508699596,572.2642406092393,508100
2023-07-20,518.081298828125,538.5773540972449,514.0467227564338,533.7006225805279,1144000
2023-07-21,522.6055908203125,527.8251025401408,517.1706689725941,524.084294084464,592800
2023-07-24,522.1648559570312,524.8480984368338,510.32554833926815,519.3641659581765,385200
2023-07-25,540.09521484375,546.9598270398491,527.7074620637211,527.7760179334039,536600
2023-07-26,517.8365478515625,531.3406824727966,504.4303758243559,531.3406824727966,1070900
2023-07-27,526.0525512695312,543.6108050502642,519.0116176878448,537.8821158195249,787900
2023-07-28,534.2391967773438,543.522690264259,530.1948185523413,542.8959449258708,550300
2023-07-31,547.8901977539062,552.1108370073584,534.8561536748923,535.3947386825091,796900
2023-08-01,538.8809814453125,543.6598106548411,489.6336504047105,501.3946602505889,1557100
2023-08-02,519.4328002929688,535.1990413094827,511.90223158917195,527.6488681313512,717000
2023-08-03,521.6361083984375,525.2006557849205,508.26914535372697,514.3112079774263,455600
2023-08-04,525.9056396484375,532.2415295618198,507.95571476746824,515.5939870327453,517800
2023-08-07,530.48876953125,531.4778392845499,518.1500227502663,531.4778392845499,338200
2023-08-08,518.7178955078125,520.4707624399471,509.69882224909844,519.3054319739659,343000
2023-08-09,510.23736572265625,518.0029475277404,504.8808027719413,516.945381974851,451700
2023-08-10,507.73046875,522.5663916150864,502.89288610518173,516.9943585268427,413600
2023-08-11,491.7586975097656,505.7132273400063,491.5824066745489,497.96724891261925,468700
2023-08-14,513.782470703125,514.1056457202278,486.62740150203115,487.5283407697027,452000
2023-08-15,508.1319885253906,511.83358758331696,501.061677912616,507.12331458662715,505700
2023-08-16,483.6698913574219,505.98740036762194,482.2695463613521,505.98740036762194,543200
2023-08-17,475.287353515625,485.08002576325356,473.8380272644249,485.08002576325356,522900
2023-08-18,472.29083251953125,475.67908899566993,465.21071921144016,467.600133804287,501200
2023-08-21,488.546630859375,491.16125756447786,472.84894885408556,473.74988783315445,505300
2023-08-22,490.2505798339844,502.75584204085527,483.0333848110441,498.75061259421136,455100
2023-08-23,508.6804504394531,515.0652330878318,481.956235379478,485.8733048836498,737500
2023-08-24,477.89227294921875,519.0411064594246,476.6192074528753,516.0542932016826,908900
2023-08-25,478.9399719238281,481.7504937907502,464.6328929874649,477.89217876974067,692200
2023-08-28,483.6307067871094,488.74248297266035,476.4526910709619,486.25513581658464,421700
2023-08-29,502.1878967285156,504.27374099520546,478.3035513782127,478.6756777580743,496200
2023-08-30,504.45977783203125,508.4747499063911,496.6060348575042,498.69187901522906,256200
2023-08-31,510.4039611816406,515.3002979716537,502.67752738226346,502.67752738226346,423000
2023-09-01,514.0369873046875,517.5917324746415,507.85781287711643,514.6343857977045,252200
2023-09-05,517.7581176757812,524.1429588521415,509.5616561139694,513.2143633596343,331500
2023-09-06,512.3330078125,525.2691490741448,505.81111454277266,515.0945484958144,344100
2023-09-07,495.6463623046875,498.5156083024359,483.86574807374876,497.31109877281136,487200
2023-09-08,490.4855651855469,498.4372101896078,488.2920161871477,495.7540275837185,369300
2023-09-11,476.08062744140625,498.89754517280255,468.39337262194556,498.89754517280255,554700
2023-09-12,464.11395263671875,479.8409832900903,463.43825580007194,470.91987241488204,516200
2023-09-13,460.6081848144531,470.9786525390575,458.8553177430412,461.9204293861055,594500
2023-09-14,469.2355041503906,471.7815751077922,458.2970757528464,466.50334013871725,500200
2023-09-15,454.605224609375,466.6110202017861,452.8621301826545,466.6110202017861,992700
2023-09-18,453.58685302734375,462.6940275647282,449.93417499861187,450.462987743291,533000
2023-09-19,448.2890319824219,453.5672976461956,444.74408875381334,453.33225314701326,448300
2023-09-20,443.470947265625,457.64094540157936,443.2653095133098,452.4018895836938,394900
2023-09-21,431.249755859375,443.85292174034043,430.4761262932119,439.1034691655938,597600
2023-09-22,439.9750671386719,442.9324439860929,432.71869197623954,436.55740352396367,428400
2023-09-25,443.75494384765625,446.05622783872576,435.5976608874542,438.8096562393944,328600
2023-09-26,435.323486328125,444.5285928108347,432.8753181207626,439.2993091060924,405300
2023-09-27,432.03314208984375,444.1662783334844,429.6437274768327,441.87479642786553,711800
2023-09-28,443.55584716796875,450.43608524464446,429.36345226272607,432.5827446021514,553500
2023-09-29,453.4493103027344,457.77769367722794,451.08391095552537,451.53538889502823,519700
2023-10-02,450.83856201171875,456.25638743316034,444.07609725227024,452.8309897076308,283700
2023-10-03,440.6211853027344,456.36432497403206,437.725801947123,446.5984678382513,367100
2023-10-04,448.708740234375,450.6618998575318,439.816394574898,444.1546026785037,550000
2023-10-05,443.3988037109375,449.05217685768594,434.04518681974963,446.3825176110037,454400
2023-10-06,464.9131164550781,468.1422334738128,438.5109880384,438.5109880384,598200
2023-10-09,467.20977783203125,469.1531426368247,454.4307636837863,458.68061056235047,364500
2023-10-10,480.9310302734375,486.8690442783644,469.7125850620471,470.5860972762944,440700
2023-10-11,492.74822998046875,493.79840360930046,481.31385468354,481.31385468354,463800
2023-10-12,483.914794921875,503.60349090709786,481.4217970052492,495.23139580219595,469200
2023-10-13,466.94476318359375,487.016284165441,464.88362423942095,486.70219957432306,356800
2023-10-16,474.1783447265625,477.77060854452185,467.07235321333667,467.07235321333667,407700
2023-10-17,467.7398376464844,474.57101376260164,458.6119737832094,462.19441368856957,312000
2023-10-18,452.52667236328125,465.12902530370076,451.6237165502231,457.944497099901,547500
2023-10-19,425.7221374511719,454.1461362127247,423.5432241028792,452.34019460149904,961300
2023-10-20,412.265869140625,432.3766287368841,410.94084907518163,424.35782667480555,646000
2023-10-23,405.8371276855469,414.6411123447222,400.62540743090307,408.37918843504605,624200
2023-10-24,410.2636413574219,416.5844520080487,404.1391410808921,409.66494563611394,585000
2023-10-25,392.331787109375,403.6680071262951,387.9150733439115,403.6680071262951,628600
2023-10-26,396.58160400390625,406.47505886217226,391.4876587843016,393.7843461739246,590600
2023-10-27,398.4169921875,402.9613043903604,392.1354501377302,398.79978839852953,521600
2023-10-30,396.5227355957031,402.67667914980257,384.8429877407374,392.5967679165377,1174400
2023-10-31,433.56427001953125,436.78356260759034,401.479293882494,417.72300458619327,1734400
2023-11-01,448.1100158691406,449.8668950564546,424.63274239188183,431.8859531940987,1024700
2023-11-02,462.9894104003906,469.15317900171704,451.18206276295564,459.1321540043734,970500
2023-11-03,483.8067932128906,493.1407907307827,471.3811022124705,472.3135314949776,842600
2023-11-06,484.4055480957031,486.7709473027473,477.64305414510375,483.797027875745,522100
2023-11-07,483.4436950683594,490.0098789166632,480.52866264264264,483.8951729996674,360300
2023-11-08,483.8166809082031,489.2050625373234,476.1315815835383,481.313888227065,371800
2023-11-09,473.1380310058594,497.6164438759793,471.5381942538167,490.86377412522086,553500
2023-11-10,495.2412109375,497.8029205851223,476.39658286087536,482.5210832416836,478300
2023-11-13,497.73419189453125,502.50425833740996,491.27598805568107,494.5345185590583,469200
2023-11-14,525.5594482421875,529.0241434651675,513.9484419916093,513.9484419916093,702400
2023-11-15,537.4650268554688,546.1316184988468,528.6218337358814,531.576074509037,742000
2023-11-16,527.0414428710938,535.0308004288174,522.9977014837726,531.44833142872,585100
2023-11-17,530.0254516601562,533.4410254407705,525.4614888418266,528.2194796038181,304300
2023-11-20,540.9984741210938,542.9319848628417,529.7996153689609,530.0057502822821,354500
2023-11-21,528.1310424804688,535.8847931292983,525.4810021704066,534.9327746694681,394800
2023-11-22,535.96337890625,543.9134406673231,533.2053886009373,533.5096487447433,288700
2023-11-24,539.27099609375,539.8501027635535,534.2948241954805,534.2948241954805,134800
2023-11-27,536.4049682617188,543.7465084478944,529.7111863661718,535.9632849289892,195400
2023-11-28,533.3819580078125,541.7638772281581,528.0426397008621,533.4997322428142,247800
2023-11-29,542.2351684570312,550.2637669621174,540.1739990226554,543.1381244509961,392400
2023-11-30,538.564208984375,544.5807591503037,532.9795775580798,544.5807591503037,489100
2023-12-01,549.2528076171875,549.9693376223584,532.685215334766,537.2785914075425,359500
2023-12-04,549.1840209960938,550.1655130119676,535.8161045323328,542.0780283860497,399700
2023-12-05,543.1478881835938,549.6845987368365,539.212095563305,542.9221042812213,259500
2023-12-06,543.9821166992188,561.3250635721809,543.03009821351,554.4939175891491,265700
2023-12-07,557.9781494140625,560.5693024271868,546.327845264472,547.6528353773929,303300
2023-12-08,565.0742797851562,569.9523253973233,555.681395655918,555.681395655918,297800
2023-12-11,581.4359130859375,582.6038910190545,567.2533410139524,568.4605570629944,427100
2023-12-12,584.79248046875,587.9037928555209,576.6755237104097,582.0246662668134,339800
2023-12-13,597.4537353515625,605.6884669730226,583.0749146051674,584.9691868302345,463100
2023-12-14,625.5931396484375,627.9389196784972,603.3819730478644,603.9119571105321,920400
2023-12-15,621.5886840820312,635.1430859432274,619.0858915116202,622.6094141762708,857100
2023-12-18,622.5897216796875,626.8199490190079,610.8902960772717,623.1785928082794,320600
2023-12-19,623.5026245117188,631.8551311104659,618.7031142004582,627.2126331625421,293200
2023-12-20,599.7211303710938,623.7185636415799,598.6806912639768,620.675962176214,584600
2023-12-21,610.2229614257812,615.3463804760721,603.666602490276,613.5208198547501,799500
2023-12-22,606.2088012695312,613.7957161109622,602.007986283582,612.2940643333569,484500
2023-12-26,625.2496337890625,629.9117207269886,614.580820683555,614.580820683555,462900
2023-12-27,624.7784423828125,630.3729578439325,619.6157857268968,626.7021879524507,522100
2023-12-28,621.4950561523438,626.8821347958728,620.3449207119271,626.5675560429851,251800
2023-12-29,620.0796508789062,624.837512854135,610.3180478599418,621.0528471920315,276900
2024-01-02,593.7538452148438,609.9739419798187,586.6169930382922,609.9739419798187,611500
2024-01-03,568.4898681640625,584.886906098338,566.612295271012,580.7975015774664,613600
2024-01-04,561.3726196289062,565.5308433302217,551.5619380831154,551.7585573124413,858400
2024-01-05,564.2529907226562,571.5569431603027,558.4432726463345,560.2520258207843,419500
2024-01-08,580.689453125,583.3928032235152,567.0350631365518,569.1682353234418,456500
2024-01-09,583.6777954101562,591.4831059289794,568.7847716620972,568.7847716620972,261400
2024-01-10,579.1951904296875,587.8557382877483,572.4614154207839,584.0513924068382,401700
2024-01-11,578.4480590820312,585.260493632707,567.1431413139993,579.1951762910131,366400
2024-01-12,568.9420776367188,579.9815556792631,566.1403882850262,578.8707199011876,280700
2024-01-16,586.2926025390625,586.8038005707457,560.330642502989,563.4862103527911,577300
2024-01-17,574.4371337890625,581.8492645474784,567.1233426426872,578.1824990132286,399500
2024-01-18,600.5369262695312,602.1490602731093,585.9486405314707,588.5143509881681,696700
2024-01-19,620.6203002929688,622.173454387605,602.0900307482976,610.4655189032254,674100
2024-01-22,626.9412231445312,636.6339463975422,614.2404112957662,625.4175289211508,390700
2024-01-23,631.109375,632.89850846555,618.388881459043,629.6839602060408,277700
2024-01-24,621.2788696289062,637.0074486068532,612.1956248691046,632.4952861126571,538500
2024-01-25,605.2357788085938,632.0038379172246,602.5422689606894,630.7259027338843,519900
2024-01-26,590.9424438476562,599.6521308898152,588.6519525149768,598.7477543120162,376000
2024-01-29,609.2662353515625,609.4529546391371,589.0058126549765,597.0077421237049,462500
2024-01-30,603.0140991210938,615.311892605137,596.3884441823926,609.0499562906834,307200
2024-01-31,592.4955444335938,607.1919474938084,589.4678361641552,594.7368957496959,439200
2024-02-01,603.7120971679688,606.700505966823,584.2774500128601,596.7030434392848,429200
2024-02-02,625.073486328125,626.7839599969096,601.5002935828786,604.2920832492373,481100
2024-02-05,635.2478637695312,641.7850186989771,621.5836361730253,630.1262234114647,516900
2024-02-06,622.2422485351562,639.5928618515103,612.3922663916118,639.5928618515103,556200
2024-02-07,634.4613647460938,644.7537849162377,619.4995826455593,630.5881997345612,860500
2024-02-08,724.5665893554688,747.1076050282561,667.9436611850408,668.4646992358081,1658500
2024-02-09,739.5480346679688,748.5821406431542,724.7139905368729,734.328114327559,661900
2024-02-12,717.4887084960938,745.4069637667898,715.6897352445534,739.6267054501802,645400
2024-02-13,700.039794921875,712.0721494580056,678.3933167124052,691.0745087969237,759500
2024-02-14,732.5390014648438,733.5908575325687,706.439399036002,711.914918566235,602700
2024-02-15,721.86328125,737.2674445137451,711.7183386156161,735.9108495103242,600100
2024-02-16,718.1080322265625,735.4881071754814,708.6413876588299,723.180473241157,373000
2024-02-20,700.2363891601562,707.786100364067,686.6016811656245,707.786100364067,466700
2024-02-21,701.8092041015625,701.9370036106392,683.9671326392966,684.7830095052236,477100
2024-02-22,728.7247924804688,737.2772202351513,725.3038453785053,733.571154208175,660200
2024-02-23,708.8970336914062,729.1377192751366,700.8754231834077,724.0652779243154,564300
2024-02-26,712.5932006835938,719.6612341081257,711.3447253778013,717.0758438290696,302200
2024-02-27,697.2577514648438,716.1615791163778,695.1638794784815,713.2517702527578,301900
2024-02-28,698.5159912109375,702.3203362401392,688.3120713652412,690.0913643633955,266600
2024-02-29,707.825439453125,710.3322300306976,684.3309077634617,694.3578900744285,859400
2024-03-01,731.1332397460938,739.2334491653002,704.4340005439719,714.6182420953131,634200
2024-03-04,723.2000732421875,736.7954808540452,713.7727895690041,731.1331826729778,802000
2024-03-05,705.4661254882812,721.9024622440983,695.173705091736,710.1060276347397,480600
2024-03-06,718.9631958007812,730.9660896532316,711.541284335819,711.541284335819,473600
2024-03-07,754.5785522460938,763.819116392838,730.6711650064117,730.6711650064117,770300
2024-03-08,719.7889404296875,764.9496247802657,719.2580624945012,757.3507143357131,537700
2024-03-11,706.97021484375,715.6209224767946,699.9218612154361,708.6806884439472,494900
2024-03-12,724.0553588867188,726.6014492477843,704.0112347693348,714.8443137576962,417400
2024-03-13,696.166748046875,725.4022425575048,693.6108772691305,711.1580539542917,537300
2024-03-14,681.244140625,706.0166668295,674.2646070514063,696.4812029333514,517300
2024-03-15,675.3360595703125,687.4077734448192,670.4798581256468,674.431683025896,960900
2024-03-18,662.861328125,693.0405528519839,660.4627172867697,688.1155316636681,624400
2024-03-19,639.2489013671875,657.8184122703962,629.7428967388471,651.7530948393252,955600
2024-03-20,655.6951904296875,657.4351842477938,635.51342213198,642.8272161473492,581400
2024-03-21,663.7854614257812,677.3513511795063,657.7889636360219,671.9053513507748,635200
2024-03-22,660.9050903320312,667.865003692397,651.8120051365541,656.6386866620383,490300
2024-03-25,658.0149536132812,660.7379831584647,648.0273319598182,651.7038778440649,299400
2024-03-26,655.1838989257812,666.6952763882597,654.3089821588253,666.0071389311058,375500
2024-03-27,662.9644165039062,666.3917914492432,647.4721599743848,660.0787153980605,503100
2024-03-28,667.1796875,673.4238746259861,661.575698620866,664.7667111782267,353400
2024-04-01,658.3748168945312,677.7573144306843,654.917866642826,667.1796766395759,435500
2024-04-02,639.1597290039062,648.4373735900917,634.9936916028709,648.1714358453414,564000
2024-04-03,640.0166625976562,651.09660097736,634.0186961719376,634.1664527286721,443900
2024-04-04,633.4179077148438,656.8974936929457,630.7291352267499,650.0033100734929,655600
2024-04-05,644.4191284179688,649.0973251005912,633.9300949687654,633.9300949687654,406800
2024-04-08,671.0208129882812,680.4362965569018,658.6506790096855,658.6506790096855,574600
2024-04-09,671.8382568359375,690.2555289147899,662.3341076770529,680.7710966605397,370400
2024-04-10,656.4150390625,669.0018799048929,647.3935320367689,652.8793407193864,417500
2024-04-11,673.9950561523438,674.782950760702,655.5580097317327,661.7332471870944,301500
2024-04-12,648.2798461914062,662.5311416778218,648.2404724919601,655.8142290023764,422500
2024-04-15,636.855224609375,662.8463146909761,630.7587933188586,661.1129101069978,485900
2024-04-16,645.62060546875,649.3335747883261,634.274730142863,635.249755032586,380600
2024-04-17,628.0797729492188,653.4011451892966,624.0220584089293,646.0046617088757,530100
2024-04-18,610.9330444335938,624.5835144888265,608.5004111901171,622.5350002140614,652900
2024-04-19,582.5781860351562,609.8003146300289,578.6485113051577,609.8003146300289,734000
2024-04-22,591.550537109375,594.1506437816424,576.1075721994897,587.7489015111057,467800
2024-04-23,602.128173828125,608.4708254800912,592.2498243487313,594.5150442003235,508600
2024-04-24,632.5020141601562,645.3251556423855,618.7628781818614,626.8881665428137,768900
2024-04-25,650.3579711914062,656.9763591963888,626.7798587267532,628.6806765932886,435500
2024-04-26,666.9926147460938,670.6564125217582,651.3231451504537,652.3868361321004,402800
2024-04-29,669.42529296875,678.6733629909946,662.3045447489392,664.7963287313767,428300
2024-04-30,659.212158203125,679.618917583945,658.9659373026082,670.0458778258638,502800
2024-05-01,642.72509765625,676.378547293945,637.7120145977823,648.9397096333896,906900
2024-05-02,702.113525390625,710.297903852889,661.2014314185706,670.8040443488899,1200600
2024-05-03,696.529296875,716.945973200684,690.6101973912477,716.0004633772919,585700
2024-05-06,721.9688110351562,722.2248903537181,703.2067930743726,708.2493915994621,399900
2024-05-07,691.6047973632812,714.0404702337348,691.3881518676991,714.0404702337348,625700
2024-05-08,702.5863037109375,704.3197082053647,677.1664642060508,679.5695822346856,337000
2024-05-09,697.317138671875,703.6991636351097,695.9579948204439,702.645331222043,352500
2024-05-10,691.919921875,708.4462932179588,687.3106750450978,708.4462932179588,432000
2024-05-13,692.4224243164062,699.3166097290688,687.0351397122383,699.3067512747608,346500
2024-05-14,702.9212036132812,705.8659955730884,692.1170006796647,692.1170006796647,320700
2024-05-15,730.1336059570312,731.2661859852819,706.4569666657428,714.3163783632981,589800
2024-05-16,717.0935668945312,729.7394959778277,716.8966383080013,727.1788232278276,398500
2024-05-17,719.0142211914062,727.6418106778486,710.9185072921551,723.9682142849424,258900
2024-05-20,744.45361328125,750.3530547861105,714.4934793352137,714.4934793352137,419400
2024-05-21,745.3006591796875,748.5015302497941,728.8530942738678,729.0993151254145,322300
2024-05-22,749.1220703125,762.1816349199996,740.2286037161706,753.4358647786655,432800
2024-05-23,735.1071166992188,764.2793574579547,725.2582829491388,764.2793574579547,767200
2024-05-24,741.9915161132812,747.3886583123385,735.6587225918466,743.5870225314335,287900
2024-05-28,748.0978393554688,754.2041291889321,738.0815306974455,749.5160740257407,465400
2024-05-29,735.1171264648438,745.6849080179103,733.6693163470644,733.6890332546265,478600
2024-05-30,732.6548461914062,742.4347319526505,729.2372692508864,738.7610756888474,441600
2024-05-31,724.5098266601562,743.2127540036063,696.2535177035714,732.290430062481,762300
2024-06-03,720.727783203125,735.2351561904109,698.3020296354756,735.0676827356875,345000
2024-06-04,715.5768432617188,724.0862498195238,709.106152448753,721.5353754974759,256000
2024-06-05,746.1574096679688,747.0043948644171,721.8997295966841,730.0644504854286,498100
2024-06-06,747.1423950195312,751.2198267955131,734.0434575875857,745.7241604936469,463600
2024-06-07,740.27783203125,748.7478058993353,732.3199566953518,737.2936062380943,324700
2024-06-10,767.7954711914062,771.8039541216336,733.7677593778252,733.7677593778252,466300
2024-06-11,772.1288452148438,775.6252292685252,758.5276082789704,766.633239290979,299000
2024-06-12,803.3004150390625,810.0468419706976,777.9396686670261,784.3611273727641,630100
2024-06-13,804.6497192382812,809.5741361246844,784.26262130607,796.1009387369867,529000
2024-06-14,794.3773803710938,800.9957677086396,784.6270110438945,794.4659862106536,299800
2024-06-17,814.8826904296875,817.7585331250431,786.2422643375476,798.2282784792885,445200
2024-06-18,839.6723022460938,843.3557570404406,808.6287540589439,812.1054217834338,531200
2024-06-20,812.8538818359375,835.6243825930765,807.2400340985988,833.2114060966527,673000
2024-06-21,813.6810913085938,816.1630166807595,794.6728539549339,810.953005202098,988000
2024-06-24,786.0748901367188,822.003419107658,783.0119170384045,807.4468729950411,752000
2024-06-25,807.4764404296875,811.297793266457,787.5522662116355,798.1988545752201,454200
2024-06-26,804.108154296875,813.3562248889311,791.7478782606571,804.206618602933,295600
2024-06-27,798.4449462890625,808.5498591087106,795.2933075370023,798.3562803377896,361100
2024-06-28,810.5087280273438,825.9558540337956,802.5780586397524,809.3053436056293,721800
2024-07-01,808.2596435546875,811.1498007003847,783.3134422499496,796.8962476520215,548900
2024-07-02,817.4826049804688,823.6476321673501,804.6297274026936,807.8454152162259,257100
2024-07-03,827.8102416992188,836.7076283308068,816.6638844238331,822.3061486943396,312500
2024-07-05,830.207275390625,835.8396059021211,818.1533824893704,835.8396059021211,181700
2024-07-08,840.2388305664062,841.6691286935542,827.9778336186412,832.4363396507975,313600
2024-07-09,834.6953735351562,857.155759659125,826.5674113189078,852.8353639923284,259800
2024-07-10,849.1066284179688,851.1090579166363,832.7717766696534,840.6333895360395,439100
2024-07-11,819.6527709960938,864.7314653697281,818.7452957803755,864.7314653697281,629300
2024-07-12,844.0365600585938,863.9225046862362,804.9650997434849,821.753720384855,513200
2024-07-15,859.0693969726562,871.5375625656534,844.727099213858,849.728176557062,335900
2024-07-16,877.3869018554688,879.5471297406526,852.914212901295,867.75958598735,314400
2024-07-17,806.2672119140625,849.6690043634691,804.2746558131747,849.6690043634691,1156200
2024-07-18,832.0023193359375,838.0884765806647,801.4534102463983,827.741106184614,704100
2024-07-19,797.8333740234375,840.8800101495087,794.1935398978762,840.8800101495087,624400
2024-07-22,845.7431030273438,848.258422046819,804.827010169531,818.666291922774,625700
2024-07-23,834.9024658203125,843.375705539416,828.5105850019339,828.5105850019339,310800
2024-07-24,777.1682739257812,827.820113856901,775.4026317908691,821.5071620602469,787900
2024-07-25,779.1608276367188,814.207743222324,750.9989350092413,777.1781452413055,876400
2024-07-26,810.6073608398438,820.8363686937554,793.542518153212,801.1575907150535,627400
2024-07-29,816.012939453125,837.6250340521052,810.9230588727277,827.3170957041648,429500
2024-07-30,771.2202758789062,824.5650440594111,769.3954517741453,820.5701181778073,677900
2024-07-31,851.355712890625,851.6811829614409,806.1290396595263,813.3495263526466,861000
2024-08-01,774.278076171875,849.7182586320389,767.7382107717325,830.7990311665354,1133000
2024-08-02,784.9411010742188,825.4034250183796,759.2550943851486,777.8291043458923,1366800
2024-08-05,759.96533203125,782.6131964549584,719.6707404196255,738.1066392125732,843300
2024-08-06,779.417236328125,802.8739607185187,756.7003754071151,774.0906889502431,532400
2024-08-07,746.7474975585938,817.2063502340619,741.5688749283883,807.3916755087075,689700
2024-08-08,832.0518798828125,834.8039265547732,754.7276225539593,767.8073548629612,860900
2024-08-09,811.810791015625,831.1739134841021,798.5337666113604,826.8337102033388,441700
2024-08-12,812.747802734375,828.421780887906,805.7541700348927,812.57025719207,318700
2024-08-13,856.0115356445312,859.1680415284555,828.6881237762414,828.6881237762414,525400
2024-08-14,850.89208984375,865.6684072941026,832.0714785575184,853.5356461971494,416100
2024-08-15,908.1725463867188,913.3117342882829,865.3527636751572,876.7950290825902,816300
2024-08-16,902.2245483398438,911.5757022278834,887.9216857077861,890.1016609276986,448600
2024-08-19,904.7398681640625,906.7028029981412,883.2263937763951,896.4836693683152,359200
2024-08-20,892.3901977539062,915.7482466874912,889.9439341111542,900.6463977535409,398200
2024-08-21,934.28271484375,939.0668120500575,903.1024878833751,912.1774199171313,506000
2024-08-22,896.1778564453125,943.6238754272474,889.9930827095071,935.7326416535976,565700
2024-08-23,923.5604248046875,928.9955219212242,902.0568239339077,913.7950587339781,413300
2024-08-26,899.8473510742188,916.5767902041231,897.8351079126348,912.9369558140362,499000
2024-08-27,932.6058959960938,938.5736303849627,882.8319098833815,891.3544580772367,482800
2024-08-28,916.6654663085938,942.1640525397689,902.1456245073745,930.6822925099541,462200
2024-08-29,917.9577026367188,946.5930487218662,908.3797552955322,924.0832950901348,449300
2024-08-30,921.9723510742188,939.2245524083767,900.744911567795,935.2592481171679,520100
2024-09-03,827.228271484375,910.599185064353,821.9312850269309,907.2256388940407,960900
2024-09-04,838.94677734375,855.6071613438162,815.2040173016213,819.1989428970637,446400
2024-09-05,830.04931640625,846.7096989131438,816.2791513802792,824.3380573783614,493600
2024-09-06,795.3477172851562,831.8249321778472,785.1285823055306,830.0494163258628,804000
2024-09-09,824.6439208984375,826.9915680981046,807.7369356723793,808.5359207979571,630000
2024-09-10,836.1749877929688,837.3783722132868,803.1304417416668,822.3653267566037,388500
2024-09-11,882.9896850585938,884.8737510684366,817.5319073161027,839.6470758253871,770100
2024-09-12,883.7294921875,892.9721563094488,865.2344106779625,873.8753223920734,411500
2024-09-13,901.6721801757812,906.328039952199,888.5135800380212,894.0867284176678,311000
2024-09-16,873.1947021484375,888.1288784338644,864.100082953921,883.4730788075547,483000
2024-09-17,855.5183715820312,891.5221310805312,852.2533755261345,881.0760823137654,546100
2024-09-18,848.958740234375,878.3634514599587,844.8355772815834,864.5735379312879,446900
2024-09-19,898.7327880859375,909.0999081470615,873.7570210093686,883.3054085464431,733600
2024-09-20,879.2018432617188,889.4308505169433,859.0397379851775,887.1128246117706,1267600
2024-09-23,881.1450805664062,887.8822388318448,874.5065988547425,885.2288088412935,300700
2024-09-24,898.6143188476562,904.5919265077376,880.9774051168534,894.8659945422687,275300
2024-09-25,902.303466796875,910.9246308133588,889.8353018982067,890.0819029751328,312200
2024-09-26,931.5503540039062,937.3701031424824,892.4492738297174,927.2200247581479,545000
2024-09-27,912.4140625,936.8867496663938,908.1232280714723,936.8867496663938,571700
2024-09-30,913.1648559570312,918.6961711536732,896.8177848709772,908.6607677863901,392100
2024-10-01,880.8756103515625,915.1205083012019,874.2380324920803,910.0435751106426,589100
2024-10-02,907.6334838867188,918.962822435811,876.4110050908424,890.7233953030943,362500
2024-10-03,911.436279296875,922.7360173194623,894.2891425236684,894.2891425236684,347400
2024-10-04,924.1385498046875,939.3299817377815,915.3378210934694,937.7792241416652,435400
2024-10-07,918.83447265625,926.4005884327269,907.9693418240738,911.4066548319272,322100
2024-10-08,911.8215942382812,920.5729492223529,901.1737365531658,918.5974707905452,446200
2024-10-09,924.53369140625,935.4185956597278,904.0973668661445,908.147073091072,434100
2024-10-10,918.66650390625,920.7999938173232,905.5098119753382,907.2482424219658,231800
2024-10-11,926.9635009765625,942.0166957732832,906.8432599692167,911.7622417710647,284000
2024-10-14,931.6453857421875,942.3030685564672,923.5459133471287,935.5074189623815,422000
2024-10-15,883.7202758789062,931.9120436697548,877.398721680923,926.8153365663226,854100
2024-10-16,893.8446655273438,903.7813189283512,882.051057708216,903.7813189283512,520400
2024-10-17,906.8729858398438,931.5565785112855,905.914847477982,926.8648173665345,482500
2024-10-18,905.055419921875,926.3510720754832,899.0401226852088,926.2918101421549,260700
2024-10-21,872.430419921875,899.3364225214376,848.4480863836353,896.8670748483968,735700
2024-10-22,866.0596313476562,871.7095310891583,859.2837547025823,867.6894251909479,391000
2024-10-23,872.8058471679688,884.0166625366699,856.0537692850754,861.1208760066971,439800
2024-10-24,888.994873046875,891.9284293085924,879.5422023922104,879.7397019876355,400600
2024-10-25,890.2393798828125,913.9254052447343,890.1604041588189,893.5087939957104,566800
2024-10-28,879.5421752929688,900.2056602578845,875.0578012229232,890.2393462738346,631200
2024-10-29,921.7877197265625,925.689301138877,880.2631906241912,883.9277243038663,693100
2024-10-30,908.5322875976562,920.2271449190255,898.4079619514972,901.519364191626,977600
2024-10-31,749.9902954101562,819.3295931045786,724.8819840725992,816.1885899639839,3055200
2024-11-01,750.0594482421875,779.0594542403087,746.4739504255421,756.8254370770082,1018100
2024-11-04,757.1712646484375,775.1382435556784,737.4362542323881,749.5063986195252,959000
2024-11-05,753.6152954101562,766.3373802331012,741.7427120573624,759.72940303902,626600
2024-11-06,775.66162109375,776.8666941525942,753.4177774145992,764.4804071758629,820500
2024-11-07,765.7052612304688,786.8132413002583,753.3090871047251,783.9092858899725,947900
2024-11-08,751.9656982421875,771.4439429199838,740.6560744904486,755.6796065754877,822300
2024-11-11,639.3734130859375,642.949023909438,564.98678170354,621.5842217294169,4011000
2024-11-12,636.2027587890625,681.3128489200143,623.7671567217649,656.8465310216097,2652000
2024-11-13,594.0953979492188,632.9333059686999,591.705086246111,625.2388402071585,1607900
2024-11-14,569.7179565429688,597.2561247069983,565.0261962893765,595.6559923487175,2087600
2024-11-15,566.3497924804688,583.2499922967874,554.9018709475591,558.635553304154,1615200
2024-11-18,580.632568359375,581.6893961244868,554.6945304259596,566.3696136070087,1203100
2024-11-19,578.6867065429688,586.6281072702593,569.3031850143426,580.7905956665423,998700
2024-11-20,553.193115234375,579.802806945885,540.0068233819294,574.1726824531038,1662800
2024-11-21,565.4509887695312,566.9721456077926,545.0245508693829,563.0804510381872,1021900
2024-11-22,573.6887817382812,584.3464656202898,558.7640574310922,559.30730191422,1031800
2024-11-25,593.4929809570312,603.3407724572868,580.4844721412404,584.8996375742256,1267800
2024-11-26,565.0657958984375,594.9152422822762,561.134553322348,591.4285546411816,1287100
2024-11-27,553.3709106445312,568.7697888188193,541.527929189674,568.7697888188193,1237800
2024-11-29,560.6802368164062,568.1079938483884,556.1069999635318,561.035808423333,595300
2024-12-02,573.234375,581.7190805791746,559.0702297594856,560.0974567425078,808600
2024-12-03,575.7037353515625,578.6076908432973,563.7422287993171,563.7422287993171,609200
2024-12-04,574.4987182617188,585.5317475260583,572.8788116105004,581.9265358532074,698200
2024-12-05,565.3029174804688,580.1288928147738,559.6629048324546,580.1288928147738,696500
2024-12-06,582.449951171875,586.0354487180166,568.9376883089542,571.1304400449777,734400
2024-12-09,602.1948852539062,605.7803830398428,583.753812982958,584.5933671102566,1015400
2024-12-10,588.0208740234375,606.8767805084085,583.8921316388634,603.3900926817041,941700
2024-12-11,616.1714477539062,621.060768635243,596.9303082798252,606.1063833391418,948100
2024-12-12,598.0266723632812,616.1516614067256,585.8280578531343,603.8148092354202,862100
2024-12-13,600.97998046875,617.6826221250342,594.688087224137,613.3859811543774,896900
2024-12-16,620.9126586914062,629.8912352340649,592.5349285912395,599.5577403728987,1143000
2024-12-17,620.5173950195312,632.2221388957523,614.4527230903823,614.462610126739,796200
2024-12-18,590.7371215820312,636.9040367519784,585.8379140189905,624.2511014892774,958400
2024-12-19,581.9266357421875,605.4841940552185,579.4276263624902,604.2692940016708,782400
2024-12-20,585.946533203125,595.7943229295006,575.1505525676137,579.7237892146907,2364800
2024-12-23,609.711669921875,611.2623673819602,583.2402116704286,584.474885645335,687900
2024-12-24,611.9834594726562,615.4207725354081,605.5236066366106,609.3066645852696,252500
2024-12-26,612.2303466796875,617.643137686378,606.0372031960457,606.0372031960457,320300
2024-12-27,605.187744140625,614.3045565236112,596.7425870951438,609.0596644396337,354600
2024-12-30,596.248779296875,601.6023087647607,586.568887116814,599.4885324536492,689200
2024-12-31,585.6580200195312,602.7516307850873,583.2825028362621,596.4071114294056,492000
2025-01-02,588.1522216796875,603.4741920797112,583.3814932322164,597.92149188317,548100
2025-01-03,613.540283203125,619.1127981134213,592.9725065520926,594.1899272549426,654500
2025-01-06,624.6555786132812,638.6611118563334,621.6169806895124,625.9126295019405,785900
2025-01-07,618.4893188476562,638.2257098156576,615.7673996642715,636.5034869800768,599200
2025-01-08,614.6192016601562,626.6748205562546,604.0680204804473,611.1450337207864,346000
2025-01-10,585.1927490234375,608.2548738759364,576.1164036333784,605.2162153421501,1076900
2025-01-13,581.3524169921875,585.3512023354306,570.5340328534405,572.5630877743298,854100
2025-01-14,583.836669921875,591.9727633608458,573.2558277189113,585.2323056327024,472800
2025-01-15,596.258544921875,605.1369803904183,595.338048740919,601.3857032127285,570300
2025-01-16,590.5673217773438,608.2350869960998,589.9239953448515,607.8985322439714,494900
2025-01-17,619.4295043945312,622.2701928229105,599.633732538563,600.3365041877344,1066100
2025-01-21,631.97021484375,648.3116369149471,626.3482219440543,630.5845468287887,1257500
2025-01-22,682.3800659179688,692.1889051515506,645.3817617953108,648.4402352680733,1558100
2025-01-23,691.6544799804688,692.2384819420392,666.4742509952383,667.0582529568087,757500
2025-01-24,671.5023193359375,692.8520681717441,663.1584081072408,692.8520681717441,1063300
2025-01-27,594.6551513671875,649.8755034649755,591.6164927063425,645.787671163245,2095600
2025-01-28,611.2638549804688,616.0445516317708,584.5098356591117,600.1683011741709,1015800
2025-01-29,612.441650390625,613.6590711294261,601.2174202315558,609.3535145566613,435800
2025-01-30,630.2776489257812,635.1968695449556,616.0741454749449,617.6281209132097,593600
2025-01-31,630.8616943359375,650.4694084115075,625.6553954853686,633.464843761222,753400
2025-02-03,622.359375,637.701100027888,608.977412289025,608.9873198420452,774300
2025-02-04,649.5884399414062,651.1622306422995,621.3893679916553,621.9238925827076,981800
2025-02-05,647.193115234375,658.1995604528834,641.25438319222,645.3521228001645,883000
2025-02-06,654.1513671875,659.5753898586623,632.5343556893043,643.8872633396448,1611200
2025-02-07,712.8953247070312,716.5971248493928,670.0869626194518,679.6879252740769,2551700
2025-02-10,698.1573486328125,712.8953169949893,692.1295692312709,709.7774583997723,1009100
2025-02-11,691.8919677734375,705.6994706876691,679.1137628634267,685.0822172374726,708300
2025-02-12,692.317626953125,693.6241552886352,675.7980511073335,682.4692172900552,487300
2025-02-13,692.8421630859375,700.2655781284935,686.9925386136421,692.3176065037882,478200
2025-02-14,677.9359741210938,691.2387368044876,674.1846966572069,685.8740989098003,625300
2025-02-18,683.7163696289062,697.57341163154,678.1042241212652,685.2703451600593,611800
2025-02-19,685.4385375976562,701.1266633046918,675.6792361510293,681.7466453192571,710800
2025-02-20,682.7661743164062,700.1963396819539,675.1745115292998,690.714206966093,679300
2025-02-21,654.3294677734375,682.7364128134443,652.755677310576,677.8666093812817,847300
2025-02-24,646.07470703125,658.209526922831,630.5152566857694,653.9435397738376,1327500
2025-02-25,644.669189453125,652.9339010118168,637.2754363797457,651.5284179598091,897500
2025-02-26,664.7222900390625,674.0460823688308,653.7355995859072,659.8822089575566,692500
2025-02-27,603.157470703125,665.1776069290406,601.850942309338,664.3659729081165,1202100
2025-02-28,604.770751953125,617.9547435682197,590.5078641653084,601.4153540458893,961700
2025-03-03,573.0084838867188,615.3714301307512,570.197517678907,613.0157884943617,1054600
2025-03-04,582.1441650390625,599.5743270611562,552.0941384800208,572.2264643478047,936100
2025-03-05,605.9387817382812,606.8592780331262,577.4526323059249,585.9450367587584,636700
2025-03-06,559.9234619140625,602.6130520240883,553.7966676389012,585.6579672978768,1283100
2025-03-07,590.6959838867188,594.189967038981,559.0722828571103,564.1795660315242,782400
2025-03-10,575.6513061523438,591.2503272026872,566.0700972164642,576.3342628543205,1152500
2025-03-11,564.5260009765625,580.7981307767918,552.8959829255226,580.7981307767918,674200
2025-03-12,577.036865234375,587.0139515659841,569.3660033319801,574.968240822976,695900
2025-03-13,565.3772583007812,580.7387387474311,556.9541463028754,570.227186968652,485700
2025-03-14,599.871337890625,601.1481435670092,576.6805958687023,579.4025147972648,916000
2025-03-17,634.0982666015625,638.1860988901599,603.4345706604782,603.7810329631873,1109700
2025-03-18,615.9356079101562,631.5247804295933,608.4033301631152,625.3485084116077,690500
2025-03-19,623.4085083007812,637.6416134723798,610.551103024207,615.4703840163,706300
2025-03-20,602.8011474609375,646.2231739094284,597.584941558504,614.5499347709239,998100
2025-03-21,584.9453125,591.9035561289686,569.1285082461186,584.7374955345228,1713600
2025-03-24,621.5180053710938,629.8520092323826,594.7145107086163,602.8605127140822,1170800
2025-03-25,626.5064697265625,632.1879071143879,617.5488948562364,621.9435587169133,702400
2025-03-26,594.33837890625,623.5668675862208,587.2713336533219,622.4781242044045,907100
2025-03-27,595.298583984375,604.869824856618,577.185460853449,587.1922112183356,707000
2025-03-28,573.9685668945312,606.6216854831802,567.1786311106897,593.3584931277228,810800
2025-03-31,575.6060180664062,577.1145742566714,549.8418361159933,563.5476845450793,1141400
2025-04-01,577.0947265625,583.7541446432684,562.2673947310308,570.7926395646106,676900
2025-04-02,586.1956176757812,592.904586028817,559.9847556443128,562.9125202364963,506100
2025-04-03,494.9192199707031,557.5532642101016,490.46309079545927,548.7799645938862,1927700
2025-04-04,473.789794921875,488.66673868085917,447.8866210811927,473.00574419814814,1734100
2025-04-07,484.93511962890625,521.0804451291112,439.3515030856599,461.59250409947,1814700
2025-04-08,451.7572021484375,512.029189485469,435.55033734038716,504.7743200308014,1587900
2025-04-09,557.6029663085938,563.4286934428457,446.1399131118076,455.54843154044283,2335400
2025-04-10,481.0545654296875,526.6382087152925,466.6738510269317,522.0133180451674,2145600
2025-04-11,529.1094360351562,534.3793885567615,472.4102737532001,485.99703383939067,2218600
2025-04-14,534.7366943359375,556.5211732411809,528.1070779985888,556.5211732411809,1291300
2025-04-15,540.1456298828125,550.5863144507252,533.2976408458983,541.0984120107348,634400
2025-04-16,520.9017944335938,527.0749182843944,495.92162899960437,514.1630224995151,1275000
2025-04-17,519.6315307617188,535.7490499748243,510.41155088984624,533.9427679147527,864600
2025-04-21,504.3575134277344,510.9474527439762,492.656418631612,508.8533191645866,798700
2025-04-22,507.96014404296875,522.5989077048348,502.49168772204956,508.4960498548254,859100
2025-04-23,532.92041015625,549.8021388853049,528.6925878411337,541.7929915440575,828700
2025-04-24,576.3703002929688,578.1765821147429,542.6366440237621,544.2741642789022,1046700
2025-04-25,579.31787109375,583.8137373652033,564.6692338958686,572.8570168678413,508700
2025-04-28,580.7966918945312,586.9300784861127,559.9649359739021,575.6954403916282,552300
2025-04-29,582.3150634765625,589.2821412060243,570.5345864762297,579.7346957266876,783800
2025-04-30,588.6270751953125,591.4258152587299,558.1387810637844,560.9474554035562,784700
2025-05-01,597.0927734375,609.3694794395028,590.354002466933,595.4750613415338,990100
2025-05-02,632.0869750976562,644.5026419307451,604.3676135456003,610.0444476868629,1651600
2025-05-05,622.6685180664062,637.7538395560128,621.2790518674286,629.8737162515049,629000
2025-05-06,618.2918090820312,626.6582282922278,608.3275459719051,615.6121585929426,567200
2025-05-07,631.9083251953125,635.6895899676025,608.3771104224301,616.9817093625487,569400
2025-05-08,635.10400390625,651.459701716624,625.2488975987955,643.8971722773705,638300
2025-05-09,632.9602661132812,651.0527648751716,625.8641637295917,642.5969992157039,639200
2025-05-12,703.88134765625,715.5626040015063,674.8718040513513,688.7463549918631,1506800
2025-05-13,732.1664428710938,736.60276418646,700.4276371253734,700.4276371253734,909300
2025-05-14,728.7425537109375,749.3062674993541,720.3760741335049,731.4420121152635,589500
2025-05-15,704.9631958007812,724.8520442187668,698.0457279012619,720.1478001749068,981400
2025-05-16,710.0048828125,711.3843541832493,691.1977808594794,707.3748433809278,362000
2025-05-19,697.0929565429688,701.3704503543192,682.9106854806749,687.5554446744261,512400
2025-05-20,694.8896484375,696.9341105170133,687.5454919093297,690.2548842204455,420900
2025-05-21,673.5022583007812,698.6610598802282,669.3835308318215,685.7889007609832,487500
2025-05-22,667.130615234375,689.5800216388487,666.0091322843623,674.8916479666038,461300
2025-05-23,657.1862182617188,663.0714903992363,643.7880273700209,645.0881456928133,508500
2025-05-27,680.3502197265625,684.3200540149428,666.5946978804283,678.1767330306798,787300
2025-05-28,672.3707275390625,684.2008758103989,670.3758763738091,680.8860379531123,517800
2025-05-29,675.5863647460938,694.234699935319,672.0036038673001,694.234699935319,419800
2025-05-30,656.9083251953125,674.8419975253978,638.5081052823673,666.4657056845957,950300
2025-06-02,663.6172485351562,666.0885209883686,650.556521828426,656.3227030695401,422700
2025-06-03,680.58837890625,683.6054310645519,657.7915747159255,664.7387845043353,521300
2025-06-04,689.5105590820312,715.8305785046417,683.9924921153228,688.160830028272,534600
2025-06-05,675.9237670898438,700.5764622810876,669.7308358929712,696.467669653404,568800
2025-06-06,681.8984375,693.4903460951022,680.3502045849831,693.0040510975766,293500
2025-06-09,700.9536743164062,705.6380497337814,684.6971979449047,688.3097011358993,550300
2025-06-10,726.3208618164062,733.2382685476025,703.454579003122,707.3449993971033,901100
2025-06-11,715.3939208984375,735.3125714703152,703.8615572750878,731.0548854792131,564900
2025-06-12,713.15087890625,724.4946717719986,708.029759359202,708.0595621887678,322600
2025-06-13,667.9345703125,697.6388488630021,664.9472602424175,694.5721251441671,1027900
2025-06-16,701.2613525390625,707.3550023384213,676.0826219949026,679.2982387588116,613800
2025-06-17,685.6598510742188,705.3700638417869,684.6177816851225,694.7210027127325,430100
2025-06-18,688.011962890625,701.0727514706568,680.8861176941665,688.6173480746521,455200
2025-06-20,680.7273559570312,699.6534875411286,671.5569879066894,699.6534875411286,1074600
2025-06-23,687.3966064453125,689.7586625385557,666.1182936268841,680.7273143525272,480600
2025-06-24,711.1759033203125,713.7265288425867,695.3660472527461,700.5267828073019,709700
2025-06-25,717.368896484375,719.5225145772268,703.4844110598326,711.9103744585807,337400
2025-06-26,729.625732421875,738.3990926228977,713.5677604139371,722.509821606846,494500
2025-06-27,730.479248046875,739.8579322735299,719.5125333238888,730.5387931330015,562300
2025-06-30,727.4060668945312,737.4611198517415,719.2705200381887,733.4728983904653,396500
2025-07-01,742.911376953125,752.628311967243,718.3257199741535,725.2677753505749,587100
2025-07-02,760.2467041015625,765.8162525660875,731.762303203505,739.0524930982966,578700
2025-07-03,754.5179443359375,772.6588275883531,750.310886761388,765.8162052101933,400100
2025-07-07,737.1428833007812,751.2060690856918,732.6275729531359,744.1645208150316,450600
2025-07-08,757.1734008789062,765.9653952300654,746.0839603979558,749.0676598238416,504200
2025-07-09,747.0587158203125,774.6280708169912,726.0335648661645,757.869649114846,584700
2025-07-10,736.4267578125,752.2999998872547,731.4042092595142,752.2999998872547,386900
2025-07-11,732.0606689453125,743.5379453389926,721.0607650813165,735.1239509856798,383100
2025-07-14,717.2216796875,725.6158231334757,699.2399008892758,725.4666138813716,561100
2025-07-15,713.7208251953125,750.8877713981261,713.0544826201932,738.7142868381898,585700
2025-07-16,710.150390625,718.3057878616502,683.1379288366819,712.6467017019253,779700
2025-07-17,709.69287109375,713.8202859165142,699.6079515554873,706.0328734188582,431700
2025-07-18,721.2994384765625,721.8862594534341,702.0048837359327,715.978531689896,432700
2025-07-21,720.83203125,733.7514412617693,719.9766578664422,724.6312828259515,409700
2025-07-22,716.0679321289062,725.9837911857686,698.5039153588519,719.5588700755238,554200
2025-07-23,716.097900390625,717.5400340872577,704.1531459286217,713.9794686970151,401900
2025-07-24,709.1259155273438,716.903432853034,698.74263882416,713.5617039770378,343500
2025-07-25,710.7968139648438,714.3474238292464,700.1947612619063,707.743487374948,275900
2025-07-28,734.537109375,737.0434364925245,717.7985374323638,718.6340000393801,545500
2025-07-29,720.4341430664062,747.4067821512917,711.1150596583542,741.4692491824646,488700
2025-07-30,726.570556640625,743.4384255813292,722.104962967422,730.4693008532173,629600
2025-07-31,707.37548828125,735.9792313641277,702.1639693825326,727.2668188586589,1344500
2025-08-01,781.351318359375,798.6368887530515,707.5942944214444,735.9792000962118,1524100
2025-08-04,826.1167602539062,827.4494453433206,774.6678556614569,787.1197867143997,1360400
2025-08-05,798.4180908203125,829.9060381919219,769.9336928754616,825.4901606873332,988800
2025-08-06,801.4713745117188,803.0130011202377,785.777147005817,797.6423178408983,416400
2025-08-07,793.6044311523438,815.0472834291853,780.7347376350342,811.8646583452548,640200
2025-08-08,799.9198608398438,810.5716898070172,790.1830767505215,794.1812534677026,399400
2025-08-11,793.1767578125,810.9695674854921,791.495937959764,801.8493487591106,540400
2025-08-12,835.9928588867188,839.4141702552365,798.6369416053968,803.4108489163804,713900
2025-08-13,857.117431640625,860.4293552143022,835.4358932192122,841.0054415592639,543900
2025-08-14,844.197998046875,850.3444118024207,831.964842098322,840.9358514555713,582300
2025-08-15,821.9793701171875,847.2911004219352,819.3736106673871,847.2911004219352,575600
2025-08-18,845.6898803710938,848.6039530770292,818.5382257074343,819.1150913031953,563800
2025-08-19,840.209716796875,863.2836703572659,835.3960492188069,849.757591047822,557900
2025-08-20,821.7804565429688,842.9647102120001,801.5609032120902,836.2613419171635,673100
2025-08-21,816.280517578125,826.7930930004021,807.5880158881488,809.7959244293637,413000
2025-08-22,839.4141845703125,855.1183688478077,816.1811240780657,817.7724063076892,548800
2025-08-25,833.3074951171875,845.8191590144322,827.6782752881479,836.8381941446797,348000
2025-08-26,846.01806640625,853.3281059368003,835.2966103443526,835.2966103443526,404000
2025-08-27,861.6128540039062,865.2728514243591,838.9467054158393,843.2929561465972,326600
2025-08-28,853.7955932617188,870.2954177697918,852.7413551827971,862.269258700468,468100
2025-08-29,831.2188720703125,848.852515933215,820.6764312007614,844.7946677904227,568900
2025-09-02,819.1746826171875,820.4874569149649,796.6178620627113,806.7027804566329,517400
2025-09-03,823.0634155273438,825.7487571045594,805.1413085296455,825.7487571045594,432600
2025-09-04,843.5018310546875,845.5208303101897,813.127790150363,823.063500377169,424500
2025-09-05,861.1553344726562,862.5079303427925,841.7414376856708,849.011716367055,491500
2025-09-08,859.6237182617188,874.7212303366023,846.0379059773569,864.5865953477678,495400
2025-09-09,853.2088012695312,864.5966004060987,843.5217327864882,861.006229729961,281900
2025-09-10,850.5333251953125,864.9744494025963,841.4032125141556,864.1588976332313,751800
2025-09-11,835.8137817382812,855.9238867881661,825.8581615797425,850.5134427190557,576000
2025-09-12,829.6077270507812,840.3689440230916,825.4902071115241,840.3689440230916,329700
2025-09-15,845.0931396484375,847.9077191937872,826.4847782040762,833.4467438447845,393100
2025-09-16,852.3633422851562,855.5260562519243,840.0406496338452,842.9646773696899,401200
2025-09-17,872.8911743164062,879.6542748207214,845.3814926874435,851.7665923764032,408400
2025-09-18,912.7932739257812,919.3772993169414,885.2537250396852,890.4850938525854,853300
2025-09-19,911.3809814453125,918.3529026141373,888.217548545897,918.3529026141373,1232000
2025-09-22,917.7958984375,932.9431266258406,912.8031552422087,915.3990199107751,416300
2025-09-23,909.3023681640625,927.1846550929944,902.0917607632321,912.6540525409941,425500
2025-09-24,903.5139770507812,915.3294322930301,895.0104453531006,915.3294322930301,349400
2025-09-25,886.5466918945312,893.3097322962765,867.5504343605343,892.7726882123508,336500
2025-09-26,882.7275390625,887.6904164892564,872.2348739848018,883.7221056234861,304300
2025-09-29,881.772705078125,910.674803997158,881.1063018429398,903.583540276274,333100
2025-09-30,917.2516479492188,926.0790245950515,891.0882867554517,894.8543430446532,505700
2025-10-01,912.4991455078125,919.9416838750899,891.5963816302216,904.0304296658616,444000
2025-10-02,927.0853271484375,936.6499706378156,921.6454004376731,923.8373156403907,389300
2025-10-03,915.4483032226562,951.2958609400494,913.4257453602102,936.9787539641452,420400
2025-10-06,964.5369262695312,982.9987566098065,927.1849162928211,929.1476974160673,652000
2025-10-07,942.0101928710938,969.1599015098643,937.4171741876471,966.1311118691066,423000
2025-10-08,977.2898559570312,979.8603165731038,942.5083069451412,943.7039025489406,570100
2025-10-09,975.6459350585938,976.4927823655316,958.3996458026161,970.2459000375256,361400
2025-10-10,901.111328125,986.6055130987975,898.0725654171717,981.8231910393682,872600
2025-10-13,978.0570068359375,987.0238828887516,950.1500861907742,964.0387833094426,774000
2025-10-14,964.6864013671875,991.1685919529657,956.4667651045702,963.9789925970421,754100
2025-10-15,1004.2203979492188,1013.2171930440124,983.6762928498939,996.319590890718,631900
2025-10-16,1023.05078125,1037.6668331393398,1004.2203778454497,1007.7971918617717,517700
2025-10-17,1000.9524536132812,1020.5699270449693,991.1984463645435,999.2088944123099,502800
2025-10-20,1027.793212890625,1034.0700744741685,1014.8311471006599,1014.8311471006599,442600
2025-10-21,1024.884033203125,1031.888066920069,1008.6240307069347,1023.5389045690213,255000
2025-10-22,997.7144165039062,1018.9957873866717,977.1703123546222,1009.8196624871208,713000
2025-10-23,1066.859130859375,1072.0399443957667,1034.7775651269453,1041.1540352170784,727500
2025-10-24,1070.9539794921875,1087.891413391259,1069.5790535225974,1082.1027378982371,378600
2025-10-27,1100.9830322265625,1107.967242413133,1089.6747073711429,1093.241609407707,555000
2025-10-28,1082.3616943359375,1106.9409414768834,1081.9930609663961,1093.8093962631738,475700
2025-10-29,1090.0533447265625,1119.2455587407208,1086.48656420948,1091.9364034351242,817300
2025-10-30,1083.557373046875,1096.4596628671043,1066.819155574269,1066.819155574269,1262700
2025-10-31,1001.3012084960938,1034.5084973286114,932.4854057054725,1016.4053870337927,1646500
2025-11-03,1000.235107421875,1036.5609411557828,981.1257051982416,1026.2091661377901,828000
2025-11-04,954.3446044921875,973.3145068721261,949.5822286546845,962.5642407969005,866100
2025-11-05,996.4690551757812,1011.254403732335,953.1590112850326,957.5029500720132,697100
2025-11-06,954.5438842773438,1002.2974732973183,950.5785519039831,991.4874304393435,676700
2025-11-07,954.7332153320312,955.4804550208441,900.7326816583881,940.5256883190536,739900
2025-11-10,972.7167358398438,986.0773542269002,944.3814054516884,983.0187067266514,608300
2025-11-11,951.1962890625,975.1577628232997,947.6194750101024,963.6303379739373,580500
2025-11-12,954.8228149414062,977.3396732228896,953.4778078751945,970.4052672738285,543900
2025-11-13,920.88818359375,955.6398146877357,909.5899538449321,947.1710984335004,675800
2025-11-14,916.8032836914062,935.0857230009073,863.1913314573494,875.8744597940112,486200
2025-11-17,893.7086181640625,920.5992733563355,876.1833303486264,910.9249885378275,483900
2025-11-18,853.8060302734375,891.2178175123919,848.9040942647445,883.9546090161967,878600
2025-11-19,881.3941040039062,887.5613243792618,856.8048842819853,862.972104657341,843200
2025-11-20,854.0352172851562,914.0634743750398,849.5517789962853,905.2759280315898,1053100
2025-11-21,869.1393432617188,880.5372414529324,830.1135231495106,860.9794836383439,763000
2025-11-24,889.6834716796875,900.3042725222296,878.6442944484187,884.4229358861427,1145200
2025-11-25,905.265869140625,909.8987792567214,861.2684256671826,880.4376036011445,559700
2025-11-26,921.5457763671875,928.3506558942904,910.9748405771336,916.8032855978631,603700
2025-11-28,924.75390625,926.9757402133987,906.6807157009157,915.6774496797027,357500
2025-12-01,924.9332275390625,934.2388788687539,891.0982546268294,905.3754699580298,545000
2025-12-02,948.675537109375,960.3623459134568,928.1712638452806,935.1953652863052,603000
2025-12-03,954.4940795898438,958.6785730726444,930.3831341954925,950.7977121488154,464100
2025-12-04,949.2334594726562,955.8490357477058,928.5498562960303,946.603161318405,478800
2025-12-05,959.7347412109375,967.5458525584366,950.8774456701927,960.7011420013964,348100
2025-12-08,979.9600219726562,998.8103712540665,970.8735923379097,972.4378213637198,444800
2025-12-09,959.4059448242188,984.413541778186,953.8664104316732,974.9385329108353,440200
2025-12-10,975.4168090820312,985.6091388676645,959.4059462259075,964.9753385923042,446700
2025-12-11,977.86767578125,983.9552343438228,947.0515199230814,964.0587016485106,590900
2025-12-12,943.0264892578125,984.4633880240426,937.9053918381983,976.3932234604665,781600
2025-12-15,945.9058227539062,971.4115793858812,942.9666678644295,957.2638293496442,690800
2025-12-16,947.8585815429688,965.2742891618698,938.533044863689,944.3216591941748,577000
2025-12-17,908.8925170898438,962.5841926829673,905.6544785252595,956.0781967779992,855800
2025-12-18,926.05908203125,948.1275845346734,919.4833972817414,932.96356926139,731400
2025-12-19,933.6610107421875,962.7734999837226,933.6610107421875,938.4234474406112,5577200
2025-12-22,941.681396484375,972.457723199509,933.651063025177,972.457723199509,569200
2025-12-23,940.0773315429688,943.0264594040925,932.3857735417238,936.4208556957718,355300
2025-12-24,949.7416381835938,954.5538787745855,943.5644446349296,951.2361175513099,191700
2025-12-26,942.837158203125,956.9051858968161,941.1434027443134,956.9051858968161,221600
2025-12-29,926.6170043945312,945.7961555665363,925.4812463333263,934.5477298358849,446300
2025-12-30,920.5095825195312,931.7181776255013,919.7225119549882,925.9694550867488,287900
2025-12-31,904.551513671875,926.2182173598127,904.5216052062125,924.5116074158858,381900
2026-01-02,934.4417724609375,955.1902681172378,924.3319800391804,925.7591194417794,618800
2026-01-05,953.1244506835938,964.1324107665329,936.3679129125424,944.2720930211236,649100
2026-01-06,1003.3739624023438,1007.5755840856767,965.4298045093972,967.8549486020445,658900
2026-01-07,957.1663208007812,996.5974944341524,934.8708700241892,988.3040781943293,727100
2026-01-08,957.1763305664062,958.4537448754783,939.2221752955722,945.7790733200554,457300
2026-01-09,957.0565185546875,973.6833106317357,948.5136009320871,963.0745160123332,529500
2026-01-12,965.2301635742188,969.0525384912683,942.1164023688326,944.5715157699207,350200
2026-01-13,981.3180541992188,1002.7351952810301,968.8030367415832,974.5914516038737,341900
2026-01-14,981.6373901367188,996.6574094736144,962.1862884466594,978.593488010496,420900
2026-01-15,1007.525634765625,1039.8709400293026,1006.0386175207839,1012.036635465443,537200
2026-01-16,1031.1085205078125,1045.8988959950536,1017.4557631277323,1027.94480187161,547700
2026-01-20,1032.4259033203125,1052.8949900773398,1006.4877701355425,1007.4957646589129,661900
2026-01-21,1072.7852783203125,1085.639584119349,1041.8071725079578,1044.751237731575,601200
2026-01-22,1074.521728515625,1096.737322145858,1069.8010641069588,1090.4598338068106,409400
2026-01-23,1061.617431640625,1085.270092557839,1048.78310676312,1075.4597509370278,402500
2026-01-26,1066.0087890625,1075.100597551851,1049.8610188948974,1060.1405163652435,683700
2026-01-27,1093.3040771484375,1107.9648284429875,1085.8390220439858,1091.9567952697228,578700
2026-01-28,1159.4619140625,1169.2322971023466,1107.2861998074663,1108.2642249080773,667700
2026-01-29,1180.789306640625,1182.6855399704534,1118.7532992491363,1163.6036946325582,642900
2026-01-30,1121.906982421875,1186.288273904639,1111.617495721436,1151.4279169206163,1046100
2026-02-02,1170.8790283203125,1180.0507547333827,1097.8051544591842,1108.4638981080643,729300
2026-02-03,1162.5057373046875,1197.3660940737225,1140.4298788506533,1182.6455251734158,840300
2026-02-04,1134.5616455078125,1223.8532190981593,1106.7872184110854,1165.1704936834465,1263300
2026-02-05,1153.6834716796875,1176.6475701355985,1097.8051969034423,1123.354093484209,820400
2026-02-06,1227.3660888671875,1247.5058773549745,1167.2862545444702,1247.5058773549745,1556700
2026-02-09,1203.7733154296875,1238.4240080160355,1177.8650315917976,1213.5736675954838,660900
2026-02-10,1139.7413330078125,1194.8711022135285,1125.09057058773,1194.8711022135285,779600
2026-02-11,1194.3421630859375,1201.5976768562443,1152.0966673577486,1162.675492971366,768900
2026-02-12,1153.6236572265625,1222.7254947504496,1148.9329619154767,1203.8432014654816,726100
2026-02-13,1169.1324462890625,1171.038669230188,1133.823037859639,1146.7672504062941,434200
2026-02-17,1170.8392333984375,1188.972901228658,1137.3561262435312,1147.855155411598,446700
2026-02-18,1185.9488525390625,1200.5198181417688,1170.010747242085,1175.380017224762,357100
2026-02-19,1172.875,1173.2742262268678,1150.5496407675716,1167.944915487065,301900
2026-02-20,1201.6973876953125,1203.3441197509687,1157.9948464413776,1157.9948464413776,375900
2026-02-23,1187.685546875,1217.5657494964598,1169.0827244110249,1202.0367376899778,463200
2026-02-24,1211.2484130859375,1237.7753342633582,1159.4919037503817,1197.6156347164058,610500
2026-02-25,1229.4918212890625,1253.7134144534707,1217.805225428106,1224.3621844226477,435400
2026-02-26,1177.7752685546875,1237.2263537725028,1150.479864906434,1234.7313420710766,644500
2026-02-27,1140.4598388671875,1161.0586697310182,1126.348038312952,1153.7631971675457,805300
2026-03-02,1140.3001708984375,1142.3161598929025,1100.2602270449295,1105.8690086086335,540200
2026-03-03,1072.226318359375,1127.9250198545433,1066.6774755064182,1106.118519419655,820500
2026-03-04,1096.8271484375,1100.0007351707975,1077.845079489762,1080.479826525502,433700
2026-03-05,1076.2880859375,1090.879031005241,1049.6913592374724,1069.3520022883888,588100
2026-03-06,1021.118408203125,1060.2901515258407,1010.4398072069416,1037.296085465836,756900
2026-03-09,1059.8809814453125,1063.89297979391,986.0286343389536,1011.0286396564723,913300
2026-03-10,1053.7132568359375,1089.2023620435014,1037.9248762642242,1049.6814007357125,448000
2026-03-11,1068.9527587890625,1076.1384653135608,1051.7171991149205,1056.9468555240069,332400
2026-03-12,1031.817138671875,1047.3361610074144,1019.7413057627195,1043.8530124071333,485600
2026-03-13,1050.48974609375,1081.7673014950321,1040.7691899412978,1052.0666715084303,406100
2026-03-16,1075.250244140625,1094.8809178171205,1071.6274823548172,1076.687312372975,484200
2026-03-17,1064.53173828125,1082.8351105546196,1057.8949825931466,1067.715314829913,336300
2026-03-18,1073.14453125,1092.3161628811995,1068.473815570138,1078.4238933613444,581500
2026-03-19,1090.5096435546875,1101.8969107333571,1031.8768703121832,1039.3818847795021,364800
2026-03-20,1066.71728515625,1101.0686503346744,1048.8031497582926,1092.2561909808217,1035300
2026-03-23,1074.2022705078125,1106.66739070384,1072.7052635469636,1097.8051046225448,472800
2026-03-24,1099.3919677734375,1107.775231652429,1057.8849862453562,1066.6175274054003,429500
2026-03-25,1116.427978515625,1125.4898173883964,1099.661450724274,1114.0925597883481,308700
2026-03-26,1056.16845703125,1110.2203045781719,1054.9109613465882,1099.2822119070165,547000
2026-03-27,1050.908935546875,1071.2183067618575,1036.9668391706878,1047.1664179337918,537300
2026-03-30,1000.3400268554688,1055.7991536285067,994.0226402441458,1055.7991536285067,590200
2026-03-31,1093.3499755859375,1096.1600341796875,1008.3800048828125,1008.3800048828125,815400
2026-04-01,1119.510009765625,1138.4200439453125,1095.010009765625,1100.75,668200
2026-04-02,1118.489990234375,1125.72998046875,1071.8900146484375,1071.8900146484375,344000
2026-04-06,1180.030029296875,1182.5699462890625,1128.030029296875,1128.3499755859375,499400
2026-04-07,1191.219970703125,1194.72998046875,1153.1700439453125,1179.2099609375,438900
2026-04-08,1312.93994140625,1322.6199951171875,1251.97998046875,1255.260009765625,1012900
2026-04-09,1334.2099609375,1340.1099853515625,1303.93994140625,1312.93994140625,554800
