Price,Close,High,Low,Open,Volume
Ticker,ODFL,ODFL,ODFL,ODFL,ODFL
Date,,,,,
2021-04-12,121.5147933959961,122.23211285451703,120.45101053025851,121.64654047917271,1343400
2021-04-13,121.17810821533203,121.91494337984996,119.8654621212608,121.91494337984996,1305000
2021-04-14,120.96340942382812,121.75880636798868,120.42176006878657,121.48554317010532,1034800
2021-04-15,122.03694152832031,122.66154522488051,120.63158693399154,121.54409238449396,1113400
2021-04-16,122.66154479980469,123.64237348939955,122.57371339552876,122.94456951224389,1512800
2021-04-19,120.97315979003906,122.68106206510102,120.53398045179102,122.64690044558553,1216800
2021-04-20,120.84142303466797,122.72011879216937,119.87035577480104,121.94912190098617,1200000
2021-04-21,120.38272094726562,122.04183062874367,119.59708553340893,120.82677736506804,2034200
2021-04-22,122.35899353027344,124.48655200075797,120.52909831297124,120.52909831297124,2113400
2021-04-23,125.7796859741211,126.51164408171402,123.315425522719,123.315425522719,1575400
2021-04-26,123.69605255126953,126.61412367731236,123.01288713137045,126.22375194692829,1251200
2021-04-27,126.0724868774414,126.21888746833766,123.99373549062449,124.3889917701045,1026600
2021-04-28,125.51620483398438,126.22864004766052,124.6476149485704,125.5113203468272,992200
2021-04-29,126.53604125976562,126.92154337991899,124.9794091038715,126.24325502789884,666000
2021-04-30,125.8041000366211,127.44369422043442,125.28685074387559,126.23840240241915,936600
2021-05-03,127.68763732910156,128.29271783207722,126.00412800488914,126.29202969232831,1039600
2021-05-04,129.1905975341797,129.61024634037045,126.89712299048071,127.02888497192768,1160800
2021-05-05,128.88807678222656,129.9762450651395,128.1219569896557,129.9762450651395,745600
2021-05-06,129.2930908203125,129.3760526344038,127.53638818177683,128.96615783403342,833000
2021-05-07,131.54261779785156,131.7085264935991,128.72214018669564,129.84935433407148,722000
2021-05-10,131.81593322753906,134.72424337997882,131.62561692084628,131.94281076533426,1138200
2021-05-11,128.8929443359375,130.77650929946137,127.59493689692836,130.45933044555025,1591000
2021-05-12,125.10628509521484,128.51720519202271,125.04773082789686,128.28785771720985,1745000
2021-05-13,128.81002807617188,129.07840684166132,125.15512089763439,125.15512089763439,1222200
2021-05-14,131.54261779785156,132.074505499675,129.02956493447522,129.5175369425764,763600
2021-05-17,131.86473083496094,132.508842810832,130.92293318647384,130.92293318647384,1010400
2021-05-18,129.3223876953125,132.46006027388384,129.2394407602884,132.09895071779778,1358600
2021-05-19,128.8978271484375,129.2345290885452,126.15054184464147,127.3509639318631,1562600
2021-05-20,129.117431640625,130.43983197462515,129.02960022915516,129.73715089941055,898400
2021-05-21,128.30738830566406,130.51790137709736,128.13171060166647,129.29308661076746,1484400
2021-05-24,129.16134643554688,129.4346096415669,127.93653160346321,128.95152199016147,1581800
2021-05-25,127.52173614501953,131.02050248439232,127.31679621234343,129.6541866274652,1415400
2021-05-26,128.17564392089844,128.54162301263486,126.18959380906092,127.69742588000767,1117800
2021-05-27,128.98081970214844,130.98150876601713,127.69745039144122,127.78039732878909,5651000
2021-05-28,129.53221130371094,129.72739718254675,127.76087004211307,129.16623219649577,1233200
2021-06-01,130.80189514160156,131.48556828206833,130.35261570474813,131.1779116431191,1271000
2021-06-02,128.63853454589844,131.40252594278363,127.87671040445271,131.30975504975953,1396600
2021-06-03,129.00967407226562,129.99124236636274,126.71935798800972,128.14042935755347,1731200
2021-06-04,127.1002426147461,129.85448728538105,125.03457401472352,129.57612991703851,1443200
2021-06-07,124.17998504638672,127.92067897916714,123.2326116314348,127.7204577751325,1704200
2021-06-08,124.72205352783203,125.21039360813126,123.18866597375158,124.64392477810765,1393800
2021-06-09,121.97269439697266,125.09318696781082,121.69922516564377,124.80017996197118,2082800
2021-06-10,121.30855560302734,123.01774580612447,120.91788206630956,122.80287498835578,1385400
2021-06-11,122.58798217773438,123.18863825493419,121.67478881752655,121.67478881752655,1315000
2021-06-14,122.14851379394531,123.68190143745952,121.6064559751389,123.0617074128932,1062000
2021-06-15,123.750244140625,124.24834558744458,121.9971052871554,122.55381260237752,1033800
2021-06-16,123.27656555175781,123.96512682255161,122.14850120893449,123.85280324403998,934200
2021-06-17,121.689453125,123.71606126652854,120.0779295375974,123.34492552669639,1083000
2021-06-18,120.30256652832031,121.46969887438168,119.91677374090926,120.51254915954918,1751200
2021-06-21,122.7686996459961,123.09589407425919,120.83975771793455,121.18648247178356,995000
2021-06-22,123.51583862304688,124.80994415679402,122.54892746249295,123.07633558228893,993000
2021-06-23,123.53050994873047,124.5950877467077,122.65637703246715,123.47679224185687,642200
2021-06-24,123.11052703857422,124.89784592147349,122.73938383930695,124.21905356407605,1045800
2021-06-25,123.84793090820312,124.99064493400286,122.97868614141751,123.24238651218728,2427600
2021-06-28,124.8099594116211,124.87344600693721,122.6270786426686,123.76002376140667,1065200
2021-06-29,124.54135131835938,125.23967395126374,124.0774298022683,124.65855560250459,1208800
2021-06-30,123.94071197509766,124.9662216571583,123.59398724473644,124.47788158432614,1778200
2021-07-01,125.99173736572266,126.28961765336219,123.72095903332702,124.10674440785078,1513400
2021-07-02,125.99173736572266,126.7779577206712,125.68896890846406,126.5337876870167,981000
2021-07-06,124.29718780517578,126.41169358739387,122.81751810366336,125.93312989370823,1382400
2021-07-07,126.56310272216797,126.76819720627378,124.30207835813358,124.64392236891831,1305000
2021-07-08,125.22991180419922,126.49959879505018,122.80774210597615,124.83923831074684,1200200
2021-07-09,127.25162506103516,127.52022099102614,125.91357828867149,126.66073785978051,1277400
2021-07-12,125.80616760253906,127.25653821985686,125.04435827858995,126.83168473953405,1311600
2021-07-13,125.78662109375,126.6412161647545,124.92715275634939,126.53378075971,1004400
2021-07-14,126.36287689208984,126.99282483037591,124.99063508382217,126.0014951188346,996200
2021-07-15,126.38724517822266,127.62274449832603,124.8294397437944,125.27383083007793,826600
2021-07-16,124.00907897949219,126.9879563969672,123.77467783152834,126.3921809134722,1499600
2021-07-19,122.15827178955078,122.54406463744735,120.46373106370076,122.34872412855083,1166400
2021-07-20,123.56957244873047,124.66833764548437,122.10944035621256,122.4756954217972,1144400
2021-07-21,124.23858642578125,124.47298754924914,122.51474674922889,124.0237156244868,865600
2021-07-22,124.6927261352539,125.2250149141304,124.13601886758525,124.65854621212617,580600
2021-07-23,127.49580383300781,127.70091319544004,124.248345732338,124.7757538397125,833600
2021-07-26,126.3726577758789,128.46764109862548,126.07477745110523,127.53490966543508,900600
2021-07-27,126.61193084716797,128.16486367283633,125.17620977810817,125.87454743900079,1573600
2021-07-28,126.4947280883789,126.64611231826414,122.23152135181607,123.77467776566984,1652000
2021-07-29,130.87025451660156,133.50241472628818,126.84633698802573,127.39816366815411,1346200
2021-07-30,131.43670654296875,131.75901272770275,129.74705433477592,130.4698028917207,1014000
2021-08-02,130.28419494628906,132.04709468103314,130.05467461680954,131.47085722504616,885400
2021-08-03,133.71728515625,133.77588358175993,129.56150627934284,129.64940391760774,1061400
2021-08-04,132.02761840820312,133.86867006906965,131.7150885029121,133.8002953036567,979600
2021-08-05,132.92129516601562,134.19098242718988,132.2864589869072,132.77967236189178,776800
2021-08-06,133.18008422851562,133.74656041190377,132.43781280008668,133.3021692274453,525800
2021-08-09,132.92129516601562,133.42428488105128,131.81276848610995,133.26801246980824,585800
2021-08-10,133.0286865234375,134.498594530342,132.70638037061363,133.1654211122459,829800
2021-08-11,134.9429931640625,135.0650781708672,132.8284874035054,133.08730702181316,824200
2021-08-12,136.27130126953125,136.8133665393203,134.55234945325884,134.55234945325884,635600
2021-08-13,137.22352600097656,137.5555935903913,135.54363538011629,136.14917214939643,658400
2021-08-16,137.5556182861328,137.6386426498684,135.27507865500746,136.46174137028453,683400
2021-08-17,136.63754272460938,137.1503087289994,134.39606363924077,137.1503087289994,667800
2021-08-18,135.01133728027344,137.78023116349956,134.79157835671762,135.92453053944922,1126800
2021-08-19,136.49595642089844,136.6522139384433,133.1850108891493,133.81984710587568,1001200
2021-08-20,137.96096801757812,138.68370183605504,136.39827371829878,136.67663115523197,783800
2021-08-23,138.75694274902344,140.11940069740552,138.1318532061679,138.3857995586917,710400
2021-08-24,139.43576049804688,140.1926817588575,138.64465185050065,139.31367546224138,533200
2021-08-25,139.69454956054688,140.3342738157206,139.0450638697132,139.05482530537313,701000
2021-08-26,139.71409606933594,140.48079355079665,138.56649393195144,140.48079355079665,883800
2021-08-27,141.5111541748047,142.87362684722044,139.25013775696422,139.8703390491473,876400
2021-08-30,143.49383544921875,143.81125349437104,140.52473456571985,141.51117608065832,859600
2021-08-31,141.0895538330078,144.04601710121278,140.81100687153807,143.4644955134865,2022400
2021-09-01,143.12730407714844,143.62574468766363,139.70170487905798,141.67105457302864,1131200
2021-09-02,146.54803466796875,146.61154957960943,143.26415416592909,143.66974586630272,1272400
2021-09-03,147.16375732421875,148.66398585485655,145.4827223093024,146.66531661784776,913800
2021-09-07,147.55960083007812,148.53206962101547,146.47474686518464,147.47653482438074,1366400
2021-09-08,146.46987915039062,147.3348244926235,144.5005286931661,147.3348244926235,1207000
2021-09-09,141.54400634765625,145.03313564168957,139.4964670945567,144.88652492341822,2359400
2021-09-10,142.42852783203125,143.70397121622977,142.11578508768716,142.6484364919949,1379200
2021-09-13,141.65155029296875,143.79193906170053,140.42497706862542,143.79193906170053,1242600
2021-09-14,141.0602569580078,142.25261948484345,140.69864394864356,142.25261948484345,1138000
2021-09-15,142.09622192382812,143.38632478145715,139.38897147000094,141.46583007689102,1424200
2021-09-16,142.4480743408203,143.0931258037731,141.79325479380051,142.2281656879165,861400
2021-09-17,141.54400634765625,142.6728387867604,140.7376995930252,142.05222999407778,1978200
2021-09-20,142.44317626953125,142.54091675811304,138.69994223604084,139.07133819692595,1287400
2021-09-21,145.72219848632812,146.64089059358966,143.10290517848443,144.06559095028214,1834200
2021-09-22,145.0038604736328,147.0465088485817,144.61780485209303,146.08871450032228,1122200
2021-09-23,146.44053649902344,147.84790117433508,145.7515062874815,145.76127437155742,1046200
2021-09-24,148.05316162109375,148.16067020661166,145.33125122969992,146.03983257694614,805000
2021-09-27,145.88343811035156,148.5955652132205,145.51693364168793,147.90165843722284,917600
2021-09-28,143.43026733398438,144.95492311692095,142.76566499267048,144.8767337289369,930000
2021-09-29,143.26419067382812,145.2482007626124,142.22819196024437,144.67644710731167,914600
2021-09-30,139.75062561035156,145.26772971495922,139.43786792071288,144.17310762743872,1729200
2021-10-01,139.53070068359375,140.70840355566244,136.3445603851442,140.493386397345,1021400
2021-10-04,138.47027587890625,140.24905149518477,138.05491605409162,139.46229568167334,1085800
2021-10-05,141.51962280273438,142.19399354294683,138.8710100965435,139.40366157217747,1440000
2021-10-06,143.10289001464844,143.24460925186418,140.07312868117637,140.81590570401167,675400
2021-10-07,143.53292846679688,145.39477003279018,143.03448774254304,144.01670960836987,1162800
2021-10-08,140.5764617919922,144.5640173223987,139.5404632911664,143.3569953318513,1072600
2021-10-11,140.22462463378906,141.68085960458603,140.08290538784973,141.2117380303975,556200
2021-10-12,139.64796447753906,141.22149085670293,138.6217639410836,140.6546288472975,745400
2021-10-13,139.15933227539062,140.26862895133243,137.99141216923366,139.8483626356635,776000
2021-10-14,144.44186401367188,144.62268543205747,140.02915031526342,141.05536592461328,1079800
2021-10-15,147.828369140625,148.94254219376532,145.50228253842968,145.81991678049357,1243400
2021-10-18,150.3499298095703,150.47697456528218,147.82837699468251,147.82837699468251,874000
2021-10-19,150.52584838867188,152.1922240542942,149.2015495719389,151.61559385815005,619800
2021-10-20,153.04249572753906,153.44321087648927,150.51117499986844,151.3419244634866,977600
2021-10-21,155.7350616455078,156.37522151553878,153.24772006784866,153.72173305459177,1116400
2021-10-22,157.22064208984375,158.25173412491944,156.37523311708694,156.37523311708694,1081400
2021-10-25,158.67201232910156,160.37258357358448,157.30371998789423,157.6018180534019,1085600
2021-10-26,159.1900177001953,161.0176487591367,158.40324692716368,159.95234589125678,1129000
2021-10-27,158.27615356445312,160.89543117796018,149.10376059346086,153.8194475451375,1261400
2021-10-28,163.71510314941406,164.13047787772322,159.52229844294106,159.57116868976078,843800
2021-10-29,166.80845642089844,168.18162573952844,162.6302952044014,162.6302952044014,1046400
2021-11-01,168.55783081054688,169.19799070250278,166.34903609970777,167.98120074060404,1051000
2021-11-02,169.52540588378906,170.74708732922315,165.83104238584465,168.67999695483138,952400
2021-11-03,170.2193145751953,170.63958075213137,167.24819182707458,169.17356300054269,1091200
2021-11-04,173.60585021972656,175.20869591343458,169.36905178713272,170.39037583493362,1311400
2021-11-05,170.4636688232422,176.23490636664272,165.9141277812924,174.4707903982572,1689400
2021-11-08,171.74398803710938,172.0127519968629,168.32815648580643,170.9865365733517,1047800
2021-11-09,171.9834442138672,172.76532339366187,169.50097893650192,169.50097893650192,1409200
2021-11-10,168.59693908691406,172.37436875371768,167.68800029292595,171.9834366375943,999600
2021-11-11,170.72756958007812,170.88394841476702,168.6213915500273,169.52054747982874,594600
2021-11-12,174.64187622070312,176.70407589826738,170.91819211449638,171.03546880662591,1044800
2021-11-15,175.76577758789062,176.176260829958,173.6791507124383,174.55875552928183,985600
2021-11-16,176.5818634033203,177.91105359537323,174.0065490175958,174.94480705855904,1151400
2021-11-17,176.37661743164062,177.4077244864107,173.3077537610002,176.50367709387635,978000
2021-11-18,172.01278686523438,177.14874160888775,171.87106760947657,176.4743709106485,1588600
2021-11-19,171.92481994628906,173.1465016042899,170.63471695714918,171.80265178048896,1492800
2021-11-22,173.17091369628906,175.89282376463728,172.5160941760713,173.19046477672828,960400
2021-11-23,173.454345703125,174.73954211684324,170.81062514194537,172.8483815369289,1110400
2021-11-24,175.35040283203125,175.64360940865598,170.86928292168366,172.53076697174902,885600
2021-11-26,172.04208374023438,175.45302404286778,171.0403108208737,172.27665196973723,744800
2021-11-29,174.5636749267578,178.28246728039983,174.16295970506437,175.34066278553897,1376200
2021-11-30,173.6591033935547,175.74689919719862,172.57852108158642,174.72500298858824,2610200
2021-12-01,171.3366241455078,177.59513283083794,171.3072736303228,175.88871446959922,1873600
2021-12-02,174.5782928466797,175.33127442330323,169.18033574551302,171.19479237255626,1261600
2021-12-03,175.52200317382812,177.71247373483263,172.39762817500244,175.14062553712026,1267400
2021-12-06,172.66163635253906,176.9692527365772,170.32447326929886,176.28473079364352,1617400
2021-12-07,177.9764862060547,182.66058606328826,173.8644452698946,174.39739504515623,2010000
2021-12-08,174.46095275878906,181.04706094719546,174.0942429819768,178.1524918767821,1531000
2021-12-09,173.45372009277344,176.84211476459848,173.2679180897368,174.35337959880363,1324400
2021-12-10,174.2067108154297,176.15270786822992,173.45862344699222,174.24581996059126,1311800
2021-12-13,175.49267578125,176.7150419715975,170.48097440082535,176.35810567228958,1771000
2021-12-14,172.1482391357422,175.04770258070965,169.297688235728,174.52942059888892,1176800
2021-12-15,172.8767852783203,174.2800590836374,171.12146946193556,173.03325171023045,1142200
2021-12-16,171.71798706054688,175.89847294371748,171.21437284953308,173.91335169087006,1483400
2021-12-17,166.54493713378906,171.16548704716712,165.54260288154543,171.13125721457345,2370600
2021-12-20,163.2347412109375,165.5083387441055,159.97835674374286,164.075729526082,1572800
2021-12-21,165.9679718017578,166.1880036564297,162.25687031365337,164.4620084920729,1091000
2021-12-22,168.2122039794922,168.50557475945797,165.4594337759823,165.7723665870012,1192000
2021-12-23,170.30490112304688,170.80851526416984,168.51535570042182,168.66692787444708,787800
2021-12-27,173.86935424804688,174.00136441299475,170.80365056888627,170.80365056888627,601200
2021-12-28,174.3778533935547,175.29218078531702,173.585747681829,174.3191672908097,741200
2021-12-29,176.416748046875,176.83724970683207,173.94757471426166,174.61742888972714,541800
2021-12-30,174.19692993164062,177.44843545448074,174.02581062745753,177.44843545448074,488200
2021-12-31,175.2285919189453,175.86911043136817,172.8718669762744,174.07467079605482,589600
2022-01-03,169.35638427734375,176.02072696630756,167.27346756670798,175.07216963282775,1576800
2022-01-04,173.56619262695312,174.27027661307378,168.2317857911514,169.72306629258972,1725800
2022-01-05,167.35658264160156,173.54664620557554,166.945869432994,173.08703536991595,1783200
2022-01-06,167.3125762939453,167.9579891481088,165.0291899520099,166.77962648786595,1536200
2022-01-07,162.6235809326172,167.08766409776646,161.97327384337243,166.6231590340202,2020600
2022-01-10,161.43544006347656,161.6505627525463,157.47985054164437,161.0345004328111,1920400
2022-01-11,159.13739013671875,159.89525111066934,155.57786083573654,159.3036301270866,1766000
2022-01-12,158.56532287597656,160.53089709409008,155.67566257648497,160.37443065376502,2267800
2022-01-13,155.40182495117188,160.01260076054228,154.72709146533543,159.81701026689262,1835600
2022-01-14,154.56573486328125,159.26451756543483,151.56849101897404,157.9639183400662,3026200
2022-01-18,153.41183471679688,155.21115397535277,151.77386121266326,151.77386121266326,1937800
2022-01-19,152.76150512695312,155.48004564951546,152.0916510123537,153.83719306960376,1537800
2022-01-20,150.10166931152344,155.77834548380127,149.8620903204629,153.70520234223574,2691200
2022-01-21,145.12416076660156,150.17009053430343,144.76722456966516,149.81315433736702,13531000
2022-01-24,151.10885620117188,151.6809299684855,143.29060921711783,144.234272045894,2863000
2022-01-25,146.66928100585938,149.47094979974014,145.2122150760142,148.20945948400754,1713000
2022-01-26,142.8065948486328,149.36824792586523,141.79447210452898,147.8525258508827,2019800
2022-01-27,139.8289031982422,145.87716805367165,139.34973033274062,144.70369962463542,1822400
2022-01-28,143.50088500976562,143.51067348824,137.42817861868804,139.93158198851114,1642200
2022-01-31,147.62757873535156,147.68624991423465,142.72344708091157,143.21728770561026,1797800
2022-02-01,149.7104949951172,152.45347705593252,146.25364046790105,149.011305244885,2454800
2022-02-02,158.52622985839844,158.84404208914512,148.92331373706662,151.57341024945217,3053800
2022-02-03,160.20326232910156,163.1662759005281,157.21091317153872,157.93943842968596,2519600
2022-02-04,151.36802673339844,159.90504200362108,150.53682676900615,158.63377832232985,1841800
2022-02-07,149.56381225585938,152.88864160270353,149.08953368018263,150.95729747295232,1229000
2022-02-08,151.85208129882812,153.48026618394422,149.0455189221444,149.94029915639635,1421800
2022-02-09,154.4581756591797,155.21115734624527,152.2823729787437,153.7394238036764,1147600
2022-02-10,150.18963623046875,154.7319364535472,149.05527727339427,151.66624863257778,1345000
2022-02-11,144.55699157714844,150.7128245964111,143.64266425096818,150.57592020941286,1722800
2022-02-14,143.7257843017578,145.7451201756798,142.7087675465814,144.88458475375168,1377600
2022-02-15,145.5153045654297,147.85248225839175,144.13159306968518,146.45898228668716,1174200
2022-02-16,145.34910583496094,145.61803533536593,141.51088813922908,144.12673970983323,1148000
2022-02-17,141.66734313964844,144.55701852094242,141.34953092360797,144.2196442684106,1372000
2022-02-18,140.79698181152344,143.37861785178393,140.4107249520709,142.09758084731354,1186600
2022-02-22,140.1320343017578,143.30529150613145,138.48428740259024,140.64542202781243,1671000
2022-02-23,138.11756896972656,141.49619000577803,137.76063276599032,140.56718001269167,1592400
2022-02-24,144.06805419921875,144.43476400029675,135.72173554553305,136.92943375394165,1674000
2022-02-25,148.54676818847656,149.15795103870448,142.89455038328535,143.13412928570867,1666800
2022-02-28,153.5438232421875,154.27234853616824,146.83547865567306,146.8794820370418,2895000
2022-03-01,151.77703857421875,154.25347175082166,149.6187214502826,152.58946745279562,2952400
2022-03-02,155.61895751953125,156.77886621546858,151.99729720125964,152.86845345297144,1457400
2022-03-03,158.7903289794922,160.1215352436623,155.74617424708904,155.74617424708904,1945600
2022-03-04,155.78538513183594,160.70399036229117,155.3302336497035,159.35810172417607,1360600
2022-03-07,147.80792236328125,156.35308635787374,147.46042768026712,155.7560006988496,1859600
2022-03-08,146.5060577392578,150.68565673530202,144.9790887215027,146.82417379533558,1804600
2022-03-09,150.18646240234375,151.29254275263784,146.80461008145087,150.01028054250702,1761400
2022-03-10,151.59109497070312,152.41332188194187,147.22063132221618,148.25330267913898,1175000
2022-03-11,149.94667053222656,155.40363389337008,149.3251051650784,153.60747785992456,1239400
2022-03-14,146.1194305419922,150.47521179405453,144.92525928604763,150.17177752890495,1392600
2022-03-15,151.2142333984375,151.87494523848602,145.68386156695053,147.64640141075859,1797600
2022-03-16,158.27647399902344,158.28627183723358,152.16369832837245,152.16369832837245,1480600
2022-03-17,157.97303771972656,158.19327997644797,155.114861980035,157.54235104436927,935200
2022-03-18,160.67457580566406,161.0318533259901,155.31060369674978,158.16389506952052,1919400
2022-03-21,156.5096893310547,160.03346076635674,154.18007417822196,159.07421361813724,1310000
2022-03-22,158.0415802001953,159.17212537930496,155.8832626030595,156.96486339355258,955800
2022-03-23,154.013671875,157.07740787708917,153.38722263776458,157.02356457784416,898800
2022-03-24,154.98272705078125,155.72663090159486,153.54873278048856,154.835893899671,771200
2022-03-25,153.55853271484375,155.69726938389093,149.37403429060743,155.05613827509237,1276400
2022-03-28,154.62057495117188,156.22585241406375,151.40512110552632,153.96966084599512,1329600
2022-03-29,156.6858673095703,156.8963117157112,152.6971467517581,155.68257472347332,1510200
2022-03-30,152.3643341064453,156.04962005928508,151.18484485251832,155.5748879938931,1239200
2022-03-31,146.17813110351562,155.44763099595113,145.98236854266554,153.31867767435705,2295400
2022-04-01,136.30178833007812,146.98568854200414,135.44041497807422,146.51585532078784,3912800
2022-04-04,135.91514587402344,137.45679685208057,133.3946669815518,136.09134266519695,2872400
2022-04-05,131.80894470214844,137.8336281395395,130.6539202229709,135.55785667177332,4405600
2022-04-06,128.50054931640625,131.642594029057,126.66034774415402,130.07646312470644,2753200
2022-04-07,129.2003936767578,130.02262052625088,125.87728345803136,128.1187929472572,1966200
2022-04-08,127.20357513427734,128.53478160870316,125.94087884282443,128.53478160870316,3582400
2022-04-11,126.31773376464844,128.56904074860333,125.93599151044462,126.71415783879365,1887800
2022-04-12,127.24761199951172,129.6995803793964,125.78426924094987,127.15952108347108,2331600
2022-04-13,130.4679412841797,131.1922791797098,127.50699338147929,127.58040247392893,2440000
2022-04-14,129.5723419189453,131.37338165169524,128.45157980306269,129.91493765468425,3177000
2022-04-18,129.8855743408203,130.86440223314233,127.88385815758085,128.88716570864793,1881400
2022-04-19,134.01132202148438,134.66223595783927,129.69468769914943,130.2477278137716,2647400
2022-04-20,135.5187225341797,137.50085803357783,134.39796038379774,135.13698024281638,2629200
2022-04-21,134.62799072265625,139.27742352146598,134.02602108757188,136.09623265912248,2195000
2022-04-22,131.6670379638672,134.70629449429538,131.43701280366136,134.2119965476028,1544400
2022-04-25,136.9478302001953,137.09464842712077,131.15805416817562,131.15805416817562,2643400
2022-04-26,133.17446899414062,137.6379383135545,133.15978716797326,135.58239303572267,2784800
2022-04-27,133.11570739746094,137.61832211482218,128.9801681111884,134.70630287734954,4109000
2022-04-28,143.03611755371094,144.10303631857835,134.53988410533736,136.61011037125425,2972200
2022-04-29,137.09461975097656,143.76533362069304,136.6394684069817,141.04419352216888,2189200
2022-05-02,137.0554962158203,139.703227660668,133.7910983719041,137.300203207739,1859000
2022-05-03,137.78961181640625,139.0669750952417,135.60681477991724,137.47149572646757,1381200
2022-05-04,142.42921447753906,143.70169348564988,137.58891922590448,137.58891922590448,1665200
2022-05-05,138.65098571777344,140.73099530016412,135.70961761756013,139.55640464078374,2018000
2022-05-06,137.20230102539062,139.01313856287442,132.67522211740916,137.83854810362484,1624600
2022-05-09,132.7290496826172,136.00811370365116,131.99002994743415,134.98524049095894,2104600
2022-05-10,134.17771911621094,136.49753626599986,130.35539768085374,135.19080949266072,2065400
2022-05-11,132.54798889160156,136.4143714939547,131.5936405397676,133.35553395141594,1507600
2022-05-12,131.97048950195312,133.776428457927,127.92304087219708,131.3391412245992,2269400
2022-05-13,133.66876220703125,136.14031210730133,132.37671688875727,132.9346411360913,1668200
2022-05-16,128.46136474609375,133.00800908434002,128.1383497825794,132.82692833261078,1526800
2022-05-17,132.98355102539062,133.15484888464636,129.39125464256665,130.59030978590158,1252200
2022-05-18,115.73174285888672,130.38480094598543,114.91931373055621,130.1792404699635,3704400
2022-05-19,116.7105484008789,120.03366592512224,113.20634263210509,114.757783999294,3008400
2022-05-20,119.01568603515625,119.58340803452857,114.48371534634137,118.02707518933654,2142400
2022-05-23,122.38285064697266,122.90162823701537,119.0499428558161,119.99940710983279,2041400
2022-05-24,120.63074493408203,121.41870167027787,117.95854902375807,121.28656528433254,1538800
2022-05-25,123.01908874511719,123.97344443833019,119.23592106491174,119.36805745237376,1664800
2022-05-26,127.71748352050781,128.77951855756694,123.64556259660561,123.64556259660561,1518000
2022-05-27,129.27381896972656,130.35052079030308,128.0404861514613,128.36840009770492,1852400
2022-05-31,126.52995300292969,128.39184951945057,124.15849802954682,127.54419533314123,4180600
2022-06-01,126.1281967163086,128.93082821949164,125.13354984902277,126.50546857055417,2236000
2022-06-02,131.0572967529297,131.52766418167516,126.1330849314899,126.1330849314899,1339200
2022-06-03,131.40518188476562,132.68890212704588,128.79853538898516,129.78828531067612,1618600
2022-06-06,131.82655334472656,132.4733179752288,127.47562798709693,131.14550214424833,1974200
2022-06-07,130.84170532226562,133.320954454635,127.09343459468826,129.81276444831818,1559800
2022-06-08,124.39369201660156,129.6706680313424,123.75672897843066,129.34728576139102,1659800
2022-06-09,123.60484313964844,126.77005542420619,123.15407123876706,123.69303422887599,1364000
2022-06-10,121.11090087890625,122.97769470666829,119.3029160696156,121.26279800937704,1697200
2022-06-13,117.4459228515625,120.32695167353084,116.6227760317751,119.04812841850982,2137800
2022-06-14,117.33322143554688,120.51313227099854,115.91720716818277,118.97462539408266,1552200
2022-06-15,118.6953353881836,120.9834963744588,116.75995370581452,118.19066644883144,1400800
2022-06-16,115.1185531616211,116.9412437930287,113.91812708119787,116.02009697516417,2044800
2022-06-17,113.7221450805664,116.71096035670531,113.5261524136413,115.2900490341883,2964400
2022-06-21,116.78447723388672,117.72521974157902,115.16266852141857,115.87802877512418,1490600
2022-06-22,115.48603057861328,116.74525819114974,114.56489124039291,115.29494240711674,1247600
2022-06-23,121.32647705078125,121.52736672400053,115.41253777202299,116.54436828372074,1696400
2022-06-24,126.27520751953125,128.58296456434005,122.49263437201486,122.62002402027322,2610000
2022-06-27,127.42173767089844,130.30767133411726,126.65738482330761,129.13663456405735,1746800
2022-06-28,122.84539794921875,129.69028607522694,122.50242011238333,127.07873507295322,1391800
2022-06-29,125.08455657958984,125.8391078052447,120.47394019115524,123.62935117842379,1418800
2022-06-30,125.56961822509766,127.25021317150096,122.05653122245387,122.99237651589074,1955200
2022-07-01,127.88719177246094,128.19097105863065,123.47255323885486,124.87386902308022,1622000
2022-07-05,126.9121322631836,127.2159264825625,123.66853048907579,126.26047818656049,1426200
2022-07-06,129.44532775878906,130.71434975717702,126.67699699302595,128.59278374083092,1174000
2022-07-07,134.1000213623047,134.31560956890962,130.0969559765895,130.47424281450432,1597800
2022-07-08,133.771728515625,135.1877503107823,130.76331769116177,133.71293445333822,1338200
2022-07-11,132.06173706054688,132.96328090971915,131.28759031543228,132.11564158638348,1158200
2022-07-12,128.7691192626953,132.9681691674405,128.47513403298683,129.93525120382267,1914200
2022-07-13,122.15943908691406,127.07873175591486,121.2970862895445,124.64358543976807,2029800
2022-07-14,122.93358612060547,123.37456402291977,119.30780768658629,120.6307264408173,1340200
2022-07-15,125.09435272216797,126.8141537635611,123.90862514617059,124.58478675057171,1457600
2022-07-18,128.1272735595703,129.39139075010453,125.87340648346768,126.20658280311712,1479800
2022-07-19,132.6105194091797,133.21809302714755,128.20568918065993,129.3669169307986,990800
2022-07-20,135.53562927246094,135.71202641740115,131.70405660124376,132.40472573871543,1252600
2022-07-21,138.2598419189453,139.50927539281926,135.17303442388686,135.71689438285887,2172200
2022-07-22,136.68214416503906,139.19569481186306,135.97658556408106,138.41664363845334,1770200
2022-07-25,135.0113525390625,137.43180777661323,133.72763234277275,136.11869054931773,1619800
2022-07-26,133.81097412109375,136.26082712604708,131.98828288729982,134.53612104082163,1831800
2022-07-27,133.9971160888672,134.29599086831098,128.6662355171147,133.75213087842056,3534000
2022-07-28,143.63973999023438,144.3060926299148,135.26614673145536,135.62872008229843,2346200
2022-07-29,148.71095275878906,149.11762169874902,142.56671843927273,142.79700517473339,2632800
2022-08-01,148.84814453125,150.10246783314642,146.47178458139078,146.99115212267384,1748600
2022-08-02,144.12973022460938,148.57376643789578,143.9925390768637,148.57376643789578,2263400
2022-08-03,144.88426208496094,145.75640885196884,143.1154610578266,145.02145320720788,1455000
2022-08-04,146.54037475585938,146.60407331511698,143.68875772828721,144.91857355064866,1059800
2022-08-05,148.54432678222656,148.6276133733645,144.18848292383962,144.40897557606948,1303000
2022-08-08,150.37686157226562,151.79777316044624,148.53456754050038,149.11272919422606,1504800
2022-08-09,147.931884765625,150.65611926997963,146.63835560100173,149.6908768858773,1737800
2022-08-10,154.5269012451172,155.38434963433716,150.25926230610207,151.48907811365254,1779600
2022-08-11,154.53176879882812,158.6132155767725,154.23287908490127,155.54110660809772,1704200
2022-08-12,154.0026092529297,156.30057183442386,152.68458756067955,155.3990280106447,1448000
2022-08-15,153.01287841796875,154.92866470185203,151.55276107108398,154.00751784896576,1390400
2022-08-16,151.92514038085938,153.60083093928975,151.06278760762044,152.5277944620881,1039600
2022-08-17,148.56883239746094,149.85745700357546,145.2272305208624,149.26948651434785,1902400
2022-08-18,148.6129150390625,150.33760539690735,148.02494460088096,148.29443728200974,1019000
2022-08-19,145.5408477783203,147.25574460221762,144.5707007635386,147.00095036150185,1337000
2022-08-22,143.0272674560547,144.52167125972696,142.06202512811993,143.33595121386432,1603600
2022-08-23,143.04685974121094,144.32567526750324,142.1747130548767,142.850859625236,957600
2022-08-24,142.76268005371094,144.52167208161052,142.33150368814134,143.72301789802736,1173600
2022-08-25,147.43698120117188,147.4712827146449,142.88024793163814,144.02679171981805,1221400
2022-08-26,139.9600372314453,148.29443825008096,139.7199565280968,146.52074785202402,1637400
2022-08-29,137.08883666992188,139.44068885360076,136.82915292900435,139.0928140201554,1248200
2022-08-30,135.3788299560547,138.05407939090597,133.68353637827357,137.4612043778167,1830200
2022-08-31,132.9828643798828,136.57924522207804,131.73343092281743,136.57924522207804,2195000
2022-09-01,136.0697021484375,136.1824007454039,130.9446149511412,131.83146035197402,1839000
2022-09-02,133.38467407226562,137.83359961553728,132.23814490111002,137.50532775535038,1284000
2022-09-06,133.4189910888672,135.7587231539741,132.6145458691411,134.43924737544833,1656400
2022-09-07,129.48512268066406,133.62993240174885,127.36120128224869,133.62993240174885,2714600
2022-09-08,127.42494201660156,128.7395078527746,125.47761282370355,128.51387699294364,2370000
2022-09-09,131.84445190429688,131.97688448138726,128.24899799999721,128.24899799999721,1510800
2022-09-12,135.3810577392578,136.6318550024256,132.0504833230617,132.178020993688,1621800
2022-09-13,127.82716369628906,132.13875937874346,127.36117228010536,130.91248193532013,2176600
2022-09-14,127.4004135131836,128.445189255012,126.12999195815479,128.43538442499698,1232200
2022-09-15,125.74739837646484,128.66103504379558,125.04106879206715,127.68001300009388,1562000
2022-09-16,124.60452270507812,125.08031902720488,119.94957009858837,122.07839376562548,3983000
2022-09-19,126.689208984375,127.01785801476744,123.31940005129253,123.60389739345257,1634800
2022-09-20,124.3837890625,126.13981946466848,123.05450086539607,125.4727241581721,1469600
2022-09-21,123.41258239746094,127.38081497069192,123.36352829892768,125.83570816675395,1468800
2022-09-22,119.8710708618164,122.8533783983099,119.46884828179898,122.43153867310778,1346800
2022-09-23,121.66144561767578,121.77426105466327,117.72264279299515,118.33578155754199,2225400
2022-09-26,121.58787536621094,124.11890656887131,120.87662839172685,121.65654661037993,1367400
2022-09-27,122.505126953125,124.28077444622109,121.08755040808663,123.03978216734616,1855800
2022-09-28,125.65910339355469,126.39977978784317,121.91159968257777,122.91714872154569,1391400
2022-09-29,124.67808532714844,125.23236516529093,123.54500608796843,124.06494656269138,1351600
2022-09-30,122.02442169189453,126.05152023328053,121.90179394377759,124.88410167613405,1591400
2022-10-03,128.4500732421875,129.2398034906631,123.14765217814823,123.14765217814823,2030600
2022-10-04,133.98800659179688,134.38040946279054,130.78005998072808,131.75127729487093,2773400
2022-10-05,133.6593475341797,135.1848446415514,129.06326151764557,129.06326151764557,1541000
2022-10-06,135.9598388671875,136.81823313915748,132.80585664907338,133.27184809868322,1924800
2022-10-07,127.5524673461914,133.6053704696314,127.11101049985669,132.9824120037582,2307600
2022-10-10,131.38336181640625,131.9817857781147,126.95404850751065,128.67573177428645,2605800
2022-10-11,131.33924865722656,133.12470116482754,129.58812054786435,129.86280554903374,2746800
2022-10-12,134.71885681152344,135.33690552431653,130.51517352282008,132.67832904838664,2040000
2022-10-13,131.72671508789062,134.10080135707184,125.96812108664888,129.1711571239763,3249400
2022-10-14,127.30723571777344,134.48341441411503,127.1404637654502,133.8261164672061,1608400
2022-10-17,131.02040100097656,133.2571451883172,130.66233751034133,130.87325367184008,1922600
2022-10-18,131.76596069335938,136.09227092406178,130.68683060093707,134.31660868667484,1710400
2022-10-19,127.90567016601562,131.2705688884436,126.90993330231657,130.8438266567454,1585800
2022-10-20,126.38017272949219,130.02466634481655,122.81416268076501,127.28762119233538,2215800
2022-10-21,127.7437515258789,127.9154333366437,124.23169913082087,126.30164826618241,2422400
2022-10-24,132.05538940429688,132.88435430096948,127.7585076884517,128.82292328503695,1699200
2022-10-25,134.41473388671875,136.39640259410396,132.089716447689,132.13877054341205,2140600
2022-10-26,134.64527893066406,140.60009007296355,129.25456745324075,140.60009007296355,3189600
2022-10-27,129.69601440429688,135.74400840578295,128.12637322753028,133.59556784565166,2465600
2022-10-28,132.73226928710938,133.3257833596445,128.93570426285342,130.60834843927663,1352200
2022-10-31,134.69432067871094,136.26394686321555,129.49981109743837,131.22640439115568,1758400
2022-11-01,133.845703125,138.12295865151776,132.08968073881874,136.01866275830045,2200000
2022-11-02,127.72417449951172,134.6403680586565,127.46909918319359,133.02659754510069,2120800
2022-11-03,129.01910400390625,130.30424039170578,123.9128828451186,125.72777948036985,1665800
2022-11-04,133.37484741210938,133.4287964367302,129.82355257275188,130.62307292625434,1469000
2022-11-07,138.31430053710938,139.3149322236469,133.96836518729023,134.42453683578893,1671400
2022-11-08,142.2776336669922,143.0035954083846,138.42711893872797,139.64359172909138,2857000
2022-11-09,138.25543212890625,142.94962629214072,137.72568680143183,140.34992381333421,1801800
2022-11-10,149.9148712158203,150.2189856242968,145.34330535049736,147.2955444138109,2880800
2022-11-11,154.07443237304688,156.4730388051558,151.0577921422755,152.2104962056854,2533200
2022-11-14,154.1528778076172,157.54722032088276,152.46551886611505,152.80397263438888,1734400
2022-11-15,156.026611328125,158.59688366952088,154.51093443426487,157.12045603065272,1774200
2022-11-16,150.67027282714844,154.89847531860315,150.39557289115507,154.7758475666737,1505800
2022-11-17,146.5500030517578,147.64384824662068,143.06738604855227,147.64384824662068,2101400
2022-11-18,146.3390350341797,149.06137978834266,144.27398812595183,148.50710001974133,1933200
2022-11-21,146.46661376953125,147.34952773963758,145.1814771149321,146.3292712637545,1003400
2022-11-22,145.14219665527344,147.98716933387402,144.33776642836378,147.98716933387402,1712800
2022-11-23,145.6964874267578,147.4083660935316,143.57747623131215,145.30408459910123,1186600
2022-11-25,144.205322265625,145.96625493692176,144.07288968622427,144.60754487311877,454200
2022-11-28,141.4241180419922,145.44140384462176,141.2180968604086,143.23410461105414,1358200
2022-11-29,143.26358032226562,143.63635857855868,140.86988376332462,142.78778395731865,1184400
2022-11-30,148.4335174560547,148.90931369575367,140.69325494772372,142.97414293373632,2237400
2022-12-01,147.58987426757812,148.28639156283282,144.02384942028067,148.27167683037558,1711000
2022-12-02,148.55126953125,149.62548989245494,143.7442524200678,144.97053000416395,1112400
2022-12-05,142.13047790527344,147.69287107420013,141.15435079668697,146.19680348209693,1405400
2022-12-06,140.98150634765625,141.7671404883472,139.45444300466798,141.71312055515773,1181200
2022-12-07,140.7506866455078,142.12063475925657,139.89140282595682,140.14674246541603,687000
2022-12-08,141.05514526367188,142.2728788359573,139.940536559958,139.99454150420848,1069200
2022-12-09,143.49061584472656,144.32043989420728,139.9405399114204,140.66233908508931,2107400
2022-12-12,148.18959045410156,149.363133549717,142.88167403325414,143.86862743293767,1826000
2022-12-13,149.58908081054688,158.0051618468402,148.40082206654537,156.890538042787,2373600
2022-12-14,151.92138671875,153.6546844571,149.08329542235117,149.42209997893053,2565800
2022-12-15,146.88357543945312,150.1488520067292,145.82787156248847,149.63818754833088,2242600
2022-12-16,144.79177856445312,148.26328873125524,143.564230272208,144.4824339972521,4261600
2022-12-19,142.48890686035156,144.8801687054367,141.3890283077181,144.84579375448655,1623800
2022-12-20,139.5526123046875,141.92914428035704,138.6638684351505,141.70327956368985,1313600
2022-12-21,141.07476806640625,142.7638758269891,138.9928508202224,141.89477697311813,1564000
2022-12-22,138.45274353027344,139.88652679964548,136.2529711806702,139.4495123324155,1183800
2022-12-23,140.4806671142578,141.07479645080323,137.97646493171945,138.46748437987503,861000
2022-12-27,140.80963134765625,141.7523952117262,139.74412761534188,140.61322657985264,1053400
2022-12-28,138.59022521972656,141.6590964601988,138.4674703701077,140.84400246056265,658800
2022-12-29,140.71632385253906,142.6902313016214,139.58698530031373,140.112379620274,863200
2022-12-30,139.3414764404297,140.71632468472362,137.57380370867892,138.97321191234502,1032200
2023-01-03,138.72279357910156,140.67705615863264,137.48051511363414,140.43646145106422,882200
2023-01-04,141.80149841308594,142.56257249827465,139.55262114281723,140.05837053146072,1457400
2023-01-05,138.212158203125,140.38737073917076,137.60328390422345,139.95035624225534,1178400
2023-01-06,147.6495361328125,148.30750031531144,139.84723085598375,140.28914530874002,2110200
2023-01-09,150.43359375,153.56138456803336,148.67083610641401,149.45647005232874,2109400
2023-01-10,150.54652404785156,150.66927887584478,148.0177775881349,149.21586590812652,923200
2023-01-11,153.7283172607422,154.6612659270752,151.5138303870401,151.82807494986804,1220800
2023-01-12,153.8118438720703,154.1702934677734,150.30105777504778,152.81998997009364,1012600
2023-01-13,154.84298706054688,155.43711640126594,151.7495555246014,151.7495555246014,1352800
2023-01-17,154.46484375,156.8806652828435,153.34042034964702,156.13922134977668,1381800
2023-01-18,154.9951629638672,161.9234384932694,154.88713811225617,155.39780240939191,1732000
2023-01-19,152.57936096191406,156.12943655794376,152.35841122651138,153.1047553072982,1471800
2023-01-20,155.66294860839844,155.7366134985174,151.83791866910755,153.3453366819839,1290400
2023-01-23,158.53048706054688,160.8186388408107,155.37815148523794,156.20306032880288,1474200
2023-01-24,157.568115234375,158.85949859468647,156.3896717253825,158.12296952847586,929000
2023-01-25,157.4011688232422,158.43231250226248,154.20954290253115,155.03445185185856,1105800
2023-01-26,156.75794982910156,159.90047112003862,154.42560758418932,159.17867197327683,1456000
2023-01-27,163.8973388671875,165.94979597646818,155.7955202923974,155.7955202923974,2239000
2023-01-30,158.04933166503906,161.90383706893584,157.6466921484888,159.0952054163283,1652800
2023-01-31,163.62728881835938,163.84333853829284,158.00021107670793,158.73182513732874,1916800
2023-02-01,180.508544921875,183.7050859311462,170.91893687878394,171.856785707526,5320200
2023-02-02,182.36949157714844,187.47608962406798,181.06829334656965,183.2729653482809,3808800
2023-02-03,182.173095703125,184.52998261335884,175.6425292904528,179.2367945655727,2037800
2023-02-06,181.46604919433594,183.21899210604923,180.03718089539746,182.2860432277323,1841800
2023-02-07,179.56581115722656,182.10928820280176,177.04687908920886,180.10592054128148,3117200
2023-02-08,179.66397094726562,181.8391829961167,177.74899854551504,180.37103998556137,1406400
2023-02-09,174.3118896484375,180.64603700773188,173.55571556522602,180.498737179383,1835000
2023-02-10,171.3657684326172,173.9043452917881,170.5408594473839,172.16121745300094,1778200
2023-02-13,174.78321838378906,174.86669825450824,169.8975855478251,171.89602262527342,1926800
2023-02-14,176.12374877929688,176.5705782289127,171.9648138856511,173.5458969440137,1217600
2023-02-15,175.39703369140625,176.03045290595338,172.97139668410566,173.75211572309505,1157600
2023-02-16,172.804443359375,174.70960091332,170.75690097707084,171.58672491149247,1434600
2023-02-17,174.23333740234375,174.66543690985466,170.82076126341966,172.17106473202918,1304200
2023-02-21,168.27232360839844,172.74550233189322,167.81076425800822,172.6816674240086,1285200
2023-02-22,167.9335479736328,170.86983436366685,167.4130686140374,169.13653649979392,1311000
2023-02-23,169.53916931152344,170.68323786274416,167.25593221322418,169.66192415535374,878000
2023-02-24,166.7207489013672,168.37548205678888,164.58972627819202,165.8172749079974,1428000
2023-02-27,168.1201171875,170.07436454923234,167.61926787592364,169.4114854504948,948200
2023-02-28,166.778076171875,169.86528387282513,166.38479222771826,166.96978990532452,1748600
2023-03-01,166.4585418701172,168.97059357357526,166.02595199959723,166.9501355887646,1167400
2023-03-02,174.40269470214844,175.5726901296669,164.81661737879054,165.3082110876807,1981800
2023-03-03,174.54525756835938,175.86764581886143,171.90540180506505,174.17164155639625,2052600
2023-03-06,173.5079803466797,176.24614550569143,173.01146597211374,173.6505316999286,1422800
2023-03-07,171.95947265625,174.3437051349365,171.2712444671058,173.46374819903997,1188600
2023-03-08,172.27410888671875,173.0114994857651,169.6981625281035,171.88574563725763,1029800
2023-03-09,168.60189819335938,174.21590505826484,168.38067501918786,173.630907333211,1146200
2023-03-10,165.3573760986328,169.74730438855875,164.0005726397174,168.60189762955022,1286200
2023-03-13,161.8424530029297,164.3397420042934,158.95188010220966,162.2406426369833,2253200
2023-03-14,163.99073791503906,168.0463858740645,160.25462285536582,164.25620270935042,1671600
2023-03-15,163.44015502929688,163.83342398115505,159.8613535592914,162.2209972749383,1209000
2023-03-16,165.91778564453125,167.13202261890405,161.7343186797845,162.13250835538162,1595800
2023-03-17,162.9927978515625,166.84198473205655,162.2504866008245,165.67198938398553,2515600
2023-03-20,163.91207885742188,165.01325891381057,160.44634937762487,163.12552596064384,1302800
2023-03-21,165.2492218017578,168.0660591469872,164.6150617183529,166.57653081311707,1032400
2023-03-22,162.62904357910156,167.06321368342,162.57496046689326,164.32995370748975,1215200
2023-03-23,161.98011779785156,166.6895786581776,161.26730095990544,163.12552447294414,1277800
2023-03-24,161.98011779785156,162.36848100625144,157.72783546005724,160.39718554583726,1303800
2023-03-27,164.4331512451172,165.49008956907275,162.65358467514602,163.25332951385565,1328000
2023-03-28,163.22384643554688,165.43601796119324,162.34881029882558,163.64662479495064,791000
2023-03-29,162.90432739257812,165.37704317462,162.05386486630346,165.10665763049244,1031000
2023-03-30,164.00057983398438,164.92477846235295,163.29269865289922,164.57575110878832,962200
2023-03-31,167.55477905273438,167.80057587947567,163.11568896187654,164.58064345006383,1539600
2023-04-03,164.2955322265625,167.58429539884958,161.3115697612035,166.5077039566794,1403000
2023-04-04,161.59666442871094,165.0083255430141,160.69213391745515,164.56589426065221,1399200
2023-04-05,159.75320434570312,160.7413124775878,157.68850481699607,160.37261720476505,1443200
2023-04-06,160.14646911621094,161.7490693275745,157.7032479054153,159.3009273792168,978000
2023-04-10,164.58062744140625,164.75759393836765,157.99818186046602,158.90763303139659,1142400
2023-04-11,167.13690185546875,167.87921298593494,164.9640665630286,165.40649779885274,1060000
2023-04-12,167.17137145996094,169.91447301961577,166.1291950976336,168.59699035186625,969800
2023-04-13,163.58763122558594,167.82026081163178,160.78555611848083,167.82026081163178,1617000
2023-04-14,166.48802185058594,167.4416996940267,162.6781712048707,162.6781712048707,1090400
2023-04-17,167.54498291015625,167.99233501607665,165.26398074400174,167.800606255432,796000
2023-04-18,168.81326293945312,172.24951288739985,167.3827235623484,168.12503480328115,1143000
2023-04-19,170.09634399414062,170.46994501132434,167.64328118553271,167.8792515665825,878000
2023-04-20,170.52896118164062,172.54940426987432,168.12506057064675,168.68056390213206,1246800
2023-04-21,171.4924774169922,173.6899020120426,170.26839881558476,170.51911642109897,1412000
2023-04-24,174.240478515625,175.35148511843525,171.16309704185835,171.70877386971858,1536600
2023-04-25,166.8321533203125,171.16801340037713,166.46837877921274,170.81898607034225,1491200
2023-04-26,150.1916961669922,160.0825736403924,146.70139303023583,156.98060370814295,4978200
2023-04-27,153.97206115722656,155.32886459268883,149.06596555043078,150.02456428014918,2157800
2023-04-28,157.501708984375,159.4385743140711,154.1883573239382,156.13506412883882,2221000
2023-05-01,156.19900512695312,158.17030101412794,155.2109118163215,157.53614082807948,1618200
2023-05-02,155.13221740722656,156.82820656043313,152.24164423910275,156.1989672654996,1275200
2023-05-03,157.6393585205078,160.79538167606154,155.66314224330677,155.95318072629541,1494200
2023-05-04,153.49520874023438,157.65410215316686,153.23466468500564,156.40544998176463,1543000
2023-05-05,155.82046508789062,156.882309344209,153.78035411028475,154.11955498392467,1194800
2023-05-08,153.20028686523438,157.50173227359448,152.47272269820996,156.67584335347857,1398800
2023-05-09,153.45095825195312,154.4046511542943,150.59972101958644,152.55134845348076,1240000
2023-05-10,154.56198120117188,156.75940569974483,153.0724528499412,155.82045990705822,1328200
2023-05-11,152.6005096435547,154.8569227294565,151.6173223293187,153.66233874095144,1239200
2023-05-12,151.44528198242188,154.3358554766419,149.67062083961338,153.02329363405227,1263800
2023-05-15,150.6636199951172,152.03024967619467,149.8770671925571,151.04214168657407,1160200
2023-05-16,146.70632934570312,149.65589204944425,146.6620877054172,149.65589204944425,1413600
2023-05-17,149.32652282714844,150.0442455040485,147.38472150690265,149.26261323906303,1435200
2023-05-18,150.63906860351562,152.03519304760647,147.96479741413717,148.94307917421628,1374600
2023-05-19,148.17123413085938,151.84835979255138,147.54691563710642,151.26826792188106,1188600
2023-05-22,148.5350341796875,150.61940167939264,146.9324489113932,150.2064497673974,1185200
2023-05-23,148.11715698242188,148.2498968659892,146.1753711155853,147.34044563613668,1591600
2023-05-24,147.7140655517578,148.5497657565348,145.41339586495099,146.76037266929353,1798600
2023-05-25,152.48744201660156,153.02327731775316,148.23023902522243,148.23023902522243,2173600
2023-05-26,155.260009765625,156.74953786638952,152.04990395760296,152.62999584347182,1898200
2023-05-30,156.12030029296875,157.23130671085627,154.72417616723916,156.13996823903457,1513000
2023-05-31,152.61036682128906,155.91387746188244,150.7373958110052,155.16666035353126,4858200
2023-06-01,156.1547393798828,156.3956304999277,151.54358796794563,153.02328983954473,1539600
2023-06-02,157.1477508544922,159.58113045405958,155.43699952819046,156.47917568014233,1855400
2023-06-05,154.1637725830078,157.8359777710496,154.06544785150763,157.8359777710496,1644400
2023-06-06,151.3728790283203,154.0702582869293,146.68200868043652,151.11200223118794,2736000
2023-06-07,155.5912322998047,156.22127527217916,151.21537558482336,151.3728900832693,2408800
2023-06-08,155.9751434326172,156.8020719056448,153.43527881854038,154.97100741742233,1702200
2023-06-09,150.71331787109375,156.0440706578961,150.1817101841348,155.54201008368787,1493400
2023-06-12,150.68870544433594,150.88559105079966,147.12009937457395,149.66487625647042,1917800
2023-06-13,153.6223602294922,153.93246223257148,150.7871590829509,151.64361983704742,1524800
2023-06-14,157.86526489257812,158.66758826381158,152.70186666120125,154.35572353180714,1781200
2023-06-15,161.6307830810547,162.18699581915587,157.3435377162303,157.7176308897658,1586200
2023-06-16,160.19842529296875,165.28308243821064,160.05076483299686,164.2789462461718,2666600
2023-06-20,157.81114196777344,160.39039307217615,157.08759071884725,159.55361043904458,1159400
2023-06-21,160.78414916992188,161.28622471112243,156.12773800910773,156.4476789782326,1741600
2023-06-22,162.8810272216797,164.8449863065887,160.2378000264208,160.81861782285577,1560000
2023-06-23,160.77430725097656,163.75224124892753,160.60202672565703,161.32559291487294,1735400
2023-06-26,164.66783142089844,165.98698180911137,160.75959040306083,160.77435645138365,1522000
2023-06-27,176.84042358398438,177.09638839315383,165.80973729981702,166.22812860438256,3144200
2023-06-28,182.2647247314453,183.6281730380036,177.36711422578927,177.3720412482154,2674600
2023-06-29,184.95223999023438,185.43462249758346,181.2507394904857,182.8553714645321,1828000
2023-06-30,181.9989013671875,185.7151677191983,178.63703509942553,185.60196638681583,2281800
2023-07-03,181.0735321044922,182.03337009797013,179.20800829704876,181.02923396929597,837200
2023-07-05,181.004638671875,183.106419313818,178.43031451951353,178.79455366506085,1433400
2023-07-06,180.18263244628906,180.9701899876329,178.1448428927755,178.86840922455735,1320400
2023-07-07,182.09242248535156,186.34520842426164,181.61004000877412,181.82661866997967,1893800
2023-07-10,184.46002197265625,185.9219205461845,181.04400328597958,183.03749451287752,1356200
2023-07-11,186.0154571533203,186.6110410528913,183.09165979701123,184.28775461875304,1815200
2023-07-12,184.95716857910156,187.905570763404,182.68310749352395,187.65945999619586,1429600
2023-07-13,185.73483276367188,186.87186306630036,183.85947031536745,186.7685007718994,1404200
2023-07-14,185.94651794433594,186.63071306646148,184.99653401719397,185.3410950892787,1041200
2023-07-17,188.65866088867188,189.95320587119727,183.96286344898385,184.4009478057995,1738200
2023-07-18,194.0337371826172,202.58362293366483,193.7384012541739,196.88861610761387,3142600
2023-07-19,194.52597045898438,196.57852599375136,192.8671711502156,194.4570522289123,2407200
2023-07-20,196.08139038085938,199.98471910533985,193.625209390995,194.8311583258028,2580800
2023-07-21,194.1764678955078,199.01992598138003,193.02959833215664,194.95418633023442,4589200
2023-07-24,191.70059204101562,192.33063499584193,185.34109831283268,187.33951651430093,1803800
2023-07-25,194.60963439941406,196.48008532705063,191.68583715194953,192.30111409760437,1749600
2023-07-26,207.1022186279297,208.37707064888124,197.4792932659029,199.837023691671,2647800
2023-07-27,202.85926818847656,208.92344124129355,201.2693871869378,208.92344124129355,1983600
2023-07-28,210.468994140625,211.06457796309545,203.92736605174036,206.75272774017245,2082200
2023-07-31,206.4820098876953,211.28116992314747,204.31623810674748,210.17859847569972,1483800
2023-08-01,203.10536193847656,207.05790002134768,196.56866095528548,206.48199425128533,2181600
2023-08-02,201.1118621826172,203.76494338767793,200.05851594016178,200.5753425279849,1409000
2023-08-03,203.3071746826172,205.4581802565859,199.95022041253011,200.3046204970761,1756200
2023-08-04,200.3883056640625,205.6403161504918,198.61139309964335,201.24969336647732,1595000
2023-08-07,201.4958038330078,205.45819627095224,197.81399630140066,202.10124173920855,1254800
2023-08-08,201.36782836914062,201.6483982428145,198.20284757658615,199.85670468609953,1002200
2023-08-09,197.59739685058594,201.1167775123303,196.9181287885431,200.06834333147353,1362800
2023-08-10,199.8173370361328,201.63854769270972,197.18886083493732,198.40464862051618,935600
2023-08-11,202.19476318359375,203.0216917639511,198.6704551618887,198.6704551618887,1155800
2023-08-14,204.75921630859375,206.04392223052503,200.3144567789843,202.03723202335087,1180000
2023-08-15,201.63363647460938,205.73876226715927,201.1807860537374,204.27193668757494,1116600
2023-08-16,200.3833770751953,208.869270988518,199.49736935606782,202.83955757076146,1433600
2023-08-17,194.01895141601562,201.83050406264667,193.7432935617879,198.38495363098983,1463400
2023-08-18,193.68426513671875,194.73762653053095,191.10502885865233,192.27159160241274,1740200
2023-08-21,198.41943359375,201.59919581100132,195.37750783923758,195.38736188452495,1448800
2023-08-22,199.34971618652344,199.91085593125058,196.80985133328164,198.14869447247713,1425200
2023-08-23,203.11520385742188,203.48929701327268,197.61217096016358,199.71395140802292,1177000
2023-08-24,201.1709442138672,204.4343603218469,201.06756687772088,202.95278373924822,1139600
2023-08-25,201.3383331298828,203.04634273075368,198.13396561695222,202.16033481300013,778400
2023-08-28,204.9561309814453,206.83149381721705,202.27351762267426,203.26288770914294,1053600
2023-08-29,210.57237243652344,211.35992991839333,203.6665047120302,204.15872626052268,1253600
2023-08-30,211.80784606933594,212.83658726785094,209.97678137085623,210.57236521812092,1040000
2023-08-31,210.36070251464844,211.6601745001396,208.04727045040573,209.79465078730226,1694000
2023-09-01,214.54461669921875,215.617656133619,210.95631719127994,213.4223521027594,1022200
2023-09-05,208.6177520751953,213.58882788834777,206.10511320605013,213.01732459391886,1383400
2023-09-06,208.82464599609375,212.5640522292145,207.08550861363503,208.59310381447636,1036400
2023-09-07,213.20452880859375,215.3377991653527,207.88857574640826,210.3568756225643,1904600
2023-09-08,207.53878784179688,213.22424632273948,207.28260294069656,212.20440819599287,1134800
2023-09-11,209.89871215820312,210.55889312707637,207.18407519785328,209.03160161510587,971400
2023-09-12,207.8343963623047,211.10574180197693,207.28260424249547,208.01668321954085,1042800
2023-09-13,204.8241424560547,210.09575662850648,204.37580762153866,207.86887709951478,1567000
2023-09-14,200.50836181640625,207.64226786718808,198.90224063117458,206.58302234538814,1856600
2023-09-15,201.79913330078125,201.9715720881029,197.0940908462948,200.71032872658358,3254600
2023-09-18,201.9173583984375,203.46436081111122,200.51816709565568,201.00099266497293,1041600
2023-09-19,200.16346740722656,201.8976733940555,197.6951673938254,201.09462790397356,1045600
2023-09-20,200.95176696777344,203.5136613881579,200.79410776292258,201.78930330252615,880400
2023-09-21,197.13351440429688,200.3506728095896,195.6801210900965,199.82350838380913,1109600
2023-09-22,197.3946533203125,200.95175815959374,196.76896311219835,197.1335368516277,840000
2023-09-25,201.26214599609375,202.66133755547037,197.22714702993287,197.39465429036437,678800
2023-09-26,196.5817413330078,200.08957573355676,195.98067880694464,200.08957573355676,675800
2023-09-27,197.0153045654297,199.5525712609184,195.55206298994062,198.6214106968758,1242200
2023-09-28,200.0501251220703,201.54292564698284,195.42392746970037,196.68023923519476,1501200
2023-09-29,201.57249450683594,204.33145478356357,200.62655452966797,201.99618660818845,1517800
2023-10-02,198.64109802246094,200.94680718743302,196.01022243137118,200.2225762918089,1200200
2023-10-03,197.0054473876953,201.47400184923657,195.56191692783725,197.1236842748563,1045200
2023-10-04,198.6263427734375,199.51314947327535,196.58174980116036,198.54258162385293,1298400
2023-10-05,198.68540954589844,200.97142227530313,196.51271715758926,199.61163832297774,1001200
2023-10-06,203.68113708496094,204.6861804566949,197.67051283342627,197.7246997153897,1202600
2023-10-09,207.99205017089844,208.61774032000076,200.77436886711686,201.42470172087806,908400
2023-10-10,209.44049072265625,211.701876035082,207.4993703500599,207.99204400614786,823800
2023-10-11,209.76077270507812,210.36183525883158,207.77529816882193,209.1449305407901,757600
2023-10-12,208.92813110351562,210.9579442596521,206.83426796334058,210.88404621468743,664200
2023-10-13,199.572265625,210.8643540015072,198.27161481114976,209.96276770152537,1187600
2023-10-16,203.18849182128906,208.9379854197862,201.00101941359938,201.7991483935279,1283200
2023-10-17,205.513916015625,207.26783319829875,202.67117912222668,204.18862254961476,819800
2023-10-18,197.98583984375,204.6123069213023,197.79370492490165,203.58262072384315,1401200
2023-10-19,195.32049560546875,200.74482285258568,194.3597758703533,200.05015112699897,1374200
2023-10-20,193.63551330566406,199.163311953118,190.5070327948448,196.75906226899104,1404400
2023-10-23,190.98985290527344,194.85241219229428,190.78785492153213,193.42857824660751,1291600
2023-10-24,190.1227569580078,193.21674685305072,187.25047621771677,191.5170317957102,1934400
2023-10-25,182.786865234375,195.79344726593106,175.88450222648927,192.3890703625884,3089400
2023-10-26,182.18580627441406,184.66887082266945,178.00792801091197,181.93453788367566,2459800
2023-10-27,181.53053283691406,189.31478569818097,179.1410625751453,184.76740239661297,1871600
2023-10-30,186.79229736328125,187.15193951003428,180.3579655762786,184.88072117021355,1600400
2023-10-31,185.5705108642578,188.64972204045173,184.2846244587696,187.3983264085875,1175800
2023-11-01,192.46295166015625,193.0295233308759,185.70840036383893,186.26019242698175,1903000
2023-11-02,191.5662841796875,195.97078770925063,190.3346000838411,194.73418710096112,1630200
2023-11-03,193.2956085205078,194.7440704827544,191.5515393146011,193.47789539412236,1029000
2023-11-06,194.13311767578125,194.17745649741164,189.5857347448591,193.04429814888078,981400
2023-11-07,195.276123046875,197.65081367689942,192.34472381522517,192.87188823551818,1286200
2023-11-08,192.2166290283203,197.0300603988613,191.8619033850936,195.2465690868113,1940800
2023-11-09,189.9749755859375,194.7243420821019,187.33423682099342,193.8818742921937,1435000
2023-11-10,193.43850708007812,193.7538104784145,189.86169065498487,191.41361004237137,1167000
2023-11-13,192.6403350830078,193.3399232694806,190.53169239252318,192.63540353507824,926400
2023-11-14,199.44908142089844,200.63151029388177,195.50769193817453,195.9560267960593,1411200
2023-11-15,198.41940307617188,202.64655188341948,198.13365894285607,200.22259064011288,1240400
2023-11-16,195.98068237304688,200.00090171368967,194.4189000724516,199.06480962189605,1086800
2023-11-17,197.02020263671875,198.36027565460876,196.0200756625911,197.76907625669728,1047800
2023-11-20,198.18785095214844,198.91701346681958,196.02502115034713,197.15816468666287,691600
2023-11-21,199.4736785888672,200.00084292028615,197.27635866372827,198.19765583936078,590600
2023-11-22,198.91700744628906,202.7007378742168,198.6214002176554,201.06014105987276,800200
2023-11-24,199.1977996826172,200.25211340071397,198.48341692657925,199.50325491837228,299000
2023-11-27,196.40435791015625,197.40941641895094,193.18719940761545,196.2811894911689,840200
2023-11-28,190.8519287109375,196.0496299159185,187.2258426810364,196.0496299159185,1559200
2023-11-29,189.1423797607422,193.62078231072698,188.27035264239984,191.50720772907945,1395200
2023-11-30,191.6796112060547,192.02940529160185,185.68869775094856,189.31970018635127,2585200
2023-12-01,199.89739990234375,200.94186562406531,190.28041576503617,191.18200191985613,1637800
2023-12-04,198.9908905029297,200.62657068095874,196.2762688297674,198.5228595417948,1077400
2023-12-05,194.69544982910156,198.90212151134074,194.44393236770082,197.38317397009308,1554200
2023-12-06,183.89520263671875,195.528893500889,182.7214745587121,194.75462547630664,2349000
2023-12-07,184.9308624267578,185.23662053952825,181.01515390813287,184.0037152137676,2211600
2023-12-08,182.19874572753906,187.66791166643307,181.9866745842854,184.3439888443781,2066000
2023-12-11,186.84925842285156,188.89587812308437,183.3280738129604,185.85306135108874,2280000
2023-12-12,188.50628662109375,189.70960341506358,186.42022045581655,187.47065819441522,2082400
2023-12-13,189.40382385253906,189.41861811266992,184.86180539102284,188.5605209248564,1621200
2023-12-14,188.64434814453125,192.20005747790907,187.52487567229903,190.66631562597092,2194400
2023-12-15,193.83737182617188,196.3081189472829,189.3594662466099,189.3594662466099,2914200
2023-12-18,193.85214233398438,197.2697669608997,191.92389185971004,195.81986925253858,1079200
2023-12-19,197.7925262451172,199.34104740668636,194.63629182812758,194.63629182812758,933000
2023-12-20,198.26593017578125,205.13075225047476,194.86805161759153,195.5831275305089,1627000
2023-12-21,201.80686950683594,202.6403147043649,198.7394004789772,199.92792300947775,1031600
2023-12-22,203.66114807128906,204.84473407239636,201.50603215487484,203.52799972557747,811000
2023-12-26,205.1554412841797,206.12203482235222,203.84362824303167,204.25788261653418,625400
2023-12-27,203.97183227539062,206.60037944924184,202.79810415738342,205.55487828365582,682000
2023-12-28,202.7191925048828,205.20473346851946,201.4271103327486,205.09623721474654,639400
2023-12-29,199.8933868408203,203.7252659797302,199.05008386608844,202.1964604637621,775000
2024-01-02,196.15028381347656,200.74162164285812,194.40942224707413,198.89720025214004,1171200
2024-01-03,189.92657470703125,194.30091987641902,189.47779541562443,194.0198289335435,1776200
2024-01-04,191.96827697753906,192.4219776652049,187.41638553974144,189.80822464898625,1423200
2024-01-05,189.2607879638672,191.9929098403934,188.61968334108775,191.92879636809326,1093800
2024-01-08,193.66966247558594,194.0789954009933,189.77368533015513,191.06576748002178,1090400
2024-01-09,192.7080078125,194.66586175644315,190.3753458938629,191.7956550083753,1060800
2024-01-10,192.83621215820312,192.92499276196614,188.8366753063949,191.63783203356593,1195200
2024-01-11,191.7611541748047,193.7239448021955,189.2164358662167,193.38859817744932,1334600
2024-01-12,191.7759246826172,192.99897198916705,188.93038506166494,192.99897198916705,1116000
2024-01-16,188.78240966796875,191.3863044547645,187.5248525741036,190.99178087044487,934600
2024-01-17,186.34622192382812,186.94295889463893,184.6300274659341,186.79007984925443,957000
2024-01-18,188.58518981933594,189.32986942923293,186.16376202798722,186.90844163788418,1294800
2024-01-19,190.96714782714844,191.70689090907305,187.80597725104394,189.0339459510031,1675000
2024-01-22,198.108154296875,198.2265234417154,192.3085779035638,192.55515896765343,1730200
2024-01-23,194.4241943359375,199.8785651962063,193.92117448222666,198.32018642193876,1311200
2024-01-24,193.16171264648438,196.48563517524573,192.9891029149279,196.3722024830545,1101800
2024-01-25,195.01600646972656,196.97879688917675,193.0335004039306,195.1343605482482,1043600
2024-01-26,193.6499481201172,196.77165726367997,191.80059043906758,196.08615479251748,901000
2024-01-29,195.89877319335938,196.00726945004897,191.47510885260252,192.28882325271852,1169800
2024-01-30,195.22805786132812,197.07741554443126,193.69433111352802,193.70912537298838,1463800
2024-01-31,192.83621215820312,203.45892653179703,187.41636624751638,200.085700042016,2933000
2024-02-01,193.41323852539062,194.10859886839677,185.51770876094872,190.14850794412396,2317200
2024-02-02,201.55038452148438,202.66985687420166,190.1978003876185,193.04827622392924,2262400
2024-02-05,204.38607788085938,204.93841695985557,198.63580666539696,201.5060133617284,1772800
2024-02-06,209.8651123046875,210.8958342723172,204.6622585002089,205.64858263755931,1645600
2024-02-07,213.26792907714844,221.158521674937,212.34078203889052,212.55283810292946,2334200
2024-02-08,214.60440063476562,215.66963247449098,211.37418015987768,212.72051798163713,1351600
2024-02-09,214.68824768066406,215.945820049973,211.40380137992125,215.945820049973,1610200
2024-02-12,211.6158447265625,215.56114123957187,210.9007537135348,214.2591861662251,1296600
2024-02-13,209.07113647460938,211.46297560781537,206.55600681958978,207.34013273231065,1883800
2024-02-14,212.61697387695312,213.41589405325928,209.08099507613557,209.59388786281963,1422800
2024-02-15,213.20877075195312,214.48607387507744,209.6086933291881,214.0865987154558,1015800
2024-02-16,208.8294677734375,214.25425010733127,208.696304393171,212.32598476263394,1150800
2024-02-20,206.83709716796875,209.036595696634,203.3159129074012,208.30178905827105,1258800
2024-02-21,209.307861328125,209.8454062014141,205.90503085942188,207.80864435713931,1000400
2024-02-22,215.47731018066406,215.73868548855387,211.45804212344373,212.01038126086274,1029800
2024-02-23,217.0998077392578,219.65438365785417,215.89649108066953,217.08994991586715,1027400
2024-02-26,219.8960418701172,220.5864657557518,216.0197801870134,216.32553826135785,1776600
2024-02-27,217.51406860351562,220.3694812975398,215.39839903902325,219.45712842776143,1787400
2024-02-28,213.4898681640625,216.26143673317165,212.83889058587746,214.74744053784445,1037000
2024-02-29,218.21437072753906,218.9245253532749,214.10632201962565,215.69430457854705,1938000
2024-03-01,219.10205078125,220.62591981969103,216.4932191344792,218.74697347762503,2127600
2024-03-04,220.063720703125,223.0769337923442,219.52123940429723,220.65550616993613,1386200
2024-03-05,212.34657287597656,220.17231362473683,209.63101719498317,218.23192927255863,2101600
2024-03-06,215.00289916992188,217.135848504805,211.41343344277212,211.8183017556072,1293200
2024-03-07,218.76023864746094,220.4883195886424,217.04202703015358,217.22964965745192,1078600
2024-03-08,211.4628143310547,219.65885892356803,211.3393799699255,218.88368751943557,990600
2024-03-11,213.7290802001953,214.45487488983244,211.1567121790709,212.7761704914193,1128800
2024-03-12,217.75303649902344,218.67632316009633,212.80085026153722,212.99341510794548,855800
2024-03-13,214.19317626953125,218.8935511956823,213.77349643898708,218.15294504801753,858600
2024-03-14,210.61361694335938,215.93610679161318,207.37470002648172,215.8126724119527,1946600
2024-03-15,207.91775512695312,211.65535096627323,207.50301750741346,209.78409701638665,3263600
2024-03-18,206.7476043701172,210.89006859528888,206.5353008937649,210.346954414656,1057600
2024-03-19,209.3792266845703,209.81371801538745,205.7156884794259,205.770007429613,1066000
2024-03-20,214.41043090820312,214.49435783721808,208.30290103263388,208.51026232475306,883200
2024-03-21,219.62429809570312,220.80432277660125,216.59274289302192,216.59274289302192,926000
2024-03-22,217.77276611328125,219.65884666229627,216.08417751751486,219.62428142686846,860200
2024-03-25,214.79058837890625,217.5604631294497,213.59573719740962,217.22965242957002,801400
2024-03-26,213.94635009765625,216.98283289336342,213.42791665059613,215.58062011640345,701400
2024-03-27,211.29493713378906,216.90872924728336,209.22123392095565,216.3902959102398,1017600
2024-03-28,216.56312561035156,217.9455995601227,210.53953754672227,213.34396274622202,1213300
2024-04-01,215.3880157470703,218.23194821973328,213.8673110634591,216.8297356999261,1071900
2024-04-02,213.85743713378906,214.7560278027371,211.22086600455947,213.91668321441523,932900
2024-04-03,217.08645629882812,219.3477820275051,213.86729387692316,213.86729387692316,1017400
2024-04-04,215.32876586914062,221.98435185943336,213.86730729319547,218.60718964151746,894300
2024-04-05,221.75723266601562,222.17197029184487,216.88897385613177,217.70857978372422,740700
2024-04-08,221.875732421875,224.94677989063888,221.68810978450398,222.94220709666484,749600
2024-04-09,219.73291015625,221.89548251136407,213.50194619792228,221.8757287952082,886100
2024-04-10,212.34657287597656,216.45447163146542,211.33935943574838,215.7632422898374,974100
2024-04-11,217.03709411621094,218.17269925244045,210.865376205194,212.06022742254197,856300
2024-04-12,218.36033630371094,218.8540737691884,213.9956989170109,213.9956989170109,1612700
2024-04-15,217.19509887695312,222.95207928939982,216.04962438918233,221.94485068341714,1102700
2024-04-16,217.7184600830078,218.69606565096038,215.4472648166865,217.19509959538794,1481000
2024-04-17,208.16954040527344,215.21023988220355,204.52575632853214,209.660636854958,2480700
2024-04-18,205.217041015625,210.9542677756188,205.06891073997525,210.6185148580821,1071900
2024-04-19,209.16693115234375,210.19389837242548,206.20450658544928,207.24134312972592,1540000
2024-04-22,208.9398193359375,212.35648926461445,205.99714822808616,211.07276882663737,1052800
2024-04-23,216.5334930419922,217.56047536723432,208.34733281974724,208.34733281974724,1437800
2024-04-24,192.61683654785156,214.22279049498476,186.62287220791856,205.39476316725717,4479500
2024-04-25,194.19679260253906,196.290234301026,189.89140198671188,194.29553103930263,2605000
2024-04-26,180.13516235351562,189.09156657616327,179.0291953307396,181.9521124816964,3473800
2024-04-29,181.932373046875,184.63804451128235,178.4564573318827,181.07325967541618,2372600
2024-04-30,179.43408203125,182.38662252524875,178.5453455245671,181.18190186581595,1822700
2024-05-01,180.20431518554688,183.8579696114139,176.9555140515338,177.99236579787143,2267900
2024-05-02,181.10289001464844,182.9395939250848,179.51305482836926,181.94224970385136,1452200
2024-05-03,182.7421112060547,187.22525590149255,182.02125871398843,182.73224188095062,1640300
2024-05-06,177.9232177734375,183.4432138390482,177.51836452150178,182.99885315376645,2069200
2024-05-07,182.4754638671875,183.2753311216953,178.92056358483327,179.2958088350219,1749300
2024-05-08,179.42417907714844,184.450422499111,179.40442536099752,183.67032398936135,1208300
2024-05-09,180.86590576171875,185.02316664044477,179.64143146500297,179.72043126488828,1643900
2024-05-10,182.72235107421875,184.31218628513696,181.11277721378528,181.11277721378528,1112400
2024-05-13,179.7401885986328,183.5814654227855,179.59205832049037,182.97910512075106,1522500
2024-05-14,179.6611785888672,183.6308317483213,178.16021258146927,182.04099661969028,2206300
2024-05-15,181.61639404296875,183.42347503990788,180.08580483125473,181.56701728110593,2406600
2024-05-16,179.88829040527344,182.01137035908195,178.60457009538206,181.00414179991546,1924800
2024-05-17,180.7770233154297,182.61371202364765,178.92056582410825,179.88828693296577,2175200
2024-05-20,176.72840881347656,180.70793201249077,176.45191700816093,180.70793201249077,1458500
2024-05-21,173.26235961914062,176.92588320900313,172.52175341406812,176.60989906336152,2666800
2024-05-22,170.32955932617188,173.5882146027548,170.0925599141212,172.80811602305494,2957400
2024-05-23,169.42108154296875,170.3295566735067,167.63373925680716,170.3295566735067,1995200
2024-05-24,170.8924102783203,171.78114676270144,168.81872195010789,170.17155779287063,1852300
2024-05-28,171.13925170898438,171.57374302300641,168.2064504070049,169.7962854054932,2523600
2024-05-29,169.15443420410156,170.93189183610028,168.4236974365939,169.07543441293834,2285300
2024-05-30,170.87266540527344,171.89964783136037,168.43361604558018,168.76935392547793,1654400
2024-05-31,173.0549774169922,173.21297701832157,169.83581464518042,170.83315887668843,2655800
2024-06-03,167.20912170410156,175.76065770266817,166.14264703536773,174.31893776132313,2440400
2024-06-04,169.98394775390625,179.72045196295804,169.80620948444786,174.88183043717834,2962000
2024-06-05,173.76177978515625,175.62104557978526,170.76520613813125,170.76520613813125,1572800
2024-06-06,167.9664306640625,169.40043217796674,163.66442612234982,169.2323093195538,2684300
2024-06-07,166.67088317871094,168.37191044150984,164.0600065807695,166.30496961198617,1502900
2024-06-10,169.2322998046875,170.07292913995283,165.3753283509757,165.85992839124742,1842100
2024-06-11,171.99154663085938,172.2091209475325,166.91813247733523,168.13455972748818,1809600
2024-06-12,172.86183166503906,176.38257289738414,171.9717658751802,172.83216381140807,1467400
2024-06-13,171.0025634765625,171.76405842999495,167.94665413805453,171.70472272873664,1121400
2024-06-14,170.8344268798828,171.2102246544343,164.98961932883512,169.65755193141382,2149000
2024-06-17,172.00140380859375,172.18931024254616,169.04438249055042,169.58831819660685,1664600
2024-06-18,171.38824462890625,172.76291024478593,170.122366152001,172.01128452443098,1516500
2024-06-20,172.72335815429688,174.8595339297523,171.3981438658148,172.2981089041497,1689000
2024-06-21,172.96070861816406,174.53316498651904,171.20034581136497,173.93979291246973,2173400
2024-06-24,174.12770080566406,176.86713283919295,172.1299800982778,172.96071006316464,1524400
2024-06-25,172.92117309570312,173.7815709853236,170.54763930054494,171.85308515145152,1251000
2024-06-26,174.0980224609375,176.64956321226063,173.0497181789404,173.67277321428182,1456000
2024-06-27,172.44644165039062,175.24522446449512,171.73438308543658,173.9793459246796,1150600
2024-06-28,174.65185546875,176.451770418806,173.0398318709736,174.0584682906649,3118700
2024-07-01,176.7286834716797,178.5978334974158,173.71232626335873,174.21670990060474,1863000
2024-07-02,180.160400390625,180.67466826608776,176.33309690031228,177.08470757178662,2515200
2024-07-03,179.8637237548828,182.17792186731594,179.2604522740655,180.8428081520839,919800
2024-07-05,180.7537841796875,181.65373408183103,178.87473490046463,180.04172562405012,1195400
2024-07-08,179.06265258789062,181.0801569857765,176.02652682807602,180.16040833926473,1595900
2024-07-09,176.44189453125,179.49780393521263,175.46281016812742,179.31979682762497,1188700
2024-07-10,180.1109619140625,180.30876771226588,175.8781773884856,177.05505247166275,1375400
2024-07-11,184.6997833251953,185.62941628921072,180.62523723487863,181.1493894225955,1569900
2024-07-12,188.12161254882812,191.43466346985392,185.39206458373553,185.39206458373553,1876600
2024-07-15,193.0961151123047,195.58832015752168,187.90403007087266,188.26005936304654,2008800
2024-07-16,201.59136962890625,201.8682796486617,193.61040032655362,193.61040032655362,2009600
2024-07-17,196.48826599121094,202.09573099842208,196.47838173819088,199.83098454843085,2325100
2024-07-18,193.30381774902344,197.8332808578334,191.75112973489843,196.488282898702,1581400
2024-07-19,193.3136749267578,195.20260839347958,191.4741929033905,193.5708013055543,1228300
2024-07-22,193.1554718017578,197.0915629498372,190.7522851362901,195.41031920039342,1341200
2024-07-23,191.71157836914062,193.98619418619836,190.5347032640488,191.71157836914062,1826000
2024-07-24,192.47308349609375,198.34755998646347,180.84281702082785,194.96528884453102,3328700
2024-07-25,203.4308624267578,208.19769889450862,192.50275506658602,192.50275506658602,3154100
2024-07-26,200.69137573242188,204.68681702801445,197.22010163882055,197.79370519474077,2484000
2024-07-29,199.2771759033203,204.51871258040853,198.2783230348333,201.36390028438802,1270500
2024-07-30,202.76824951171875,205.70548773127265,201.0474385567841,201.0474385567841,1209900
2024-07-31,207.86141967773438,211.86674565248657,203.3418408798536,203.91544449684812,1643600
2024-08-01,200.9584197998047,214.15125751859912,200.3353798330951,208.3855837655872,2034300
2024-08-02,192.96754455566406,197.79371605638806,188.991901728064,197.1706610218623,2107000
2024-08-05,192.1170196533203,196.18168088240463,184.93711361608567,188.5567420283574,1645800
2024-08-06,195.6773223876953,200.41447521087423,192.35438737998047,192.84887166630435,1537400
2024-08-07,191.01927185058594,197.0322025226973,190.98960400094174,196.18168895515117,2497000
2024-08-08,193.8378448486328,195.69711063837403,190.57424546319075,193.55105059554833,2529200
2024-08-09,191.098388671875,195.2916207560181,188.68530299564463,193.8576193767554,2169900
2024-08-12,188.51718139648438,191.70166135540478,187.12274720067893,191.23684492664879,1500900
2024-08-13,192.86865234375,193.13566298919005,188.74465526908705,189.09078520999688,1086900
2024-08-14,190.8709259033203,195.5981942599065,189.9709609211326,192.8686465552026,820000
2024-08-15,194.96527099609375,199.33651043749913,194.47078669153936,195.43997170313625,1304900
2024-08-16,197.96185302734375,198.27833023903457,192.63131260294665,192.63131260294665,1194000
2024-08-19,197.95196533203125,198.70357606103425,196.1124830698336,197.96184958580073,755100
2024-08-20,196.55752563476562,199.73212174519944,196.33995131739186,197.5464943172047,911000
2024-08-21,200.66172790527344,200.97820510858395,197.1509013601373,198.37721279680642,913300
2024-08-22,198.68380737304688,202.84737227294536,197.4970479417069,200.7408640962531,860600
2024-08-23,201.5221405029297,202.511109125777,198.81236104376111,199.6430910652416,589000
2024-08-26,196.9234161376953,202.82755968709213,196.51795049417137,201.90782616364513,873400
2024-08-27,190.73248291015625,196.7750815999147,189.4270371276661,195.89490015825263,1035600
2024-08-28,192.05770874023438,193.2741359539505,189.96110003196526,190.71271077311775,742700
2024-08-29,190.00062561035156,193.4719147437934,189.01165709879993,192.84885975256807,873500
2024-08-30,190.67315673828125,190.96985034826227,186.51949146993837,189.9314302585606,1451600
2024-09-03,192.6313018798828,194.21365766932504,187.86448109523707,189.4567211380704,1400200
2024-09-04,193.7404327392578,197.46391957796288,192.41344709633265,196.2161589882826,1103800
2024-09-05,184.2534637451172,185.95676475940735,178.07406016828318,185.3923069837397,2693700
2024-09-06,183.0255126953125,185.6002591432142,181.08453650509682,184.48122594968038,1429800
2024-09-09,187.9373321533203,189.1355903214862,183.96627264013821,184.17422518569742,1445200
2024-09-10,189.30392456054688,189.85848479048653,186.4518832515625,188.43246413599434,1001900
2024-09-11,187.016357421875,188.6998481638043,181.02509718060827,188.6404331545389,1310100
2024-09-12,189.4029541015625,189.8287868707453,185.52101718534857,187.90762089814322,887600
2024-09-13,190.7398681640625,191.91831636545118,188.2344342193601,189.12568969218037,989200
2024-09-16,190.0565643310547,193.28490614857563,188.49190341759072,191.89850539519486,863800
2024-09-17,192.76995849609375,195.27539233203873,190.67053229399798,190.67053229399798,840900
2024-09-18,194.8396453857422,199.23653738673545,192.5421642963236,194.1860500643766,1245400
2024-09-19,202.53421020507812,204.53458606543623,199.99906903147445,200.24664164781282,2148100
2024-09-20,192.08665466308594,200.29615648033257,190.7497564078552,200.29615648033257,3753500
2024-09-23,194.26527404785156,194.3643091362303,191.99751558605453,193.66119627426028,981400
2024-09-24,196.49343872070312,197.99868450803402,195.18626312139946,196.26567613723236,1019800
2024-09-25,197.52334594726562,202.26683070157608,196.3547953224027,197.99868114706794,1387400
2024-09-26,193.43344116210938,201.10819237776215,192.02723049458191,199.74158668073352,1338600
2024-09-27,194.800048828125,198.9493532859826,193.91869089694103,195.83984175353913,1773900
2024-09-30,196.7113037109375,198.34527698666156,193.62160219583723,194.6911177458259,1386900
2024-10-01,192.85906982421875,195.3942110201246,190.40315367951416,195.3942110201246,1236600
2024-10-02,191.6212158203125,194.05733715073816,191.19539814937178,192.91849398516717,813100
2024-10-03,189.0761260986328,190.92797929727772,188.21457834399655,189.64059884176092,1250300
2024-10-04,189.9971160888672,194.0870202620718,188.55128546120804,192.89865969769122,1173500
2024-10-07,186.7489776611328,187.97694327728567,183.57013862051642,187.97694327728567,1273000
2024-10-08,190.29421997070312,190.5715000929118,186.4122831491484,187.23422605092173,1065900
2024-10-09,192.55209350585938,193.2948114050371,189.98724465391786,190.32393980832617,990800
2024-10-10,192.70062255859375,192.9085902098877,189.77926863922207,191.06664929658538,753300
2024-10-11,197.64218139648438,198.53343680941532,194.09693956462985,194.09693956462985,1047700
2024-10-14,200.4842987060547,200.55362629070203,195.94876662893543,196.5924644882188,935500
2024-10-15,199.50392150878906,202.1281851675999,198.92955123220094,200.5536269723134,1302500
2024-10-16,201.51422119140625,206.5746062987092,201.0091633608221,202.643151767662,1190800
2024-10-17,199.56333923339844,201.88061530070146,198.394788624267,201.88061530070146,1265600
2024-10-18,197.60255432128906,200.0089680280568,196.20625623852845,199.56334033736158,1450600
2024-10-21,196.12704467773438,196.56277493349936,194.19598114480732,195.4536392522882,1245000
2024-10-22,197.6124725341797,198.98897572640556,193.1066477316478,194.78024109635683,1547500
2024-10-23,186.83810424804688,196.0775162990509,184.3029630206696,191.90838670280138,3890600
2024-10-24,189.94760131835938,191.21517183560312,186.98664266024065,188.353233152206,1758700
2024-10-25,195.86953735351562,197.38469561205676,191.48255800502312,192.46295096981262,1949300
2024-10-28,198.92953491210938,199.12758996453167,195.89924878921548,197.45399681689412,1635800
2024-10-29,199.35537719726562,201.38547573481975,196.9192710407077,199.02857952053054,1733500
2024-10-30,201.84100341796875,206.79245558568695,199.54352235904375,199.54352235904375,1418900
2024-10-31,199.36526489257812,202.54408852392208,199.2860398495628,200.98934049781278,1268400
2024-11-01,199.02857971191406,201.0586782514203,198.36508689268072,198.36508689268072,936500
2024-11-04,202.0093536376953,203.3462366741986,198.6522696282142,198.6522696282142,917600
2024-11-05,205.00003051757812,205.1584806237843,200.70217338351412,202.26683418337393,1265700
2024-11-06,227.94505310058594,229.11360371255685,213.66506633839836,214.85342699074394,3077100
2024-11-07,220.74563598632812,228.67785662519506,220.15145570397075,227.9450362917053,1696600
2024-11-08,223.91456604003906,224.20174361132595,218.41845122202713,219.98311188890645,1092600
2024-11-11,229.5889434814453,230.99515416339597,225.71690404057185,225.8654566803915,1886200
2024-11-12,224.12255859375,228.99478615744445,223.86507338676273,228.10351561966687,1637000
2024-11-13,223.4095458984375,225.23167681679533,221.1813922429769,224.9345866406071,1308800
2024-11-14,221.26060485839844,224.5681866976361,220.33964192279188,223.22139097853656,1156500
2024-11-15,213.4769287109375,220.9833173463644,212.99168092980798,220.9833173463644,1683200
2024-11-18,211.91226196289062,217.54700201362064,211.8330369124454,216.82409420542868,1292400
2024-11-19,209.7435302734375,211.4864361082189,209.099832384048,209.40683513103093,926800
2024-11-20,212.2489471435547,212.55593475549182,208.3174929744969,208.9017606946761,675600
2024-11-21,216.26954650878906,217.64604973003048,212.0410017486049,214.10080784777088,1229500
2024-11-22,218.11148071289062,219.5573114788944,215.91303461331296,217.79458050256454,774000
2024-11-25,222.92431640625,225.23169530547645,219.7256820159321,220.478297428173,1888200
2024-11-26,223.77593994140625,224.01361509533712,219.676137977558,221.22098870152496,1069800
2024-11-27,221.9340057373047,226.49924557095932,220.17128984680005,224.7959446930686,1319100
2024-11-29,222.9539794921875,224.7959202359914,221.8448590823726,223.85514738047826,639800
2024-12-02,222.6668243408203,224.23147002904662,221.38934113747078,224.23147002904662,1294900
2024-12-03,216.4676055908203,220.8248930347866,215.3089674718748,219.9732425656513,1184900
2024-12-04,209.2298583984375,216.15031296007575,205.87868583004592,213.5130149446867,2008100
2024-12-05,201.2386474609375,209.5273364567582,200.7627461434223,207.99055508108637,1609500
2024-12-06,201.26837158203125,204.85748745578115,201.14940004590255,203.02327738307287,1313100
2024-12-09,202.19044494628906,203.35047801667145,201.11967079130946,201.36753826079413,1305900
2024-12-10,203.3405303955078,205.09543611490506,198.7698541754541,202.41847077615054,1454300
2024-12-11,203.0629425048828,204.57989020204792,201.62531421308557,203.86603068236673,1874900
2024-12-12,201.3080291748047,202.83490119677964,198.5220013516588,202.70600527672707,1083400
2024-12-13,198.9780731201172,201.74426715738545,198.86901083886985,200.56441569533575,849100
2024-12-16,197.1934356689453,198.67073117532718,195.70623091048014,198.37328719790833,1852200
2024-12-17,197.2826690673828,198.13533375455094,195.16092416609882,196.01358885326695,1632300
2024-12-18,190.13417053222656,198.1948098353529,189.78715004575565,196.0829894182737,1166500
2024-12-19,186.13853454589844,192.67231650555894,186.03938152038774,191.55195085752402,1679000
2024-12-20,179.8228759765625,185.2462170891131,174.52843078146083,185.2462170891131,5024100
2024-12-23,178.62319946289062,180.44750022994901,177.82011136046972,179.27757314954036,1597100
2024-12-24,180.02117919921875,180.51691410018665,177.47309454650213,178.1770447624731,576000
2024-12-26,179.89227294921875,181.27041528959177,177.89940907949313,178.56370712182013,756700
2024-12-27,178.69259643554688,180.8440840694667,176.3229842370243,177.43344069190076,1080500
2024-12-30,175.76776123046875,177.89941520410565,173.30892041428993,177.7705344202884,1404800
2024-12-31,174.895263671875,177.94899241898753,174.8357779054748,176.6402601722983,845700
2025-01-02,174.23097229003906,178.87105851657904,173.3584892107333,177.40367241621348,903300
2025-01-03,179.3668212890625,179.76340319329722,175.08366410590406,175.866933790418,1090600
2025-01-06,181.11180114746094,182.80722129870168,179.56511055538434,179.84272091146835,1149800
2025-01-07,179.09909057617188,180.7845860834858,177.03683173207662,180.7845860834858,1498500
2025-01-08,178.0481414794922,180.27894844153766,177.34419129265044,177.72095464295683,1483600
2025-01-10,174.9051971435547,176.3824775147092,173.77492213731466,175.3810984281218,1045700
2025-01-13,179.1288604736328,179.28749928447985,173.84432422524915,173.84432422524915,1229700
2025-01-14,182.05368041992188,182.2916386189929,179.52544452469948,180.02117942629266,1175100
2025-01-15,185.26605224609375,188.28011385979823,184.45303972723113,186.3864179903604,1956900
2025-01-16,188.29995727539062,188.92458813923125,183.7689478031612,185.1074230602958,1083400
2025-01-17,187.93310546875,189.62851037143474,184.8694673874133,189.62851037143474,1307500
2025-01-21,188.8055877685547,190.01518214135595,187.26882167318547,189.8863013541296,1440200
2025-01-22,187.17958068847656,189.76731752419877,187.03086626690643,188.57755676575118,1410200
2025-01-23,189.9061279296875,190.95709867606467,188.57756196493557,190.39195360125913,1178000
2025-01-24,189.18234252929688,190.41177047829066,188.1908727690648,188.39908807530983,870200
2025-01-27,193.049072265625,194.0603604687005,187.80418907184477,187.80418907184477,1852500
2025-01-28,188.36936950683594,192.72192171092135,188.0520918808672,192.5831165317175,1522700
2025-01-29,184.2547607421875,189.0633957605429,183.99698401707263,188.38918836839878,1556200
2025-01-30,185.1867218017578,185.63288017101786,181.6273489704096,182.96582407818977,1587900
2025-01-31,184.0267333984375,187.31840568280086,182.79730524503674,185.18675139534037,1556600
2025-02-03,180.4970703125,187.39769127367887,180.42766016852812,186.52520818453291,2165800
2025-02-04,182.0933380126953,182.3511147015264,179.5155106098735,179.55517787192613,1996200
2025-02-05,191.9981231689453,197.59001230716726,191.00665335629157,194.1991873633269,2772300
2025-02-06,194.2091064453125,199.37465555627853,192.12701384409235,192.70206813517817,1851500
2025-02-07,195.51783752441406,196.34075925697226,191.9683738977743,194.77423518966455,1871000
2025-02-10,200.05877685546875,200.2570677915487,196.31102218763152,197.58010233289764,1984600
2025-02-11,204.01473999023438,204.72859943905814,198.2741215166624,198.33360728262636,1956900
2025-02-12,201.28819274902344,202.23999523636775,196.98520253908796,199.61260645204175,1444800
2025-02-13,204.62945556640625,204.91697515764014,200.86186722428002,202.25984330149953,1287500
2025-02-14,204.5798797607422,207.7030187821067,204.25269290353472,205.23425347515712,1274100
2025-02-18,207.5046844482422,207.82196201030104,204.59968552269663,205.79937050236978,1865700
2025-02-19,203.36036682128906,206.73135801587594,203.18189439431802,205.5614309392866,1284900
2025-02-20,195.5674285888672,203.11251477860694,194.5561251023534,202.41848890693254,1366400
2025-02-21,178.8611297607422,195.5475668074369,168.54985082080276,195.5475668074369,5679600
2025-02-24,180.41775512695312,183.82841355387157,179.9319294936977,183.26326852363806,2225600
2025-02-25,178.34559631347656,181.17127622727156,176.53120472489047,179.1685180806689,2099400
2025-02-26,174.1913299560547,179.73364245543203,174.02278190706394,177.86967440767586,2414600
2025-02-27,173.27919006347656,176.6700151378386,172.58516419362985,174.40946508826391,1494600
2025-02-28,174.9944305419922,177.59207673777138,173.6956074441026,174.39954257368376,2123300
2025-03-03,170.8104248046875,177.24506958717473,169.97759376030558,176.6600908770364,2410400
2025-03-04,173.50721740722656,175.78760100459016,164.40553177869214,169.18440841410708,3026000
2025-03-05,175.29473876953125,175.6323751155011,170.50818821256433,174.2023680586002,2217500
2025-03-06,176.3473663330078,177.46952751654587,172.34534097133243,174.718750665871,2027100
2025-03-07,178.3037109375,180.2103820190787,175.41390618686324,176.34738388524417,2667000
2025-03-10,176.73468017578125,180.49836645267453,176.00975147683548,177.24113472114746,2021800
2025-03-11,165.87060546875,176.52612184910816,165.2648390117376,176.21827605425955,2507300
2025-03-12,163.3978729248047,168.66108710062042,162.92120898841756,167.87657738963176,2344400
2025-03-13,161.8487091064453,165.89046544922863,158.24391618633658,164.6193514750121,2044300
2025-03-14,161.37205505371094,163.31845696962367,160.63718608643143,162.81198728361525,1412300
2025-03-17,164.96690368652344,165.9301718219376,158.00556776885452,159.89237320672615,1602600
2025-03-18,160.95497131347656,165.21518687680225,159.37601146610146,164.1923375301725,1148200
2025-03-19,161.31246948242188,162.28566283698717,158.39287426585162,160.9648928507828,1646500
2025-03-20,160.0115509033203,162.27572349487644,159.2568166042196,159.79307678019885,1585700
2025-03-21,164.0731658935547,164.22211864309514,156.5755693915842,157.2111263777465,3630700
2025-03-24,168.86962890625,169.475395297629,166.3174608654469,166.44656334073392,1302600
2025-03-25,166.4366455078125,169.53498382758985,165.93017586893657,168.93914254169113,1478600
2025-03-26,167.49920654296875,168.30358165317833,165.76135384460926,166.38698566493804,1423100
2025-03-27,169.0483856201172,170.3492901493108,167.1913706191651,167.59852834058606,1260200
2025-03-28,163.7057342529297,168.75045916052574,163.57663177182985,168.4326882531144,1285800
2025-03-31,164.30157470703125,165.4634516795778,160.92518086302633,160.92518086302633,1608300
2025-04-01,165.93016052246094,166.83384749977398,161.8884198345491,162.53390187384588,1219200
2025-04-02,168.91929626464844,169.39596021289424,163.32837075819975,163.517054341617,904900
2025-04-03,154.6688995361328,164.47038450051417,151.95785340504574,161.40183661510665,2683400
2025-04-04,151.0045166015625,154.69869649836963,146.0392226706792,152.10681246033357,3326300
2025-04-07,150.35902404785156,158.75036717984418,144.9468570682497,151.21305515098518,2779500
2025-04-08,147.31033325195312,156.3570991880906,145.30436546096377,156.3173835048392,1877800
2025-04-09,164.34129333496094,165.05629682692702,144.77802439210163,145.82073908062497,3158600
2025-04-10,155.66195678710938,160.83579946624522,151.17332705991726,160.83579946624522,2180900
2025-04-11,151.17332458496094,153.74535818394003,145.1256006215646,153.74535818394003,2640800
2025-04-14,154.03334045410156,154.76820937047006,150.89527122576956,153.20909988858486,1189200
2025-04-15,151.78903198242188,155.39382484558735,150.41860609476265,154.2220228249719,1001800
2025-04-16,146.82373046875,150.83568082960034,144.8872539393174,150.0213805994274,1928000
2025-04-17,152.6827850341797,153.74536518552077,148.01541187183977,148.35304821506296,1456500
2025-04-21,148.8297119140625,151.67980086691105,146.029294082797,150.41861199550158,1791100
2025-04-22,151.0144500732422,152.1068055970229,147.60825071085483,149.23686644058375,1840300
2025-04-23,152.1663818359375,166.72462615600736,150.54770644317176,158.0154970296254,3069700
2025-04-24,157.79702758789062,158.07508282261938,149.85255767478603,150.6072920143702,1834800
2025-04-25,145.72145080566406,150.4682705609686,143.89421113461265,148.2438134391394,4094900
2025-04-28,147.9657440185547,148.49206390920963,144.77801897344116,145.98955178099072,2699000
2025-04-29,148.61123657226562,148.99852888046428,145.55262894247193,146.93298000532087,2026000
2025-04-30,152.216064453125,152.59343167778147,145.35402393133816,148.11472641528297,2958800
2025-05-01,149.5149383544922,153.11974683669874,148.57153547552954,151.7989767450008,2153700
2025-05-02,156.9132080078125,159.70371583040173,151.19319504916447,151.93798911344606,2628100
2025-05-05,155.14556884765625,157.628215795913,154.97675067351972,155.8009912786859,1272100
2025-05-06,152.2855682373047,154.55966615030343,151.46132764096038,152.93105037579306,1012300
2025-05-07,154.510009765625,155.41369687937703,152.89133428099555,152.89133428099555,1173900
2025-05-08,159.00856018066406,160.3094647021745,154.46034934511027,155.0164749664581,1733900
2025-05-09,157.18133544921875,159.17737805262183,156.2478578133503,158.6411330026941,1058000
2025-05-12,174.8478546142578,175.62243919702928,166.83386353874937,168.680953348329,3596800
2025-05-13,170.1506805419922,175.14576478218885,170.05138375991078,174.7386222157696,1841000
2025-05-14,170.45851135253906,170.80608794147594,167.20128019007095,169.28670941794726,1470400
2025-05-15,168.75045776367188,170.1407490365991,167.62831173565448,169.36616446215857,1652400
2025-05-16,170.09109497070312,170.34928478077592,167.77726635351294,170.00172332331718,1098200
2025-05-19,170.41880798339844,171.19339257475974,166.67497235656984,167.81699897922968,2107100
2025-05-20,168.42276000976562,170.52803958520394,167.63823515847625,169.217194840055,1886500
2025-05-21,163.05030822753906,167.47934148553048,163.02051767916174,165.78121961653028,2048800
2025-05-22,162.46441650390625,163.417744412093,161.21315278920954,163.00066155815205,1264400
2025-05-23,160.43856811523438,161.52099850855373,157.46933217112215,158.56168769683816,896100
2025-05-27,163.07017517089844,163.56670451900035,159.95197147093327,163.56670451900035,2223400
2025-05-28,161.3025360107422,163.9838069329383,161.03442104082256,163.8547044380974,1015800
2025-05-29,160.88543701171875,162.94107582578178,159.79308151660604,162.78218279464318,1301800
2025-05-30,159.05821228027344,161.32238493421607,157.85661972286997,160.72655879799999,2898000
2025-06-02,158.88938903808594,160.8357907210666,156.16840279577445,160.82585043641302,1563500
2025-06-03,161.8983612060547,162.39489056389766,157.1813323065463,158.50210221675346,1367600
2025-06-04,160.64495849609375,162.33605967823726,159.17269213046714,161.52034329898933,1318200
2025-06-05,158.8444061279297,160.68473136794051,157.11352105700612,159.30200568097737,1320100
2025-06-06,159.49102783203125,162.46538724001442,158.90411882390646,161.6894548553268,1232600
2025-06-09,161.36119079589844,163.03239237084588,158.58578186608153,160.26694082734292,1198900
2025-06-10,167.011474609375,167.2601664242784,162.07742232295612,163.01250597562392,1916500
2025-06-11,161.26170349121094,169.36904970206598,160.7245359082874,167.64810678056153,1710500
2025-06-12,161.5601348876953,162.19678525028482,158.5857756739886,160.6349935542316,1305900
2025-06-13,159.341796875,161.14233819024608,158.81457149295332,159.3219124605795,1530700
2025-06-16,158.61563110351562,160.5554241578596,157.42191346845345,160.35647374850643,1998300
2025-06-17,155.8501739501953,159.66013411216431,155.2433653566923,159.66013411216431,1298800
2025-06-18,155.21351623535156,158.07845046680413,154.9051408493992,155.999390779174,1281200
2025-06-20,155.6412811279297,158.4763585102752,154.7360393426546,156.4171983213247,2545800
2025-06-23,160.51564025878906,160.5952234583741,154.23866148884665,155.05436272144277,1256400
2025-06-24,161.1224365234375,162.91302042948843,160.61511074128228,161.37112831097394,1177300
2025-06-25,159.5109100341797,161.23185286144005,158.29729296183896,161.03290247787987,1400600
2025-06-26,160.1475830078125,161.31145885405635,159.0931169858931,160.0878842232581,1672000
2025-06-27,162.823486328125,163.30098550803126,160.51563434101564,160.72454212959246,6623100
2025-06-30,161.45071411132812,163.58945744709814,160.47584653854827,162.96276445406798,1884800
2025-07-01,167.5685272216797,171.33870330678388,159.72977222172892,161.20202338736294,2076800
2025-07-02,168.96121215820312,170.1648719498105,166.07637821921426,167.75753718765316,1465200
2025-07-03,170.13504028320312,171.71671655595017,168.8816390219789,169.6177570669602,1369300
2025-07-07,163.45018005371094,169.77689942775856,162.77374571043845,168.86171551565624,1496900
2025-07-08,166.50413513183594,168.50361169544803,163.0025504147318,163.23134261559665,1971000
2025-07-09,167.13082885742188,168.23502103708861,165.42978547565636,166.62350305879653,896600
2025-07-10,170.2245635986328,172.3533648644041,166.4743020690877,167.1208946972318,1262300
2025-07-11,166.852294921875,169.63764606284172,166.39471051908927,168.81198748161935,1137600
2025-07-14,164.86277770996094,166.72300285252825,163.61931860509108,165.6486523644474,1017200
2025-07-15,160.5056915283203,165.937111863525,160.35646734305877,165.76800326338272,1142200
2025-07-16,159.9884033203125,163.63919695678098,158.36692800080448,162.82348060399173,1452400
2025-07-17,161.3810577392578,163.03237472068813,159.9883899109075,160.17739808309952,1770100
2025-07-18,161.24180603027344,164.81301650742634,159.6103884878594,164.64390791095602,1548700
2025-07-21,162.39573669433594,164.99207955430964,161.40096954766312,161.96799410715883,1080100
2025-07-22,166.01670837402344,166.42456659592787,161.81878929823878,163.6988988233504,1229000
2025-07-23,165.1214141845703,168.11565801376886,164.9721899961272,166.88214121244363,1577600
2025-07-24,166.91197204589844,167.1905208102324,163.62925262107248,165.64862870463546,1315600
2025-07-25,166.21563720703125,173.8753411228547,162.9229604136054,172.46277361039412,1747300
2025-07-28,163.46014404296875,166.68317986820324,163.3009776573186,165.60882953347775,1634000
2025-07-29,161.2716522216797,164.58422879070324,160.70464281559967,163.46015218603836,2771600
2025-07-30,145.693603515625,151.70199042486547,143.74385322224958,151.70199042486547,5557100
2025-07-31,148.46900939941406,150.73707747441628,146.72816674313952,148.01140979388683,4285100
2025-08-01,141.10772705078125,147.38470537208903,140.98834467046464,147.36480577887923,2653900
2025-08-04,143.60459899902344,144.3904584378387,141.13758050036182,141.2967317223497,1694100
2025-08-05,146.37998962402344,147.19570602626266,143.32606216684962,143.62449536715528,1790600
2025-08-06,149.14544677734375,150.12032961295282,146.03183560087342,146.49937742353762,2849200
2025-08-07,144.5695037841797,151.69203982960946,143.95275304234312,149.75223185058445,1806100
2025-08-08,143.70408630371094,145.92241306263125,143.02763666799788,144.68889618512154,1440300
2025-08-11,142.2716064453125,145.31559158986963,140.17264708670822,143.77369942387153,2071000
2025-08-12,148.44911193847656,148.8967541635929,142.29150025428495,142.73915765834488,1568100
2025-08-13,152.656982421875,152.7465078276507,147.83235539138846,148.31979678773897,1983100
2025-08-14,150.31927490234375,151.92085073030253,148.52869087435516,151.19467491134776,1662200
2025-08-15,150.34910583496094,152.51770610622847,150.22973863470583,151.32397338790915,1499700
2025-08-18,149.67266845703125,151.59256172432353,149.17528489403014,150.52816879255084,1136000
2025-08-19,153.98997497558594,156.8051681445374,150.5381313670127,151.10514081249994,2958900
2025-08-20,149.45382690429688,153.61194643961508,149.3444019071073,153.07477884001162,1512200
2025-08-21,148.9663848876953,149.19517708850407,146.39988374728895,148.53864228709887,2050000
2025-08-22,158.29730224609375,159.22242841443145,149.20513105576555,149.42398104419985,1962300
2025-08-25,154.6564483642578,158.03865056636602,153.88053120990426,157.6904911749695,1721300
2025-08-26,153.671630859375,155.7705902319457,153.01509605168775,153.63184685061378,2155600
2025-08-27,153.01510620117188,155.17374931953842,151.751747539272,153.0051488141141,1975000
2025-08-28,148.91664123535156,153.59204386472248,146.66847291184308,153.55225985694508,1977600
2025-08-29,150.1800079345703,150.3391743322046,147.424498493931,148.8370661203134,1679400
2025-09-02,149.1156005859375,150.46848461573845,147.2553907370649,147.87214155777275,1794000
2025-09-03,147.61068725585938,150.03248785960406,147.27183712491825,148.54752072980688,1485900
2025-09-04,148.30831909179688,148.46778333859004,140.23563549157484,145.4380234789103,3284600
2025-09-05,150.20191955566406,153.63030954344342,148.28837905024903,148.76677178027643,1891900
2025-09-08,150.6005859375,150.77997183074086,147.12234578084158,150.3912871880363,1603200
2025-09-09,147.72032165527344,150.14212233487177,147.24194409029388,150.14212233487177,1311000
2025-09-10,145.81674194335938,148.17874708433789,144.39157020892762,146.52435500809585,1199200
2025-09-11,148.89633178710938,150.33147964553856,145.09917861596858,145.23870603512987,1682400
2025-09-12,144.4015350341797,148.8863642866549,143.98295279549703,148.6372071059618,1864000
2025-09-15,144.7603302001953,146.51439137720115,143.32518232475945,144.8400623274249,1582400
2025-09-16,146.5243682861328,146.89311607037573,144.14242609734404,145.30847995136884,1707700
2025-09-17,141.31199645996094,149.37473532901518,141.06283925008862,146.17555006302072,1977500
2025-09-18,141.90997314453125,143.9929236709275,140.64425032009902,141.79038255579226,2222600
2025-09-19,140.3651885986328,142.4780518760579,139.61771704093402,142.36842210596814,4264100
2025-09-22,138.4616241455078,140.35522788407877,138.19254533383832,140.35522788407877,2093100
2025-09-23,138.87025451660156,141.1425669832296,138.19255422639787,138.61113650105582,1541300
2025-09-24,140.58444213867188,141.7305742693018,138.60116075626007,138.60116075626007,1667200
2025-09-25,139.95657348632812,141.73058672083167,139.1891802683819,140.68412345131136,1923300
2025-09-26,138.12277221679688,142.91655398102478,133.23929751651818,140.14592732468498,3893900
2025-09-29,140.56451416015625,141.02297008275383,136.13949522289806,139.1692399737255,2682000
2025-09-30,140.30540466308594,140.7239869443943,137.60454906545002,139.52803539674912,2368000
2025-10-01,138.77059936523438,140.16587360006872,136.35875949796434,138.8802291413534,2305600
2025-10-02,140.12600708007812,141.1226358211673,137.52480545754145,138.52143419863063,1502500
2025-10-03,140.85354614257812,144.72047064349164,140.61434976270212,140.61434976270212,1806600
2025-10-06,142.33851623535156,144.59089159108734,139.56787449748703,141.0428959020703,1477400
2025-10-07,140.88345336914062,144.12249709772544,139.8170532112789,142.15913706719533,1478000
2025-10-08,144.2919158935547,146.44463774305524,139.06957552695488,140.16587328568625,2244200
2025-10-09,140.8037109375,144.3915805804245,139.62769629236527,144.01285678274132,2049400
2025-10-10,133.85720825195312,142.2089622474936,133.7475784784789,141.37179772678954,2136300
2025-10-13,135.7209014892578,137.4351042267497,134.79404401294744,135.1029965050509,1282300
2025-10-14,134.9734344482422,137.01652658062926,133.578160176409,134.25587568512012,2628600
2025-10-15,134.58474731445312,137.4052086612255,134.32562929945502,135.00334479557515,1884600
2025-10-16,137.6344451904297,140.01638744576283,135.0432041930841,139.41840407488343,2326800
2025-10-17,137.5746307373047,138.48156658106984,135.5415147079192,138.26230703186621,1870200
2025-10-20,140.2356414794922,141.83023839346868,137.2158423035394,138.11281732454015,2009100
2025-10-21,143.8733367919922,144.51117862729456,139.2689165186328,139.66756196294094,1862700
2025-10-22,140.5446014404297,144.4214869691335,140.24560975086237,142.60761520448105,1603000
2025-10-23,135.40199279785156,140.77382155730172,133.97680567001632,140.07618442114241,2090700
2025-10-24,135.66110229492188,137.67429665337437,135.4019842912985,137.3852810034617,1145600
2025-10-27,136.26904296875,137.27564772594658,133.8871008953203,135.80062624571445,2082600
2025-10-28,135.63121032714844,137.77397138079832,135.3122970175944,137.53477499312126,2065700
2025-10-29,135.67108154296875,146.49447077028907,133.57815500883643,141.5511852990953,4290600
2025-10-30,136.7873077392578,139.72735976395052,134.3854285947646,135.86045022131722,2762400
2025-10-31,139.9466094970703,140.79375003111096,134.12630115338422,135.94015759968622,2377200
2025-11-03,137.04641723632812,140.02634274519508,134.66447507479276,139.74728790506654,2462700
2025-11-04,140.88345336914062,141.48143675581906,134.75419208875826,136.288993810454,2588100
2025-11-05,140.30540466308594,142.88666966816203,137.79389576788674,139.9964521607404,2351400
2025-11-06,137.22581481933594,139.94660704478656,136.99659446522966,139.41839502464939,3031300
2025-11-07,139.42835998535156,139.7173908471407,135.45182089309034,136.7275045125812,2065600
2025-11-10,137.2955780029297,139.77718918938677,135.13289533197573,139.43833904717616,1639400
2025-11-11,139.0396728515625,139.5379872316292,135.80062938112903,137.39524148028164,1560300
2025-11-12,138.3819122314453,141.04290925003858,138.22244797682927,138.9699195620751,1487800
2025-11-13,134.9933624267578,139.15927854910214,134.21599321097048,137.54472961778782,1870000
2025-11-14,131.84400939941406,135.2225802216689,131.01682092720293,134.86380847411576,1936200
2025-11-17,129.4521026611328,132.32239821511155,128.93385147336502,131.70447807330666,1991000
2025-11-18,130.2195281982422,132.04336080472302,128.0767670626645,128.76444339709897,2030700
2025-11-19,127.08013916015625,130.5085370277495,126.14330566424611,130.35904879216747,1963600
2025-11-20,125.86425018310547,130.07999328970803,125.58519533986448,127.80768087626095,2257500
2025-11-21,133.8273162841797,136.19929773417616,126.41239545507214,126.90074904987992,3335800
2025-11-24,131.88388061523438,133.59808323376734,131.30583413155722,133.49841427862225,2663200
2025-11-25,133.87713623046875,134.62460776180345,131.87391800113676,131.88387881357622,2066300
2025-11-26,134.45518493652344,135.68103401018888,132.99013949421823,133.0001003068229,1460200
2025-11-28,134.8339080810547,135.92024506625324,133.94690902826994,135.29236403531775,587600
2025-12-01,139.19912719726562,142.7869965613652,135.54150173274166,135.9301863132402,2628400
2025-12-02,140.98312377929688,141.96977660786274,137.4949228051118,139.0297245425195,2293900
2025-12-03,150.73947143554688,150.8393380634968,141.30265411958504,142.1015414306603,4491200
2025-12-04,153.2958984375,153.81517747463585,150.68953792155034,151.47844466378663,4582700
2025-12-05,154.93362426757812,156.51142265407395,152.81658566070215,152.81658566070215,2833500
2025-12-08,151.4684600830078,156.8110050794752,150.98913375648186,156.8110050794752,3444700
2025-12-09,148.68235778808594,151.65819762142087,147.65379544237774,151.57830736070937,1674500
2025-12-10,157.10060119628906,158.56853704433968,148.28291411492398,149.11175838508717,2991400
2025-12-11,158.6983642578125,162.96241347264467,156.91086734229054,156.91086734229054,3657400
2025-12-12,159.267578125,161.0151375464002,157.79962699202312,158.89808377154077,2264000
2025-12-15,157.2404022216797,160.67559176295202,154.66399863759435,159.91665719642236,2593400
2025-12-16,156.72113037109375,159.0778396713173,154.64402935754853,158.5585606085538,2208500
2025-12-17,155.5128173828125,158.81819887635427,154.6040980334996,155.91226869227202,2272500
2025-12-18,158.32888793945312,159.8767293444606,156.0920063760062,156.69117570617328,2631400
2025-12-19,157.17050170898438,157.92943631981538,153.67538284428716,157.92943631981538,5049000
2025-12-22,159.0778350830078,160.2362209444115,156.78103973367524,158.1790811267429,1564300
2025-12-23,158.39877319335938,159.2276174490295,157.9494038405886,158.39877319335938,1175400
2025-12-24,159.13775634765625,159.65703541952928,158.09921344141927,158.46869256154537,795100
2025-12-26,159.267578125,159.3973864633694,157.81958812868984,158.4387338280634,702500
2025-12-29,159.33746337890625,161.27476014935178,158.32887748514693,159.45729114202393,1523500
2025-12-30,159.0878143310547,160.55576540035045,158.12916173733598,158.81818662266144,1427600
2025-12-31,156.58132934570312,158.8681290010389,156.4415251995801,158.43873599420002,1232800
2026-01-02,158.96798706054688,159.92663965724662,155.78243357696527,157.52999292798893,1891200
2026-01-05,163.50164794921875,165.7185530216299,157.9394241324093,158.79822533377134,1824600
2026-01-06,168.6444854736328,169.76291864991165,163.3918112975179,163.7712862269736,2038100
2026-01-07,165.48887634277344,170.16234196854302,164.99955424605494,168.84419085775212,1857000
2026-01-08,170.8314208984375,172.5590038506239,163.52162257819026,163.8012308512317,2283400
2026-01-09,172.8885498046875,173.43777055935107,169.35347831871363,171.36068483215067,1787700
2026-01-12,173.32794189453125,173.68742520077987,169.89273697362952,171.00118954708898,1897000
2026-01-13,171.4105987548828,173.38784827877402,170.4918836800229,172.87854980860138,1394100
2026-01-14,173.27801513671875,174.67605661673983,169.14378934578866,170.50189331388455,1708200
2026-01-15,177.9614715576172,178.3109742982755,173.67744594240665,173.9071209134117,2101600
2026-01-16,175.405029296875,178.34093155868584,173.81725039610265,176.58339157143237,2495000
2026-01-20,169.76290893554688,173.30796096376142,167.76569824218748,171.62031548987142,3022100
2026-01-21,178.1511993408203,180.01860182208557,171.13100451602148,171.77011136996802,2266500
2026-01-22,178.00140380859375,180.9972198614733,176.83303737647174,178.94009527649735,1650700
2026-01-23,174.05691528320312,178.20112138428792,173.23805158346605,177.20251603583293,1656100
2026-01-26,173.7473602294922,174.2466629329349,170.851395407019,173.68743110557128,1416200
2026-01-27,174.19671630859375,175.54482436240454,172.82863188166863,173.28798180074202,1207300
2026-01-28,172.4791259765625,175.50489912078206,172.31934545549586,174.81585895650272,1953300
2026-01-29,172.34930419921875,174.98562187432597,170.37206975226567,173.11823463206525,1492500
2026-01-30,172.9584503173828,173.0583169512807,169.7529355518816,170.46193684502592,2216600
2026-02-02,185.87042236328125,186.0701403897464,173.08827058189908,173.08827058189908,3685100
2026-02-03,189.50534057617188,189.98466687524177,184.1228583764341,184.74198881429555,3144900
2026-02-04,208.24916076660156,208.44889403407217,189.6651138991302,191.18299835435468,6487800
2026-02-05,201.85809326171875,206.1421036874588,197.72386754972487,199.74105470739124,4258800
2026-02-06,202.18763732910156,204.5543272601364,198.0434309982796,198.0434309982796,2906400
2026-02-09,195.8365020751953,202.5371508929765,194.60822172182728,201.14907478397612,2303100
2026-02-10,194.21876525878906,196.63538844263493,192.67092387693287,195.0476095502025,2613500
2026-02-11,194.18881225585938,199.7210794521808,193.9291651005657,194.42846779919617,2393100
2026-02-12,185.25128173828125,199.4714280790845,183.61356949646898,198.51276019332428,6282400
2026-02-13,192.9405517578125,195.1474611098436,186.97887643308098,187.72783046646424,2096800
2026-02-17,193.05039978027344,196.60543250252402,190.46400026014513,192.71086236985496,2237200
2026-02-18,193.53970336914062,194.90778784330445,191.82210092219358,191.82210092219358,1792600
2026-02-19,194.89781188964844,195.676722873856,191.62238743361954,192.37134147516593,1840200
2026-02-20,201.109130859375,202.58706251111056,193.53970047665544,193.90917958021222,2002600
2026-02-23,193.609619140625,201.1590734998205,193.00046923928733,201.09915961403468,1280300
2026-02-24,196.42567443847656,198.14327690443142,191.74221278639666,193.99907068846997,1013900
2026-02-25,191.43264770507812,197.28447582323847,188.41685520032428,197.08475779535934,1581300
2026-02-26,198.0933380126953,199.28168081485228,192.97050293880744,193.1901973343747,2220800
2026-02-27,202.76683044433594,203.57569838403177,194.937767729552,196.06618147520368,3549200
2026-03-02,207.46026611328125,208.85830753961875,199.14188153280122,202.38734899305712,2843900
2026-03-03,207.65000915527344,208.77843813241378,201.45865872750792,204.02506668004142,1638400
2026-03-04,216.19000244140625,221.6300048828125,212.5800018310547,213.6699981689453,3092000
2026-03-05,210.67999267578125,214.4499969482422,208.00999450683594,213.38999938964844,2194700
2026-03-06,193.97000122070312,204.2899932861328,191.13999938964844,203.57000732421875,3395100
2026-03-09,197.22000122070312,197.69000244140625,184.69000244140625,190.77000427246094,2558500
2026-03-10,195.02000427246094,198.9199981689453,192.8800048828125,195.69000244140625,1521400
2026-03-11,188.77999877929688,195.8000030517578,185.05999755859375,194.3800048828125,1586700
2026-03-12,176.24000549316406,185.9499969482422,176.0500030517578,185.0,2473400
2026-03-13,180.75,180.99000549316406,176.0800018310547,179.3300018310547,3081200
2026-03-16,182.44000244140625,184.07000732421875,179.92999267578125,183.33999633789062,1696400
2026-03-17,184.42999267578125,188.35000610351562,181.7100067138672,185.97999572753906,1870300
2026-03-18,182.57000732421875,184.0500030517578,179.63999938964844,182.82000732421875,1768200
2026-03-19,182.36000061035156,183.7899932861328,177.91000366210938,181.13999938964844,2103100
2026-03-20,183.9199981689453,184.36000061035156,179.99000549316406,182.39999389648438,3750400
2026-03-23,187.6999969482422,193.22000122070312,187.60000610351562,189.80999755859375,2156300
2026-03-24,185.02999877929688,191.36000061035156,182.88999938964844,184.7100067138672,3188800
2026-03-25,189.0500030517578,190.52000427246094,184.22000122070312,186.11000061035156,1786100
2026-03-26,187.92999267578125,191.55999755859375,186.83999633789062,188.6999969482422,1743400
2026-03-27,188.33999633789062,188.92999267578125,184.4600067138672,185.94000244140625,1798200
2026-03-30,189.75,194.85000610351562,189.33999633789062,189.4600067138672,2648600
2026-03-31,195.39999389648438,195.85000610351562,189.27999877929688,189.75,2653700
2026-04-01,199.6300048828125,201.6300048828125,194.6699981689453,194.6699981689453,2053500
2026-04-02,198.0,203.47999572753906,195.3300018310547,197.97999572753906,2060700
2026-04-06,202.17999267578125,202.44000244140625,196.47000122070312,198.0,2762900
2026-04-07,198.92999267578125,204.0500030517578,196.63999938964844,203.11000061035156,2940700
2026-04-08,207.52999877929688,210.17999267578125,203.3000030517578,205.22999572753906,2381700
2026-04-09,209.5,211.58999633789062,206.27000427246094,206.3699951171875,1300200
