Price,Close,High,Low,Open,Volume
Ticker,PLD,PLD,PLD,PLD,PLD
Date,,,,,
2021-04-12,95.31047821044922,95.35386691159556,94.00889661829511,95.08487550100999,1725100
2021-04-13,96.12615966796875,96.21293046951992,95.13695796587221,95.62287975070902,2152400
2021-04-14,95.154296875,96.53397021544586,95.03280983314609,95.98730831794236,1904900
2021-04-15,97.49713897705078,97.61861939601759,95.4579958070379,96.00465769238853,2539600
2021-04-16,97.67068481445312,98.07851479033604,97.2888920325048,97.79216523873485,2373300
2021-04-19,97.4017105102539,98.0525014490752,96.0480674759657,97.18478019731347,2554000
2021-04-20,99.57099914550781,100.39533156661159,96.75958455269873,97.51449769492159,3351500
2021-04-21,99.53630065917969,100.534181389299,99.39746870604844,99.81397118562973,2318600
2021-04-22,99.51028442382812,99.85737428696251,98.6425630760864,99.29335408689269,2088300
2021-04-23,99.67513275146484,100.12634484503731,99.04169338721327,99.8660258470847,1749800
2021-04-26,99.97885131835938,100.64699382033098,99.53631159253032,99.98753038519202,1584400
2021-04-27,99.65777587890625,100.20444445747042,99.58835659588426,100.06560589142644,2366600
2021-04-28,99.87471008300781,100.48211890294768,99.64910071444801,99.79661835169142,2249500
2021-04-29,100.88992309570312,101.08082278503431,100.01352960586263,100.1263309585646,1751600
2021-04-30,101.11554718017578,101.49734661456581,100.06560535579037,100.86390724570846,3323100
2021-05-03,100.66432189941406,101.46262368477935,100.34326272434515,101.38452534697932,2038000
2021-05-04,100.30856323242188,101.15893286905268,99.54497100660888,100.65565301513213,2704400
2021-05-05,98.06117248535156,100.21311730620009,97.59260225334731,100.14370464308583,2512000
2021-05-06,99.54497528076172,99.78793615303479,98.08720342693597,98.33884336470088,1866800
2021-05-07,100.67301177978516,100.72507955406529,99.69248919664413,99.69248919664413,2610100
2021-05-10,100.8292007446289,102.05269081374493,100.49079000640263,100.70772030630087,1900400
2021-05-11,99.66644287109375,100.29987554642283,98.3301516256364,100.20443231906324,1871900
2021-05-12,97.5058364868164,99.42349960063314,97.18477725013327,98.85080041414767,2086500
2021-05-13,98.48635864257812,99.38878950738196,97.21948645358069,97.82688866057002,2066000
2021-05-14,99.48423767089844,100.03089964784486,98.86815640857195,99.03301893611535,2148300
2021-05-17,99.0850830078125,99.85735432329362,98.74667227946401,99.57100474694116,1427300
2021-05-18,99.77059936523438,100.23916304794211,98.39091903667597,98.98096979363517,1667100
2021-05-19,100.09162139892578,100.14368916344718,98.55575805936172,99.07638936327228,2112100
2021-05-20,101.83577728271484,102.20889772478749,100.00488472047331,100.32594400045764,2464200
2021-05-21,101.9832763671875,102.3911064095743,101.49735459082245,101.71428490101223,2372200
2021-05-24,102.52125549316406,103.29352678928353,102.04400621120843,102.4865458526412,2280200
2021-05-25,102.54729461669922,102.93776651980333,101.30645300036689,102.72951527949364,2072100
2021-05-26,101.96591186523438,102.99849550846335,101.8444314366192,102.68611537197096,2231800
2021-05-27,101.4018783569336,102.66007118078811,101.27171888062789,102.08737875330338,3470100
2021-05-28,102.25227355957031,102.92910172622298,101.7403211765428,102.13947217522224,2870700
2021-06-01,103.9790267944336,104.22198765673889,101.96591399509215,102.79024643794041,2547100
2021-06-02,105.63638305664062,105.73183292369718,104.10919842411127,104.29141909207712,3934300
2021-06-03,105.7491683959961,106.00080829884293,105.08969853405907,105.64503948510509,4006000
2021-06-04,106.20040893554688,106.49543761881728,105.4021069317133,106.17437835588528,2521400
2021-06-07,106.45203399658203,106.87721551861081,106.2090731268513,106.57351443144739,1688000
2021-06-08,107.30241394042969,107.99658697470703,106.51278441797088,106.83384366669388,2564200
2021-06-09,107.25904846191406,107.86645082599442,106.8859279753535,107.69290918488268,1538200
2021-06-10,109.5758285522461,109.61053819355215,107.09414547045483,107.20695345974627,2550900
2021-06-11,108.2135009765625,109.48905209275132,107.5106489820041,109.48905209275132,2385300
2021-06-14,109.4717025756836,109.48037502057878,107.97054208545092,108.40440265693948,1977900
2021-06-15,107.387451171875,109.81182168226425,107.30896751596481,109.29729997330816,2666500
2021-06-16,105.88748931884766,108.32930531050344,105.82644425172693,107.84966074497392,4271600
2021-06-17,106.92523193359375,107.1258056746298,105.60839539633797,105.65200185486482,3612600
2021-06-18,104.27413940429688,107.25663808073101,104.14332665812078,106.55025856615784,7018100
2021-06-21,106.90780639648438,107.16070926505569,104.21309442874323,104.61424863817658,2745100
2021-06-22,106.3758316040039,107.02116597010759,106.13164473927789,106.74210192097532,2078400
2021-06-23,105.6258544921875,106.59385944840058,105.54736418722877,106.33223396975455,2583600
2021-06-24,105.75664520263672,106.24501224821377,105.05898845003018,105.9485029719622,2340400
2021-06-25,106.3932876586914,106.46305534577849,105.16365712407983,105.56481799812411,2075800
2021-06-28,106.0618896484375,106.82059153982036,105.18109099115763,106.803152946642,1447000
2021-06-29,105.91362762451172,107.0037226253956,105.76537630121037,105.9049116549612,1743800
2021-06-30,104.23924255371094,106.6025677002984,104.15203628494693,105.59967897598267,2910800
2021-07-01,104.63167572021484,105.64328036545459,103.9078510827397,104.24796017198001,3211500
2021-07-02,105.54736328125,106.2101429422952,104.71889369500269,105.0066803883606,1789900
2021-07-06,106.86418151855469,107.01243282464466,104.86712691037603,105.74792543178836,2864500
2021-07-07,107.51825714111328,108.08510790502436,106.2363042814195,106.9514063772022,2980300
2021-07-08,107.36128234863281,108.03277797525863,106.82931542932401,106.95140554325599,1927000
2021-07-09,109.34961700439453,109.40193943908119,107.21303331146618,107.67523256029794,2311200
2021-07-12,111.11122131347656,111.46876906184205,109.73333945114187,109.74205542185884,2730500
2021-07-13,109.54147338867188,111.00656142169596,109.04439030532865,110.640291076793,1811300
2021-07-14,110.08216094970703,110.80597900298017,109.21008491372346,109.41938129940412,2133000
2021-07-15,110.69261169433594,111.11121111979314,109.89030333673948,110.16936740257356,1426900
2021-07-16,110.99784851074219,112.28851745431109,110.64901672884878,110.85831979003252,2633100
2021-07-19,110.56180572509766,112.12282937942376,109.69845225817663,110.81470858983464,2878200
2021-07-20,111.61701202392578,112.38443655439825,110.71005213150619,111.5210831259402,2453100
2021-07-21,110.66645050048828,111.80014535730426,110.26529632160766,111.42515239500531,1863500
2021-07-22,110.90190887451172,111.0763280752896,110.1519229446973,110.48331609946919,1448900
2021-07-23,111.52979278564453,111.70420531439319,110.46585906140787,111.2943352064927,1496400
2021-07-26,111.60828399658203,111.6780450166069,110.77108522216811,111.13736218100352,1874500
2021-07-27,112.66351318359375,112.80304855285469,110.91936098830772,111.2769087285668,1631900
2021-07-28,111.30305480957031,112.61117543154111,110.9019006576216,112.61117543154111,1914300
2021-07-29,111.52979278564453,112.0007079439482,111.06759359639027,111.58211521358683,1330200
2021-07-30,111.66061401367188,112.92513495911278,111.52980792605891,111.76527219058701,2156500
2021-08-02,112.02690124511719,113.02106746315346,111.66934685180651,112.25363623981838,2059100
2021-08-03,113.08208465576172,113.09080062463713,111.73036429800248,112.55884707996063,1888600
2021-08-04,112.41060638427734,113.5181467810023,112.06178125950716,113.15187640794593,1854300
2021-08-05,113.76231384277344,113.82336555128536,112.33210970607908,112.97745074960633,1662100
2021-08-06,113.11698150634766,113.7623092168097,112.32338916890674,113.29139404142326,3207800
2021-08-09,113.37860107421875,113.51813643413878,112.60245393154702,113.16931134116302,1055600
2021-08-10,112.80306243896484,113.53560325752305,112.27981139323649,113.3786226210738,2259300
2021-08-11,112.41060638427734,113.64023690535443,112.00072954391833,113.43094715322253,2527300
2021-08-12,113.43091583251953,113.51811543622163,112.11407274044569,112.829181347641,1422000
2021-08-13,115.09659576416016,115.18380869371691,113.28267594534279,113.65767557424711,1557600
2021-08-16,116.5878677368164,116.7797255627785,115.12277282099926,115.27102417618332,2972200
2021-08-17,116.92794799804688,117.02387688730172,116.01226556549122,116.28260698789397,2541600
2021-08-18,115.5500717163086,117.28550777254222,115.07915652431636,116.8843469515812,2719300
2021-08-19,116.11691284179688,116.29133868539998,115.00938591449395,115.1489079598234,1473800
2021-08-20,117.07620239257812,117.43375674436074,115.09658615693824,116.07332032051083,2488600
2021-08-23,116.32622528076172,117.46864279193572,116.09949029528795,116.98899829687134,1583500
2021-08-24,114.02394104003906,116.36109841557267,113.94545739089597,116.32622122933935,1986600
2021-08-25,113.83206176757812,114.5210091537994,113.0995212334977,113.83206176757812,2242200
2021-08-26,113.91057586669922,114.41638160126463,113.08210623347968,113.99778879938559,2526400
2021-08-27,114.51229858398438,114.7390468626348,113.85824157739837,114.6343886929408,1646100
2021-08-30,116.62274169921875,116.76227707911309,114.48615775853833,114.51231897891523,1491800
2021-08-31,117.4337387084961,117.75640251908266,115.78551586246002,116.58782405825743,2890900
2021-09-01,120.16336059570312,120.40755414726611,117.36400375180888,117.73027411891536,3575500
2021-09-02,120.75639343261719,120.91336076258051,119.3697954573004,120.12849749911018,2758800
2021-09-03,121.2098617553711,121.50636443530719,119.13431638216798,120.38137881610079,2520000
2021-09-07,120.04127502441406,120.68661615673032,118.5587482517789,120.52964883923022,2737500
2021-09-08,120.81739044189453,121.74180208212499,119.36102527232215,119.66625716285759,2030700
2021-09-09,117.486083984375,120.34649230208143,117.4599227679857,119.99766721234131,2566600
2021-09-10,116.53553771972656,118.02678045288684,116.43960881298096,117.8436519170798,1963500
2021-09-13,115.79424285888672,117.68664606184089,115.64599154512418,117.52967877908863,1713800
2021-09-14,115.59370422363281,116.57042532002941,114.86987937297215,116.20415490888068,1781400
2021-09-15,116.239013671875,117.11981902012934,115.16636383024105,115.99483343649207,2223700
2021-09-16,116.16891479492188,117.16780218467383,115.32774013354343,116.2390137975382,2126400
2021-09-17,114.00465393066406,115.78337429979608,113.70674320391683,115.10868311391303,8745900
2021-09-20,113.08463287353516,114.14486197318365,111.89297649170727,112.9970191420884,2159500
2021-09-21,112.900634765625,114.64429910397075,112.86557857700441,113.58408337352247,1793900
2021-09-22,113.91703033447266,114.41648071819284,112.94442839198082,113.5490205954241,2840600
2021-09-23,112.89186096191406,114.0572318564983,112.88310360000646,113.77684920525493,2275200
2021-09-24,112.06822967529297,113.19855115424467,111.68269180138428,112.81301328033598,2092800
2021-09-27,110.56990051269531,112.61148911456367,110.48227340513962,111.50745307245742,2126900
2021-09-28,110.035400390625,110.54360816874924,108.56335465451262,109.74624699772576,3054100
2021-09-29,110.7889404296875,111.54248799809953,110.30701814116507,110.47350160174716,1608200
2021-09-30,109.90396118164062,111.87545055465378,109.8426262241028,111.45486321367369,3214000
2021-10-01,110.78018188476562,111.5863004028658,108.83497791086494,110.14930419755359,1708700
2021-10-04,111.13066864013672,111.4636288880598,109.75500741383604,110.25445112822523,2061900
2021-10-05,110.78018188476562,111.80535478398058,110.2018751098182,111.4548664371951,1924300
2021-10-06,111.9718246459961,112.00687414491634,109.08906853863752,110.54359266129003,2242600
2021-10-07,113.36502838134766,114.85459550928398,112.88310606553983,112.88310606553983,2559200
2021-10-08,112.62023162841797,113.24235192199052,112.41870535163434,112.99701209720583,1403400
2021-10-11,112.9794921875,113.18977584110834,111.5249678566219,112.15584555748424,1468600
2021-10-12,115.91481018066406,116.50188768641571,112.89186240173116,113.32121380100702,2700100
2021-10-13,117.32551574707031,117.56209821133004,115.50299514616047,115.69575069220356,2165400
2021-10-14,118.92900848388672,119.19187643209854,117.24667233335802,117.50078291896983,1997400
2021-10-15,120.02426147460938,121.86432345101636,119.04290221786812,121.40868663752201,3509000
2021-10-18,122.4864273071289,123.38017281948486,119.39338088291471,119.91911668312804,2614700
2021-10-19,121.89936828613281,122.81064192822407,121.59270019832732,122.66168656500129,1843500
2021-10-20,125.66710662841797,125.69339208264161,121.92565432705169,122.61787360832034,2646500
2021-10-21,126.99897003173828,127.88394491752064,126.02636804557343,126.40313516317774,2939800
2021-10-22,126.17535400390625,127.82264762625304,125.90372864490685,126.97271535259723,2163100
2021-10-25,127.13916778564453,127.24430960987489,125.48311720392469,126.36809208790633,1793600
2021-10-26,128.1292724609375,128.69882181874036,126.92885884698009,127.13038511450192,1776800
2021-10-27,126.05265045166016,128.70758841478556,125.67586997315422,128.67254559749148,2049800
2021-10-28,128.51483154296875,128.57617319150674,126.36810113446725,126.63972644651994,1895700
2021-10-29,127.01649475097656,128.46224827874528,126.71857063960299,127.91022697504326,3743200
2021-11-01,126.81497955322266,127.61234084121031,124.42290905928029,127.31443004240853,1915800
2021-11-02,128.83026123046875,128.9967446989039,126.49076205039712,127.19173874222066,1720100
2021-11-03,129.37350463867188,129.78532792089598,127.84889479130555,129.1719783633338,1739300
2021-11-04,129.5662841796875,130.50384337101772,128.7864510989631,129.36475788781996,1598800
2021-11-05,128.5323486328125,130.63526530801516,128.30452352348647,130.5038380295718,2048400
2021-11-08,129.74154663085938,129.93430220271068,127.80509984934554,129.01428441744105,1166900
2021-11-09,130.0745086669922,130.54767368956325,129.51372990062603,130.19717860432164,1761600
2021-11-10,130.35488891601562,131.10843654531308,129.5575277351274,129.5575277351274,1453400
2021-11-11,130.47755432128906,130.5125971393372,129.25961250133622,130.3373563090598,1291500
2021-11-12,130.38992309570312,131.3625250484915,129.28589386686951,130.66154837954187,1690000
2021-11-15,131.60787963867188,131.65169319227385,129.7853454429888,130.42499391153498,1502100
2021-11-16,130.96824645996094,132.24751667576678,130.41622509052686,131.7042660391933,1318200
2021-11-17,131.76556396484375,132.09851745257143,127.97154139061695,130.34608282447675,2039700
2021-11-18,131.94085693359375,132.93974453184697,131.00329761917004,131.87075791634538,1464400
2021-11-19,131.62538146972656,132.6330261514106,130.4862961534641,132.6330261514106,1979900
2021-11-22,132.2212371826172,133.7195752372443,130.95072427233092,131.81818455343296,1588500
2021-11-23,133.69329833984375,134.27160523094918,131.1259735250993,132.19496018925622,1908200
2021-11-24,135.38433837890625,135.69977716074047,132.94845520752588,133.78962974908904,1256100
2021-11-26,131.3274688720703,134.35041624375785,131.23108442276936,134.21897561106573,1767300
2021-11-29,134.3065948486328,134.96375786362938,131.8268981343105,132.51911733064907,3045500
2021-11-30,132.08975219726562,134.48182157803,132.03718130076751,133.26388011910456,5225900
2021-12-01,132.9221954345703,137.30328304526822,131.53777014518758,133.37783228968803,3043300
2021-12-02,135.3055419921875,136.44462772975592,132.8871858396746,132.8871858396746,2729700
2021-12-03,135.5158233642578,138.01303561538063,133.40413564378454,135.59467974302567,2885200
2021-12-06,137.171875,137.7326537580043,135.60343792822442,135.91887681522812,3254600
2021-12-07,139.5814666748047,139.73917942555778,137.10176925670325,138.11818488384395,2800200
2021-12-08,139.7041015625,141.1673829864279,138.81035608901738,139.52009002942387,2202800
2021-12-09,138.05686950683594,139.70416319051435,137.45227710718706,139.37996689447974,2165700
2021-12-10,139.38865661621094,139.97572063198703,137.6712647400476,138.4423402807759,2024800
2021-12-13,141.70228576660156,142.33567177087653,138.3858081363252,139.1951317144151,2550000
2021-12-14,139.63499450683594,141.5087627177391,138.2450647333934,141.2448496224717,3268800
2021-12-15,143.00425720214844,143.54966777383842,139.96049788011177,140.34755522000842,2979300
2021-12-16,143.6112518310547,144.2622356916069,142.38846743661784,142.8019281635232,3772300
2021-12-17,141.79025268554688,145.22109589643168,141.45597531083234,143.2681578870666,6983700
2021-12-20,141.97500610351562,142.8459153077169,140.05726352578367,140.83139161745137,2230800
2021-12-21,141.44715881347656,143.99830050558754,140.83137061992423,142.72273637112,2185800
2021-12-22,142.74032592773438,142.96905685307743,141.20084867622361,141.89582020959867,2136800
2021-12-23,142.2916717529297,143.34731052797633,140.99850989096558,142.96904544804786,3047800
2021-12-27,145.93365478515625,145.99524032209374,143.04823546322748,143.04823546322748,1591000
2021-12-28,145.8456573486328,145.99521836636697,144.288595875367,145.99521836636697,1749300
2021-12-29,147.50831604003906,148.2824575240602,145.64335347199977,145.9952420661809,1399600
2021-12-30,147.76339721679688,148.52873289068745,146.63738086454512,147.42910649800615,1504800
2021-12-31,148.1064910888672,149.48761496036389,147.42911742229444,147.86017583250887,2025800
2022-01-03,145.06272888183594,148.69589929281958,142.54678280240944,148.19447656684827,3437500
2022-01-04,141.63189697265625,145.44100488090066,140.84017124083704,144.4205482401567,4209300
2022-01-05,138.68492126464844,141.92222941826802,138.43860594486173,141.63192634355264,3818200
2022-01-06,137.73483276367188,138.50896074495023,136.6615961522878,138.49136296125553,3090400
2022-01-07,135.2364959716797,137.97236793357806,134.97258286019792,137.673272671382,3449000
2022-01-10,134.6118927001953,134.88459794741541,131.7968513081513,134.0488844217865,4169500
2022-01-11,134.5855255126953,135.40364139281124,133.18679004876347,134.80545086840542,2656500
2022-01-12,134.80545043945312,136.35372010638136,134.59431726629902,134.59431726629902,2635800
2022-01-13,134.72628784179688,135.81712260285047,134.50636245294433,134.8934332850337,2108000
2022-01-14,134.36558532714844,134.73505827318152,132.4918172078878,134.37437750806222,2330300
2022-01-18,134.97259521484375,135.130948465499,132.39507625317398,133.3363633048776,4121300
2022-01-19,135.1133575439453,140.05728937176758,135.0429798093194,137.01351610930377,4361800
2022-01-20,135.59715270996094,138.11309886960822,133.3803017594244,133.70580035585775,3494800
2022-01-21,136.73199462890625,138.90485835892684,136.15140185357123,138.2450822487549,4375000
2022-01-24,134.8670196533203,136.72319014654624,131.18987423989176,136.72319014654624,5717800
2022-01-25,135.4388427734375,136.0986188688547,132.64138514881557,132.84371272625336,3755500
2022-01-26,133.46829223632812,137.86679906345947,132.58859087090184,135.61476571567664,3698400
2022-01-27,130.73240661621094,135.6059457586591,129.83510755995653,133.58264357086696,4062400
2022-01-28,136.41529846191406,136.45048061066365,128.77948355819439,131.35701556317133,3645200
2022-01-31,137.9547576904297,138.35062057180195,135.85225879805236,136.5384381284538,3260500
2022-02-01,135.05177307128906,138.55298115402442,134.00492617708332,138.4738112434994,3349800
2022-02-02,138.40338134765625,138.957597358792,136.10736084560347,136.10736084560347,2910600
2022-02-03,137.6204833984375,138.799280003492,137.03987727719783,137.2861925850248,1968300
2022-02-04,135.02537536621094,137.0398857055174,134.23363603677797,136.3801096425791,1929800
2022-02-07,133.75860595703125,135.81710409460948,133.39792514690092,134.82303717704298,3816300
2022-02-08,133.00201416015625,134.44472345655436,132.3246405408991,134.2335903559203,2459600
2022-02-09,136.67921447753906,136.85516551185768,134.33041313972177,134.33041313972177,2278900
2022-02-10,130.57408142089844,135.52680494204137,129.57122229222574,134.2248505381738,3093900
2022-02-11,128.70909118652344,132.01677656593324,127.70623227159467,131.3833905751176,4395500
2022-02-14,127.8558120727539,130.25740681900012,127.01130615446168,128.47160043467105,3180100
2022-02-15,128.1021270751953,129.8087501187905,127.75025184737711,128.92025644348288,3064100
2022-02-16,127.01130676269531,129.2633404531652,125.56859684078931,128.55078438645023,2245600
2022-02-17,126.04358673095703,126.72096041274102,125.09350782516489,126.0171967688385,2703900
2022-02-18,125.40142059326172,126.88811790944119,124.87359445411974,125.8940511641002,2485200
2022-02-22,125.2430648803711,127.06405294317587,124.60088671501178,125.85006090130601,3244000
2022-02-23,123.8267593383789,126.80894642960435,123.66841953576153,125.9556350314705,2362800
2022-02-24,126.08760070800781,126.39548813783814,121.31081522312077,121.81225145404643,3439800
2022-02-25,130.5916748046875,130.6444547428621,126.37791085454482,126.54505627421683,2934600
2022-02-28,128.30445861816406,129.66798509275654,126.58023791342022,128.8674669950476,4213200
2022-03-01,128.22525024414062,129.92308064829757,127.61826765295929,129.0785615363275,3458300
2022-03-02,129.8791046142578,130.6620382657929,128.1900796611656,128.6651124760571,2816600
2022-03-03,131.5857696533203,132.3774957403807,129.580051037798,130.95238341439943,2248600
2022-03-04,132.6941375732422,132.79971085437896,129.52722102583994,130.22217912937387,2780800
2022-03-07,130.996337890625,133.04604375081146,130.67083924686398,132.47422979041826,2590700
2022-03-08,129.30728149414062,132.21909025704255,129.08735619877734,130.4684800736079,3021400
2022-03-09,132.37745666503906,133.71460648841287,130.47731193234492,131.23384221438425,1895100
2022-03-10,132.90525817871094,133.30991321151618,130.00224154997898,131.06668590234486,1988400
2022-03-11,130.0462646484375,134.1984564923502,129.91430137938016,133.90815340823843,1997400
2022-03-14,131.2250213623047,132.2190879756101,129.84389751130533,130.54764770578487,2391400
2022-03-15,133.57386779785156,134.46237487215308,131.48897961226248,133.20439479174584,2171300
2022-03-16,135.97544860839844,136.59123688912285,132.94046811201062,134.94618618247173,3752700
2022-03-17,138.5220184326172,138.57506951600257,134.47228599783986,135.93124475948704,2218700
2022-03-18,141.61680603027344,141.85553593103032,138.16833682803832,138.16833682803832,6604900
2022-03-21,140.52032470703125,142.22687734217948,139.07904092874074,141.87318103565767,2702000
2022-03-22,140.29931640625,142.17386023405857,139.31783075275533,141.6079594468632,3374100
2022-03-23,139.0260009765625,140.6529771324365,138.72536921107215,139.72454280523576,2477400
2022-03-24,137.84115600585938,139.61843464767384,136.26724433488664,139.2647517860242,2515600
2022-03-25,139.11444091796875,139.18518019128,136.42640250068845,138.07105350179881,1896400
2022-03-28,141.7847900390625,142.36836542809354,138.9022220156722,139.29128126978404,2675600
2022-03-29,145.63111877441406,146.03786615526116,141.6698145728655,142.9607689926821,3299900
2022-03-30,145.13597106933594,145.2332358765795,143.29679057281672,144.77343737941575,2368900
2022-03-31,142.78395080566406,146.35620988787193,142.71321153261536,145.79914654519877,3933500
2022-04-01,146.60379028320312,146.97516134681018,142.01468283154819,143.33217649149975,2867300
2022-04-04,144.81761169433594,147.16964112598814,143.39401635329722,146.89553496894072,2448100
2022-04-05,147.02816772460938,148.84082225156706,144.31361809974243,144.57003608041092,3289000
2022-04-06,150.4147491455078,150.9010731168357,145.02099872193315,145.89638187032335,3123000
2022-04-07,149.282958984375,150.22023062061794,147.41725306033362,148.938113505151,3142100
2022-04-08,149.12379455566406,149.77812263823958,147.55873385247426,148.72589799539776,1839600
2022-04-11,146.54183959960938,149.73387570673833,145.38351306213139,148.84081798132473,2455300
2022-04-12,146.18820190429688,147.48800734113047,145.31281860230598,146.3650433361366,3062200
2022-04-13,145.8964080810547,146.8248424672705,144.5877652893986,146.1263005941951,2556500
2022-04-14,143.86270141601562,147.11664052253002,143.69469732868282,146.7452694573328,2434100
2022-04-18,144.12796020507812,145.09175743704856,143.40289282475376,143.74775181695864,2502200
2022-04-19,149.92843627929688,150.49433689908508,146.11744781720842,146.91324092586416,3839500
2022-04-20,152.67837524414062,153.9339669252855,149.99035045348924,149.99035045348924,4116400
2022-04-21,151.0071563720703,154.33182016472944,150.98063083987313,154.2080298504318,2620300
2022-04-22,149.1945343017578,152.08593936871677,149.10612033926648,151.30782094283538,3139800
2022-04-25,148.310302734375,149.5305313587011,144.4904771375585,149.5305313587011,2558300
2022-04-26,146.45346069335938,149.80465079415944,146.21471735617314,148.02737226477075,2605300
2022-04-27,148.25729370117188,150.54742223904367,146.08211817996502,146.77180929567822,2790900
2022-04-28,152.97900390625,153.82786163409017,147.4791505957453,149.23875447863065,4046000
2022-04-29,141.7317352294922,150.5474170090026,141.1658345005629,150.5474170090026,9997100
2022-05-02,135.4007110595703,142.7397315853893,132.26172508592327,142.3153094555521,5868000
2022-05-03,134.7198486328125,136.98345116768076,133.27856476431975,136.2937601919673,4047600
2022-05-04,134.64910888671875,135.14427025293776,129.759370157103,134.83480114511855,5070200
2022-05-05,128.19430541992188,135.42723731676358,127.5134652371553,134.543016671173,5461500
2022-05-06,124.5689697265625,128.0085864174374,123.28683939961459,127.27468189314637,6534300
2022-05-09,117.04427337646484,123.30455667621271,116.83206907310289,123.22498006245198,5611100
2022-05-10,110.89009857177734,119.67040185285525,109.8555554371083,118.53860066743778,11362600
2022-05-11,109.4134521484375,114.4888763640667,109.21892254241229,110.9785263452275,8548500
2022-05-12,109.58145904541016,109.66103566116512,106.4778428556781,109.0862976689762,8153100
2022-05-13,113.48970794677734,113.75496330628363,110.11197911963191,110.80167003861676,6521900
2022-05-16,110.74861907958984,113.62233574233369,110.50988250972374,112.68506415876487,3719300
2022-05-17,111.32337188720703,111.80968915645205,108.96250456792774,111.76548217528484,3838000
2022-05-18,105.69087982177734,112.11916691047062,105.42561770803279,111.45600150700821,4898000
2022-05-19,105.85888671875,107.21174309868633,104.52371178177673,104.82435028068898,5056100
2022-05-20,105.85888671875,107.34437753214563,104.23191737737977,107.08795275974232,5146000
2022-05-23,106.5308837890625,108.03405586981367,104.5325436643156,107.61847117502323,5979100
2022-05-24,106.17720031738281,106.3982554445862,102.89674303921274,105.43445158202456,5617300
2022-05-25,106.13300323486328,107.14985832865219,105.1603618718745,105.94731770842554,4249500
2022-05-26,108.19322967529297,109.08629434146359,105.87656934923159,106.65468776968423,5025600
2022-05-27,112.52590942382812,113.38359769323772,108.64418173721823,108.6883887172121,4177000
2022-05-31,112.7204360961914,113.67538914127124,110.73977725246395,111.75663221084834,14792700
2022-06-01,111.28800201416016,114.15288153188261,109.49303532781364,113.48971610119887,4044300
2022-06-02,114.54193878173828,114.58615251332844,110.93432360266269,111.75664908933419,3674200
2022-06-03,112.80887603759766,114.17942079080429,112.32255196489378,113.20677264539653,3217200
2022-06-06,113.06529998779297,114.48888906623314,112.54360628229357,113.83457440258633,3212300
2022-06-07,114.66571807861328,114.82488479856335,111.22610731595239,112.40212230374655,3771100
2022-06-08,110.32420349121094,114.13519894044596,110.04125316341774,113.16255761028606,3238700
2022-06-09,108.02523040771484,111.48253623422617,107.98986077375295,109.86441089732597,2841000
2022-06-10,103.666015625,106.7873130941115,103.56875082459702,106.10646623735812,5701500
2022-06-13,95.87602233886719,97.51182879955607,94.13410699706013,96.2473933036809,15213000
2022-06-14,97.84784698486328,98.56406345466746,94.97413026538975,96.57456726426271,6605100
2022-06-15,102.49665832519531,104.08189348458019,98.57811904818583,99.07684074644371,7486900
2022-06-16,99.5577392578125,101.49029234954237,98.08828384728277,98.32874376978043,5326600
2022-06-17,98.28424835205078,101.45470578451209,98.07941229795831,100.19008588668483,7180500
2022-06-21,100.06538391113281,100.7155023014219,99.19261413885565,99.37963477693498,3729800
2022-06-22,102.82617950439453,104.0017427006703,98.42672010875958,98.64046381322707,4252600
2022-06-23,105.30197143554688,105.75616825009084,102.83507264787262,103.60097049413385,3783700
2022-06-24,109.17598724365234,109.21161118992697,105.47118516054026,106.42410364102425,4716700
2022-06-27,107.05643463134766,109.38084492880994,106.67348562616414,108.8910240636074,3782100
2022-06-28,105.94320678710938,109.63020085916364,105.61369032952177,108.35667346169544,3369300
2022-06-29,105.36433410644531,105.77399937755676,103.85926114823843,105.3999580597473,2828300
2022-06-30,104.77653503417969,106.1213101270524,102.72820229124969,104.42921005175018,4525900
2022-07-01,106.89613342285156,107.20783453064075,104.42032634587656,104.99029602714097,2672700
2022-07-05,108.1429443359375,108.16966060301725,104.93686318945048,106.31725574697603,4218100
2022-07-06,108.1696548461914,110.03986818256091,107.56406124450685,108.33886692145705,2983600
2022-07-07,109.15819549560547,110.3960989425484,108.10731269950564,108.27652477175256,3617400
2022-07-08,108.27653503417969,109.32741792988197,107.36814116447405,108.24981876646623,2098200
2022-07-11,108.45464324951172,109.23835663906615,107.30579622629392,107.97373006807815,2399400
2022-07-12,107.67984008789062,109.46989782106608,106.86050277712506,107.76889657102898,2661700
2022-07-13,107.54625701904297,108.52589196874202,105.52464010448708,105.96102844314507,2728900
2022-07-14,105.20402526855469,106.174759269937,104.32235454395123,105.1595004247393,3369900
2022-07-15,107.7688980102539,108.2141872264665,105.57807588183682,106.9050358436696,2726600
2022-07-18,106.15694427490234,110.68108425059239,105.9877389964827,109.87066142669553,4337300
2022-07-19,111.42027282714844,111.53604558209967,106.78035981788332,107.37704576156,3884600
2022-07-20,110.9393539428711,113.48640877763002,110.43172451326245,111.42026710690678,3235600
2022-07-21,111.92788696289062,111.94569554022463,109.60347693282098,110.99277698037578,3093800
2022-07-22,113.014404296875,113.83373482301661,112.22179003654192,112.84519222065528,2940600
2022-07-25,113.55764770507812,114.29682257426747,112.16834085394653,112.7294095649208,2436200
2022-07-26,113.62889862060547,114.67087375299208,112.88081600081227,113.89607486743115,3338300
2022-07-27,113.45079040527344,114.10982336316611,111.57166929571288,113.24596116275706,2087000
2022-07-28,117.91256713867188,118.14412620482966,114.42150166596034,114.91132247227829,2962300
2022-07-29,118.05506896972656,118.58050695738778,117.11995894425375,117.31588727679654,3273700
2022-08-01,116.6479721069336,118.08180408444487,116.45204374311344,117.74339348351452,2615200
2022-08-02,115.21412658691406,117.1912117791451,115.16069405563458,116.00674084223924,2829200
2022-08-03,116.41639709472656,118.37566664752691,116.08688747046573,116.55889288489479,3589600
2022-08-04,116.44313049316406,116.79935643186234,114.75993779289,116.16705335230063,2062600
2022-08-05,117.01309967041016,117.17341085457323,114.45714391836599,115.1963256478354,1687300
2022-08-08,116.8616943359375,119.33750110760528,115.97111596946283,118.12631398563383,2318800
2022-08-09,118.35787963867188,118.46475830148273,116.52329006535778,117.48511649575687,2458000
2022-08-10,119.70265197753906,120.66447832822377,118.37568520324145,120.39730207706435,2340300
2022-08-11,119.5423355102539,120.94055012903608,118.94564960954145,120.5665088295961,1800700
2022-08-12,122.22299194335938,122.38328954231984,120.2280913139091,120.75352934047788,2609000
2022-08-15,123.23825073242188,123.31839953183373,121.60849053197026,122.23189273153265,1973200
2022-08-16,122.1072006225586,123.6657127671012,122.05376809472358,122.88199945446115,1821700
2022-08-17,122.35655212402344,122.86418827794063,120.64664341829354,121.22551387777968,1453500
2022-08-18,121.67972564697266,123.10464286915222,121.49269821219141,123.04230945032336,1750600
2022-08-19,119.40875244140625,121.87565839244209,118.89221534329943,121.8311267550083,2493000
2022-08-22,116.61235046386719,118.46475536661625,116.40752121470798,118.09071402891924,2022100
2022-08-23,114.4037094116211,116.48765964572456,113.99403736063111,115.84644209843916,2103700
2022-08-24,116.77263641357422,117.22684009834002,114.94696154997574,115.09835824851498,2644000
2022-08-25,118.25098419189453,118.26879956264537,116.81715260224318,117.38712216395355,2572600
2022-08-26,114.30573272705078,118.28661890177521,114.23448483080341,118.2688035304267,1626000
2022-08-29,113.36172485351562,114.19886392552898,112.85409543952785,113.5309369230362,2136000
2022-08-30,111.90117645263672,113.90497783712438,111.57166000114103,113.69124092525973,2250000
2022-08-31,110.88593292236328,114.04748257721087,110.83249359109588,113.15690406126932,3730100
2022-09-01,110.69889831542969,110.81467106188255,108.21418375336074,109.90628407957594,3166500
2022-09-02,108.55260467529297,112.23069115823047,108.14293941138455,111.84774216018522,2297400
2022-09-06,110.25360107421875,110.60982697412179,108.49916065944493,109.28286715163452,2649300
2022-09-07,112.77393341064453,113.05001731797638,110.19126164513143,110.574210605364,2452900
2022-09-08,113.91388702392578,114.07418461400516,111.36683224252985,111.6518170602943,3057300
2022-09-09,115.4456787109375,115.75737298764912,113.73576307282069,114.3057394819088,3516100
2022-09-12,115.95330047607422,116.34515713117742,115.15178538274307,115.41896161023593,2534100
2022-09-13,111.3935546875,113.85154632911906,111.12637843339714,112.96096787487535,3304000
2022-09-14,108.5166244506836,110.9185453479947,107.6741575661923,110.19258707694448,4065800
2022-09-15,104.16089630126953,108.4269957996182,104.09815984560679,108.1491570636025,4861200
2022-09-16,101.87548828125,103.81136785643591,100.29811252120346,103.81136785643591,9335500
2022-09-19,101.09577178955078,101.10472925723606,98.8013950762259,100.57595147781798,4493100
2022-09-20,99.41979217529297,100.45942585580683,98.50563140729352,100.3787676282308,5188300
2022-09-21,97.2867431640625,100.49527348772982,97.25089278464445,99.88583071314439,4640100
2022-09-22,97.27776336669922,98.39806190348483,96.35463846642942,96.79379357827668,4918400
2022-09-23,97.33155822753906,98.03062358362776,96.11267258798294,96.38154703467609,5598800
2022-09-26,93.3522720336914,96.20230593247733,92.13338625719531,96.01409653375157,7135400
2022-09-27,91.6673355102539,95.66456113922541,91.22818025885043,94.75936455703321,6329300
2022-09-28,93.1461181640625,93.49565082186521,90.37673613944,92.31261563289581,7846600
2022-09-29,90.69041442871094,92.53666433288679,90.27814536456293,92.03477274831704,7320700
2022-09-30,91.0578842163086,92.99376380612233,90.7531662277793,91.62251918221818,18072100
2022-10-03,93.53150177001953,95.6197402628413,91.7659098614003,92.76073568973133,4863700
2022-10-04,94.99235534667969,95.56594767301677,93.78243424699238,94.87584675587243,5980500
2022-10-05,94.49942779541016,95.17160694189627,92.41118960593094,93.9258354707628,5311400
2022-10-06,91.34467315673828,94.97444367962798,91.01306911772468,94.90274292176967,5068300
2022-10-07,89.94654083251953,90.84277977518094,89.33709807799936,90.45739675632612,5762300
2022-10-10,88.63805389404297,90.65459199499952,88.5753174266348,90.26024457828414,4587900
2022-10-11,90.18852996826172,90.63664947750277,87.87623849727626,88.99653727037891,6385500
2022-10-12,90.00928497314453,91.38052957849975,89.19370418353472,89.95551282007524,5937100
2022-10-13,91.8824234008789,92.44705837242242,87.85831202459536,88.26162369537805,6307600
2022-10-14,89.20267486572266,93.21782896747293,89.08616624648923,93.21782896747293,4480000
2022-10-17,94.31122589111328,94.69660890566213,91.38948505610945,92.06166425559509,5103500
2022-10-18,94.86689758300781,97.59146498653112,93.89895781377696,97.00890826406287,5311100
2022-10-19,91.42533874511719,94.97444422640882,90.38569826346819,93.83621691157722,5924500
2022-10-20,91.82865142822266,94.4546320949485,91.3088311427692,91.79280104600919,4282500
2022-10-21,92.38431549072266,92.73384814511203,90.19749019638029,91.85553093808183,3971600
2022-10-24,92.64421844482422,93.55837912299404,91.61354233236828,93.0654449881533,3377500
2022-10-25,97.08956146240234,97.35842902914902,93.17299501650835,93.18195932006128,7074100
2022-10-26,98.46977996826172,100.1905571823261,97.44806807005094,97.44806807005094,5076500
2022-10-27,99.49148559570312,99.88582607547113,97.79759456397127,99.19572510755683,4371100
2022-10-28,101.25708770751953,101.68727860890505,98.23675974198406,98.95375369464138,4179900
2022-10-31,99.25846862792969,100.51320458761822,99.00752280354415,99.68866635384836,5411300
2022-11-01,97.2867431640625,100.60282462598397,97.03579050813615,100.55800994227123,4599500
2022-11-02,95.66454315185547,99.82309131298742,95.61077100319548,96.52493171921789,5729100
2022-11-03,96.80278778076172,97.31364379781442,92.95792119441282,95.25229111833204,5625500
2022-11-04,96.45323181152344,98.44287640377267,94.83999907428343,97.51079397532298,3541000
2022-11-07,97.6273193359375,98.03062417063096,96.0051288543893,97.48391780677282,2963200
2022-11-08,98.36222839355469,99.89479623409837,97.08060637423303,97.60939092988866,2438400
2022-11-09,97.50183868408203,100.23536344881994,97.37636577489462,98.30845512725872,4043600
2022-11-10,106.06090545654297,106.2132712623801,102.55661500196868,102.72690257673725,3705400
2022-11-11,104.08024597167969,107.02887348079692,103.92788696318034,106.5000956850303,3258300
2022-11-14,100.82688903808594,103.61419291762635,100.72830219956114,103.61419291762635,2967000
2022-11-15,101.05094146728516,102.75379683739018,99.68866127385745,102.30567736303415,3110000
2022-11-16,101.8575668334961,102.53871040890614,100.0471601689675,100.34292068907777,3512600
2022-11-17,100.65660095214844,101.72312756135987,98.96270977149557,100.20848144747285,3384300
2022-11-18,102.67314147949219,103.17503998788001,101.35566900633609,102.38634526231108,3336800
2022-11-21,103.02267456054688,103.6141956070492,101.579729164061,102.75380695212317,2992000
2022-11-22,103.76656341552734,103.99958749949508,102.18022319403424,103.51561755791369,2306100
2022-11-23,103.54248809814453,103.96372151210599,102.35048861560695,103.79343391809755,1585300
2022-11-25,104.31324768066406,104.80618182332233,103.30050015946472,104.0623018763145,1341300
2022-11-28,99.8947982788086,104.7255259494931,99.41082839750531,103.56937681711766,3910600
2022-11-29,102.00096130371094,102.27880005129252,99.71555589135069,100.02027387789427,2635100
2022-11-30,105.56800079345703,105.59488687149423,100.81793099105892,101.50803890356684,8839700
2022-12-01,104.9495849609375,107.09159561225216,103.73069938055416,106.697255104077,2784300
2022-12-02,104.80619812011719,105.77413111057943,102.90616884668871,103.56938383813318,3014000
2022-12-05,102.40426635742188,104.17881568420833,101.93821826510171,103.96372024654708,3170000
2022-12-06,102.708984375,104.07127143563532,102.18020666595493,102.95097272552896,3256000
2022-12-07,103.96372985839844,104.99440613402965,101.52595854698728,101.9651137671608,3381700
2022-12-08,105.39769744873047,106.33875106612288,103.84720791943951,104.10711803126941,4759700
2022-12-09,104.25051879882812,105.80997272319826,104.13401019199524,104.91373373529989,2515900
2022-12-12,105.7830810546875,106.07884154611925,103.39012472458076,104.32221404324535,2467900
2022-12-13,108.52557373046875,110.12088484277653,106.28497630267549,110.02229800893278,3754500
2022-12-14,108.9647445678711,110.89165987926805,108.29256528513457,108.8930438033165,4141400
2022-12-15,106.28497314453125,108.34632545195444,105.6755372265305,107.34253537253575,4284500
2022-12-16,101.26846313476562,104.49851739662144,100.13163393221706,103.98423555253056,13002600
2022-12-19,101.11510467529297,102.20682578189266,100.26698791329913,101.03390552163022,3339900
2022-12-20,101.21434783935547,102.17975451617241,99.35571609682988,100.51961876238592,2738400
2022-12-21,102.80230712890625,104.3541773234303,101.39479327054268,101.55719845098398,3482500
2022-12-22,102.19779205322266,102.26094923930413,100.12262245081908,102.07147768105969,2467600
2022-12-23,102.51358032226562,102.9737225646228,101.17824816823786,101.57524011093035,1521900
2022-12-27,102.21582794189453,102.67597702994867,101.2684633871271,102.30605149863045,1683300
2022-12-28,99.65345001220703,102.8113231193124,99.43691206941831,102.40531361613141,2623600
2022-12-29,102.82936096191406,102.9737172804566,100.28501803460266,101.12411021720622,3043100
2022-12-30,101.71058654785156,102.78425874437748,100.46547786435994,102.04441444875056,2138400
2023-01-03,101.67448425292969,104.68799386074318,100.31208576951602,102.838386772501,2170100
2023-01-04,105.52709197998047,106.46543220853036,102.93763365070484,103.4248491665067,3059500
2023-01-05,101.81884765625,104.79627355377131,101.43088012273803,104.36319079493265,3079500
2023-01-06,105.24739074707031,105.8248297951553,101.73764123645958,102.31508028454456,3995900
2023-01-09,104.7150650024414,106.99775492319915,104.7150650024414,106.01430636404322,2504400
2023-01-10,104.7060546875,104.8053026807809,103.12711810081673,104.30003829218253,3097800
2023-01-11,109.12705993652344,109.18119958027144,105.83385520101572,105.87896353991981,3084500
2023-01-12,110.18270111083984,110.68795858081695,108.48646780400226,109.42480802225744,2608500
2023-01-13,109.98419952392578,110.53457219003587,108.41428754833483,108.63082546961238,2283300
2023-01-17,109.5511245727539,111.00374671150094,109.08195789608573,110.43533204645001,3057000
2023-01-18,110.66089630126953,113.08794263832296,109.52406006806852,110.51653308528724,4245300
2023-01-19,109.433837890625,112.47442105062733,109.38872266415294,110.96765922003581,3875800
2023-01-20,110.81427001953125,110.94960880501723,107.90000145538374,109.3075151873748,3281100
2023-01-23,113.74657440185547,114.0533427579699,110.1195350716211,111.13907435115578,3011200
2023-01-24,114.04432678222656,114.57665062990421,109.95713805696813,114.04432678222656,2142800
2023-01-25,113.40373992919922,113.90899743784918,112.2217884234398,112.77216115976948,2436800
2023-01-26,115.54206085205078,115.60522492099645,113.66538725216125,114.30598352724321,2071900
2023-01-27,117.14805603027344,118.12248701137068,115.14506819172887,115.46085409756137,2824100
2023-01-30,115.29845428466797,117.53603587655046,115.27138790342862,115.84882009830729,2538100
2023-01-31,116.6427993774414,117.04880884719614,114.54958107983694,114.72101066572368,4350100
2023-02-01,118.10444641113281,119.05181107836056,115.12702738370568,116.46235958620746,2845600
2023-02-02,121.3435287475586,123.31042586346788,118.889409238027,119.61121152328337,3111700
2023-02-03,118.75405883789062,119.83676910628941,117.24730402728963,119.051802784977,3303400
2023-02-06,118.59166717529297,118.86234475749626,116.62475626070051,116.8773849994946,2539700
2023-02-07,117.53604125976562,118.70896831371468,116.0653702313133,117.35559412082752,3638600
2023-02-08,117.11197662353516,118.33000507139707,116.58867031164702,116.81423266501776,1980000
2023-02-09,115.52400207519531,118.2848966831439,115.10897507896404,117.44579761881361,2467300
2023-02-10,115.56912994384766,115.83078999670994,113.45786951310774,114.74808651532116,2303600
2023-02-13,116.65182495117188,117.10294967469557,115.67740766352664,115.7766556533912,1755600
2023-02-14,115.24431610107422,117.50896396766659,114.46838108516793,116.06535945571859,1859100
2023-02-15,115.0638656616211,115.09093204242615,114.00823550852395,114.24282228152889,1733800
2023-02-16,113.49394989013672,114.7029607504487,112.04132784335705,112.81726285779649,1782200
2023-02-17,113.06990051269531,113.53004965844433,111.40976483303005,113.34959563873049,2623200
2023-02-21,111.4097671508789,112.46539737460317,110.66089844162475,111.92404907143307,2448600
2023-02-22,110.88646697998047,112.51953640246204,110.22782180399284,112.09547802823107,2526300
2023-02-23,111.88795471191406,112.56464179028174,110.35412653744383,111.64434350887622,1844100
2023-02-24,109.51502227783203,111.08494108372528,109.05488007119561,111.0668922421222,2517900
2023-02-27,110.89549255371094,111.54510643024437,109.53309384192849,111.33759289407355,2439300
2023-02-28,111.33756256103516,113.17815191880321,110.34508972947026,110.85034712365987,5780900
2023-03-01,109.28946685791016,110.615774571391,109.0368381284122,109.84886396152461,3757800
2023-03-02,112.43831634521484,112.5556062824775,108.31503709582265,108.52255059125783,2591400
2023-03-03,114.54056549072266,114.82026750246601,113.16012492677189,113.59320769370598,2529400
2023-03-06,114.73005676269531,115.34357985206155,114.14359317499296,115.04584273034494,1961600
2023-03-07,111.71654510498047,114.71201349917766,111.51804909176445,114.41426947935364,2242200
2023-03-08,112.83529663085938,113.56612325362794,111.22929395865854,111.22929395865854,2018700
2023-03-09,109.4428482055664,113.28642545567791,109.09097151201559,112.97063956192925,2491300
2023-03-10,105.54513549804688,109.90299477176852,105.04889558561507,109.17217497674757,3717100
2023-03-13,106.79925537109375,109.01878789064367,105.05791389372601,105.3105426040399,3314600
2023-03-14,108.11654663085938,109.56916870717546,106.87143806052183,109.30751555664969,4342500
2023-03-15,108.2789535522461,109.43383169492864,106.44738835249643,106.69099266424925,4416000
2023-03-16,109.1423568725586,110.48744022238684,106.25225856249034,106.8520880631455,4409600
2023-03-17,105.45246887207031,108.97876464413639,105.38885049133116,107.95177329721125,6508900
2023-03-20,107.87905883789062,107.96085785669457,104.97078025376382,106.3613011684833,3851100
2023-03-21,107.57006072998047,109.53314710390308,106.74301486403908,109.16961746961307,4078800
2023-03-22,103.71659088134766,107.6791249565565,103.63479185902077,107.03384390071304,3472200
2023-03-23,103.74385833740234,106.77029051967355,103.39849546221146,104.32551409849017,4007100
2023-03-24,106.3613052368164,106.42492361659374,102.90772515280136,102.92589886107345,3721400
2023-03-27,106.38856506347656,107.72455791990801,106.02503544132855,106.6430385725334,3087500
2023-03-28,106.01595306396484,106.47946238098046,105.0889344299336,105.5433534255495,1853300
2023-03-29,108.95148468017578,109.0514574036335,107.3337543316896,107.67911717050096,2591100
2023-03-30,110.80551147460938,111.1236033424142,109.62402640363679,109.96938229812736,3384600
2023-03-31,113.39570617675781,113.5047692252305,111.50532854041344,111.75980205296655,5305300
2023-04-03,112.48686981201172,114.84985402473676,111.65983088466456,112.65955124103417,2966400
2023-04-04,112.76861572265625,113.22303470258261,111.74162439033734,112.48687124006122,2822100
2023-04-05,111.12361145019531,113.02308634318929,111.02364565634812,112.47778496804017,2546700
2023-04-06,111.55985260009766,111.58711662776805,110.10571334198498,111.12360735572238,2104800
2023-04-10,112.45960998535156,112.5323186880657,109.71492232978663,110.82370577758479,2936700
2023-04-11,111.48715209960938,113.07761854687885,111.36900565972454,112.63228988313075,2553600
2023-04-12,111.6143798828125,113.29573553893323,111.49623345243094,113.04125510337754,2576300
2023-04-13,110.80551147460938,112.00517718596092,109.46951869594643,111.71434934484184,2608800
2023-04-14,108.84243774414062,111.91430760109027,108.08810056133623,111.09635203743993,2957500
2023-04-17,111.914306640625,112.05063372237733,108.79699213816002,109.06055598051228,4269800
2023-04-18,112.4323501586914,113.69563444657348,111.25994828565796,112.70500433712107,3968800
2023-04-19,113.75016784667969,113.9773773475554,111.55986492997367,112.60503002077867,2855800
2023-04-20,112.01426696777344,113.55928856618966,111.77796718116159,113.24119669991369,2285900
2023-04-21,112.3141860961914,113.55020615913637,112.00517761351381,112.82313308662191,2703900
2023-04-24,111.95974731445312,113.05035006175977,110.6873728200066,112.72316785079114,2281900
2023-04-25,109.64221954345703,111.93249526535263,109.40591971382693,111.441721896375,3146700
2023-04-26,108.21534729003906,110.20570485592653,107.58824681116842,109.61495873144241,2321200
2023-04-27,111.04181671142578,111.68709079888994,108.49706777634533,109.24231458915156,3347100
2023-04-28,113.83193969726562,114.25909459237717,111.2053988889016,111.51440042688209,3621000
2023-05-01,111.24176788330078,114.01371950576814,110.97820404237864,113.61383551771675,1787500
2023-05-02,111.31449127197266,112.19605838655649,110.2057077031317,111.34175530499591,2426200
2023-05-03,112.84131622314453,114.72261038596643,111.15087718595582,112.18695183018338,3323200
2023-05-04,113.49568176269531,113.65018948539358,111.26903153789593,112.81405329381182,2740400
2023-05-05,115.64962768554688,115.83139249971155,114.36816286387138,114.56810831978244,1994000
2023-05-08,115.75869750976562,116.18584554144202,114.84985951798132,115.2043057800665,2002100
2023-05-09,114.44087982177734,115.4951352348863,113.60475052206702,115.35880814748309,2745000
2023-05-10,116.40396881103516,117.27644549590572,114.79532172186103,115.7586946846822,2377100
2023-05-11,114.27728271484375,115.52239321151237,113.4411534589517,115.44968451085653,2373600
2023-05-12,113.75926208496094,114.71354485321427,112.90495899522362,114.37727226364558,1427500
2023-05-15,113.85921478271484,114.49540549416618,113.13214859890593,114.01371556671239,1510500
2023-05-16,110.19660949707031,113.66837044263296,109.99666402402535,113.66837044263296,3417400
2023-05-17,111.51441955566406,111.6416563206444,109.96939773296918,110.93276379178714,2684100
2023-05-18,110.93276977539062,112.25967249167438,110.04211237248701,110.75100493958124,2129100
2023-05-19,111.84158325195312,113.04124893284137,111.09633649464199,112.03243836778961,2135500
2023-05-22,112.90494537353516,114.2318479930592,111.32356229499743,112.19604592425091,2130800
2023-05-23,112.27784729003906,113.61384025872239,111.5144197648413,112.38691034617693,4400700
2023-05-24,109.9875717163086,112.23240268587729,109.36047821130833,112.23240268587729,2359800
2023-05-25,110.86006927490234,112.11426329771629,109.88761283099461,110.87824298513844,2709800
2023-05-26,113.5593032836914,113.9046661551644,110.9418523869734,111.32356267597494,2378200
2023-05-30,112.97764587402344,114.9043848673406,112.77770041112747,114.23184671077695,2723100
2023-05-31,113.19576263427734,114.67716590743304,112.17786169533355,112.97763654700755,14817700
2023-06-01,111.45987701416016,112.85039786071064,110.56012945472445,112.23238782514568,3082900
2023-06-02,113.53204345703125,113.88648972906769,111.72345774409096,112.69591414524702,3084500
2023-06-05,113.26847839355469,114.11369801799718,112.25966765038514,113.71381400968505,1977500
2023-06-06,114.35908508300781,115.54966062208233,113.19577357400621,114.00463882429274,2255700
2023-06-07,116.38578796386719,116.80385953096686,114.10460965657091,114.90438457221721,2952000
2023-06-08,113.52295684814453,116.04043503372657,113.25030267713721,116.04043503372657,2749500
2023-06-09,110.25111389160156,113.8501108321625,110.04208507566047,113.69561006666127,3312600
2023-06-12,108.71519470214844,110.205688339193,107.63367535636152,109.96938853803724,4551200
2023-06-13,110.2874984741211,110.36929750609013,108.15173039511211,108.66976781796862,2751600
2023-06-14,111.12361145019531,112.3414578907821,110.11480771980519,110.58740039589891,2895300
2023-06-15,111.41654205322266,111.736913556011,109.54006941984447,110.28150859324036,2686600
2023-06-16,112.2494888305664,113.88796793253499,112.04811747997134,112.49663750743686,5837200
2023-06-20,110.61102294921875,111.65452962223321,109.33868548606712,111.51722556129121,3971900
2023-06-21,110.47371673583984,110.89477736661951,109.54005478550636,110.24487898105258,2697000
2023-06-22,108.61557006835938,110.92225187781233,107.70021892461891,110.6384952579968,2707700
2023-06-23,107.00453186035156,110.11672661529015,106.88553176246164,108.41417321945826,4297200
2023-06-26,108.93592071533203,109.05491382714915,106.8031512826939,106.81230674777942,2828900
2023-06-27,110.63848114013672,111.30668347900028,108.97254255045172,109.59498152811283,3670000
2023-06-28,110.3913345336914,110.81239517599407,108.90847031157647,110.47371975912793,3295000
2023-06-29,111.21514892578125,111.51721643842757,109.63158858846873,110.06180468522426,2925100
2023-06-30,112.2494888305664,112.4783265769267,109.75974001636837,112.1762660592472,6598700
2023-07-03,113.36622619628906,114.1534286583257,111.26092297049574,111.3341457470119,1481700
2023-07-05,113.49436950683594,115.27930816227075,111.76435666070189,112.81701171643412,4228600
2023-07-06,112.57902526855469,112.71632932470199,109.68651954130372,111.39822155940695,2740800
2023-07-07,111.66368103027344,112.15797147246886,110.78494479422874,111.52637696573446,2517800
2023-07-10,111.49890899658203,112.04812521260816,110.63848375971806,111.27007123442924,1989700
2023-07-11,112.78955841064453,112.99093676064523,110.09842406713413,111.87420735324092,2356900
2023-07-12,114.6385726928711,116.18551832553568,114.2815863135754,114.73010640845912,3743600
2023-07-13,116.20381927490234,116.43265704975136,113.49438085871891,114.73010344618868,2831500
2023-07-14,116.93609619140625,117.04594083107396,115.16031292643683,115.75529250338192,2655400
2023-07-17,117.14663696289062,117.84230575495734,116.35027899104156,117.00017743463461,2811600
2023-07-18,113.50352478027344,118.76679306645548,110.72085688311527,118.76679306645548,6395000
2023-07-19,112.38680267333984,115.7003760436115,112.22203920225287,114.80332892689921,3594100
2023-07-20,113.28385162353516,113.89713517111699,111.94743988467758,113.58591217243809,2709300
2023-07-21,114.82164001464844,116.40519344886617,113.36622818747826,113.57676200554259,3304800
2023-07-24,116.25872802734375,116.64317375661018,114.70262719660194,114.75755300333546,1952700
2023-07-25,116.34112548828125,117.75991552844121,115.9200648128004,115.9200648128004,2817700
2023-07-26,118.33658599853516,118.49219400541125,116.46926896529853,116.68895825173189,2778900
2023-07-27,114.36396026611328,119.23362049740847,114.29988597316398,118.99563425706774,2980000
2023-07-28,113.18315887451172,116.1122794448422,112.92686169755459,115.43492162237347,2318500
2023-07-31,114.19004821777344,115.01386559361458,112.95432564579902,113.5676091986462,2673600
2023-08-01,113.66830444335938,114.14428396170645,112.62480470612833,113.97037199455124,2279200
2023-08-02,113.21063232421875,113.75068615925076,111.63622720363531,113.00925395062201,2096800
2023-08-03,113.32960510253906,113.51267949272749,110.37302528262869,111.9840380148433,2718200
2023-08-04,111.89250183105469,114.62940628921389,111.34329263981236,113.00007567873926,2045100
2023-08-07,113.89712524414062,114.06188870353391,111.78266666823826,112.02980836554126,1518100
2023-08-08,112.97264099121094,113.37539774526793,111.76437771261524,112.96349250758259,1369500
2023-08-09,112.2220458984375,113.53099827918399,111.99320811847186,112.7071808745927,2190800
2023-08-10,111.81929016113281,114.19004608239096,111.17854022142764,112.69802635107258,1590600
2023-08-11,113.05501556396484,113.40284646556299,111.05954989990265,111.44399568328606,1715900
2023-08-14,113.02754974365234,113.60421838604971,112.46002958350192,112.99093486394192,1499400
2023-08-15,112.30442810058594,112.75294818181608,111.50807013370517,111.91082685032184,1458900
2023-08-16,111.5355224609375,112.52410325694824,111.22430646047535,112.34103584297922,1348700
2023-08-17,110.02519226074219,112.67055620876637,109.95196948502786,111.70028634070295,1736700
2023-08-18,111.18769073486328,111.51721766435926,108.76200910857447,109.1373063830015,1886800
2023-08-21,109.97027587890625,111.1876944657515,109.1281545790811,110.67510010647956,1743000
2023-08-22,110.77578735351562,111.18769953979191,109.62244999252131,110.63849027499823,1468700
2023-08-23,112.65225982666016,112.93601643349308,111.29753712313337,111.6636789605926,2167700
2023-08-24,111.43484497070312,114.666033352667,111.36162218758356,112.81702713686818,1887000
2023-08-25,112.2769546508789,112.95431242123307,111.14191440657612,111.74604940598635,2559800
2023-08-28,113.50352478027344,114.34564603000481,113.05500474259081,113.16484239385858,2106400
2023-08-29,114.51040649414062,114.73924423972586,112.36848854757817,113.47606239818188,1833500
2023-08-30,115.05962371826172,115.2976169456835,114.1442726720271,114.86740083658135,1849300
2023-08-31,113.68661499023438,115.25187167048331,113.40285835611427,114.74842572261666,3277600
2023-09-01,114.0435791015625,114.94062616506147,113.54929570119714,114.78501816925852,1591000
2023-09-05,111.7186050415039,113.96121245297186,111.54468609699242,113.73237467696188,2854100
2023-09-06,111.10531616210938,112.06643762920882,109.48514775641083,111.63622148648003,2786400
2023-09-07,112.87193298339844,113.0641558611737,110.50117717392949,110.7849337577538,2531900
2023-09-08,112.11221313476562,113.29300998546354,111.55384836855336,113.1282464973423,1758000
2023-09-11,111.81929016113281,112.39595882165047,110.77578351553149,112.39595882165047,1992800
2023-09-12,111.654541015625,112.1945948645769,110.95887215715318,111.47146658782961,2275300
2023-09-13,110.97716522216797,111.89251632063026,110.71171256558495,111.56298936649786,1864700
2023-09-14,113.80561828613281,113.83307770522258,111.8284563087631,112.28613191646065,3375500
2023-09-15,113.54749298095703,113.65811167710463,112.33993543735436,113.10502522915299,4818500
2023-09-18,113.1326904296875,114.17432349381721,112.45977230426048,113.46453246796258,1654500
2023-09-19,112.06340026855469,113.70420569902781,111.78685702470078,113.16034622764514,1834000
2023-09-20,111.45500946044922,113.4645297395314,111.41813656090828,112.87457741244945,2497800
2023-09-21,105.59235382080078,111.31673970543672,105.4909551035655,110.37649833339799,3722800
2023-09-22,105.14988708496094,106.90131117930575,104.76273217868724,105.59235485840706,3612300
2023-09-25,104.39400482177734,104.99317711693641,103.60125508346589,104.57836228207876,3221000
2023-09-26,102.7808609008789,104.21886890155635,102.3199601793503,103.33394036015585,3179200
2023-09-27,102.55040740966797,103.83171081378156,102.17246545381384,103.36159012299292,3226600
2023-09-28,103.36158752441406,104.31104886545069,102.5872777310869,103.25097585838817,2177000
2023-09-29,103.43534088134766,105.20519799494515,102.73476980325353,105.12223923936418,3414600
2023-10-02,100.937255859375,103.88701760105482,100.27355770930035,102.94678324364023,3570000
2023-10-03,99.0936508178711,100.5869716224645,98.56822429949709,100.41182710541098,2466300
2023-10-04,99.94171142578125,100.05233013147901,98.05202267475627,99.84031270375503,2700300
2023-10-05,100.5040054321289,100.88194738154822,99.2227020498307,99.78500146598016,3377100
2023-10-06,100.39339447021484,101.16770427526289,98.5866575261962,99.56377179853008,2217300
2023-10-09,100.90038299560547,101.45346244327546,99.29645048752649,99.48080795915423,1818300
2023-10-10,101.70235443115234,102.6702417222248,100.19981358491768,100.77133300877964,2430400
2023-10-11,103.6104736328125,103.80405107328664,102.43056902452088,102.6333594149322,3561700
2023-10-12,101.07553100585938,103.60126502484215,100.95569231565628,103.26019595449125,2314500
2023-10-13,101.07553100585938,101.88671375492596,100.33808702831739,101.52721174989067,2578700
2023-10-16,102.2462158203125,102.2923087062312,100.49479164720674,101.88671381506501,3131800
2023-10-17,99.67437744140625,104.31104413934007,99.0844251400427,101.61937885248445,5379100
2023-10-18,96.2176284790039,99.72969662737637,96.06092392744142,99.20427010588882,3734600
2023-10-19,94.55838775634766,96.35589764389144,94.08826708084142,95.37879042633291,6388500
2023-10-20,94.42012023925781,96.75227671914328,94.02374534521651,94.71509641393133,5620500
2023-10-23,92.92679595947266,94.5768212929997,92.70556559485274,93.40613662106671,3978700
2023-10-24,93.74720001220703,94.28184651461551,92.97289020826642,93.28629931001764,3050700
2023-10-25,91.01866149902344,93.00053576821622,90.56698081578891,92.81617831503897,4069000
2023-10-26,91.83908081054688,92.6318306622838,90.98180513519357,91.09242384687337,3501400
2023-10-27,89.709716796875,91.50722681054262,89.08289152981375,91.45192097405652,4082900
2023-10-30,91.14771270751953,91.33207719264284,89.37785584705182,90.51167457400564,3588700
2023-10-31,92.87149047851562,92.95444922826759,91.0924135061517,91.98656198389541,4561600
2023-11-01,93.65502166748047,93.96843780332058,92.51198989048153,93.1572480631132,2585500
2023-11-02,96.53104400634766,97.23161504150991,95.64611550377843,95.83969295439171,4532300
2023-11-03,98.21794128417969,99.92327245548697,98.00592386926236,98.72492783089996,4562500
2023-11-06,96.72461700439453,99.14895204984974,95.71984986475576,98.04279323075515,3147300
2023-11-07,96.0793685913086,97.06569586522751,95.38801750119383,96.78915261606681,3092600
2023-11-08,96.90898132324219,97.23161744837071,96.19919732009026,96.43886765988134,2588600
2023-11-09,95.20365905761719,97.40676410921809,95.08382739283108,97.40676410921809,3350800
2023-11-10,96.37434387207031,96.55870134792534,94.53995393321438,96.24529223241441,2385600
2023-11-13,94.4662094116211,95.80281861216706,94.13436034905487,95.80281861216706,2473500
2023-11-14,100.78054809570312,101.35206045901003,97.39753866753098,97.71094776575909,5787500
2023-11-15,101.86827087402344,102.39369737106472,100.52244172428237,100.6975792014386,4620300
2023-11-16,101.64704895019531,102.52276460037821,101.42581855798365,102.06186384747795,3609900
2023-11-17,101.46267700195312,102.76242031563373,100.98334338167669,102.66102160182378,3125100
2023-11-20,102.3199462890625,102.39369208236468,100.19058749515999,101.2598733668979,3356200
2023-11-21,101.96045684814453,102.34761176130561,101.4903361491422,102.05263558468954,2717300
2023-11-22,102.81773376464844,103.39846614175721,102.10794271539528,103.39846614175721,2325300
2023-11-24,103.24176788330078,103.26942080302355,102.12638891349602,103.13114917162238,1284500
2023-11-27,103.1219253540039,103.7026577053507,102.55962593626752,103.0481795539891,2770900
2023-11-28,103.3431625366211,103.37081545525368,101.65626417216299,102.26465651322803,3226900
2023-11-29,104.200439453125,105.02084220226936,104.15434656631535,104.40323690262804,3241100
2023-11-30,105.942626953125,106.21917016475628,103.51829199126338,104.22807591969752,8202800
2023-12-01,109.01223754882812,109.205815002473,105.79514553973742,106.05325584405063,4159700
2023-12-04,110.92037963867188,110.96646549543532,108.2102808937449,108.32089960899474,5388600
2023-12-05,109.37171936035156,109.99854448960718,108.52366390100143,109.69434839023636,3727700
2023-12-06,109.7404556274414,110.60694413070293,109.25189499506602,110.23822217710047,2989100
2023-12-07,109.64827728271484,110.35806832215816,109.19659655120614,109.86951468951594,3072200
2023-12-08,110.47789001464844,110.5424158276172,108.80943182732288,109.29798541591305,4257600
2023-12-11,112.45977020263672,112.94832381679576,110.06308798192471,110.09996088166324,5433200
2023-12-12,112.52429962158203,113.42766811213203,111.83294855311992,112.11870474425916,4197900
2023-12-13,119.13362121582031,119.30875167146684,112.57960548947408,112.79162291162393,5883200
2023-12-14,126.39743041992188,126.7661594978933,121.30909573410136,122.10184566976976,9543800
2023-12-15,124.55130004882812,126.87051845238776,123.74421657411281,126.3881312163251,8413600
2023-12-18,123.0855712890625,125.24708487295854,122.81654814115751,124.84818604065322,3805000
2023-12-19,124.07817077636719,124.87598238458388,123.55866817666967,124.21731820293468,2613300
2023-12-20,121.0353775024414,124.75539892021226,120.96116081100281,124.27301165894112,3448200
2023-12-21,121.48992919921875,122.79795747128026,119.87574827883574,122.68663953035183,3256400
2023-12-22,122.82579040527344,123.58650077066837,121.35077102501883,121.5919787776487,2361300
2023-12-26,123.80915069580078,124.19877765500209,122.8814634152116,122.8814634152116,1215900
2023-12-27,124.47708129882812,124.4863672317354,123.17832467650791,124.18022870889159,2714600
2023-12-28,125.4140625,125.4418919897087,123.82771080967208,124.40288662622017,1953100
2023-12-29,123.66073608398438,125.27490313751558,123.44737194060465,124.38433114013009,2938000
2024-01-02,124.88529205322266,124.96879468988324,122.54752964527303,123.23400936513936,2899100
2024-01-03,121.0817642211914,123.4009827367002,120.71068076547813,123.38242502506792,3195000
2024-01-04,120.86839294433594,121.6198316775191,119.69024006192406,120.61792752199548,3613800
2024-01-05,121.1188735961914,122.45474581540324,119.01301907964532,119.86650400722085,2393600
2024-01-08,123.54013061523438,124.0039743199497,120.88694405804723,121.3693454744594,3208700
2024-01-09,123.44737243652344,124.61625349605758,121.20235641133425,122.1857169723367,3109500
2024-01-10,123.89263916015625,125.22851110913514,123.47518271494648,124.65333536947868,2354000
2024-01-11,121.82392120361328,123.37315752707373,121.14669918171191,123.08556253064862,2787500
2024-01-12,122.03729248046875,123.35460702129113,121.15599219359174,123.0577402290782,2380600
2024-01-16,120.57151794433594,122.01870784864091,119.82936528291721,120.84982696179105,4001200
2024-01-17,117.6864242553711,120.17261969542963,116.3041720096552,118.68832834708294,3912900
2024-01-18,117.12980651855469,118.04821501115072,115.65477995510744,117.62147968047283,4062900
2024-01-19,119.15216827392578,119.55106704913108,116.9442677997802,117.74207950557673,3559000
2024-01-22,119.43048095703125,120.96115950468564,119.37480782251367,119.44902451315076,2280900
2024-01-23,118.75325775146484,120.5900889763705,118.66976928361993,120.40454017397794,3426400
2024-01-24,116.36911010742188,120.4416572407348,116.24850621529762,120.4416572407348,3491500
2024-01-25,117.07414245605469,118.2059221720854,116.42476413260734,117.70497014641478,2590400
2024-01-26,117.6957015991211,118.13170872672121,116.66596803103934,117.71425223271751,2333000
2024-01-29,118.64192962646484,119.06867201785428,117.13907363481627,117.74207180244831,2553900
2024-01-30,117.38029479980469,118.47496630080573,116.48971567524865,117.84413853620015,2764300
2024-01-31,117.52871704101562,119.75516110230241,116.8236726468385,118.12243640105117,4811300
2024-02-01,121.0075454711914,121.02610318250794,117.07414583987337,117.45450106723808,3984000
2024-02-02,119.90360260009766,120.84984776014066,117.35246211924452,118.93881388298169,4195000
2024-02-05,117.73280334472656,118.81819583045112,116.962821156313,118.25230598862358,3591800
2024-02-06,121.06320190429688,121.29512374702541,117.75135827324107,118.30796928025097,3764300
2024-02-07,119.75515747070312,121.56414498506398,119.43974716673983,120.88693717822852,3907500
2024-02-08,122.13932037353516,122.79797046758203,119.47684804301332,119.69949810381846,3261000
2024-02-09,122.90003204345703,123.1690693367332,121.01682761207357,121.87958431984421,2870400
2024-02-12,122.50112915039062,124.52348097281437,122.26920729064183,123.38242938635865,2523800
2024-02-13,121.41572570800781,121.51777188340425,118.03893721999498,119.43974710959746,4759100
2024-02-14,121.06320190429688,122.2877560284888,119.88503497972785,121.47138661236085,4294100
2024-02-15,123.47520446777344,123.55869294044679,122.17643355284426,122.17643355284426,3409200
2024-02-16,123.74422454833984,124.47709138272178,121.82391894724626,122.39908061866971,3421200
2024-02-20,123.70709991455078,124.25443199239108,122.05581774912423,122.77941266856354,2995200
2024-02-21,123.77204895019531,124.76468124466267,123.41025143701451,123.60507201582853,2436400
2024-02-22,123.79061126708984,125.0893679895509,123.3638688266317,123.85554202551958,2946900
2024-02-23,123.57723999023438,124.4956414211729,123.42880661469766,123.82770538664353,2131800
2024-02-26,122.97423553466797,123.58651259632154,122.01871867574764,123.21544331037835,2000500
2024-02-27,122.9093246459961,124.73687019320268,122.22283078511528,123.61436206540122,2976900
2024-02-28,124.30084991455078,125.33985535718924,122.38980182485864,122.47330445573226,2478800
2024-02-29,123.63288879394531,125.88716210844723,123.38240926276133,125.31200051980255,5131300
2024-03-01,124.86672973632812,124.98731947269842,120.81272617155591,123.41952550140752,2786500
2024-03-04,123.94831848144531,124.86673413599605,121.48995244630675,124.55130965070214,3316200
2024-03-05,122.86292266845703,124.05036141911734,122.25064558144535,123.42881255395814,2328800
2024-03-06,123.45663452148438,124.180229523723,122.8443574717792,123.49373578720032,2245500
2024-03-07,123.14122009277344,124.82960365629317,122.42689689205328,124.34720228583676,2080400
2024-03-08,125.302734375,125.63668822440977,123.7813135656341,124.06890852826795,2942200
2024-03-11,124.42144775390625,125.94285474618425,123.52158971187838,124.95023644382276,2068900
2024-03-12,124.83889770507812,125.23779648448041,123.18760114329054,123.93903981272172,1729200
2024-03-13,123.68854522705078,125.48826079308309,123.10409771808159,124.96875818750352,3061400
2024-03-14,121.29512786865234,123.54940146198905,120.13551861560595,123.29893605520923,3076000
2024-03-15,120.57552337646484,121.76239041207951,119.04285636271564,119.44471274259236,6698800
2024-03-18,119.75311279296875,121.3138079704491,119.51012804741916,120.36991857858469,2274300
2024-03-19,119.48210906982422,120.41666536291764,118.65036088511403,119.697058514545,2641200
2024-03-20,120.2764663696289,120.82784691644464,118.38868032403757,118.87464271902697,2565700
2024-03-21,121.38858795166016,121.89323821584564,119.9119985904006,120.5288044489182,3020100
2024-03-22,120.20171356201172,121.67830300948333,119.63163797950742,121.67830300948333,2738500
2024-03-25,118.80921936035156,120.5007580063755,118.7905315163818,120.46336805834902,2472700
2024-03-26,116.9494857788086,118.75316601170078,116.88406762031175,118.239161102051,3567300
2024-03-27,120.42599487304688,120.64093716836156,118.53820174091358,118.61296737843331,3202100
2024-03-28,121.69696807861328,121.99601633392703,120.65027779488672,120.93998569412635,3676100
2024-04-01,119.54750061035156,122.2109708360903,119.10826146070222,121.69696605883199,1762900
2024-04-02,117.36067962646484,118.82792145248263,116.66910814741765,118.57558919849289,3187400
2024-04-03,117.8372802734375,118.36998004957107,116.46349922934102,116.884043428344,3585000
2024-04-04,116.52892303466797,120.28581419909607,116.18313732021717,119.84657500588769,4335800
2024-04-05,116.57565307617188,116.7438721998622,115.18317690953981,115.91212406884996,5099600
2024-04-08,117.91205596923828,118.02420442589829,116.57565049672543,117.0242371933218,2821600
2024-04-09,117.99617004394531,118.50082740791161,117.37001673510855,118.09897101420013,2965800
2024-04-10,112.72531127929688,114.08975206454907,111.32348767567623,113.81873197891052,4753000
2024-04-11,112.37952423095703,114.30469300893374,111.10853694160052,113.28603795807607,4098100
2024-04-12,111.21134948730469,112.58513788648435,110.74407490962693,112.13655115469425,3735300
2024-04-15,108.2114486694336,112.1272119523427,107.65072059645034,112.07113415401338,3993800
2024-04-16,107.23015594482422,108.33292410845247,106.51055631391753,108.0619040284882,5666400
2024-04-17,99.52013397216797,104.20222706823834,98.65100300379615,101.5854866754937,11034000
2024-04-18,97.83795166015625,99.33322885680163,96.81928939085016,99.02482592966861,6310200
2024-04-19,96.71646881103516,98.00615092488837,95.80995518899128,97.79120152923196,6932200
2024-04-22,97.26787567138672,97.72580275107435,95.83801663579993,97.00620305442234,3673000
2024-04-23,97.96878051757812,98.69772764987015,97.25852122942845,97.69776043223096,4232300
2024-04-24,96.42676544189453,97.74447581520779,95.69781836771574,96.98749341202875,4819700
2024-04-25,96.58564758300781,97.25852407249882,94.98756948548855,95.33335521760026,3798800
2024-04-26,97.24918365478516,97.78187639268302,96.03427402047923,96.66042024870151,4037600
2024-04-29,98.13700103759766,98.66034624158566,97.3426357443891,98.55754527222464,2840500
2024-04-30,95.37074279785156,97.20245826065718,95.3240124887316,95.8006345475876,5607900
2024-05-01,95.21186065673828,97.31459615195811,94.97822337949162,95.19317281177784,5526200
2024-05-02,97.68841552734375,97.72579834666014,94.49225934125131,97.01553903973614,5836200
2024-05-03,98.95941162109375,101.00607659700749,98.50148452152135,99.76312448240945,3517600
2024-05-06,97.81924438476562,99.64161925500663,97.3800052037838,99.41732235617982,4259700
2024-05-07,100.70700073242188,100.92194300638776,98.57623018505035,99.5107791710935,4088000
2024-05-08,98.9500503540039,100.30515074777594,98.40801732653846,99.9500175473182,2947700
2024-05-09,101.07148742675781,101.26774188377537,99.0995882390489,99.52947997299836,4208800
2024-05-10,100.45467376708984,101.40791777553203,99.97805889291205,101.36118747176873,2872800
2024-05-13,100.63224029541016,101.87519222219983,100.19300110849626,101.23035110693958,3043100
2024-05-14,101.19297790527344,102.66956723093547,100.96868811214881,101.73501810786492,3727300
2024-05-15,102.79105377197266,104.18353706811801,102.21163789173858,103.3611292948147,4347500
2024-05-16,103.53868865966797,104.57603866108965,102.98730102024295,103.31439888721128,4232400
2024-05-17,104.20223236083984,104.23961518321138,103.00601056512788,103.85644660143635,3260600
2024-05-20,104.71623229980469,105.63208644940605,103.38916712357852,103.90317199430456,3941400
2024-05-21,103.36112213134766,104.40781962026306,102.56675687540557,104.23025302150727,2524900
2024-05-22,102.07145690917969,104.10877429358537,101.46399854992201,102.91255255045617,3158100
2024-05-23,98.72576141357422,102.23966785015826,98.50147163720946,102.04341340458365,4364600
2024-05-24,97.8940200805664,99.18369529619623,97.6790706462728,99.01547616980592,3107600
2024-05-28,98.12765502929688,99.27715355400217,97.53889166593684,98.81921936356729,4857000
2024-05-29,98.12765502929688,98.20242066814875,96.34266283443819,96.89405050841603,2945800
2024-05-30,100.5294418334961,100.62289531324059,98.50147208986247,98.9874344625599,4325700
2024-05-31,103.2583236694336,103.41720242850734,100.52009463773057,100.69766124078996,14977800
2024-06-03,100.37057495117188,103.7349502913697,99.95937106479927,103.5200008607539,3262400
2024-06-04,101.6509017944336,102.67891150163875,99.52947848874716,99.52947848874716,5538500
2024-06-05,101.62287139892578,102.27706007438407,100.48272030830897,101.86585617152708,2824700
2024-06-06,102.80975341796875,103.02469572845244,100.55748655653338,100.92196015260933,3144300
2024-06-07,102.9873046875,103.06207032432899,100.74439262297912,100.97802989053702,4786900
2024-06-10,103.89381408691406,104.04334535432629,101.93126254740989,102.61348647740243,5780800
2024-06-11,104.27698516845703,105.0152797768067,102.8751615872967,103.66017937032564,7061100
2024-06-12,105.4264907836914,108.39835746325247,105.08071215009186,106.59467725946156,4650500
2024-06-13,105.0246353149414,106.01526230391856,104.15550428378808,105.82834818805284,3122200
2024-06-14,104.94051361083984,105.08069739425599,103.19290432167772,104.61342286956442,3672400
2024-06-17,104.89337921142578,105.58148596721679,103.72454772712913,104.14871829734605,2696200
2024-06-18,103.73397827148438,105.57206037461054,103.66799602141127,104.89338169298675,4337100
2024-06-20,102.89505767822266,103.85651434640654,102.55571833850462,103.12128150752606,4760600
2024-06-21,103.12127685546875,103.649134830539,102.23522337600751,103.10242067548735,6708800
2024-06-24,105.2232894897461,106.65605714648731,103.03644002713773,103.16840452295261,2924200
2024-06-25,103.52661895751953,105.12904938049574,103.35694926166688,105.11962128863533,2929900
2024-06-26,104.07331848144531,104.92165964903391,102.36719367269106,102.70653301633688,3385000
2024-06-27,104.9593734741211,105.56264187000644,103.58316699653722,104.17700730112003,3174300
2024-06-28,105.86427307128906,106.26959468750687,104.02619085328179,105.49665662768761,5436400
2024-07-01,105.5249252319336,107.0613803286318,104.7991204940738,105.57205849179917,2405800
2024-07-02,106.7126235961914,107.04253487373022,104.67659457514728,106.18476555212932,2945400
2024-07-03,106.7974624633789,107.80605248249492,106.42041791973638,107.16507891576057,1339500
2024-07-05,107.89088439941406,108.34333929290077,106.59950916666331,107.15565149008391,2252300
2024-07-08,107.84375,108.58840375163345,107.27817962892377,108.05111765233183,2185700
2024-07-09,107.8814468383789,108.47529428342334,106.34499889840353,108.18308101038407,2196100
2024-07-10,109.85150146484375,109.95518888645212,107.76833932516587,108.40931284441491,2998300
2024-07-11,113.49940490722656,113.92357552662858,111.29369898836701,111.68017162555572,4242900
2024-07-12,113.25431823730469,115.57313234998146,112.96210495582521,114.99814106931281,4003400
2024-07-15,114.1875,114.38544676059962,112.3117126282477,113.44283902925307,3264700
2024-07-16,114.51741027832031,115.15838381775949,113.96127517356304,115.15838381775949,4508600
2024-07-17,116.1386947631836,121.7472149370043,114.89445287710436,117.29810540753125,8941300
2024-07-18,115.58256530761719,120.01281887186241,115.07355625781229,115.46944978826284,4631900
2024-07-19,116.647705078125,116.67598215901491,114.64937412743316,115.90304411807747,3485200
2024-07-22,119.39068603515625,119.94682108570389,116.45917572642328,117.49604268257221,6266100
2024-07-23,118.4669418334961,119.32471114296914,117.44892374160439,118.73087085179549,3708200
2024-07-24,116.01616668701172,119.66405417412632,115.79936373446377,118.212444528994,4082500
2024-07-25,113.51824951171875,117.10016177180033,113.35800792316135,116.63827880498013,3402100
2024-07-26,115.63912200927734,116.19525714403966,113.48054934369796,114.22521034818813,3373900
2024-07-29,116.83622741699219,117.28868230002887,114.41372579376531,115.83706550600779,2376300
2024-07-30,118.85340118408203,119.42839245516086,116.46860485888261,116.95876488907737,2663900
2024-07-31,118.8156967163086,121.16278055090866,118.06160772250867,118.86282278371758,3960100
2024-08-01,120.38985443115234,122.21851563757834,118.58947030457405,120.50296275054305,3871100
2024-08-02,116.86450958251953,121.07796009664287,115.39403663281671,119.85257436200448,5728500
2024-08-05,112.11376190185547,116.06328326625353,111.72728929374145,113.11292376045114,5157400
2024-08-06,114.10267639160156,115.29978512624791,111.30313009151885,112.13262236166209,4016200
2024-08-07,113.25431823730469,116.94933874897535,113.11292564194703,115.97845395452615,2967000
2024-08-08,114.98871612548828,115.48829707676825,112.85842781216336,113.67849194293376,2806500
2024-08-09,114.90387725830078,115.59197683521855,113.49939383327508,115.32804783631717,1901800
2024-08-12,113.1034927368164,113.95184108132543,111.93466123522946,113.75389433286095,2836800
2024-08-13,115.63912200927734,115.91247912673778,113.48054934369796,114.31946968728876,2719500
2024-08-14,116.3366470336914,117.20384443962334,115.23379768974364,115.72395055654495,2182300
2024-08-15,117.60916137695312,118.17473175888875,116.1104185627917,116.9964721157331,2792300
2024-08-16,115.79936218261719,117.5149080226735,115.07355736977766,117.25097899982276,2899000
2024-08-19,117.54318237304688,117.74113632711074,115.82763657286209,116.07271659903887,1664900
2024-08-20,117.02474212646484,117.74112595985041,115.74279513683834,117.54317202321666,2108400
2024-08-21,117.32638549804688,117.9862080335291,116.26123415880609,117.1284387374022,2086400
2024-08-22,118.74971771240234,118.80627187144817,117.32637811370068,117.90136936908593,2770000
2024-08-23,121.46443176269531,121.94515652353275,118.9476708682186,119.4378237199135,2938700
2024-08-26,121.50212860107422,122.5107257590828,121.1722245309521,122.44473631522702,2278600
2024-08-27,121.53983306884766,121.8414600385955,120.83287732915734,120.83287732915734,2042700
2024-08-28,119.61691284179688,121.78490613309131,118.29726068666834,121.27590432800204,2501000
2024-08-29,118.13703155517578,119.70175668749208,117.48662990351507,119.61692544155014,2419900
2024-08-30,120.48411560058594,120.62550819350886,117.92964960347558,118.7779979694871,3618000
2024-09-03,121.0025634765625,121.62468810113889,119.11735499341263,119.27759659979368,3526200
2024-09-04,120.90830993652344,122.99146517864907,119.91856884205397,121.22879314561138,3091500
2024-09-05,120.09764862060547,121.85089949036073,119.55093443723536,121.66238082993527,2402700
2024-09-06,119.92798614501953,120.86116579570827,118.815708722113,120.18248707101597,2484100
2024-09-09,122.774658203125,123.58530143529691,119.75831631006183,120.22962018032335,3599400
2024-09-10,124.8012466430664,124.96150260005611,122.96316460900627,123.6512641636952,3029800
2024-09-11,123.18940734863281,123.82095280593776,121.02140667870304,123.20826353061207,3890300
2024-09-12,122.81236267089844,124.10374512409896,120.99313653946649,123.57588706281412,5557000
2024-09-13,122.52014923095703,124.79183732169784,122.2279431347224,123.660710917574,3689400
2024-09-16,122.76705932617188,123.60273083511116,121.77945939839455,123.28935401925894,3864300
2024-09-17,122.37769317626953,123.49825385318346,121.51354155445925,122.71955742633651,3171100
2024-09-18,120.62090301513672,122.80504230530414,120.29803522752806,122.33023162114829,3498600
2024-09-19,122.0263442993164,122.98545665286956,120.8868015696329,122.33023008860371,2604400
2024-09-20,119.14899444580078,121.48506214645322,118.93057834289829,121.2571550462773,8581000
2024-09-23,120.25054931640625,120.76334571640596,119.61430474873542,120.22206183502337,3386200
2024-09-24,120.29803466796875,121.09571313602291,119.43387574920736,120.04164008753307,3979500
2024-09-25,119.0730209350586,120.81082975076195,118.49375132982414,120.34551731615977,3421700
2024-09-26,118.92108154296875,120.05112599143534,118.56971904502174,119.54782784912999,3235800
2024-09-27,119.262939453125,120.90578754316373,118.96855915899938,119.64278943443804,3775200
2024-09-30,119.91819763183594,120.06064230081999,118.28484755023068,118.49376543206905,3608400
2024-10-01,118.33231353759766,120.3360151070197,117.25924405173674,120.260043662436,3401500
2024-10-02,117.92398071289062,117.99045391825439,115.80632189338297,116.38559150228271,3848800
2024-10-03,115.89178466796875,117.51563622642048,115.37898829503101,117.49664698817934,3400500
2024-10-04,116.25265502929688,116.59451932754479,114.29643717990679,115.46446749472328,2774000
2024-10-07,113.9545669555664,115.5974151503251,113.2993258771603,115.24605262733239,3186500
2024-10-08,113.32780456542969,114.60030089843968,112.26423332653431,114.22994916417638,3035400
2024-10-09,112.85299682617188,113.45126290856355,111.96035769115404,112.2357487497884,3661700
2024-10-10,112.32121276855469,113.1378877138819,111.55202178901654,112.11229491114038,2767100
2024-10-11,114.18246459960938,114.3533967256806,112.1977595338717,112.79601835260314,2712000
2024-10-14,114.39138793945312,114.87569686074558,113.47975230498477,113.99254870781748,1979000
2024-10-15,115.27452850341797,116.85090333186965,114.6572732122166,114.6572732122166,5453600
2024-10-16,120.57343292236328,121.21917577811692,115.63539718864834,116.84142044992649,5565200
2024-10-17,116.51853942871094,120.52594277714883,116.51853942871094,119.69027857812858,5446800
2024-10-18,116.32862091064453,117.13579764754788,115.48345844852928,116.81292985080104,3690900
2024-10-21,111.83689880371094,115.34100376582391,111.64697743919395,114.63828602306826,3866200
2024-10-22,112.94795989990234,113.57470619136886,111.43805826335176,111.43805826335176,3374600
2024-10-23,114.74274444580078,115.00863725297725,112.90997503057939,112.93846251062892,4133100
2024-10-24,114.32492065429688,115.03713670982827,113.76464750156298,114.00205285340677,4332900
2024-10-25,111.61849975585938,114.26794432011833,111.5235390652661,113.76464613944135,3247300
2024-10-28,111.87489318847656,112.81502357722943,111.20066287368695,112.4731592985986,3648500
2024-10-29,109.50083923339844,112.1882694831049,109.50083923339844,111.84640520600264,3595700
2024-10-30,110.03262329101562,111.35259632623193,109.51032867490747,110.06111077097869,3780200
2024-10-31,107.25023651123047,109.85219695551156,107.17426506518416,109.36788804326119,5021300
2024-11-01,107.68706512451172,109.55782038813322,107.6680686398355,109.02602749274074,3941700
2024-11-04,108.12389373779297,109.29192400855939,107.42117592680135,108.29482588047054,2439800
2024-11-05,108.66516876220703,108.66516876220703,106.74693686906271,107.28822073576981,2370200
2024-11-06,108.00992584228516,109.88068098342917,105.78781545303137,109.88068098342917,5768000
2024-11-07,108.45625305175781,108.9120744856305,107.66806559580915,108.40877633148176,3035800
2024-11-08,109.99464416503906,110.15607805786695,108.19986036938877,108.73164601401521,3250900
2024-11-11,108.35179901123047,110.61190255335922,108.06691694161705,109.89018826927335,3547000
2024-11-12,107.06980895996094,109.32041420440547,106.80391613682711,108.07640528897787,2708100
2024-11-13,110.6973648071289,111.23864870798758,108.12389171742987,108.18086668224566,4772300
2024-11-14,108.96905517578125,110.82081399970811,108.51323371794895,110.53593192796967,4757000
2024-11-15,107.7060546875,109.18746896013974,106.99383865576193,108.59870109902327,3889000
2024-11-18,108.87408447265625,108.91207019440196,106.74693477014566,107.16476321927726,2411400
2024-11-19,109.32989501953125,109.62428254204345,107.20274538753014,108.08589346499595,2950800
2024-11-20,108.7696304321289,108.94056256514048,107.87698404361996,108.65567326177586,2821800
2024-11-21,108.22835540771484,109.19696607734792,107.87699287081917,108.74115184870996,2626500
2024-11-22,109.9661636352539,110.09911005481517,108.2188564502484,108.56072074198781,2432900
2024-11-25,112.12178802490234,113.44176106906029,110.4599507288006,110.64987209319798,9970700
2024-11-26,110.31752014160156,112.1218023134528,109.70026476109501,111.67547908070135,3367200
2024-11-27,111.86538696289062,112.73903678044623,111.0297156199807,111.22913521452915,2655000
2024-11-29,110.89678192138672,112.64408900160124,110.78283199433181,111.9793496986247,3124300
2024-12-02,110.0041275024414,110.76382743761071,109.03551696788429,110.25103106812676,3386500
2024-12-03,110.53592681884766,111.20065886721548,109.7667285971238,110.10859286343752,4520300
2024-12-04,109.25394439697266,110.51693534614373,108.60820155854633,110.51693534614373,3761300
2024-12-05,108.05741882324219,108.62719020815975,107.20275812334775,108.29482417071085,2510200
2024-12-06,106.35758209228516,108.67466030627838,106.0916892962601,107.32619259852436,3650800
2024-12-09,109.60529327392578,109.63378075490704,106.832400701201,107.3072113709841,4717100
2024-12-10,107.44965362548828,109.45335518690621,106.88937328021622,109.30141229834575,2908100
2024-12-11,106.3196029663086,108.33280278898833,105.68335841563943,107.34519573890218,2804200
2024-12-12,106.02523040771484,107.62059464423038,105.69286436782333,105.99674292501504,2868200
2024-12-13,105.53141021728516,106.09169053979258,105.05659957737919,105.51242097950448,4741200
2024-12-16,104.28616333007812,106.63300612843196,103.95089380902633,105.65595520686124,5586800
2024-12-17,104.28616333007812,105.18658080065597,103.38573855133215,103.90300338328187,4687400
2024-12-18,99.53500366210938,104.52564228857754,99.46794390821746,103.92216296889819,5422600
2024-12-19,97.13068389892578,100.50247557661825,97.1019481799377,100.22468477945247,7786700
2024-12-20,98.96983337402344,100.39709664096583,96.57509291558485,96.57509291558485,11067200
2024-12-23,99.75531005859375,100.02351982629578,98.24183230294021,98.62499224601514,4626200
2024-12-24,100.29173278808594,100.38752825803161,99.08478879498807,99.3721532803202,1883700
2024-12-26,102.3895263671875,102.94510792872639,99.2093112092372,99.61162586766127,4799000
2024-12-27,100.80899047851562,102.71520911101935,100.39709483474778,101.69026050557393,3655100
2024-12-30,100.67489624023438,101.02932049010646,99.26678755787559,100.44500318234984,4038500
2024-12-31,101.24962615966797,101.92973889784626,100.37794441151924,101.62320509575572,4602700
2025-01-02,99.87025451660156,102.08299228163675,99.41046114960025,101.91057068253221,4180100
2025-01-03,101.18257141113281,101.46994318995827,99.27636004888318,100.10973236094267,3558800
2025-01-06,102.1692123413086,104.25741904435706,101.29752329018164,102.01594544117584,4450200
2025-01-07,102.09258270263672,103.73058439107439,101.60405357543549,103.00258120460154,4958800
2025-01-08,101.05804443359375,102.14046445867197,100.49288920961074,101.92973344326373,3571500
2025-01-10,99.22846984863281,100.5791070802021,99.14226269334208,99.62121082229542,4230700
2025-01-13,100.93352508544922,101.01973223540942,98.88362780493564,99.22846371294449,5774700
2025-01-14,103.56773376464844,104.00836511409734,100.93351936751843,101.1346766808646,4444400
2025-01-15,103.3091049194336,107.28437565766832,103.20373575154494,106.79584654365436,4571000
2025-01-16,106.25942993164062,106.38395381159079,103.23247431283701,103.66353200466752,5499800
2025-01-17,104.87047576904297,106.91079197751475,104.81299702936458,106.51805104041158,5270800
2025-01-21,112.33248138427734,112.9263796445511,105.53141999386789,105.61763444998614,8040000
2025-01-22,110.2825927734375,112.5336548103682,109.6982754755323,111.36502021455782,5429500
2025-01-23,113.54901885986328,113.58733558566509,109.67911725189907,110.43585614310632,4788700
2025-01-24,113.92259216308594,115.01459321580462,112.27500957598959,113.539432232199,4165800
2025-01-27,116.1449203491211,116.94954969145395,113.02217652684932,113.02217652684932,5253400
2025-01-28,115.14869689941406,116.44185525807943,114.76553697250677,116.00122389999474,3494600
2025-01-29,114.15248107910156,115.91501377431247,113.47237569769891,115.42648469735624,2758100
2025-01-30,115.57018280029297,117.10281532242934,114.35365048310123,115.69470668053368,2844000
2025-01-31,114.22911834716797,115.60849117148332,113.46279848739994,114.72722114029973,3753700
2025-02-03,112.87848663330078,113.52028265250024,109.64080005279081,111.14469682022067,3704000
2025-02-04,113.32869720458984,113.80764530510207,111.28838092734824,111.36501437739054,2273400
2025-02-05,113.7789077758789,114.41112276640452,112.54322081926169,114.41112276640452,2797800
2025-02-06,113.54901885986328,114.20996959065012,111.92059090004335,114.20996959065012,3476400
2025-02-07,112.40911865234375,114.20996820229632,112.07385644086366,113.77891052339214,2873000
2025-02-10,114.43985748291016,114.55480034697035,112.67732471625264,113.07964666496689,2768800
2025-02-11,116.64302062988281,117.02618058324835,113.9896512902336,113.9896512902336,3673500
2025-02-12,114.72721862792969,115.57017191684855,113.62564390236685,113.62564390236685,3374700
2025-02-13,115.80965423583984,116.34607377938944,113.80764733966113,114.86133902615948,2443800
2025-02-14,115.76175689697266,117.44765629295894,115.57018057595594,116.57596722354602,2101300
2025-02-18,116.20238494873047,116.69091405392894,115.1870173217636,115.67554642696207,2151200
2025-02-19,116.5089111328125,117.01660225313202,114.99544070455916,115.64681040705896,5276400
2025-02-20,115.80965423583984,116.50891438251439,115.1199677894657,116.50891438251439,2484700
2025-02-21,115.87670135498047,116.33648742599352,114.59311668138606,116.19280884640683,3152000
2025-02-24,115.64682006835938,116.93997857318995,114.92839786476812,116.02039902957335,2708500
2025-02-25,117.4476547241211,117.88828610310827,115.8575435098835,116.18323202106329,3732700
2025-02-26,117.01660919189453,118.23313421155459,116.64302293156928,117.77334079680931,2324900
2025-02-27,117.60091400146484,118.7791295505033,116.38438903537218,117.10281118991152,2293300
2025-02-28,118.70249938964844,119.01860690036634,116.77713322400658,117.66796970448165,5562200
2025-03-03,118.33849334716797,119.72743986603922,117.57217349030728,118.93239160164339,3184000
2025-03-04,116.65259552001953,118.91323108732044,116.46101920746909,117.90743717601097,3242400
2025-03-05,118.81744384765625,119.42091581419666,115.44564517868122,115.7713336823309,4300600
2025-03-06,115.23492431640625,118.28103475029727,114.68892373430167,117.67755542238211,4080200
2025-03-07,114.86134338378906,116.32692348385146,113.07965576578462,115.66597272963962,4004300
2025-03-10,112.9072265625,115.08164769851923,112.34206401007128,114.42069698871032,4238600
2025-03-11,112.24627685546875,114.08543580300383,110.66574666598751,113.82680704494997,5521700
2025-03-12,110.85733032226562,113.04133248660786,110.79027788066452,112.68690826204887,3608400
2025-03-13,105.71342468261719,111.53743530315614,105.48353164206559,110.84774887333337,4802800
2025-03-14,107.17900848388672,107.56216843714085,105.847533310159,107.05448460505063,4732700
2025-03-17,109.62165069580078,110.14848925564323,106.79585233454786,106.80543334346675,3436100
2025-03-18,108.60689544677734,110.17250741707106,107.89174263857764,110.03720843641818,3464200
2025-03-19,109.17708587646484,109.92123023971412,107.94972140784753,108.49092468163362,4121100
2025-03-20,108.30730438232422,110.09519006438978,107.94972429661456,108.83884135118433,3344200
2025-03-21,104.77984619140625,107.91106997822126,104.30629978237675,107.53415726692226,7526600
2025-03-24,106.5580825805664,106.72237315352176,104.48993250559384,105.61098230291233,5379400
2025-03-25,105.56266021728516,106.73203418315445,104.77985055138747,106.37445409511518,3467100
2025-03-26,107.39885711669922,107.83375299117004,105.8042610300292,105.9202273646286,3246100
2025-03-27,107.03162384033203,108.55857789584879,106.87699222158741,107.49551132332446,2825100
2025-03-28,106.74169158935547,107.87241500750706,106.23915358269798,107.27322855400969,3660200
2025-03-31,108.03670501708984,108.44260194807161,106.4034436006387,106.60639206612959,5071200
2025-04-01,107.70811462402344,108.95480435286426,106.39377540787689,108.76152221005964,3359900
2025-04-02,108.56824493408203,108.77120079212173,106.46144427096952,107.70812676712117,3230800
2025-04-03,98.17916107177734,105.70761645326054,97.78293045866837,104.48025933666493,7613200
2025-04-04,94.93197631835938,96.9518019935469,92.13899995150766,96.0143681162623,12661100
2025-04-07,91.3465347290039,95.84041476454426,88.59222353729896,93.40502575641607,12717900
2025-04-08,86.7463607788086,94.31346734908608,85.35470560577276,93.80126297935537,8177500
2025-04-09,94.92230987548828,95.49249735782006,82.48441154901238,84.99711627074983,17532000
2025-04-10,91.70411682128906,94.19749642752804,89.72294155991683,93.27938776140172,17204000
2025-04-11,92.9991226196289,93.17307949241963,89.41367777637336,90.87298224404883,6480100
2025-04-14,94.9996337890625,96.04336777143078,93.61764496818303,94.36178939177579,6844900
2025-04-15,95.173583984375,96.15933472425682,94.80633758514666,95.5408230103621,6702200
2025-04-16,96.92281341552734,98.48842536593368,94.69037288987128,96.35261854152623,7334600
2025-04-17,98.67204284667969,100.19899691819396,97.60897626301788,97.6862920732002,6213100
2025-04-21,95.31854248046875,97.6089735234553,93.83991267512907,97.13542710255204,4801500
2025-04-22,96.59423065185547,97.70562150760763,95.45384820935841,96.85516967904307,4794400
2025-04-23,98.07286071777344,101.45534988960449,97.57998165965621,98.79767982602296,6911200
2025-04-24,99.88973236083984,100.23764610315222,97.57997618857988,98.53673529331849,4602300
2025-04-25,98.80733489990234,100.02503301854867,98.56572853995416,99.89940036574237,2828200
2025-04-28,99.85108184814453,100.60489255452346,98.45942677591184,98.87499003369014,3149600
2025-04-29,99.63846588134766,100.18932811205252,98.62372354754466,99.12626155477453,2520500
2025-04-30,98.7686767578125,99.60946954275835,96.85515852068187,99.00062417153332,7712300
2025-05-01,99.619140625,100.96247145742471,98.53674142893665,99.81242277243499,3956100
2025-05-02,101.87091827392578,102.36378998364103,100.90449274755476,101.63897083886276,4193700
2025-05-05,101.7936019897461,102.46043058604259,100.8754933200102,101.08810811454359,3246600
2025-05-06,100.99147033691406,101.9675622104197,100.12168586414873,101.20408513839469,6505100
2025-05-07,101.51333618164062,102.46042904987326,100.70153492134261,100.99146552285794,4741200
2025-05-08,101.94822692871094,102.85666928486478,99.9767179659414,101.63897105454562,3514500
2025-05-09,103.32054901123047,103.6781217109762,101.70661289649844,102.14150877552152,5506200
2025-05-12,106.625732421875,109.15776263737004,106.30681022163208,107.22491154243127,10025000
2025-05-13,106.0168685913086,106.79967821721722,104.85716100415353,106.50008131483004,4533900
2025-05-14,103.98738861083984,105.50467644262221,103.0982788666758,105.19542055885898,7699900
2025-05-15,105.56266021728516,105.83325817656184,103.0402890817911,103.87141559856454,3163500
2025-05-16,106.83833312988281,106.9156415598195,105.10843074330062,105.66895188323542,2768400
2025-05-19,106.93498992919922,107.09928050519073,104.7122081869023,105.1567630607133,2880300
2025-05-20,105.07943725585938,106.99295542375468,104.82816458670722,106.23914478953891,2689400
2025-05-21,101.15575408935547,104.56723488328771,100.85616454742393,104.21932111764532,2861600
2025-05-22,101.5616455078125,102.325122486874,100.31496318409792,101.25238966328996,3492800
2025-05-23,100.54691314697266,101.33938178759654,99.56115497617121,100.82717743579889,3075500
2025-05-27,103.04029083251953,103.29155615712196,100.94314186601044,101.85158420750984,4067300
2025-05-28,104.29663848876953,104.37395429856863,102.9049907785928,103.3012214006407,4580500
2025-05-29,105.56266021728516,107.64046913597737,104.74119264674204,105.22440539494792,4585600
2025-05-30,104.95381164550781,105.42735809323658,103.18525114655701,105.06011904423656,7261600
2025-06-02,105.09877014160156,105.09877014160156,102.58606538757704,104.23865206087672,3958700
2025-06-03,105.35970306396484,105.85258212551128,104.12267962366434,104.68320817418841,3423200
2025-06-04,104.78951263427734,105.46600750511872,104.64454734102816,105.22440114078378,2436300
2025-06-05,104.19998931884766,105.34037161845413,103.77475977122599,104.85715890460801,2632800
2025-06-06,105.1374282836914,106.32612748862843,104.51891656970571,105.24373567577406,3644400
2025-06-09,105.27273559570312,106.36479381428084,104.84750599370318,105.60131674398177,3032300
2025-06-10,105.81392669677734,106.30680576985428,104.54791164204634,105.3403802628556,3771600
2025-06-11,104.85716247558594,106.44209964111799,104.58656452633527,106.31646698560621,3454900
2025-06-12,104.79918670654297,105.70762168984562,104.04537597376861,104.27731603618189,3526800
2025-06-13,103.6781234741211,104.31596782490564,102.67304009828075,103.75543928147216,3359400
2025-06-16,103.23356628417969,104.89581923806102,102.82766936471778,103.40752316012636,4537500
2025-06-17,102.53109741210938,103.60431881170715,101.76034014312096,102.87258100850241,3068100
2025-06-18,102.52134704589844,104.0823862158635,101.95546802065425,102.4432932264947,2599300
2025-06-20,103.11650085449219,103.6823724715758,102.56038038272867,102.96039320590195,6746300
2025-06-23,104.52142333984375,104.64826265414476,102.3262099678286,103.00916970529525,3118900
2025-06-24,105.4970703125,105.95562717079041,103.77993104538126,104.39458808994543,2990100
2025-06-25,102.22864532470703,104.89217412946559,102.1603500960528,104.89217412946559,4926000
2025-06-26,101.84815216064453,102.55062169135412,100.97982383619026,102.20914551493206,4506500
2025-06-27,103.0481948852539,104.98973703971666,102.47255729556599,102.55061111173072,5732900
2025-06-30,102.56037902832031,103.27259969564611,100.93103710307197,102.87258687775538,7418000
2025-07-01,103.98482513427734,105.82880386068058,101.71155783457485,102.3164637838945,6626300
2025-07-02,105.67269134521484,105.81904039242018,103.52626346494235,104.14092053085868,3458900
2025-07-03,105.38975524902344,106.13125165353388,104.99950103534404,105.65318503124122,1549600
2025-07-07,103.74090576171875,106.34589046649302,102.94087275503679,105.12632750242773,3837900
2025-07-08,104.24823760986328,105.72147171128707,103.17502372181221,103.26282867970102,2939000
2025-07-09,103.79944610595703,104.87266006390614,102.71647355973313,104.52142532223233,4461200
2025-07-10,105.77027130126953,107.32155197967334,103.93604364897134,104.31654673777312,4765000
2025-07-11,106.51175689697266,106.51175689697266,103.86774509411748,104.10189911583005,3209800
2025-07-14,106.68737030029297,106.86298767094158,105.45804870575273,105.74098821644336,3582000
2025-07-15,105.97515106201172,107.42886810033153,105.5556210846094,107.00933812292921,5309300
2025-07-16,107.4874038696289,111.71197193086357,106.3654044095465,110.00458371357963,12177900
2025-07-17,103.8384780883789,107.77034822593693,103.17503548209666,106.70689280430837,6612800
2025-07-18,104.1799545288086,104.56045761126147,103.14576742712867,104.56045761126147,4481500
2025-07-21,105.23365783691406,106.0532006396735,104.08239001140281,104.63851046859591,3838200
2025-07-22,106.5312728881836,106.70689026341836,105.07754838733167,105.58489077961968,5214700
2025-07-23,107.32154083251953,107.73131220195633,105.89709218379522,106.48248091779374,4215000
2025-07-24,107.0483627319336,107.84839575959505,106.5605375335151,107.11665796196732,6208800
2025-07-25,107.60448455810547,107.67277978902631,105.69221064870027,107.27275954818865,2150700
2025-07-28,104.51167297363281,107.5947243506046,104.46288747644272,107.32154343103235,2850600
2025-07-29,107.0483627319336,107.15568487107541,104.19946535963884,104.96047147819219,3812700
2025-07-30,105.84831237792969,107.7020496715953,104.97022550791733,107.22398304821937,3796500
2025-07-31,104.1799545288086,106.13125544133506,103.99457856015945,104.85315572558935,4136100
2025-08-01,102.3554916381836,104.65801983755838,101.56520971699476,104.5702148705497,6122800
2025-08-04,102.64817810058594,103.3116206729796,101.86766224364284,102.76525882875724,4631700
2025-08-05,104.43362426757812,104.96047639980891,102.73599458169369,103.12624880383014,3556700
2025-08-06,103.15552520751953,104.81412799272037,103.05795420776003,104.32630276841162,3706100
2025-08-07,103.7018814086914,104.86290776104642,102.74574074611286,104.355565387067,2214900
2025-08-08,103.10673522949219,104.17019059935842,103.04819858707661,103.63358734209797,1841700
2025-08-11,101.54570007324219,103.28235667386963,101.40910960647074,102.84331695119313,3181500
2025-08-12,102.2579116821289,102.3847509926389,100.89200713526365,101.76033535875149,2847100
2025-08-13,103.60432434082031,103.94580051181525,101.99449959913305,102.56037865028023,2679200
2025-08-14,103.27259063720703,103.73114750413536,101.53593416182694,102.73598739748239,2267900
2025-08-15,103.99456787109375,104.19946099623671,103.39942800207702,103.7311455501723,1924200
2025-08-18,102.8725814819336,104.01409067371709,102.85306430533007,103.97506376413195,2035600
2025-08-19,108.06304168701172,108.17036382779136,104.42386237607923,104.85315093919777,3985500
2025-08-20,107.49716186523438,109.38992603191774,107.06787330529666,108.71672487085574,3227300
2025-08-21,105.75074768066406,106.94104237562833,105.21413697600904,106.39468052625007,3045700
2025-08-22,109.54602813720703,110.39484668363274,106.4824864091262,106.57029881774638,3554100
2025-08-25,108.902099609375,110.00458187439907,108.58989178117923,109.29235381190338,2022800
2025-08-26,108.638671875,110.06312058312179,108.34598121760676,108.86307474492787,4839100
2025-08-27,109.93628692626953,111.41927225309368,109.38992508643251,110.0338504771516,3451400
2025-08-28,109.89726257324219,110.18996067631792,108.68745813819828,110.04361162478006,2559100
2025-08-29,111.0094985961914,111.18511596162558,109.45821807120747,109.67286234491833,2827600
2025-09-02,108.58988952636719,109.83872081321896,108.30695002487396,109.5167544035589,3396000
2025-09-03,108.2484130859375,109.51676163240305,108.1703667080739,108.2971985852716,3333700
2025-09-04,109.86799621582031,110.0631233256112,107.81913178852756,108.54111102710037,2499500
2025-09-05,110.8826675415039,112.1510085735149,110.22898357121673,110.82412345684804,2595800
2025-09-08,110.79486083984375,110.98999539270564,108.94113097119946,109.43870733284756,2791100
2025-09-09,109.24358367919922,111.20464319666632,108.83381227066052,110.5216834054795,5307200
2025-09-10,108.2776870727539,109.55578674318993,107.9069351485991,109.18504226265712,3118900
2025-09-11,112.02417755126953,112.85347889455757,108.29719335691168,108.59964259603959,5039900
2025-09-12,112.54127502441406,113.08764432402552,111.39000722527774,112.0632084004233,3552200
2025-09-15,111.4875717163086,113.17545024078295,110.92170012225746,112.48273932650936,2717900
2025-09-16,112.24552154541016,113.08221823103572,111.1135166130929,112.08802932117509,2989900
2025-09-17,112.10771179199219,114.5882800087422,111.60569078217364,113.18065806709454,2869800
2025-09-18,113.35784912109375,113.987833073354,112.09787370657216,112.51130677711885,3936000
2025-09-19,111.7336654663086,113.50549246461884,111.47773214621901,113.37752955957448,8647800
2025-09-22,112.14708709716797,112.66879182027854,110.24728975018002,111.38914028453576,2798700
2025-09-23,112.64910888671875,112.85582165522803,111.33007489861107,112.19630841617453,2319000
2025-09-24,111.09383392333984,112.55066892841955,110.81821689589238,112.01912609548557,3274300
2025-09-25,111.43834686279297,111.97974277616674,110.83789230796032,111.15288424574136,2596400
2025-09-26,112.40301513671875,112.80659504114067,111.08398121958311,111.68443578104034,3021600
2025-09-29,112.45223236083984,113.07237816612056,111.84193967627856,112.80659924671438,2470900
2025-09-30,112.72785186767578,112.74754308954795,111.33992112571734,112.43255112959987,3617400
2025-10-01,114.65718841552734,114.69655584007518,112.01912788077102,112.52114139876507,2980900
2025-10-02,114.30281829833984,114.65718518930616,112.74754222243222,114.40125187694146,2935700
2025-10-03,115.22810363769531,116.35026296246009,114.19453979120179,114.57843600704234,3136900
2025-10-06,115.29700469970703,115.94667982236078,114.5489035105912,115.16904180130575,2540200
2025-10-07,114.15515899658203,115.77933925482698,112.36364091130585,115.64153074903653,2969000
2025-10-08,114.17484283447266,114.92295151673932,112.94440438140265,114.20437215574628,2324500
2025-10-09,112.65894317626953,114.22406481346302,112.26520887433446,114.04688137359206,2276200
2025-10-10,109.48934936523438,113.43659090313784,109.29247468740809,112.96410669635688,2924100
2025-10-13,110.95602416992188,111.27101612777116,109.63699018330252,110.2669740990011,2624300
2025-10-14,113.64329528808594,113.89922859535504,110.06025902632041,110.78868401547092,3150800
2025-10-15,120.83890533447266,121.35076444193678,114.68671288417978,114.84420510570699,7999900
2025-10-16,119.27378845214844,123.09307448482322,118.36818748955578,121.92169459212131,6320200
2025-10-17,122.13825225830078,122.41386928790352,119.27378775064199,119.38206694227175,5377000
2025-10-20,125.18973541259766,125.47519804663732,122.138249425623,123.2407175184651,4181000
2025-10-21,124.01835632324219,125.50472814763395,123.67383504209195,124.95349409779358,2975600
2025-10-22,123.97897338867188,125.03222838593094,122.61072645326058,124.25459790580526,2727300
2025-10-23,123.80179595947266,124.73693371903647,123.00447422016082,123.94945008045647,2647900
2025-10-24,124.45146942138672,125.35707033662726,123.82148552295847,124.57943231919229,2965900
2025-10-27,125.09130096435547,125.13067589739751,123.87070057005381,124.8255220438218,2940900
2025-10-28,123.7525863647461,124.95349556745215,123.19150669741632,124.45147454615685,2922800
2025-10-29,121.53779602050781,123.6344605475245,121.0456206142597,122.82729318167763,3329800
2025-10-30,122.28590393066406,122.7091750776333,120.63219427622617,120.89796568943912,2367100
2025-10-31,122.14808654785156,122.96509951010907,121.06530217534191,121.76419033859814,3892700
2025-11-03,122.27605438232422,122.52214207589354,119.84470676825926,121.21295374370465,3336100
2025-11-04,122.05949401855469,123.6836742716081,121.27201040798326,122.05949401855469,3086900
2025-11-05,121.88231658935547,123.09307138603809,121.62638327680455,122.66980023874261,4179300
2025-11-06,122.05949401855469,123.41789536129012,121.27201040798326,122.24652306581548,3575300
2025-11-07,123.63446044921875,123.66398977197005,121.5377959238692,122.16777984256579,2322100
2025-11-10,122.94541931152344,123.99867439187753,121.72482639363665,123.46712404618471,2101300
2025-11-11,124.28413391113281,124.43178803289572,122.72885784723127,123.2604081795774,2068000
2025-11-12,122.8863525390625,124.4219449222522,122.83713950415304,123.75258606547739,2687000
2025-11-13,122.05949401855469,122.87650695027251,121.3704514918049,122.14808198199383,3761000
2025-11-14,120.90780639648438,123.06352946733654,120.75030666911599,122.05949499036434,3651800
2025-11-17,121.58700561523438,122.73870174087209,120.48453754282971,121.59685122588098,3111000
2025-11-18,121.86262512207031,122.30557995290975,120.39593710617936,121.37044975002641,6382500
2025-11-19,120.48454284667969,122.32527408860065,119.50019201870028,121.86263550785102,5119100
2025-11-20,121.19327545166016,123.58524824050875,120.97671707003589,121.71498018375458,3087200
2025-11-21,123.82148742675781,124.52037559013478,120.69125159768879,121.82325651414467,3709000
2025-11-24,124.47115325927734,125.56378322703854,123.39821451273734,124.48099886988794,10057900
2025-11-25,125.39644622802734,126.4300175589784,124.29397064234625,124.47115408450928,3158000
2025-11-26,126.15440368652344,127.2568717897011,124.0085186156946,125.51457415664314,2183000
2025-11-28,126.51860809326172,127.30609174330486,125.89846978810321,125.99690336685843,1343800
2025-12-01,126.91233825683594,127.73920432333423,125.17004819885935,125.60315743321497,2706200
2025-12-02,126.91233825683594,127.83763038886916,126.22329571808807,127.83763038886916,3458200
2025-12-03,127.16828155517578,127.50295722053319,126.02643102866104,126.804076567581,3294300
2025-12-04,126.17407989501953,128.4085604442577,126.0264332811938,127.12890138442961,3902300
2025-12-05,125.97721862792969,126.81391530552794,125.77049835122838,126.17407827383434,3242200
2025-12-08,124.68771362304688,125.96737266283364,124.62865497844153,125.50472658675687,2927900
2025-12-09,125.45550537109375,126.22329778685398,124.8648963982013,125.40629233751969,4358400
2025-12-10,127.68014526367188,128.51683440799428,125.327540009046,125.75081114146818,3479900
2025-12-11,128.516845703125,129.2846381712777,127.93608230131757,128.08372892211534,3702700
2025-12-12,128.1427764892578,129.63899387063208,127.77857150944992,129.55040590581407,2721600
2025-12-15,128.6152801513672,129.0680731117524,127.00094542738253,129.0680731117524,2863300
2025-12-16,126.59156036376953,129.02200417758527,126.38323725702863,128.21847111322677,3248500
2025-12-17,127.04789733886719,128.00022722764584,126.0757076921002,126.50227622105602,4780100
2025-12-18,126.64116668701172,128.75415715606667,126.58164039219645,127.86134598739677,3559200
2025-12-19,126.21459197998047,127.43477878917086,125.90706091591338,127.25620748196738,8629400
2025-12-22,126.57171630859375,127.34549001380464,126.19475176640275,126.25427049187888,2859800
2025-12-23,126.75028228759766,126.94869065685734,126.2046763012707,126.30387670164784,2114000
2025-12-24,128.1192626953125,128.4367160779961,126.97844676744045,127.13717345878224,1050000
2025-12-26,127.68278503417969,128.46647346297434,127.02804879523111,128.16886470554226,1090300
2025-12-29,127.4546127319336,128.61527328983266,127.0082071538202,128.14902309088896,2637800
2025-12-30,127.98037719726562,128.10934452265334,127.2066035189594,127.45460829116037,1757500
2025-12-31,126.64116668701172,128.42680416136227,126.6113997553514,128.06967666649217,2761200
2026-01-02,128.0200653076172,128.27798481910617,126.22450562614667,126.72051516617074,3280500
2026-01-05,128.65496826171875,129.7660248855332,126.74037096560349,127.6728638365184,3265300
2026-01-06,126.44275665283203,128.90296741080593,125.34161481957217,128.2085570513201,3927000
2026-01-07,125.8872299194336,128.3275960866905,125.71858848269147,126.9090084189369,3698700
2026-01-08,127.3653335571289,128.28791920523565,124.9944084779872,125.35153596483327,3295800
2026-01-09,128.3672637939453,128.71447652917482,127.20660327867834,127.29589650062964,2405600
2026-01-12,128.0299835205078,129.0120878857079,127.7522193815238,128.11926160725045,2055500
2026-01-13,129.18072509765625,129.18072509765625,126.34354993898934,128.0498239581602,3105800
2026-01-14,131.1548614501953,131.16477619259578,128.77400635410316,129.51802073344234,2745900
2026-01-15,131.69053649902344,132.98016436596396,131.15485284134584,131.59132853348558,2795000
2026-01-16,132.14686584472656,133.8630545827852,131.0060348417783,131.5119742508372,4652300
2026-01-20,129.76602172851562,131.32349904944624,129.3493755047216,130.82748947773752,5632500
2026-01-21,130.0933837890625,133.44641318112562,127.69269939050605,133.44641318112562,6036200
2026-01-22,125.6590576171875,129.9941762416079,125.43089746248384,129.65689338039203,6072600
2026-01-23,126.1352310180664,126.37331348465804,124.66703940899012,125.91698560348026,4134700
2026-01-26,125.42097473144531,127.56373204525717,125.33168907709624,127.34548663296508,3350900
2026-01-27,127.67285919189453,127.81174126481893,124.46864163563181,125.32177869417048,3019700
2026-01-28,126.11538696289062,128.20855546284756,125.65905907966726,127.73237539051941,3859700
2026-01-29,129.3692169189453,129.4684097486216,126.25426992280772,127.42485278576228,4510700
2026-01-30,129.5180206298828,129.66683258783846,127.78198707947949,128.29784128710534,4835900
2026-02-02,128.64503479003906,130.6092435855907,128.56568657942054,129.49817185579087,2383600
2026-02-03,130.82748413085938,131.35325304442176,128.47638856388116,128.47638856388116,3058300
2026-02-04,133.76385498046875,134.04161912408918,131.7202980079711,131.84926533787007,3888800
2026-02-05,135.05348205566406,135.87685973965895,132.43455219085345,133.2678446166999,3746800
2026-02-06,135.8570098876953,136.3927086672624,134.57731193563592,135.9165286105339,3120600
2026-02-09,136.18438720703125,136.39271788806033,134.06146683921256,135.2816461509233,2047300
2026-02-10,139.3588409423828,139.83502101590759,136.4026282200494,136.81927443162573,2831200
2026-02-11,138.76364135742188,140.7179202630621,138.71403737330198,139.0810796091699,3623400
2026-02-12,135.29156494140625,140.81710326273657,134.53762076424837,139.54732007037663,5147200
2026-02-13,137.86090087890625,139.3489295865548,135.73798052814143,136.43239089764194,3096500
2026-02-17,140.6385498046875,140.81710597407783,138.0196200278931,138.74378972099268,3079400
2026-02-18,138.51564025878906,140.45007459484128,137.6029844473442,140.02349848447477,2751500
2026-02-19,137.93032836914062,138.67434269071765,137.08712122022607,137.99977697158602,1772600
2026-02-20,140.380615234375,140.40045985443288,137.55336992502885,137.8509786778574,2408800
2026-02-23,139.6167755126953,141.26351573732396,138.85291655677665,140.20206315690098,3942300
2026-02-24,139.18028259277344,140.0830236055881,138.2477822179548,139.28940529912478,2359700
2026-02-25,138.9124298095703,139.82508554178935,138.48586887324385,139.27947202334053,2865400
2026-02-26,141.52145385742188,141.7099399155602,139.22989207060473,139.31917016014054,3221700
2026-02-27,141.4321746826172,142.80115078936055,140.81711252862053,140.98575396434217,5263800
2026-03-02,141.58096313476562,141.87857188370023,138.54538719705403,139.87468912035092,3204600
2026-03-03,139.87469482421875,140.26158167250745,136.7200813130971,138.38666615587601,2590700
2026-03-04,138.3072967529297,140.0730894843981,136.94823547254356,139.92429267888494,3018600
2026-03-05,136.74984741210938,136.95816295921364,135.17252544183572,136.81928088214042,4350800
2026-03-06,133.46624755859375,134.8352388066445,131.83933678516112,134.69635673343723,5286600
2026-03-09,134.07138061523438,134.97412166483716,128.843450650019,131.96830488386152,4635400
2026-03-10,135.07333374023438,136.76967804320526,132.7916866231809,133.71425718497014,4050400
2026-03-11,133.32736206054688,134.53762658326906,132.53375888375422,134.37891503011673,2971300
2026-03-12,130.84732055664062,131.83933971214816,128.96249021598072,131.83933971214816,4745800
2026-03-13,130.69851684570312,132.72222915593272,130.34138936307318,132.15678613835794,2342900
2026-03-16,133.00001525878906,134.12098660977847,131.52190126982458,132.40479771151197,2170200
2026-03-17,133.2100067138672,135.66000366210938,133.19000244140625,134.52999877929688,2518800
2026-03-18,131.1999969482422,133.22999572753906,130.89999389648438,132.39999389648438,2754200
2026-03-19,131.08999633789062,131.52999877929688,129.75999450683594,130.66000366210938,2767300
2026-03-20,128.00999450683594,131.1199951171875,127.29000091552734,130.8699951171875,5564200
2026-03-23,130.30999755859375,132.6199951171875,129.41000366210938,130.9499969482422,4179100
2026-03-24,130.35000610351562,131.63999938964844,128.39999389648438,128.77999877929688,3196400
2026-03-25,130.36000061035156,131.7899932861328,129.5,131.0800018310547,3957400
2026-03-26,129.74000549316406,130.91000366210938,128.97000122070312,129.49000549316406,3058400
2026-03-27,128.89999389648438,130.35000610351562,128.52999877929688,129.22000122070312,3005200
2026-03-30,128.77999877929688,130.9199981689453,128.11000061035156,130.6999969482422,3327100
2026-03-31,132.17999267578125,133.24000549316406,129.6999969482422,130.50999450683594,4336100
2026-04-01,133.3300018310547,134.1300048828125,131.39999389648438,131.77999877929688,3707900
2026-04-02,133.77000427246094,134.7899932861328,131.74000549316406,132.7100067138672,3427100
2026-04-06,132.35000610351562,134.08999633789062,132.1300048828125,133.5,2602900
2026-04-07,133.22000122070312,133.3000030517578,130.86000061035156,132.14999389648438,2301000
2026-04-08,137.41000366210938,138.22000122070312,135.0800018310547,136.10000610351562,3961700
2026-04-09,138.02000427246094,140.10000610351562,136.5500030517578,136.69000244140625,3568200
