Price,Close,High,Low,Open,Volume
Ticker,PWR,PWR,PWR,PWR,PWR
Date,,,,,
2021-04-12,92.46829986572266,93.34092024009333,91.96257299746401,93.02360305255503,976200
2021-04-13,93.271484375,93.69787995002076,91.89313747176847,92.73601033436206,1856300
2021-04-14,93.2219467163086,94.21356403997613,92.53772834203725,92.716219762915,1176100
2021-04-15,94.48128509521484,94.52095069085325,92.94428298277984,93.7276539089625,907900
2021-04-16,94.89778137207031,95.6811600194698,93.83675106542853,95.11593840874363,918900
2021-04-19,95.02667999267578,95.67123269865756,94.41187459281886,95.48282300594808,714700
2021-04-20,92.96410369873047,94.56060784481839,91.40726514473992,94.49119495000753,1209800
2021-04-21,94.76885986328125,94.85810934941732,92.587304949047,93.21202109024264,853500
2021-04-22,95.11592102050781,95.95879413638981,94.05489090783401,94.95726620084763,1125000
2021-04-23,96.82150268554688,97.12890159623429,94.72918979084486,95.01675968634936,847300
2021-04-26,96.90084075927734,98.12052576377981,96.5339396461054,97.64455371119716,833100
2021-04-27,97.35699462890625,97.54540435196563,96.2067148371925,96.94051714519205,726500
2021-04-28,97.02973175048828,97.59495319503722,96.88098767235685,97.42638010369271,581500
2021-04-29,97.91228485107422,98.09077625815291,96.56368478991058,97.8032063486684,552000
2021-04-30,95.82988739013672,97.80320353661916,95.57206479500506,97.21815300911773,1727700
2021-05-03,96.3653564453125,97.67429080114688,96.23644893735619,97.0198198405104,866600
2021-05-04,96.8314208984375,96.87108649421043,94.50112199620963,95.95879292231079,729100
2021-05-05,96.56366729736328,97.64453383482908,95.95878028102986,97.099141421598,905100
2021-05-06,97.7635498046875,99.16173388386109,95.50266348260585,96.4843700951728,1195300
2021-05-07,99.34021759033203,100.86730908136582,96.50419161633202,96.71243033345854,1584400
2021-05-10,99.75668334960938,101.10528327306778,99.28071135629371,99.88559842043779,1075100
2021-05-11,97.7635498046875,99.20139948526743,96.46453351174969,98.17011654502248,1362300
2021-05-12,93.87641143798828,98.31886043464439,93.7177565981648,97.70405496240863,1109300
2021-05-13,95.21508026123047,95.54231575309396,92.90461793384719,93.54916306180768,940900
2021-05-14,96.60335540771484,96.91076191476007,95.39358109303005,96.13729406693238,575900
2021-05-17,95.96871185302734,96.82150325423898,94.99693122914172,96.07779035077108,683500
2021-05-18,92.40880584716797,96.23644870184225,92.32947465841735,95.96870783116853,1404000
2021-05-19,90.50489044189453,91.6948355150111,89.27528734190176,91.55600972462989,1900200
2021-05-20,90.17768096923828,91.23871119275528,89.10673245425673,91.05030148212711,1978500
2021-05-21,91.84358978271484,92.5773844083325,91.12962417273486,91.1692897694492,959500
2021-05-24,91.70475006103516,92.45837358793054,91.44692750423523,92.27988221252103,560100
2021-05-25,93.03352355957031,93.47974826456073,92.0220773643873,92.5476332595125,1258300
2021-05-26,93.50949096679688,94.04495751693105,92.58728680644047,92.8847673825775,808200
2021-05-27,94.77877044677734,95.93896071412665,94.38212206768807,94.87793065019002,1134900
2021-05-28,94.55070495605469,95.01676628231415,93.73757909921031,94.85811145352076,650300
2021-06-01,95.64147186279297,97.1685631939635,95.3142439503867,96.54384710798222,996000
2021-06-02,92.76578521728516,95.86954409990774,92.16089816483922,95.75054732116094,1489700
2021-06-03,92.6765365600586,93.04343762368838,90.48506359883262,92.28980648251509,807200
2021-06-04,92.37908172607422,93.46985936610044,91.20897287738853,92.85505384715017,851300
2021-06-07,91.4667739868164,92.53772244382226,90.9114707418975,92.1807396248203,1080500
2021-06-08,93.72764587402344,94.08462863872754,91.72458264135105,92.46829547357821,978700
2021-06-09,92.06173706054688,93.68799622599414,92.00224244958814,93.25168223779325,753000
2021-06-10,90.90152740478516,93.19216778981189,90.66354144616945,92.98392156490627,1738400
2021-06-11,91.3478012084961,92.27991645669988,90.63383544191231,91.54612167012907,1598900
2021-06-14,90.94119262695312,92.84509541910805,90.40571854814007,92.04188808360708,831800
2021-06-15,91.27837371826172,91.6254382534327,90.33633276229536,90.73298118767912,686100
2021-06-16,90.3363265991211,91.33786210266167,89.65211586658967,91.09987608984375,1079000
2021-06-17,86.41944122314453,90.89163695124775,86.37977562695677,90.33632617005817,1820500
2021-06-18,85.1898422241211,85.94346589271264,84.51554218639652,84.8923540206923,2179100
2021-06-21,87.47056579589844,88.1647024822277,86.05255267856182,86.05255267856182,1772400
2021-06-22,88.1944351196289,88.65057811824575,86.54834695617622,87.58954802972774,1278000
2021-06-23,89.06705474853516,89.9396751428242,88.0556085543692,88.69024294393189,1055500
2021-06-24,91.28827667236328,91.74441967481825,88.95797777409689,89.74135626704307,1401000
2021-06-25,91.53617858886719,92.35922265609602,91.33785818094057,91.71466998217659,2015000
2021-06-28,90.42556762695312,92.02207179597457,89.28520642544663,91.46676106407261,731000
2021-06-29,89.94960021972656,91.37753148670079,89.67194859902362,90.94121747391661,703800
2021-06-30,89.8702163696289,90.49534598945577,89.10616905650718,89.57253127231334,1040700
2021-07-01,90.05875396728516,91.15025341212392,89.66184301358557,91.15025341212392,724700
2021-07-02,88.83824157714844,90.16789194890231,88.36195455625578,90.04881640845629,800500
2021-07-06,87.31014251708984,88.94739529439923,86.26825989185366,88.94739529439923,906900
2021-07-07,87.2903060913086,88.19327109227828,86.26826553804169,86.30795738880742,1618400
2021-07-08,86.58578491210938,87.87573587786507,84.40277874087967,85.78203825536106,1404000
2021-07-09,89.09622955322266,89.4435237293627,87.7169701319485,87.99480547286052,904200
2021-07-12,89.92974090576172,90.29688481112345,87.99481068798735,88.99700900176968,722300
2021-07-13,89.046630859375,89.7114599257739,88.6497199047726,89.32446625646264,688100
2021-07-14,88.12380981445312,90.68387733985533,87.65744004388223,89.71145351948925,623600
2021-07-15,87.64754486083984,89.06649666997298,86.76442180170608,87.08194910869295,791400
2021-07-16,87.26053619384766,88.7290967711084,86.89339226430937,88.18335087473366,927100
2021-07-19,84.77986145019531,85.96066192311187,83.74789596556239,85.77213508113694,882500
2021-07-20,87.61776733398438,88.15358844917239,84.27380236954562,84.64094634964216,946300
2021-07-21,88.85810089111328,89.88014145313969,88.55049093765398,88.80848418461925,604400
2021-07-22,88.53064727783203,89.19546873894099,87.89559281192999,88.71918167473765,598300
2021-07-23,89.07638549804688,89.23515288603981,88.05434504179102,89.01685151277239,540200
2021-07-26,87.49870300292969,89.9396956150279,87.14148383331062,89.2451069910176,683500
2021-07-27,87.40938568115234,88.0642899500889,86.41711199157388,86.87356455077374,639400
2021-07-28,88.96724700927734,89.87021197150406,86.26826183658214,87.63759656223803,757800
2021-07-29,90.74340057373047,91.1899281517643,89.37406598940645,90.18772988509672,637400
2021-07-30,90.19764709472656,91.15022858184429,89.83050323774012,90.17779738870313,630400
2021-08-02,88.41156768798828,92.69818892224086,88.3321839907651,91.15024467861927,688300
2021-08-03,90.47550201416016,90.5945775647606,87.62767421848194,88.887865858386,870000
2021-08-04,88.35203552246094,90.26712372740181,88.33218581252274,89.83052095411595,1054400
2021-08-05,91.81507873535156,93.53171546424797,87.62768276157328,87.62768276157328,1216300
2021-08-06,91.63646697998047,93.85915776146504,91.33878943726516,92.87680900074481,739500
2021-08-09,91.3685531616211,91.83492295599437,89.3939232845748,91.08079291465786,811000
2021-08-10,93.5118408203125,94.11712818521617,90.58463738973512,91.52729406861393,812900
2021-08-11,96.38945007324219,96.57798446643545,93.37293763438109,93.79961555498684,1352200
2021-08-12,97.60002899169922,98.75106239674894,96.63752241712479,97.41149459077738,1199500
2021-08-13,96.7168960571289,97.887779051217,96.30014301782106,97.60994369167842,636400
2021-08-16,96.22076416015625,96.74666791292435,95.57578485998086,96.0123876300281,627200
2021-08-17,94.31559753417969,95.36740500302429,92.14251618509158,95.36740500302429,1041100
2021-08-18,95.49639892578125,96.23068676193121,93.8393040080042,93.98814654616682,885800
2021-08-19,95.13916778564453,95.53607864687999,94.17666897798819,94.25604509387928,820300
2021-08-20,95.55594635009766,95.66509704675529,94.44459724342282,94.94073402079519,607300
2021-08-23,96.75659942626953,97.30234535593875,95.8238598335066,96.5283731706447,634500
2021-08-24,98.28470611572266,98.59230851859242,96.77644595811921,97.00467222409958,809000
2021-08-25,101.40043640136719,101.9064904606683,98.28469806294272,98.71137599185799,1263400
2021-08-26,100.80506134033203,102.09501991990713,100.35854129302697,101.21189710958662,776800
2021-08-27,102.55147552490234,102.98807833348457,100.96383927157626,101.43020907702603,1007600
2021-08-30,102.61100769042969,103.58343149445228,102.20417191597913,103.26590427287097,641900
2021-08-31,101.31112670898438,103.13691395541524,101.19205872951792,102.88884557093171,822500
2021-09-01,100.98369598388672,101.86682658425197,99.83266237305706,101.42029885546758,750600
2021-09-02,113.15888214111328,113.84355334698257,107.8799868971252,109.41800643334383,3668800
2021-09-03,115.10372924804688,115.5304071679049,112.44443589018795,113.55578496690904,2387500
2021-09-07,114.36945343017578,115.22280930326758,112.58335798174026,114.82589836245452,1511900
2021-09-08,114.81594848632812,115.81814669013124,113.9030588207079,114.3694285067483,1095200
2021-09-09,113.61531829833984,115.40141366657956,113.03979783852414,114.29998945123944,892100
2021-09-10,114.90528869628906,116.16547286787012,113.51610410849194,114.49845287660297,1325900
2021-09-13,114.27021026611328,116.2845240901283,113.53592248725869,115.75862039070905,1075400
2021-09-14,115.10372924804688,115.76855069490006,113.47640126776191,114.59766762904172,1398400
2021-09-15,117.25697326660156,118.77515071216145,114.16108438010986,114.76637190121436,1306000
2021-09-16,115.96698760986328,118.49728007671324,115.70899442254252,117.08825375520983,1082500
2021-09-17,117.5050277709961,117.99124724382567,115.45102189878472,116.62190494872067,2272300
2021-09-20,115.80824279785156,116.16546187434898,113.18864128383474,114.33968221264777,1320400
2021-09-21,113.98246765136719,116.8699798019177,112.98026922646876,116.79059609945224,1212400
2021-09-22,114.97474670410156,117.09821163842011,114.87551328606392,115.00451370133409,1037500
2021-09-23,117.69357299804688,118.37824420864115,115.40142339102684,115.78840949168095,1326600
2021-09-24,116.38375854492188,118.48738106898062,116.36390883567312,117.1081139531371,1027500
2021-09-27,116.12577056884766,117.80271526523822,115.83801033529598,117.09820196396875,931500
2021-09-28,114.93504333496094,116.21507708083388,113.2184068188983,114.96481032921093,901500
2021-09-29,114.95487976074219,115.55024232748944,113.6450790857199,115.49070834194845,1262000
2021-09-30,112.99908447265625,115.73918037296225,112.99908447265625,115.73918037296225,1093300
2021-10-01,115.82855224609375,116.78162763700124,112.53249701214999,113.47564997848055,1512600
2021-10-04,112.32400512695312,116.6029178941467,112.06587819182393,115.3122983672395,1552300
2021-10-05,111.84746551513672,113.86282332698401,110.8844602377037,112.34385936335009,2449400
2021-10-06,110.90431213378906,112.04601949414779,107.77702938997832,110.66604520859813,1485900
2021-10-07,112.57220458984375,113.18773573377345,110.63627146885698,111.36100229902348,1632700
2021-10-08,111.95665740966797,113.25721435213826,111.3808463422935,112.37363396969785,617500
2021-10-11,110.10015106201172,112.39348809226145,110.06043864738969,111.65882735767545,624000
2021-10-12,110.83480834960938,111.67867630456932,109.51439900837424,110.13986005125845,664500
2021-10-13,110.19945526123047,111.34116284412632,109.65341889460231,111.09296587281725,635200
2021-10-14,112.32400512695312,112.47292480392649,110.84475350425504,111.42057221555503,743800
2021-10-15,111.52976989746094,114.3989334041647,111.35107537754364,113.96210437938211,1145700
2021-10-18,111.85738372802734,112.4629848060012,110.73553640006645,111.08301056586241,716900
2021-10-19,112.43321228027344,113.39621760618459,111.1624451767752,112.39349986149294,843600
2021-10-20,113.49549102783203,114.02166730373324,111.54962801960814,112.4431384760296,901200
2021-10-21,115.759033203125,115.92780527809016,112.33391899636209,113.45576626299719,1320500
2021-10-22,117.20850372314453,117.8935296031629,115.74910471321064,115.74910471321064,777300
2021-10-25,119.65078735351562,120.51451550260074,116.85112594278986,117.31773744030583,929200
2021-10-26,118.83667755126953,121.07044974264204,118.67783546744361,120.79247041517021,676800
2021-10-27,115.62998962402344,118.76719495282207,115.48106994771899,118.45943317633042,790800
2021-10-28,120.6336441040039,120.97118831024775,116.29515882051537,116.29515882051537,880000
2021-10-29,120.40530395507812,122.0632577740108,119.69049552253067,120.14717700457602,905200
2021-11-01,120.10746765136719,121.50729446727667,119.65077861208681,121.1300378417511,926900
2021-11-02,119.80962371826172,120.52443209670875,118.0325327702807,120.10746306740441,913000
2021-11-03,115.97746276855469,119.36287257677306,114.32943906899064,119.0551032287,1638900
2021-11-04,112.46298217773438,116.57312238422382,110.00087308246083,111.45034212188463,1803500
2021-11-05,116.57313537597656,117.97296973423641,111.74818632204548,113.2671503622887,1657700
2021-11-08,118.93596649169922,123.79069761637528,118.72747441450997,120.55420767513496,1313600
2021-11-09,117.35743713378906,120.32587033779191,116.86104326676126,119.13452808667292,891100
2021-11-10,115.2031021118164,117.8339914083835,114.64714334401178,116.63271902830844,635300
2021-11-11,115.69947814941406,117.30779693187243,115.3122915567726,115.36192639658597,607200
2021-11-12,116.13631439208984,116.66249068798236,112.74097452868725,115.79876261823065,1233900
2021-11-15,117.82404327392578,118.4197143726564,116.8610380033663,117.7148360221488,1182200
2021-11-16,118.62821197509766,119.13453587338309,117.08939543135502,117.96304596765336,869700
2021-11-17,117.64533996582031,119.11466906351659,116.66248228439751,118.56863281029898,957600
2021-11-18,118.20130920410156,118.9558300284124,117.04967933218778,118.05239709843524,566700
2021-11-19,120.18688201904297,120.71305831213895,117.12910152012053,117.54607055528686,813900
2021-11-22,119.7004165649414,121.75548686756161,118.40978948337076,121.12010332492142,1056300
2021-11-23,119.95853424072266,120.95132189629557,118.48920517775252,119.58127008400898,1038300
2021-11-24,121.10025024414062,121.66613894542482,118.16159190745614,119.5018613980912,861700
2021-11-26,116.6922607421875,118.54877636574601,115.16336685943968,117.61555355532845,647100
2021-11-29,120.80241394042969,123.30423574221064,119.08488779711544,120.15710038689419,1100100
2021-11-30,112.95938873291016,120.49465167739261,112.78068663533118,119.32316183201253,1647600
2021-12-01,109.71295928955078,116.98016418497517,109.69309929599636,115.7590321098992,1129400
2021-12-02,112.77074432373047,115.08394134138055,109.80231140274816,110.3483476341655,1731000
2021-12-03,111.79782104492188,113.62454673706166,109.33570427033249,113.3664273942825,1047700
2021-12-06,112.1452865600586,114.01172452416498,110.76531239987946,113.32670622967878,1191300
2021-12-07,116.15615844726562,116.66248228439751,113.66425925206083,114.17058308919272,797600
2021-12-08,115.22293090820312,116.54334028534473,114.88538674678752,116.09658887773733,1018200
2021-12-09,112.84024810791016,116.18593764594995,112.76082327793975,114.41877683813628,844100
2021-12-10,113.53520965576172,114.43864258518441,112.42328462979499,113.67419933721136,611300
2021-12-13,111.20216369628906,114.06138983602196,110.54692011201725,113.93233014868197,989100
2021-12-14,109.96117401123047,111.96660194628166,108.53155721832618,110.85468450679564,1005300
2021-12-15,111.35108184814453,111.46028153631649,107.91602943898425,110.6164134320697,864400
2021-12-16,110.54692840576172,114.37909021057668,109.75270265010099,112.32401961156931,913700
2021-12-17,108.07487487792969,110.71568634954114,106.60554567783134,109.86189585448588,2274600
2021-12-20,106.66511535644531,106.86366987124835,104.46112540003324,104.94758926335912,1690400
2021-12-21,110.0306625366211,110.16965220858033,107.58840570514855,107.58840570514855,951400
2021-12-22,110.71569061279297,110.9440351364004,109.33571619556942,110.3682164024075,692300
2021-12-23,111.07307434082031,112.22471159645282,110.70574777516067,111.15249916694013,493100
2021-12-27,113.55506134033203,113.61463375654436,111.25179403851853,111.5397033980414,608100
2021-12-28,113.47564697265625,114.8357613919169,113.28701486951279,113.57492423638503,432200
2021-12-29,113.45578002929688,114.50813259426026,113.24729551591938,113.59476970488188,412800
2021-12-30,112.0162353515625,114.53791695866663,111.78789085325698,113.56498170302454,644600
2021-12-31,113.8330307006836,114.42870175025256,112.01622756128518,112.01622756128518,631400
2022-01-03,111.52835083007812,115.12444015401577,111.20053654135366,113.99197150097928,923600
2022-01-04,115.38273620605469,115.94897058884787,112.25354300472549,112.39261758442936,853300
2022-01-05,108.59783935546875,116.81320497403006,108.45876479208285,115.15423869721587,1585700
2022-01-06,109.26339721679688,109.76009418624372,107.32628206755193,109.05478539910852,1044700
2022-01-07,105.98521423339844,109.52169464659508,105.91567695265564,109.074670353105,832200
2022-01-10,107.0580825805664,107.28656656634547,102.90569479363506,105.22030494684947,1380400
2022-01-11,109.25350952148438,109.83960852632052,104.69382569863582,107.53493403085153,1133200
2022-01-12,109.41242218017578,110.64422870391923,107.56470860506298,109.99852862210709,757300
2022-01-13,106.5713119506836,111.11112243384356,106.32296343939696,109.9786538286961,824000
2022-01-14,105.935546875,106.31303390690388,104.43551965257373,104.95208883201649,581100
2022-01-18,104.90240478515625,105.73685968544565,103.38251317923043,104.35604263306895,1089200
2022-01-19,101.48514556884766,106.6408558284189,101.42553676873428,105.56798837432486,1148100
2022-01-20,99.31954956054688,103.4123285712643,99.06126496174566,101.812963397796,1145100
2022-01-21,97.6208267211914,99.89569992972568,97.21353911527639,99.31953715987015,3039000
2022-01-24,98.82284545898438,99.0016566948177,93.28964078996947,95.11748224160316,1840200
2022-01-25,96.41883850097656,97.52150666785822,94.74000745888348,97.22349295564464,1456600
2022-01-26,96.41883850097656,100.58116261882708,95.30624184898518,98.34602567174204,1095100
2022-01-27,96.24996185302734,99.04139708396454,95.80293750195776,97.29302877751789,1165900
2022-01-28,97.84931945800781,97.89899219491467,94.2830382547658,96.24001827756969,939300
2022-01-31,102.04145812988281,102.04145812988281,96.90561169862639,96.90561169862639,1471000
2022-02-01,102.43880462646484,103.42226268548498,100.36260696964935,102.40899643643759,1054200
2022-02-02,103.1242446899414,103.312992004459,100.79970600775911,102.61761912833506,1161600
2022-02-03,100.7997055053711,103.12424417596783,100.640758803623,101.80303571791725,1049900
2022-02-04,99.28973388671875,101.7434184429122,99.2599332773715,100.52154798570352,853000
2022-02-07,98.21688079833984,100.15399632885651,97.7797849539173,99.33941344179364,1241500
2022-02-08,101.57455444335938,101.95204150160515,98.31622276040737,98.59437191690384,1103800
2022-02-09,105.56798553466797,105.71699616244986,103.33284885492573,103.33284885492573,999600
2022-02-10,102.19044494628906,106.14414887768183,101.28645275565214,103.41231533924409,1325900
2022-02-11,99.25003051757812,103.14413444747541,98.6738599908798,102.1408040584314,1394800
2022-02-14,98.80297088623047,100.64074835516966,97.86917805789587,99.37914125175587,879500
2022-02-15,104.14744567871094,104.3461290687578,100.63083683333966,100.63083683333966,1334700
2022-02-16,106.27330017089844,107.00840965523653,102.52820030998275,103.03483340411891,1156100
2022-02-17,102.29973602294922,105.73687897733781,102.02157928610603,105.1110357931858,1118900
2022-02-18,101.49508666992188,103.24346263700939,101.16726475503111,102.08119320675654,901100
2022-02-22,100.10431671142578,102.62753854893246,99.45861663162289,100.7202237608786,1253400
2022-02-23,97.6705093383789,100.98844963221029,97.13407560540033,100.5910904693748,1154700
2022-02-24,108.02168273925781,108.77666445025524,96.35923700159597,97.3526311974887,2814000
2022-02-25,107.49517822265625,108.1806225997062,103.40239166624994,106.72033201155408,2063600
2022-02-28,108.22036743164062,109.263426802516,105.4189960685811,106.13423353189721,1398800
2022-03-01,107.65412139892578,110.29654576516099,107.22696163255372,108.79651855129696,1710200
2022-03-02,109.51176452636719,110.14753615022742,108.15081944669554,108.60777982765786,1192900
2022-03-03,111.6277084350586,112.36281801733494,110.15748169150967,110.15748169150967,1537400
2022-03-04,108.4488296508789,110.59456449677367,106.90907337773706,109.9190562207322,1056300
2022-03-07,107.29651641845703,111.13101887815947,107.06803240331556,108.0812987953388,1628400
2022-03-08,116.05824279785156,116.93242693974959,107.42564502799885,107.66405750688085,3089900
2022-03-09,117.93576049804688,120.34970870436997,115.98870877781452,117.04170420329828,2264000
2022-03-10,120.2503662109375,120.67752600329284,115.86949432336321,116.21718076388593,1636100
2022-03-11,122.50537109375,124.12460089350601,120.69739397279068,120.69739397279068,1963100
2022-03-14,121.79012298583984,123.83652011731712,120.47884299257095,122.36629341989637,1837100
2022-03-15,120.86626434326172,122.18748038097435,118.69073630970792,121.0351395297073,1090600
2022-03-16,122.02852630615234,123.617962912417,119.00861494383851,122.03846236916525,1172900
2022-03-17,124.82991790771484,124.85971852086006,120.94574297586935,120.96560752496742,763300
2022-03-18,125.72395324707031,126.31005969957876,123.18086680919134,124.03518633047796,1269200
2022-03-21,127.37300872802734,128.08825378258754,125.83324464784936,125.93258255453905,1257700
2022-03-22,128.88294982910156,130.47237121831816,127.7206806066275,127.74053757392461,1154500
2022-03-23,128.35643005371094,129.09153182465442,126.8762677139126,128.36635853564692,936100
2022-03-24,131.6942901611328,131.9823678397842,128.43594289855886,128.43594289855886,1059700
2022-03-25,133.41278076171875,133.61145647581063,130.98889763903605,131.69421385574535,1206700
2022-03-28,134.64463806152344,134.7141829287066,132.59824851287607,133.28369291000382,1349000
2022-03-29,133.57179260253906,136.8102522813277,131.00883371302217,135.7771138109215,1443600
2022-03-30,131.2869415283203,135.58833893645445,130.04519915269225,135.35984742558753,1753400
2022-03-31,130.74061584472656,134.57511819726807,130.51213941496695,131.25718509104632,1288500
2022-04-01,130.7505340576172,132.8763969466895,130.29358123399905,131.1280286877302,1087000
2022-04-04,130.57171630859375,131.32669032943576,128.9524791571406,130.75051996169177,1158200
2022-04-05,129.24058532714844,132.220767785195,129.01209375827742,130.3531819275951,1573200
2022-04-06,128.5551300048828,129.74719985513585,125.43586565802997,127.15444073078997,1984100
2022-04-07,131.48565673828125,132.84660193986014,127.87963094666124,128.72402207870206,1811700
2022-04-08,133.1753387451172,134.30840687454122,130.86943719554415,132.19135254087468,1661100
2022-04-11,132.2211456298828,134.3083832107629,131.5154710870032,131.8434512646158,1832400
2022-04-12,133.10572814941406,134.4972248681747,131.97266026617217,132.8870645959804,1594600
2022-04-13,133.9207305908203,134.54688961764427,132.83734671499573,133.15540826246956,1079700
2022-04-14,134.31832885742188,135.908606694898,133.77166990291363,134.04996624956993,1532700
2022-04-18,135.54086303710938,136.45526760025578,133.9903502923822,134.04998306471552,1014100
2022-04-19,138.06539916992188,138.37351187268342,135.02400709412947,135.68993152145555,1044700
2022-04-20,137.0019073486328,139.18852796730658,135.73964006912456,136.7236110062205,1480600
2022-04-21,124.50833129882812,138.3238181784962,123.62374327430825,138.3238181784962,3511800
2022-04-22,119.80708312988281,124.12069104499666,118.96225289032886,123.48458303523799,2619000
2022-04-25,119.93630981445312,120.27424651601305,116.53710565285857,118.45537132001694,1725100
2022-04-26,116.35819244384766,119.33001056758658,115.8612325363258,118.87280836262724,1385200
2022-04-27,117.08375549316406,119.24055963961027,116.7160024372191,116.86509192384578,1831400
2022-04-28,118.11742401123047,119.04176971774407,114.42004876818226,117.83912768376507,1141100
2022-04-29,115.27481079101562,120.11519490412228,114.77785093821991,117.28252525978785,1122900
2022-05-02,115.5232925415039,116.04012746004972,112.2035967292483,115.01639136040686,1663700
2022-05-03,118.28641510009766,119.16106192419896,115.39410441242072,115.39410441242072,1271600
2022-05-04,120.54259490966797,120.81095750833823,116.13952979084091,118.77341883816297,2059800
2022-05-05,120.2543716430664,124.95561630461353,117.89878623396986,122.44100006497496,2174400
2022-05-06,116.87503814697266,119.96612966233845,114.56914426757831,119.03185010682131,1620300
2022-05-09,109.16222381591797,115.9606322533997,108.5062330458064,114.79774779693682,2095800
2022-05-10,111.14010620117188,112.5017789892829,108.04901517037678,110.0567373129348,2108500
2022-05-11,108.09871673583984,113.39630336780071,107.87011185131333,110.41454404601151,2069100
2022-05-12,108.26768493652344,109.39081158913926,105.68349495357153,106.89607833202749,1365600
2022-05-13,111.88555145263672,114.01253921552404,110.1064341027438,110.22570720848745,1662100
2022-05-16,111.50785827636719,112.88940611104262,109.94740458481984,111.94517780638293,1288800
2022-05-17,112.96892547607422,113.97277899092352,110.38472798987168,113.16770639824082,1608400
2022-05-18,109.94740295410156,115.55310960893821,109.35104505136962,112.24335509740003,1132000
2022-05-19,112.83971405029297,114.58901502726405,108.5857385056413,108.88391747982041,1447900
2022-05-20,112.31294250488281,114.62877756406438,110.464250986215,114.14175138016338,1588800
2022-05-23,115.7220687866211,117.22288962848997,113.42611674958731,113.79386217851163,1372700
2022-05-24,115.20523834228516,115.66244050335479,113.07824316590934,114.77785255952354,1307500
2022-05-25,117.64034271240234,118.53487200777326,115.04621154732965,115.67237826258632,1243900
2022-05-26,119.89655303955078,121.87445907115672,118.55476271093345,119.27038624166454,1764600
2022-05-27,122.75904083251953,123.65357019980783,120.87059163113459,121.17870435314245,1486000
2022-05-31,118.27643585205078,123.22615894103696,117.61051152053606,123.11682717520559,10607300
2022-06-01,119.05170440673828,121.00972749405024,116.97441580458873,119.79714420649628,1350900
2022-06-02,123.81260681152344,123.95175499669531,118.28641436324811,119.09148708931498,1189200
2022-06-03,128.3349151611328,128.65297676551316,122.43103691543406,122.96775449831686,1746200
2022-06-06,130.60105895996094,137.6181456650598,130.0842315704057,133.7517981518178,2312900
2022-06-07,132.9268341064453,133.3442785855489,128.11625094389268,129.47793132741003,1402000
2022-06-08,129.64691162109375,132.37024238703916,128.36474648245792,132.37024238703916,1565600
2022-06-09,129.96495056152344,131.90310634867387,127.63918181615841,128.95116326185945,912700
2022-06-10,125.83023834228516,128.2852289114902,123.89209787055205,127.79820277612681,1411400
2022-06-13,125.0450439453125,127.94728785630173,122.34158095529281,124.59778308162801,2222700
2022-06-14,122.79879760742188,125.72091674112885,121.72536237479164,125.09474998026447,1504300
2022-06-15,123.36532592773438,124.88602197913848,120.19471940029302,123.04727190118584,1631900
2022-06-16,114.03242492675781,121.58621408466,113.17765327010768,120.453146090125,2132700
2022-06-17,113.15776062011719,116.11964477497457,112.17378220303952,113.17764326135436,2049000
2022-06-21,118.50506591796875,119.96612171376132,114.77786651613681,115.48354869292287,1338300
2022-06-22,118.13732147216797,119.43935413170564,115.9904508201292,116.1991806749167,1119100
2022-06-23,120.02576446533203,120.75132171694138,115.85129650184152,118.44542794413007,1472000
2022-06-24,125.21401977539062,125.8004288177109,120.79107211435522,121.2582156337663,2702700
2022-06-27,127.1323013305664,127.50004684993468,124.41889659700098,126.13838140490991,1214700
2022-06-28,123.345458984375,129.0704397738992,123.03734623966167,127.66900906470546,888300
2022-06-29,119.02190399169922,123.84241382674497,117.24278652102741,123.57405879936184,1727100
2022-06-30,124.6507568359375,124.78004682722855,116.88370613377279,116.88370613377279,1493100
2022-07-01,125.44635772705078,127.06739165392396,121.47830079213315,124.52147147737699,1036100
2022-07-05,126.5502700805664,126.88839682623606,121.0805138098936,123.4076428358079,1297300
2022-07-06,125.5955581665039,127.29615431759751,122.38331593392128,126.08286163276718,1048100
2022-07-07,131.52276611328125,131.79128565034338,126.112677880716,127.04751131169512,981300
2022-07-08,131.2244110107422,132.84545258435895,129.68293134241333,131.512824814271,882800
2022-07-11,130.42880249023438,131.2741344258076,129.513863374313,130.00117433627514,589100
2022-07-12,127.01768493652344,130.47854460357888,126.18230004580704,129.1359771893619,985400
2022-07-13,127.19669342041016,128.79783322623234,124.47176250490932,125.44636934323587,985900
2022-07-14,127.33592987060547,127.48511415893296,123.82534935609911,125.07841543367431,888500
2022-07-15,127.30609130859375,129.4442779626127,119.72799713011219,129.4442779626127,1401400
2022-07-18,126.26185607910156,129.5635993578775,126.07289844611078,128.03207437316863,844800
2022-07-19,130.38902282714844,130.82660568207515,127.44529327801997,127.44529327801997,885300
2022-07-20,131.57254028320312,132.5272531439835,129.00672481066394,130.27968540829602,783100
2022-07-21,132.40786743164062,132.48742933556986,129.90172056995513,130.56803444362075,547400
2022-07-22,132.32830810546875,135.34164509166123,130.86639033891416,133.06424434998905,699700
2022-07-25,132.9449005126953,133.1239186026423,128.0420173460298,131.15481066252096,784400
2022-07-26,132.547119140625,134.4267258075659,131.8509713334032,133.2134331257433,907300
2022-07-27,133.23329162597656,134.41675016794008,132.33824685342063,133.35262688234937,1455000
2022-07-28,144.4910888671875,144.58060551813338,135.58036561431155,137.41024438545216,2590000
2022-07-29,137.96714782714844,146.0325532012259,137.23122664787317,145.2071153806494,2613400
2022-08-01,137.95718383789062,138.70305960899736,135.7493903414242,137.24114188363765,1453700
2022-08-02,137.5494384765625,139.32960386278447,135.9085178059144,137.7980637402899,940600
2022-08-03,136.3063201904297,138.94175724617492,135.36154716756667,138.94175724617492,1659600
2022-08-04,132.6763916015625,135.36154145985418,131.07524426932218,134.58583183801173,1779100
2022-08-05,136.1571502685547,137.88757248366403,132.73606403080467,133.42227222295463,1287200
2022-08-08,136.5052032470703,138.99145577348054,136.42564134523946,137.1814718251921,1095600
2022-08-09,135.09304809570312,137.16161254635927,134.83448322995298,136.0875493599675,654300
2022-08-10,139.478759765625,139.75721882068538,136.80354975283464,137.03228072487417,1187900
2022-08-11,140.47328186035156,141.9550939779778,139.98597085324107,141.28878005491816,888000
2022-08-12,142.67112731933594,142.84019067686125,140.23458760677022,140.58266904424582,790800
2022-08-15,142.183837890625,142.67114894196928,140.54291697927871,141.36833962203465,624900
2022-08-16,141.64678955078125,143.2777859821033,141.27882898633487,141.94514292662998,912100
2022-08-17,143.32749938964844,143.4368951220047,139.64784820793923,140.4732859748304,1077900
2022-08-18,143.68556213378906,145.49556201751787,142.86012412718733,144.2325409544152,573600
2022-08-19,141.23904418945312,143.20815203091124,141.01029802071105,142.77056913839127,728500
2022-08-22,139.24008178710938,141.56722569745756,138.1560793216416,139.05113934096974,652300
2022-08-23,140.4434356689453,142.2235858230014,139.3892670126447,139.74728798788652,725700
2022-08-24,144.3120880126953,144.71983719829925,140.92083484930146,140.92083484930146,731800
2022-08-25,146.9375762939453,148.5088902675167,145.33642849349297,145.56515955787575,863400
2022-08-26,143.83468627929688,147.3950017246727,143.16837242197496,147.3950017246727,982800
2022-08-29,144.07337951660156,145.82371128620437,141.51751940286448,142.21366718628215,654300
2022-08-30,139.98599243164062,145.85355899308013,138.9417782445429,145.36624791085217,758600
2022-08-31,140.52301025390625,141.27882563657045,139.1804276818615,139.89646969696767,1415200
2022-09-01,138.33511352539062,140.59262016902085,136.26654934993084,139.68763567184962,1328300
2022-09-02,139.82688903808594,143.88444099364594,139.3296383874169,140.5727650140895,790300
2022-09-06,139.4887237548828,140.90091354582708,137.74834676834908,139.61801375841648,889900
2022-09-07,141.64678955078125,141.8158680978392,138.46438894978846,139.3594490773347,886700
2022-09-08,145.80377197265625,145.8535000507279,140.34395677777516,141.18928858035622,990600
2022-09-09,145.9529571533203,147.18614382126628,144.75955902217805,146.93751857832498,730000
2022-09-12,144.85902404785156,147.33532190705637,143.83468919828272,146.71873612281766,774700
2022-09-13,140.67214965820312,143.51642284704695,140.11523158064705,140.97050296400232,730800
2022-09-14,141.58712768554688,142.4225202069734,139.34950003773906,140.72191651769063,1565500
2022-09-15,138.11630249023438,141.31859689534204,137.2809101248596,139.17047111274545,1623000
2022-09-16,136.66432189941406,137.75827903975224,134.1184018363149,136.34608947896695,3608000
2022-09-19,140.5031280517578,141.36833923813072,135.00353764032675,135.2422233908259,1753600
2022-09-20,137.80804443359375,140.12521897432381,136.77375464363527,139.86665411427654,1272700
2022-09-21,135.77920532226562,141.3583559231698,135.66980961735067,138.36491370668497,699700
2022-09-22,134.96376037597656,137.15165991367584,134.62561844546966,136.74391079225055,761000
2022-09-23,128.0519561767578,132.95485449083898,125.94361870065904,132.95485449083898,1647300
2022-09-26,125.04857635498047,130.31942806099443,124.74028341689989,127.3757130636278,1282500
2022-09-27,124.85963439941406,128.12159727045199,123.44743686443934,126.95803263427852,1034900
2022-09-28,129.4840850830078,130.34931165894108,125.92377567694298,126.10278624051169,962900
2022-09-29,127.22654724121094,128.29066329215203,124.22315675687713,128.29066329215203,857600
2022-09-30,126.75885772705078,129.48528812302695,125.86331517332123,127.73399815875987,1033700
2022-10-03,130.69923400878906,131.63456403571973,127.36582547198853,128.74893812564582,787100
2022-10-04,135.35606384277344,136.29140921962508,132.6495383543828,132.6495383543828,888600
2022-10-05,133.8833770751953,135.1371289581031,131.33606298619492,133.77392146122156,757500
2022-10-06,131.56494140625,135.70433509103472,131.4753909387561,133.70428355118466,698700
2022-10-07,127.89320373535156,131.0972516312409,126.89815818217326,131.0176461650038,623000
2022-10-10,128.3907470703125,130.42064882641765,127.65440777710688,127.94297953632221,565300
2022-10-11,128.79869079589844,132.02262846978638,127.03745602537752,128.82854094597596,1064900
2022-10-12,125.73395538330078,129.23651994490916,125.66430249897536,129.23651994490916,775500
2022-10-13,129.56488037109375,129.9827976563225,122.98762146105763,123.5547970886094,843000
2022-10-14,122.79856872558594,130.8783333221372,122.63935780171562,130.112144036302,816800
2022-10-17,129.04747009277344,129.66439352431604,125.28619882868799,125.77376906139648,902000
2022-10-18,132.7589569091797,135.31623090329407,131.02757242815014,132.50025056827607,871100
2022-10-19,131.91319274902344,132.50026596575069,129.8633862103522,131.57486573075587,601900
2022-10-20,130.09225463867188,133.4057579884592,129.68428233812986,132.2017462482031,706200
2022-10-21,132.74900817871094,133.37587644538007,129.95293308202864,130.3708503208706,775500
2022-10-24,136.72918701171875,137.08740394982559,133.2564732279381,133.71420077564747,958200
2022-10-25,141.64474487304688,142.04275703313843,136.62970663002565,137.04762395307898,1365400
2022-10-26,139.79396057128906,143.59502683435002,139.36608307182104,142.49052562080894,982200
2022-10-27,139.56507873535156,141.9332919242096,139.07751614930876,140.67954003885575,751500
2022-10-28,140.48052978515625,142.01290850372663,138.77901032064452,140.18202825327057,830600
2022-10-31,141.3362579345703,141.5750743235518,139.7640993858083,139.91335013942825,753900
2022-11-01,141.56512451171875,143.34624923806123,141.01784646177362,142.8686316595587,719900
2022-11-02,136.10232543945312,142.25171466767267,135.91326436074752,140.2914737724458,1229300
2022-11-03,143.69451904296875,145.97316647401803,136.28143337575932,143.84376978923376,2404500
2022-11-04,146.04286193847656,148.75933245372903,140.0825327173578,146.9184918316935,1635600
2022-11-07,146.5204315185547,148.29161107200173,144.51043560907894,146.98810405961865,1220500
2022-11-08,147.02793884277344,149.0478802847688,145.2766639758627,146.52047103045058,1001000
2022-11-09,142.331298828125,147.16722046993536,141.90343655950687,145.19703467014273,823800
2022-11-10,146.33140563964844,148.25185157090056,143.21690800762974,147.09759501411003,1345000
2022-11-11,143.75425720214844,148.26181312477647,143.45574044780898,146.34138216216664,1065400
2022-11-14,141.4855499267578,144.08261980033726,141.41588944011374,143.33633552842585,907400
2022-11-15,143.3363037109375,144.70945614187423,141.22679697936087,143.3163985501445,779200
2022-11-16,146.00302124023438,146.2716877751961,142.142255043934,142.9084291432411,826600
2022-11-17,148.01303100585938,148.12248662771236,143.70448179392443,144.30151521915712,884900
2022-11-18,147.92347717285156,149.65484673679,146.11248695862815,149.2568345845075,749500
2022-11-21,148.20208740234375,148.89861625425897,146.78912453611852,147.09758622888168,621100
2022-11-22,147.05776977539062,151.0180618514434,146.98812448469673,149.25682704106575,923300
2022-11-23,145.47567749023438,149.14739853202232,144.55029228233911,146.7791849206377,682800
2022-11-25,147.78421020507812,148.4508890859566,145.74436322684716,146.20207580383507,271700
2022-11-28,142.8487091064453,149.80408162195337,142.01287465003387,147.84384105284425,880900
2022-11-29,143.83384704589844,144.4507704701257,142.39103393716533,143.3164190735062,579700
2022-11-30,149.13743591308594,149.42599244976122,143.45571898881386,143.68457522019014,1560700
2022-12-01,150.97825622558594,152.2618734806615,148.56030284022373,149.75435445706395,907000
2022-12-02,152.31161499023438,153.8837734469524,149.6349402886357,149.91355180120766,627000
2022-12-05,150.0727996826172,151.58525821391927,148.27175421268743,151.08773536418224,748200
2022-12-06,148.84889221191406,151.4260570970387,148.2319686967767,150.48076665775596,475800
2022-12-07,147.57518005371094,150.15234398193266,147.3463238642302,148.55032028919175,627900
2022-12-08,149.56533813476562,150.80914543770683,148.2419253424528,149.32653684984547,622300
2022-12-09,147.40606689453125,150.9185769413958,147.11751032702227,149.7444303232109,745000
2022-12-12,149.5155487060547,149.684704638692,147.60506294644406,147.9234848313081,565500
2022-12-13,151.7842254638672,154.23204393859234,149.46578293877042,154.11264334384086,984400
2022-12-14,151.3365020751953,154.03308269556567,150.06284475003534,152.79922051917004,1518800
2022-12-15,144.10247802734375,148.57022202934124,143.2268332415681,148.57022202934124,1921300
2022-12-16,142.56019592285156,143.48558109848162,141.00792712296123,142.19201870417575,2219200
2022-12-19,141.65467834472656,143.61491919932746,140.8188437665832,143.266647200173,1290500
2022-12-20,141.95323181152344,144.49060153698358,141.39600861505397,141.39600861505397,1664500
2022-12-21,143.9930419921875,144.7890662512006,142.78903024816753,143.09749192601353,653800
2022-12-22,141.883544921875,143.60498469884482,139.7242978457032,142.66963942885903,672800
2022-12-23,143.48556518554688,143.50547034782792,141.23676770987163,142.00295703419596,405700
2022-12-27,143.25668334960938,144.7094410894154,142.59994976045394,143.78405618184973,417600
2022-12-28,140.61985778808594,144.3015236366059,140.15218512045104,143.11741689017677,445600
2022-12-29,141.9929962158203,142.6895250605889,140.9084002158814,142.08254667089267,502400
2022-12-30,141.87356567382812,142.33155018421576,139.8126581646502,140.75849408917782,400900
2023-01-03,139.99183654785156,142.6998798210595,138.54821422446003,142.23194486778195,789800
2023-01-04,137.94090270996094,140.77836428468098,137.27385001993818,140.22082861491313,930000
2023-01-05,134.97401428222656,138.84691245151407,134.0182279511197,137.39332422105556,1101400
2023-01-06,138.5083770751953,140.3402993653087,136.16871757642616,137.14440491488332,894800
2023-01-09,138.030517578125,142.34148408480354,137.61236578285232,138.87678692989468,815800
2023-01-10,138.89669799804688,139.01618079931552,137.40329211172622,137.40329211172622,939600
2023-01-11,140.0714874267578,143.038382208465,139.3546515451537,140.41993960783594,875700
2023-01-12,147.1602020263672,147.32945285715883,140.57925999754303,140.92772742027879,1204000
2023-01-13,147.84713745117188,148.51419005303106,145.8260633195327,146.542899140693,770800
2023-01-17,147.61817932128906,149.67907128259725,147.21992868723092,147.8471639410548,849900
2023-01-18,143.6656036376953,149.9279436461373,142.70981748989806,148.12590354676973,753300
2023-01-19,142.85916137695312,143.6855141610253,141.55490794242885,142.50074348496645,1677800
2023-01-20,145.59710693359375,145.7364908596032,142.5903791677229,143.11804797273786,931800
2023-01-23,148.89256286621094,149.1215475042769,146.35376994113506,146.79183807775485,766100
2023-01-24,150.8439178466797,152.89487432120043,147.5285555547865,148.1757071036781,804600
2023-01-25,148.23545837402344,149.370446168794,145.0096963928133,149.34057926827708,915200
2023-01-26,149.4003143310547,149.50983136444472,146.77192072140357,148.99211309826376,840400
2023-01-27,149.340576171875,150.46561337371668,148.62374019091328,149.0618083116909,645200
2023-01-30,148.44454956054688,150.51539233165713,147.76753099976423,148.87265195127628,743000
2023-01-31,151.5209503173828,151.5707335475528,148.11598701933823,148.77307400577183,705500
2023-02-01,152.1979217529297,153.7012929539203,150.1868133623725,150.84390021116442,569100
2023-02-02,151.01318359375,153.53207529257088,148.88259197768716,152.9147905796324,991900
2023-02-03,151.75987243652344,153.074076679548,149.73879803781463,150.1469992216366,850200
2023-02-06,152.04861450195312,152.6957508993157,150.7642770845667,151.17247829112878,696600
2023-02-07,152.8948516845703,153.36277139879533,149.83834134973657,151.68021408088387,569000
2023-02-08,151.690185546875,153.94024451710035,151.5209347350698,152.31742076075287,960300
2023-02-09,151.78977966308594,153.32300300882167,151.07294362848708,152.54643316995796,1313200
2023-02-10,150.67466735839844,153.32297697025817,149.68902937199675,151.72005433062807,1063800
2023-02-13,153.61170959472656,153.78097561601612,149.84832829962892,150.76428200826396,582200
2023-02-14,153.52210998535156,154.93586562339473,151.55081862432897,153.05417496248478,803700
2023-02-15,155.31419372558594,155.68256227243452,151.7598808463842,152.5762832592695,653400
2023-02-16,154.63722229003906,157.84305322928128,153.32301770341678,154.13942028450847,911400
2023-02-17,154.21902465820312,156.36953254170416,154.05973959371713,154.24889155727604,862600
2023-02-21,148.0462646484375,153.96015295711638,147.4986795843549,153.2831497445827,1098600
2023-02-22,147.74758911132812,149.3206448453644,146.68230100797578,148.50425767730184,1155900
2023-02-23,158.9182586669922,168.00812536278102,157.53437012352407,159.29659293656275,2860100
2023-02-24,159.93380737304688,162.4029007525366,156.42927744648398,157.51449722611622,1468900
2023-02-27,162.183837890625,164.06552829031222,160.15281301148121,161.72586869248696,866800
2023-02-28,160.69046020507812,163.2889869403512,160.5809431705758,162.19383178703782,1195000
2023-03-01,158.94810485839844,162.66171713552936,158.29101804382393,161.20812922997519,957400
2023-03-02,159.3463897705078,160.04330938579014,157.27553206244875,158.1516682597798,741200
2023-03-03,162.4028778076172,163.10976314998078,159.6052337185516,161.85530790195958,793100
2023-03-06,162.65176391601562,164.16508572213007,160.1428536486884,161.72585981082,769300
2023-03-07,162.25352478027344,163.92613158648805,161.44708827072668,162.9803111764234,607300
2023-03-08,161.71591186523438,162.9405154312479,160.27228944782257,162.03451236128245,772200
2023-03-09,159.84417724609375,163.55777479742932,158.9182579044055,162.48252097726242,589700
2023-03-10,156.65826416015625,159.64507556308232,155.3042423831614,159.47580954821314,1695700
2023-03-13,155.1847381591797,157.26556136146783,154.16923336049854,154.58738507613896,897700
2023-03-14,159.03775024414062,160.41167310389875,156.8673261455683,158.4702488083759,860300
2023-03-15,154.6570281982422,157.8628723551162,151.03303243721533,156.5387180127811,1368800
2023-03-16,156.5188751220703,157.36512921022643,151.33177280410447,153.08402996755822,848300
2023-03-17,154.41815185546875,157.10627901443675,152.21786082443046,156.78767851384688,1607500
2023-03-20,156.59849548339844,157.74344882560086,154.57742123684588,155.1050899696873,1000500
2023-03-21,160.90945434570312,161.4072561623318,157.74344208396363,159.15719742018433,764000
2023-03-22,157.86293029785156,162.6119645030627,157.80319650271937,160.25238844509408,752200
2023-03-23,158.2711181640625,161.1284958632174,156.56862918756644,158.13173425658437,808400
2023-03-24,160.0731964111328,161.13849989335347,154.17922305097656,156.28989849170742,1209700
2023-03-27,161.7357940673828,162.99026426624002,159.5852867479458,161.98469495551103,821000
2023-03-28,162.5621795654297,163.94606817435414,161.53670891523353,162.13407724368327,901000
2023-03-29,164.73260498046875,164.77242244655758,163.00024896730284,164.2248373396625,651500
2023-03-30,165.7879638671875,166.48488355121796,164.75252731516244,166.1165149735968,695300
2023-03-31,165.90740966796875,166.992614118457,164.83215578604825,166.26582762860892,919100
2023-04-03,165.06114196777344,166.75368052628247,163.19936778346295,166.14636162029822,671600
2023-04-04,161.93496704101562,166.15633301429827,161.17831355171913,165.61871359669203,830600
2023-04-05,159.20700073242188,161.1185581265135,157.21579321461294,160.92939098164842,1095400
2023-04-06,158.5097198486328,160.4819975991729,158.44995615911807,158.5894098344227,679300
2023-04-10,160.91033935546875,161.09960120142472,157.5634354250681,157.71285987155002,941200
2023-04-11,163.09181213378906,163.17150213526222,161.00996214298598,161.00996214298598,755800
2023-04-12,164.35682678222656,165.9505960307479,163.68944027920986,164.33690048680978,883300
2023-04-13,164.3966522216797,165.36287228846115,162.32477362826697,164.6157958574018,838900
2023-04-14,165.3728790283203,166.04026562807218,163.9086076888023,164.22735246512144,444000
2023-04-17,166.19964599609375,166.7972981528014,165.16369127223422,165.5422149443343,449400
2023-04-18,167.13595581054688,167.64397758217353,166.1199426659156,166.6976836772039,711400
2023-04-19,165.36288452148438,167.0363437544951,164.655660626043,166.02031547728538,434400
2023-04-20,166.6378936767578,167.43477830124272,163.61970589094344,164.3568268284712,512100
2023-04-21,165.1537322998047,166.58812176507408,164.57599125410943,166.5183873219484,526300
2023-04-24,167.6140594482422,168.45078133889794,165.84099940405406,166.12986224750387,514200
2023-04-25,166.5681915283203,167.42483992763735,165.61192684098273,165.94064235227654,597000
2023-04-26,163.43048095703125,166.56819653290032,162.83281360957426,165.35295073923328,578300
2023-04-27,168.3113555908203,168.7197610572835,164.29706576024356,164.7951167585713,790800
2023-04-28,168.978759765625,170.15416814816862,167.99261321411643,168.4109894718317,727900
2023-05-01,168.55044555664062,171.26980007461856,168.07230559796488,169.1082603091169,740800
2023-05-02,167.46470642089844,167.84323014197244,164.34691669504116,167.79342198930783,688100
2023-05-03,167.56430053710938,170.29362582897824,167.55434498762045,168.27152453362692,870700
2023-05-04,164.7054901123047,168.80942594531487,159.9740050856657,166.32912621749287,1229200
2023-05-05,170.40316772460938,170.87132165731174,167.14591009531443,167.14591009531443,855100
2023-05-08,168.22174072265625,170.66218801944837,167.52445703844734,170.33347247671608,821200
2023-05-09,170.33343505859375,170.77172235262236,167.36505547536765,168.2017774734352,889300
2023-05-10,170.76177978515625,172.15633187804553,169.03852736681193,171.50885637799658,711000
2023-05-11,170.92115783691406,171.10046412080723,168.59028254148703,168.8990717644737,686200
2023-05-12,173.17234802246094,175.6028242647622,170.87133951222842,171.82760417096372,896000
2023-05-15,174.12860107421875,174.38759734094396,172.1862050703369,172.82370978954202,652900
2023-05-16,169.02857971191406,173.2620139357346,168.64010047346542,172.85360839807208,959700
2023-05-17,169.0982666015625,170.50277404076925,167.5244236497245,170.1939848589529,969200
2023-05-18,171.22000122070312,171.82762415176305,167.44478068790698,168.61021840171446,827600
2023-05-19,171.04071044921875,173.3516595820138,169.97487383070873,172.08660556919068,658000
2023-05-22,170.32350158691406,173.53095152787694,170.1143134606288,171.45905735984857,795500
2023-05-23,165.96058654785156,169.46687051381096,164.86486805870388,168.5205612734956,1166500
2023-05-24,165.91073608398438,168.41096167174194,164.99432412647377,168.41096167174194,698900
2023-05-25,172.17626953125,172.365516179828,165.94066009754815,166.45863749188516,1080400
2023-05-26,173.32176208496094,175.66260805491348,172.40534999440612,173.31180653590363,811300
2023-05-30,180.4637908935547,181.12122183726325,174.98523009460288,174.98523009460288,1711000
2023-05-31,176.8878173828125,180.1550311405874,175.9116415550085,178.09309244381993,1767200
2023-06-01,175.36378479003906,177.17668278122943,174.5370181899066,176.31007878319372,986400
2023-06-02,179.37806701660156,179.69681178322634,175.86182783866505,175.90166523475122,756500
2023-06-05,178.5313720703125,179.37806492053986,175.8120176396816,179.37806492053986,596100
2023-06-06,180.91204833984375,181.37026196771052,177.8241411235024,177.8241411235024,619700
2023-06-07,183.21304321289062,184.00992789471908,180.75268512668612,180.75268512668612,764100
2023-06-08,182.65521240234375,183.23295336578403,180.98176839732483,182.40618691117,508900
2023-06-09,182.1173553466797,182.85447639906357,180.99175506923282,182.2767353362728,347100
2023-06-12,184.65744018554688,185.76311429231737,181.44001897076382,182.47597382359584,679200
2023-06-13,184.2788848876953,185.41444065146325,183.5218527782872,184.5279104078138,787600
2023-06-14,184.3685302734375,185.77303785357003,182.92418529781628,184.25895843670423,828300
2023-06-15,185.0757598876953,185.88260009868367,183.3525076346393,183.77086866258472,660300
2023-06-16,185.22520446777344,187.87484001649773,185.16544076656086,186.18146928511558,1752600
2023-06-20,185.0259552001953,185.9722491048294,182.87437113119014,183.8903994747722,647400
2023-06-21,190.19573974609375,190.5642926638487,184.67732553257952,184.8765581144804,1015300
2023-06-22,188.57208251953125,191.0922195684804,187.7054785728533,189.3191590802706,624100
2023-06-23,185.8826141357422,188.6617323167148,185.79296859426512,186.76914439985435,2264000
2023-06-26,189.76742553710938,190.8730995922492,187.30705187566596,187.3269781755668,729300
2023-06-27,193.9012451171875,194.12038880268585,189.81722028669535,189.81722028669535,623200
2023-06-28,192.9648895263672,194.37935260747156,192.47679405217818,194.22994338032746,659000
2023-06-29,194.09048461914062,194.35942122095722,191.72971249690983,192.60628713802916,853300
2023-06-30,195.7646484375,196.33266719629836,192.88473129172283,195.03719942155416,723700
2023-07-03,195.02720642089844,195.52546200244882,192.69535874302184,195.1866366507738,398900
2023-07-05,194.46914672851562,195.20657046067504,192.86476315321542,193.4726355688398,575100
2023-07-06,191.85829162597656,194.83786545607015,191.3301419298021,193.3630179973627,729200
2023-07-07,192.924560546875,194.83786008880026,191.58922407855425,191.64902751892484,737300
2023-07-10,199.0929412841797,199.90012802881142,194.19010861244902,194.63855076131745,1021700
2023-07-11,199.25242614746094,199.790550750403,197.9669332947532,198.81395875411712,902600
2023-07-12,197.7377166748047,201.78356505364053,197.54839231319175,200.29875784240116,715400
2023-07-13,197.57826232910156,198.6246020372577,196.07352081922508,197.79749599006962,534400
2023-07-14,195.4457550048828,197.90713899216078,193.9509881400041,197.90713899216078,687600
2023-07-17,198.6146240234375,199.25239051637465,194.77806542885799,195.66495969568547,516100
2023-07-18,198.91360473632812,199.93005043574837,197.80747667666466,198.4651777295574,812600
2023-07-19,199.25242614746094,199.73074730131086,196.7910420848261,197.9469988117225,542000
2023-07-20,199.2823028564453,200.21902580482129,198.30572615104552,200.21902580482129,522000
2023-07-21,200.7870330810547,202.77008049843135,199.89016394061846,199.89016394061846,671500
2023-07-24,203.09896850585938,203.45771318717885,200.84685840986015,202.2917967742795,598700
2023-07-25,204.6833953857422,205.7098007102521,202.2120518553687,202.4611796565712,615200
2023-07-26,201.94297790527344,204.68338356017406,200.8667592471449,203.975869160746,734100
2023-07-27,200.9265594482422,202.92954149946584,200.15924156162137,202.77009605708022,602200
2023-07-28,199.78053283691406,203.89612837607535,198.85378485077328,201.88317177948036,1089400
2023-07-31,200.9165802001953,201.44472991165978,199.33213106580197,200.69734652310962,821500
2023-08-01,201.18565368652344,201.74369754817653,198.96343787831384,200.25890553175415,1094800
2023-08-02,201.6141357421875,201.76360632696185,199.15275207588414,199.93998916495048,1235000
2023-08-03,202.63058471679688,203.4975598046732,193.3231737141202,199.57130322521937,1349600
2023-08-04,199.5812530517578,203.64702039177408,197.4985483856296,203.34806400394646,1009500
2023-08-07,201.4148406982422,201.5942206227513,198.65451559729843,199.6211326864773,552200
2023-08-08,201.99281311035156,203.14876972828685,200.68738589766338,201.58423987728847,630800
2023-08-09,202.73025512695312,203.94600009234938,201.3650395533341,201.7935321006096,501600
2023-08-10,199.73072814941406,204.0854923379564,198.20606726320128,203.2683458731606,676000
2023-08-11,199.4716796875,200.8368954025864,198.9335702365823,199.7905706254933,522100
2023-08-14,202.8298797607422,202.89964284230868,198.60468207089048,199.5115108979309,554400
2023-08-15,202.4910888671875,203.41785226361725,201.3052380121979,202.1622383204257,668900
2023-08-16,200.06956481933594,203.57727341697318,199.9300538547203,202.64056562915664,483800
2023-08-17,199.7108154296875,201.8134546929496,199.2125598242278,200.07951971195027,826600
2023-08-18,202.3615264892578,202.9195703002592,196.62161253483558,197.8373573540401,696900
2023-08-21,202.85980224609375,203.54738223519863,200.5080350903649,202.75018540048777,478300
2023-08-22,205.9091033935547,206.955427934596,203.05908090182365,203.82638353784682,681300
2023-08-23,207.5234832763672,208.6794400618379,204.8627998652697,205.97888768265875,552400
2023-08-24,200.85678100585938,207.7925051637253,200.8169272510877,207.7925051637253,697100
2023-08-25,204.55386352539062,206.03865551989927,201.92307449817125,202.0326913412035,634200
2023-08-28,206.9554443359375,207.15475874579204,204.79301679789657,205.17169592995464,428400
2023-08-29,207.87225341796875,207.91210717763687,204.94250790182446,206.208066244891,406600
2023-08-30,208.90859985351562,210.3336187252017,208.25089883581438,208.420303909061,410400
2023-08-31,209.13780212402344,211.68886838077066,209.09794836619176,209.26735344669638,767100
2023-09-01,211.619140625,212.07754251420002,209.26737334490173,210.18416191774605,560500
2023-09-05,208.0814971923828,211.15075345335902,205.909110117297,211.13081897219155,640800
2023-09-06,208.36048889160156,210.33359169110315,206.7859996298763,208.50997467034958,509200
2023-09-07,207.97189331054688,209.41683157135208,204.7132972893599,207.24444436093066,667500
2023-09-08,205.779541015625,208.8388373744257,204.94247534557203,208.679391949972,621500
2023-09-11,204.32464599609375,207.27432578423623,203.5274492152129,206.91558115061827,613700
2023-09-12,203.77658081054688,207.29426413094058,203.5075185289276,203.7666059669898,478200
2023-09-13,199.63108825683594,204.89266611672494,197.5085145591287,203.188625293605,826300
2023-09-14,202.08248901367188,203.0491060436819,199.90014237220385,201.05608374767007,568100
2023-09-15,198.54490661621094,200.8568048057384,197.69786597280205,200.8568048057384,1211200
2023-09-18,197.01026916503906,199.64105823119337,196.68141863107542,199.053120248753,602800
2023-09-19,195.4457550048828,197.7775876647604,193.27335258770393,196.70135369738117,787600
2023-09-20,194.56886291503906,197.24948118015095,194.48914017342867,196.18320661736473,472500
2023-09-21,185.81944274902344,193.49257586815747,185.4407636311821,193.49257586815747,1375100
2023-09-22,187.7925567626953,188.93855391348657,185.6899172519205,185.78957446696535,1121900
2023-09-25,186.9255828857422,187.70286044756648,184.00579700407508,187.23449894165248,726000
2023-09-26,184.205078125,186.37746496781858,183.52744268774177,185.51050519915,841700
2023-09-27,189.45669555664062,189.84533429811734,185.75964769384626,186.79601260259963,1261800
2023-09-28,188.26089477539062,191.5394251506227,187.96193837317443,189.14778913844756,774700
2023-09-29,186.49632263183594,190.41426325998262,185.62898030319658,189.55690000017512,910900
2023-10-02,176.09829711914062,186.5461538209769,174.94185084278607,186.3068995651759,2088200
2023-10-03,168.85060119628906,175.99861168400886,167.8437039618279,174.6727036791426,2950100
2023-10-04,171.22329711914062,171.35290331813184,163.387400642501,167.9932276971687,2620500
2023-10-05,167.71408081054688,171.16347663978047,167.12589382841574,169.74783321289107,1914200
2023-10-06,172.1803741455078,173.28697082759066,165.25167484839636,166.9664015127409,1648400
2023-10-09,173.3567352294922,173.5561188520399,169.69799175315833,171.04385782634716,1055000
2023-10-10,177.0852813720703,178.31150517159898,173.47637218793477,173.66579196428395,1421800
2023-10-11,178.77011108398438,179.5277750191895,177.04540528669312,177.54387200480105,813500
2023-10-12,177.3644256591797,180.89356321810394,176.22792218644173,179.9963292387832,1080100
2023-10-13,172.99783325195312,178.96946915798824,171.53234009314315,178.33143245845153,944700
2023-10-16,175.83909606933594,176.32758363884557,173.067622779321,175.1611735314935,696400
2023-10-17,178.84983825683594,179.3782117193694,174.2041403718434,174.67270026684415,729100
2023-10-18,171.5124053955078,176.9457042768218,171.21333756262442,176.92576135063103,770400
2023-10-19,168.22254943847656,172.6389571524368,168.09294322706126,170.94417339422176,1442300
2023-10-20,164.19488525390625,169.44872716548957,163.38737184374486,168.81069056383183,1908600
2023-10-23,164.96255493164062,166.27849898189987,162.47022167312426,163.70642444566658,1261300
2023-10-24,166.73709106445312,173.60596075453287,166.7271272079721,169.22942426422074,1249200
2023-10-25,167.71408081054688,170.12665751372413,167.10595090353152,167.39507007237194,1063900
2023-10-26,166.73709106445312,169.17957455782644,165.86976397877228,168.38202489150189,919900
2023-10-27,164.36439514160156,166.91654206186536,163.3375550168391,166.85672849529598,810800
2023-10-30,164.2547149658203,167.07603785736333,162.0614648826261,165.8099435965885,1106900
2023-10-31,166.6074981689453,167.16577841633642,163.5469206655706,164.32452746900762,1573500
2023-11-01,159.13050842285156,164.3444811879834,153.2685502282971,163.55689526355383,4262000
2023-11-02,174.5430908203125,174.7125676625057,165.73020375429243,169.47866763267317,3054400
2023-11-03,168.6611785888672,177.45413812821425,166.84676778341205,175.9986087289406,1758100
2023-11-06,167.94338989257812,168.7509034291649,164.86285444397632,168.5315768868827,1114400
2023-11-07,164.57376098632812,166.99630175072568,163.43725756377202,166.50781413972967,1093700
2023-11-08,169.23941040039062,170.4955562341166,166.60750680343628,169.65812060763375,1801900
2023-11-09,169.0499725341797,174.45334873291768,167.58447949147472,171.19337286118684,1670600
2023-11-10,173.53619384765625,173.93496109897774,169.1895638754715,170.78464809275303,1406000
2023-11-13,175.6995391845703,176.99554037074273,173.0875634618634,173.49630978648491,1273900
2023-11-14,182.28929138183594,184.21336568042318,179.01935081167906,179.44802490274347,1520800
2023-11-15,183.1566162109375,186.7256398177752,183.03698906375774,183.57532643806408,1517900
2023-11-16,182.7378692626953,184.91117646372172,181.6412365939242,182.6282059958182,846400
2023-11-17,182.5484619140625,184.63204891431502,181.65122800555048,183.7148720799263,633900
2023-11-20,183.5653533935547,184.4825303040281,181.2125899407763,182.6481764830813,806300
2023-11-21,182.79771423339844,184.38283473535307,182.50861023213506,183.2563103042265,733500
2023-11-22,183.24632263183594,183.92424524227914,181.6512383467862,182.9472395746403,789600
2023-11-24,182.0200653076172,183.72481255927292,181.44184222673016,183.08677592036196,329300
2023-11-27,185.14048767089844,185.30996450447688,180.8935421268934,181.5714646732019,1191100
2023-11-28,180.78390502929688,185.85829255070226,180.41504452704842,184.86135911803336,1185300
2023-11-29,185.04078674316406,185.85826412267656,182.0798936840623,182.45873319836997,1580400
2023-11-30,187.7324981689453,188.20105801414203,185.60902547526626,186.5162383850722,1889900
2023-12-01,189.96563720703125,192.28849354626536,186.0078109172111,187.23403457715202,1012900
2023-12-04,189.0584259033203,190.04539532314544,187.75244574532604,188.58986604651395,686400
2023-12-05,188.8490753173828,190.33451147048166,186.5860475879447,188.56993519910856,896400
2023-12-06,191.2616729736328,192.56765325341883,189.59678086044434,190.55384358819367,1007300
2023-12-07,193.78390502929688,194.15276549256103,191.2217790763664,191.2217790763664,1266300
2023-12-08,198.6389617919922,198.97791546612856,194.12285511977876,194.40199522930226,1477600
2023-12-11,201.14126586914062,201.15124493825087,198.51934152040232,198.6389686537605,962700
2023-12-12,204.64051818847656,205.94649847608076,200.88207510458037,201.17117909011264,1050500
2023-12-13,209.63511657714844,210.91118988356948,204.69033631776537,204.69033631776537,1481100
2023-12-14,215.1382293701172,216.58377974836293,211.63898342308508,211.7187399200085,1496800
2023-12-15,214.360595703125,216.29464867839334,212.33682238454907,214.80921263165763,1792700
2023-12-18,214.34068298339844,215.4373158183447,213.30387893108283,214.50019597975364,893500
2023-12-19,217.0423583984375,217.82992902290835,214.3406624252874,215.35753866452416,1537100
2023-12-20,212.24710083007812,218.49787709674675,212.0876030576748,215.9457301943481,1441900
2023-12-21,211.79847717285156,215.06841718962235,210.48253312317306,213.46335396336636,1014800
2023-12-22,213.38360595703125,213.50324830230036,210.29312172216564,212.96489577857832,766900
2023-12-26,214.001708984375,214.8191863921915,213.4234858364096,213.6428123826032,395000
2023-12-27,215.28773498535156,215.3674914717875,213.85214865349332,214.48022147667987,454100
2023-12-28,215.80615234375,216.5837590996222,214.68959191726583,216.33452577499662,474200
2023-12-29,215.2277069091797,216.2948613827513,213.97103865754116,215.11799801766082,457100
2024-01-02,208.71499633789062,214.26024814841628,207.71764845201707,213.0235312913375,1068800
2024-01-03,201.2050018310547,205.0248467029059,200.8958111510174,203.49889017989466,1354600
2024-01-04,199.53939819335938,202.30204087120265,199.21027156587516,200.40708598143163,1271700
2024-01-05,198.5520477294922,200.78611279631124,197.6045701442231,198.9410128526373,722000
2024-01-08,205.0248260498047,205.4137911428306,197.51478196114414,198.55203235476125,1071200
2024-01-09,203.55873107910156,203.8679065214235,200.82599210478048,203.07999308616183,597200
2024-01-10,203.09996032714844,203.78813293024837,199.60924208281733,203.2296204460872,696400
2024-01-11,201.9330291748047,203.54872789209503,200.1278319228551,203.38914857676926,743300
2024-01-12,201.92308044433594,203.12986298813976,201.02545812370766,203.12986298813976,525400
2024-01-16,200.83595275878906,201.72359182969814,199.76879836083688,200.41706844403308,589900
2024-01-17,199.62918090820312,200.4869008037066,198.45230234538542,198.53209201221398,400900
2024-01-18,201.37454223632812,202.96032193467326,199.52944231322917,200.73624011268666,455500
2024-01-19,201.89315795898438,202.89050600652567,198.88117781260266,202.4616536508782,617900
2024-01-22,202.92042541503906,203.96762861271446,201.67374044797566,202.69102442390732,668400
2024-01-23,195.04135131835938,203.91775668786855,186.77334399000475,203.91775668786855,3326300
2024-01-24,192.7673797607422,196.36780589374715,192.10912656651178,195.75942313271352,1200200
2024-01-25,197.46493530273438,198.14312463554953,192.9868373199189,195.1710318671535,1067500
2024-01-26,195.7794189453125,198.12317765623857,193.90439980191323,197.873840651779,870500
2024-01-29,196.5373992919922,197.1058949708071,194.3831239064669,195.48021282085193,1013800
2024-01-30,196.7268829345703,197.04604158303565,193.9642248547899,195.6896477637019,1297100
2024-01-31,193.53536987304688,197.1856669683482,193.0067766848462,196.93632998454328,1195100
2024-02-01,199.72891235351562,200.8359692829998,195.06133084649477,195.1211692937658,1134300
2024-02-02,203.95767211914062,205.54345183431977,196.93634868454882,198.2029697253576,1131700
2024-02-05,201.65380859375,203.52882783414915,199.97825592357285,201.853275163972,924100
2024-02-06,205.56338500976562,205.74290033459698,199.69897423879124,201.6039124611073,1010100
2024-02-07,208.3460235595703,210.38062231869057,205.6531865838642,207.03949991102965,1020300
2024-02-08,207.21900939941406,211.21836961656055,206.5208688054179,208.2761959015116,751500
2024-02-09,209.5528106689453,210.44044987247062,205.8825617339442,207.44840556148765,684200
2024-02-12,211.03884887695312,211.55745889447974,208.81475181663728,208.81475181663728,724100
2024-02-13,206.29144287109375,208.44571805941604,205.2741589363208,207.11924348193025,725100
2024-02-14,212.07608032226562,212.3852557705573,207.39851571856806,208.28615483908922,943500
2024-02-15,213.4923095703125,213.92117712208312,210.19109013877045,213.34271345825456,684500
2024-02-16,210.8792724609375,213.5521579090258,210.4504048892974,213.47236823945732,712500
2024-02-20,208.6452178955078,208.80479724269657,206.06208998847706,207.9271260514826,968800
2024-02-21,210.6598358154297,211.50758766266887,206.03214192300476,207.31871408610115,1115600
2024-02-22,232.312255859375,235.3641534376928,220.4837235186916,221.6107163788166,2317000
2024-02-23,233.7683868408203,236.68064104667377,230.10812166783018,234.88541168188132,1515100
2024-02-26,235.01507568359375,238.3661654806742,232.601495415804,233.75842271655947,1315700
2024-02-27,238.93466186523438,240.43068382892207,235.56362083719497,238.38611743488443,1200100
2024-02-28,237.99713134765625,239.27373542663935,235.8827434769546,239.27373542663935,723000
2024-02-29,240.86949157714844,241.50779363959143,236.22186181857379,239.17400315050193,1712700
2024-03-01,240.25112915039062,241.89674705784228,238.34619105555132,239.28370049356946,845900
2024-03-04,242.6946563720703,244.75917401733795,239.92203017576108,241.62750193569184,806300
2024-03-05,239.07431030273438,243.3030563399556,238.50581460339643,241.16873209900234,1122900
2024-03-06,241.1587371826172,242.93401531489226,239.93200346611744,240.33093655850567,688000
2024-03-07,243.6720733642578,244.76914704541784,241.8469246778396,242.85424069040272,851800
2024-03-08,241.41802978515625,244.52975035744282,239.8721374993986,242.86418119377296,802000
2024-03-11,238.50579833984375,241.49784231762132,235.94262191240873,240.14144843896258,843100
2024-03-12,241.12881469726562,241.86684243002486,237.18929339455642,238.97453950356032,777200
2024-03-13,241.1886444091797,242.38545884514815,239.8721378767895,240.85951777608213,484600
2024-03-14,241.71725463867188,244.779104993307,239.18399749071634,243.69199935831105,714800
2024-03-15,242.1062469482422,243.34296404873717,239.43336139280584,239.43336139280584,1007800
2024-03-18,243.16342163085938,246.3050770676129,242.03641348305678,244.3502682257447,527600
2024-03-19,245.73655700683594,246.04573243164236,241.96658303136832,242.71459398234717,583400
2024-03-20,248.84828186035156,249.7159849264767,245.01846937960164,245.34759602974262,822400
2024-03-21,255.62030029296875,255.7699268540317,250.47399577488028,251.58105275052338,973900
2024-03-22,255.24130249023438,256.8370501852264,254.53319392096407,255.9095238349172,910500
2024-03-25,254.8623046875,255.82974869643607,252.47864354383913,254.82241746301995,693100
2024-03-26,258.4927062988281,259.90895417400617,255.33112946217636,256.35839691903595,1093200
2024-03-27,259.0611267089844,261.3151427869675,257.71470090632505,261.24532112656334,626400
2024-03-28,259.11102294921875,260.64694753803445,258.3729950985241,259.0013292683418,745700
2024-04-01,258.57244873046875,259.67949038594014,256.34835176328903,259.1708331730776,810000
2024-04-02,255.4208221435547,256.248607569575,252.01986190095144,256.248607569575,916900
2024-04-03,261.5943908691406,262.412193020469,254.60297230615967,254.60297230615967,862200
2024-04-04,257.6050109863281,265.11503984573113,256.19874672192753,264.2473519975496,969100
2024-04-05,262.50201416015625,264.29722844284527,258.80183104757094,258.80183104757094,652100
2024-04-08,261.65399169921875,263.7790746671664,260.1275283689698,263.340088962658,534600
2024-04-09,255.80747985839844,262.91102139852484,253.06383482580688,262.5817973913181,1026800
2024-04-10,253.71234130859375,256.44601492450624,248.7338672164966,250.0707669575555,749900
2024-04-11,257.40380859375,257.63328806622775,251.36778600643888,253.60261525144412,617500
2024-04-12,254.10145568847656,257.27409992362124,252.35549965097118,255.3984546467577,632500
2024-04-15,248.31484985351562,259.1098384498117,247.69628745722864,258.11214930817306,794700
2024-04-16,248.1153106689453,249.50209794228383,244.73314514772244,247.1774804566752,756300
2024-04-17,245.3916015625,249.68165223095409,242.45839336604053,248.49441506795878,911900
2024-04-18,245.11227416992188,251.02857901370453,243.90507876890373,246.34941425244273,1114500
2024-04-19,242.69786071777344,247.63643426172536,242.0493688501477,246.0900130117772,1134700
2024-04-22,244.99253845214844,247.91577549691192,243.03707629748894,245.46145355754214,739800
2024-04-23,251.36778259277344,251.9564155476843,245.7308448883696,247.5466312561602,816900
2024-04-24,252.59490966796875,258.8105234915193,251.0485037991102,253.2633747368955,1027700
2024-04-25,254.60031127929688,255.66784603853876,247.16752972866468,250.69934282460667,604200
2024-04-26,261.0552978515625,262.30240905597816,254.6102204487913,255.73759862558572,1179900
2024-04-29,261.7337646484375,265.09597216990244,260.72608887661875,263.36000281390716,884700
2024-04-30,257.9624938964844,264.27788301437533,257.04463696545514,260.2970827606961,1066500
2024-05-01,255.41839599609375,260.13744594858196,252.3255536995642,257.4037875601864,1184200
2024-05-02,254.41073608398438,257.2142401909492,244.43384447284774,244.43384447284774,1442600
2024-05-03,255.73764038085938,257.2740901607358,250.70929388200915,256.86503396525313,970800
2024-05-06,268.877197265625,269.79508458249313,258.8703773756251,259.25946027018364,1382100
2024-05-07,266.2632751464844,271.33152243996574,266.1934296013342,269.99462268320906,1116600
2024-05-08,264.3677062988281,266.37304097119255,263.27024204324647,265.22570443233604,977800
2024-05-09,269.545654296875,271.2816234380996,264.3776020648292,265.81427668068835,1013300
2024-05-10,270.8526611328125,272.23943321746003,267.1911285592593,271.91020919499323,949800
2024-05-13,264.8166198730469,272.36913393449464,264.5372681330476,271.37144479920346,743400
2024-05-14,262.75140380859375,267.5004139757648,259.54883011498777,265.5648945604248,1041800
2024-05-15,270.16424560546875,270.9125124462318,264.8864616301113,264.8964482643793,803200
2024-05-16,263.2103576660156,270.53339234014163,263.1305254840262,269.09671753489584,701800
2024-05-17,263.78900146484375,266.22336539241,262.1228776581014,266.22336539241,795500
2024-05-20,267.0414733886719,267.94937414109637,263.78899711592646,263.78899711592646,657200
2024-05-21,271.4212951660156,272.04984414203693,265.6646402810453,265.6646402810453,751200
2024-05-22,270.4735107421875,273.4965073815459,267.82964081784,272.32919778254137,588400
2024-05-23,275.910888671875,280.43041875340947,272.4888226111768,275.1526657141587,2084200
2024-05-24,282.7750244140625,285.30916334382573,277.3575797146984,277.3575797146984,1165800
2024-05-28,278.9938049316406,286.2070779072336,278.09586035054645,286.2070779072336,1251300
2024-05-29,277.3276062011719,281.1487415870214,275.6115799425615,275.6115799425615,877200
2024-05-30,279.113525390625,280.7197903020337,276.3698802375266,277.4872872101685,632100
2024-05-31,275.3023376464844,283.6629773265435,268.9869484794272,280.4504171488203,1867900
2024-06-03,271.3415222167969,278.7543453725026,264.40757037204605,277.6269517495348,1046600
2024-06-04,269.39599609375,271.3415019906544,264.78667738705246,270.36375572524247,1258800
2024-06-05,275.2923278808594,275.83108848446574,269.4957570283144,269.8250114599278,772500
2024-06-06,266.6623840332031,277.77665699745177,265.93405991290325,275.03301153411564,809200
2024-06-07,268.6976318359375,270.45354392256274,264.80665049158296,266.3630430293248,502400
2024-06-10,270.9424743652344,271.6707680247227,266.38302722859675,268.3784057097098,594500
2024-06-11,270.9324951171875,271.37148083076676,266.39302112770275,269.60558178777296,667600
2024-06-12,276.1503601074219,280.9492419923,274.4044042735083,274.893262163947,683100
2024-06-13,276.06060791015625,277.35759166357303,272.3791324051881,275.60164896609774,481700
2024-06-14,272.6584777832031,273.9853909630768,268.48811397419286,272.99768844236587,762000
2024-06-17,275.9408264160156,278.1756706111558,271.49114174007445,272.26933798785836,642700
2024-06-18,280.5501708984375,282.02673119505823,275.72132913987076,275.94082194707835,740000
2024-06-20,273.3369140625,282.31611695187314,271.431324017886,280.55021801123746,948200
2024-06-21,273.36688232421875,273.87571363656843,265.495098725913,272.45898136066234,1388300
2024-06-24,273.5963134765625,276.42974708048905,270.3737664797197,273.01763670459326,826900
2024-06-25,272.33917236328125,272.97767750210403,268.1289234909551,272.7282552476938,689900
2024-06-26,265.9539794921875,270.55331143487507,264.188050373454,270.30388917038084,948100
2024-06-27,266.4428405761719,267.3208118292272,264.2479124435336,266.8618833822407,652500
2024-06-28,253.5028533935547,267.01157412471775,250.98868748898,265.7744492196656,2163600
2024-07-01,247.12535095214844,255.778379242499,245.66820192477658,255.4590135009042,1352000
2024-07-02,247.29501342773438,249.21125354118067,244.69012143014345,247.12534800001976,1011500
2024-07-03,254.10166931152344,254.5907004722313,247.54452167424432,248.54256434203674,601400
2024-07-05,252.03573608398438,254.2913072312918,248.1932653798387,253.13358920771856,637900
2024-07-08,254.1615447998047,256.4869707719003,252.15546932761637,253.71242865327315,553400
2024-07-09,254.29129028320312,256.4770214398436,253.50284325883283,254.1615550891713,648300
2024-07-10,257.3652648925781,257.8243560040923,251.42691390297003,254.29129156443352,562200
2024-07-11,263.623046875,264.74084996769335,260.0400463240937,260.0400463240937,838400
2024-07-12,268.2838439941406,270.84882093062606,264.4813039103961,267.0662307351827,751300
2024-07-15,256.73651123046875,266.3776079993805,256.36724028051856,266.25784774078556,1263500
2024-07-16,258.8623046875,261.4073315961262,252.7842288990784,259.0718851056268,1317000
2024-07-17,244.46055603027344,258.76249303707334,243.73198919890578,256.2773767182276,1764600
2024-07-18,264.19189453125,265.1101072860133,254.50090771092565,262.4054198930477,2218200
2024-07-19,258.05389404296875,266.3076954384726,256.7464606643569,266.3076954384726,1122200
2024-07-22,267.18597412109375,267.2857844719912,260.3992966698684,261.427279322642,796900
2024-07-23,263.9423522949219,269.67113785207306,262.3355182384217,266.97641049755794,958300
2024-07-24,251.42691040039062,261.69676288839395,250.24922734655144,260.5989098475924,841900
2024-07-25,248.322998046875,253.94198323732863,245.6981409117668,253.00382067669273,1074700
2024-07-26,256.22747802734375,258.6427239721259,253.25330022636473,253.85213185541417,642300
2024-07-29,255.71847534179688,261.11788944482186,253.66251002924636,257.09577899848165,722800
2024-07-30,251.10755920410156,260.72867536921973,249.32105417323567,256.49698390270567,941900
2024-07-31,264.8605651855469,270.25997961480994,257.5448954534092,259.3912804604117,1427000
2024-08-01,254.38113403320312,265.5791746001305,249.36098035637207,260.4991407965656,1718100
2024-08-02,240.4484405517578,247.933760649069,239.57015812041803,247.19520358372213,1787600
2024-08-05,239.11105346679688,242.09520639224067,226.6654607385808,229.5498033101471,1641900
2024-08-06,247.5445098876953,251.75625096355594,239.54020380901753,242.54432184254554,1035300
2024-08-07,248.0135955810547,256.81633895944793,247.56447943967018,254.46095772424968,1349500
2024-08-08,262.28558349609375,262.75466473712146,248.88187866757397,252.9938245414995,1195400
2024-08-09,259.11181640625,264.48129049791544,255.91809834286786,262.33550498733115,802300
2024-08-12,259.531005859375,262.0460622429386,257.0458590776117,260.3294277550908,652000
2024-08-13,261.4871826171875,263.7128287623032,255.87818761903594,262.2157647396857,699400
2024-08-14,262.954345703125,263.85257815877605,259.73065639660564,262.5251945960034,776400
2024-08-15,267.4155578613281,270.14022533995944,264.6809306672412,266.3875751202203,584600
2024-08-16,265.3695983886719,269.4615492506934,263.1140120529031,267.39562392973545,544100
2024-08-19,267.5752868652344,267.80481722143816,262.38545200390325,265.4195107131976,514300
2024-08-20,266.3376159667969,269.00240293365994,263.7127896873248,267.5352791905683,456500
2024-08-21,268.8327331542969,272.006531688066,264.75074268094903,266.1080964198761,900500
2024-08-22,267.27581787109375,270.46956663441694,265.3595929793762,269.13219309640596,534300
2024-08-23,272.6353454589844,273.87290869541926,266.40753812379154,269.0124454824275,504100
2024-08-26,270.4795227050781,275.7691360659451,269.84076084981183,272.74506834117744,391800
2024-08-27,269.8308410644531,271.50757614299096,265.47938900725984,269.3318196565447,448600
2024-08-28,266.9764404296875,270.93867143680836,266.43748880679084,269.83082812629016,649900
2024-08-29,270.51947021484375,275.7791749033551,265.9484479056056,268.4734947982192,593400
2024-08-30,274.5915222167969,275.13047386048737,269.9306489091376,271.37782316165595,682700
2024-09-03,257.0957946777344,272.05644436797337,255.25938461385218,270.3597901248367,1250000
2024-09-04,255.1695556640625,257.1656561395251,253.15350530095827,255.40909137605928,684200
2024-09-05,250.89794921875,254.6306343318411,249.66037081065815,254.42103866789515,808000
2024-09-06,247.4347381591797,254.3611567603255,246.59638596711892,251.62651434840618,594400
2024-09-09,249.57054138183594,252.02573298935775,247.57445609175787,250.9977502832813,682800
2024-09-10,249.5406036376953,250.9179073738921,246.42671542951723,249.91986471958657,682600
2024-09-11,262.5750427246094,263.6928456431558,250.00968914849472,251.46683814924782,867600
2024-09-12,267.97442626953125,269.8407609758819,262.85446308431125,264.41140703494824,674000
2024-09-13,269.0124816894531,272.16630078993046,267.63517766593156,269.9207043492804,476600
2024-09-16,271.008544921875,272.2161681570874,266.8766331942421,270.1202722281946,401400
2024-09-17,273.3838195800781,275.2301738697289,269.8607307143871,273.54347957985294,365900
2024-09-18,271.5274963378906,278.9229964491991,271.42768597565515,273.5135915776376,632400
2024-09-19,289.16290283203125,291.1390077510398,276.9867705343735,280.92905111524504,1043500
2024-09-20,290.3205871582031,293.2248639274004,281.0487641335246,286.4082472953745,1349700
2024-09-23,295.5504150390625,297.6063807412303,290.5901411752075,292.8357374433096,858900
2024-09-24,297.6562194824219,297.90573013594667,293.8836196194408,295.47050372091724,686700
2024-09-25,297.3568115234375,301.6483824747345,296.24896841112167,298.43468411854224,997200
2024-09-26,295.7799377441406,305.9001059506603,294.2729138878247,300.81008178291336,754300
2024-09-27,296.1591796875,300.7102519419119,294.6222158662278,297.416723230219,818700
2024-09-30,297.5664367675781,298.71417982673154,294.4226082289067,296.15919284957624,677200
2024-10-01,295.55975341796875,298.2053896100555,292.12544733703,297.5065365655338,603600
2024-10-02,298.5946960449219,299.10386122199685,292.92410957486743,294.5514151300331,545100
2024-10-03,297.90582275390625,300.0722424884874,294.69115407916456,298.46489291759707,785500
2024-10-04,305.2137451171875,305.952509966991,300.5015599681089,304.49493618030965,619600
2024-10-07,307.00079345703125,307.799456522941,300.85099035498865,300.85099035498865,812600
2024-10-08,308.1588134765625,312.002412973972,307.73949564877114,309.0972286777397,788100
2024-10-09,307.1006164550781,310.82445094626485,304.8243931073911,308.58816989367244,582100
2024-10-10,306.4815979003906,307.4899350342086,301.37008177714563,304.6745977974553,594600
2024-10-11,308.9075927734375,309.54651704690934,302.94747828209546,305.84266959081754,375100
2024-10-14,310.4650573730469,313.0407717305055,308.90764302350556,309.91594984102716,387400
2024-10-15,305.0340270996094,311.82275395274905,303.56646023552554,310.54487488155667,618500
2024-10-16,311.70294189453125,313.24040007183595,305.8626238321474,306.85097456975245,491200
2024-10-17,312.6214599609375,315.7562443299857,311.13390665871697,315.6763902141614,625000
2024-10-18,313.7495422363281,314.18881601174445,310.115586100749,313.5798408263497,449200
2024-10-21,317.114013671875,317.3835555929946,313.2404339441541,314.049090174555,515300
2024-10-22,312.45172119140625,315.3768617833331,310.15554219076927,314.3385754982349,497400
2024-10-23,306.1222229003906,314.46836404275234,304.78444560821,312.64140794433035,940200
2024-10-24,309.35687255859375,310.4550571306439,306.4217385510429,308.3185861934696,562700
2024-10-25,307.6596984863281,310.6147883357985,305.8726541107476,310.42510052943305,671400
2024-10-28,312.84100341796875,314.7777928575072,309.38674234692024,310.20539158776336,767700
2024-10-29,312.9109802246094,313.5099927708848,309.25703720607703,311.48335549070083,578300
2024-10-30,311.1139221191406,315.35688379898136,310.44501828411575,310.824393850216,923000
2024-10-31,301.13055419921875,306.8111349134659,292.77441844520894,298.6446869874362,1423200
2024-11-01,302.9974365234375,309.05739256599685,301.1904361268392,305.01408065176724,913100
2024-11-04,303.8160400390625,308.1688050635743,301.0606009707138,304.25531381711926,713400
2024-11-05,314.0989685058594,315.4467389310446,306.0822678103394,307.130547237501,839100
2024-11-06,310.3052978515625,311.67302429412257,297.58637422723416,309.4866484371548,2547000
2024-11-07,320.3286437988281,320.4584333946013,310.8443757223506,311.63307601948185,1075200
2024-11-08,330.4319152832031,332.6881520547442,318.66143073613244,319.45013104407764,1305500
2024-11-11,329.1440124511719,334.4452162777941,326.5682680523265,334.4452162777941,1055400
2024-11-12,326.72802734375,330.7713387921938,322.1156829747301,328.60491892372403,606500
2024-11-13,326.33868408203125,333.25720053066914,324.5715957438054,328.4851175392096,941800
2024-11-14,323.3336486816406,327.8361896242856,322.3253115474598,326.5383242152039,779400
2024-11-15,322.7945556640625,324.75133186184945,319.4700835130035,319.8394659223388,902000
2024-11-18,327.86614990234375,331.50010614418335,321.1772330541281,322.77458951443754,911500
2024-11-19,330.23223876953125,332.2588759424575,322.5050656859574,324.28211685006494,823500
2024-11-20,331.78961181640625,332.4684783639827,327.0674341479514,331.72971361909293,750500
2024-11-21,339.44696044921875,341.71319040955194,334.145756133205,335.3637370579356,988400
2024-11-22,341.35382080078125,343.1308720422177,337.3804003993477,340.19573801342307,853400
2024-11-25,342.35211181640625,343.8795768014127,336.49180739033653,342.741450103898,1231500
2024-11-26,346.0260925292969,349.61014441365774,341.0942699332682,345.58681866079706,851400
2024-11-27,343.3704528808594,348.45202040803633,340.18573294359845,347.3638290562795,534400
2024-11-29,343.949462890625,347.92288296696205,343.42034179087767,346.6949088824733,370800
2024-12-02,341.7630920410156,346.62505296918914,341.20402183195574,344.4286839571387,650800
2024-12-03,339.1773986816406,342.9112261559621,337.9694109087638,341.5834115044572,785600
2024-12-04,333.10748291015625,338.68822255276984,329.463533182437,338.68822255276984,1179300
2024-12-05,334.415283203125,338.5284555137462,329.58330201036335,332.92776042680896,1172700
2024-12-06,331.9194030761719,336.5616961936323,329.9626575309638,336.2522120169375,1081100
2024-12-09,321.44683837890625,335.0342867060285,320.4584570204798,333.3770318744386,1032400
2024-12-10,319.3702697753906,324.24219383186113,316.5050270985595,322.1057533122381,923700
2024-12-11,333.69647216796875,333.7364144575634,322.5948920897922,326.16895009898815,1268100
2024-12-12,335.5434265136719,336.2622354166814,331.540057300115,331.540057300115,977000
2024-12-13,337.0408935546875,340.43525658855606,334.235549742743,336.27214928284207,1121200
2024-12-16,341.9328308105469,342.87127663758,336.0226207381916,337.04095114929345,1133500
2024-12-17,335.87286376953125,341.10420703406106,332.41860206892494,339.4369591527247,1136200
2024-12-18,320.0890197753906,338.5883312220658,319.1006690532453,338.5883312220658,1318700
2024-12-19,322.0557861328125,328.13569741465824,318.68137855035684,324.36195832706295,1022400
2024-12-20,327.86614990234375,330.37200303987316,318.79120678643017,319.0507555034642,2080900
2024-12-23,326.837890625,327.8861397248763,323.00425300399394,326.7979483309252,595300
2024-12-24,330.26214599609375,330.26214599609375,326.7379932171026,329.2638020874046,1196900
2024-12-26,330.0724792480469,330.821237227274,326.16895066029787,329.62324274073467,294500
2024-12-27,322.6048889160156,328.84453880251675,319.8594429659551,327.6065715474474,582000
2024-12-30,318.4517822265625,321.86610166794696,313.30032349592517,318.5915345446396,1084600
2024-12-31,315.5265808105469,319.51995645360796,315.1971407254912,318.39185342675535,691900
2025-01-02,315.0772399902344,320.13045731232324,311.65184339602877,318.11317501996723,1054500
2025-01-03,326.0824279785156,326.7715057654055,316.67506854505916,317.77360055870116,693200
2025-01-06,327.620361328125,332.38395803549633,327.34073777777644,330.17692821036366,863500
2025-01-07,319.3814392089844,330.77615300406086,315.9560428623096,328.1297102067273,911900
2025-01-08,311.7816162109375,319.1317380510266,307.14781989521884,317.1444147093927,1165800
2025-01-10,313.0599670410156,314.21841636952246,306.98809680033764,308.89554117494646,825600
2025-01-13,313.8089294433594,315.0372616861109,306.88819277502,308.28634109698487,798100
2025-01-14,319.46136474609375,323.5258878183856,315.50664916924273,317.7037133786044,1087800
2025-01-15,328.9785461425781,331.3453651463919,325.8327431864404,327.2908085325704,1438100
2025-01-16,335.739501953125,337.4272397616763,329.10838504054993,331.2954528403487,1469600
2025-01-17,337.0078125,342.2108533123671,336.0790659663601,339.37463194616646,1358000
2025-01-21,357.520263671875,358.23930005810365,341.6914972994456,344.53768426479576,1892500
2025-01-22,356.8511657714844,365.3897270905444,354.7639700206078,362.61345349886597,1417400
2025-01-23,354.2746276855469,359.1880481938442,352.15747340552775,355.0236226700829,1061500
2025-01-24,357.55023193359375,361.5149132789524,352.21739128994057,357.59018686632265,1150100
2025-01-27,292.0381164550781,324.56447773854126,291.51882426230213,314.5179612657536,4484000
2025-01-28,293.5860595703125,311.0026913286779,290.0407985040954,311.0026913286779,3450900
2025-01-29,297.4009094238281,304.9108514626219,293.196559730311,294.60467386258483,1944300
2025-01-30,308.8755798339844,311.3921922245205,298.59935923842716,302.5440786832549,1482200
2025-01-31,307.1977844238281,316.54525776376425,302.56401792521245,314.9473956868786,1162700
2025-02-03,301.4155578613281,306.4188235603498,296.5720509371776,297.9102516326788,1082100
2025-02-04,299.5780334472656,307.2277725940455,298.9488727800779,304.09196561050163,1096100
2025-02-05,298.34967041015625,307.4174896609147,297.41092758646323,302.92351973005043,1583300
2025-02-06,310.6631164550781,311.18243912181646,297.60065802917535,299.338316548351,1490900
2025-02-07,311.8215637207031,319.98062867821545,310.70306948638415,314.28825494258524,897000
2025-02-10,310.25372314453125,314.2583291176412,308.82561614756816,313.3994961255923,661600
2025-02-11,302.38427734375,307.9567868705696,299.6878830869979,307.28770172111626,1060900
2025-02-12,297.93017578125,299.2084591536234,293.186541555201,293.9455327839063,1305000
2025-02-13,290.47021484375,301.4055533519797,286.1859856543298,299.98747330742145,1873300
2025-02-14,285.0675048828125,294.01548981412134,282.3411521524059,291.80845978094504,2091800
2025-02-18,287.20458984375,287.57408912129506,281.1627097896268,285.4269764850096,2165200
2025-02-19,291.67864990234375,293.3563914822032,284.7279539686066,285.8264861256645,1728600
2025-02-20,280.78326416015625,308.9954106575543,275.46038901069403,307.16784569361045,3996700
2025-02-21,268.9990234375,290.60004254518526,267.5010335462784,290.5101668089138,3467700
2025-02-24,259.012451171875,270.7367406672273,258.2934452067275,269.32862636544235,2896300
2025-02-25,264.03570556640625,269.04896729235656,253.1003674717028,259.12228544910187,3227000
2025-02-26,268.44976806640625,275.6301352600471,267.64085597714717,270.0376336666808,1660300
2025-02-27,258.9126281738281,270.65685026629063,257.2648146217801,268.25007575976576,2067300
2025-02-28,259.28204345703125,262.15818849858334,254.66822491315156,258.81267214154633,3038900
2025-03-03,250.57379150390625,264.1455776392061,248.33678755340787,261.30938681438437,1986900
2025-03-04,249.2954864501953,255.96652755510732,241.11645907879765,244.34212642798875,2389500
2025-03-05,252.82077026367188,254.6682821280214,246.48926949566857,249.95460569018903,1341500
2025-03-06,240.55722045898438,246.1297449667267,238.2003823005666,243.18368583994797,2241400
2025-03-07,245.69032287597656,247.6676652918127,237.49131805801852,241.2462891875619,2057600
2025-03-10,236.39280700683594,240.9267165428127,231.00003405313166,236.63247564588386,2602200
2025-03-11,245.70030212402344,249.61504723321428,235.99332635512548,236.153115601625,2447500
2025-03-12,248.76620483398438,259.06238669530956,244.67169285816408,252.65099151105585,1750600
2025-03-13,249.95462036132812,252.45127051780858,241.9154190481356,248.26689765575566,1817400
2025-03-14,260.46051025390625,261.5790045694434,251.58242352847486,255.32739850104167,2080100
2025-03-17,267.0416564941406,270.20742185006117,257.7740936562507,257.9638414791722,1736100
2025-03-18,263.007080078125,266.50239003967675,261.1495871273659,263.3166927132691,1220500
2025-03-19,270.03765869140625,272.77400782352396,262.058375020698,264.84464496228736,1301100
2025-03-20,270.7366943359375,273.74263979255556,264.594942287859,266.14285288129946,1174900
2025-03-21,267.8605651855469,269.77800564329107,264.6448790213895,268.2400608317335,1606100
2025-03-24,278.02691650390625,279.3751134954675,273.46303334080085,274.37181752805054,1346600
2025-03-25,275.8798522949219,278.526295461418,273.52302909055174,277.63750382135896,1262500
2025-03-26,260.290771484375,275.4803823944769,258.7328337593032,274.9410974310554,1521000
2025-03-27,254.5384521484375,258.2534683700647,250.34406818068058,257.11498140176275,1581100
2025-03-28,253.94921875,255.90659885489174,250.51384150118835,255.17758139610882,1150100
2025-03-31,253.83938598632812,254.53846016185696,244.3720936581668,248.46660566479872,1626800
2025-04-01,257.55438232421875,257.784085073011,249.6250355119734,252.51116201578802,979800
2025-04-02,264.2354431152344,264.41519459904265,250.55380429895337,251.76218959180775,867300
2025-04-03,251.79742431640625,256.5228677894579,248.4506575783669,248.4506575783669,1703900
2025-04-04,239.23951721191406,245.7132761023353,232.12637491557595,242.88599807870358,2086900
2025-04-07,244.96400451660156,252.40683122456065,226.86144896614425,231.98651648214724,2396200
2025-04-08,244.8141632080078,259.74977205218784,240.57823836051017,253.15611789476006,1702200
2025-04-09,269.3404846191406,271.3984991895589,241.3874076603333,242.98587357115755,1952900
2025-04-10,262.4471740722656,269.87001568066137,254.75457281549564,262.0775045722048,1535200
2025-04-11,269.31060791015625,270.6593149418808,258.81071162266653,262.4172536780453,1098300
2025-04-14,274.0359802246094,277.43273219165087,269.4104621055585,275.0250481038575,1103000
2025-04-15,272.7672119140625,276.66345213082275,270.739166975069,274.82522675902317,805800
2025-04-16,269.1907043457031,273.4665842262074,265.0347041039087,268.30154621158954,1049600
2025-04-17,266.96282958984375,271.2387093127035,264.3553255912015,270.78913019590755,971300
2025-04-21,253.52577209472656,263.1065236276881,250.79838851320278,262.427185387377,1046300
2025-04-22,261.5979919433594,263.5161269907341,254.73459352023679,256.75265366564645,979300
2025-04-23,274.04595947265625,284.2760931671838,273.49650107243815,277.01310190788115,1555800
2025-04-24,281.8484802246094,283.9464652628284,271.73822468432064,273.9660894874506,1606100
2025-04-25,287.0634460449219,289.72088958730745,282.4878674793539,284.22618306065164,1205500
2025-04-28,290.34027099609375,292.62807538907055,284.90550460150894,285.29514385765896,1058500
2025-04-29,292.0986022949219,293.4373089466816,286.7837152381757,289.4311586348724,1047900
2025-04-30,292.4082946777344,293.9667907725955,280.8993934030201,284.23617506705386,1639700
2025-05-01,321.6201477050781,330.2818165854959,311.99941132364376,319.90180191797845,3300800
2025-05-02,320.8309326171875,329.4326312662523,319.37231584642575,324.91699252760645,2062600
2025-05-05,322.3094482421875,323.56824515026767,314.6967879638413,317.97362948882557,1035600
2025-05-06,317.3442687988281,322.0097875300768,316.0755020975211,318.8028550719804,988100
2025-05-07,323.278564453125,324.68721108905004,315.14641446617776,319.38232401769784,1204000
2025-05-08,325.9360046386719,330.4316736681708,324.0278392364553,328.0139893530515,1169200
2025-05-09,325.5763854980469,327.24476125456926,321.0307460218087,325.7262350438111,999700
2025-05-12,332.4697265625,337.0952754607444,331.97020776982924,335.5767188185725,1585000
2025-05-13,343.2492980957031,346.14653129755027,334.11811100642404,334.8573890158359,1654800
2025-05-14,342.8197021484375,348.08464913417043,341.6208754759067,345.5770553252054,1651300
2025-05-15,340.0423889160156,341.93058442490496,336.30599842312984,339.75265950438717,1393200
2025-05-16,344.4581604003906,345.02758862458677,337.8145668869829,342.579964955545,1070400
2025-05-19,344.37823486328125,344.97766350752704,336.7456036237202,337.67470125378725,730300
2025-05-20,344.6280212402344,346.1665477670087,343.00958511580086,343.1994047094774,690600
2025-05-21,340.901611328125,348.5642126490745,340.40209252797206,341.2912201383761,1005000
2025-05-22,330.5115661621094,336.87546071366717,320.2514619057049,336.17612226108116,1877300
2025-05-23,335.0372314453125,336.4658783696122,326.5754123292869,328.8831867224226,932400
2025-05-27,342.0205078125,343.10945507218366,337.025320114021,339.50291370001463,1198000
2025-05-28,339.9924621582031,343.1893639860226,338.24414646717173,342.5899658539482,666500
2025-05-29,339.4129943847656,343.6689039397804,336.24606254685506,343.1893549585292,572700
2025-05-30,342.23028564453125,342.4101050784568,336.4958201158439,338.75362414761065,1655400
2025-06-02,345.19744873046875,345.71693728868814,337.1552085248096,342.1603659951542,766100
2025-06-03,356.1468811035156,357.59549772457893,346.66602465238947,347.2354833645211,1133800
2025-06-04,358.7643737792969,361.21202806645545,355.93711081859493,358.0550656281454,1105800
2025-06-05,359.2339172363281,361.68157148649533,356.1269250173247,360.56265428237566,877100
2025-06-06,361.0022277832031,363.389911693632,358.2948445369541,363.2300620257219,700600
2025-06-09,355.31768798828125,363.25004833538975,354.9879885333172,361.751492055531,902600
2025-06-10,348.4243469238281,356.76628610520197,341.60090335985234,356.13691805657436,1489900
2025-06-11,355.43756103515625,355.84717006932243,345.03757698680477,350.15264411595484,857200
2025-06-12,358.3048095703125,360.45273419534266,353.90905046806813,355.2477571203576,860100
2025-06-13,357.9151916503906,357.99510123717545,348.7240342716486,352.3305755725035,796200
2025-06-16,361.4517822265625,366.6467898087818,360.5826244149382,361.1920531891966,840600
2025-06-17,358.27484130859375,361.291954222094,353.34959350418484,356.45658565039525,876400
2025-06-18,360.0831298828125,365.55786713511503,357.9252049181431,360.0231900633669,855000
2025-06-20,360.43280029296875,365.5078981140441,358.57460490787014,363.3200337209539,1563400
2025-06-23,365.40802001953125,366.3870574024677,358.03511729653803,360.65259105712164,923200
2025-06-24,371.9017333984375,372.9407105136773,366.2671469021144,368.7148011296419,938600
2025-06-25,373.7099914550781,375.1685777718603,371.11248767315686,373.640051507947,1102400
2025-06-26,379.10479736328125,380.7532032972553,376.51729365102705,377.7261206041803,1210200
2025-06-27,380.89306640625,382.4215926395742,373.44022432514686,379.6342693359101,3687800
2025-06-30,377.7160949707031,381.18275641054913,368.34514857313593,374.77895268909333,1354400
2025-07-01,372.03009033203125,377.5162476715723,364.1855647934268,374.32847236416006,1428800
2025-07-02,373.1493225097656,373.69892635091134,365.3147993495073,365.8544004129427,1164200
2025-07-03,386.24017333984375,387.0995583049541,374.698218509103,375.75747604558785,869600
2025-07-07,385.5306396484375,387.72911590620834,380.1344157840488,385.76049005147286,839700
2025-07-08,377.29638671875,382.73259097279106,369.37193073129043,382.1030259568006,1154600
2025-07-09,381.8531799316406,383.01237362149965,377.69608099098826,381.73326860101196,631900
2025-07-10,379.82464599609375,382.62270954376106,371.22067149085166,380.17440775158633,972100
2025-07-11,383.5120544433594,385.19087419579046,377.7460938727527,379.0351712739382,906700
2025-07-14,386.7298278808594,388.9382764985352,381.2536425952576,382.70264252096905,712800
2025-07-15,386.2701416015625,389.82765371068587,383.6219978259891,388.9882438250101,606100
2025-07-16,388.84832763671875,389.1581087678435,381.0337799180553,386.40005642311144,837500
2025-07-17,397.6222229003906,398.3317187157685,386.5799490208754,387.4992896978744,1000100
2025-07-18,403.0284118652344,405.1469268299372,398.0319027989462,398.6514650437625,1060100
2025-07-21,398.3816833496094,404.75723409873297,396.72283860169694,403.4481511012352,1003400
2025-07-22,394.6542663574219,398.2917396748478,380.334284480958,398.20180616925495,1120800
2025-07-23,404.8271789550781,405.7165722862323,397.67220417217004,397.7221570687696,1575200
2025-07-24,406.9356994628906,410.5032143767301,406.44605131653816,407.8550705807337,1076500
2025-07-25,421.3855895996094,424.6433233338361,412.31194237477524,412.31194237477524,1370800
2025-07-28,411.70233154296875,418.6974440192726,408.84434308371715,418.6974440192726,2101400
2025-07-29,410.70306396484375,416.11929349450133,408.0449173429199,416.11929349450133,1094800
2025-07-30,410.8229675292969,414.21061542757866,409.174125581614,412.5018178087999,1837000
2025-07-31,405.8464660644531,423.2043343556706,398.7913974284736,405.8064854514137,2435900
2025-08-01,394.8941345214844,399.0412311946517,384.3015285697786,392.32592138909587,2094000
2025-08-04,393.3451843261719,401.7792942728475,390.9468660158602,400.06049389280764,1444000
2025-08-05,388.84832763671875,399.81067005646133,384.73120892965426,397.72213286753873,1149400
2025-08-06,387.2294616699219,391.6263836515647,384.3214896659577,387.9289851540279,930300
2025-08-07,387.07958984375,392.116079864757,383.49209974922314,389.5478667105582,874500
2025-08-08,385.8804016113281,390.7270216621463,384.1216511003907,389.72771981646304,655300
2025-08-11,383.851806640625,387.66914687654383,380.1743832964121,385.8004573699677,926900
2025-08-12,391.2966613769531,391.51650901990274,382.24298839268465,384.1416559474633,858700
2025-08-13,379.6947021484375,398.57152772696975,368.8023186632812,393.45510740709034,1728000
2025-08-14,377.2464599609375,382.2329665500643,374.93807507323896,379.6947312528408,919700
2025-08-15,380.54412841796875,384.1516238915764,371.38054769129377,377.5762007554108,1436400
2025-08-18,383.0523986816406,383.33220198433355,377.09653760160506,379.484883700101,695800
2025-08-19,379.0052185058594,383.81185817816356,377.1365288427577,382.7726061653171,750800
2025-08-20,375.60760498046875,378.7054470085437,367.6431675178126,375.7275163305676,1142300
2025-08-21,377.9459533691406,380.15443246883024,375.4277236243691,376.24715848046367,699800
2025-08-22,379.5747985839844,386.02030750340384,377.4462808339546,381.1736875907514,1037700
2025-08-25,378.0458679199219,381.59337717148514,377.1565051609227,379.57479847996115,612400
2025-08-26,383.6519775390625,384.1516284612868,378.49557636215513,378.81532977521186,1021500
2025-08-27,381.2936096191406,385.3307976127507,379.6947205675481,382.5227618674086,637200
2025-08-28,385.6905517578125,387.5392663671435,382.1030616059201,383.29223330345485,641900
2025-08-29,377.69610595703125,385.4906784220834,373.20925056056507,385.4906784220834,774400
2025-09-02,374.41839599609375,374.97800257170246,366.09422531171043,369.7416708301045,686000
2025-09-03,374.1485900878906,378.13579450565265,371.130709634659,376.2271244107001,761100
2025-09-04,375.8274230957031,378.5355225269317,370.6710219726255,375.037966107874,942100
2025-09-05,372.2398986816406,378.82529349809374,362.75653491430234,378.2057312978119,1128900
2025-09-08,375.267822265625,379.7347027520593,373.1493072244118,376.74679998131734,780000
2025-09-09,373.2092590332031,375.7274886888389,370.01148094987707,374.35845004880497,502500
2025-09-10,389.89764404296875,392.9055220885456,380.6940513906909,380.933904589264,1305800
2025-09-11,389.36798095703125,400.59012102714024,388.68843253323496,390.85693092980995,1189400
2025-09-12,382.262939453125,391.65637084197857,382.0031112106042,387.87901102937747,833400
2025-09-15,385.4107360839844,387.58920683120004,381.283614500954,382.6326781183432,774900
2025-09-16,377.97589111328125,386.92965691528116,375.23781402672614,385.76046042791774,821900
2025-09-17,375.74749755859375,382.2929124633231,373.1393038777151,378.23574940086496,887900
2025-09-18,390.37725830078125,393.1453439194784,375.8074508693969,377.7660739398713,1173100
2025-09-19,388.3086853027344,392.94546035595783,386.66984618652344,391.786266592652,1493200
2025-09-22,395.7434997558594,397.322413725243,381.9731217576868,384.231553652396,812600
2025-09-23,389.258056640625,397.2424688321301,387.149544330756,396.632909328953,846500
2025-09-24,402.5887145996094,406.79576667327456,396.0932528461564,399.95057368396016,1664700
2025-09-25,400.1304626464844,402.58873669064997,389.4279482320928,396.7927980834244,1009200
2025-09-26,405.15692138671875,408.4546051050543,398.90128240383876,400.1304345878652,803200
2025-09-29,408.8243713378906,413.65101642358746,405.5966458316661,405.5966458316661,931700
2025-09-30,414.13067626953125,415.0699919296742,408.71444695267905,408.82435551536065,896800
2025-10-01,420.457763671875,423.5263680525396,407.12386349594686,410.57229910335593,832200
2025-10-02,420.6676330566406,431.04289380166387,417.7889749716366,423.91614765774256,996600
2025-10-03,420.9775390625,427.29462764470543,415.3501070874956,422.16696717009387,634500
2025-10-06,427.6044921875,429.50364833032864,421.58725418231506,425.3155606319976,693500
2025-10-07,421.3173828125,434.1915016284592,415.02024356366854,428.80395017680223,934600
2025-10-08,443.2473449707031,443.7670963369888,421.2373891137782,422.99659451294633,1247200
2025-10-09,429.7235412597656,443.24735686984553,427.10471296892564,442.79755031705497,1287100
2025-10-10,417.41912841796875,436.87025673326133,416.31965554502835,432.5522237472527,2246300
2025-10-13,430.7830505371094,434.7512374434501,424.80577245165875,425.9752511762411,781600
2025-10-14,431.40277099609375,438.72940786801524,420.36780757916193,423.6163223750608,897500
2025-10-15,436.7303161621094,442.117867579934,431.80257648741855,436.80029149305994,781300
2025-10-16,437.3200378417969,446.39590526967464,434.021558177469,440.2087317235718,939200
2025-10-17,433.6517333984375,440.47859861563967,429.8034867765722,435.7407745923344,713800
2025-10-20,440.53857421875,443.85706431589176,436.96022368280364,436.96022368280364,701300
2025-10-21,437.2301025390625,440.89843889961327,423.10655457199687,437.3200577517889,926700
2025-10-22,412.0216064453125,443.5472008204158,404.325143741706,441.6080849838625,1732100
2025-10-23,427.1646728515625,430.3232323255485,412.8112503152731,412.8112503152731,868200
2025-10-24,440.7284851074219,446.96565413363817,438.0497172038636,438.59945364921566,893100
2025-10-27,441.6180725097656,446.47583659424214,437.6898760458549,444.1869052064357,825100
2025-10-28,439.369140625,443.10742182672726,433.68173829731836,442.567660045079,812900
2025-10-29,448.4849548339844,459.15006165050124,441.6180992475511,441.64808431765476,1886800
2025-10-30,453.6225891113281,460.64937522522087,438.77939987120874,440.20873904929505,1765900
2025-10-31,448.92474365234375,469.2154539523203,447.79525520394924,455.2718476783938,1935100
2025-11-03,450.6139831542969,456.2513898195823,448.5948867694033,451.33365533535795,804300
2025-11-04,438.45953369140625,444.9565631565987,433.4618187181813,441.70804842400247,840100
2025-11-05,453.2427978515625,458.9201949247642,441.79801798952127,442.24782455318075,984300
2025-11-06,442.69757080078125,457.3108839926773,441.0583362085745,453.1627868101763,963100
2025-11-07,444.806640625,446.4558804758822,429.9134255075688,435.8507133736502,818200
2025-11-10,450.1741638183594,456.6511826856554,439.459062052424,454.862022747433,700500
2025-11-11,448.7048645019531,452.3531904545815,440.41864425619303,446.58583816250353,728100
2025-11-12,449.214599609375,456.21140015967194,448.1250709662061,450.9537945564302,706200
2025-11-13,426.7348937988281,449.20463184820505,424.54589214683506,447.79527253091965,1276600
2025-11-14,429.1037902832031,437.14012440534407,415.14017359436315,417.8089667798416,1254300
2025-11-17,426.6749267578125,434.50136573580704,421.70719669693625,428.56407771927064,1099300
2025-11-18,439.0892639160156,443.01746068270273,419.80807042614083,421.8071564757891,1663400
2025-11-19,445.26641845703125,449.6144365787252,439.06923969695816,441.8479679982589,1275700
2025-11-20,429.5835876464844,463.19822348612524,426.74488919797784,456.69118882031023,1146800
2025-11-21,429.9533996582031,431.1028679655272,412.8112439345293,427.51451238691936,1401100
2025-11-24,442.4377136230469,447.8652246138249,430.7830389655888,433.3018762615113,1782100
2025-11-25,449.9342956542969,450.1641710194143,424.8057702722162,443.13738502776266,1055000
2025-11-26,460.2195739746094,461.85883912853586,451.83342410648646,452.48312095266215,1009000
2025-11-28,464.66754150390625,466.03691049437583,458.3904128625937,463.25818225355727,409500
2025-12-01,452.0233154296875,459.5798576273684,449.0546716731964,457.09097496048895,842700
2025-12-02,454.5121765136719,458.790219167243,447.7352764572291,457.81065608401036,831500
2025-12-03,455.81158447265625,458.14053672728693,440.6984993061693,454.31226998385984,734700
2025-12-04,464.6275634765625,466.87653522180443,449.7943490483806,454.4522230789618,942900
2025-12-05,460.42950439453125,465.2073187375553,456.3513518527211,464.6275667127102,728800
2025-12-08,462.8783874511719,473.77340059749554,460.12964406315456,470.8947117323725,836000
2025-12-09,457.750732421875,465.2373307034585,457.2309810106145,460.28958034197734,744900
2025-12-10,461.9987487792969,469.3054054679986,451.9433489162136,459.9597030780062,1057700
2025-12-11,466.6966247558594,467.64617230157546,450.05423994347865,459.78977898073475,716600
2025-12-12,437.9097595214844,465.27725114418297,431.3627652159656,464.6375595000464,1497000
2025-12-15,435.6708068847656,443.6471710858117,433.10197402821376,436.3405141230585,1564400
2025-12-16,438.28961181640625,440.2587127982515,430.61312869572697,435.16103726368254,988000
2025-12-17,414.0606994628906,441.2082917712737,412.40145437551837,436.28055196275005,1556700
2025-12-18,421.1174621582031,427.26464555518805,418.8385053206603,426.8048643126363,1099300
2025-12-19,426.46502685546875,431.7925777090066,421.2574162832665,422.01704823293613,1602500
2025-12-22,432.83209228515625,435.20100425007695,428.3141690294729,432.9120423013816,772900
2025-12-23,435.0011291503906,437.21011065638004,430.8030363166182,431.74260918414217,562600
2025-12-24,433.3818359375,434.6012796047556,430.4332024208464,434.5313347782549,306400
2025-12-26,432.4722900390625,433.38184734018387,429.48363567954914,432.80212581265647,279200
2025-12-29,430.8330383300781,435.7508035429374,429.89346542560355,430.34327199820865,503100
2025-12-30,428.6140441894531,432.25239545984874,427.5845160888535,430.54315491619076,465100
2025-12-31,421.86712646484375,428.9738932306692,421.34737507343027,428.4541113356234,521200
2026-01-02,439.5936279296875,441.88318665653753,424.86654081757035,424.86654081757035,887000
2026-01-05,435.7344055175781,452.15116328850604,434.91455925551173,444.61266622975097,1184700
2026-01-06,438.1339416503906,439.91359086570213,418.167862226318,433.79479762006,807400
2026-01-07,436.80419921875,441.9131808495271,433.3548646749064,439.9135736963618,716400
2026-01-08,413.0888671875,437.86399919605213,408.27978379676296,437.69401915881076,1376800
2026-01-09,422.4870300292969,423.6267903089652,417.0181029167809,422.36705847476185,1028600
2026-01-12,432.5750427246094,435.2445013333529,418.8277427959835,420.99729958914065,746600
2026-01-13,444.1127624511719,445.5424742478257,433.43483702771476,434.70460710175854,841800
2026-01-14,436.9841613769531,446.80223993045604,426.50620879421115,443.00296799043565,925600
2026-01-15,447.5520935058594,454.0207934396205,444.23273826552,445.7224358503562,785400
2026-01-16,466.6583251953125,480.8355327654504,455.6204850288097,460.0596154051776,2216800
2026-01-20,463.3989562988281,469.64772873812746,458.78987639316136,460.96944089720876,909800
2026-01-21,473.14703369140625,477.86610778210064,459.9296292199992,468.2580100795845,1235300
2026-01-22,468.68792724609375,483.1950871485646,459.3397575464342,478.9558991651009,978800
2026-01-23,468.6679382324219,470.89748069938736,461.9192640341886,470.10765783563835,761500
2026-01-26,470.6775207519531,478.78594365831486,467.20820110609236,470.4575627437124,548200
2026-01-27,479.1758728027344,483.655004030954,466.9082932970657,474.066890919927,821000
2026-01-28,481.18548583984375,486.90436377653253,472.0672816916317,480.9055420462262,976100
2026-01-29,483.3350524902344,488.96395170373324,473.47700352833107,481.1854808282463,1035500
2026-01-30,474.5367736816406,483.34504069929454,471.60735654203233,474.9066961209762,1838300
2026-02-02,477.6761474609375,477.956091244063,465.6285264754094,472.5471807034872,1233100
2026-02-03,488.5040588378906,490.3736867407597,474.1168699826184,480.30565688206593,1243300
2026-02-04,464.478759765625,492.70319550105967,451.0813978012692,489.91376546148854,1482600
2026-02-05,477.6261901855469,479.5758194639521,456.16040508105027,457.02022155520376,1112000
2026-02-06,508.01019287109375,508.3501529455027,482.4152451042059,489.22390518357673,1517400
2026-02-09,514.4589233398438,520.3177576236121,503.1011694125075,508.3701232504469,1084800
2026-02-10,510.53973388671875,517.3883642573386,507.5703159222748,514.9888721892361,806400
2026-02-11,523.8571166992188,534.3950246844305,512.0094074145774,520.8876682724791,1056100
2026-02-12,515.7786865234375,543.1733295978586,512.2893817199407,529.8959084865463,1517600
2026-02-13,523.9771118164062,528.8961286676208,508.01021585974087,516.9684784951183,864800
2026-02-17,525.02685546875,534.6749843629322,518.5181244411262,519.8978582545012,930500
2026-02-18,519.2080078125,535.5448255728271,518.6180968351955,527.6363448821565,1439500
2026-02-19,553.8911743164062,554.531063242765,526.9464560687636,544.7629628975334,1701300
2026-02-20,552.5514526367188,565.8188664622397,548.1123220357624,554.2511310287517,1061300
2026-02-23,549.0021362304688,562.2695494351512,543.3332669454328,551.8915832593982,1074600
2026-02-24,568.0984497070312,570.8078785235375,537.9843688749952,550.7718354949884,1291400
2026-02-25,562.6594848632812,573.8272738570786,562.469519740595,573.8272738570786,941700
2026-02-26,564.9390258789062,565.728909797174,543.1233034672259,565.4289198912559,1083300
2026-02-27,562.9694213867188,569.6380942318267,550.8917769578526,558.6702781631876,1537400
2026-03-02,572.5474853515625,573.857225586891,556.6306296090548,556.6306296090548,807800
2026-03-03,565.8888549804688,569.1682401803115,546.8925859970254,558.0903988655841,1009000
2026-03-04,568.2683715820312,572.88745930399,560.5098859296698,571.0278392648988,1056400
2026-03-05,549.1121215820312,567.9784722628343,534.2550542532013,560.9598312374233,1168600
2026-03-06,540.0839233398438,553.1013860818753,531.8955291993998,534.1850575353191,1105400
2026-03-09,567.9284057617188,568.7982299977534,531.1056837078038,531.1056837078038,1611900
2026-03-10,563.939208984375,576.7466906732793,561.3097206316819,568.8682334149177,1151400
2026-03-11,567.5985107421875,575.5969393592469,558.8001904448881,561.0997874908268,939300
2026-03-12,566.7986450195312,576.3567652137222,559.7700572824504,562.3595144928385,952200
2026-03-13,558.9102172851562,574.267185641204,555.8907909436243,572.2475628805059,2016300
2026-03-16,573.9072875976562,576.4267511984777,565.0790046370524,567.2485613837283,1421000
2026-03-17,571.5277709960938,578.286453408548,558.3603130381091,571.3977916402257,796200
2026-03-18,571.8876342773438,583.6153104668418,570.5079004876185,576.5867231971929,692700
2026-03-19,577.8364868164062,580.7659039604702,558.4702965027756,561.6896347144667,853500
2026-03-20,555.2809448242188,582.365590603241,550.9417702814559,577.4765972995926,1689500
2026-03-23,567.3385620117188,581.8856921098308,558.2903516844041,559.5700685535601,1217400
2026-03-24,578.326416015625,581.8257287317432,558.9102465458225,563.6593138034115,1450600
2026-03-25,573.3873901367188,582.3656073371639,572.687515380915,579.8861138261498,979200
2026-03-26,545.5328369140625,567.1885554827087,544.7529608350061,563.1093398131717,1265500
2026-03-27,549.8719482421875,564.0091853763148,548.3622350868445,548.5922314038407,1203800
2026-03-30,533.6751708984375,557.7904277640616,527.1264087944163,557.7904277640616,1558700
2026-03-31,548.9121704101562,555.2608986111869,521.9274820711977,536.7045469659533,1386500
2026-04-01,560.010009765625,569.1582374778009,553.9512021502002,555.7808598972696,1163400
2026-04-02,560.6300048828125,574.989990234375,547.0,548.030029296875,947100
2026-04-06,554.3800048828125,563.3200073242188,550.0,558.5599975585938,618400
2026-04-07,555.5700073242188,558.4000244140625,548.1900024414062,550.0900268554688,522700
2026-04-08,576.239990234375,582.239990234375,567.1300048828125,573.27001953125,1013300
2026-04-09,582.0599975585938,592.5800170898438,576.0,576.0,934800
