Price,Close,High,Low,Open,Volume
Ticker,ROP,ROP,ROP,ROP,ROP
Date,,,,,
2021-04-12,412.8701171875,413.0156076103989,407.9135559724678,407.9135559724678,436900
2021-04-13,408.961181640625,412.7634997043302,407.9427189170974,412.7634997043302,285200
2021-04-14,406.41986083984375,412.73441278020493,405.56627739828997,408.8932872932129,358800
2021-04-15,412.1911315917969,412.23961852992534,407.5546495368537,408.51491588171746,359400
2021-04-16,410.5809326171875,415.69269278264414,407.5740026840295,415.69269278264414,477200
2021-04-19,412.68585205078125,413.8304458710503,408.63136073875165,411.5606766893039,533700
2021-04-20,413.7430725097656,415.1107416320405,409.08720155839626,411.41513703408094,368700
2021-04-21,416.7500305175781,419.6114705147208,412.62763402075325,414.18931020399503,387000
2021-04-22,418.18560791015625,421.6775261803499,415.4211713795318,416.59483363100395,447400
2021-04-23,421.1828308105469,422.81238280938925,417.0604342698242,419.6017657540134,346600
2021-04-26,419.3883972167969,424.75236176302207,418.46693804380993,420.46508565841253,402300
2021-04-27,432.4733581542969,434.49092421857097,417.15746292480367,419.1749993877681,792200
2021-04-28,429.0589599609375,434.3938252214204,425.858052645169,433.7148601308681,332200
2021-04-29,432.4637145996094,434.9177521796227,428.0600161970685,429.6313722504975,297600
2021-04-30,433.0359191894531,434.1416760062,430.06779615330777,432.5218332936843,514500
2021-05-03,431.70709228515625,436.0428848520436,428.5837693443413,433.6567233149904,344600
2021-05-04,434.9178466796875,436.4892030745449,428.93308169295193,431.63932304038326,452300
2021-05-05,436.634521484375,436.9546300172182,428.8650368603788,435.9652359353103,449100
2021-05-06,432.80316162109375,438.66179343382305,428.6322484231583,435.18929351305053,459700
2021-05-07,431.1154479980469,435.9944252262714,430.79536899955275,432.80322606677316,327100
2021-05-10,431.05718994140625,436.97404756003925,430.64981672907106,432.541251560388,402200
2021-05-11,427.1772155761719,431.2802227061424,421.8520594127685,429.17536279090734,296800
2021-05-12,416.4881896972656,426.52744456798405,414.3930385380566,426.52744456798405,501400
2021-05-13,424.30621337890625,425.877569427804,415.8189251877383,417.3320850571444,464600
2021-05-14,425.1888122558594,429.33059743160766,424.26732359083854,426.5273833266027,353000
2021-05-17,420.0382385253906,426.5467664574444,419.747228087092,424.9463126513729,444800
2021-05-18,419.815185546875,421.8230423750497,416.4008816970718,419.01979835871265,560600
2021-05-19,418.3311462402344,419.22353696753424,412.3755104430045,417.81706026945733,458900
2021-05-20,424.3643493652344,425.75140744856003,417.36112394708607,417.36112394708607,683400
2021-05-21,426.61474609375,430.3685475507309,425.8096496357889,426.76994576758966,712800
2021-05-24,431.0960693359375,433.5210089620278,427.7787389028679,429.3889023667495,393800
2021-05-25,432.4830627441406,435.07291090041997,430.39762089917326,432.05627106594244,333000
2021-05-26,431.08624267578125,434.4908664558024,428.1860251454259,433.0747103882988,227700
2021-05-27,434.0544738769531,435.68405576528266,431.84293017277,433.3560900966157,443700
2021-05-28,436.49884033203125,438.458180886279,432.9681140407159,435.54825334560473,339900
2021-06-01,434.95654296875,441.2031596248451,432.5703812881537,440.65997556779337,363300
2021-06-02,435.771240234375,438.00217223651066,433.511180547473,436.110708007648,310000
2021-06-03,433.67608642578125,436.09131614025404,431.1153366937045,433.8118676138915,353800
2021-06-04,437.5075378417969,439.282609990903,434.70432339614104,436.4890751735825,232400
2021-06-07,433.3657531738281,437.73064393574776,432.58007520478736,437.381466883423,317700
2021-06-08,436.1883850097656,437.6433485934844,431.2124048172379,434.18052815991933,347700
2021-06-09,437.4105224609375,439.1273686706342,435.36385848768555,438.34169077795036,293000
2021-06-10,440.048828125,440.3204200994729,437.8469646449784,438.642351713544,233800
2021-06-11,445.4515686035156,446.56706418332135,440.4271022855805,441.33888168397704,387000
2021-06-14,450.34027099609375,452.61001035102225,444.3943158238024,446.06267504212246,582100
2021-06-15,448.8562927246094,450.59255766122527,443.7542106433696,450.5537503416122,469100
2021-06-16,440.2137451171875,451.9504563937399,439.6220741797542,449.942599695416,468000
2021-06-17,441.2419128417969,442.153692311762,435.28627780317527,440.66963076619027,506400
2021-06-18,435.9167785644531,442.48350333183373,435.7421900444994,436.99343737214326,657600
2021-06-21,444.53985595703125,445.4322466346158,436.6636579297318,438.57451126207394,328600
2021-06-22,446.1791076660156,448.0996701865145,443.3758933177669,444.2973524614393,325600
2021-06-23,443.70562744140625,447.8086347620508,443.40493738258533,444.98600229907896,278200
2021-06-24,447.7408447265625,448.54591163311403,442.87154716212166,446.05306666976037,363200
2021-06-25,452.0765686035156,452.6488506979021,447.7116780790313,448.50706523447354,701700
2021-06-28,453.98736572265625,454.0649507422552,448.54578748234434,449.7388680679743,475000
2021-06-29,453.5897521972656,457.2077427001311,453.0950551059915,454.84102916861843,450900
2021-06-30,456.08258056640625,457.91581922496323,451.69827150961413,453.46363436697186,473900
2021-07-01,456.3153381347656,457.15921219737675,454.38509610183644,456.3056289060391,477100
2021-07-02,458.4105224609375,459.7296752063829,456.17956058664464,456.17956058664464,327600
2021-07-06,459.9236755371094,461.3689298390654,455.04469901303725,457.5957398073714,332800
2021-07-07,467.9092712402344,469.54076046165386,461.0433837211379,461.0433837211379,408900
2021-07-08,461.5192565917969,463.8791221770708,458.71270967856566,463.7334291430848,402300
2021-07-09,467.28778076171875,467.4820183895743,462.4030037498127,463.46153065767294,386800
2021-07-12,468.4142761230469,469.5407891217873,466.76337489459104,469.5407891217873,261800
2021-07-13,467.8121032714844,469.20081015437245,466.92837262696605,467.7149844773569,311600
2021-07-14,472.425048828125,473.9205955426291,466.94786793517494,467.7345095625669,289600
2021-07-15,472.55126953125,474.2118914442157,469.5310436192263,470.9974575583969,392500
2021-07-16,471.94915771484375,476.87275792356746,470.8711893979416,472.6095181480556,342600
2021-07-19,467.8121032714844,470.19138036337944,464.0149866221124,468.0548854385555,408300
2021-07-20,477.3680114746094,478.94123519405616,469.3853325411427,469.3853325411427,475000
2021-07-21,479.5337219238281,480.5825280391086,476.41637698495197,478.3974881321489,446300
2021-07-22,477.4068603515625,482.7577591732733,476.4551435853214,480.64070578431347,587500
2021-07-23,482.29168701171875,484.7971862046223,476.0473361175208,481.5924731100832,521000
2021-07-26,475.63946533203125,483.0783155410388,472.4832967130965,481.6216223322997,492900
2021-07-27,479.07720947265625,479.10634214771454,471.25960578506454,475.4160353668559,620300
2021-07-28,474.2604675292969,480.59224655284805,471.84236619397154,479.1549651961063,377700
2021-07-29,477.64971923828125,478.87332140684356,474.61008126951566,476.82425380846155,479200
2021-07-30,477.15435791015625,478.2128846057378,474.9595976288339,476.65907280400063,407900
2021-08-02,474.2507629394531,479.92215166514745,473.5515490068881,479.92215166514745,321200
2021-08-03,478.07696533203125,479.018961374837,472.3764444938498,475.0664603761008,345300
2021-08-04,475.9599304199219,481.61190724935045,474.0371143290335,478.0575722216634,287400
2021-08-05,475.6783142089844,479.02869077497195,472.3570406849326,477.9896054864679,365000
2021-08-06,473.87200927734375,477.9410413917706,472.9494546830307,476.24156596190494,307000
2021-08-09,471.3470458984375,473.2310380844234,468.9386655145778,473.1630815942163,301000
2021-08-10,465.5591735839844,472.9591708193574,464.39383672380427,472.9591708193574,632800
2021-08-11,466.60797119140625,468.62790603239563,461.480412371127,466.9187098801363,636300
2021-08-12,465.65625,466.8021748476158,461.9271190412599,466.2777866447059,470600
2021-08-13,466.8799133300781,469.4728107515884,463.9665267930551,467.51114115246634,268300
2021-08-16,471.1819763183594,472.30848926235853,464.10243919622167,466.2292136006643,288400
2021-08-17,471.900634765625,472.35706651038953,467.5014222624692,470.7449890636999,254200
2021-08-18,464.45208740234375,471.7064210054268,464.3938220430017,469.46311576125856,289800
2021-08-19,463.3158874511719,466.37493758598504,461.2862315885625,462.06312286084756,540200
2021-08-20,466.08355712890625,468.2297434717149,464.1024460851219,465.43288779496027,883200
2021-08-23,468.3171691894531,470.89068436241405,465.685418292658,467.9869889353885,406400
2021-08-24,465.5979309082031,470.783754438402,464.70447949367866,470.5118395968502,236700
2021-08-25,465.65625,467.47225607672124,462.83026169388086,465.39405589854505,339500
2021-08-26,464.2870178222656,465.3843982342892,462.18937581668564,465.3843982342892,236500
2021-08-27,464.7336730957031,469.1328853525687,462.55835407810036,466.24863164531916,222300
2021-08-30,468.71533203125,471.2499937326515,464.8016839636841,465.17071766734796,157100
2021-08-31,469.3271484375,470.78384170938057,465.61742912568405,468.1035166054402,288500
2021-09-01,469.288330078125,471.41510478502806,465.6174639439435,469.6768053555432,297700
2021-09-02,472.20159912109375,472.9590783048173,468.89976754169606,471.10421897261705,214000
2021-09-03,472.1822204589844,475.1247393763561,468.8512559701885,471.33734319110005,270700
2021-09-07,462.9759521484375,473.1339811191209,462.9662610128901,472.5027236660334,305900
2021-09-08,468.53076171875,469.41449242497714,462.2572783817878,462.2572783817878,297000
2021-09-09,465.0832824707031,472.43473436720376,464.2092725056161,468.28799555485494,291300
2021-09-10,460.2761535644531,467.85097525918917,459.9168406847861,466.9769357138955,334400
2021-09-13,458.2464904785156,464.64622499300765,454.13863508475197,464.64622499300765,373400
2021-09-14,455.1874694824219,458.8874676538545,454.29401799119125,458.40190327821773,177300
2021-09-15,461.0919494628906,462.75260107465994,452.52661583915705,454.32318043753406,249500
2021-09-16,460.04315185546875,461.91742338999643,456.8578504693725,461.91742338999643,215700
2021-09-17,453.1773376464844,458.052424147846,452.46843245053697,457.4988735103081,706000
2021-09-20,448.18560791015625,454.1774552869618,444.6895387245631,448.64203957656,386200
2021-09-21,445.2139587402344,452.41971700668574,445.01000037753613,449.3121229878763,407600
2021-09-22,447.6612548828125,450.6231859394149,444.6896030542967,448.38960150032125,273100
2021-09-23,449.3704528808594,452.3323839492291,448.56439935784084,449.05968454339444,264500
2021-09-24,452.5460205078125,452.5945650931816,447.8943052605962,449.16648161685487,239900
2021-09-27,448.3993835449219,451.97313099041554,445.62193931964424,449.95316616539475,377000
2021-09-28,439.83392333984375,447.70007209959573,438.78508769907825,447.20478695609546,279600
2021-09-29,442.38800048828125,445.6898323215433,439.7076756460285,440.3583449506687,208000
2021-09-30,433.24969482421875,446.35021280834286,432.9292057248605,444.3885433081004,408000
2021-10-01,434.6578674316406,438.20251168626856,426.71404000698107,435.8523666681442,357400
2021-10-04,432.628173828125,444.3885593931061,431.66676576824915,439.02790927379846,547400
2021-10-05,434.546630859375,440.99336687135786,431.7170665174006,433.19506914699593,467400
2021-10-06,441.2753601074219,441.52815292054345,430.13211996549927,431.3183974969186,510500
2021-10-07,440.818359375,449.6084810952113,439.47650103115785,444.22161124891795,338300
2021-10-08,439.1069641113281,443.32699252568545,436.07321315346746,441.4989554936415,306400
2021-10-11,439.739013671875,442.3838276640176,438.7763890950807,438.7763890950807,275100
2021-10-12,439.6710205078125,441.91716455495595,438.10550908689214,441.0614849800434,311900
2021-10-13,443.8229675292969,445.1161902620104,438.68891986860916,440.63363534120305,512800
2021-10-14,449.9974365234375,450.3572041311783,444.6980750918965,446.51637927631805,234000
2021-10-15,454.1785583496094,456.8914446641325,451.4656720350863,451.4656720350863,299800
2021-10-18,455.5787048339844,457.3095001738578,450.89193408338343,451.6795413649327,295700
2021-10-19,461.0238952636719,462.31711776357633,456.31768822809784,459.35143907136063,271700
2021-10-20,461.8115539550781,463.5715189630629,458.1068736079719,461.76294794120054,292100
2021-10-21,467.9373474121094,468.1512672644332,457.1247359833748,460.0418086928822,418100
2021-10-22,473.732666015625,491.040620574184,471.5934672841173,476.45525560663395,598600
2021-10-25,474.43280029296875,477.3109708869774,465.40932167677704,471.13649331963205,457100
2021-10-26,474.8216857910156,477.6123474459049,472.5366394219251,474.8216857910156,252600
2021-10-27,467.88873291015625,477.7581561300416,467.421990602468,476.68855688783776,320900
2021-10-28,473.1103515625,474.5786211585669,467.94713464300844,467.94713464300844,308400
2021-10-29,474.38409423828125,474.88000610648413,470.0473876814054,472.5657902868691,360900
2021-11-01,465.94403076171875,477.1067064538365,464.00904867474475,475.68704302289234,335500
2021-11-02,465.7593078613281,467.7720952905474,463.23117207174846,466.97475490689527,336800
2021-11-03,465.26336669921875,466.24545734592925,456.46354251254974,464.73831497384725,299100
2021-11-04,474.17022705078125,474.8022536217547,465.4579103568343,465.4579103568343,427200
2021-11-05,470.9128112792969,478.2638329462722,469.5515164657832,474.48137701179485,345700
2021-11-08,474.9967346191406,475.13287894013683,467.7818274563893,472.50750129065545,263400
2021-11-09,475.8523864746094,476.2121540534662,471.22395461385634,474.99670700381466,377600
2021-11-10,472.4783020019531,476.1927152895564,468.5986045338335,474.5688649824837,285900
2021-11-11,466.08990478515625,472.5172041772654,463.9021001083536,472.5172041772654,275000
2021-11-12,474.248046875,474.6564205046228,464.9231397945732,469.2598469665854,245200
2021-11-15,472.2060546875,477.9623954113333,471.84628710151054,473.39233221843875,393700
2021-11-16,478.6820068359375,481.1615072380547,472.4102874555181,473.53822601059215,284300
2021-11-17,477.2136535644531,479.9168064591773,471.01974050641957,479.16810180264525,317800
2021-11-18,473.2075500488281,480.19880352053366,471.4086825659194,478.3318638843151,367300
2021-11-19,484.6522521972656,487.6276644523128,473.0812012416374,475.28844258767487,816100
2021-11-22,479.2362365722656,487.6763245732794,478.4583622253908,486.1788852978408,290200
2021-11-23,472.2158203125,478.17634824689856,468.8514412151558,478.17634824689856,322200
2021-11-24,471.467041015625,471.71013042400426,463.7854216456394,470.62109462230507,340000
2021-11-26,462.22967529296875,471.68099332785084,460.5961214780514,467.0233916341975,280100
2021-11-29,468.1707763671875,469.5126050105306,462.0838079257872,464.24244311586205,281300
2021-11-30,451.31982421875,466.1580123380291,448.52916234472093,464.7869844089133,759600
2021-12-01,446.8761901855469,459.91551200543944,446.8761901855469,455.42322366180866,375300
2021-12-02,454.3534851074219,455.37447830202143,447.7414658785711,448.15957248803744,440100
2021-12-03,453.18670654296875,457.0080647284062,447.0705690275648,455.3842145056842,417800
2021-12-06,459.1181335449219,461.19896352572346,451.6212345530124,455.7148817040399,286800
2021-12-07,458.8847351074219,465.38007703762065,456.4344045309398,462.15187221673165,473600
2021-12-08,458.8166809082031,460.06132722636863,455.59817935945085,457.92212845952355,479200
2021-12-09,454.8883972167969,458.56390822375585,454.25637063147906,458.4666665166294,252200
2021-12-10,460.33355712890625,460.50857437859884,455.64678628269724,456.96917840126264,269800
2021-12-13,462.8131408691406,463.74659604361125,458.1361022491512,461.38377372354273,324200
2021-12-14,453.40069580078125,462.5991916497195,448.8500390563777,460.6836457280249,406100
2021-12-15,466.0121154785156,468.3943738074424,454.3729937544473,454.3729937544473,542500
2021-12-16,473.48956298828125,474.9480994431083,466.7316655446493,467.9082099761564,574300
2021-12-17,462.3755187988281,474.37440915156105,460.28495569681587,473.2659368136855,849500
2021-12-20,454.09100341796875,458.29159541074705,448.7527696400626,457.75678092137986,394500
2021-12-21,459.16668701171875,461.1503047378336,453.17696089635064,457.44562481750006,281000
2021-12-22,459.8861999511719,461.31556667885826,454.69381440492225,459.93483563110453,454700
2021-12-23,465.1077880859375,467.7623349614125,460.75164511982285,460.75164511982285,373000
2021-12-27,474.52996826171875,474.96754107252,465.9829659088709,467.7040282616217,282600
2021-12-28,478.4874572753906,479.2556281032852,472.5074638520588,475.0355995968006,371000
2021-12-29,477.4276123046875,480.65584686606394,476.3677460134045,476.77611961422866,267000
2021-12-30,475.63848876953125,479.37233871916135,475.57041660981884,476.6205795270908,314800
2021-12-31,478.26385498046875,480.3836173670301,473.47987160485934,474.75365784697505,241800
2022-01-03,461.84063720703125,478.74021509428746,459.2541627283814,477.4469630179647,369400
2022-01-04,457.16363525390625,464.2034945123904,456.0162604516446,462.3268515380814,569900
2022-01-05,453.6340026855469,461.29618553665,452.3991191814934,457.8832007690851,494900
2022-01-06,458.46661376953125,462.2977051323207,450.60024425428077,453.48814754706365,397400
2022-01-07,449.2657775878906,460.7449779883379,448.8276583134149,456.8114721278479,375300
2022-01-10,441.6713562011719,446.5784994353947,434.36907210211956,445.43933004219167,619000
2022-01-11,448.1460876464844,449.3241812810482,433.4052240997982,440.07462048341944,514800
2022-01-12,452.2742614746094,454.5039005599461,449.17810011891083,451.3785312561022,344500
2022-01-13,443.72576904296875,454.1242453812707,442.1387343616413,453.5011028040072,422900
2022-01-14,435.99505615234375,440.7172060877724,424.9929593532836,440.63932812659095,754100
2022-01-18,433.6875305175781,434.2230492001159,426.034750747302,429.8124706217872,731700
2022-01-19,430.8153076171875,442.23606113941673,430.32848866839834,436.14110810546407,529100
2022-01-20,428.1475524902344,439.4125509624409,427.12524450440714,434.01858827549245,447500
2022-01-21,426.39501953125,433.2299474572375,425.6355830950292,429.21856373191343,592700
2022-01-24,422.9970397949219,423.4351590658448,408.3340539332292,421.0886879268789,967800
2022-01-25,416.56121826171875,419.82291103380487,408.4216200182046,416.60991798253764,570500
2022-01-26,415.56817626953125,425.31427239722944,409.2297834121819,420.494782148519,623900
2022-01-27,412.3161926269531,421.71179251136,410.38837886936653,420.3000056573046,583500
2022-01-28,423.9900817871094,424.1556132977253,406.5327620182698,412.55958277294246,539700
2022-01-31,425.6355895996094,425.7816293562926,418.54750618220356,422.19864866465315,847600
2022-02-01,430.3382873535156,431.03930796270527,421.07900937710303,425.5285128402293,647700
2022-02-02,440.3958740234375,450.89168872874876,433.8627427369272,433.8627427369272,896500
2022-02-03,449.2948913574219,452.27422065161966,437.8351851356517,442.0315616811743,1082100
2022-02-04,436.1411437988281,445.8385697326769,434.25228374589796,445.8385697326769,526000
2022-02-07,431.5357971191406,438.18573099319434,431.15606407068145,436.61818821506347,419900
2022-02-08,434.0380859375,436.4721809015966,425.6063774163008,430.1824581209583,367500
2022-02-09,442.09979248046875,445.66331095426426,436.39425862469596,438.1370788803469,405200
2022-02-10,430.6497497558594,439.20803467168025,428.5272264001208,437.8059938078915,515800
2022-02-11,426.2878723144531,434.0380514578816,422.89963140995667,431.165807743187,469700
2022-02-14,430.5328674316406,431.96411607404116,425.0999522939305,425.98596618808944,568700
2022-02-15,430.2992858886719,437.39708485386495,427.8554452282126,434.66116470585195,460800
2022-02-16,433.2688903808594,434.16465037405027,424.9832218678647,428.46886238935036,386100
2022-02-17,426.6383972167969,432.87941977166867,425.8789608371986,430.0753378429762,416800
2022-02-18,428.72198486328125,431.1268717850144,425.7426551174026,427.72888485234574,731400
2022-02-22,427.6314697265625,432.30494921197516,422.3932933646104,429.22825005517245,524300
2022-02-23,417.856201171875,430.5524183151729,417.3596363221491,428.90696784556286,491800
2022-02-24,432.3536376953125,432.83071075172813,408.95712046078717,409.4341935172028,552500
2022-02-25,436.5987548828125,438.28312956728354,427.01813103805756,431.1268844910518,400800
2022-02-28,436.404052734375,438.3610747444715,428.07945920102276,434.4275686597726,540800
2022-03-01,434.4956359863281,441.83684397409803,431.41893681803737,437.367849812927,568300
2022-03-02,437.2412414550781,438.5459422286318,430.7665561564501,437.4165188375239,571400
2022-03-03,438.0494384765625,444.4754546665875,435.6737595838074,441.85636629476375,561900
2022-03-04,442.5962829589844,445.0790773165533,432.5483628794321,435.8003097488793,444000
2022-03-07,433.4344177246094,443.7549561872292,433.0741467254176,442.29449926745406,460600
2022-03-08,426.969482421875,435.99509622763867,422.6952269378469,433.39549933712266,770500
2022-03-09,431.60394287109375,435.56662644906567,427.5536057366789,431.23395572369446,381200
2022-03-10,424.8858947753906,428.6830769764116,422.79254933600464,425.56742353743,496300
2022-03-11,420.9134521484375,427.83603395596214,420.7284585466689,426.9889439153549,440700
2022-03-14,423.6298828125,428.7317362204239,419.25822816232045,419.900832782208,369200
2022-03-15,434.0477294921875,435.5860938914347,424.3795130435174,426.8428155465264,321800
2022-03-16,441.505859375,441.9634704030159,430.8542577552876,434.4761921414997,400200
2022-03-17,449.80126953125,449.80126953125,438.8770505754567,439.1107141745949,360300
2022-03-18,456.1883239746094,456.42198756959203,443.9399421776949,447.87344773397507,905500
2022-03-21,450.4731140136719,456.04232465466924,447.4450843325943,454.71816150188374,391600
2022-03-22,451.6316833496094,452.0211622984501,448.56472976245743,450.79436897836047,294100
2022-03-23,449.8401794433594,452.0503565299772,447.5521541102512,450.3854142995036,259000
2022-03-24,449.2853088378906,451.75832819484884,446.7246359052623,450.54128058147614,224900
2022-03-25,453.5789489746094,453.90026612882264,447.26979424398024,450.54120340607363,205900
2022-03-28,459.8102722167969,460.05368170664815,450.6288436776725,452.595611372037,260800
2022-03-29,464.0650329589844,467.122240487361,458.1842517749276,465.9149390101376,297300
2022-03-30,465.7105407714844,467.79411066520487,461.65045718995407,463.20828395090086,383500
2022-03-31,459.78106689453125,467.9596198576655,459.6349974293276,463.6561269787457,601200
2022-04-01,464.3766784667969,465.8858055546278,458.4666883895427,459.985561366029,397900
2022-04-04,469.182861328125,469.7677806158802,462.8264607182407,465.62443373439794,395300
2022-04-05,464.7666015625,473.07278377880624,464.0743973973303,467.12585566245826,629800
2022-04-06,467.35003662109375,470.04078436171915,459.45329893793877,463.4601745843807,491900
2022-04-07,473.0922546386719,475.97799556749015,464.7178222055215,466.0534376227278,681100
2022-04-08,470.060302734375,474.5058681412533,469.4948410478554,472.9265264508815,479500
2022-04-11,468.7149658203125,471.73717818052154,465.6635074913683,469.9043514684561,413800
2022-04-12,458.6928405761719,471.951555627128,458.4783602682983,469.6117893832515,479700
2022-04-13,457.2305908203125,460.2430446608377,454.95907453664427,458.8586957803143,434700
2022-04-14,449.5872802734375,460.2722328083044,449.2558160795757,457.0062944766651,347000
2022-04-18,445.15155029296875,450.40630479643494,441.9636202748456,448.29074694071096,236400
2022-04-19,451.13739013671875,452.2097918280737,445.1904623498833,446.3311145469941,371000
2022-04-20,457.00628662109375,458.66363731365954,453.1066659343457,455.251469212755,635600
2022-04-21,457.5035400390625,465.1175477531085,455.8072144041949,461.3934025128441,562800
2022-04-22,442.6849670410156,458.89764626304554,442.37301996937555,455.88519258209413,620700
2022-04-25,443.8450927734375,444.53729690709355,435.89962110963444,443.50389974477906,1039100
2022-04-26,460.1650390625,464.4351288408803,444.5567964050021,448.86589072408253,1022200
2022-04-27,462.7778015136719,467.2428547188673,456.2946871871294,462.0173765660011,776700
2022-04-28,471.2594909667969,475.2370915314168,465.029831769796,467.71082136595305,553000
2022-04-29,458.12744140625,469.57281835237507,454.22782080431364,466.4823559345731,2822200
2022-05-02,447.75445556640625,458.00071865888293,441.2811005599079,454.30581964927245,805300
2022-05-03,439.80902099609375,449.30458884378044,437.8592104481993,448.82689478010565,761700
2022-05-04,452.73626708984375,454.5593351622109,435.9288802090135,438.0541665312519,822600
2022-05-05,432.3705749511719,453.9354791377231,429.31911607680524,449.78237232450806,763800
2022-05-06,428.27587890625,430.8009097706702,421.4418131038473,428.9680830784145,676800
2022-05-09,422.0559387207031,425.31211825962265,420.33033761277375,422.3971317121813,574300
2022-05-10,419.78448486328125,427.5252356076701,414.9001996116273,426.00438566435565,674000
2022-05-11,418.5950927734375,423.39164004187654,414.75396342987943,417.8054218438392,642600
2022-05-12,418.078369140625,421.16883191307784,411.5367631606729,413.1453508932188,679700
2022-05-13,419.5309753417969,424.4347477018299,413.7205482133174,420.3791679254301,655200
2022-05-16,419.07275390625,422.5629313407587,413.9837770942319,418.1563703484945,480100
2022-05-17,421.8999938964844,427.9833929684613,418.18560737637387,424.90268889305736,472500
2022-05-18,401.15399169921875,419.20922481066873,400.49103356958744,418.5852712184851,643500
2022-05-19,402.8113708496094,405.8335832759965,391.97042850874897,397.87835233660456,685600
2022-05-20,406.98394775390625,411.6537523514494,400.3351163900141,406.34050670222354,663400
2022-05-23,413.2720947265625,415.4363856063474,407.9880950960388,412.5409157773344,624800
2022-05-24,416.2552795410156,418.23433593122644,410.44485280821755,411.3125029759548,510700
2022-05-25,415.05615234375,416.88897897725,412.57991442565685,414.1300102056709,529300
2022-05-26,421.6659851074219,423.7230505440562,416.54773282303097,417.64938045595056,412000
2022-05-27,432.740966796875,432.75072537037755,425.18545076600265,426.09210554928774,387900
2022-05-31,431.3370666503906,434.46650406691265,426.1700809002611,428.58782679764425,2166300
2022-06-01,420.0184020996094,434.36900810272,418.760795789289,432.55569867756253,640100
2022-06-02,430.3622131347656,430.6644314082455,418.75108703354897,421.08112506326427,462700
2022-06-03,421.2176208496094,428.1979470192849,419.54078238704204,428.08096313264673,511100
2022-06-06,414.5394287109375,421.92922673353394,412.71636076063265,421.92922673353394,787000
2022-06-07,417.5129089355469,418.0685822861746,409.47966988593305,411.0687701163623,456700
2022-06-08,407.56884765625,415.8457829206723,406.84742736044944,414.49068022301367,451100
2022-06-09,396.0357666015625,407.3738895583303,395.64578070392304,404.8099137670067,407500
2022-06-10,380.8857727050781,390.1863780534082,379.00421252427896,390.1181275386434,742400
2022-06-13,375.562744140625,382.5820437900213,372.08232540623595,373.7689221273878,1260000
2022-06-14,371.1073913574219,379.1015955939477,370.103240260882,375.5919609178719,912800
2022-06-15,374.6658020019531,380.0082930227835,371.89707490045174,375.0752752624808,789000
2022-06-16,362.947509765625,370.6102512968678,362.2650641412029,366.7106300184543,807500
2022-06-17,365.3067321777344,368.10470544114946,360.23724280815105,362.6647473220867,1620300
2022-06-21,373.0280456542969,373.6227236478348,366.8958825601359,366.8958825601359,649200
2022-06-22,373.72015380859375,375.80646520632683,368.2119454082614,369.18685060307223,548600
2022-06-23,384.3856201171875,384.64883380990943,373.3984492509345,375.8064662790609,734200
2022-06-24,397.47857666015625,398.64847475935,386.6181485883596,387.6710330762383,945600
2022-06-27,388.762939453125,396.4159512935498,387.71005491825224,396.23071692371406,505900
2022-06-28,381.8606872558594,392.30191545175217,381.61696091304,389.97190708530917,467800
2022-06-29,383.6739196777344,384.92179711152534,380.2520227450528,383.4204645634492,366600
2022-06-30,384.7463684082031,386.4719698200675,377.40533273289896,380.2130647404931,525700
2022-07-01,390.6153259277344,391.6974565473092,383.9469473868849,384.93161127629014,392300
2022-07-05,391.51220703125,391.8534298289078,381.48042338989865,387.97329611174496,582300
2022-07-06,394.59283447265625,398.5411881794066,389.28934841239027,393.77391776872815,628200
2022-07-07,392.8939208984375,395.6668955148825,391.43906348611733,392.7669840305116,440700
2022-07-08,392.5326843261719,395.24707767247827,389.3203467764501,389.9159370306459,412700
2022-07-11,387.953369140625,391.28289989391635,385.74672329687314,388.9395436169576,319000
2022-07-12,381.71417236328125,392.0347370853391,380.2690882961437,388.7052064220427,605600
2022-07-13,375.95343017578125,378.24797836803134,371.2081060635754,375.45545615605675,419500
2022-07-14,378.9803466796875,380.1422366039715,371.745210773106,372.20412049341223,380400
2022-07-15,385.8248596191406,387.855790440576,382.29029267118636,385.89321484236274,489100
2022-07-18,382.5929260253906,387.85574119213834,381.4602974029059,385.19015600149316,395800
2022-07-19,394.5928955078125,395.5888136861909,386.18606837019973,387.1429519671918,444600
2022-07-20,398.7425842285156,401.02735864376524,393.09898850262823,395.256826039688,439900
2022-07-21,402.9899597167969,404.93298799930807,398.1958276562903,398.693771859901,412100
2022-07-22,401.22265625,407.71571603780944,400.0900276717789,404.2299578010501,375600
2022-07-25,403.6246032714844,405.5285671219258,396.46756808614657,399.14292677766394,440900
2022-07-26,401.5350646972656,403.8003217567685,399.2405466023726,402.3845286452321,529600
2022-07-27,408.4187316894531,409.8344950844226,401.50579678519256,402.61890808909845,551700
2022-07-28,425.40814208984375,426.95084251553186,408.1160892102393,409.3561077182456,547900
2022-07-29,426.364990234375,428.41540826780573,421.7758941271747,424.4902874125809,510500
2022-08-01,422.1859436035156,425.86696378249934,419.9402039521661,422.65459690318824,396900
2022-08-02,416.2397155761719,422.66445055245583,415.9760980451434,422.66445055245583,418200
2022-08-03,419.6668701171875,420.88737124705005,414.2673743105712,416.64979489985416,432600
2022-08-04,420.68231201171875,421.8442314065396,415.82959859728714,418.8369001032188,332400
2022-08-05,421.7270812988281,422.1566702725294,416.30803853513,417.1477587867687,310100
2022-08-08,420.8385925292969,427.06803549901554,419.66689944379374,425.33001316314187,320900
2022-08-09,418.7099914550781,420.6432759947,416.1518258242214,418.827184594739,374400
2022-08-10,428.3274841308594,428.8059407720564,423.93368065048634,428.4837118302924,398000
2022-08-11,423.4651184082031,432.8580911006768,423.1624364871487,429.61643268450115,292700
2022-08-12,428.7376403808594,429.1867764507848,422.97688104066515,425.2616555668822,282700
2022-08-15,429.04034423828125,431.1005359363024,425.0468679356997,427.3707069600745,244600
2022-08-16,426.0329284667969,429.6553967232277,424.22661090732635,426.3063194863967,355500
2022-08-17,423.7579650878906,425.9450934370508,419.99881588972994,422.34217194917136,316900
2022-08-18,423.51385498046875,425.3592668299888,421.1509518890929,425.3592668299888,318000
2022-08-19,423.09405517578125,423.2502828991741,417.0891954578154,421.67826191824025,325400
2022-08-22,412.1680908203125,420.27220586280873,411.5334362346163,419.0907691912154,376800
2022-08-23,406.89556884765625,411.0647900769578,403.14619286539664,408.60427046911633,699700
2022-08-24,408.740966796875,410.810932073047,406.92487530651783,409.258458115918,470600
2022-08-25,414.599365234375,414.902047144071,409.01435062716394,411.308898811466,432300
2022-08-26,400.158447265625,418.8760693495101,399.8557653102597,416.83539463862314,372100
2022-08-29,399.50421142578125,402.1893140056712,396.55549131965415,396.701945500897,318500
2022-08-30,398.12744140625,403.7515197642225,394.4561647228636,401.6815547567434,566300
2022-08-31,393.07940673828125,402.68721648453675,392.95249966867624,401.2714234567808,630100
2022-09-01,395.5887756347656,396.08674957475023,388.9883265311318,388.9883265311318,493700
2022-09-02,391.45867919921875,400.7149410690198,389.9940777846409,400.18767621650204,295500
2022-09-06,387.5531005859375,391.3903493898614,385.7760436028471,389.04699293389075,502600
2022-09-07,397.23895263671875,398.3618077519731,387.9631437584918,388.3829890089744,364600
2022-09-08,398.44970703125,400.1974731647927,394.8272676639557,394.8272676639557,334100
2022-09-09,400.4805908203125,401.9549656927589,398.5277890490787,399.5432543133895,542800
2022-09-12,399.6018371582031,403.97609406830435,397.4342259938618,402.99969317981527,1085900
2022-09-13,385.8443908691406,394.54409743541515,384.81915195508395,392.28861354084125,526700
2022-09-14,386.84027099609375,389.535146987681,384.8484048372079,386.2056163770666,436400
2022-09-15,374.9379577636719,387.3772960980617,374.84031171102595,385.69788530368294,582600
2022-09-16,373.082763671875,376.1096122089723,369.8508793034336,371.69626138030793,891000
2022-09-19,373.3269348144531,374.479080863154,368.2301203137488,370.8175770493547,640800
2022-09-20,369.6068420410156,370.94450664038436,364.0706352727782,370.6418247148656,700500
2022-09-21,363.6116943359375,374.94772443968344,363.4066584873111,372.17474942020664,370400
2022-09-22,366.7069091796875,369.4408199001302,361.70774112093966,361.70774112093966,662600
2022-09-23,369.07952880859375,369.5189211189885,363.1137337964718,364.89076073360803,744900
2022-09-26,368.1715087890625,372.57505675657046,365.7597972806604,369.9290185582481,791900
2022-09-27,358.2414245605469,371.97939008590896,356.35697828890596,370.8955697728512,583600
2022-09-28,361.7858581542969,363.5238507271063,356.94291758018625,360.46771085641814,531000
2022-09-29,358.0950622558594,360.55558201791774,355.1365684548846,359.3839187110585,446300
2022-09-30,351.1528625488281,359.55966067906445,350.74276102660997,357.206530742925,663400
2022-10-03,363.45550537109375,365.4668890841937,353.1544865511168,354.53121556205514,514500
2022-10-04,370.9835510253906,373.88346302435593,367.2439187189599,367.8297652455231,445900
2022-10-05,372.078857421875,374.8172362505661,366.15219979213646,366.15219979213646,478900
2022-10-06,371.9615783691406,375.94203324185344,371.14985400781035,371.82467431187615,570200
2022-10-07,361.2426452636719,369.6045351637296,359.14974779372807,368.4798150539602,577200
2022-10-10,357.0862121582031,363.71702973848744,356.4700693551433,362.92485466200935,419400
2022-10-11,356.1180114746094,364.47011325202953,355.0226597358191,356.96886399148764,540100
2022-10-12,357.8979797363281,361.72192137472695,356.9688707370668,357.18403125025907,699700
2022-10-13,362.34783935546875,364.04954435391784,348.3820452834662,349.3404929580697,483000
2022-10-14,355.1889343261719,368.6363927365386,354.7390640744419,366.17185110337977,469900
2022-10-17,362.7781677246094,364.90040425601325,361.2427054486467,363.0324564660315,373400
2022-10-18,367.1302490234375,372.49944213788393,362.1620083498429,372.49944213788393,440300
2022-10-19,363.25732421875,366.7683289555043,360.7438654183639,362.5922935945046,248700
2022-10-20,359.3258056640625,365.64365659637855,358.77812984711153,364.2646775353112,451400
2022-10-21,362.57275390625,364.3820240569674,357.07638697873995,358.9248152033231,744400
2022-10-24,364.5483093261719,367.5409771639387,362.4064939339926,365.5947730713377,1057300
2022-10-25,369.68280029296875,371.6192447533831,364.9101710058749,365.9077468700707,1220900
2022-10-26,380.0984802246094,389.105823103635,373.4383238808421,376.6852806750991,1385600
2022-10-27,391.56060791015625,393.624196856623,384.10827642491336,384.10827642491336,1003400
2022-10-28,404.6070251464844,404.75371868906285,392.0788892267138,392.0788892267138,773600
2022-10-31,405.4187927246094,407.5703677286362,401.86865964495803,402.89554432346023,745700
2022-11-01,404.6070251464844,409.01780001859487,400.43098978859155,407.52146619210987,570000
2022-11-02,394.25006103515625,407.7464346388466,393.3992086036073,404.5288168442627,522700
2022-11-03,388.9689025878906,393.53616094171065,385.3209636470786,387.05203714732073,630000
2022-11-04,387.3160400390625,395.0031097824238,380.1082089841048,394.1326783750251,857500
2022-11-07,403.5410461425781,403.96157761529344,388.9200114807438,388.9200114807438,725300
2022-11-08,407.2672424316406,414.7684917966427,404.12788073548,406.77824398100705,873000
2022-11-09,407.0422668457031,408.6363765070824,404.80264588971585,405.65349830263824,549600
2022-11-10,428.7831115722656,428.7831115722656,420.1082851016437,428.05940352188355,647400
2022-11-11,428.71466064453125,433.0178704185475,424.4017210440042,428.3625961245265,609200
2022-11-14,423.07159423828125,431.76599933769637,422.57280636420495,428.46036567438875,521800
2022-11-15,426.3576354980469,429.69257768477576,422.4456490449251,426.6608120604768,469400
2022-11-16,421.90777587890625,425.5557143617779,419.99091067896813,425.4285700137555,474700
2022-11-17,420.1669616699219,421.36011890646205,413.3111948574491,415.79531497537874,458200
2022-11-18,423.4823913574219,425.40904619011724,412.9982647785581,418.57282846554926,401500
2022-11-21,424.9396057128906,428.71465900023355,422.04474356827745,422.1523088891685,406200
2022-11-22,423.2183532714844,427.49219479072747,418.1523366802857,426.1327946700749,557000
2022-11-23,424.0790100097656,426.37730868860416,422.23061139306344,423.88342853788157,651400
2022-11-25,426.7782897949219,429.30150865161784,423.0325449734381,423.8736378230679,177700
2022-11-28,414.7000427246094,425.89811966520955,413.71225626100363,425.0961550085415,549200
2022-11-29,415.8931579589844,416.00072328571116,411.43349473751744,413.13519969552334,437500
2022-11-30,429.2330017089844,429.28188960733854,413.11560475812206,414.65106679641724,589500
2022-12-01,434.9444885253906,436.47992068038866,430.87601862144356,432.391901586792,389900
2022-12-02,434.10345458984375,435.75627164472496,427.16946054391804,427.9909743117609,292900
2022-12-05,427.20855712890625,433.5264079194279,425.9371434175886,433.5264079194279,261100
2022-12-06,424.50933837890625,427.218379087851,421.44820326072227,427.218379087851,275900
2022-12-07,424.665771484375,429.7611264530034,421.81000769747544,424.5190779336647,251200
2022-12-08,424.0887451171875,429.3992604273306,423.267231410046,424.77332495009233,276500
2022-12-09,421.8393249511719,425.272103093656,421.0667290080305,422.9347063816451,270300
2022-12-12,430.20123291015625,430.29903855840894,422.4848239082484,424.24523603851657,316100
2022-12-13,434.08392333984375,441.32109431901387,430.3284188832922,440.09859821286705,421600
2022-12-14,429.1352233886719,438.6413534599029,425.88826685596683,433.399275102198,377900
2022-12-15,420.14739990234375,426.1914125123421,417.5654742168542,425.28188271926393,462700
2022-12-16,415.0226745605469,418.0251316597057,411.82463602467175,416.7732970495741,655100
2022-12-19,414.034912109375,418.69994565978294,412.13759610904594,414.69994270744536,282200
2022-12-20,415.1694030761719,417.7806376419838,411.4432379075428,412.6363951167949,301000
2022-12-21,421.36016845703125,423.29661300683506,415.49218722912445,417.82961407770006,251000
2022-12-22,419.0814208984375,419.306341062322,411.6681883949923,417.02762163657644,369900
2022-12-23,420.6462097167969,420.79293312078573,415.84427146053866,417.6437820782562,189900
2022-12-27,423.6192932128906,424.39191901491694,418.8466642195574,420.87112468818805,287800
2022-12-28,416.8027038574219,426.7391557564909,416.6168820622212,424.2941635523724,200700
2022-12-29,427.2574462890625,428.1865551636849,418.55328096138845,419.4236825711094,227500
2022-12-30,422.5826416015625,426.8760619596575,418.8858148225486,424.85160138288705,271600
2023-01-03,424.9005126953125,427.1107951770074,420.56799371497607,426.2208144418656,334900
2023-01-04,432.998291015625,435.4824112292385,426.5044078235714,429.1841094883246,371300
2023-01-05,426.3283996582031,431.7758194255042,424.5777769411354,429.8002765346095,254800
2023-01-06,434.5887756347656,434.7650841393379,427.88875353171386,430.92530731315753,467300
2023-01-09,434.33404541015625,440.1916542638985,433.1977853368754,434.91196538060524,517500
2023-01-10,434.3830871582031,436.7829516027352,431.9930275956846,434.80430847665434,323100
2023-01-11,442.8559875488281,443.1498649448265,434.8434267739132,436.79271485403285,304100
2023-01-12,441.9940185546875,444.1489699630449,436.14621418425764,442.05278805445624,345900
2023-01-13,441.7491760253906,442.78747714005334,435.82299185200026,438.48731902562764,279600
2023-01-17,435.9503479003906,442.92460837181915,434.60839434078974,441.7491883433716,512300
2023-01-18,428.8487243652344,439.53541763264764,427.83000313843326,438.9673024615641,517400
2023-01-19,423.333984375,430.10255171245444,423.333984375,426.88968907300654,463200
2023-01-20,432.55133056640625,433.73655536363543,418.975037726516,423.45147416022877,462700
2023-01-23,433.96185302734375,435.47033995525754,430.7979554204372,432.962741627077,503700
2023-01-24,437.04736328125,437.7526271663033,431.9440124687129,435.0001460063008,382400
2023-01-25,435.13726806640625,435.77395753218116,427.47732493072164,430.2689955499643,382000
2023-01-26,435.3528137207031,439.7509008585725,431.5424216043831,437.3706463425049,697700
2023-01-27,425.22442626953125,433.3839408104733,423.921662462613,429.3580506008789,669100
2023-01-30,414.8119812011719,424.6758399936647,414.10671737506703,424.29383827986,808800
2023-01-31,418.0151062011719,419.4158292011334,411.4914222219877,417.04537949241876,929000
2023-02-01,425.02850341796875,427.447947342782,411.6480999605932,413.29370565466354,832900
2023-02-02,423.69635009765625,431.6403663269056,422.7755880707311,425.9982551649692,806900
2023-02-03,421.5315856933594,423.50045359077365,416.8200415298854,420.3267511766996,779000
2023-02-06,421.2769470214844,421.97243599632077,417.4763894365224,420.7577964573142,329200
2023-02-07,425.65545654296875,427.0365997241495,416.94743592352387,420.21906797045426,411200
2023-02-08,419.1513366699219,426.096211565528,417.3391973777814,423.32415051443905,499100
2023-02-09,419.8860168457031,424.64652604591436,418.3187603160654,422.54053909652544,412900
2023-02-10,418.6517333984375,420.96344315176714,416.70247538962985,418.9945753825961,463100
2023-02-13,420.8851013183594,422.03116636320635,417.887737223135,418.25996398800714,418800
2023-02-14,418.02490234375,423.480870469563,415.00792836836246,420.77738366378384,313500
2023-02-15,412.9607238769531,417.35881119755896,412.07915141506965,416.8984301495963,690600
2023-02-16,414.3125,417.554747345053,409.20914851289126,411.29555569416505,641900
2023-02-17,418.9259948730469,420.59121026147585,412.2161985979212,414.5377131974398,601700
2023-02-21,414.54754638671875,417.9367471337929,410.50207622934226,415.7425760950024,639000
2023-02-22,412.97052001953125,419.278705784836,412.32402558971575,418.78893999493926,390800
2023-02-23,422.21734619140625,423.2556473868559,416.9180761844005,418.64206151704207,586800
2023-02-24,419.6705627441406,420.4541761447347,415.6348969345045,416.496889610919,402700
2023-02-27,420.209228515625,424.70527472635547,419.29827135179534,422.72663176412374,330200
2023-02-28,421.3945007324219,422.3348426860278,418.15225357051827,418.4265212191921,584400
2023-03-01,412.5787048339844,423.0890593363362,411.4620245075059,420.0623104045199,539200
2023-03-02,417.9171447753906,418.779137353088,410.54127313581563,411.403265713513,389300
2023-03-03,421.30633544921875,422.4034359859724,416.61440045976957,417.5547424554825,433600
2023-03-06,420.1602783203125,424.92078745054704,419.9937447988212,421.6687653235465,315500
2023-03-07,413.5386047363281,423.3535295747159,412.9802646026498,420.72836241551806,376100
2023-03-08,415.81109619140625,417.2510086036166,413.5189962094459,413.8520333118237,409500
2023-03-09,414.1459045410156,424.2742865151735,413.8128674195356,419.08275165074923,486700
2023-03-10,411.7265319824219,416.46749155124706,408.95447052076497,413.92070324127343,847900
2023-03-13,412.85296630859375,417.77020390256877,409.62049427464444,412.0007487544636,771900
2023-03-14,419.30810546875,421.1202449344875,414.43983214809197,417.57431537929625,648500
2023-03-15,412.314208984375,417.75062703340797,408.24915902240446,415.03730550305477,787500
2023-03-16,419.65093994140625,421.79608663734786,408.7977131065584,410.5216982830239,903700
2023-03-17,416.9473876953125,423.41230166411094,416.0168208001556,423.21638340420543,1642200
2023-03-20,423.333984375,429.0544456650934,418.7008187685717,418.7008187685717,561900
2023-03-21,421.6296691894531,427.08566847430785,413.8913739699543,424.82295241415056,948200
2023-03-22,419.8076171875,426.9092209020173,419.28846666339734,423.1086636103786,854100
2023-03-23,416.3498840332031,423.73556047937365,415.76218900249654,419.9643579367056,852600
2023-03-24,420.7969665527344,421.88426214746784,415.2821989916639,416.4576488411707,673300
2023-03-27,421.4532470703125,424.27430266899773,420.7675630398518,424.23511303764656,393700
2023-03-28,423.15771484375,425.224512481993,420.06239093505536,420.70888547544126,409800
2023-03-29,425.4497375488281,426.66434712709855,423.5004792947461,425.41054791609747,809900
2023-03-30,428.05523681640625,430.0044948050509,426.2627074444108,427.07570538204374,436900
2023-03-31,431.6697998046875,431.6697998046875,427.41863608426837,430.0241938276736,957000
2023-04-03,431.7677001953125,434.510376450466,429.81841217436096,431.228939932134,609700
2023-04-04,428.0651550292969,435.4801872319705,427.8888166058004,432.90404398760654,590900
2023-04-05,429.1177673339844,429.4513257963832,425.7625422512105,429.12758756337735,450100
2023-04-06,427.4499206542969,430.0006650352358,425.0463000571968,430.0006650352358,363500
2023-04-10,427.9797668457031,428.08769955952613,422.9371085402737,425.64482745995247,359100
2023-04-11,430.4029846191406,431.18785452253013,427.5284715760576,428.2348395192454,410900
2023-04-12,434.10162353515625,437.13311059376025,431.91383795020204,431.91383795020204,659800
2023-04-13,434.1310119628906,436.02445991870445,428.79401683769754,434.3566377146855,729500
2023-04-14,431.58026123046875,436.7504624449635,429.7751054177815,433.5914322878296,456700
2023-04-17,434.5333251953125,434.87667399528584,430.756218938054,431.85500695331586,410400
2023-04-18,433.35601806640625,437.1919856770062,432.03157437409413,435.5830247613733,327900
2023-04-19,434.67059326171875,436.01464732580695,431.5409939718866,433.3265391976305,374100
2023-04-20,434.7981262207031,437.6432082516535,432.5612995965402,435.2101566847811,484100
2023-04-21,436.97607421875,439.8701974020549,434.8177196924535,437.1820894427123,506600
2023-04-24,439.2816162109375,439.8113696846658,437.0349692732695,438.59485882536165,469700
2023-04-25,429.0784912109375,438.741985583697,429.0196297174768,438.4280675984806,530700
2023-04-26,422.8879699707031,429.2060296764853,421.88729465322393,427.73443247681035,646900
2023-04-27,444.4027404785156,445.5407792305657,427.2438968989284,427.2438968989284,823500
2023-04-28,446.168701171875,448.43495873200163,443.05871221557516,443.44134190377264,560600
2023-05-01,449.9457702636719,453.7228758680224,445.3641843087352,446.87503253842,446000
2023-05-02,451.9962463378906,454.9198306760942,448.24857103194483,450.907248671417,687700
2023-05-03,447.7776794433594,454.36061690106436,447.5422034954037,453.4384134491979,406700
2023-05-04,444.89337158203125,449.5730409021542,443.1274365999208,448.690088380963,376100
2023-05-05,449.4454040527344,452.10408129338936,446.81615755866517,447.2772592149903,329700
2023-05-08,449.572998046875,451.61359989999164,447.53239619375836,447.53239619375836,341900
2023-05-09,448.88616943359375,451.79014268284266,448.3858467644782,449.7102901798134,261900
2023-05-10,450.6030578613281,452.82027392545336,446.3648806118227,452.0550445668197,449700
2023-05-11,449.7790222167969,450.68161513147925,446.84564763859936,450.68161513147925,344800
2023-05-12,452.9674987792969,453.79158976108175,449.5926328883341,449.9556520764954,403700
2023-05-15,453.13427734375,455.11601773579133,450.8483792770588,453.5659483106859,338700
2023-05-16,451.1230163574219,453.15382769042037,449.5827673669146,450.554011943687,307400
2023-05-17,445.8252868652344,453.04593963700984,445.3347544465442,453.04593963700984,626900
2023-05-18,449.82806396484375,450.76005762925075,443.82395173958184,444.95217035424497,360100
2023-05-19,449.05303955078125,452.270931313514,446.88489444539493,451.1427126354926,340600
2023-05-22,448.6213684082031,450.77972322246967,446.2373878222579,448.42514344700595,333600
2023-05-23,441.4595642089844,447.8070548743197,440.37056667600115,446.04112021157675,435800
2023-05-24,433.5227966308594,440.2234569345676,433.0322641654723,439.88989845087144,641600
2023-05-25,440.9297790527344,442.8036164685162,432.70845099700335,436.0734961742668,526800
2023-05-26,441.4399108886719,446.69843380752906,437.10362122060786,443.06848205631445,524100
2023-05-30,443.17645263671875,447.16936397670787,440.7924422046765,442.1070955015604,619700
2023-05-31,445.6192932128906,448.0327044466003,439.64461165666984,439.64461165666984,2362400
2023-06-01,444.22613525390625,445.5702191967905,438.3986078707758,441.62631948796604,604500
2023-06-02,450.1714172363281,452.5161766746094,445.4623177801568,446.4237721425033,507400
2023-06-05,446.2766418457031,449.8182718835763,443.78472853218886,449.5435748998624,366300
2023-06-06,445.3739929199219,449.0824167035221,442.7937876796914,447.6206397175739,370700
2023-06-07,442.0383605957031,445.07966737058723,439.4679756887092,442.9703541633523,594800
2023-06-08,443.65716552734375,444.2359902193819,440.35098164008417,441.43015900647924,357300
2023-06-09,443.2451171875,444.69710404185645,440.9003876063109,443.4315219167662,516200
2023-06-12,445.41326904296875,445.5604227848082,439.6446028450711,444.4910656744763,441500
2023-06-13,447.287109375,451.21136886088806,445.226867156964,445.41327187772157,302600
2023-06-14,447.79730224609375,449.54359671438544,444.57941030655417,447.3656312593495,371900
2023-06-15,452.4082946777344,453.96818431844866,445.56045071094263,445.56045071094263,396900
2023-06-16,450.09295654296875,455.2337270715914,448.6017486636002,454.62547162000317,1015400
2023-06-20,447.120361328125,450.2303504652036,445.93328109422816,447.87577057883624,425400
2023-06-21,447.6893310546875,449.37676387428786,444.5891923286475,447.2086188361055,447100
2023-06-22,453.2716064453125,453.65423613761624,445.3642255349576,450.5246366277173,516200
2023-06-23,452.08453369140625,456.63668939500167,451.75097520377267,452.18264617358693,670300
2023-06-26,451.4860534667969,453.0459429769648,448.7783049149536,451.41737174214046,363500
2023-06-27,461.9540100097656,463.10186907981034,456.018579529052,456.3325274726209,622900
2023-06-28,462.21893310546875,463.7690024798532,460.7178750606551,462.052138898359,576600
2023-06-29,467.1144104003906,467.57551207607736,461.36535482821705,461.8166662144454,342900
2023-06-30,471.69598388671875,473.60907238492973,467.89926757892925,468.97844493843996,556400
2023-07-03,468.3505859375,468.9882721331328,463.40601046940503,468.79204717768056,297100
2023-07-05,467.9385070800781,468.0562300728238,462.9939318066946,464.1025398879224,352800
2023-07-06,467.9679260253906,470.56774184869823,463.34711903832516,464.5243788758133,517100
2023-07-07,468.0593566894531,471.22291683369076,464.29647320379627,464.29647320379627,392600
2023-07-10,467.31268310546875,473.64963790250124,465.34773960036205,468.58008006140693,330200
2023-07-11,468.5603942871094,469.9063756554884,464.7090922121372,468.4916140755113,486800
2023-07-12,468.86492919921875,473.45305474900675,467.4010261372005,471.6846178743737,379600
2023-07-13,470.4565734863281,471.8320278520934,467.4600168503024,470.5548266515949,430100
2023-07-14,469.2579040527344,472.53935552152745,468.62910785187063,469.60177510116586,349900
2023-07-17,468.1772155761719,468.71756299222665,464.29644055399683,467.2733284630987,708800
2023-07-18,471.7828674316406,472.0481239660162,463.9034261256716,465.3378562282598,537100
2023-07-19,474.1702880859375,474.73030411146726,470.9477823354333,472.52954726973303,568200
2023-07-20,473.1484680175781,477.93309964712233,471.9007399485,474.07199366899573,471600
2023-07-21,490.6266784667969,493.20074929337426,484.6532342747103,491.2358060690979,838000
2023-07-24,486.4806823730469,493.32851120597184,483.4939600602272,491.36356783907985,745400
2023-07-25,485.69464111328125,487.5220538626865,479.190683981056,483.1205703432613,720000
2023-07-26,485.193603515625,486.34307849226684,478.4833057269479,482.4918066275466,450900
2023-07-27,482.58026123046875,489.27089089408264,480.2125009115566,488.5045641919885,421000
2023-07-28,483.76904296875,486.91296429708626,480.7823207050961,485.86171241726663,339000
2023-07-31,484.4076232910156,485.9304723011749,481.5781301930703,485.9304723011749,354800
2023-08-01,484.0146179199219,485.70447023693083,481.1556220240295,482.8946159096334,279800
2023-08-02,482.55078125,485.3115241995477,479.760565350134,481.30305304298605,338600
2023-08-03,482.3641052246094,485.0265949900634,480.5072194220384,480.5563609939304,303000
2023-08-04,478.1787414550781,485.6750045197663,477.6580327092001,485.6750045197663,234000
2023-08-07,484.06378173828125,484.1423662759307,479.7114096517452,479.8882773311021,312700
2023-08-08,482.66864013671875,484.16198615543453,479.32824273693274,484.0637629828421,353100
2023-08-09,479.996337890625,484.3585143331301,479.1317580576738,484.3585143331301,372700
2023-08-10,479.4264831542969,486.2743111341124,478.7092681209764,484.3584795970064,235000
2023-08-11,480.5367126464844,482.0988690142334,477.6482734694885,479.033532164025,319600
2023-08-14,487.5122375488281,489.1431440472666,480.4384598253224,480.45809846410316,376700
2023-08-15,486.13677978515625,488.7894651516263,485.3606188103861,486.74590739219565,370000
2023-08-16,486.9522399902344,488.9662947845125,483.5725352753057,486.3627510315554,364000
2023-08-17,478.19842529296875,488.12136472895185,477.64824358104846,486.39223505548296,346000
2023-08-18,475.8502502441406,478.6994116427088,473.6396893341505,475.359014486365,256100
2023-08-21,477.4714660644531,478.88622787159045,474.27843267715826,475.87003221452267,287000
2023-08-22,479.0236511230469,482.3640483288311,476.9899278599189,478.76819893077425,258200
2023-08-23,484.4272766113281,485.3213293608236,479.11210168370434,479.5443915841781,253400
2023-08-24,480.14373779296875,489.68355962088316,479.93742713039035,486.32349320274966,229000
2023-08-25,486.1171875,487.8463173274897,481.33255505265544,482.2167735982416,206300
2023-08-28,486.9522399902344,488.35716718751735,484.95779385161853,486.69678777885423,170600
2023-08-29,489.4183044433594,489.8407601070799,485.3017453434656,485.3017453434656,238600
2023-08-30,493.80987548828125,495.2737485917457,488.720679747747,490.3515862171667,298500
2023-08-31,490.31231689453125,495.88294454286154,490.12564487570137,495.88294454286154,395800
2023-09-01,490.7839050292969,492.5032304469006,487.88560161798824,491.59934332070605,248800
2023-09-05,484.74169921875,493.5544410892425,482.5311380179536,490.2435164434968,299000
2023-09-06,486.3234558105469,488.3375106546802,483.3956795656489,484.74169088130196,254300
2023-09-07,485.6750183105469,487.4532895488126,483.85743981223453,485.15430954988324,264300
2023-09-08,482.8946533203125,488.327720379646,481.3423313132712,486.7459254222257,382900
2023-09-11,489.1333312988281,489.8407121006274,481.68620923161774,481.68620923161774,285200
2023-09-12,485.0363464355469,488.62236133418344,483.4054401839366,487.7185043645899,307000
2023-09-13,486.7950744628906,490.44003596807084,486.1662782016181,486.2645313652739,373400
2023-09-14,490.66595458984375,491.7957908755749,486.9030717638524,487.43361479588305,309800
2023-09-15,487.1192321777344,491.09823008772906,484.7514720696024,490.88211512325586,725600
2023-09-18,490.4105529785156,493.8295651182217,487.45330371414923,487.9445395397168,229300
2023-09-19,493.9474792480469,494.9594238951548,488.4652703966026,489.16284688795434,316400
2023-09-20,495.3131103515625,499.9798510094093,493.3973084921462,494.360111586338,455500
2023-09-21,486.9424133300781,493.74110014338174,485.9402730897831,493.70182286613226,472700
2023-09-22,486.2939758300781,490.42036860066014,483.9556885922586,484.93816020595386,436000
2023-09-25,483.9557189941406,486.28417206764624,480.8609392131185,486.068027099749,437900
2023-09-26,474.98577880859375,481.18517308655333,473.9148882104012,480.5564067642223,377000
2023-09-27,478.1001892089844,481.4995327610382,474.9759365227154,477.62859201792924,488500
2023-09-28,478.94512939453125,480.6251776239679,475.90929537634327,478.1002181066431,411800
2023-09-29,475.7913513183594,480.92968864566444,474.4944815939783,480.92968864566444,422900
2023-10-02,475.39837646484375,476.3513751439333,472.3920156798095,475.3197619442657,330200
2023-10-03,471.6059875488281,475.87974483236803,470.92807977365584,471.36036965877014,356600
2023-10-04,479.59356689453125,480.5957072436265,472.98155136960065,472.98155136960065,359100
2023-10-05,481.27886962890625,483.6991578908732,476.5170478017983,480.11793592418957,398200
2023-10-06,486.8375549316406,488.83476542624504,476.06443596775773,480.1769139281295,423700
2023-10-09,491.4912109375,491.5994498537674,484.279616746282,484.3976737279084,275400
2023-10-10,489.15948486328125,495.85948864719586,488.6085322778686,491.3239628950196,416100
2023-10-11,493.9212951660156,494.8756290910943,489.8186350897366,490.7828171043992,247200
2023-10-12,494.18695068359375,497.34512509897553,490.6254249182582,493.8918082263922,251800
2023-10-13,489.7989501953125,495.27899149382415,487.78207353555166,493.99015284349974,314100
2023-10-16,493.8032531738281,497.3647788503396,490.77298390703,492.2487562055622,282000
2023-10-17,491.8552551269531,494.5805340324202,489.0316154148768,491.3043025014098,396500
2023-10-18,484.93878173828125,491.0976812047103,484.51573420950905,491.0976812047103,289400
2023-10-19,479.655517578125,487.7525991714731,479.58664099736797,483.85653863433464,428300
2023-10-20,474.3328857421875,482.08561430267474,473.2211324807677,482.08561430267474,481600
2023-10-23,470.10235595703125,474.9920827310223,469.9055743064007,474.33289122360804,458300
2023-10-24,474.7559509277344,478.8782774095098,470.67298678202803,473.3293890103824,638200
2023-10-25,473.4376220703125,497.2566105296874,471.4207451076344,476.94011954261214,911300
2023-10-26,472.62103271484375,477.84526458200503,470.63364001061075,475.1298337720758,509800
2023-10-27,467.888671875,474.46077031070985,466.79658481573705,470.97793945300094,450100
2023-10-30,476.9695739746094,478.67164209320987,468.33138836671867,471.1353616159907,509800
2023-10-31,480.67877197265625,483.6598311258526,476.18257802791874,478.9078270147768,843900
2023-11-01,479.2816162109375,483.71878093777354,475.7496049852919,482.2134944820007,602500
2023-11-02,486.0701599121094,487.0048276518111,478.95695709976684,479.4980615650706,722800
2023-11-03,494.423095703125,497.57139201026627,487.32952837874427,487.32952837874427,613200
2023-11-06,495.0724182128906,498.7421527235312,494.4624071180755,496.508828154666,517100
2023-11-07,498.87005615234375,499.7161812006533,493.9508152483648,494.8756349402859,486400
2023-11-08,502.805419921875,504.93050544831846,499.39146573011686,501.7625433122578,419600
2023-11-09,501.5068054199219,505.15690410393734,499.86379562978703,502.74646384276986,350100
2023-11-10,508.7971496582031,510.22368159007226,502.05775307436716,503.1498402514567,534900
2023-11-13,508.6494445800781,511.07952045294775,505.1764321212641,508.2854256035699,506200
2023-11-14,516.22509765625,517.1400691613113,507.9312655787703,510.3318572869699,539500
2023-11-15,512.4668579101562,519.9047479392285,512.2799243492018,516.599032381714,423500
2023-11-16,516.61865234375,519.5407126472891,512.7029558255284,513.8048609768805,384100
2023-11-17,516.244873046875,519.48177252273,514.7887967169082,519.48177252273,372500
2023-11-20,516.244873046875,521.4297730235598,512.5849860393355,519.8260954225992,353100
2023-11-21,518.6355590820312,519.9047015356593,515.6840147299741,516.0480337294487,325000
2023-11-22,519.9439697265625,523.1611718893643,518.0255141737554,521.0852670295752,404100
2023-11-24,517.1008911132812,520.5935408162601,516.1957073775266,518.7537491686514,280800
2023-11-27,516.5203247070312,519.5899264042008,515.0838846624678,517.6320780193947,589300
2023-11-28,517.3762817382812,522.423428136085,516.8843576063264,517.5927595819943,434400
2023-11-29,517.3370361328125,522.699022079673,516.7959315068377,519.8261414320332,377300
2023-11-30,529.5563354492188,530.6189084029023,517.5140421385827,517.7304599359874,1441800
2023-12-01,531.8486938476562,532.1241401268501,525.0207847184366,529.5563106542351,608600
2023-12-04,528.08056640625,533.2851022105468,525.3749836254075,528.9168134278679,486600
2023-12-05,526.8899536132812,529.1823363424064,524.8533809804514,526.5259346452667,343300
2023-12-06,526.7227783203125,529.3693322410562,523.3973667753089,529.2611233565876,351400
2023-12-07,526.162109375,527.8248155636984,523.4466781982532,527.8248155636984,361400
2023-12-08,527.9329223632812,528.8971344369578,523.1219502821485,524.833836549594,394000
2023-12-11,531.484619140625,535.6462775085989,528.277264633667,531.2779894158732,593500
2023-12-12,534.6822509765625,536.2072039236488,533.2655069371609,533.3441715703833,693500
2023-12-13,541.8741455078125,542.9956869283877,535.7349417452207,536.069416538421,690600
2023-12-14,530.126953125,542.9169799832771,529.5366081634816,541.8741032721907,985100
2023-12-15,532.8029174804688,533.2456611278008,524.361484112274,527.1064586961397,8038300
2023-12-18,534.199951171875,536.0495903246642,530.343283598734,535.6462390426278,653300
2023-12-19,532.8128662109375,535.7545629276484,529.0447105264776,535.036372906993,499900
2023-12-20,526.2996826171875,536.1774955030417,526.1717775656851,531.6911507599489,676200
2023-12-21,531.5731811523438,532.8325356973762,526.9490825093807,529.8022663665555,407700
2023-12-22,534.0819091796875,537.0433015248549,532.6061370514769,534.377111644787,420800
2023-12-26,534.7705688476562,537.6433881963055,532.9996544560045,534.8295973257341,443600
2023-12-27,534.9674682617188,536.1972785335848,533.9737719541583,535.902136078203,539400
2023-12-28,537.3286743164062,538.5387882872287,534.7903293550804,535.3904622959499,267800
2023-12-29,536.364501953125,539.9850560933221,534.9969986039018,537.5943121929744,398900
2024-01-02,525.8570556640625,536.433424635743,522.3545582019258,533.6196329769778,618500
2024-01-03,522.4234619140625,528.7495994541072,522.2266802386908,525.8570829692197,488400
2024-01-04,515.70361328125,522.3741318545168,515.054299992813,517.5040720186222,601000
2024-01-05,514.6215209960938,518.1437146110403,513.2736536722323,516.5203409483266,444000
2024-01-08,520.9862670898438,521.5478128614857,514.3652828315921,514.6214602772117,509200
2024-01-09,523.6859130859375,525.1736667242245,519.1635389202099,520.9764455060401,373000
2024-01-10,522.4838256835938,523.4888110111958,519.587156329521,521.1734118926785,401400
2024-01-11,524.5529174804688,525.0060989993054,520.4049475196406,522.0601785846593,336300
2024-01-12,526.3165893554688,527.9816828931579,523.2327175363429,527.9816828931579,435000
2024-01-16,529.35107421875,529.6072516411587,523.547873839107,524.6316366340949,428800
2024-01-17,529.2722778320312,532.0408584120497,524.7105152907284,527.7845243284874,427400
2024-01-18,533.9523315429688,534.2281733435912,525.8042040920998,527.1244802492101,425000
2024-01-19,540.40576171875,540.4353484119268,533.341457638346,535.2922550502475,427300
2024-01-22,541.8048095703125,545.243420717272,539.8146233911862,541.8935095133314,449200
2024-01-23,544.662109375,545.0463755822742,537.8539825950098,541.893528480368,304000
2024-01-24,539.6962890625,546.0610348885693,539.2529097070993,545.2629761030652,353600
2024-01-25,543.5684814453125,545.2138504038555,540.1791813512939,544.0512496920572,884500
2024-01-26,541.578125,544.9280356237405,538.3465009916492,544.790084685406,426300
2024-01-29,547.736083984375,547.9626747476107,540.6421934893915,541.2136616483693,413000
2024-01-30,553.29296875,554.3964561430089,546.957748403074,550.0317575886777,621300
2024-01-31,529.0851440429688,541.223566481972,517.4393520919014,519.7054403092941,993200
2024-02-01,537.7653198242188,538.2086993143737,526.9274485053971,530.6320395960659,561900
2024-02-02,541.5191650390625,543.1448698004161,530.6024559374741,536.0805048845598,489600
2024-02-05,537.8441772460938,541.4699307493006,534.0706105289005,540.7013982534721,335600
2024-02-06,537.2627563476562,540.2875145246975,533.8833186794087,540.2875145246975,348600
2024-02-07,540.6028442382812,542.5241151576162,538.7505488031392,541.8935337040449,413600
2024-02-08,537.3021240234375,544.9280326090043,532.4152090531974,542.7210581500391,508800
2024-02-09,542.1495971679688,542.6520897788766,537.0754801833846,540.4056663737696,388000
2024-02-12,534.3168334960938,540.7604180997996,532.0606076956211,540.7604180997996,343900
2024-02-13,527.5282592773438,530.1589486046435,524.188271257238,528.8879238338802,433400
2024-02-14,533.7256469726562,533.9226510232428,526.6711460036988,528.0012841584373,460900
2024-02-15,539.9031982421875,540.8392080367544,530.3560186087005,535.1542339320855,420600
2024-02-16,537.5287475585938,542.3171006647168,535.9720186401726,541.8441947190892,552700
2024-02-20,536.0902709960938,539.3613442608115,531.8536613339442,537.5287734975243,440500
2024-02-21,540.927978515625,541.4107467527454,532.4941473059322,534.8883241649845,381200
2024-02-22,547.125244140625,550.4258441989335,544.3763877971979,544.3763877971979,610300
2024-02-23,548.6622314453125,551.7165161748184,546.7606851284843,550.9184572528795,985100
2024-02-26,539.834228515625,548.3666208783341,537.7849293110777,545.9133310623615,847200
2024-02-27,539.0363159179688,540.4748187518558,534.5238634431886,539.932937181848,852200
2024-02-28,535.4401245117188,537.794912831158,533.6863309944777,536.3662722952542,457300
2024-02-29,536.7011108398438,538.1002245112352,531.3117629833106,538.1002245112352,817900
2024-03-01,539.883544921875,541.716115629295,532.6319795252858,533.0950833848987,781700
2024-03-04,539.1544799804688,543.9231695423624,537.4106089530238,541.2530906606912,521200
2024-03-05,529.094970703125,536.2183878363866,526.8485469640985,536.2183878363866,431400
2024-03-06,532.2477416992188,538.1494440841624,527.6958417570349,529.5776633662874,441900
2024-03-07,538.2677612304688,541.0462042834612,535.2823917323245,537.1051605434245,301800
2024-03-08,537.9031982421875,540.4648525177754,536.3267447271272,538.1199267742599,310400
2024-03-11,545.7163696289062,546.0907736212179,534.8982230499007,537.1741735633954,521400
2024-03-12,547.0169067382812,550.0318029240265,545.4601775558662,546.4257140704432,465100
2024-03-13,541.4205932617188,549.5489957505296,539.5879622703117,549.5489957505296,439500
2024-03-14,539.0165405273438,543.7063919505264,535.8538314451844,541.5289437510339,375900
2024-03-15,539.2825317382812,543.6570925573668,534.2971139695734,536.3957245058913,877100
2024-03-18,538.1100463867188,543.0462129312139,537.3908252002249,540.5140852974599,373200
2024-03-19,543.7360229492188,544.1301514322118,537.7358166971462,538.9378063398173,317800
2024-03-20,545.8937377929688,548.5736791333808,541.9920823659011,544.9380634345748,442400
2024-03-21,548.0809936523438,550.3963328454968,546.2878114955563,548.3469732183745,425000
2024-03-22,548.179443359375,550.73123531674,544.8886456197584,550.73123531674,240500
2024-03-25,542.8196411132812,545.8739258404054,539.7357696941755,545.8739258404054,576200
2024-03-26,546.2582397460938,547.4011761626161,541.1053440468951,542.8196885361206,419000
2024-03-27,550.938232421875,551.5885383503024,548.3371289792822,549.5687052151055,362800
2024-03-28,552.5737915039062,554.8497419500143,549.5785596540966,551.7461458255227,478100
2024-04-01,545.4600830078125,556.6723557991778,543.8935520010275,554.0613906071397,268400
2024-04-02,537.893310546875,544.7211610172051,535.4104339629187,543.8639888890392,775300
2024-04-03,536.65185546875,541.1643668559752,534.9177868062941,534.9177868062941,927300
2024-04-04,530.0909423828125,546.9522355502415,529.9231737141442,542.6999080060883,451500
2024-04-05,535.7442626953125,538.4969094132626,529.686404531362,530.3277312917953,338800
2024-04-08,535.9612426757812,538.2107638348231,532.9718171779144,534.0867019283829,371900
2024-04-09,536.2078247070312,539.5426026764954,533.9188607611086,537.1056819702894,315700
2024-04-10,528.818115234375,532.616636002757,527.3381861549071,531.6003891299908,481800
2024-04-11,532.4192504882812,537.3819142255669,528.5714111526939,530.57427722521,398000
2024-04-12,528.6602783203125,537.6187389177195,527.1803492529054,527.2296681781254,590600
2024-04-15,521.1915283203125,535.1127123849947,519.9187508657488,535.1127123849947,800100
2024-04-16,519.9285888671875,525.0392693144138,519.8990216035272,523.8948174898426,405300
2024-04-17,519.425537109375,522.6123590297427,518.6362535563381,521.2508193079024,447800
2024-04-18,520.2149047851562,524.4376051081007,519.1295871586938,523.411542463852,477300
2024-04-19,527.2296752929688,528.5320201160779,522.4642867704392,522.9773481239738,776900
2024-04-22,531.8963012695312,533.4354249250955,527.2493630382786,531.7088411991149,584000
2024-04-23,532.399658203125,536.3757640546861,531.2748974183752,532.7252595289169,381500
2024-04-24,530.8110961914062,531.5017417931925,526.7067258952558,529.0845122961742,631600
2024-04-25,533.1788940429688,535.8427781198498,526.6179120182287,529.8638677429867,552900
2024-04-26,519.7313232421875,533.060498875502,519.4747925993601,523.2831284945928,856100
2024-04-29,506.7080078125,519.612946194451,504.77421211176187,515.4001223091727,698100
2024-04-30,504.6163635253906,506.3232259728251,501.56771311014086,506.0173763593015,901800
2024-05-01,507.87225341796875,516.347281033132,504.28094405650904,505.1491740168284,767700
2024-05-02,503.9849548339844,508.54313187694254,501.419738241329,508.54313187694254,694100
2024-05-03,510.2893371582031,512.5684250972109,504.6557198580736,506.10602117450725,1067600
2024-05-06,508.6417541503906,511.8680189239691,505.8989834761675,510.664372136335,651700
2024-05-07,513.298583984375,513.9596020765244,509.59876148445124,510.9799924200104,309900
2024-05-08,514.077880859375,521.1815505729667,513.9496155561923,514.6797040706464,463200
2024-05-09,516.3275146484375,516.8010726604308,513.0321795657431,513.6735062223719,311600
2024-05-10,516.4951782226562,519.4352843225743,514.3049123889225,515.0350010001671,346700
2024-05-13,514.7785034179688,520.313423322565,514.1668042601594,519.8299894931799,344400
2024-05-14,513.8609619140625,516.5346617554699,510.3485995120408,515.0152896676647,419800
2024-05-15,524.3291015625,525.6215707778227,515.7356235131768,517.0774718813003,626500
2024-05-16,531.5905151367188,532.3304796790078,524.07248020454,525.2663113447484,792100
2024-05-17,534.6390991210938,536.8194890393032,529.9822251279186,531.5904192605881,787900
2024-05-20,539.0592041015625,539.3650536882938,532.9322763201142,533.5440357120424,777900
2024-05-21,534.15576171875,538.4179044903829,531.0281348958238,537.7568863603959,380400
2024-05-22,540.1248168945312,542.5420465323153,531.6300380877337,534.2149761667931,512000
2024-05-23,537.3325805664062,542.4925800647366,535.9019705850573,540.262871104034,529500
2024-05-24,537.3721313476562,540.539201509174,536.3756962714554,536.9282007631543,369900
2024-05-28,525.8878784179688,534.787144229974,523.776498503496,534.787144229974,518300
2024-05-29,523.835693359375,525.6806667731058,521.4184638469862,521.4776586007462,551800
2024-05-30,519.5341186523438,521.754012550764,517.3043489238632,520.5799329246382,476500
2024-05-31,525.6314086914062,525.8681877338539,517.5115495653527,521.339577782381,765800
2024-06-03,528.9857788085938,529.1831147128149,522.8490356510208,525.6313093106878,549900
2024-06-04,536.1290283203125,537.5990816524293,527.8315250992586,527.8315250992586,506400
2024-06-05,539.6019287109375,540.5194776343986,534.8365998070079,537.7076361018072,374000
2024-06-06,542.995849609375,546.2418660414182,537.9049198976401,540.6575664011486,395500
2024-06-07,546.6168823242188,549.4089724166836,543.6767149868466,544.6534587495128,394000
2024-06-10,549.0537109375,549.1721004512218,543.7753210922457,545.9360200453747,313200
2024-06-11,548.2841186523438,548.9353211960142,543.400400667169,548.9353211960142,316300
2024-06-12,550.7211303710938,551.5992361613991,544.7422187264605,549.9910415902913,526300
2024-06-13,539.8485107421875,549.0142433468045,539.0099083543242,545.2650415179686,482800
2024-06-14,542.0979614257812,547.3171556034123,540.0950954342961,540.706794554606,431100
2024-06-17,546.1826171875,546.7449372090233,540.3023443473062,541.6540080015268,632800
2024-06-18,552.6055297851562,554.3716171402469,544.357405636671,544.357405636671,496100
2024-06-20,551.7373046875,556.3744281862286,548.6196136947116,552.5068967700109,548300
2024-06-21,553.9769287109375,557.3215829984389,550.1192732734015,557.3215829984389,1028900
2024-06-24,555.022705078125,561.0706865304912,550.7802539032176,553.1284127812228,529100
2024-06-25,555.4568481445312,558.8902643975835,554.3025203040171,557.5287850222281,391300
2024-06-26,550.079833984375,554.9734885576867,549.1919125337691,552.4871880590355,372100
2024-06-27,554.5393676757812,557.8642706567317,549.4780046963033,552.5858802866763,435500
2024-06-28,556.1178588867188,561.8797426206049,552.4476636606818,554.4504697088337,742900
2024-07-01,555.1017456054688,560.9425163053298,553.1285065645786,559.52178178715,360400
2024-07-02,555.5752563476562,559.9459732244469,553.7401586484881,556.5915032719577,503700
2024-07-03,552.950927734375,556.7888921592187,551.5499448626897,555.6148125095626,284800
2024-07-05,555.0325317382812,555.5258413711622,548.6589496028133,550.8492756864046,324800
2024-07-08,550.0829467773438,553.0566448341032,546.8919316673652,551.8908871787513,315300
2024-07-09,543.829345703125,550.9425001638541,542.6142031719284,550.9425001638541,348700
2024-07-10,546.38818359375,546.38818359375,542.8316361485087,544.6099098711293,443700
2024-07-11,549.2235107421875,551.4265897594545,546.5066854684306,546.5066854684306,436300
2024-07-12,551.64404296875,554.973384483442,550.290574652041,552.2170630798472,400700
2024-07-15,552.4047241210938,553.9162356271773,547.6033068515793,551.1500254567707,566500
2024-07-16,560.2291870117188,560.5749406849008,551.6242379479861,552.4145751287319,405700
2024-07-17,564.37841796875,567.3619447425779,559.7449940752252,563.1632152550138,661700
2024-07-18,564.2994995117188,566.2555946513097,560.9997647915018,564.3785513220764,352000
2024-07-19,560.4662475585938,568.0634815763253,557.5419338414989,565.8406244745049,459200
2024-07-22,569.5947265625,570.2665160871322,563.370739223571,563.9338702145538,505300
2024-07-23,567.34228515625,572.1139748006221,566.5617767684931,570.5333005981608,430800
2024-07-24,525.5525512695312,539.4133293161061,514.1616747732625,539.4133293161061,2064400
2024-07-25,534.3650512695312,541.5769765142451,528.1607803709827,534.6021464098054,1094500
2024-07-26,541.912841796875,546.8722420649107,535.728349607606,544.0072623703908,777900
2024-07-29,539.1070556640625,549.2432935117122,536.0938614850922,542.4561747749141,400600
2024-07-30,538.2376098632812,544.8469065725524,535.1255861867083,539.927002758971,327000
2024-07-31,538.178466796875,543.622007150615,536.4495777341957,541.3892607704222,560500
2024-08-01,537.8326416015625,542.5253398621055,531.361609445307,537.8820263655863,441000
2024-08-02,529.563720703125,541.3991826814471,525.6514697931214,540.3025874524998,740000
2024-08-05,511.2867736816406,564.299416411156,509.6566544394623,564.299416411156,934500
2024-08-06,511.8894348144531,522.8456168798803,511.6720574280985,514.2209504928966,596900
2024-08-07,509.0343017578125,520.770992665919,508.57982924224854,518.5777421937672,465800
2024-08-08,516.7105712890625,519.4372856967398,510.15065840955776,512.7093801958332,347100
2024-08-09,520.4251708984375,521.4229360213,511.7213932411914,514.9420755849593,300100
2024-08-12,513.796142578125,519.8916938969207,512.9662493869708,518.1825830482632,299000
2024-08-13,518.6864624023438,518.8247276910429,512.6106285515391,513.7961644613133,388500
2024-08-14,521.6304321289062,522.0058527941194,517.3823175633848,517.9058925129585,272600
2024-08-15,539.9763793945312,542.4462202756566,526.0662186683555,528.7830436375933,608000
2024-08-16,541.8831176757812,543.1674229414045,538.7809828950284,541.8337329153443,389800
2024-08-19,543.2465209960938,543.9380885976573,539.5318701523657,541.0137748847769,273900
2024-08-20,540.8458251953125,545.2124874495615,538.2574365030732,543.7799675278002,266800
2024-08-21,544.8271484375,545.2519538550888,540.7865223150546,543.3057480838899,324400
2024-08-22,539.3837280273438,547.810856347983,538.435347462452,545.9140349193334,456400
2024-08-23,541.2114868164062,544.0270822740997,536.2224185726468,543.5232249124582,392100
2024-08-26,540.134521484375,545.6670022494432,538.7613355304029,541.3299463971005,330200
2024-08-27,544.5505981445312,545.0544553955835,536.7557648698144,536.7557648698144,341600
2024-08-28,543.691162109375,547.9194993720056,542.456241368125,545.4990426593827,304000
2024-08-29,547.1390380859375,553.2444788487982,546.3091448361646,548.6407209670203,278700
2024-08-30,547.7218627929688,550.6560656303004,542.4068197585758,550.6560656303004,407600
2024-09-03,545.6965942382812,551.4068961890908,543.1674791936898,546.615367953429,427300
2024-09-04,551.7723999023438,552.8393881589171,545.004998996806,545.5879080375686,397300
2024-09-05,548.2158203125,550.5276182693011,543.3947456355361,548.6505147873319,315500
2024-09-06,541.152099609375,551.1599010436797,540.174052135347,548.6110080242817,409400
2024-09-09,546.7142333984375,548.1467534859007,543.2465663870372,543.2465663870372,309600
2024-09-10,545.6669921875,549.8261663241807,541.3892101940742,549.8261663241807,314400
2024-09-11,543.2069702148438,543.9281444825912,531.4406140641231,543.6416646376022,385700
2024-09-12,544.6591796875,544.8765570371004,537.9412246538444,543.868842677455,354400
2024-09-13,545.1829223632812,548.9567868526133,544.6395090315799,545.2125291038344,297900
2024-09-16,549.8458862304688,550.8536006648384,545.5878827130553,548.2948188300803,241100
2024-09-17,545.1730346679688,551.4168008013125,543.977609753741,549.9941697798056,297600
2024-09-18,543.2958374023438,547.6921662817819,539.6305717844277,544.9951193037749,281300
2024-09-19,554.0940551757812,554.9931111650502,549.3717500249029,552.1280711734926,521400
2024-09-20,551.3080444335938,555.3586201283167,545.7459572995016,547.9194295870534,1507100
2024-09-23,551.0216674804688,553.2643029754443,550.1226716589321,553.1951401739618,349600
2024-09-24,545.3212280273438,550.013926901912,544.1554700691044,550.013926901912,357500
2024-09-25,541.744873046875,546.4079649265516,540.6976627139726,545.3409765669783,401600
2024-09-26,545.8349609375,546.6549651833142,543.0193658015307,544.5110993876176,415200
2024-09-27,547.1192016601562,551.3179316318242,545.5978012133049,546.4573011130084,310500
2024-09-30,549.7273559570312,551.3179191562275,542.7130313414535,547.5044989635073,593300
2024-10-01,541.656005859375,549.8854741228845,539.9765016202776,549.8854741228845,445900
2024-10-02,544.718505859375,545.5483989940121,539.3145225180843,542.7426329947531,367000
2024-10-03,542.3079833984375,545.9732495729959,538.4648958872209,542.3771461902812,623400
2024-10-04,538.2870483398438,545.3903139416361,536.1926278560393,545.3903139416361,316600
2024-10-07,531.38134765625,534.9972286544948,530.8676014316386,533.6338715959897,388700
2024-10-08,537.1095581054688,537.6438274255534,529.9370166365575,531.3814398288883,309200
2024-10-09,540.0973510742188,544.3019446537268,533.9042223993472,537.940649142933,512300
2024-10-10,533.6865234375,539.5037062953983,533.5084538050814,538.9001776497475,577100
2024-10-11,545.6572265625,546.4091163821894,533.458943401196,534.4878706841632,843500
2024-10-14,547.912841796875,549.0703244926052,545.1625146110478,548.1700735921596,271900
2024-10-15,550.2377319335938,555.3129275333974,547.5665668205834,548.991184188652,381600
2024-10-16,554.8677368164062,555.5998209681336,543.7775435103317,546.6267783159574,365300
2024-10-17,557.7169799804688,560.4177932788191,554.1455637905154,557.5982668937097,411500
2024-10-18,551.662353515625,559.7352054573641,551.2468577251549,557.7169622804026,320500
2024-10-21,550.85107421875,552.5032148440271,545.251572862666,549.8716611511724,422000
2024-10-22,546.201416015625,550.069675932406,544.8460577362696,549.3078831830364,519100
2024-10-23,537.1392822265625,544.1238514314326,529.2841100287571,544.1238514314326,718600
2024-10-24,536.30810546875,544.7865496652051,536.2091980356158,537.900949900157,369900
2024-10-25,536.2092895507812,541.4823609106311,534.2306574860182,540.7601191465128,535300
2024-10-28,539.3057861328125,539.9488656266791,535.219906599294,537.1985384166666,282800
2024-10-29,542.946533203125,547.1709320142168,536.1795849246427,537.8614342683438,424800
2024-10-30,541.3834228515625,546.0431233582461,537.7427468981424,542.6003226987965,626300
2024-10-31,531.98486328125,541.93737963742,531.7672427492391,541.3833651032357,567000
2024-11-01,535.1309204101562,536.8424782447273,530.3822154257086,530.8669706310689,510800
2024-11-04,536.2883911132812,536.4565579125185,527.6120711675737,536.2389373938646,416300
2024-11-05,536.90185546875,539.7807387293368,534.0625231139602,537.8417178332242,422100
2024-11-06,558.6370849609375,561.8721678128509,538.3462028266695,544.9350816275332,678400
2024-11-07,566.14599609375,567.5903588399035,557.0244709768314,559.774798500318,580200
2024-11-08,561.5555419921875,568.856698888567,560.358447896626,568.856698888567,391900
2024-11-11,559.10205078125,567.7882137385394,558.8250133213223,561.694053833746,388000
2024-11-12,558.7360229492188,559.9330566775739,553.7300863480374,558.0632953075923,539700
2024-11-13,565.0972290039062,567.9959172159184,555.213973264102,555.213973264102,372100
2024-11-14,558.7360229492188,567.600255764116,557.7961606619989,567.600255764116,549700
2024-11-15,542.3726806640625,559.1316957889659,541.4427212270753,556.7672764867056,581300
2024-11-18,543.5005493164062,544.499768180398,539.3355070405086,541.7791490641295,566000
2024-11-19,542.1055908203125,543.747828732163,536.3972184544374,538.850702692931,356200
2024-11-20,543.5796508789062,546.3695290529324,539.9092670335244,543.6390074195003,360800
2024-11-21,548.3383178710938,549.3474395542507,541.8385042437561,544.4997668060932,536900
2024-11-22,554.155517578125,556.0846959899714,549.6145302512577,549.6145302512577,250000
2024-11-25,551.9788818359375,559.4185562706089,550.8411444674381,557.073882561935,531400
2024-11-26,555.8868408203125,556.2330773038933,547.9030526057034,553.334388361742,360700
2024-11-27,558.3204345703125,558.7161851051933,551.3161210907421,555.1843199029178,358600
2024-11-29,560.3881225585938,563.4253297354263,555.2041167027035,557.370721023106,365700
2024-12-02,562.5548095703125,563.2077316170831,555.9362825542684,560.3882049314353,595900
2024-12-03,560.8036499023438,561.4467294517069,553.809178578355,558.251258113463,509000
2024-12-04,569.7965698242188,573.8923526104056,561.6347127161056,565.166578128856,699700
2024-12-05,551.939453125,564.8994693365909,544.5393279478155,564.8994693365909,750900
2024-12-06,545.3109741210938,554.016942570592,544.1831394246419,551.048994663964,544800
2024-12-09,542.5606079101562,545.1823191932516,541.2151527807184,543.9555771409376,528400
2024-12-10,543.5994262695312,546.3695593389466,535.1308838380573,541.9769939423422,587900
2024-12-11,544.5096435546875,547.5468508973541,543.8369159258152,545.98371472209,495700
2024-12-12,542.1749267578125,546.3003579532453,539.4543075054388,543.540127412041,324400
2024-12-13,537.8515014648438,540.0280087069507,534.5670255340027,537.8416590267674,590300
2024-12-16,536.248779296875,540.0180705350517,535.9916078795545,537.2380952164285,598100
2024-12-17,531.015380859375,537.8416856421834,530.6691444009529,535.0419043607639,1086900
2024-12-18,521.092529296875,532.271849149064,520.7166447442128,531.0153984226713,840900
2024-12-19,516.1755981445312,526.9888142578743,515.8788154354336,522.9128373647899,644700
2024-12-20,519.78662109375,524.8716591544269,512.9603169274155,514.0881515954279,1742100
2024-12-23,519.33154296875,520.6275445122135,516.4724052394952,517.3232025067645,546900
2024-12-24,522.4973754882812,522.5270235695887,516.0668213805139,517.244109855566,228100
2024-12-26,521.6069946289062,522.9029962641494,519.6184596686572,519.697621861445,312600
2024-12-27,518.3125610351562,521.9532973475699,514.652139844681,519.4502986806682,422400
2024-12-30,514.3156127929688,516.2447907271309,508.41926874173095,513.9594735881208,357200
2024-12-31,514.2958374023438,516.4426963433227,511.3872462922572,515.4929313581548,451900
2025-01-02,508.3006286621094,519.0940996705399,508.1324618550689,519.0940996705399,653400
2025-01-03,509.96044921875,515.9256688899086,508.54345931014547,515.9256688899086,478700
2025-01-06,502.4889831542969,508.78124912072207,500.1702642304966,508.07768332548835,969000
2025-01-07,502.4889831542969,508.9893008989051,499.9423447171004,503.8465210069416,621700
2025-01-08,505.6598815917969,507.2156129981335,499.72435773307615,502.7069977841937,960700
2025-01-10,498.138916015625,506.1157365747606,497.534477180158,502.8556436422413,575600
2025-01-13,503.38079833984375,505.2238709996271,494.92836212850443,494.92836212850443,572700
2025-01-14,506.0463562011719,507.21561933745517,501.0026426223802,502.1520985028247,535800
2025-01-15,513.2503051757812,516.2725599813969,509.09840166873306,513.2700821928798,1000800
2025-01-16,514.3798217773438,515.4698558126335,511.11975937906243,514.082561760507,619700
2025-01-17,517.5706176757812,524.2493220329146,515.3410766407053,524.2493220329146,763800
2025-01-21,525.9635620117188,526.5878383280884,518.2840319257516,519.3245327731478,686400
2025-01-22,529.5902709960938,531.0567940377484,525.09151440048,526.0527256633065,481100
2025-01-23,528.3912963867188,528.5102004012186,523.2385673310972,526.2707406611861,387600
2025-01-24,526.538330078125,530.1353278889442,524.5268200033017,527.6184454882776,385400
2025-01-27,536.4077758789062,536.7446504356305,522.4062532345605,523.1097585925168,748400
2025-01-28,544.6223754882812,548.2193732319494,530.8190463353803,535.1988389439692,686000
2025-01-29,538.0823974609375,544.9097014742026,537.9238184546675,542.918028989277,691300
2025-01-30,565.41162109375,578.9969805057099,556.4934563416077,560.843553441506,1153800
2025-01-31,570.4157104492188,576.6286569937391,564.8864317596855,566.7988752524798,1158100
2025-02-03,571.7930297851562,576.2124973675785,564.4999678074905,570.0094090432514,892400
2025-02-04,572.4172973632812,574.349578337534,565.9664823545547,572.8136844021636,768100
2025-02-05,576.1331787109375,576.955648523486,567.9086620259579,572.8830349315018,484800
2025-02-06,578.114990234375,578.4618439996093,572.456949529023,577.0745498990088,714800
2025-02-07,567.552001953125,579.1158717249134,567.3736459196471,578.1448020492536,496600
2025-02-10,569.2959594726562,570.0292210408478,562.2505641130225,568.0870213757756,569100
2025-02-11,576.0638427734375,576.1431322792407,565.3125244754818,565.3125244754818,552900
2025-02-12,561.6065063476562,570.5841220734098,561.3092463196847,568.4140331489643,688500
2025-02-13,568.2158203125,570.197634405136,560.1399641731083,564.2026588709455,400400
2025-02-14,568.364501953125,572.6749235747736,567.7203881567092,569.7715730774081,353200
2025-02-18,567.323974609375,568.919320254097,564.3016600837079,567.7203010939403,550800
2025-02-19,571.7930297851562,572.6947891443439,562.9739925967821,567.3240894223305,478000
2025-02-20,576.1331787109375,576.589017741541,563.8360484339738,569.7319576682038,474700
2025-02-21,568.8302001953125,575.1224964747909,568.3248279050048,574.1216706418551,634300
2025-02-24,571.3372192382812,574.6270379906615,567.0763309043547,569.8904731333877,512100
2025-02-25,581.9994506835938,588.5096576445029,571.8426520716462,572.8830925163473,984000
2025-02-26,569.9202880859375,581.573305705423,569.2068034675019,579.8788931369658,646000
2025-02-27,567.2942504882812,574.6765196430696,566.7789595009979,568.8202254765614,549100
2025-02-28,579.1852416992188,579.6113245253116,568.443781349671,573.7847855189056,911100
2025-03-03,580.4832763671875,586.6169936353858,577.8474901354379,583.138900094268,709900
2025-03-04,579.5122680664062,584.6352412972227,577.1539041190306,581.0778578787304,870700
2025-03-05,588.4105224609375,589.7581415555001,576.6979936828254,577.2727367155707,629100
2025-03-06,582.9407348632812,586.9638153996622,577.5601163945862,584.3874810487436,569800
2025-03-07,583.0299072265625,584.5558823429195,572.714530749387,580.2949940339953,462700
2025-03-10,571.2083740234375,585.7845778418528,568.8599291823158,581.4939939139914,748700
2025-03-11,560.6056518554688,571.4560959228979,558.8021938044296,570.861515417188,611700
2025-03-12,561.26953125,564.0539775268111,554.5115381892344,561.5073392553959,621500
2025-03-13,557.7617797851562,562.7361526604002,555.6808991175942,558.3166853285173,431800
2025-03-14,564.1134033203125,566.5906707283698,560.5758582039873,561.1605199235598,428900
2025-03-17,570.3561401367188,572.9820071840576,564.1133781626922,564.1133781626922,499000
2025-03-18,571.6146850585938,572.1299761311728,564.4801414697679,568.622186586746,459800
2025-03-19,572.575927734375,575.0531957491887,567.0764048375238,573.9433845169663,488800
2025-03-20,570.217529296875,572.189424840709,565.6593201368906,569.087880635124,439200
2025-03-21,566.9772338867188,567.878993243121,559.1292663584746,564.7377740980625,879700
2025-03-24,571.4066162109375,574.2702918291767,568.9392066733061,572.040750804218,568900
2025-03-25,573.8045654296875,576.8664344132148,567.3141362042452,570.5345841881837,735500
2025-03-26,577.4114379882812,579.9481574813664,574.2900567557008,574.2900567557008,336500
2025-03-27,587.1619262695312,588.8464802526983,572.8532268796071,582.3262953080502,627300
2025-03-28,577.3421020507812,586.3394945802064,575.340450442525,584.000968441554,876500
2025-03-31,584.2190551757812,586.6269522957283,574.9144225101851,577.5304319047596,994700
2025-04-01,585.4081420898438,587.6079268834445,578.9176520175337,580.4733834660599,438600
2025-04-02,584.991943359375,587.5584195453098,574.7955303356223,578.8780630445412,411900
2025-04-03,574.4288330078125,585.1306171267993,571.5650970979976,584.4964220951136,994200
2025-04-04,537.6385498046875,573.8979334406945,536.6065596034188,572.3499178556116,1672600
2025-04-07,528.44970703125,543.4734360197333,515.5297507149065,528.9557995733085,1109300
2025-04-08,515.2022094726562,537.7278674959704,509.97266789116077,530.7121634621924,806300
2025-04-09,549.5067749023438,551.9875732861731,509.9231413540354,513.5351983368189,1153100
2025-04-10,545.378662109375,550.2112522467005,529.005393687718,543.7314387234264,944000
2025-04-11,555.8575439453125,560.3825174615165,539.1469211058139,544.5352075545175,669100
2025-04-14,561.5336303710938,566.3463545784929,554.3690537852304,564.0739652661498,378400
2025-04-15,562.7244262695312,567.2890706661622,559.0131619056542,565.5029081008006,340700
2025-04-16,551.9974365234375,565.5128195679607,548.286172300107,558.258968431535,635200
2025-04-17,552.9600219726562,560.1344714538939,552.156245726071,557.18731207187,343100
2025-04-21,535.1281127929688,551.0746931340256,530.8015540930382,546.1924379817698,372600
2025-04-22,547.0655517578125,547.5517784653396,539.375078113697,541.3895151207163,517600
2025-04-23,546.8473510742188,559.7871732800318,546.1229167811853,551.5509349883549,623400
2025-04-24,555.3614501953125,557.1178749191066,543.7910326105034,546.8870643012244,674300
2025-04-25,553.41650390625,554.9446538745678,546.807623233946,554.9446538745678,671000
2025-04-28,547.7106323242188,553.9126277519177,531.4167668951494,533.8181625661732,805900
2025-04-29,551.898193359375,553.7736913221335,547.7900375977027,549.1693153573714,716500
2025-04-30,555.7781982421875,556.5919073182008,543.5428845845151,550.6379916495434,670400
2025-05-01,553.3073120117188,559.8764605391389,552.255456039344,559.8069909243341,590200
2025-05-02,561.6923217773438,565.0265602225026,557.782581820752,557.782581820752,556000
2025-05-05,566.7432861328125,570.9011061251877,558.983342493676,561.5732811455711,647800
2025-05-06,565.3242797851562,569.6111061444702,556.6315536037441,561.1069230401931,584900
2025-05-07,569.8790283203125,572.0026061557327,565.1159077992085,566.0486903627618,396000
2025-05-08,570.563720703125,577.6984987548562,568.1226540347863,572.3300780948339,485200
2025-05-09,566.0982666015625,570.127080335636,560.0352105173886,570.127080335636,333200
2025-05-12,571.4171752929688,575.4657944499593,562.4465700124706,575.4657944499593,750900
2025-05-13,572.6376953125,578.095451363317,571.0400758044606,573.3819347739751,554600
2025-05-14,561.5931396484375,572.439181413725,559.1619454554344,568.4103678185388,623100
2025-05-15,569.98828125,570.3554345786088,560.9383332679176,561.394761424367,515800
2025-05-16,578.403076171875,578.54201540926,569.8095571502508,574.5628053411722,611500
2025-05-19,576.0115356445312,579.5442503775372,573.9574880609495,577.2817333777058,533500
2025-05-20,573.7689819335938,574.2254100631827,569.3332830314295,573.47123768133,460200
2025-05-21,568.4104614257812,579.464913850838,565.5525767671244,569.3531769497077,432200
2025-05-22,564.6991577148438,568.6883007272618,564.0839245871846,564.0839245871846,346400
2025-05-23,562.6748657226562,565.3540794937088,559.4696330619756,560.0947990929188,375100
2025-05-27,569.4126586914062,570.3156425904541,564.0640432158599,566.8227198966456,433700
2025-05-28,564.7587280273438,572.1217207959069,564.2824341108685,569.8592641262816,360900
2025-05-29,559.93603515625,567.1303501373209,558.2192815687428,565.7510117636433,782000
2025-05-30,565.8899536132812,568.3012822742352,558.8742488072731,560.6108076038188,808800
2025-06-02,562.33740234375,564.0144243112467,558.7551443608124,561.5931629007727,385700
2025-06-03,563.5083618164062,563.8457770310615,557.5247078706385,560.0551099982789,332500
2025-06-04,563.6472778320312,564.9174150021964,558.9734322698515,562.9229041466956,737200
2025-06-05,565.1159057617188,566.6937200903673,561.1565614642865,564.0441839642663,656700
2025-06-06,568.4699096679688,570.5835544628529,566.6043446793728,568.390507171376,336700
2025-06-09,568.6783447265625,572.0621267911359,563.8358218392564,567.8447698898065,419300
2025-06-10,567.7852783203125,569.9088562648863,558.4078483511037,558.4078483511037,352900
2025-06-11,565.185302734375,569.3927263148197,564.3517279843079,567.6859664182208,336700
2025-06-12,567.6364135742188,568.678336680651,565.3937623630945,565.6815131436944,274900
2025-06-13,556.4430541992188,566.455582706413,555.9667603106994,562.3275004513645,436800
2025-06-16,561.3153686523438,563.5382149979447,558.1598002086458,558.1598002086458,372600
2025-06-17,558.259033203125,561.563413009068,555.2721422886874,560.9779785135908,454900
2025-06-18,551.4815063476562,558.2590648057529,550.7769377700217,558.2590648057529,447100
2025-06-20,557.6734619140625,560.0252535912954,553.4958368115949,554.6865714078967,1124300
2025-06-23,561.831298828125,561.9404394083641,553.853073959556,558.2689066813405,374700
2025-06-24,566.6342163085938,567.160114071152,558.9536742073002,564.1335521578966,460600
2025-06-25,562.5855102539062,568.6981705349642,558.6658368785362,566.4555797772061,494400
2025-06-26,560.9679565429688,562.0297453398152,553.99198416079,561.7320616973248,509800
2025-06-27,559.1818237304688,564.9967999316607,556.3438052445251,560.9679862463457,653000
2025-06-30,562.4862670898438,563.2701774889534,557.6834152982194,560.3527564880485,910300
2025-07-01,568.3112182617188,570.5340038428183,561.5633984480551,562.8832000992196,563400
2025-07-02,561.7321166992188,567.3386843085508,559.2413856081821,567.3386843085508,460600
2025-07-03,568.5989990234375,570.3950946605253,564.3617759321996,565.5724370581396,244000
2025-07-07,561.6527099609375,571.3476886642906,560.9779401215274,568.598944889783,651900
2025-07-08,561.0713500976562,565.7917468212883,558.6862832806505,560.932208058131,699400
2025-07-09,555.158447265625,567.7991443149674,548.0728781407038,562.472563570456,861800
2025-07-10,546.3734741210938,552.4155987734218,541.2754409229995,550.1398925561784,944600
2025-07-11,544.0481567382812,548.529998690785,542.3487919173518,546.4033816373314,743000
2025-07-14,544.9127197265625,545.1611616788281,537.8271503955652,542.6171185138192,545800
2025-07-15,541.424560546875,547.5859328156058,541.3848316720262,545.0021002359338,669100
2025-07-16,541.8319702148438,545.5288177804927,538.5227672831029,542.1897727020013,669500
2025-07-17,542.9450073242188,543.5810332664014,539.8941935878177,539.8941935878177,461000
2025-07-18,541.3947143554688,546.095277090065,537.0321200010313,546.095277090065,642200
2025-07-21,548.4703369140625,552.4653027128204,532.3614003675831,546.19463058278,914200
2025-07-22,560.3260498046875,561.1111045124255,547.9834103487954,550.706324351714,812400
2025-07-23,553.5485229492188,562.7110323481535,552.9522259155835,560.33591290526,885400
2025-07-24,556.8776245117188,559.3520964835561,550.7560419115206,553.07147707803,544500
2025-07-25,559.5211181640625,559.8986941287861,553.6379690680928,557.2056221876244,278500
2025-07-28,555.5460205078125,560.643993319002,555.2776838028344,558.1198450419535,439600
2025-07-29,559.5509033203125,559.8192400398099,552.7237232856869,558.1993936494625,695800
2025-07-30,548.8977661132812,561.1608275308022,546.5226463723238,560.0677071474441,666600
2025-07-31,546.9697875976562,552.7634098423696,545.5784885016824,547.2480110239895,708100
2025-08-01,538.7314453125,547.6753554761693,536.5451440304263,547.6654080934461,497000
2025-08-04,543.0145263671875,543.7300706473395,538.6717663968285,539.6555867091168,473800
2025-08-05,534.5775146484375,545.817026235212,534.0210070969749,545.817026235212,668800
2025-08-06,538.463134765625,538.8308239742,532.5402572453112,536.465651918909,493700
2025-08-07,533.3651123046875,543.1139715309731,531.9837605715037,542.6270350369888,423300
2025-08-08,531.0496215820312,535.4719002544857,528.2869180890063,533.3651174511414,358700
2025-08-11,524.192626953125,533.6135870721066,522.4933228107786,531.0496491294622,504900
2025-08-12,516.2623901367188,526.6472761404913,514.9903381939858,524.480869539376,844900
2025-08-13,519.2734985351562,520.6945791582771,510.8463066560941,518.1703702201321,1105800
2025-08-14,521.6883544921875,522.8212036613021,514.871061438558,520.2871079587568,890000
2025-08-15,526.3392333984375,527.3131065092327,519.9294184551446,520.3666787476037,697600
2025-08-18,528.9627075195312,530.6520641082311,526.6869406371524,526.6869406371524,735600
2025-08-19,529.2708129882812,534.6867989099769,527.690695516995,528.9627474001402,762700
2025-08-20,537.1513671875,541.5438036881771,530.065798230817,532.927854222103,1337500
2025-08-21,523.656005859375,536.9725186133414,523.3777217616679,534.0209967130528,1191400
2025-08-22,533.4943237304688,534.8557807418603,524.7193372163895,526.4484834553964,673500
2025-08-25,526.985107421875,533.2259983509047,525.9615581233156,532.5601909049617,570700
2025-08-26,521.1815185546875,527.7801510976341,519.0846831193564,525.7031497724377,752700
2025-08-27,525.3651733398438,526.5378725300424,520.2274116296041,522.0360760111357,656800
2025-08-28,523.3082275390625,525.5342577703136,521.6088627164751,524.9181265689772,794000
2025-08-29,523.0299072265625,528.8633191241223,520.8436060240801,526.2000288064694,872100
2025-09-02,515.7555541992188,521.7380559199703,513.0326400613327,520.8238065035853,681100
2025-09-03,520.8634643554688,521.410024454166,514.0561799390013,514.0561799390013,713000
2025-09-04,523.8348388671875,523.9441387599011,518.0709981874463,519.8299864719602,441600
2025-09-05,515.208984375,526.6969377996852,513.5593565031994,526.6969377996852,700600
2025-09-08,520.1678466796875,520.8038725975363,514.2847585765112,515.864815334089,1086000
2025-09-09,516.4313354492188,521.6287826890839,515.2388018663436,518.4387659694789,969000
2025-09-10,510.0314636230469,516.2027839207277,505.9570396250478,516.2027839207277,1117900
2025-09-11,514.1556396484375,515.964304500417,509.80293140511094,510.79669930258683,849800
2025-09-12,509.3358154296875,513.9369043225174,508.8488182808346,512.3667949446117,615400
2025-09-15,502.0813293457031,511.1842462656718,501.1173733419677,509.33585266756995,689100
2025-09-16,499.30865478515625,503.10485474745434,495.8900914081757,501.8526977176929,1871700
2025-09-17,506.4737548828125,514.2152145621334,500.6005835260643,501.2366094773174,940800
2025-09-18,505.8377380371094,509.9221089801431,504.44643890896026,506.47373363429347,736900
2025-09-19,501.4750671386719,506.2948466954027,499.81549201264744,505.3408381661211,1437900
2025-09-22,506.4538879394531,507.2787018680564,498.3248746272988,498.37455088626314,665300
2025-09-23,500.8490295410156,505.569426644961,499.0205004074053,504.22786436153865,1097900
2025-09-24,502.5284729003906,504.17813101898605,499.2391040455492,500.35211908282196,765700
2025-09-25,491.94488525390625,503.66141640368824,489.18221191318025,503.0651496431414,949300
2025-09-26,496.19818115234375,497.2018963014489,491.00076481477436,492.13367462592896,560900
2025-09-29,497.837890625,498.0167918713556,491.6964131212725,497.10251218430994,729100
2025-09-30,495.5820617675781,498.9509188064318,492.72000567915154,497.331102783258,804800
2025-10-01,494.86651611328125,500.8589342926154,492.46158487044625,496.1484849724835,969100
2025-10-02,494.4889221191406,497.17210734350107,492.3523273880171,492.3523273880171,881200
2025-10-03,497.6593017578125,502.596567132329,494.9915581063739,494.9915581063739,1075500
2025-10-06,504.66705322265625,505.0353530887176,494.84228064911815,499.60037833313845,1210200
2025-10-07,508.23065185546875,508.6785717960707,501.3324113704389,503.5223130725787,1019400
2025-10-08,517.617431640625,518.8915960196119,507.1157824382472,509.7834957568118,1513200
2025-10-09,515.6962890625,517.6671975608018,509.10662575970053,517.5179212913713,776900
2025-10-10,506.6678466796875,518.4635276489091,501.5912079556766,518.3341184268414,1290900
2025-10-13,510.3807373046875,511.4956007912447,501.800237565915,505.0254130837431,731400
2025-10-14,511.46575927734375,512.9588864969538,504.4679709232148,506.07057955760905,712600
2025-10-15,497.4403076171875,513.2077269791417,496.8729119986138,505.47330875161146,1057400
2025-10-16,497.7886962890625,501.0238052843825,495.29021738339384,497.8783106552001,837000
2025-10-17,502.2083435058594,502.72598037469845,496.1363172211747,497.74888972971064,716300
2025-10-20,503.57208251953125,504.6471207126983,499.2220798591863,502.1984006665539,887200
2025-10-21,512.16259765625,515.1289244849521,503.5820671552461,504.95574914764643,622300
2025-10-22,506.6180725097656,516.7215301376917,506.2398087576146,508.638770110901,1147900
2025-10-23,477.7608642578125,479.27391921628345,454.8961092145096,464.91997680338034,2230200
2025-10-24,476.606201171875,481.145305535207,472.62452854595205,480.37884449070737,1059300
2025-10-27,461.60528564453125,474.3466262553162,456.817326607199,474.3366623525903,1631100
2025-10-28,454.0699462890625,462.8495416499563,453.6219959711134,461.6052689642656,1500200
2025-10-29,444.2351989746094,452.69625302500964,442.09505608447,449.51090287846466,1657800
2025-10-30,441.3683776855469,450.95425881035163,440.66163934316523,444.265047990202,1443300
2025-10-31,444.1058044433594,445.94733410841985,433.424987065961,437.06819078630053,1164800
2025-11-03,446.48486328125,446.78347657366106,435.36602923496173,445.4894451362117,1440100
2025-11-04,447.2513122558594,449.38152161011624,442.53304009649634,448.0476345993151,1193400
2025-11-05,443.7872619628906,449.34171227038803,442.3239960622866,444.08590563556055,1076000
2025-11-06,442.4434509277344,445.27043470495784,438.9296262267832,441.52765290351414,991200
2025-11-07,445.0016784667969,446.7934493902652,441.73670810103965,442.93122205001856,769700
2025-11-10,447.75897216796875,449.9090788859388,439.8155248802807,442.961049687436,821700
2025-11-11,441.2389831542969,447.3309676217563,439.26807470042075,446.7337106687406,772900
2025-11-12,453.1143493652344,453.7115759468836,439.00926095876855,441.2688492000104,923600
2025-11-13,445.698486328125,452.5768295391221,444.81254957409163,451.3922794847133,859400
2025-11-14,447.4404602050781,448.98334619261584,439.3576696553621,444.8424334045628,874500
2025-11-17,441.84619140625,447.9082839942804,441.467927667538,446.6042887125624,652100
2025-11-18,442.373779296875,446.5844089655807,440.2037750420696,441.3683972544717,1071000
2025-11-19,442.7420959472656,443.53841833847764,435.3959049339894,440.04452119095146,1021100
2025-11-20,438.8400573730469,446.3953083175406,438.1333189498888,446.3953083175406,774200
2025-11-21,441.716796875,447.72913090893917,438.9196743492341,438.9196743492341,1085000
2025-11-24,437.6256408691406,443.92662426028164,436.71980672630826,440.5422086968121,1453100
2025-11-25,444.3646240234375,445.25053038855447,437.38673300767,438.5911804743409,755900
2025-11-26,444.0361022949219,446.1264864257274,441.69689401147906,443.69766377892483,532500
2025-11-28,444.17547607421875,447.7390595884613,443.9564828720418,445.90749388741347,328300
2025-12-01,441.54754638671875,444.21528997549433,439.77570338802235,442.42351917308537,884200
2025-12-02,442.1149597167969,444.0062481025896,438.7902667827136,443.2796123039394,706400
2025-12-03,443.8470153808594,444.24517656701005,437.94416263905254,437.94416263905254,565900
2025-12-04,442.7420959472656,446.08671682141056,440.61191684300985,443.8669233487228,609100
2025-12-05,445.50933837890625,447.63954777060184,441.9357909171116,442.04527233071707,802200
2025-12-08,444.6632385253906,447.6992821453505,443.70764559589,446.30567241671235,801700
2025-12-09,438.6210632324219,447.0024669490093,437.23741743826326,444.08589909318323,759500
2025-12-10,440.2535095214844,443.0307344850526,437.3966644773072,438.3622212350926,1175900
2025-12-11,443.7972106933594,447.62957652847325,439.73591813255115,440.4725178200028,954900
2025-12-12,443.817138671875,448.2865869923783,443.11040026424286,443.797241244108,1765600
2025-12-15,441.5675048828125,446.80338378348466,437.8147589520898,445.60890020993565,1915400
2025-12-16,441.7466735839844,443.87688304580917,437.8745127051066,440.3929194561999,1352000
2025-12-17,450.1678771972656,451.76055225182904,439.0192125708216,440.46255060640254,2056900
2025-12-18,448.4458312988281,452.72611710512103,444.76277206811056,447.00246285976976,2344000
2025-12-19,442.95111083984375,448.9634449443618,441.6172541702199,447.56986561622875,2952700
2025-12-22,447.1916198730469,448.5254765963975,439.974838027572,441.3086947509226,742900
2025-12-23,447.2811584472656,447.3807063312662,443.97636311604094,447.0820930570136,598800
2025-12-24,449.11273193359375,449.62040488645283,444.8224823445386,445.85772567630534,233700
2025-12-26,448.76434326171875,449.5308346654238,447.1418372232244,448.4955913019622,283600
2025-12-29,448.7743225097656,450.7054361828677,447.3608457249703,448.76435860722074,528400
2025-12-30,448.0177917480469,450.20772384949265,447.3210172632243,447.6793532192328,430800
2025-12-31,443.0904846191406,449.46115468416883,442.49322765541115,448.3363273176578,507500
2026-01-02,433.4350891113281,443.8684835958013,427.10122938101,443.5991810922371,914300
2026-01-05,430.5624084472656,435.2005786607436,426.8020055010225,428.8467807267556,1189300
2026-01-06,435.42999267578125,436.267853105744,428.9066137939534,428.9066137939534,774400
2026-01-07,436.4873046875,438.88119603240807,432.85654563640514,435.4300024231658,894700
2026-01-08,433.3652648925781,438.17301627926855,431.19081533162,432.0186914789641,752300
2026-01-09,433.7043762207031,436.04840680179103,430.71200452739413,432.317926498259,612500
2026-01-12,431.2905578613281,433.6844491895544,429.7145583492598,432.4675501187089,639100
2026-01-13,425.27587890625,430.07367651376006,419.35101056171834,429.27569241147995,796600
2026-01-14,423.12139892578125,427.8393524741945,420.4083138516063,422.9817402925607,822900
2026-01-15,413.1966857910156,422.9717551376592,411.28155438482594,422.662545810407,1774200
2026-01-16,415.0818786621094,415.68032866594456,405.9950271974668,411.3613521250413,1421400
2026-01-20,402.7333679199219,413.2665145395371,399.18242237830816,411.4012742648108,1483500
2026-01-21,403.6310729980469,405.326732137031,398.07522855447627,402.7333675197634,1415100
2026-01-22,406.44390869140625,408.9574901112579,401.9453665593885,402.9926845409982,1302900
2026-01-23,406.57354736328125,411.0521512504795,402.70343868576356,404.9875939405915,1712300
2026-01-26,407.630859375,411.9498357851617,406.2842860271738,408.44875116880934,1524400
2026-01-27,368.3310241699219,381.886464412902,345.05037583394466,367.56299305327775,5077700
2026-01-28,359.45367431640625,367.2637818476655,355.104775196558,367.0243714018161,2940700
2026-01-29,364.0718994140625,364.7302248575814,352.4515284385685,354.7755904576754,2487200
2026-01-30,370.28607177734375,370.64514178187625,359.0846157229274,361.3588170715734,3072200
2026-02-02,371.66253662109375,374.605047726624,368.90957527094946,371.84210206304357,2476200
2026-02-03,347.93304443359375,363.44349245868096,343.04551000806634,361.87747727426313,3248300
2026-02-04,358.79534912109375,360.24167435089095,345.25987698642047,345.25987698642047,2805500
2026-02-05,350.1075134277344,364.2813731831952,348.6811567897354,357.947513219797,2827400
2026-02-06,361.49847412109375,362.61562138362234,350.1074988007103,352.56123514090547,1945500
2026-02-09,350.815673828125,357.56847875658093,348.14249575741127,356.30168859293764,1966100
2026-02-10,347.9530029296875,354.06742108511673,344.3721348543832,349.5688788948129,1776000
2026-02-11,332.95123291015625,346.75606866076754,330.37780648253073,346.3171850157491,2433700
2026-02-12,319.00677490234375,334.1581524854209,316.86224797072526,333.61951706427726,2736100
2026-02-13,320.5927429199219,324.7820451653204,317.20139430984307,319.0367120230624,1640500
2026-02-17,314.7276916503906,322.56772163296097,312.2739552857606,320.90195459600915,1808500
2026-02-18,326.7669982910156,327.9639287164164,312.94222509979096,315.9944418225329,2136200
2026-02-19,331.15582275390625,334.14819464626083,327.45526470355577,328.652195196509,1753100
2026-02-20,334.9361877441406,336.7715054819935,329.42025021701295,329.42025021701295,2482700
2026-02-23,334.8464050292969,336.2328547532814,328.98135163349826,334.0783434789077,2223100
2026-02-24,336.8413391113281,340.55188144885466,333.1307967738016,334.96611453516147,1565400
2026-02-25,343.36468505859375,343.9133048277519,335.17556929552586,337.0308556690719,1560400
2026-02-26,351.25457763671875,353.7482208549831,344.51178707371884,345.25988003919815,1836700
2026-02-27,348.8407287597656,349.0701244415746,344.1227450932827,347.9031165263421,1344400
2026-03-02,353.030029296875,355.12469556305626,345.6289137136745,347.11511524216525,1372300
2026-03-03,355.09478759765625,356.9001828185021,345.61894354659523,347.67370308457424,1293400
2026-03-04,360.35137939453125,365.50824690865466,353.15972095272843,355.55361232880915,1612500
2026-03-05,365.08929443359375,368.33103052048506,359.11453520193226,361.0795272168163,1527200
2026-03-06,366.5655517578125,367.43333472423,357.6881880209255,364.7800946968044,1621000
2026-03-09,362.1368408203125,364.83994154964483,357.9674766589106,362.864995599497,1326300
2026-03-10,352.9701843261719,363.46345384406516,348.5414717996045,361.5882293854312,1247000
2026-03-11,351.35430908203125,359.0846026104507,347.67368947007583,355.6433629927756,1171600
2026-03-12,345.8982238769531,356.2019438740615,345.55909206480993,351.5737580636596,1494900
2026-03-13,350.1075134277344,352.3817148614606,345.24990123148444,348.9404749893836,1487400
2026-03-16,351.3044738769531,352.641063008594,348.19238152569096,349.778365422768,989300
2026-03-17,351.9927062988281,359.08461279024516,349.628707028376,352.65100130176137,845700
2026-03-18,349.8980407714844,353.0599632394121,347.17497149319126,349.5090178288797,1337200
2026-03-19,352.36175537109375,358.6158013257454,350.68600406862106,351.2446081294315,1611800
2026-03-20,352.7806701660156,354.86535214971343,348.34200370158015,351.20470111670573,2933700
2026-03-23,352.5812072753906,355.9127109092818,350.95534705250793,353.9975795544802,1478900
2026-03-24,345.0503845214844,350.43664766676164,342.48691204375723,349.69853903114375,1416500
2026-03-25,345.83837890625,350.9652933419959,339.5444260945189,347.93304521905605,994500
2026-03-26,350.1773376464844,355.5935234184833,343.3946098193944,346.09774098853427,1197800
2026-03-27,343.54425048828125,350.6960021544203,342.9956307191478,349.0003430388691,1246700
2026-03-30,351.0650634765625,353.12980739722644,340.56183930446565,344.86087784073817,1299100
2026-03-31,352.960205078125,354.63595637923635,342.4071208503036,351.62361602650924,1517500
2026-04-01,354.9651184082031,355.5635988659611,346.65631263493384,350.5763124512788,1350900
2026-04-02,356.9700012207031,362.51586102901575,353.6085751988998,359.19431137994906,1087200
2026-04-06,360.19000244140625,360.57000732421875,353.6700134277344,357.05999755859375,907400
2026-04-07,358.8299865722656,361.75,357.45001220703125,359.6400146484375,762900
2026-04-08,355.8500061035156,362.4700012207031,355.20001220703125,359.8399963378906,817200
2026-04-09,349.8800048828125,354.45001220703125,345.67999267578125,353.260009765625,1339500
