Price,Close,High,Low,Open,Volume
Ticker,SWK,SWK,SWK,SWK,SWK
Date,,,,,
2021-04-12,171.84530639648438,172.18202175801858,169.97650659677376,170.23746292869293,1282400
2021-04-13,170.41427612304688,170.88568284813843,169.12632101882537,170.88568284813843,728400
2021-04-14,169.5640411376953,171.2644834750249,169.11788744617294,170.03546068720192,566900
2021-04-15,170.6331329345703,171.50861354123288,169.43777654593475,170.56578728445248,1012400
2021-04-16,172.88914489746094,173.96664947025857,171.52541813746103,172.0052510156699,1159100
2021-04-19,173.3184814453125,174.63168951134475,172.13996467960902,172.76288946510826,2379200
2021-04-20,170.83518981933594,173.8740935943341,169.87553667169814,172.84709478872003,1076300
2021-04-21,173.69732666015625,174.6317268832399,170.3048674819498,170.89412599090525,1244500
2021-04-22,174.3539276123047,176.34900595951896,173.45320666058723,175.01895800966673,856800
2021-04-23,176.0122528076172,176.91298647711346,174.7074580600115,175.33039572428567,1030900
2021-04-26,173.81517028808594,177.9736717572046,173.50370784314978,177.6706227031227,848600
2021-04-27,175.0357666015625,175.21255055504696,172.6450536036381,173.93300877445014,918800
2021-04-28,173.8740997314453,177.98208225402726,172.96495258398247,174.97685762437936,1779300
2021-04-29,176.3489532470703,177.36752559394006,174.84212177576853,175.86912035608105,1022500
2021-04-30,174.0592498779297,175.03572957603413,173.1164237335674,174.25286057088988,1457000
2021-05-03,177.25814819335938,178.38615912168999,174.66539802944695,175.70081027889242,1851800
2021-05-04,177.38438415527344,179.74143053953543,176.29003981491576,177.15709419080721,1904300
2021-05-05,179.3962860107422,183.31908338010354,177.08974569018068,177.32544904032633,1541700
2021-05-06,183.00765991210938,183.260202957234,180.14553965369146,180.14553965369146,1321700
2021-05-07,184.9353790283203,185.49938450852068,181.75337029234106,183.00764634350608,1297500
2021-05-10,185.7771453857422,189.40530721544562,185.3983373402852,186.03810175383768,1556500
2021-05-11,183.2517852783203,185.19634484400274,180.35598583103447,184.35454327653,1011500
2021-05-12,176.6857147216797,183.1170776096621,176.5426100093598,182.43522045601435,1405200
2021-05-13,181.91326904296875,182.50252739363182,177.32544160704433,177.66216983947228,1512600
2021-05-14,181.83750915527344,183.9251857994083,181.57655278597397,182.7550824098958,907100
2021-05-17,180.8441925048828,182.29209191006035,179.97713810868427,181.82909858081118,728300
2021-05-18,178.35247802734375,181.90488135172444,178.06626860278848,181.43347457131074,917900
2021-05-19,175.5913543701172,176.66044576554543,173.5457830937329,176.2816376971265,1157700
2021-05-20,176.11328125,177.2749584785186,174.9684308016245,176.77829872202085,1108100
2021-05-21,176.87091064453125,179.1269324602903,176.64362064686642,176.7614723410498,962500
2021-05-24,178.11672973632812,179.12688870326318,176.81193518347246,178.7228276854628,1321900
2021-05-25,178.62185668945312,180.31387302677223,178.56292442077913,178.7649613985414,1181300
2021-05-26,179.00067138671875,180.25496025246284,178.4703323285733,179.00067138671875,909500
2021-05-27,180.46536254882812,180.94518259918195,179.75823971140267,180.83575716727285,1194900
2021-05-28,182.50257873535156,182.8477204538599,180.6169386378918,181.3829811316916,858100
2021-06-01,181.73651123046875,184.85117397000258,180.88629640554296,184.312421565569,800600
2021-06-02,179.32894897460938,182.21633441987862,178.97539393240965,181.78700749052408,723000
2021-06-03,178.64707946777344,179.49729418781337,176.8372117443206,178.7312647388094,834000
2021-06-04,179.17747497558594,179.59837577388905,178.0073712700982,179.1943017592095,497200
2021-06-07,176.64369201660156,179.4139100949808,175.87513492386574,179.4139100949808,1071400
2021-06-08,176.39874267578125,176.5338783874404,173.76366073468134,176.5338783874404,732000
2021-06-09,174.4646759033203,175.79909927306574,173.83124170528535,175.79909927306574,729900
2021-06-10,172.2941131591797,175.4443891688065,171.96472787010077,175.41061167975468,1044100
2021-06-11,171.7620086669922,173.72143792252385,170.77385288954355,173.12178122650727,973300
2021-06-14,171.39886474609375,171.71980889080885,169.65903406374892,171.31440169098363,802500
2021-06-15,170.81610107421875,171.90560230313903,170.03064879780575,171.68601640470428,803900
2021-06-16,166.1624755859375,170.3431390204078,166.0864536823178,170.3431390204078,1169600
2021-06-17,165.03916931152344,167.64891507286598,164.21147269380356,167.64891507286598,1598400
2021-06-18,164.62533569335938,166.0526762528332,162.17606176968715,162.96151404693452,1865600
2021-06-21,167.893798828125,169.20289842742037,165.65567036503026,165.95127807324968,1052900
2021-06-22,167.606689453125,168.24857770068024,166.35671622000729,167.5982483030658,520700
2021-06-23,167.63204956054688,168.72156377351936,166.48342151427372,168.09657062471135,757100
2021-06-24,171.10325622558594,171.64378626917502,168.28236546333198,169.13538561246784,1461100
2021-06-25,172.98667907714844,174.2788839319393,171.67757903372058,172.01540548294255,1512000
2021-06-28,173.00355529785156,173.52720302916947,171.229947170895,172.8684195680113,977900
2021-06-29,172.62347412109375,174.2619591851331,172.3194252134653,173.2146767505794,619100
2021-06-30,173.13023376464844,173.4004923119244,171.78734351612442,172.21808700399583,681000
2021-07-01,174.35487365722656,174.9291811348063,173.37515902073596,174.3042009841756,581800
2021-07-02,175.63018798828125,176.3227489049335,173.76367574781955,174.7602727110974,800800
2021-07-06,173.96640014648438,176.0778479054284,172.36170500458869,175.67245354414237,756500
2021-07-07,176.32275390625,176.51700345952125,173.32449600687946,173.32449600687946,958100
2021-07-08,173.5187225341797,174.87849500114075,172.05760472891737,173.82277143633405,690200
2021-07-09,176.12005615234375,177.27712524734176,174.76872461038414,175.54574862372516,875400
2021-07-12,176.88014221191406,177.24331781846053,175.67240064337113,176.120026402492,954400
2021-07-13,174.8785400390625,178.13861576226998,174.25355977558092,177.36160456493215,1169200
2021-07-14,173.94947814941406,175.61328674752065,172.665714596489,175.00520178797873,698900
2021-07-15,174.6842803955078,175.8413495299303,172.80931393859873,173.1386992411772,524700
2021-07-16,171.4917755126953,175.50352592610292,171.0863811846135,175.09813159802107,558900
2021-07-19,169.21139526367188,169.72658893097804,166.3229239569706,169.1269322150308,855100
2021-07-20,172.2434539794922,172.817761549146,169.0424921545717,169.3296588266522,976600
2021-07-21,172.513671875,174.85315890624872,172.0660461138884,173.1386648656325,580400
2021-07-22,170.83302307128906,173.6708094442727,170.3178292900039,173.32452891038744,853300
2021-07-23,172.45455932617188,173.29068414895966,171.26370004173097,171.94780685573937,781400
2021-07-26,173.96640014648438,174.75186541418384,172.17589657082127,173.8312772842253,969400
2021-07-27,170.27554321289062,170.6809374542435,166.3820341817763,168.70462602949146,1480300
2021-07-28,165.0644989013672,170.9005420739242,164.8026815096832,170.8076378813346,1429200
2021-07-29,167.0492706298828,167.4800141571275,165.08141294907827,166.4749631098932,1222500
2021-07-30,166.42430114746094,168.50195835324422,165.05607434970383,166.93949487344437,1440200
2021-08-02,165.360107421875,169.4478793458488,164.9124816080781,167.28575928964068,861700
2021-08-03,168.07118225097656,169.1184646089353,164.55773132806644,166.70296871034083,923100
2021-08-04,164.7013397216797,167.84317451002235,164.6844574211607,166.98171324247042,658300
2021-08-05,165.7486114501953,167.22662454592952,164.72666529646844,166.18779609278675,983900
2021-08-06,166.0526885986328,167.72495151990336,165.7317444336578,167.1337487585707,771200
2021-08-09,165.19964599609375,166.17934777323313,164.06790042096839,165.53747241755534,599300
2021-08-10,167.24356079101562,167.77563687277404,164.9716408984259,165.62197042863576,701200
2021-08-11,170.7738494873047,170.88364886725086,166.82966760577085,167.27729338781904,992400
2021-08-12,169.58299255371094,172.03227910896075,168.68774097695632,170.80764227496152,536800
2021-08-13,169.0171356201172,169.97151395906266,168.36681910639967,169.5069929583701,565000
2021-08-16,169.3296356201172,169.46475845564723,166.88034897188973,168.89889211465638,655200
2021-08-17,164.27059936523438,168.67086119342903,162.8263637466969,167.87695494944657,1102000
2021-08-18,162.741943359375,164.66758261153393,161.60175645787783,162.99531965829146,1065600
2021-08-19,160.19970703125,162.29427181818113,158.38386769323134,161.5172608374487,1012700
2021-08-20,160.7993927001953,161.31458639737338,159.28760198497758,160.24196747624808,911900
2021-08-23,160.9176483154297,162.49700704396102,160.46158129046074,162.04094001899207,683600
2021-08-24,162.57302856445312,163.46828030975806,161.11189750584796,161.58487260667764,979700
2021-08-25,164.00035095214844,164.49020833928245,162.31119288089465,163.4513797338923,609900
2021-08-26,163.24867248535156,163.9074559747222,162.52233401542023,163.6709619937476,533100
2021-08-27,163.89053344726562,164.34660036986517,163.32466714687783,163.89053344726562,795600
2021-08-30,164.59153747558594,165.64726108339372,163.90743063968665,164.70977800417035,850400
2021-08-31,163.23178100585938,164.75202572805745,162.3027389847238,164.58309962439472,1215000
2021-09-01,162.58143615722656,163.8820819760939,161.01896005743848,163.56959191103672,873100
2021-09-02,163.0797882080078,163.34160568772853,160.77409069130806,162.86864341632912,1367100
2021-09-03,162.06210327148438,163.35112791113707,161.6804710242838,163.28328246586133,896900
2021-09-07,155.38795471191406,161.00204572583445,155.3370738619715,160.59497304590224,2111700
2021-09-08,159.69601440429688,160.2896457790446,155.2437596833988,155.43880721934588,1981800
2021-09-09,159.89955139160156,163.53767385685188,158.93277659424743,159.5857646391683,1139000
2021-09-10,158.09326171875,160.90879005246563,157.99149999976692,160.23882422863167,977900
2021-09-13,158.12716674804688,160.39993105925447,156.48195019490893,159.98438253659506,794200
2021-09-14,154.66712951660156,159.0769802674911,153.9462829293519,159.0769802674911,994600
2021-09-15,157.49111938476562,158.74622775474123,154.4466149179896,154.66711584717402,877400
2021-09-16,159.19569396972656,160.6034578375261,156.69395303466314,157.49112083787963,1489000
2021-09-17,157.9405975341797,160.18792145561306,157.72009658628298,159.44163444463302,1589200
2021-09-20,156.03244018554688,156.4225352290682,154.17521199519487,155.08261711484076,975100
2021-09-21,152.5554656982422,156.61761289339913,151.20707149840675,156.61761289339913,1285500
2021-09-22,154.18370056152344,155.80347635308945,153.9038429949026,154.3193914314354,852300
2021-09-23,156.4225616455078,157.44870614495434,155.03176245943973,155.14201291827635,1157100
2021-09-24,157.1942596435547,157.73701012853982,156.0578778375221,156.36317579408825,900200
2021-09-27,157.9999542236328,159.84021838471682,157.20278636008013,157.33000143161098,960500
2021-09-28,153.9717254638672,158.26284997045462,153.18304635566997,157.4402416665218,1073200
2021-09-29,154.44662475585938,155.5745310771468,153.40352848045976,153.8953982781773,588100
2021-09-30,148.6714324951172,155.56607335389677,148.62055163774133,155.4727874686418,1253600
2021-10-01,148.2982635498047,149.56186069903447,146.20358234534362,149.1208717769912,1490700
2021-10-04,147.51805114746094,149.1971837495372,146.46647916685717,147.1958014793056,1118000
2021-10-05,149.64666748046875,151.06290714482728,147.22972370021787,148.2558682398859,608800
2021-10-06,149.96043395996094,150.002838977567,146.92441845013056,148.40002765753698,796200
2021-10-07,150.62191772460938,153.71729004870335,150.4777510103015,151.74133518755093,714400
2021-10-08,150.34205627441406,151.96183222223925,150.25724623748908,151.29186657503854,523200
2021-10-11,148.23045349121094,151.113827358818,148.1032513391953,150.5625878396203,496100
2021-10-12,147.33151245117188,149.0191341993115,146.82269094202354,149.00216960028064,726200
2021-10-13,146.96682739257812,147.67070929501355,145.68626570372786,146.9159465461699,782000
2021-10-14,152.22474670410156,152.77597320132466,147.84033633235578,148.603575011618,1001000
2021-10-15,154.06500244140625,154.90457529470416,153.01341741769738,153.32720422923884,1025800
2021-10-18,154.95545959472656,155.5490910970532,152.19082548949316,152.81837324615438,869700
2021-10-19,156.31234741210938,156.7533234327569,155.18444105352904,156.13425148593495,872600
2021-10-20,159.06849670410156,160.0437475074801,156.4565052236892,156.4565052236892,1155400
2021-10-21,159.3822479248047,159.47553378371276,157.61830537284817,158.245865963702,620900
2021-10-22,159.50949096679688,161.06989760698022,158.90738358312274,159.79782444461821,731100
2021-10-25,160.35752868652344,161.4345541796608,158.2967765168617,159.0939443807494,1037900
2021-10-26,158.34765625,161.32430256520053,158.2543703742429,161.32430256520053,607300
2021-10-27,157.93211364746094,160.84940339126013,157.0840649052029,158.38157844564196,1113600
2021-10-28,156.95681762695312,156.98225804668812,150.10458420748327,152.32646713229155,2121000
2021-10-29,152.41973876953125,155.62536075910154,151.71585702872616,155.52359908965232,2215100
2021-11-01,150.94419860839844,152.8692599148982,147.8233725428158,150.4438400215007,1397200
2021-11-02,154.92149353027344,155.68474494321464,150.7745368892636,151.70739541390512,1525800
2021-11-03,158.9328155517578,159.61125712361277,151.83463888425297,152.6826876140225,1782700
2021-11-04,156.2699432373047,159.5858039399611,155.8543947007697,159.13633914788295,890100
2021-11-05,155.89675903320312,160.34901370747824,155.4896993719521,157.60982064541645,897700
2021-11-08,156.64305114746094,157.6691826319311,155.38792999428307,157.08402707028085,708900
2021-11-09,159.45010375976562,159.55186545241236,156.7108974242053,156.91443374969367,650200
2021-11-10,158.92428588867188,161.23946764214665,158.62747667374487,159.2635130574085,655000
2021-11-11,161.37515258789062,161.80766562931626,158.6783644151624,159.28896040525066,957800
2021-11-12,166.73486328125,168.93130641210058,161.19710604452342,161.96034473440918,2007600
2021-11-15,164.69952392578125,168.03234870492153,164.36878549013989,166.5228232355641,1277300
2021-11-16,166.2938690185547,167.345454081095,164.9709150967695,164.9709150967695,1215800
2021-11-17,164.34335327148438,167.09103574123094,163.6055550370972,166.97230943983305,1165300
2021-11-18,163.08824157714844,165.73414935028106,162.76597893394012,164.47904091176895,1130100
2021-11-19,161.3412628173828,163.09672981202505,160.90876264517343,162.05362060932632,1371700
2021-11-22,159.0769805908203,162.4013300233307,158.68687248558953,161.9857814916932,2351700
2021-11-23,160.70523071289062,161.23950554161163,158.22893002992717,159.28051508989645,1572400
2021-11-24,160.8748321533203,161.34973734411807,158.9667226215962,159.60275913217092,839900
2021-11-26,154.96392822265625,158.7038259238292,153.53921268327358,157.45719335677154,672500
2021-11-29,156.16815185546875,157.20277223132237,154.9724131078044,156.61761659938273,1043200
2021-11-30,148.84347534179688,155.1971796234807,148.83496299813385,154.54989061458966,2964800
2021-12-01,145.70077514648438,152.565496264665,145.68373745501881,151.6115804818556,1543200
2021-12-02,150.44468688964844,151.1345636418285,146.12656318351085,146.7397768552691,1818000
2021-12-03,155.06092834472656,155.69970510962855,149.44821295614815,150.84500429556266,1903900
2021-12-06,157.01988220214844,159.57498984505867,156.4918307813175,156.943232091889,2127600
2021-12-07,158.459228515625,160.69919691116925,157.46273830237737,158.29740298599603,978400
2021-12-08,163.71424865722656,167.35953416319174,163.1947096343884,166.0819804672895,2474600
2021-12-09,163.52687072753906,164.9066245405993,162.30894245965465,162.30894245965465,2400400
2021-12-10,165.70721435546875,167.17214350096222,163.23728263124798,164.54889858917036,1605400
2021-12-13,163.89309692382812,165.8690528544237,162.83699419867014,165.23027601416277,937400
2021-12-14,162.9988250732422,166.0223584859024,162.19822266125553,163.12657524709178,1281500
2021-12-15,163.50985717773438,164.20825952928973,160.21377236175223,163.42469471756053,1531600
2021-12-16,163.04991149902344,165.93718214995803,162.10452130379986,164.37856517967336,1511700
2021-12-17,156.4577178955078,163.24578661260725,156.0574167544031,163.058411057369,2447400
2021-12-20,151.55197143554688,154.15817946201665,149.75487832640025,153.93674145182905,2001500
2021-12-21,152.6591339111328,154.14961302381434,152.0799695551701,152.90612187444643,1833100
2021-12-22,152.44618225097656,153.88554805988434,151.611504733547,152.079943545177,1013500
2021-12-23,155.18016052246094,155.88707500947703,152.9572169414403,153.55340596785564,1153000
2021-12-27,156.7983856201172,157.08796125906653,154.50730454383785,155.72523249374254,886000
2021-12-28,158.85101318359375,159.1150518495718,156.55994459748663,156.8835826788398,883500
2021-12-29,159.4472198486328,160.37557239117334,158.51885431014435,158.6977175411406,968800
2021-12-30,159.0383758544922,160.75881823687234,158.92766338646007,159.23427675167687,919400
2021-12-31,160.64813232421875,161.10805898325043,158.48481354521138,158.74883925882787,598200
2022-01-03,158.35704040527344,161.49982472586595,156.90914874698103,161.27838675326322,903100
2022-01-04,163.68016052246094,164.92365174109582,159.2768606866584,160.11153839333613,814100
2022-01-05,162.98178100585938,166.29490300948837,162.94771862614883,163.4331822637253,739300
2022-01-06,163.95272827148438,164.69370527431948,161.90864750699853,163.60352713380058,803900
2022-01-07,161.21873474121094,165.07695840587226,161.1506099885334,163.48426614816714,1116400
2022-01-10,160.1967010498047,162.17265685281066,158.39960846873953,161.21874132903832,977500
2022-01-11,161.42315673828125,161.7638325039248,158.2037226679445,161.19319344870078,1072800
2022-01-12,164.37857055664062,165.06844745216398,162.2408021155074,162.70922805971364,1311800
2022-01-13,166.43968200683594,167.37655984835777,165.07696595983285,165.50281716126145,846500
2022-01-14,164.08047485351562,165.00884041824614,160.8951159485291,164.76183942540973,988400
2022-01-18,161.49130249023438,162.62406831123553,159.83048530754394,162.05342922774437,1041500
2022-01-19,155.1631622314453,162.7433226219371,154.99282432292907,162.7433226219371,1367900
2022-01-20,153.17868041992188,158.38258255557088,152.9572294805663,155.3334864322923,1220800
2022-01-21,149.56747436523438,153.9026369080316,149.1501354677746,153.17869759115064,1012500
2022-01-24,152.13961791992188,152.46325602456386,144.60204578549153,146.98681532490073,1681300
2022-01-25,150.63209533691406,152.12257461956634,146.68019650160534,149.09051598677965,1162800
2022-01-26,149.07347106933594,154.09851006591313,148.46876963885987,151.85854157557517,1314500
2022-01-27,146.21177673339844,151.50936768966972,145.2493486830944,150.11257601284913,1206200
2022-01-28,146.43316650390625,146.5268542743787,141.74880397217368,145.2322761681442,1417700
2022-01-31,148.74981689453125,149.18419342990123,144.49983029499708,145.62407068948158,2613800
2022-02-01,150.0188751220703,150.95575305353762,139.951758511692,141.38261244780725,3533500
2022-02-02,148.46876525878906,150.09550692919385,144.13359026360675,148.03438872717592,2994800
2022-02-03,148.50282287597656,151.40713102043637,147.24230703166262,147.24230703166262,1711000
2022-02-04,141.7829132080078,147.99181858312343,141.2974365552475,147.3019416521049,2180800
2022-02-07,137.08148193359375,138.87857429788122,136.6897061551874,137.754334025122,2816000
2022-02-08,139.93470764160156,140.7097599486301,136.14463454122478,137.6606637813755,1523600
2022-02-09,143.92066955566406,143.98880730795537,140.60754770169015,141.348537635391,1397700
2022-02-10,140.20726013183594,145.07899942774975,139.23631981039568,141.7829149410616,1835100
2022-02-11,138.6997528076172,141.4081604313819,137.23482351563618,139.78993093244745,1812800
2022-02-14,139.96029663085938,140.73534915361745,138.09506576670685,139.14265637683806,1415100
2022-02-15,141.22080993652344,142.71981487143347,139.89215592309003,142.1236126381666,1083000
2022-02-16,142.37908935546875,142.82197824453314,139.74733204542812,140.36055881614888,1205600
2022-02-17,138.64862060546875,141.78289202870383,138.58049585352472,141.23780304152552,2042700
2022-02-18,137.79693603515625,139.75585430300748,135.84654310935824,138.08652475005297,1186600
2022-02-22,135.12258911132812,137.63512174706318,134.20276189756083,137.54994630329492,1408500
2022-02-23,132.55044555664062,136.56195648866608,132.5078578384517,136.07649288996384,2198600
2022-02-24,133.1551513671875,133.3595646236785,128.78592685075202,129.11809027008277,2630200
2022-02-25,137.88211059570312,138.12909859064615,132.43973240142464,133.05295921170517,2140500
2022-02-28,138.57199096679688,139.8665823759163,135.47179445786904,135.47179445786904,2186200
2022-03-01,134.60304260253906,139.27889349267812,133.7939279155686,138.30795326912408,2220700
2022-03-02,139.94320678710938,140.39460797918602,135.94872080791197,136.22978413436564,2028800
2022-03-03,141.5103759765625,143.34154428888485,140.23282212906076,141.62961381582465,1642600
2022-03-04,137.6862030029297,139.84100887718614,136.3660617805804,138.53790534045228,2317700
2022-03-07,130.57382202148438,139.7489108643154,130.5224710077002,137.9515470232524,2844000
2022-03-08,127.60389709472656,133.7748339608292,127.55254608204439,131.69502652881658,3055100
2022-03-09,130.65940856933594,133.44103484775675,128.67374908035882,130.2400202135342,4506400
2022-03-10,128.0404052734375,128.8021424251382,126.3200680107765,127.94625739806914,2602600
2022-03-11,125.3529052734375,129.68368067675564,125.20739335123996,129.37556159755923,1797700
2022-03-14,124.09477996826172,128.66520306968786,123.82944462856291,126.55116591959654,1922800
2022-03-15,124.75382232666016,125.78089501675126,122.57987966014707,124.57409374773444,2769800
2022-03-16,127.01332092285156,129.11880363896765,125.26732137710503,126.14032767986222,3279500
2022-03-17,128.6309356689453,129.7692641512965,125.62678437626691,125.62678437626691,2833600
2022-03-18,129.40982055664062,129.94047818308124,127.19308134967149,128.11743879661952,2986100
2022-03-21,126.86781311035156,129.80350506307852,126.28581765603073,127.84352135888767,2223200
2022-03-22,124.89073944091797,127.6466902255984,124.00062477432967,127.29577423617357,3148100
2022-03-23,120.91941833496094,125.3956927314258,120.67977160633966,123.97493371453312,2489300
2022-03-24,118.74549865722656,120.80817173910492,118.40313679525633,120.80817173910492,3200800
2022-03-25,118.38602447509766,119.78967541206569,117.80401585940547,119.39596254911781,3380900
2022-03-28,120.67121124267578,121.19330153022786,116.9309855198126,119.13917002815909,3447700
2022-03-29,125.27589416503906,126.84216541841641,121.98929861357665,122.19471573295672,2952000
2022-03-30,122.46004486083984,125.54979067460708,122.27174908915991,123.73531839453199,1858500
2022-03-31,119.64413452148438,122.26315306890663,119.64413452148436,121.7324955941887,2414200
2022-04-01,120.59418487548828,121.29601680692713,118.90809047019721,120.61130623131479,1970600
2022-04-04,121.08206939697266,121.64695671250402,118.62568327306121,120.06356401102775,2035700
2022-04-05,121.19331359863281,124.83937876771195,120.73969562195518,123.29022910474477,2442600
2022-04-06,119.60993194580078,120.12346818342917,117.60716412663426,119.18198943436678,2157400
2022-04-07,119.06216430664062,119.96940032800642,117.09362617097344,118.89954406511868,1525000
2022-04-08,120.6113052368164,122.26316997660206,118.95945355679865,118.95945355679865,1565700
2022-04-11,120.67980194091797,123.76099359736025,120.43160100237397,120.58565405531083,1632000
2022-04-12,120.06355285644531,123.76098251302525,119.57570517273425,121.52712202711722,1385400
2022-04-13,121.0649185180664,121.68971084878234,119.32747318678601,119.83244215188837,1394500
2022-04-14,120.0978012084961,122.34021594857077,119.37884781279273,121.34738611717513,2198700
2022-04-18,119.96942138671875,120.54286287711278,118.12070630559187,119.37885853637785,1488400
2022-04-19,123.72673034667969,123.90647193838181,120.99645517693126,120.99645517693126,1667800
2022-04-20,123.48707580566406,126.13175708681663,123.2731045746368,124.99342857057958,2015000
2022-04-21,123.46143341064453,126.11468261079555,123.06772049367702,124.98490793931829,1554100
2022-04-22,121.09917449951172,123.57268165056931,120.9964594178953,122.22038177057755,2092800
2022-04-25,121.09058380126953,121.61267407733125,118.19770191566764,120.86805844384362,3087000
2022-04-26,118.26619720458984,121.60415694047943,118.18061653019488,120.21762725344065,2705100
2022-04-27,119.08784484863281,120.491495802514,117.75266626564455,118.77972570949942,2391300
2022-04-28,108.80865478515625,111.93263625746745,107.15679651820051,108.61180489716345,5689300
2022-04-29,102.8345947265625,110.82856485159307,102.57782658796533,107.59331373078585,5290500
2022-05-02,105.11124420166016,106.36939630945044,101.76473694661254,102.32106355255937,3138500
2022-05-03,108.04692840576172,109.2965198127794,104.72609671573744,105.02565518148057,2761200
2022-05-04,112.02678680419922,112.4547293029638,106.90003749736725,108.00412992776596,2159900
2022-05-05,105.79594421386719,110.52043301886668,104.7774389854574,110.2636649097247,1563400
2022-05-06,103.58776092529297,105.95856604164241,102.32960892540936,105.95856604164241,2276000
2022-05-09,107.55052185058594,108.96272700294568,101.95303266652053,102.03861986819614,1951100
2022-05-10,103.98147583007812,108.96272670043393,102.70620889796287,108.17531399938859,2306400
2022-05-11,101.60210418701172,104.70896428291563,101.4309298046589,104.26390697086785,1884100
2022-05-12,103.10845947265625,104.18687632234956,100.59215566666649,101.49939161091744,1840000
2022-05-13,104.08416748046875,105.265286340155,102.89448794306398,103.69902187162519,1485800
2022-05-16,101.37101745605469,103.93867235388882,99.0857996342704,103.93867235388882,1677700
2022-05-17,105.2310562133789,105.34232544046978,101.63634189107967,103.06566824776517,1514600
2022-05-18,99.41104888916016,103.79317612308519,99.10292975178922,103.67335273965034,1569000
2022-05-19,99.32545471191406,101.15704804987588,97.77629845512638,98.42677286941355,2178900
2022-05-20,99.58222198486328,100.61784208810064,96.18435736926408,100.17278474542488,1619600
2022-05-23,100.75476837158203,102.5093284446471,100.30970458054615,100.74620769447813,1374400
2022-05-24,99.31689453125,100.39531144167599,96.9888863251996,100.32683907564291,1378000
2022-05-25,101.5079574584961,101.93589994907144,98.51236002446863,99.05157174171947,1253500
2022-05-26,102.02149200439453,104.41797267780618,101.33678790476586,102.39808350361524,1609700
2022-05-27,102.43231201171875,104.26390529903826,101.53363019406619,103.60487675467466,1737900
2022-05-31,101.58499145507812,102.28681688500856,99.81330978867541,101.268311658324,2386400
2022-06-01,98.16999816894531,102.51789514995322,97.6650291981393,102.43230796353163,2026300
2022-06-02,99.62500762939453,100.04438941871155,98.35829505385168,98.99165460656502,2242700
2022-06-03,98.02450561523438,99.48806814596442,97.65647481301214,99.28265757934024,1458100
2022-06-06,103.69534301757812,103.97974837956647,97.99864851645363,98.42956334059171,3075500
2022-06-07,103.66947937011719,103.77290128520953,100.76511136317566,102.9024515817529,1929900
2022-06-08,102.94557189941406,103.99700535769774,102.0061805286379,102.79044226499123,1816900
2022-06-09,101.62694549560547,103.13514730512811,101.16155671963848,102.169902355186,1300900
2022-06-10,94.76679992675781,99.40344168345241,94.74094608591255,99.40344168345241,1916800
2022-06-13,91.19880676269531,93.41370854141762,90.53520087286869,92.63806059696978,1841400
2022-06-14,92.01754760742188,93.31029206514212,90.96612097167628,91.19881208096106,1943000
2022-06-15,91.8365707397461,93.29306503701001,90.48349837358145,92.68116673895989,1668800
2022-06-16,87.6480712890625,90.05257676082906,86.2949990245098,89.63028208055471,2218900
2022-06-17,88.9839096069336,89.77679129123358,86.40704084533947,87.13097458094252,5068800
2022-06-21,88.46682739257812,91.68144875934021,87.94973084453278,91.68144875934021,2158500
2022-06-22,87.9066162109375,89.25106823714633,85.69171447725967,86.35532035359054,2241400
2022-06-23,91.73314666748047,91.8279484515038,87.95832873152166,87.95832873152166,2048200
2022-06-24,95.80098724365234,96.05091205644743,92.05202299838791,92.66392126209547,2485100
2022-06-27,94.13765716552734,96.47321476776729,93.60332040634313,96.24051707617153,1058100
2022-06-28,92.62083435058594,96.18018846924497,92.47432488685706,94.620278893128,1186300
2022-06-29,91.43151092529297,92.91385908092268,90.23356815247942,92.03479566840957,1393400
2022-06-30,90.3714599609375,92.05202519178133,89.19937108062231,89.84574333482972,1493500
2022-07-01,92.4657211303711,93.3534047828866,90.02674118931611,90.88857099956256,1075700
2022-07-05,95.12014770507812,95.19770922306347,90.50935348449688,91.58664062477496,1759500
2022-07-06,95.58553314208984,96.41288884739477,93.7412115742517,94.74093716101932,1509500
2022-07-07,96.44734191894531,96.50766972057168,94.66334855248594,96.0853685339499,1272900
2022-07-08,95.0425796508789,96.72315153554608,94.78403468224936,95.7406596139893,1460800
2022-07-11,93.74121856689453,95.34422242026127,93.20688833259838,94.775418207101,1197500
2022-07-12,92.45707702636719,95.53380838845001,91.54353976837109,93.6464060643871,1738700
2022-07-13,93.09484100341797,93.73259971355199,89.68199619135208,90.68172179627217,1380200
2022-07-14,91.4487533569336,92.12097949562302,89.74232759505817,91.64697051309122,1071300
2022-07-15,92.32780456542969,93.06897856257693,90.73342108793412,92.93108924288623,848200
2022-07-18,92.05201721191406,94.08593558818811,91.6900503589936,92.64668173831055,937500
2022-07-19,96.99031066894531,97.09373259517095,92.94832746182288,93.50851805554436,1443600
2022-07-20,98.44680786132812,98.60193746771753,96.71452835251965,97.42984856949512,1352700
2022-07-21,99.7481689453125,99.89468499341582,97.13682597209818,98.73982976114361,1212400
2022-07-22,99.71369171142578,101.39426353872945,98.91218984307815,99.972243246469,872900
2022-07-25,98.52436065673828,100.20492576451488,97.98141037005003,99.2310606732441,1151100
2022-07-26,99.16212463378906,99.59303949011561,97.16267996344344,98.42957069308171,1445100
2022-07-27,101.2219009399414,102.01478930267815,98.41234070486436,99.46377404600817,1265700
2022-07-28,84.95915985107422,90.38868214979449,84.45929712675675,86.01059296938412,7678700
2022-07-29,83.88187408447266,84.38173681586089,80.63277290568698,84.12318531335309,6793000
2022-08-01,83.7009048461914,85.10568492392562,81.88244360939271,83.20966216837425,2274300
2022-08-02,81.06369018554688,83.24411802456498,81.02921621246999,82.813203223961,1807500
2022-08-03,80.7534408569336,81.14988830807476,79.18491105434663,81.13264803181357,3233400
2022-08-04,80.7189712524414,82.41677020446795,80.60692918551733,81.0206103263934,2517400
2022-08-05,82.70979309082031,83.62333042157894,80.44317688869045,81.07231543031376,2002800
2022-08-08,83.53713989257812,85.49349010954388,83.19240675196751,83.56299372745731,1570000
2022-08-09,79.02978515625,83.4509759657548,78.86604197551071,82.81321721891197,2597600
2022-08-10,81.81348419189453,83.13208242787071,80.75343089077833,80.83099897390295,2586500
2022-08-11,84.7178726196289,86.6656032483897,82.83908337821462,83.51992971446343,2276700
2022-08-12,86.06231689453125,86.21744650809491,84.0801058962444,84.97640959958565,1301500
2022-08-15,87.51019287109375,88.00143556146982,85.364238652634,85.364238652634,2305900
2022-08-16,89.26832580566406,89.99225962919006,86.00199031087529,87.04480350442435,2403000
2022-08-17,88.37201690673828,88.7081299586976,86.20020241305177,87.35505761292224,1524000
2022-08-18,88.31169128417969,88.66503804554907,87.00170644509409,88.66503804554907,1344200
2022-08-19,85.3125228881836,87.6049931195565,84.63167661439779,87.55327886474153,1920100
2022-08-22,81.23605346679688,84.47652777052896,81.1326315559485,84.32139819187516,1884700
2022-08-23,79.57274627685547,82.01172616637832,79.38314267056896,81.15850993808903,1894000
2022-08-24,80.61554718017578,80.83100459516174,78.84018018476779,79.34003639035396,1414900
2022-08-25,81.90829467773438,82.2099337547431,80.75343947187974,80.90856907937548,803000
2022-08-26,77.625,82.63222840028783,77.59914616130997,82.45124495421896,1344300
2022-08-29,77.51296997070312,78.18519612497983,76.6597537823619,77.56467765172773,1228800
2022-08-30,76.72008514404297,79.33143493541489,76.53910167686185,78.39203704358206,1417900
2022-08-31,75.92718505859375,77.64222409021211,75.61692588223974,77.15960162710051,2184800
2022-09-01,75.56522369384766,75.8323887802773,74.10011592439437,75.74620713064564,1633900
2022-09-02,74.59977722167969,76.83507408768662,74.17359402351046,76.69591507096717,1432600
2022-09-06,74.19099426269531,75.35647676046443,73.7387125204389,75.14773491407574,1647900
2022-09-07,76.08708953857422,76.20885617879786,73.60825253283136,74.14750953652477,1141300
2022-09-08,76.58284759521484,76.7046142226909,74.26056888941622,75.10424240534573,1083800
2022-09-09,77.84402465820312,78.51374128020977,76.75681760990419,77.04384186324356,1227200
2022-09-12,79.80097961425781,79.84447054084066,78.22670628155814,78.60939856519548,1577600
2022-09-13,76.0088119506836,78.40066724676156,75.80876958741464,77.86141020930879,1749500
2022-09-14,75.26080322265625,76.17405959820633,74.31276206864402,75.87833589500788,1837800
2022-09-15,74.46932983398438,76.97425226455873,73.86918947253842,75.35648778779677,2021500
2022-09-16,74.32147216796875,74.83463735228274,72.96463987687632,73.54738127002138,2471400
2022-09-19,75.1999282836914,75.63481105653425,73.75612092846109,73.9735623148825,1604700
2022-09-20,73.3734130859375,74.45192037405715,72.92113134087256,74.12141189557408,1181100
2022-09-21,72.59062194824219,75.03466068163479,72.59062194824219,74.02573623404359,1297100
2022-09-22,70.2509536743164,72.48625065348995,70.12918704010336,72.28620831261875,1552800
2022-09-23,68.69409942626953,69.83349039503821,66.68493610246303,69.58125754016082,2869800
2022-09-26,68.57231903076172,70.16399172501387,67.98957765170279,68.14613573041258,1600800
2022-09-27,67.55467224121094,69.98131833165061,66.91104774881157,69.26811101959107,1422900
2022-09-28,69.22462463378906,69.54644021896479,67.91128366451655,68.04174980098148,1433000
2022-09-29,67.15459442138672,68.39835936964782,66.26743651841407,68.13742706159363,1528200
2022-09-30,65.41506958007812,67.80692496546602,65.34548673991483,67.50250833448273,1893500
2022-10-03,68.73756408691406,69.3377043851411,66.24134143293516,66.38919997036433,2049700
2022-10-04,72.38188171386719,72.52974024758122,69.92914341358068,69.92914341358068,2125700
2022-10-05,71.58170318603516,72.15574496447888,70.1987725927125,71.09462999450676,1185500
2022-10-06,70.50318908691406,72.19053627510849,70.1291896576478,71.45993644256087,1325500
2022-10-07,67.4242172241211,69.5899380513983,67.1893834637984,69.48556380470822,1839900
2022-10-10,67.1806869506836,68.21571004361097,66.34571284723204,68.13742769615197,1311300
2022-10-11,66.66754150390625,68.01567434270835,66.09349296299982,67.01544910726298,2405100
2022-10-12,65.85865020751953,66.73711529371215,64.80623466115111,66.11088301982373,2179400
2022-10-13,67.00674438476562,67.65036908769426,61.09233549470905,63.62335664253454,2653100
2022-10-14,66.56314086914062,67.69383847327906,66.13695770761035,67.00672305362976,1520900
2022-10-17,66.51097106933594,68.60710254377503,66.38050491281929,68.38966116150874,1655800
2022-10-18,67.25896453857422,68.77235457924886,66.09347537288035,68.16352141224867,2351100
2022-10-19,64.44091796875,66.81538052880009,63.64073536020956,66.4587801506438,1923600
2022-10-20,62.75357437133789,66.07607790394914,62.692691059318186,64.78012932765343,1783200
2022-10-21,64.31916046142578,64.46702564971574,62.27521272405278,63.09279447331582,1867900
2022-10-24,66.05001068115234,66.26745211043105,63.69294638406543,64.39745449147699,2041800
2022-10-25,68.61579895019531,68.61579895019531,66.10217721587541,66.10217721587541,1697500
2022-10-26,68.97241973876953,69.56386065511431,68.39837121594134,68.78976311002573,2951600
2022-10-27,65.81514739990234,68.18960990402,62.95361838654352,62.99710931163298,5881900
2022-10-28,68.28529357910156,68.37226880489473,65.12804046011286,65.65859796397089,2808100
2022-10-31,68.26789093017578,69.13765641352646,67.31115022564683,67.90259101975666,5726200
2022-11-01,66.61531829833984,69.84215326309064,66.5892264021788,69.18982931593517,1828900
2022-11-02,63.73640060424805,67.30243703405782,63.70160919569104,66.11955568625028,1998700
2022-11-03,62.327396392822266,63.75381122423334,61.492415707123406,62.396972586810605,2109200
2022-11-04,64.9193115234375,65.0671701003188,62.98843060157584,63.31024630048135,1618400
2022-11-07,66.51097106933594,66.87627099895504,64.36264915081956,65.86734643584737,1208300
2022-11-08,66.52835845947266,68.52882168026852,65.51943397220224,67.05891592318503,1260800
2022-11-09,64.24088287353516,66.20655483843862,63.91037435949018,65.74557353134944,1918800
2022-11-10,70.84239959716797,70.85109911046709,66.76320378341848,67.4242208068953,3694100
2022-11-11,73.23424530029297,74.49540913371294,70.7380228057488,70.87718182156344,2743800
2022-11-14,70.59886932373047,73.19077362736914,70.4684031618138,73.1385831811317,1787700
2022-11-15,74.22578430175781,74.96509028256573,72.37318618270513,72.40797759886655,2364600
2022-11-16,71.0598373413086,74.19969126732671,70.42491225444918,73.87788228536215,1924700
2022-11-17,70.01612854003906,70.36403609596638,68.72887257384339,69.58994526781505,1948100
2022-11-18,69.75520324707031,71.91222500266916,68.60711284180563,71.14683361108783,1332900
2022-11-21,70.24225616455078,70.35532327863865,68.99849136645055,69.1115584805384,1039800
2022-11-22,71.55561828613281,71.59910922366436,70.25966930427478,70.58148498896614,1313000
2022-11-23,71.5643081665039,71.65998290756482,70.44230981424943,71.47733293893519,1128900
2022-11-25,72.26012420654297,72.3992832453215,71.68607575264693,71.79045000856928,496600
2022-11-28,69.45077514648438,72.16444594610886,69.29421708812556,71.32077233360778,1777600
2022-11-29,70.02482604980469,70.42491740514663,69.22463670333629,69.51166092644611,1544400
2022-11-30,71.79058837890625,71.79058837890625,68.4874464107984,70.26200946857692,2373200
2022-12-01,72.31769561767578,74.1273928597532,72.14199932903315,72.73937609375538,1950300
2022-12-02,71.98387145996094,72.47582644012499,70.28837610059962,70.8857528775348,1620100
2022-12-05,69.06726837158203,71.68517930353066,68.76857663365904,71.21957809967036,1504200
2022-12-06,68.28540802001953,69.4713747336507,67.27513759641377,68.86521113901048,3175400
2022-12-07,67.86371612548828,68.99697510196683,67.52110372589974,67.79343494034634,1518000
2022-12-08,68.7597885131836,68.83885653440885,67.32784432985625,67.75830492688874,1192800
2022-12-09,69.6031494140625,70.69248114356212,68.26783349832925,68.40839589046276,1816200
2022-12-12,70.51676940917969,70.56069682687026,68.8124941813888,69.84911823648685,1158200
2022-12-13,72.73058319091797,75.24307878237819,71.82573464549242,74.07467912362841,2155500
2022-12-14,71.40406799316406,73.09077667747869,70.85061859116898,72.37041109132028,1493000
2022-12-15,68.5840835571289,70.53434293733646,68.4698816546636,70.10388239470868,1928300
2022-12-16,67.03793334960938,68.61043978271105,66.33514155927806,67.98670930405896,3442000
2022-12-19,65.70262908935547,67.62653491033568,65.12281928485812,66.86224199596653,1429100
2022-12-20,65.56205749511719,66.18578793208361,64.96468082694922,65.22823191969907,1310800
2022-12-21,64.36730194091797,66.26485365761563,64.30580758171291,65.79925255186551,2032500
2022-12-22,64.38488006591797,64.43758760536471,62.61031694420453,63.51517215313212,1928600
2022-12-23,64.95590209960938,65.13159836362472,63.77871568308149,64.38487918798525,891200
2022-12-27,65.36878967285156,65.57962651073056,64.34973266873563,64.95589611781777,1128100
2022-12-28,63.40974807739258,65.9837378312352,63.3921811323403,65.41271493248706,1225600
2022-12-29,66.68653106689453,67.11699156206757,63.928051742380994,64.02468668857648,1517000
2022-12-30,65.9925308227539,66.50205270548331,65.29851913662795,65.88710903543921,1479000
2023-01-03,66.93253326416016,67.6441120382409,65.36002647872529,67.04673519630131,1574600
2023-01-04,69.04969024658203,69.92818505048864,67.77587546187084,68.0921341274679,1980000
2023-01-05,69.0848159790039,69.4889226975689,67.38932110416492,68.4962261955972,1752800
2023-01-06,71.21957397460938,71.67638832673501,68.3908196141867,69.80519679439804,2619700
2023-01-09,72.17713928222656,73.67936465456285,71.01751965896655,71.65882384131031,2577000
2023-01-10,73.81990051269531,73.84625427843812,71.5358158824327,71.79936694462458,1462400
2023-01-11,75.39241790771484,75.42755850140924,73.87261906675128,74.619344953587,1599200
2023-01-12,75.78773498535156,76.42903906679952,74.27672972805536,76.42903906679952,1636500
2023-01-13,78.10698699951172,78.44959948407367,74.90925930629282,75.12888303754455,1918400
2023-01-17,77.9224853515625,78.90640193123468,77.658940935453,77.98397971889305,2794100
2023-01-18,77.13184356689453,79.6267654991364,76.7716574936773,78.44079889888387,2244200
2023-01-19,73.2664794921875,76.4817674941809,72.75695081733234,76.38513251438476,1937600
2023-01-20,75.4012222290039,75.43636283085287,72.81844496337324,73.87263620930419,1378000
2023-01-23,77.72044372558594,78.19483176885394,75.17280721279882,76.20943144755837,1800300
2023-01-24,76.98249816894531,78.92397090438068,76.36755447985122,76.86829625593741,1247700
2023-01-25,75.37484741210938,76.42903836375991,74.82139146546761,76.17427409826146,1611500
2023-01-26,74.16253662109375,76.43784185964826,73.67936845552684,76.27971251217194,1832500
2023-01-27,75.69110870361328,76.1742767808089,73.66178133176656,74.16252305679204,1435100
2023-01-30,74.46998596191406,76.11277331358839,74.33821713086648,74.50512655098743,1713000
2023-01-31,78.45835876464844,78.45835876464844,74.812611156293,75.21671791015656,3522100
2023-02-01,80.08358764648438,80.69853131371599,77.28118714356468,78.11575450657662,2328200
2023-02-02,84.23886108398438,85.11735583442942,79.15237567462162,81.12898886312297,4116300
2023-02-03,82.4203872680664,83.25495470179366,80.88302126733859,81.88450486876486,1962700
2023-02-06,80.97085571289062,81.36618235333576,79.7761023725643,81.35739552957936,1929500
2023-02-07,79.4247055053711,80.57553136633352,78.05424927681165,80.18020474751773,2140600
2023-02-08,77.1054916381836,79.2490212615023,76.7101716284199,78.72192568102274,1699200
2023-02-09,74.45243072509766,78.30902217572918,73.89019461628462,77.8434210264668,2359000
2023-02-10,75.4012222290039,75.85803664827147,73.56516432110638,73.96927118879272,1459100
2023-02-13,78.4144515991211,78.50229974298499,75.50662910982501,75.52420276002805,1599900
2023-02-14,78.32659149169922,78.55499529038231,76.02493294067034,77.51837126540079,1403800
2023-02-15,80.768798828125,80.81271953841387,77.87855067678385,78.18602245833458,1996600
2023-02-16,79.24024200439453,79.98696807564306,78.13334319038262,79.17874762583831,1820100
2023-02-17,78.34416961669922,79.05574828795314,76.49933180454008,79.05574828795314,1626500
2023-02-21,73.56513977050781,77.22846753769686,73.52999918038618,76.80678715861949,2359500
2023-02-22,74.47879028320312,75.11130763036654,73.63543605444644,73.7057172491054,1637600
2023-02-23,76.28849029541016,76.57839520728886,74.23281554365325,74.89168668753183,2629600
2023-02-24,74.49635314941406,75.33970725609186,73.25767240679244,75.10250993404902,1603600
2023-02-27,74.31187438964844,76.20942643798625,73.93412804735652,75.7701790233581,1186600
2023-02-28,75.20794677734375,75.79653673496215,74.06590075900552,74.2240301045849,1527500
2023-03-01,73.55635833740234,75.90193739151911,73.37186856695979,75.43633630988343,1602800
2023-03-02,75.09375,75.20795192870247,72.07172527854921,73.20498454909325,1721500
2023-03-03,76.65745544433594,77.09670282897764,75.59447757778902,75.71746630929805,1804100
2023-03-06,75.425048828125,77.24262941859543,75.06153676867055,76.82591535784566,1795400
2023-03-07,74.52954864501953,75.95701262661277,74.37882431513667,75.45163764187717,1297100
2023-03-08,74.52070617675781,74.75122341111843,73.30602957434863,74.34337742217235,1675300
2023-03-09,73.14643096923828,75.40732335950192,73.02230423359399,74.53842944559204,1795000
2023-03-10,71.56824493408203,73.80253301952106,70.45996563756664,73.12870407760771,2227300
2023-03-13,71.16925048828125,72.64104843746344,70.06983947218312,70.88553129817853,2050800
2023-03-14,71.26679992675781,73.09324907576175,70.33584923944122,72.91592030360549,1650900
2023-03-15,70.75253295898438,71.22244216532992,69.13001090490977,69.54672488469485,2300200
2023-03-16,71.12493133544922,71.60370879061647,69.5112769929521,69.7240647182265,2155200
2023-03-17,68.88177490234375,71.30225302410119,68.86403864607604,71.29339166036713,3643700
2023-03-20,69.72406768798828,69.83046493735718,68.79311035811077,68.88177811478491,2200200
2023-03-21,70.63726806640625,72.49917541628437,70.17622698301093,70.61953857890565,1919000
2023-03-22,67.87101745605469,70.74367510207462,67.8089540945925,70.3890244232625,2140100
2023-03-23,66.91345977783203,68.89062589689775,66.31055567907323,68.18133133414543,1766400
2023-03-24,65.831787109375,66.65634713768458,64.82990510774282,65.90271860446393,2240800
2023-03-27,67.75575256347656,68.19906422395113,66.48788094394335,66.9489288589004,1916400
2023-03-28,68.05720520019531,68.72217266345251,67.61389355802385,67.85327886846095,1044000
2023-03-29,69.07682800292969,69.51127154761498,68.74877493034732,69.08568936600541,1316800
2023-03-30,68.94384002685547,70.34469990970085,68.63352317826313,70.08758506686718,1178900
2023-03-31,71.4441146850586,71.57710954698842,69.32508531534893,69.55560252733432,1427700
2023-04-03,70.43334197998047,71.47068939459137,69.73290891178065,71.18697027014059,1470300
2023-04-04,68.38525390625,70.86780189602382,67.72028641946048,70.85893376883489,1297600
2023-04-05,66.02684783935547,67.90648517960304,65.5303408837278,67.79122656901802,1840500
2023-04-06,65.86724853515625,66.09777249686998,64.96288894310968,66.0268410064351,1404000
2023-04-10,68.68670654296875,68.69557466979512,65.50372545217833,65.61012268089848,1703800
2023-04-11,69.77725982666016,70.22943966086407,69.10343090383057,69.1920918921608,1349700
2023-04-12,69.254150390625,70.92986798051267,69.09455791709287,70.74367788879174,1587200
2023-04-13,70.29150390625,70.60182075147792,68.84631016167434,69.4758119803938,1474400
2023-04-14,70.41561889648438,72.07360685637566,69.51126613207016,70.48655038195966,1360300
2023-04-17,70.61955261230469,70.92986943821698,69.81272210053322,70.27377003994533,922100
2023-04-18,71.76329040527344,72.14453868602342,70.80573563998526,71.0362595866803,1325900
2023-04-19,71.19584655761719,71.29337565199077,70.4067524408842,70.9298568885259,1076600
2023-04-20,70.77913665771484,71.32883875116336,69.74178906420845,70.61067607325873,1237200
2023-04-21,70.92987060546875,71.31111893054913,70.09644246124662,71.20472168945707,1059100
2023-04-24,70.796875,71.61256687992108,70.09644172341577,71.44411303879794,793600
2023-04-25,68.85517120361328,70.69934259305799,68.81083733125773,70.26489905445025,929900
2023-04-26,68.50052642822266,69.9989153886532,68.16360520380886,68.68671653226197,1080600
2023-04-27,73.01344299316406,73.02231112208945,69.5556100319103,69.65313915688826,2220500
2023-04-28,76.55106353759766,76.7549899024029,73.10209894333452,73.31489343645302,3090800
2023-05-01,76.94117736816406,77.80120314621536,76.58652665621305,76.63972865986551,1840900
2023-05-02,75.79743957519531,76.96778230075195,74.86648897782092,76.91458705644494,1885300
2023-05-03,76.72838592529297,78.51050076222133,75.93929168078427,76.23187901128283,2005500
2023-05-04,76.4092025756836,78.80308297764937,75.03493364141465,78.24451268769722,2673500
2023-05-05,75.77970123291016,78.03172542573719,74.9728707116676,77.45541887690673,1874300
2023-05-08,74.66255950927734,76.21415053839218,73.68727507242804,75.77970694427204,1566300
2023-05-09,72.44597625732422,73.82024483576758,72.18885473393298,73.82024483576758,1700100
2023-05-10,71.9494857788086,73.91779068644288,70.56634876121734,73.68726672277779,1618500
2023-05-11,71.32884979248047,71.66577101354628,70.39789928153482,71.50617853104134,1269500
2023-05-12,69.8570556640625,71.73669963100096,68.43845963448605,71.70123388471161,1797000
2023-05-15,70.123046875,70.49543387270487,69.56447652504305,69.96346114449821,1429100
2023-05-16,69.82160186767578,69.98119437109222,67.64050883058503,68.58919572189362,2080500
2023-05-17,72.49917602539062,72.64990711020377,69.93683552074343,69.9988988741142,1481700
2023-05-18,73.71388244628906,74.01533797503244,71.83423805857434,72.44601048131754,1457500
2023-05-19,72.35733032226562,74.2547037025888,71.71896044395145,74.2547037025888,1253300
2023-05-22,72.48146057128906,72.76517977940192,71.59483720038644,72.33959758503288,1169600
2023-05-23,72.10908508300781,73.89119330441042,71.2579274031439,71.82536585638651,1409700
2023-05-24,70.30036926269531,71.9494893059131,69.96345481036035,71.9494893059131,1094500
2023-05-25,68.76649475097656,71.31997395276605,68.21679268401226,70.71706989283224,1237200
2023-05-26,69.77725982666016,70.06097904795678,67.74689816561862,68.95269978282938,1253300
2023-05-30,68.6955795288086,70.53088957655501,68.51825080173208,70.26489986813988,939000
2023-05-31,66.47014617919922,68.98815296396968,66.35488082740714,68.42071462474257,3065700
2023-06-01,67.50750732421875,67.99515291579372,65.49487511728192,67.00213224040466,2155700
2023-06-02,72.33715057373047,72.48051309854695,68.59171146930152,68.65443385570137,1947500
2023-06-05,71.05582427978516,72.92854063306983,70.40171345686285,72.42676148314249,1360700
2023-06-06,73.42135620117188,73.50199634010517,70.34794557543358,70.7601222367344,1354200
2023-06-07,77.87467193603516,78.54670048845702,73.95898310954836,74.10234564589315,2450400
2023-06-08,77.3549575805664,78.0807461298126,76.3155502809885,77.44456000799246,1569300
2023-06-09,75.80482482910156,77.45353855180417,75.38368581199198,77.3460115145969,1177800
2023-06-12,76.4410171508789,77.73131435485244,75.49121884030338,76.15428519846579,1111800
2023-06-13,79.71153259277344,80.46420800088275,77.24742831123025,77.30118839887133,2325700
2023-06-14,79.82801055908203,81.47672379476461,79.20974907739918,80.23123170232886,2964100
2023-06-15,81.96955871582031,82.55197794305751,79.53233427784559,79.7384191882204,2186800
2023-06-16,81.44985961914062,82.48030473764777,80.50005464325592,82.17564824765374,2678500
2023-06-20,80.08787536621094,80.78679076074833,79.35312446693295,80.65238369117469,1687600
2023-06-21,79.37104797363281,80.69718039023988,79.12911388445255,79.52337279350043,1125500
2023-06-22,78.134521484375,78.94095716121906,77.40873279332952,78.85135471628712,989200
2023-06-23,78.68109893798828,79.02159777197969,77.15783698834903,77.41768884304801,1390800
2023-06-26,80.20436096191406,80.60757531569818,78.457082810986,78.67213684681626,1024600
2023-06-27,83.0716781616211,83.33152998946237,79.89970297393302,80.43732438081317,1735000
2023-06-28,82.54302978515625,83.77059757056561,81.94267908042676,83.53763259355868,1088600
2023-06-29,84.7741470336914,85.0787966410618,82.21147806958338,82.30108049314957,2119400
2023-06-30,83.96772766113281,85.68811913413398,83.89604297403409,85.3745071733621,1652600
2023-07-03,82.87456512451172,84.04837972904109,82.48031299406814,83.44802898354641,947200
2023-07-05,81.09144592285156,82.36381835078059,80.90327874713485,82.05020639125273,1862900
2023-07-06,80.05204010009766,80.38357665618288,78.77071218743984,80.20437177173193,1429600
2023-07-07,80.80471801757812,81.93372796407516,79.42481849102138,79.99828234150881,1414500
2023-07-10,83.93186950683594,83.93186950683594,80.52692954579184,80.63444971995769,1377900
2023-07-11,87.11280822753906,87.40850238370496,84.15588033833374,84.48741683187372,2198100
2023-07-12,86.09132385253906,88.84215995700801,86.07339926608977,88.59127043653163,1708600
2023-07-13,86.65583801269531,87.56980064162086,85.67019753611554,86.09133650863733,1263900
2023-07-14,86.32430267333984,86.96049570632492,85.40138457330848,86.70064385082219,972700
2023-07-17,87.12177276611328,87.39954234263699,85.45514163451696,85.96588299186247,1110900
2023-07-18,88.57335662841797,89.17370045921648,87.13073487390199,87.18450180356595,1581600
2023-07-19,88.77049255371094,88.94074197696719,87.39059308640863,88.4479182971349,972100
2023-07-20,87.44435119628906,88.70776814520102,86.14509874077476,88.70776814520102,1046700
2023-07-21,87.03218078613281,87.856541058238,86.53936391818029,87.78485636740652,892700
2023-07-24,86.40494537353516,87.54291063560554,85.94796407537152,86.91568676457895,1332000
2023-07-25,86.32430267333984,86.62895916594671,85.62539408637349,86.22574477692083,1782500
2023-07-26,87.05010223388672,87.10386233195504,85.76876748550917,85.88524997673326,1802400
2023-07-27,88.12533569335938,90.04285646125217,87.39058480880445,87.93716853421783,1968600
2023-07-28,88.7256851196289,89.40667595496996,87.32786794265901,89.40667595496996,1568800
2023-07-31,88.94969940185547,90.11455166926439,88.30455771067123,89.05722643516694,5472100
2023-08-01,93.1700439453125,93.37612887847499,86.06446159229652,89.59484703111328,3599000
2023-08-02,90.72386169433594,93.09836413308771,90.52673220969737,91.95143640743983,1722400
2023-08-03,88.83320617675781,90.58047753053728,87.84756575061998,90.41023496031477,1301600
2023-08-04,88.2149429321289,89.54108224871918,87.91029327774727,89.35291507932563,1022100
2023-08-07,88.48375701904297,89.26331257989831,87.99989565398391,88.30455214438159,981900
2023-08-08,87.26514434814453,87.7131633690658,84.80103973307762,87.00529249566287,1839500
2023-08-09,86.88880920410156,88.21494166542169,86.56623496513663,86.9336070040409,694800
2023-08-10,85.41033935546875,87.97300850642384,85.09672743200792,87.11281287226248,1188500
2023-08-11,84.49639892578125,85.19530757778752,83.24194416863307,83.91397277036654,1288300
2023-08-14,84.26341247558594,84.4963842645739,83.3494499075247,84.01252293493454,922600
2023-08-15,83.34944915771484,84.0842000213958,83.05376182245128,83.62722557770338,737600
2023-08-16,81.92476654052734,83.61827806018029,81.72763705803172,83.19713904507206,909700
2023-08-17,80.18644714355469,82.65055190284255,80.1058069964584,82.41758692041232,1718000
2023-08-18,80.39253234863281,81.46777523948512,79.75634617398532,79.9445133380731,1625700
2023-08-21,80.3298110961914,81.94267545527022,79.56818013471855,81.41401629672556,1590100
2023-08-22,80.15956115722656,81.29753328097031,79.58609736625704,80.65238480707269,1403200
2023-08-23,81.75450134277344,81.98747312590868,80.12371253328095,80.49109137731064,811400
2023-08-24,80.11477661132812,81.70076117518023,80.06100967212332,81.30650219007921,798000
2023-08-25,79.94450378417969,81.0914312203508,78.76173401109989,80.76885702439932,973000
2023-08-28,81.47674560546875,81.78139528144074,80.52694739658163,80.52694739658163,748100
2023-08-29,83.63616943359375,83.81538110489235,81.28855464750521,81.50360181683727,836700
2023-08-30,85.14154052734375,85.195307464046,83.66308307448669,83.77956557092274,1336100
2023-08-31,84.56805419921875,86.13612051788219,84.52325640613577,85.2221648715152,1321900
2023-09-01,85.36341857910156,86.08645719824713,84.92056104496373,85.41765095755223,812200
2023-09-05,83.72754669189453,85.88761563413104,83.65524145561214,85.43571825047643,1113500
2023-09-06,84.68556213378906,84.90247783032876,83.42928803014075,83.61908409305815,967600
2023-09-07,83.41121673583984,83.71850363526401,82.10071023574869,83.23949353004011,983300
2023-09-08,82.23628234863281,83.59197447325111,81.63074152120092,83.03162614146919,1199400
2023-09-11,82.20012664794922,83.29372432207947,82.0464832011531,82.55260603549628,1207300
2023-09-12,80.70887756347656,81.99226451130615,80.42869648949734,81.5674798564341,1092400
2023-09-13,78.90127563476562,80.8444286142564,78.08785907138956,80.64559958356976,1630800
2023-09-14,79.18145751953125,80.34735355858362,78.44034611045223,79.73277286114687,1333800
2023-09-15,79.50682067871094,79.92256541230236,78.25957958253034,78.81993477758294,2292600
2023-09-18,78.67533111572266,79.67854378081744,78.55783339207694,79.39836273592915,1241900
2023-09-19,78.94647216796875,79.06396990170596,77.51847476946104,78.47650191924069,1177700
2023-09-20,77.82576751708984,80.46484656755901,77.79865477749158,79.7237351384435,796800
2023-09-21,76.2802734375,77.29251908019151,76.18989534731773,77.15695539262124,1201100
2023-09-22,75.6476058959961,76.59659299211374,75.5662676911089,76.35257148204654,1333400
2023-09-25,75.62953186035156,76.59659179958616,75.02399113760025,75.18667444024744,1275500
2023-09-26,74.21961975097656,75.3132104590252,74.04789655953383,75.3132104590252,1189600
2023-09-27,74.9245834350586,75.57531673470847,74.12020668838207,74.8070857087623,1058300
2023-09-28,75.70185089111328,76.06337017353943,74.39134435424434,74.77094339326553,2198400
2023-09-29,75.53916931152344,76.59660754844501,74.74382549265023,75.9187614639455,2305500
2023-10-02,72.95431518554688,75.47590342986346,72.42107268382347,75.11438414155374,1840500
2023-10-03,70.86654663085938,72.59279094402666,70.63155807518095,72.30357691219415,1879500
2023-10-04,71.05634307861328,71.33651723413921,69.52892780151986,70.86654701563702,2145000
2023-10-05,70.02601623535156,71.00210926868739,69.29393784109178,70.65866976579204,1751500
2023-10-06,70.6586685180664,71.34555440713407,68.92338438343819,69.49277255078007,1812100
2023-10-09,71.32746887207031,71.49919205427325,69.47469406126145,69.78198091846077,1111900
2023-10-10,73.7586898803711,74.96073854920354,71.67995920337373,71.86072229008163,1813400
2023-10-11,75.98201751708984,76.02721000868449,73.93943963524056,73.93943963524056,1838300
2023-10-12,74.83419799804688,75.84644356890831,73.65926222283323,75.84644356890831,2013500
2023-10-13,73.61406707763672,75.32223831224933,72.66508688918834,75.01495145943906,1174700
2023-10-16,74.39134216308594,75.01496273451745,73.57793242084415,74.47268727455408,795900
2023-10-17,75.74703216552734,76.3977654576467,73.58696336804617,73.58696336804617,967000
2023-10-18,71.8335952758789,74.77996060193438,71.69802471164076,74.76188774455844,1485700
2023-10-19,71.27326202392578,73.2706478038034,71.06538617560936,71.85169017305742,1188500
2023-10-20,70.4236831665039,71.39074324436963,70.21581424162609,71.26421253477272,1361000
2023-10-23,70.58638000488281,71.47210203702213,69.60124687794975,69.9537263357889,1293800
2023-10-24,71.73418426513672,72.24030706551574,70.51405596429929,71.45400323315033,1377200
2023-10-25,69.81812286376953,71.37265045668713,69.601214121508,71.22804003157637,1568900
2023-10-26,69.80007934570312,70.93885589276387,69.20357143451251,70.17967152805672,2061700
2023-10-27,74.13827514648438,76.5062196472914,73.47850890353145,74.2105803744646,4369000
2023-10-30,76.13566589355469,76.35258159278948,72.98142422613584,75.15957282862432,2767000
2023-10-31,76.86775970458984,76.98525056031512,75.17766074382068,75.7922415572451,2099300
2023-11-01,76.80448150634766,77.20214651066759,74.83420865969397,77.20214651066759,1658400
2023-11-02,78.1963119506836,78.75666712940625,77.13887383983841,77.8619123352608,1320800
2023-11-03,80.32022857666016,82.17300336923951,79.50681205765687,79.53392479238939,1598700
2023-11-06,78.34093475341797,80.21178974258363,77.69020138407214,80.21178974258363,1083600
2023-11-07,77.48233795166016,78.34998020739067,76.91294276526271,77.94326837490568,1208500
2023-11-08,77.41001892089844,77.74441855326121,76.75928562113477,77.41001892089844,813200
2023-11-09,76.14470672607422,78.34996809476009,75.43070805514057,78.24151024378308,1270800
2023-11-10,76.88581085205078,77.30155556496669,75.31321008660261,76.88581085205078,1098500
2023-11-13,76.00009155273438,76.81350814618446,75.78318275961642,76.63275196782054,1115200
2023-11-14,80.48292541503906,81.68496719455966,78.34996924891772,78.44938722325948,2016300
2023-11-15,81.65784454345703,82.76951498733847,80.94384594867235,80.94384594867235,1245100
2023-11-16,81.43190002441406,82.06456044337199,80.64560305877217,81.3234490748945,956500
2023-11-17,82.93221282958984,82.95932557034135,81.56748075003864,82.24532685045448,1013300
2023-11-20,82.73336791992188,83.39313419152364,81.97417678397544,82.70625518210349,1113600
2023-11-21,80.67272186279297,82.29051530371278,79.85026532492029,82.1187920935181,1041300
2023-11-22,81.1065444946289,81.41383831630725,80.17563694157467,81.11558437346253,1114400
2023-11-24,82.61587524414062,82.81470428216632,80.7630933866957,81.0071149170127,643800
2023-11-27,81.73016357421875,82.94124528952409,81.72112369555626,82.0374504946728,1525700
2023-11-28,81.70304107666016,82.0284077155839,80.62752319269522,81.61266298704939,1178500
2023-11-29,82.66105651855469,83.42928057949214,82.27242454955257,82.8960450544505,1066100
2023-11-30,82.8890380859375,83.43615904895276,81.4938771952914,83.06228876739635,1162100
2023-12-01,85.51522064208984,85.56081695323836,82.6610682725095,82.93462526833957,1196900
2023-12-04,85.83438110351562,86.2994370793164,84.22949378121876,84.71278410878662,1373700
2023-12-05,83.30850219726562,85.27813916131268,83.26290588247353,85.27813916131268,1398800
2023-12-06,84.53952026367188,85.9255674350832,84.18389129560379,84.22036695348518,1058000
2023-12-07,84.94073486328125,85.55168640268039,84.12005005669013,84.67629159465636,1157900
2023-12-08,84.66719055175781,85.4696411960659,83.81003685036661,84.13830389201314,1636300
2023-12-11,84.6854248046875,85.26902142990795,84.32979582860068,84.61247348727981,848100
2023-12-12,84.43922424316406,84.75837759227925,83.91033757490392,84.52129622266295,1213200
2023-12-13,88.01374053955078,89.10798935032277,83.91032315245093,84.36625841768425,2300300
2023-12-14,92.5457534790039,93.85884948606493,87.41192404882032,87.53958538761557,2858000
2023-12-15,89.93778991699219,92.846659200165,89.1627013402497,92.50015089540324,2939600
2023-12-18,88.7067642211914,89.7645373774587,88.53350659390141,89.7645373774587,1013700
2023-12-19,88.54264068603516,89.77366469941511,88.10494666026592,89.44539070157764,1126600
2023-12-20,87.67635345458984,90.06544980714688,87.48486147681375,88.59734464419684,1262800
2023-12-21,88.37849426269531,89.30860614305746,87.49397869378987,89.00768718429204,1338100
2023-12-22,89.50921630859375,90.25694987948535,88.45144313380943,88.73412077737207,984300
2023-12-26,90.10193634033203,90.53051665724338,89.12623502701041,89.500105331387,843500
2023-12-27,90.02897644042969,90.39371907041541,89.55479989021669,90.28429906422758,555000
2023-12-28,90.36636352539062,90.58521049346982,89.36330738492298,89.70070196835232,519000
2023-12-29,89.45449829101562,90.36636882804335,89.18094130411936,89.96515052252481,769600
2024-01-02,89.54569244384766,89.93779709022891,88.24171717397704,88.67941813434106,1281500
2024-01-03,85.8070297241211,88.42410108413817,85.62465837065852,88.07758577272963,1397700
2024-01-04,86.00764465332031,86.60948265824248,85.46964427651538,85.80703198501293,860600
2024-01-05,87.09275817871094,88.06845938893288,85.46050905936391,85.65200104002203,1125000
2024-01-08,89.21741485595703,89.21741485595703,87.52134196529457,87.54869696977002,1247000
2024-01-09,88.94385528564453,89.08063726109226,88.01374341821617,88.20524235805516,907100
2024-01-10,89.51832580566406,89.54568080769074,88.33289832338261,88.99855989609777,769100
2024-01-11,88.35114288330078,89.97427145665652,87.94991758848631,89.26301349368227,1041600
2024-01-12,87.08364868164062,89.76455066834835,86.74625403038836,89.16271268887475,1014300
2024-01-16,85.9894027709961,86.35414545559449,84.74013750948222,86.35414545559449,1645800
2024-01-17,84.67630767822266,85.22342866753135,83.76443704370122,84.39363000776768,1316600
2024-01-18,86.15352630615234,86.21735696168987,84.61246296343528,85.25989017160727,1172300
2024-01-19,86.53651428222656,86.94685323599253,84.80395889195466,86.37237730931616,998600
2024-01-22,87.64900970458984,88.21436505717381,86.95598606007749,87.2204293843917,825400
2024-01-23,85.9985122680664,88.28730937434753,85.59729394319935,88.09581738717952,898700
2024-01-24,84.70365905761719,87.0836418683828,84.61247338947325,86.9833355463183,1573900
2024-01-25,86.67328643798828,86.72799643708996,84.85865928823156,85.50608645333853,1246400
2024-01-26,86.34503173828125,87.54870068542957,86.01675775660254,86.68241941715824,1221000
2024-01-29,87.95902252197266,87.95902252197266,85.67022575101733,86.17175727989857,1287200
2024-01-30,86.89213562011719,88.22346563621936,86.68240235648261,87.40278084354833,1185700
2024-01-31,85.07752227783203,87.4483842378435,84.71277267851798,86.80095700364552,2878100
2024-02-01,83.7644271850586,83.87385415284967,80.62759034524775,83.05316928696661,4214900
2024-02-02,82.64282989501953,82.97110386726955,80.43610471479931,82.2324909082173,1957000
2024-02-05,80.50904846191406,81.95891923883224,80.36314584040235,81.9042092342753,1869500
2024-02-06,81.46652221679688,81.99540887442214,79.85251419399971,80.31757018308544,1964000
2024-02-07,81.7856674194336,82.15953070700357,80.51816798024838,82.15953070700357,1896500
2024-02-08,81.40267181396484,81.75830768906447,80.78259963118047,81.65800138324498,1061700
2024-02-09,81.10176086425781,81.56680978937722,80.75524563728317,81.3662041322576,806300
2024-02-12,82.98021697998047,83.15347460431691,81.00145962937341,81.101765942724,1187500
2024-02-13,79.43305206298828,80.30844704316321,78.56677773718562,80.08047938300243,1711800
2024-02-14,80.83732604980469,81.53034961920729,79.69748785665182,80.54552775063836,1558800
2024-02-15,81.73095703125,82.1048273059056,80.96498908857076,81.50298938778303,923900
2024-02-16,80.56376647949219,81.32974140457418,80.29932316946511,80.7370241205149,864100
2024-02-20,80.66407012939453,80.70966644089602,79.65189323584102,79.82515087112218,817100
2024-02-21,80.8555679321289,80.88292293818968,80.03488296520165,80.75526160522553,794800
2024-02-22,80.8555679321289,81.55771222045257,80.59112461184007,81.33885825792473,753700
2024-02-23,81.28414154052734,81.90421380249695,80.11694833141283,81.1564802180942,1113000
2024-02-26,79.32361602783203,81.08352644168346,78.80385010027072,80.91938946682095,1740800
2024-02-27,80.7005386352539,80.77348994438294,79.27802289233644,79.88897445299769,1014300
2024-02-28,80.21725463867188,80.90115756176112,79.95281134023493,80.04399700524277,741200
2024-02-29,81.42092895507812,81.59418660010452,80.18990500252082,80.88292166858491,1259300
2024-03-01,81.67623901367188,82.14129490870556,80.79172353063475,81.42091639114976,906300
2024-03-04,81.71273040771484,83.09877074997067,80.39052073338485,81.51211774937047,1156800
2024-03-05,81.12000274658203,82.98021949089056,80.89203511061804,81.95892197724466,936200
2024-03-06,82.1504135131836,82.67018639911521,80.83732466789247,82.0409935010044,666600
2024-03-07,83.8434829711914,83.95389570452413,82.64729354574013,82.94173920152438,1016200
2024-03-08,84.17472839355469,85.82177904022583,84.16552499314301,84.46917402548969,1086700
2024-03-11,84.61640167236328,84.65320825750054,82.97854724451638,83.97230398280719,888200
2024-03-12,84.0919189453125,85.3617145241964,83.37420809550255,84.88324296436916,1290200
2024-03-13,84.76362609863281,85.27890423864079,83.99070186848272,84.12872480459575,1582000
2024-03-14,82.43566131591797,84.68081393442196,81.52472112240139,84.49678802345609,1876200
2024-03-15,81.11064910888672,82.69329701659379,80.94502300179789,81.39589134104173,2334400
2024-03-18,81.09225463867188,81.72715598240987,80.14450783404997,81.43271030505026,1608400
2024-03-19,83.42022705078125,83.63185615994747,81.04625473835827,81.04625473835827,1563700
2024-03-20,85.15928649902344,85.55494849768002,83.60424168707158,83.7238578187071,1351900
2024-03-21,88.15895080566406,88.64662576132326,85.67456604205987,85.67456604205987,1845900
2024-03-22,87.11917877197266,89.07908171775017,86.86153973911594,88.50859729360664,1018300
2024-03-25,86.88915252685547,88.06693510452236,86.62231006470627,87.29401792048017,1311600
2024-03-26,86.01502990722656,87.53326128566304,85.97822331948754,87.08239287110294,1081600
2024-03-27,89.30913543701172,89.32754224026199,86.44748828364762,86.45669168527274,1416400
2024-03-28,90.10965728759766,90.43170612305107,88.63742902542629,89.61277893283892,1492900
2024-04-01,87.8369140625,90.07286346564946,87.8277106601436,90.01765709178918,1210800
2024-04-02,86.94436645507812,87.38603847019523,86.36467851661679,87.35843528552638,1516100
2024-04-03,88.55461883544922,88.6006288238876,86.63152206510875,86.84315116359267,1048400
2024-04-04,87.35842895507812,90.17406590948102,87.26640898599885,89.631184596631,1075200
2024-04-05,87.79090118408203,88.16815639645374,87.05478352169767,87.26641261103983,589300
2024-04-08,87.64368438720703,88.74785398088,87.57007120892509,88.28778214682642,749300
2024-04-09,89.42875671386719,90.11886439830558,87.92891818679918,88.14055429888785,1412400
2024-04-10,85.49054718017578,87.1007985166131,84.76363287731029,86.58551331525884,1645700
2024-04-11,85.8677978515625,86.53950574793117,84.80963133981705,85.68377194523212,691300
2024-04-12,84.17472839355469,85.35251092129472,83.8434761801106,84.7636196574247,906100
2024-04-15,83.57665252685547,85.73898878085639,82.98776113053536,85.03967761517407,1819100
2024-04-16,82.97855377197266,83.66866150227179,81.89278399549647,82.8129276358953,932900
2024-04-17,82.19642639160156,83.83428081498245,81.92038051389405,83.61344832489942,1307400
2024-04-18,82.18721771240234,83.29138711204817,81.41430053667783,82.40805018830395,984100
2024-04-19,82.18721771240234,82.65649286631384,81.66273619454991,82.02159160044168,1121900
2024-04-22,82.21483612060547,82.96935365479933,81.14747310595668,82.20563271819823,1515600
2024-04-23,83.49383544921875,83.8434945400541,82.2884494764274,82.35285925313825,1095500
2024-04-24,83.06136322021484,83.83428752760102,82.6380979886072,83.03376003426156,1282500
2024-04-25,81.7363510131836,82.65649453821287,80.40213868980835,81.89277372760546,2399200
2024-04-26,82.54608154296875,83.14417628720938,81.62593794264119,81.88357702751074,1484000
2024-04-29,83.69625854492188,84.41396940853048,83.11657062126993,83.24539015985924,1118100
2024-04-30,84.10112762451172,85.11328419469113,83.06136084902838,83.06136084902838,2636300
2024-05-01,84.56119537353516,86.04262708085794,82.72090823600507,83.71466497510451,2941000
2024-05-02,78.2030029296875,78.58026517695237,76.39031890678545,77.89015747402856,7178600
2024-05-03,78.94831085205078,81.33147901891104,77.7429181583383,79.59240845927317,3145700
2024-05-06,80.06169891357422,80.63218346915939,79.64763006953406,80.20891824335341,2757300
2024-05-07,80.3193359375,81.11986339925238,80.26412956777176,80.62298501128248,1501600
2024-05-08,79.02193450927734,79.58322270004871,78.92071814568651,79.50961654300544,1450700
2024-05-09,81.11985778808594,81.34989367289316,78.92070827080184,78.92991167183278,1318200
2024-05-10,82.66568756103516,82.7853107073181,81.3774922944318,81.54311840301476,1344300
2024-05-13,82.99694061279297,84.17473018574734,82.68409519351133,82.99694061279297,1061300
2024-05-14,84.46918487548828,84.93845305469651,83.8250801465511,83.88948991743098,1294500
2024-05-15,84.0919189453125,85.88619606983738,83.78826988727346,85.50894086268983,1528000
2024-05-16,82.61968994140625,83.75146257312875,82.24242771740666,83.75146257312875,1570400
2024-05-17,82.92334747314453,83.00615703118683,82.27004633030171,82.93254385505665,932200
2024-05-20,82.4080581665039,83.17177903560186,82.27923862474503,82.9969495060126,797100
2024-05-21,81.1290512084961,82.16881786277096,81.03703826195847,82.08600129679063,856200
2024-05-22,80.20891571044922,81.52472133569957,80.08009616840836,80.9818399828329,1166300
2024-05-23,79.1323471069336,80.39294632646826,78.53425238174887,80.22732020288078,1220500
2024-05-24,79.25196838378906,79.88686973540725,78.7458935989947,79.36238814672143,569600
2024-05-28,78.13859558105469,79.55561761741232,77.89015988915988,79.42679807048333,1389000
2024-05-29,76.31671142578125,77.29206138249702,76.27070143833153,77.29206138249702,1053100
2024-05-30,78.53425598144531,78.5802659701601,76.64796578649604,76.73077534201629,1097900
2024-05-31,80.20891571044922,80.31013206778682,78.48825167598697,78.67227758743434,1511900
2024-06-03,80.04328155517578,80.8806155146102,78.47904040432317,80.63217283691826,1720000
2024-06-04,77.10830688476562,78.86373024216826,77.06187153754446,78.38075444544909,2187600
2024-06-05,78.40862274169922,78.51079043354342,77.10831246141751,77.24763268539786,1004200
2024-06-06,77.54484558105469,78.23215679395197,77.03401420976829,78.03710422939942,1076700
2024-06-07,76.58819580078125,77.4891252725619,76.2816927067715,76.6160584300328,1123000
2024-06-10,76.17951965332031,76.67178538460288,75.520078158281,75.87302366697871,1549700
2024-06-11,77.73060607910156,78.11140712084206,74.87921487370141,75.69654929669912,1941000
2024-06-12,80.78633117675781,82.7275030529898,80.00614221295181,80.0247220211561,2173300
2024-06-13,79.77394104003906,80.67487037685383,78.01852479895226,80.24762692471782,1548200
2024-06-14,77.60057067871094,79.3559869068621,76.73679387707146,78.67796566178411,855900
2024-06-17,78.35289764404297,78.74298860307526,77.2754954682917,77.2754954682917,944100
2024-06-18,78.13927459716797,79.2073868989803,77.5634280466815,78.35289989197891,1155700
2024-06-20,78.07426452636719,78.69656064167842,77.3869603312342,77.80491395713848,841200
2024-06-21,78.33431243896484,78.49221246151447,76.94112446457008,78.06496899970121,1902500
2024-06-24,78.7058334350586,79.82967092384611,78.01852932747795,78.66868090409197,1051300
2024-06-25,76.04019927978516,78.44576702205984,75.79871138936292,78.44576702205984,1309300
2024-06-26,75.72441101074219,76.05877669932971,74.93493922395744,75.70583828854095,1164100
2024-06-27,75.65010833740234,75.87302352757689,74.99995674802877,75.6036729873733,983400
2024-06-28,74.2011947631836,76.30955664102781,73.2724027325155,75.88230607113415,3419400
2024-07-01,72.21358489990234,74.63773281841577,72.1671424610166,74.29407719457656,1807100
2024-07-02,73.7367935180664,73.93183898033861,72.28788032054706,72.43648335013144,1390800
2024-07-03,74.19190216064453,74.99066384486038,73.50459806705899,73.97828396958714,894500
2024-07-05,73.91326904296875,74.25691754776926,73.19809523491247,73.88540641675472,1175700
2024-07-08,75.50150299072266,75.59438077406487,74.42410086281505,74.52626855032769,1473800
2024-07-09,75.09283447265625,75.71512343427815,75.03710921821872,75.24144459931746,1031900
2024-07-10,77.16403198242188,77.19189460536458,74.89777750148515,75.06496032526113,935100
2024-07-11,80.73988342285156,80.85134100637211,78.3714611474109,78.98446722759371,1548200
2024-07-12,82.114501953125,82.54174541150927,81.14855744829605,81.76155646732724,1251200
2024-07-15,80.7305908203125,82.20737363657621,80.4705302202459,81.91944332697115,1880600
2024-07-16,83.62842559814453,84.13925690412795,81.09282053043474,81.33430841453091,1740500
2024-07-17,83.13617706298828,84.06496909827904,82.2631102822563,82.7925214589272,1344900
2024-07-18,81.1485595703125,85.15165082173321,80.67487366631951,82.59747282238446,1763000
2024-07-19,80.75845336914062,81.52006244839787,80.1547442993093,81.43647457821933,1389800
2024-07-22,81.50149536132812,81.73369335381055,79.89468213545685,81.42719030306486,961600
2024-07-23,81.81729125976562,82.29097720661272,80.9163688908307,81.09283456818844,1057000
2024-07-24,80.23832702636719,82.4767187770476,80.12686945382013,81.6686673198502,809000
2024-07-25,83.19189453125,84.92873802568835,80.03400048959855,80.23833585201722,2631000
2024-07-26,88.63461303710938,90.0370908177024,84.53863727651724,85.13307062339454,3723800
2024-07-29,89.56340789794922,89.92563619105812,88.32811290549056,88.74607353408405,2980400
2024-07-30,98.49839782714844,98.66558067635175,94.98755799387901,96.71511174027289,4228900
2024-07-31,98.0989990234375,100.44884130070987,96.65007890003812,99.05565350759633,4772600
2024-08-01,94.27238464355469,99.29715258599227,93.6408058225964,97.97826260749797,3025000
2024-08-02,91.60675048828125,91.69963535523021,88.35597855644006,90.02780695583515,1916900
2024-08-05,88.89468383789062,90.42719209594199,85.47672890338876,86.85134421790268,1828300
2024-08-06,89.40552520751953,92.07115387052356,88.54174831283672,88.792519049819,1177000
2024-08-07,86.44267272949219,91.13307524928842,86.40552019848168,91.13307524928842,1790100
2024-08-08,87.7151107788086,88.56030773724135,87.39002793944526,87.55721076770185,1016500
2024-08-09,88.01233673095703,88.19809230669615,86.51698096205789,87.72440637660411,828600
2024-08-12,86.37764739990234,88.1423534414254,86.24761709973832,87.70582011110908,1064800
2024-08-13,89.97207641601562,90.31572489349355,86.60984709313932,87.1113955834769,1485800
2024-08-14,88.60675048828125,90.41789189585172,88.39312522902217,89.98135856015013,891900
2024-08-15,89.89778137207031,90.52007033107239,88.75536405806459,90.15784200651173,929600
2024-08-16,90.3900375366211,90.78012847759237,89.23833743589228,89.72130616002995,915600
2024-08-19,90.41790771484375,91.24453210047116,90.10212180847877,90.83586840318245,794000
2024-08-20,90.0556640625,90.65938023006788,89.45194789493212,90.01851153522136,590000
2024-08-21,91.62532043457031,91.68104567984568,89.98135483775025,90.35287300719861,694000
2024-08-22,91.22594451904297,91.96897381153923,90.74296874710633,91.68105058073245,564100
2024-08-23,93.25072479248047,93.40861774294481,90.752271868752,91.62533867787192,1482500
2024-08-26,93.66867065429688,95.2197515749412,93.31573224955234,93.80799086984253,981500
2024-08-27,92.68415069580078,93.11139414779038,91.80179408063333,93.046378993925,813900
2024-08-28,93.0463638305664,94.04946068626487,92.47980025944705,92.68413559147294,870300
2024-08-29,94.64390563964844,95.60985016408812,93.12068733583371,94.38384501501478,1092100
2024-08-30,95.0711441040039,95.52625017316484,93.41789557486732,95.20117440947845,1179100
2024-09-03,93.57308197021484,95.6797402580853,92.93640273525794,94.63109000540766,957400
2024-09-04,93.51689147949219,94.58426434833547,92.88021229953787,93.40454095225277,991200
2024-09-05,92.09373474121094,93.6198890087352,91.77539156329495,93.32964060740943,1019400
2024-09-06,90.98890686035156,93.86332459462267,90.65184098360652,92.09373231338367,1169800
2024-09-09,90.06197357177734,91.70048536874519,89.65936753021718,91.372777294676,1085100
2024-09-10,90.48331451416016,90.7361175114651,89.01333544678516,90.36159905015681,948800
2024-09-11,91.4383316040039,91.531959428023,88.15194283451498,90.01516296287154,1233800
2024-09-12,91.59750366210938,92.2716354541538,90.33351012369879,91.50387583395774,966000
2024-09-13,94.89324951171875,95.50184110428769,92.0001089306005,92.0001089306005,1348400
2024-09-16,96.05424499511719,96.53175617447397,94.93069684252528,95.50183584404057,816900
2024-09-17,96.43814086914062,97.82385710431309,95.47376060338456,96.89692225760456,1011900
2024-09-18,98.18901062011719,100.44547214250797,96.55985630169683,96.58795108099031,2011900
2024-09-19,101.13831329345703,101.4660213850334,99.0503850066217,100.81061234522558,1691000
2024-09-20,100.11776733398438,100.34247555634438,98.928678883011,100.25821265171398,2326100
2024-09-23,100.67952728271484,101.4285641095544,99.78068737651412,100.74506746931246,1126200
2024-09-24,100.49227142333984,101.42856388312683,99.6121542252698,101.11022073226007,1076800
2024-09-25,98.85377502441406,100.6982726005822,98.63842458203052,100.6982726005822,929700
2024-09-26,101.4192123413086,101.55965765747821,100.23948168616748,100.69827019521128,834200
2024-09-27,102.73001861572266,103.81611424741388,101.7937260758686,102.0652517696277,974100
2024-09-30,103.11389923095703,103.46033005705108,101.16641609411982,102.18697157718897,1035800
2024-10-01,102.39295196533203,103.57268255687566,101.35366668238683,103.2917919396788,1008900
2024-10-02,102.28997039794922,102.75811671555998,100.55783045145863,100.9042541547492,1049600
2024-10-03,100.43609619140625,101.60646184972728,99.88368702948436,101.46602368540483,928500
2024-10-04,100.5390853881836,102.32740747971211,99.65897530170017,102.32740747971211,755800
2024-10-07,99.53726196289062,100.16458342086781,98.93803528274312,99.43426920755164,686800
2024-10-08,99.75260925292969,100.50163900781405,98.57287863838887,99.15338259168409,802200
2024-10-09,99.81814575195312,100.40800746572276,99.3780871262787,99.92113850023203,698700
2024-10-10,100.04285430908203,100.2769274390253,98.83503610137339,99.52789770921387,734300
2024-10-11,101.08214569091797,101.17577351988885,99.24701309837587,99.62153155760487,732200
2024-10-14,101.91543579101562,102.11205635610303,99.62152205498442,100.64207743710641,737700
2024-10-15,100.24884033203125,102.90791481666923,100.07094246647114,102.45849126174977,1421300
2024-10-16,99.58407592773438,101.56901870012172,99.35000279084959,100.98851474904315,1488700
2024-10-17,98.45116424560547,100.36120192778598,97.88939013751599,100.36120192778598,1404800
2024-10-18,99.62154388427734,99.64026659504998,98.15156464317562,99.13466768403237,1476200
2024-10-21,98.94739532470703,99.75260747578778,98.77886238277513,99.38745395882619,1290200
2024-10-22,98.15154266357422,98.59160127332336,96.8594544658691,98.31071067121059,1635900
2024-10-23,96.70965576171875,98.32008004760846,95.76399831135886,97.720853403093,1412300
2024-10-24,96.33514404296875,97.25271392452022,95.90445030863907,96.90628309451033,964500
2024-10-25,95.48310852050781,96.9437224769282,95.32393337285477,96.46621132065823,933100
2024-10-28,96.36322021484375,97.70211874541646,96.11978931353578,96.80327882286582,1621900
2024-10-29,87.90850830078125,89.06015129807481,83.57347629917744,88.7137204776396,6716600
2024-10-30,87.88977813720703,89.88407855862235,87.271821668311,87.45908445131501,2509200
2024-10-31,87.0190200805664,88.03957539284377,86.85048715869056,87.64633428958153,2113900
2024-11-01,87.43099212646484,88.49836501779227,87.21564884915657,87.4497219769625,1016000
2024-11-04,88.40474700927734,89.69683538994342,87.5152718822109,87.5527244440189,1314000
2024-11-05,90.53948974609375,90.58630723249267,87.60889653849708,87.83360475785179,1332200
2024-11-06,86.16699981689453,89.33167311887794,84.24760442923373,87.54335096972814,5744100
2024-11-07,86.02655792236328,87.95532545525793,85.68013424657744,86.80368246229939,2819800
2024-11-08,84.42550659179688,86.99095359769858,84.19143342914245,86.79432585492435,1944100
2024-11-11,84.4535903930664,85.4928757595224,84.06034921206837,85.4928757595224,1412000
2024-11-12,81.9068832397461,84.73448386772961,81.84134304072036,84.73448386772961,1941400
2024-11-13,80.6522445678711,82.66527510090033,80.25900338746884,82.66527510090033,2170400
2024-11-14,80.35263061523438,81.38255104616749,79.69722865282574,80.7739594277334,1659800
2024-11-15,80.00618743896484,81.12037774651562,79.856384360673,80.38070584971123,1524900
2024-11-18,81.06421661376953,81.61662582980793,79.33207669843513,79.59423748864629,1579400
2024-11-19,80.81140899658203,80.933131601769,79.50996290274311,80.24963488626986,1416600
2024-11-20,79.97810363769531,81.48553513420245,79.66912539828444,81.0361187344638,1631700
2024-11-21,82.08476257324219,82.79634688042349,79.81893641521312,79.97810442738613,1692800
2024-11-22,83.5641098022461,84.17270138633766,82.26266373365632,82.79635019960072,2350500
2024-11-25,86.62578582763672,87.66507115653503,84.35059458644655,84.35059458644655,1862000
2024-11-26,83.83563995361328,84.63148723202423,83.0304277490999,84.20079349480591,1289800
2024-11-27,84.05097198486328,85.53968072840347,83.89180397918415,84.72510370696868,892600
2024-11-29,84.52344512939453,85.17544496712617,83.92814563137718,84.8069252003729,524000
2024-12-02,84.16438293457031,84.5234514701079,82.95488133149817,84.41950925023156,1160500
2024-12-03,83.38008880615234,84.54234845728384,82.69974239663125,84.44785750244985,1577900
2024-12-04,81.29180145263672,83.45567803514115,81.04611922160552,83.039909214811,2316300
2024-12-05,80.25239562988281,81.32960841343576,79.70433797952836,81.09337741337244,2600300
2024-12-06,79.80827331542969,81.49968799515752,79.21297384190655,80.93273508572632,1956300
2024-12-09,81.07447052001953,81.37684586852379,79.00508494823283,79.94055755623086,2733900
2024-12-10,79.27912139892578,80.78154702947356,78.4003418309382,80.3374316164092,1810000
2024-12-11,79.18462371826172,80.3468760489698,79.15626994624697,80.08229851707519,1428500
2024-12-12,78.15465545654297,79.43975254636591,78.07905981380108,78.89169495028315,1200000
2024-12-13,78.23970031738281,78.56097097686506,77.42706520208442,78.06016247285032,1223000
2024-12-16,78.23025512695312,79.51535228293903,77.84283284485255,78.22080386882448,1552000
2024-12-17,77.68218994140625,79.09012447923178,77.62549681654791,77.64439212176836,1346900
2024-12-18,74.71513366699219,78.7877534334979,74.67733584529037,78.05071393330587,1662800
2024-12-19,75.05530548095703,76.76561542881169,74.48835258418949,76.02857594209415,2443200
2024-12-20,77.4837646484375,78.14520853614752,75.2253969628591,75.31043665876567,4890900
2024-12-23,76.86955261230469,77.26641889319446,76.04747348891826,76.90735043084611,1562100
2024-12-24,76.65223693847656,76.73727663746594,76.08527677508887,76.73727663746594,454300
2024-12-26,76.45379638671875,76.74672048945496,75.83014315085777,76.0002297416201,927800
2024-12-27,76.14196014404297,76.982941733953,75.61279792345056,75.81123826192042,870200
2024-12-30,75.43328094482422,75.82069601701092,74.55450137962312,75.63171410997316,802000
2024-12-31,75.86795043945312,76.50104780271691,75.62226817564995,75.91519231493956,1051200
2025-01-02,75.48051452636719,77.01129375834704,75.35767702120462,76.44434089030901,1189000
2025-01-03,76.31205749511719,76.63332816622827,75.0080578768026,75.48051983492878,765800
2025-01-06,78.09796142578125,78.81610560512834,76.89790404102517,76.89790404102517,1839500
2025-01-07,77.15304565429688,78.6176735214212,76.45380391638464,78.12631621593643,1280000
2025-01-08,77.0679931640625,77.19083788843477,75.13090343961086,75.75454948252587,1305100
2025-01-10,75.67894744873047,76.31205190523444,75.08364802040839,75.32933023921296,1605800
2025-01-13,76.43489074707031,76.47268856671657,75.2915337372598,75.6128043904575,1369200
2025-01-14,77.82393646240234,77.95622523758487,76.46324367858492,77.27587884567616,1014600
2025-01-15,78.79720306396484,80.77209775421596,78.63656773194747,80.31853111235823,1375200
2025-01-16,79.34526824951172,79.48700828923633,77.71054658185729,78.60822869398122,853100
2025-01-17,79.62873077392578,80.46026838736631,79.46809544740094,80.0539508378525,1514300
2025-01-21,81.84930419921875,81.91544857850586,80.186236251033,80.42246720694361,1695500
2025-01-22,81.54694366455078,82.0099544035956,81.15952136612698,81.45244549767807,1748700
2025-01-23,83.6163101196289,84.28720519325422,81.53748051710528,82.04774026518587,2159100
2025-01-24,83.30450439453125,85.79910321055931,83.15331309213047,83.78641045023801,2834700
2025-01-27,85.42112731933594,85.94083117116935,83.34229028440923,83.51237688536507,2010400
2025-01-28,83.9470443725586,86.04477679785829,83.37064736726619,85.89359270723021,1759700
2025-01-29,83.52182006835938,85.00535025190912,83.40842660895284,83.87144449463177,1955400
2025-01-30,84.96755981445312,85.13764641374227,83.2383472565463,84.01319181601727,1483700
2025-01-31,83.21945190429688,85.10929980239304,82.88872996396957,84.57069343980353,2392700
2025-02-03,80.47917175292969,81.36740258017527,78.25860189401342,80.75320056578626,2455000
2025-02-04,81.8871078491211,82.33121602213645,80.50751262425779,80.59255952322475,4050600
2025-02-05,80.9043960571289,80.94219388250448,77.56880825741497,78.4286925640138,4810100
2025-02-06,81.17840576171875,82.44460017214315,80.76263698972443,82.01938735292812,2406900
2025-02-07,81.6981201171875,81.98160017290768,79.77047448220326,81.15006252103372,3727300
2025-02-10,81.03668212890625,82.50130996489658,79.73268242928904,82.20838583953807,2088400
2025-02-11,82.4823989868164,83.0588030788946,80.27127355622869,80.27127355622869,1577900
2025-02-12,80.60201263427734,81.3107055687785,79.67598402781567,81.09336989681799,1682200
2025-02-13,82.02883911132812,82.3123191569178,80.68704894182403,81.16896213564766,867500
2025-02-14,82.30286407470703,83.72970107525668,82.15168001082976,82.30286407470703,997200
2025-02-18,82.24617767333984,82.6808418051547,81.6036291286576,82.21783110962107,993300
2025-02-19,83.42733001708984,83.55016752586496,81.95325107500018,82.35011737337862,1262400
2025-02-20,84.97700500488281,85.08094720864868,83.42733041498803,83.63521482251977,1378400
2025-02-21,83.10604858398438,85.75183821137492,82.4540560386806,85.42111631025028,1365000
2025-02-24,82.01940155029297,83.61631811977337,81.41465080045467,83.28559617989266,1213800
2025-02-25,82.96431732177734,84.0509739872651,81.76425998922407,82.38791319370628,1372900
2025-02-26,82.6052474975586,83.72025801343466,82.54855436920474,83.60687175672695,904300
2025-02-27,80.89494323730469,82.33122452786787,80.82879884647345,82.10444478918903,1332300
2025-02-28,81.7642593383789,82.38791253789682,80.63979765335546,81.27290210991977,2458400
2025-03-03,79.44920349121094,82.95487030609446,79.18462595185328,82.56744804546557,2399600
2025-03-04,77.7220458984375,79.69730209633661,77.28310088559309,78.16099819148049,3229600
2025-03-05,79.80226135253906,80.89008309380716,78.39954920841818,78.40908626776059,1888300
2025-03-06,81.21453094482422,81.52942865047386,79.02934296592586,79.64959403699983,1925500
2025-03-07,84.89786529541016,85.24138876292227,80.70879514012529,81.15728451605493,2539300
2025-03-10,82.74130249023438,86.11927838298013,82.59816649948604,84.15356643597963,2134700
2025-03-11,79.06751251220703,82.7699229529768,79.02934243176217,82.3118965480354,2268300
2025-03-12,77.44532775878906,79.92632486222644,77.35944325371918,79.92632486222644,1533700
2025-03-13,75.76587677001953,78.30412523035145,75.70861800942366,77.07316744041738,1452100
2025-03-14,77.26402282714844,77.62662769339157,76.21437103101397,76.95866944499662,1146900
2025-03-17,77.81746673583984,78.16099015058619,77.08270548977767,77.29263727436687,1068700
2025-03-18,77.5979995727539,78.2373320595059,76.9872928271701,77.40715644483346,1137400
2025-03-19,78.39955139160156,78.65719032478246,76.68193423640166,77.36898109848161,1421500
2025-03-20,76.83460998535156,78.03694203644604,76.5483453028423,77.60754137258294,1963200
2025-03-21,75.9185562133789,76.44338576194261,75.27922369436425,76.1475767146789,2491100
2025-03-24,78.24687194824219,78.43771506530494,76.84415246921637,76.87277820875595,1406300
2025-03-25,76.78689575195312,77.827003045329,76.05213451296852,77.29263652984764,1702600
2025-03-26,74.84981536865234,76.74873133054852,73.80970071843498,75.64182086097397,1686300
2025-03-27,74.1532211303711,75.44143032553974,73.75244623057606,74.79255355816767,1654200
2025-03-28,72.93180847167969,75.05020050607368,72.76004675861536,74.73530281875608,1789000
2025-03-31,73.3612060546875,73.94328698689638,70.90883503611151,72.149337054307,1776900
2025-04-01,72.65509033203125,73.30396719037638,71.9966691327725,73.28488578874816,1846800
2025-04-02,73.4566421508789,73.60931519333384,71.56726319913442,71.66268476069357,2070600
2025-04-03,61.70052719116211,68.03661503042683,61.69098285086663,67.94118618786918,6033700
2025-04-04,60.00199890136719,60.65087576000286,55.125881760781226,60.11650551168539,7517600
2025-04-07,56.557220458984375,61.05164351491066,55.63161606450011,57.95993992029986,6433100
2025-04-08,53.30329895019531,58.78057819765188,52.377694501855736,58.78057819765188,7095900
2025-04-09,61.280662536621094,61.60509729915494,51.442548196861985,52.177305862828014,7941900
2025-04-10,55.994224548339844,58.90462572870879,53.32238090144539,58.88554068921894,5025800
2025-04-11,56.309120178222656,56.671728658496846,53.79949747658859,55.76520927786096,3765500
2025-04-14,57.3492317199707,58.00765286646361,56.22323982896756,58.00765286646361,2876900
2025-04-15,56.16598892211914,58.04582353970686,56.13736318157898,56.91028729695725,2268700
2025-04-16,54.209815979003906,56.39500024986392,53.770867344766884,55.54573600117565,2177000
2025-04-17,54.59151077270508,55.51711526382495,54.133480697539426,54.15256573901709,2922600
2025-04-21,53.789955139160156,54.54379786776229,52.845269283402466,53.56094193053376,2921200
2025-04-22,55.70795822143555,56.42363084736319,54.5437962517615,54.5437962517615,2302900
2025-04-23,56.433170318603516,60.83217187926928,56.42362961877588,57.91222631862867,3335100
2025-04-24,59.08592987060547,59.17181073077027,56.43317118566926,57.167928847057176,1949400
2025-04-25,58.76149368286133,59.51533272588804,58.37025583153602,58.79011942218792,1995000
2025-04-28,58.47522735595703,60.45048364174047,58.3320950054521,58.79966577990742,2504400
2025-04-29,58.456138610839844,59.12410045784007,57.81680614420624,58.20804036829078,3119200
2025-04-30,57.27289962768555,59.41991767466098,55.75567339555226,58.47522813234801,7190800
2025-05-01,56.24232482910156,57.91222762421847,55.851090605563854,57.5591634810501,4396400
2025-05-02,58.58019256591797,59.85886120506759,57.20610236090172,57.4732856574078,3739200
2025-05-05,57.33014678955078,58.49430504916379,57.17746647736652,58.49430504916379,2482100
2025-05-06,56.280494689941406,57.02479305374424,55.9942263684864,56.36637555038782,2093200
2025-05-07,56.232784271240234,57.43511268512077,55.56482242348473,56.480882514069826,3348600
2025-05-08,59.01913833618164,60.17375968226253,56.81486883205336,57.301524648259765,3985100
2025-05-09,59.801605224609375,60.51727787865266,59.353119503343144,59.46762610876225,2867100
2025-05-12,69.21031188964844,69.87827736542131,67.2732258422839,67.2732258422839,7055300
2025-05-13,70.44127655029297,71.25237080429483,69.18169291531858,70.42219514863838,3642200
2025-05-14,68.57097625732422,70.7752454808064,68.05569112452358,69.81147831186627,2735700
2025-05-15,67.46407318115234,68.19883452244538,66.99650241500144,68.01752845222005,2120600
2025-05-16,68.18928527832031,68.42784281453618,67.45453127006266,67.70262586598443,2275800
2025-05-19,67.38773345947266,67.454529276431,65.4029330695702,66.40487032394546,2064100
2025-05-20,67.31139373779297,69.04809227012896,66.70068704159996,66.95832597147592,2979400
2025-05-21,63.437225341796875,66.52892907543472,63.189123457432565,66.0804397276141,2439800
2025-05-22,63.30362319946289,63.694861046453056,62.39710748990723,63.007814189434896,2442700
2025-05-23,62.521156311035156,62.87422408789402,61.1852399233493,61.30928722214919,1917900
2025-05-27,64.15289306640625,64.47732780712559,62.673833493791086,63.83799538498012,2158000
2025-05-28,63.1127815246582,64.31511355184843,62.950564146441586,64.1433518336784,1544300
2025-05-29,63.484928131103516,65.45063983044402,62.59749383651036,64.98306911442766,2140100
2025-05-30,62.43528366088867,62.883773029659814,61.423801956135954,62.215807506737264,11573200
2025-06-02,61.02302169799805,62.03450701512929,60.25963827002131,61.92954111126387,2429100
2025-06-03,62.163631439208984,62.58894866263151,60.30771380479254,61.00368476138899,1801900
2025-06-04,63.4299201965332,64.16454971345924,61.97031472581136,62.347297796928125,1902200
2025-06-05,63.265586853027344,64.47386778891222,62.62761835375615,63.2945917902883,2429400
2025-06-06,63.93255615234375,64.96684427153968,63.31391694318512,64.3095391899635,1739100
2025-06-09,64.96684265136719,65.84647463371735,64.64785474294827,65.09250120251967,2122600
2025-06-10,66.8614273071289,67.4414006398425,65.03450725296254,65.88514169071944,3374300
2025-06-11,65.85613250732422,67.66372319619347,65.25682996457613,67.5573938983329,2238000
2025-06-12,65.16983795166016,65.7594796307864,64.37720596288149,64.90885251775317,2087500
2025-06-13,63.081932067871094,64.57053503994827,62.61794895167036,63.62323955780409,1730200
2025-06-16,63.555572509765625,64.33853613817533,63.033594299238814,64.23220683372945,2191900
2025-06-17,61.99930953979492,63.66190525395093,61.709322858516266,63.197922139048224,2597300
2025-06-18,62.434288024902344,63.43957863316493,61.796319535381954,61.883312221550504,2191500
2025-06-20,62.3956298828125,63.41058143440104,62.21196882238917,62.73394706667534,3615200
2025-06-23,63.46858215332031,63.574904086899316,61.19701186685032,62.086308519657734,1715200
2025-06-24,64.14521026611328,64.56085914700994,63.555568658916634,64.19354444693684,1380500
2025-06-25,64.03888702392578,64.6381969989128,63.652235665055485,64.51253106679223,1402600
2025-06-26,65.33416748046875,65.5468261189967,64.32888416612903,64.7541940684229,1737300
2025-06-27,65.39215850830078,66.52310756953364,64.8508436939265,65.87547082931592,2580000
2025-06-30,65.48883056640625,65.90447952772226,64.82185709075075,65.4791622534188,2453300
2025-07-01,68.06005096435547,69.83863693250895,64.81219127273815,65.18917432848288,2871600
2025-07-02,69.17166137695312,69.52931517192647,67.4124047127329,68.17603911296602,2237600
2025-07-03,68.72701263427734,69.65497143348128,68.53369064997857,69.52931288116316,1088700
2025-07-07,66.98709869384766,69.10400189948932,66.71643756674912,67.96338438981122,2155500
2025-07-08,69.29733276367188,70.66026986713142,67.89572240932065,68.20504204359786,2770400
2025-07-09,70.47661590576172,70.57327690833766,69.0943421821167,69.9353010167653,1642400
2025-07-10,71.3852310180664,72.76750460303676,70.39927709108748,70.58293076512842,2598500
2025-07-11,70.43794250488281,70.91158652923868,69.70330568921588,70.28327901747463,1722800
2025-07-14,69.19100189208984,70.04162902353343,68.56269432494143,69.97396558551816,1537500
2025-07-15,67.47041320800781,70.30262413417654,67.39308145496112,70.17695819178519,1704300
2025-07-16,67.1900863647461,67.95372077866081,65.95280790287565,67.46074010643508,1847000
2025-07-17,68.45636749267578,68.60136268646677,67.19009137474245,67.41241094709497,2052100
2025-07-18,67.77006530761719,69.13300244053254,67.10309183579535,69.05567806136345,1970600
2025-07-21,67.24807739257812,68.57235583349132,67.20941152115428,68.53368996206747,1556400
2025-07-22,70.37027740478516,70.65059206323625,67.52839857649151,67.93437915917323,1996900
2025-07-23,71.61721801757812,72.49685000418077,71.1919081790577,71.60755708073879,1986200
2025-07-24,70.26395416259766,71.39490332963564,69.80963935837862,71.03724952371051,1442300
2025-07-25,71.4335708618164,71.61722455040888,69.72264091578279,70.5152729198076,1782200
2025-07-28,71.46257019042969,72.42919496921284,70.66026985409682,71.3852384381842,3272000
2025-07-29,66.32012176513672,67.44140259085233,64.29021135453544,65.94313871922911,5250500
2025-07-30,65.5081558227539,67.22875406625384,64.85085070017008,66.21379513256538,3389400
2025-07-31,65.39215850830078,66.60043931083864,64.62852415612556,65.1408340364399,4017500
2025-08-01,64.74452209472656,64.92817576280156,63.226921694072985,64.50286593299981,2193400
2025-08-04,65.6628189086914,66.14613127887911,64.43520873330971,65.06350891474452,1643000
2025-08-05,67.04509735107422,67.28675355335614,65.11184773281894,66.36846293458969,1664800
2025-08-06,65.99146270751953,67.46073632980794,65.85613584425099,67.3737362749862,1251700
2025-08-07,66.44578552246094,67.65406650128321,65.74981449869742,66.96776379028358,972900
2025-08-08,67.00642395019531,67.17074837935363,66.08813343453537,66.47477741496405,946500
2025-08-11,66.54243469238281,67.90537893400374,65.7304735588933,67.62505691179602,1936500
2025-08-12,69.04600524902344,69.21032968434717,66.85177034124237,67.50906808253733,1610100
2025-08-13,73.44415283203125,73.66647239794045,69.14266820629564,69.49065371140384,2389700
2025-08-14,71.93621063232422,72.4001937475913,71.06624690042433,71.73322032400782,1728000
2025-08-15,71.58822631835938,72.49685593939009,71.26924575704483,72.49685593939009,1557600
2025-08-18,72.05220794677734,73.15415954421874,71.64622733188028,71.84921763932881,2028900
2025-08-19,73.66647338867188,74.72975916868616,72.27453134951905,72.30353628763622,2186700
2025-08-20,71.45289611816406,73.38614551989855,71.45289611816406,73.38614551989855,1840400
2025-08-21,70.68926239013672,71.30790161457989,70.20595003511791,70.82458925956108,1756300
2025-08-22,74.94241333007812,75.33873300499668,70.97925345469937,71.34656819323061,3594600
2025-08-25,73.91779327392578,75.02941317320207,73.86945908818107,74.46876906751332,2191400
2025-08-26,72.68051147460938,74.37210465123792,72.42918699486292,73.90812156361069,2674300
2025-08-27,73.212158203125,73.50214858477538,71.99421629962163,72.26487005595571,1816800
2025-08-28,72.7868423461914,73.8887939064332,71.84921521384717,73.6567986702425,1742000
2025-08-29,71.810546875,73.56980346117597,71.38522966468463,72.62250804949926,2325500
2025-09-02,70.109619140625,71.008959912195,69.67949639853235,70.46153639177606,1738500
2025-09-03,71.21424102783203,72.11358176524756,70.46153371584174,70.82322104606004,1933900
2025-09-04,73.06180572509766,73.14001121620329,71.11649074688344,71.64436662471725,1630500
2025-09-05,76.6591796875,76.66895723884473,73.91227694846144,73.91227694846144,3181100
2025-09-08,76.6591796875,77.20661069150793,75.42747670917669,76.74716273342965,3113300
2025-09-09,75.01689910888672,76.35614019150556,74.62587910698983,76.09219852053852,2338800
2025-09-10,75.24173736572266,75.84781127809912,74.3521666828543,74.9582480533169,1677800
2025-09-11,77.7344741821289,78.26235004981541,74.88981848514085,75.60342306802532,2001000
2025-09-12,75.8282699584961,77.49009576779193,74.95825430493588,77.1479560374177,2757500
2025-09-15,76.79602813720703,77.08929498445785,75.61319811397733,76.20950190079112,1755400
2025-09-16,76.06287384033203,77.63672395150586,75.61320344543755,77.03065002964586,1753600
2025-09-17,76.42456817626953,79.61137112513875,75.77938405405706,76.53209886330495,2280000
2025-09-18,77.58785247802734,77.76381111026488,76.11175547748388,76.76670970822336,1766800
2025-09-19,74.94847106933594,77.62695323105076,74.89959823046698,77.40211430637774,5995100
2025-09-22,73.33551788330078,74.94847072018617,73.02270337526919,74.94847072018617,2351800
2025-09-23,73.57991027832031,75.03645970559221,73.38440399209871,73.93182755998859,1243300
2025-09-24,73.40394592285156,74.25441386368718,73.2084396518505,73.33551798219257,1160800
2025-09-25,71.80077362060547,72.85652542732154,71.43908625840409,72.44595776629413,1188500
2025-09-26,72.19178771972656,72.22111291338395,71.17513874378405,71.80076773542777,1790700
2025-09-29,72.24066925048828,72.84674315133896,71.42930407435193,72.84674315133896,1247000
2025-09-30,72.66101837158203,72.73922386563324,71.40976029910833,72.52416248603562,1135300
2025-10-01,71.96695709228516,73.42349890604483,70.92098291063182,72.2406688470227,1664400
2025-10-02,72.37752532958984,74.23486469837854,72.02560808253152,72.38730288036535,1312300
2025-10-03,73.7265396118164,74.26419305608205,72.59258979039205,72.59258979039205,1854500
2025-10-06,72.6805648803711,74.23486735348466,71.91807997050215,74.23486735348466,1265000
2025-10-07,71.54661560058594,73.29642436074357,71.40975971615674,72.90540435176602,1311600
2025-10-08,71.1067123413086,72.3482002589085,70.99918165685236,71.73234134646164,1372000
2025-10-09,68.15452575683594,70.72546970993581,67.69507782595089,70.72546970993581,2385400
2025-10-10,62.983306884765625,68.76060149990043,62.80734825669579,68.741053855931,4777500
2025-10-13,63.04195785522461,64.86019454265906,62.99308501580789,64.0586068869794,2261000
2025-10-14,65.51514434814453,65.86706158380501,61.78092181708855,61.820024560838135,2620500
2025-10-15,66.19943237304688,67.25518409910877,65.69110415320111,66.96191724472962,1797300
2025-10-16,66.38516998291016,66.96191869544214,65.50537685879809,66.70775458001285,1545300
2025-10-17,66.3265151977539,66.78596315367123,65.53470507854361,65.99415303446095,1248200
2025-10-20,67.53866577148438,68.0567715406364,66.16032945884484,66.71753051426694,1278300
2025-10-21,69.26892852783203,70.11939645829949,66.98146640295815,67.18675768051857,1746600
2025-10-22,67.67552947998047,69.45466333854175,67.4213653693043,68.90723237261724,1379000
2025-10-23,68.81925964355469,69.161399350136,67.6266519879688,67.67553228523165,1233500
2025-10-24,68.6335220336914,69.95320799334456,68.5455464501547,69.9043351551862,1219100
2025-10-27,70.46154022216797,71.1946999589073,69.46443880367404,69.53286674744625,2000200
2025-10-28,70.26602935791016,71.78122919237434,69.44489399906102,70.28558446155141,1993000
2025-10-29,68.3891372680664,70.77435259230138,67.88081648094543,69.65995042299828,1861100
2025-10-30,67.04012298583984,68.88768478435554,66.80550651821954,67.24540680144315,1988400
2025-10-31,66.19943237304688,67.24540654847323,65.38806720627231,66.77618107308375,3401000
2025-11-03,64.8699722290039,65.56402919809283,64.09770976698168,65.10458124971753,3435000
2025-11-04,65.13390350341797,67.24540696873808,63.77511482193522,64.29321313756859,3789900
2025-11-05,68.05677795410156,70.1878292447668,64.19546548853857,64.23456823657945,3796100
2025-11-06,65.95504760742188,69.14185051545859,65.81819172714602,68.40869081765814,1749800
2025-11-07,66.7370834350586,67.10855580677378,65.00682974447058,65.25121632245731,1308100
2025-11-10,66.41449737548828,67.43114641276739,65.59335461311093,67.06945160030416,1430000
2025-11-11,66.1016845703125,67.02057303581866,65.92572593511575,66.86416950346961,938600
2025-11-12,66.70775604248047,67.26495712361957,66.25808564876174,66.42426672638005,1059100
2025-11-13,65.88662719726562,67.65598375025084,65.5542575514058,66.22876693705739,1005900
2025-11-14,64.17591094970703,65.71065821953594,64.1172531049035,65.15345717146012,1430900
2025-11-17,62.24037170410156,64.439850899352,62.171943760795,63.99018049218228,1236400
2025-11-18,61.41923141479492,62.03508285472339,60.734948308053696,61.45833042991845,1404900
2025-11-19,60.72517395019531,62.01553474318725,60.510116304058734,61.5560905267258,1673400
2025-11-20,61.03799057006836,62.96376173307925,60.88158330882003,61.78092785778034,1683900
2025-11-21,64.66468811035156,65.41739546668363,61.29215268828242,61.575642005315245,2374500
2025-11-24,65.68133544921875,66.3265121011723,64.02927988692282,64.66468644612019,1841700
2025-11-25,69.14185333251953,69.50354069166227,66.68821002231395,66.69798757361377,2022300
2025-11-26,70.21714782714844,70.5788351608058,68.01766879911393,68.35980848963545,1706900
2025-11-28,69.91410064697266,70.30512061693726,69.61106371284075,70.21714503919016,770900
2025-12-01,69.78553771972656,71.40753663166814,68.50969573186,68.97453826375578,1363100
2025-12-02,70.45806884765625,70.86357231647914,69.03387939443634,70.23059754934708,1274000
2025-12-03,71.7339096069336,72.0108351199927,70.28004311771893,70.63609236183903,1768800
2025-12-04,71.41742706298828,72.20864933585169,70.31960974357632,72.00095518699737,2226400
2025-12-05,71.67457580566406,72.54491427380891,71.10094003214242,71.32841888910957,1621400
2025-12-08,71.56578063964844,72.1690859119293,71.17016951174472,71.8031442981288,1365200
2025-12-09,71.09104919433594,72.0899656425378,70.70533040114358,70.82401600891623,1313600
2025-12-10,75.0273666381836,75.54165583507353,70.70532873098985,71.4273196229895,2036300
2025-12-11,75.69989776611328,76.1548479000376,74.69108906187107,75.16582390133581,1552800
2025-12-12,74.8493423461914,76.1548538242088,74.29549127844308,76.02628341081147,1484900
2025-12-15,73.33613586425781,75.26472977104643,73.29657399621411,75.09659749110175,1770900
2025-12-16,72.0009536743164,73.89987803450798,71.27896279957287,73.67239918350107,1688600
2025-12-17,71.13060760498047,73.0789861836617,70.37895476259997,70.9624753280523,2032100
2025-12-18,72.13941955566406,73.2965759302708,71.63501515686562,72.08007297920514,1567900
2025-12-19,71.95149993896484,72.44601196603676,71.42731839757336,72.01083896760397,3355300
2025-12-22,74.41416931152344,76.83728282336016,73.5833927101999,75.45264760883273,2246300
2025-12-23,73.83064270019531,74.26580812674008,72.88118057093274,73.91965123778824,1301500
2025-12-24,74.04823303222656,74.20647295582856,73.31634980539654,73.78119231426963,489000
2025-12-26,74.55262756347656,74.5921894295706,73.8108595519359,74.07790026165702,713800
2025-12-29,74.31526947021484,74.85923573762012,73.65262514130657,74.38450085464324,947600
2025-12-30,74.3647232055664,74.59219451905963,73.800979780157,74.06801296244359,854000
2025-12-31,73.46470642089844,74.5328542232188,73.42514455277679,74.21636682390034,960900
2026-01-02,75.63066864013672,76.02627976052868,73.20755524377006,73.98888513148918,1199400
2026-01-05,76.362548828125,76.97574647831074,74.49329390792673,74.91857456703111,1415600
2026-01-06,79.87358093261719,79.93291995843857,73.34602399436193,74.8987913838079,2911700
2026-01-07,77.82630157470703,80.59556426866749,77.23288113360789,79.86368861580739,2172200
2026-01-08,80.59556579589844,81.70327542186558,76.92628756355383,76.92628756355383,2712800
2026-01-09,81.44612884521484,82.21756639536474,77.99443703041264,81.3571203028074,1846000
2026-01-12,81.50547790527344,81.89119669211382,80.4076605748339,80.94172693687837,1323600
2026-01-13,81.99009704589844,82.88022021948166,81.13953574065836,81.8219647646813,1175500
2026-01-14,82.87032318115234,83.96814044223396,80.91205230997436,81.93074583884275,1681300
2026-01-15,83.4736328125,83.95825249282863,82.38570784729795,83.60220322484908,1287600
2026-01-16,83.68132781982422,84.225294080834,82.83076650932975,83.50330318400782,1619400
2026-01-20,79.85379791259766,82.26701895566795,79.80435123858747,81.36700346822126,1737300
2026-01-21,82.6230697631836,83.61209380984035,80.71425305130988,80.75381491865471,1392800
2026-01-22,82.81098937988281,83.84946013450092,82.02965945270068,83.008791177242,1149300
2026-01-23,81.57470703125,82.62307011050363,80.91205518250686,82.44504547953088,1102400
2026-01-26,80.90216827392578,81.75272953919026,80.3285325283931,81.37689558042185,1651900
2026-01-27,80.1702880859375,80.92194848616737,80.07138718882548,80.85271710362348,1107500
2026-01-28,78.44938659667969,80.23951769551317,78.00432879668223,80.23951769551317,1527200
2026-01-29,78.23180389404297,79.1219270828561,76.9361847526708,78.92412528341094,2004200
2026-01-30,77.79663848876953,78.11312589552958,76.35265667816843,77.56915962813498,2786900
2026-02-02,78.28125762939453,78.8944477312501,76.79772150582669,77.85597697214556,2621100
2026-02-03,80.0713882446289,82.00987452707288,78.51862074796611,79.23071928960978,2989600
2026-02-04,83.70110321044922,84.16594572444943,78.2911479581096,79.80435355770705,4609200
2026-02-05,84.63079071044922,85.53080625033917,81.2878920172614,81.85163544427705,3934800
2026-02-06,88.40885925292969,89.82316394668912,86.04509237635797,86.04509237635797,2708200
2026-02-09,88.86380767822266,89.50667480751805,87.42972585150214,87.82533697304196,1663800
2026-02-10,90.75284576416016,92.06824196991977,89.59568193146683,89.59568193146683,1754900
2026-02-11,89.53634643554688,92.3451786737212,88.99238773303173,90.85175023882691,1742000
2026-02-12,88.68578338623047,91.56384694930465,87.9440153601583,90.38690593332736,1968200
2026-02-13,90.0605239868164,90.62426737100839,88.06269880557686,88.06269880557686,1888000
2026-02-17,89.90229034423828,90.32757100028996,88.68578740624933,89.74404286958887,1318500
2026-02-18,88.84403228759766,91.43527047127856,88.05281002875566,89.88250301346626,1727900
2026-02-19,88.6264419555664,89.26930906986125,87.88467394960796,88.37918595358026,2004300
2026-02-20,90.95065307617188,91.95946185873386,87.14291189468351,88.52754710949425,3221600
2026-02-23,86.3319091796875,91.46494635134984,86.2725701520189,90.78251735054259,1489400
2026-02-24,88.27039337158203,89.50667339079186,86.43080809934544,86.43080809934544,1108000
2026-02-25,84.32418823242188,88.67589533534127,83.89890761120273,88.43852414280899,1827700
2026-02-26,86.68795776367188,87.1231232059525,85.09562847125954,85.79783462728385,1382700
2026-02-27,85.54068756103516,85.7780587647669,84.13627522773487,85.11540691975074,2024500
2026-03-02,83.11758422851562,84.88793822952296,81.65382527637018,83.33517073247756,1742800
2026-03-03,80.7340316772461,82.14833639145701,78.7559835480367,79.91314743832183,1740300
2026-03-04,78.90433502197266,81.80217569922854,78.78565696892133,81.29777133679713,2427900
2026-03-05,77.07464599609375,79.60654519802885,75.59110989264961,78.12300909458473,2430000
2026-03-06,75.24494934082031,75.31418072047533,73.02953010055039,74.82956106289012,2095600
2026-03-09,74.79000091552734,75.20538920300476,70.7349962990476,73.03942413227242,2781600
2026-03-10,74.12999725341797,75.87999725341797,73.18000030517578,74.44999694824219,1325400
2026-03-11,73.73999786376953,74.16000366210938,72.37000274658203,74.08000183105469,1362100
2026-03-12,71.08999633789062,72.77999877929688,70.56999969482422,72.51000213623047,1704000
2026-03-13,70.1500015258789,72.31999969482422,69.69000244140625,71.7699966430664,2190100
2026-03-16,71.08000183105469,71.91999816894531,70.83999633789062,71.19999694824219,1209400
2026-03-17,71.02999877929688,73.05999755859375,70.77999877929688,72.08000183105469,1467400
2026-03-18,69.62000274658203,71.83999633789062,69.58999633789062,70.4800033569336,1273600
2026-03-19,69.05000305175781,69.94999694824219,67.66999816894531,68.68000030517578,1843100
2026-03-20,67.27999877929688,69.52999877929688,66.54000091552734,68.88999938964844,2257200
2026-03-23,69.91000366210938,71.55999755859375,69.05999755859375,69.8499984741211,2388900
2026-03-24,71.58000183105469,72.69000244140625,68.83999633789062,68.83999633789062,1855600
2026-03-25,71.8499984741211,73.5999984741211,70.58999633789062,72.81999969482422,955100
2026-03-26,70.80999755859375,72.36000061035156,70.11000061035156,70.7699966430664,1090400
2026-03-27,68.81999969482422,70.79000091552734,68.52999877929688,70.2699966430664,1245900
2026-03-30,67.41999816894531,69.5199966430664,67.20999908447266,69.04000091552734,1512900
2026-03-31,71.05999755859375,71.68000030517578,68.55999755859375,68.62999725341797,1615900
2026-04-01,71.16999816894531,72.2699966430664,70.77999877929688,71.51000213623047,1507300
2026-04-02,68.63999938964844,71.5999984741211,67.5,68.93000030517578,2144500
2026-04-06,67.9800033569336,68.73999786376953,66.93000030517578,68.0,2095700
2026-04-07,67.62999725341797,68.01000213623047,66.26000213623047,67.58000183105469,2024100
2026-04-08,71.48999786376953,73.0,70.94000244140625,70.94000244140625,1989800
2026-04-09,73.43000030517578,73.9000015258789,70.80999755859375,70.93000030517578,2159800
