Price,Close,High,Low,Open,Volume
Ticker,WSM,WSM,WSM,WSM,WSM
Date,,,,,
2021-04-12,80.48664855957031,82.35208531328132,79.20359758081318,82.26108992243029,4843000
2021-04-13,79.51753234863281,81.02352783701794,77.81134284804493,80.9507287521255,2078000
2021-04-14,78.54386138916016,79.93611080870058,78.36641797181682,79.22178285779127,2121400
2021-04-15,78.29362487792969,79.00794594094756,77.21986267120937,78.77135932807062,1482200
2021-04-16,79.30823516845703,80.06805737813313,77.72489328669194,78.82140605055199,3383800
2021-04-19,76.86497497558594,79.86786430782064,75.80940908034393,79.44927998669105,3079600
2021-04-20,76.56013488769531,77.69304023845599,74.90399394048656,77.25625962738042,2128000
2021-04-21,77.97058868408203,78.80321005378393,76.15520736715303,76.88317744130259,1731000
2021-04-22,76.97073364257812,78.41345151118945,76.2585077740578,78.3769262145361,1998800
2021-04-23,78.84260559082031,78.93391533826777,76.26763170047367,77.21726840019907,1770200
2021-04-26,81.22581481933594,81.25320704284015,79.10282693343945,79.44068061179243,2023600
2021-04-27,81.65042877197266,83.63644907383897,81.05234185327619,81.17104384050619,2777000
2021-04-28,80.37664794921875,81.7463153145568,80.04336417426993,81.34454399144799,1364600
2021-04-29,80.23967742919922,81.53173110799223,79.33569894562068,81.05234615110618,1612000
2021-04-30,77.95687866210938,79.98854994843953,77.41357631404307,79.60504486738795,1913200
2021-05-03,80.05705261230469,80.52730447198299,78.2308296336743,78.75586595343542,1437400
2021-05-04,78.59606170654297,80.05247551785887,77.48663468903756,79.48635090309385,2777000
2021-05-05,80.1346664428711,80.24423536329644,78.50475908666576,79.71463599276899,1303400
2021-05-06,83.61817169189453,83.77340592075542,79.8059358668979,79.97029619367234,3297800
2021-05-07,85.23895263671875,85.43070520562834,82.95617400709861,83.00183236628601,2269600
2021-05-10,85.3941650390625,88.8868199139822,84.70933156944918,85.2845961424756,2301800
2021-05-11,82.705078125,85.28005248802634,81.00212698811883,84.08844160390579,2288000
2021-05-12,76.74244689941406,82.46765935014415,76.61004881001499,82.46765935014415,2271800
2021-05-13,76.52330780029297,78.72390284280063,75.9891384208887,76.8109401455444,2677800
2021-05-14,78.42259216308594,78.65999616456568,76.97074108824629,77.18532287278701,1995600
2021-05-17,78.20343017578125,79.4909207153269,77.45011598620898,78.50932865418876,1780600
2021-05-18,77.74686431884766,79.77397266929161,77.64185846220376,79.2626325327785,1602000
2021-05-19,74.69252014160156,76.24024378612954,73.31371988773247,76.20828154114675,3504400
2021-05-20,74.5555419921875,75.35451441134278,73.75199955779988,75.2084132536408,1625400
2021-05-21,74.4185791015625,76.08500462000264,73.68352414588759,74.96644454827658,2087800
2021-05-24,75.30429077148438,75.70149196164279,74.07615494618256,74.29073666112679,2676600
2021-05-25,76.240234375,77.25835157561167,75.54626780112521,76.68309393531943,2259400
2021-05-26,78.20343017578125,79.41330707497303,76.44112472863321,76.61461814029937,4228200
2021-05-27,78.12124633789062,79.86528549450183,74.4642376779548,79.43612898707526,4616800
2021-05-28,77.4044418334961,79.65982785906836,76.93419007132867,78.81520408648471,3127400
2021-06-01,78.04821014404297,79.27178327185283,77.30859200075132,78.915670316454,2574200
2021-06-02,79.16220092773438,79.41787103217229,75.94348150856982,77.86558427437767,2359000
2021-06-03,74.97100067138672,78.04361801246593,73.8478707922295,78.04361801246593,3697800
2021-06-04,76.02108764648438,76.33154914729329,74.45966797721921,75.44582996827738,2314400
2021-06-07,77.5505599975586,77.67383200071319,76.10784215515689,76.49591732937164,1705800
2021-06-08,77.7742691040039,78.17147034814236,76.55525921025767,77.61447181661005,1693800
2021-06-09,76.39090728759766,77.39532848978249,76.1215341151878,77.27661954267349,1505800
2021-06-10,76.09870910644531,78.58694351845527,75.8978304281886,77.15792179092126,2268600
2021-06-11,77.50031280517578,77.51857196385266,76.16717129422555,76.36348685756565,1218200
2021-06-14,75.4412612915039,76.98898473153422,74.47335853552534,76.92963026525858,1758200
2021-06-15,73.73374938964844,75.11711267536742,72.78411264821813,75.11711267536742,2368400
2021-06-16,72.93476867675781,73.9528858757451,72.19058070135928,73.7839625062077,2057600
2021-06-17,71.24095916748047,72.9758724839029,70.40089822402983,72.29560884628272,2273000
2021-06-18,68.907958984375,70.37350607052564,68.492498528434,69.99000089589325,4416000
2021-06-21,70.93961334228516,71.56509230251173,69.39645314182955,69.46950371183017,1887400
2021-06-22,70.77071380615234,71.02182089568099,69.6110651106321,70.67484098700703,2755000
2021-06-23,72.04449462890625,72.2636394257745,70.8757130902923,71.21355986744595,1075800
2021-06-24,72.27276611328125,72.92563739697069,71.91208322197414,72.48277782652234,1059800
2021-06-25,72.70648956298828,73.52829115228798,72.4325533777262,72.72474872431202,3212600
2021-06-28,72.81607055664062,73.63786523730808,71.72490272045651,72.60605187095616,1446400
2021-06-29,73.61502838134766,74.58748708441505,72.57408215752423,73.00323857509456,1249600
2021-06-30,72.88911437988281,74.71990718693174,72.70649488732582,73.13565835797057,1864000
2021-07-01,73.16761779785156,73.97116033039697,72.5695309142331,73.50547154144338,2111800
2021-07-02,73.77027130126953,73.82962577191495,72.5056100537794,73.32284866310029,1032800
2021-07-06,73.6561279296875,74.52358092613407,71.75229159972798,74.28617699085639,1661200
2021-07-07,74.66968536376953,75.74258706789203,73.24522685714304,73.55112530351967,1571600
2021-07-08,72.76127624511719,73.86614015098499,72.02622132415507,73.02607937459594,1349200
2021-07-09,75.22212219238281,75.32256501380763,73.40503227417646,73.40503227417646,1402200
2021-07-12,75.61932373046875,76.00739190024747,74.14008073672846,74.67425007617955,1165200
2021-07-13,74.65143585205078,75.52802214622427,74.33641820400278,75.16278308185177,1746600
2021-07-14,73.4187240600586,75.6147559538796,73.2634967875507,75.039498255857,1176000
2021-07-15,72.1084213256836,73.77028409354935,71.72491614075035,72.97587452491189,1054800
2021-07-16,70.39176177978516,72.66541441737144,70.33697731938139,72.05819443744089,1092400
2021-07-19,70.57893371582031,70.81634459587329,68.94446371179592,69.74343607047766,1903400
2021-07-20,72.58779907226562,73.09457621856717,70.36436789774167,71.07659373222218,1480200
2021-07-21,72.56039428710938,73.65156910139613,72.22711057566923,72.51017984777782,979400
2021-07-22,70.7502670288086,70.90607266252628,69.31134095739093,69.63211931870495,3391000
2021-07-23,71.97383117675781,72.09298245185204,70.40201328791507,71.14438726527443,1006800
2021-07-26,71.64389038085938,72.36793720596604,71.00691349564693,71.3276919643787,747200
2021-07-27,70.56697845458984,71.57972222906973,69.3846748820835,71.547647884002,1195400
2021-07-28,71.7401123046875,72.06089070584301,70.461571758907,70.81443149640042,2190200
2021-07-29,72.0196533203125,73.29818694560619,71.9188362467831,72.32668459244475,1288000
2021-07-30,69.517578125,72.16172269231494,69.36635249195292,71.00691321696665,1350200
2021-08-02,70.9519271850586,71.68055408589416,69.26095785457298,69.98042465061118,1683600
2021-08-03,72.725341796875,73.26608837541865,70.76858359800676,70.95189048583629,1297400
2021-08-04,71.72638702392578,74.13681630735648,71.56141422554802,72.913270966241,1169400
2021-08-05,72.36334228515625,72.75285641985167,71.46057571350224,71.46057571350224,1240800
2021-08-06,70.86943817138672,72.71621321562831,70.73654672571706,72.51916607335151,999800
2021-08-09,70.03998565673828,71.53390768432338,69.95291572354213,70.64946819666564,1136000
2021-08-10,72.76661682128906,72.84910670700917,69.91626507205245,70.03998941196357,1198400
2021-08-11,74.97083282470703,74.99374007611364,72.381677103221,72.77119827137014,1411800
2021-08-12,74.92500305175781,76.64346642450455,74.44841895305868,75.0120729814349,1177200
2021-08-13,73.00491333007812,75.78194931856281,72.63830637287259,74.98916675572369,2609400
2021-08-16,75.33285522460938,75.61239222708613,72.12047671454515,72.57414659274241,1519400
2021-08-17,73.83895874023438,74.99834848650299,71.83179067703452,74.2926287325019,2209600
2021-08-18,74.60880279541016,75.98816050306537,73.45858052413539,73.77935894715571,2365000
2021-08-19,72.70244598388672,74.73252745228837,72.20753474244857,73.32109552435126,1355000
2021-08-20,74.9341812133789,74.98458975945461,72.69330492409826,72.69330492409826,1497000
2021-08-23,74.28803253173828,75.67197044299532,74.22387684008774,75.67197044299532,1792400
2021-08-24,77.7020263671875,77.87157915537682,74.27426726352955,74.37049728130674,2224400
2021-08-25,78.24279022216797,80.92817609370509,77.92200477935683,78.24279022216797,4132400
2021-08-26,85.54740142822266,93.67230193541549,84.36051764255653,91.48641439352309,10824400
2021-08-27,84.25511169433594,85.16245837455084,82.27085853050966,85.16245837455084,2989000
2021-08-30,85.15330505371094,86.61055871702017,84.86460095373823,85.23120789177032,1706400
2021-08-31,85.55656433105469,85.68487570740768,83.80602655798414,85.14413590598369,1923400
2021-09-01,83.97557067871094,86.06064081710788,82.87575699749567,86.06064081710788,1743800
2021-09-02,83.41191864013672,84.0534754704258,82.18837361865648,83.86100842133906,1876400
2021-09-03,82.12421417236328,83.911413112304,82.06005849227425,83.36608633532487,1203400
2021-09-07,79.3059310913086,82.38999780194348,79.26468965208572,82.0600592957157,2015600
2021-09-08,80.28661346435547,80.34160905131651,78.31610724902707,79.28302965977856,1874600
2021-09-09,82.92158508300781,83.71436756620068,80.51115629389041,81.1297989166051,2919000
2021-09-10,82.21585845947266,84.2276056368277,82.16086288573898,83.10945786764736,1669200
2021-09-13,81.60181427001953,82.85285372166047,80.64863902366831,82.78411098720807,1349000
2021-09-14,81.7530288696289,82.19753862586653,81.10230490509802,81.93633582668049,1239000
2021-09-15,84.43383026123047,84.53006728284447,81.51931622054799,82.4954056139319,1761200
2021-09-16,86.2851791381836,86.82592585680582,83.7235250269972,83.7235250269972,2626800
2021-09-17,84.9425048828125,85.96900292399772,83.00408002546658,85.70321306532175,4104800
2021-09-20,83.8243637084961,83.85644505261546,82.15172857305227,83.28820389527893,1759400
2021-09-21,84.65380096435547,85.46033763863922,82.43125904293419,84.69046235795435,1212000
2021-09-22,87.02757263183594,87.35751817088841,84.64463806613689,85.09372788611836,1297200
2021-09-23,86.3860092163086,88.14113405380877,86.32185352739624,87.38501293502435,1070800
2021-09-24,87.63703918457031,88.1594516940417,85.2815993446808,86.39058004049043,1156200
2021-09-27,89.11262512207031,89.40132216649138,87.20168801155958,87.29334497036675,1239400
2021-09-28,87.87532043457031,89.2500908186731,86.85798979093875,88.15485735903563,1755800
2021-09-29,87.82952117919922,89.11264192759354,87.32085572864611,88.26028379403012,1765200
2021-09-30,81.2626953125,84.55756347727214,80.68070710309993,84.3925907168298,4420400
2021-10-01,80.14913940429688,81.29478180282854,78.32069861140596,80.90526758279555,2724400
2021-10-04,77.94491577148438,79.91084182176553,77.44999747195442,79.72295481137586,2527200
2021-10-05,77.78453063964844,78.89351152587682,77.34002087630148,77.90367491930344,1950600
2021-10-06,76.4647445678711,77.45916117517187,75.58947223410226,76.77177584356298,1695800
2021-10-07,79.1180419921875,79.65878870877542,77.50498292215529,77.91283123708455,1516200
2021-10-08,78.37109375,79.70003590798125,77.7478641121144,79.11804771120066,1265200
2021-10-11,78.5498275756836,79.29220161692899,77.7112164956915,78.35277344584846,1122800
2021-10-12,79.25553894042969,79.69088164903482,77.862440874404,79.18680319418274,1383200
2021-10-13,79.7550277709961,79.91542048291728,78.24736564720756,79.34717940983877,1764800
2021-10-14,81.95466613769531,82.60997717131076,79.66338153089923,80.1949612378629,1706800
2021-10-15,83.52190399169922,83.60439387363742,81.98216045582795,82.48624586643443,1317200
2021-10-18,85.07540130615234,85.17621839613079,82.99491779716635,83.4165133586916,1710400
2021-10-19,84.91040802001953,86.29893269810596,84.56671538510928,85.790267318741,1504800
2021-10-20,85.75361633300781,86.86259719706688,85.29077238669232,85.29077238669232,1139400
2021-10-21,86.76560974121094,86.93121080829269,85.56040626466257,85.90540790282654,1061200
2021-10-22,87.20721435546875,88.29281978387978,86.52641309262408,86.7518096692066,1424400
2021-10-25,85.2061996459961,87.55681100614117,85.12340262488082,86.90360876961964,1060800
2021-10-26,83.86760711669922,85.82261652832194,82.68539805627876,85.82261652832194,1495400
2021-10-27,83.68360137939453,84.69560483973763,83.01659957728725,84.18040460954333,921000
2021-10-28,84.70941925048828,85.66162736393191,83.84461971464094,84.34602052826126,854200
2021-10-29,85.43621063232422,85.84101483334157,84.45641067351903,84.45641067351903,1006200
2021-11-01,86.37919616699219,87.23939787169401,84.94858931563758,85.71219450734813,1171800
2021-11-02,89.28643035888672,89.4750259275107,85.99741039787105,86.40681207754395,2133400
2021-11-03,93.7852554321289,97.1248690428448,89.70043344749234,90.5330363477219,3840400
2021-11-04,95.39524841308594,96.39345223943582,93.8404388950924,94.13024249660798,1856000
2021-11-05,95.32626342773438,96.31986996319861,94.53046150787587,95.81386468520925,1332000
2021-11-08,93.5506591796875,95.54246984630528,92.79625573945783,95.54246984630528,1126200
2021-11-09,94.11185455322266,95.86446192650946,92.79165039919782,92.79165039919782,1106600
2021-11-10,92.6444320678711,94.02904305946032,91.54042969327105,93.47243735835909,1409600
2021-11-11,94.9168472290039,95.52405346995425,93.09063803034046,93.24704410454281,1084200
2021-11-12,96.82586669921875,97.2582628760815,94.61325019618688,95.45045757880597,1747000
2021-11-15,97.52046966552734,98.65207820381357,96.88106686687965,97.26286954795371,2315000
2021-11-16,101.9502944946289,102.39649721056136,97.26287073920527,97.26287073920527,2976200
2021-11-17,96.57747650146484,102.12510283036612,96.35207987829669,102.11590783857643,1956400
2021-11-18,100.68986511230469,101.06707022490423,95.87364228998365,98.30705746800164,3923200
2021-11-19,99.199462890625,101.46727718692703,94.9904459387421,96.95465712518954,4427600
2021-11-22,100.01367950439453,102.72769675072892,98.07707413391134,99.75607939023705,1921000
2021-11-23,97.29045104980469,99.2868586208112,95.42284351440662,98.97865803424273,2850200
2021-11-24,96.5130615234375,97.1892653264218,93.93705338647138,95.63906014142833,1336400
2021-11-26,94.63164520263672,95.84145313319621,93.76224139837304,94.240640557825,880800
2021-11-29,94.76044464111328,96.4900502300255,94.09344291517306,96.09444809299373,1225600
2021-11-30,89.6268310546875,95.0778601811455,89.44283297391901,94.40165635475216,2155200
2021-12-01,85.87781524658203,90.7722385679099,85.76281469202162,90.30303433996193,2837800
2021-12-02,84.94400787353516,87.50161898058472,83.64220080621214,86.54481356300565,2391400
2021-12-03,83.2603988647461,86.4344112624566,81.34678801288956,85.94221255444671,2466800
2021-12-06,81.6365737915039,83.77558076310078,80.81316609634528,83.77558076310078,2256800
2021-12-07,84.14360809326172,85.68921588563343,82.92460497655836,83.89520997443282,1591400
2021-12-08,84.02401733398438,84.83821630794715,82.9752127072885,83.80781570295623,1228600
2021-12-09,83.17760467529297,87.22102109514458,83.14540115078032,85.99281601172102,2316200
2021-12-10,80.69818115234375,83.72960093133072,79.06517898643104,82.69459599960082,2383000
2021-12-13,78.0347900390625,81.25020864902174,77.46898917433253,80.82240285929073,2496800
2021-12-14,78.20038604736328,78.90878645610407,76.24077890033847,77.11937790319514,3002400
2021-12-15,78.9363784790039,78.9501779831546,76.32815988929893,77.74036997938285,2008400
2021-12-16,75.89114379882812,79.46536204849203,75.10914163979254,79.0927614739505,2651400
2021-12-17,77.94277954101562,78.58218236460198,75.47256979405806,76.12116760857583,3086600
2021-12-20,74.77336883544922,76.70997442114343,73.08516138198893,76.46617378464585,2515000
2021-12-21,77.24816131591797,77.24816131591797,74.98495147369233,75.32535560758024,1971800
2021-12-22,79.06977844238281,80.17838543688488,78.04397549439238,80.00358235353099,3070400
2021-12-23,77.72197723388672,79.5987800918625,76.03836744459414,78.890379770076,2845400
2021-12-27,77.56096649169922,78.66037140187466,76.9353632570967,77.72197005950893,1239000
2021-12-28,77.12397003173828,78.18657398373041,76.55816227570685,77.56097071506244,2772600
2021-12-29,78.0485610961914,78.66496227008894,77.07795631439583,77.48735793217261,1605600
2021-12-30,77.91978454589844,79.17558878267481,77.427585764952,77.74038394064466,1322600
2021-12-31,77.80017852783203,78.70638347222936,76.73757451157853,77.92897858925203,1104400
2022-01-03,77.68057250976562,79.50678188150557,76.99977119069494,78.19577976823899,2307400
2022-01-04,76.30516052246094,77.70816149475075,74.42374635416591,77.28036285524425,2363000
2022-01-05,70.8725357055664,75.06775313174134,70.0491279137677,74.35934587920468,4499600
2022-01-06,72.04095458984375,72.79535801936028,68.40233500995305,70.7943453704388,2763000
2022-01-07,69.39593505859375,72.68955263213725,68.67372820540403,71.59014760918154,2603400
2022-01-10,69.88353729248047,69.93873531346493,66.65431970242801,68.08953141971628,3349800
2022-01-11,70.58272552490234,70.61952653632686,68.31031395773444,69.78231931933858,1784600
2022-01-12,69.77774047851562,71.89374655802546,68.23213268088026,71.01514761954012,1525200
2022-01-13,68.42073059082031,70.90014219835028,68.31952954405773,70.47233649720361,2176200
2022-01-14,67.63871765136719,68.30572642952708,66.24491160352525,67.73532119783575,1999600
2022-01-18,67.58351135253906,68.2367135276517,65.16390270227038,66.5163100726189,2657400
2022-01-19,68.03431701660156,69.58912657173835,67.56511986465189,67.58811435751291,2449400
2022-01-20,65.90349578857422,69.63361699258472,65.59842812124589,68.34864269401005,3069200
2022-01-21,65.90349578857422,68.15451064741985,64.54456440950747,65.50598529709846,2616400
2022-01-24,71.6119155883789,71.88925108485306,64.6138880304192,65.0576234141909,4794200
2022-01-25,72.20818328857422,73.25280047142925,69.47183512885742,70.35929882501412,3013000
2022-01-26,69.24073028564453,74.22347376195125,68.21459875944292,73.74738653752578,3258400
2022-01-27,67.6552963256836,71.31608638439657,67.12836458358704,70.10044975610863,2132000
2022-01-28,71.55644989013672,71.6442730307084,68.41797161356655,69.71219214986948,2432200
2022-01-31,74.20497131347656,74.25581591592434,70.84924871072563,71.07111286098223,2298600
2022-02-01,76.17404174804688,76.57617186424854,74.15413066397674,74.15413066397674,2906400
2022-02-02,75.69796752929688,76.3312083132662,73.98312378237625,76.26649762769954,2151800
2022-02-03,74.68106842041016,76.12319603231562,74.26506518802127,74.71803990277257,1309400
2022-02-04,75.01848602294922,76.0353710334788,73.79822259972687,75.05546455734194,1342400
2022-02-07,74.87980651855469,76.62238176852999,74.50078189027508,75.342027546447,1614000
2022-02-08,75.8504867553711,76.72408436865672,74.54240017145786,75.30044250757376,1655200
2022-02-09,75.65174102783203,76.6593868856544,75.03236632833638,76.42827629154985,1419000
2022-02-10,73.0355453491211,76.01687675489262,72.21741917122363,74.57012261585787,2267400
2022-02-11,71.2652587890625,74.11716970194031,70.80766433061846,72.883032933638,1623200
2022-02-14,70.80302429199219,72.13885003387372,70.37316205695419,70.95093842852197,2101800
2022-02-15,71.33457946777344,71.88924334809384,70.6366281824381,71.55182393761346,1729000
2022-02-16,69.10667419433594,70.96480499310401,68.56125668117303,70.47485175506024,1935400
2022-02-17,65.90349578857422,69.04660118013415,65.28874078123758,68.47344438572354,3445000
2022-02-18,64.87735748291016,66.34721727717181,64.26722221160065,66.0144245553803,3777400
2022-02-22,61.41530990600586,64.49370385433733,60.20891265884534,63.92979359763034,4295400
2022-02-23,61.90065383911133,63.16714229392481,61.15185785388761,61.94687877399902,3203400
2022-02-24,65.10384368896484,65.37192571598818,59.0949659609977,59.12732129640863,2320000
2022-02-25,66.80482482910156,67.11913889078463,63.41212314958511,64.51683145869495,1929400
2022-02-28,66.95735931396484,68.20073539615306,65.40891556529733,66.1669580058931,2319600
2022-03-01,67.81246185302734,69.49031967894965,67.2300587431118,67.51201390108862,2685800
2022-03-02,69.2176284790039,69.48109796279746,66.57834217961775,67.31327928797356,1423800
2022-03-03,70.10045623779297,70.70596477208268,68.30703604840672,69.19449974594598,2664200
2022-03-04,70.17440795898438,70.22987223180989,67.95574535782212,69.80462968330167,1864400
2022-03-07,65.37194061279297,71.01566454064843,65.34420846939751,70.58580221214733,2729200
2022-03-08,67.30863952636719,69.18063653661348,64.71095900056919,64.71095900056919,2205200
2022-03-09,67.57672119140625,69.73067313941334,67.31787851237148,68.32089742009822,2158400
2022-03-10,67.68768310546875,67.90492766403031,64.97906621323646,66.9712387348681,1459200
2022-03-11,65.2332763671875,68.49192999272873,65.01140512615389,68.18224265333828,1505800
2022-03-14,66.84640502929688,69.47644389430806,65.78792194336422,66.11147526310783,2147400
2022-03-15,68.64447021484375,69.07433961303595,66.70776924523659,66.88340851123243,2464000
2022-03-16,70.46560668945312,70.91858140166356,68.39023842294951,69.20836470814977,5089600
2022-03-17,74.2742919921875,77.50059252672447,70.17439406889578,77.40353006849206,10089600
2022-03-18,75.887451171875,76.29420796657972,73.81670277261539,74.09403823317473,4495000
2022-03-21,73.3221435546875,76.5854237573791,72.19432281601487,75.9383099132065,2874600
2022-03-22,72.87840270996094,74.48693022315835,72.08338182406156,73.90915382659978,2477200
2022-03-23,68.82011413574219,72.59646049063855,68.64446782293071,71.644285947802,3174000
2022-03-24,67.8309555053711,68.57051218554751,66.84642217363496,68.31166241043113,2505800
2022-03-25,67.29015350341797,68.49192421950963,66.25940234988927,68.49192421950963,2733400
2022-03-28,68.6629638671875,68.79238524497784,66.19932391014059,66.79558618260779,2058600
2022-03-29,72.01866912841797,72.07413340399184,70.02649729746776,70.07272222906886,2234200
2022-03-30,66.96658325195312,69.97101986478853,66.44427124539855,69.96639314073782,4833600
2022-03-31,67.0220718383789,67.46118055362945,65.08536394437262,66.16234015198987,4585000
2022-04-01,65.58917999267578,67.65993587421441,64.94669286033758,67.11913796163637,3872000
2022-04-04,67.97886657714844,68.8478375260393,65.7093590826392,65.76482336260769,2343800
2022-04-05,68.76924896240234,69.87857668877511,67.75698370929702,68.6906722283032,2546800
2022-04-06,65.13156127929688,67.53048934165594,64.17938717003717,67.03128982698013,3810000
2022-04-07,66.10222625732422,66.44889202613258,63.462948153772366,64.05459050163734,2961800
2022-04-08,67.90953826904297,68.7554039165195,65.25638602591332,65.49212335322031,2370200
2022-04-11,70.00800323486328,70.20213522923,66.54596503632301,66.54596503632301,2540800
2022-04-12,70.39627838134766,72.55946984966958,69.82774837538119,70.6967192898586,2524400
2022-04-13,70.7845458984375,71.70436851650221,69.24072896607298,69.35628425238053,1774400
2022-04-14,68.86170959472656,72.69814680896015,68.23771523191886,70.84926208431123,2929200
2022-04-18,65.28871154785156,69.24532189442388,64.98364401711893,68.18683898394713,3117400
2022-04-19,68.02970886230469,68.93104579207683,65.01603189221125,65.01603189221125,3255800
2022-04-20,66.37496185302734,68.68606766889967,66.27327263289415,68.52890711318958,2067600
2022-04-21,65.22705078125,67.5972491948328,64.18601803669046,66.96054996296427,2459400
2022-04-22,62.861480712890625,65.16662176746765,62.670940426372084,64.81806260400941,2198800
2022-04-25,65.25028228759766,65.54307429780522,62.49434416167868,62.79642597844921,2360600
2022-04-26,62.912601470947266,64.66469414208743,62.49433332159268,64.19530369968246,2421200
2022-04-27,62.56404113769531,64.81341489809392,61.927342029249,63.131031253046785,1686400
2022-04-28,64.25570678710938,64.27430057731347,61.0722045398894,63.40522171732797,1838800
2022-04-29,60.63999938964844,64.3486741075017,60.5052262959183,63.59578146934147,2183200
2022-05-02,64.03263092041016,64.12557859703566,59.914985731967185,60.463389079528035,2039000
2022-05-03,64.83199310302734,65.50122771485238,63.31227342962908,63.56788485656963,1461800
2022-05-04,66.0728759765625,66.14723696874445,62.856837524965776,64.83200617177616,2123400
2022-05-05,61.50907516479492,64.08376234072661,60.57493208920563,63.93504745521873,3614200
2022-05-06,57.484371185302734,60.19848316348904,56.86625882840713,60.0590580972462,4945800
2022-05-09,57.7492790222168,58.92508461468172,56.001834882860926,56.17843690312527,3036800
2022-05-10,59.05056381225586,60.221724491914216,57.11257587188351,59.0877443043113,3399000
2022-05-11,57.60985565185547,60.77012313821347,57.32171214590075,59.050566090175074,2708000
2022-05-12,58.116424560546875,60.509860981723385,57.06609876725161,57.34494535027224,3417000
2022-05-13,58.60905456542969,59.94287186470541,58.23261184970751,58.28373413773481,2672200
2022-05-16,57.66097640991211,58.91114299085877,56.359687538208945,57.75392409543651,3558600
2022-05-17,59.733734130859375,60.11947371831149,56.93596798785123,59.473477804735786,2162800
2022-05-18,51.34043502807617,55.630033930247016,50.183219746712076,55.351187344412224,7639600
2022-05-19,52.209510803222656,53.80823655079627,50.28081970268067,50.5829014586606,3362200
2022-05-20,50.26222610473633,53.171533902684516,48.770393487968825,52.3535808368691,3592000
2022-05-23,50.331939697265625,51.60534139037524,49.37920999206909,50.14139233793559,3562400
2022-05-24,49.01670837402344,49.42568313690855,47.208848665569214,49.03065017168488,4835800
2022-05-25,53.43644332885742,55.30471882483706,47.65500772211575,48.036098920088065,10683000
2022-05-26,60.41691970825195,62.26660495678975,57.907293103533,58.50216682257485,9956600
2022-05-27,60.83984375,62.01564946472144,58.604415166335556,60.34721458464851,3372800
2022-05-31,59.45023727416992,61.17444601858274,58.03741067685318,60.41690866376449,4727600
2022-06-01,58.10713195800781,60.39367907171858,57.03821938650575,59.21322856791347,3131800
2022-06-02,60.37508773803711,60.50986080862564,57.647030461022524,58.46498350850627,2771200
2022-06-03,57.75857162475586,59.61290876929787,57.730688028687425,59.0552120278411,2850400
2022-06-06,59.23181915283203,59.84993158764016,57.163702865814955,57.860821193446846,3824200
2022-06-07,58.432456970214844,58.86002200627836,54.84462091601446,56.11337422563966,3051800
2022-06-08,58.59511184692383,60.398326605594704,58.13501126190996,58.85071973731596,2162600
2022-06-09,58.62764358520508,59.845278031189274,58.385973947631825,58.77636199843221,1786200
2022-06-10,56.34574890136719,58.27444362289144,55.86706155717746,57.70280858796225,2167200
2022-06-13,55.59750747680664,56.11802375622467,53.761764018599855,54.89574426681585,3231400
2022-06-14,56.09477996826172,56.55952546442205,55.12811203100055,55.75551774167165,1975600
2022-06-15,56.368988037109375,57.52620346076994,55.13276317540344,56.592063914916956,2110000
2022-06-16,53.747825622558594,54.95151494115199,52.446536614492004,54.24975168673233,2713200
2022-06-17,55.23965072631836,56.00183306697422,53.905829857307204,54.38916560553013,3962600
2022-06-21,55.58820724487305,56.97779523972975,55.52779160882767,56.42010208103305,2093600
2022-06-22,55.69975662231445,56.88950770899135,54.53324423274847,55.355845888582614,2095400
2022-06-23,56.35038757324219,56.78260099707632,55.16993366787018,55.467370481505874,2186800
2022-06-24,58.59976577758789,58.674126768907456,56.36434077552005,56.629245602073354,2788200
2022-06-27,56.84767150878906,59.06915451316958,56.56882490767961,58.706653577154604,1612000
2022-06-28,55.030521392822266,58.02348027561538,54.84462246666519,57.27523966848532,1861600
2022-06-29,53.956947326660156,54.86320310327624,53.71063279958383,54.70053935530374,2716200
2022-06-30,51.56351852416992,52.181630970669225,49.56976318967211,50.86175528067067,4772000
2022-07-01,52.427940368652344,53.12041373834633,51.22889963570798,51.9120725637758,3042800
2022-07-05,57.326351165771484,57.34029296210542,50.88962732309191,51.69363852037089,3313200
2022-07-06,56.257442474365234,58.190781851514835,55.169936193815666,57.32170651660748,2324000
2022-07-07,59.46883773803711,59.91499302243564,56.56417816846828,56.56417816846828,2963400
2022-07-08,60.635345458984375,60.86771820709378,58.57652276890598,59.468833270671674,2046400
2022-07-11,58.93437957763672,61.71355586392748,58.67412321523545,60.41691895430184,1869200
2022-07-12,59.63149642944336,61.55089769286052,59.273643939806064,59.4827780051396,1845600
2022-07-13,60.5145149230957,61.53695360899271,58.525401196538176,58.60440708088734,1846000
2022-07-14,58.906494140625,59.95217155140532,58.40921658043854,59.69656009936826,1665200
2022-07-15,61.29993438720703,61.78791862646056,59.65009337997276,59.65009337997276,2067400
2022-07-18,61.351051330566406,63.38199400193938,61.33710953278532,61.96916370085787,2367000
2022-07-19,63.90715026855469,63.94433075901509,61.41611413933534,62.22941875309133,2519200
2022-07-20,63.91645431518555,64.42302525790988,61.52766249460421,63.326225486702064,2875600
2022-07-21,65.77668762207031,65.80940879052191,63.39297046969814,64.0333011994842,2011200
2022-07-22,64.15483093261719,66.44974909834296,63.31352307045686,65.95431002736747,2866600
2022-07-25,63.77622985839844,64.03329927456728,62.58904627995804,64.01927795476738,1139200
2022-07-26,62.48155212402344,63.39765227636968,61.49067396218446,62.06556958137371,2124800
2022-07-27,64.5380859375,64.7811340254122,62.327303299175405,62.93491282110293,1931200
2022-07-28,65.669189453125,65.87951639154097,62.7900261255876,64.86526713268401,2032400
2022-07-29,67.50138092041016,67.53877348474211,64.66428874628394,65.74397318822284,2024000
2022-08-01,67.95942687988281,68.66519993739723,66.79561452521997,67.29105351834257,1684400
2022-08-02,66.10853576660156,67.70235890835517,65.92157296193591,67.17419879153962,1513000
2022-08-03,67.6275863647461,68.2445459051385,66.15061202673847,66.70681488472827,1813800
2022-08-04,67.65562438964844,68.72595893625582,67.16018537978202,67.53877529743833,1713800
2022-08-05,68.69791412353516,68.80074189198163,66.82365731121952,66.84702855530324,1223800
2022-08-08,72.3342514038086,74.76003942854568,69.05313439559828,69.49248094249148,3508000
2022-08-09,69.29615783691406,71.69390261793875,68.81941884931032,71.27324889195899,1653800
2022-08-10,72.21273803710938,72.44643621845924,70.62826465283337,71.39479440238483,1539600
2022-08-11,72.79231262207031,75.45179195431436,71.78273475966306,74.24123707780238,2592800
2022-08-12,74.23656463623047,74.38145636657306,72.63806994254686,73.09611637793046,1162600
2022-08-15,75.47047424316406,76.04069824767035,73.47469022739207,73.9561078018997,1999000
2022-08-16,78.92921447753906,82.67773497043402,75.44244191530937,75.44244191530937,4132600
2022-08-17,77.03157806396484,78.05050564044402,75.67613173466897,77.39614658375893,2255000
2022-08-18,78.04116821289062,78.20008125836648,75.94723458643176,76.96615519414401,1168600
2022-08-19,76.10615539550781,78.29824561596558,75.33027567282201,77.93834839704938,1589400
2022-08-22,74.5263442993164,75.57798605461787,73.81122847626358,74.57775818151833,2836400
2022-08-23,76.8586654663086,77.62052388358255,75.16201424527394,75.3256058386933,2394600
2022-08-24,75.92386627197266,77.25594162606788,75.4284272687855,75.76962461650642,3202600
2022-08-25,77.5831069946289,79.8125819977257,76.00797676437436,78.53192082245688,5394200
2022-08-26,72.27350616455078,78.167374935608,72.18469970922756,77.72802118731603,3030200
2022-08-29,72.48382568359375,73.78785834172307,71.62381812466033,71.89958025520384,1667000
2022-08-30,72.06317901611328,73.59624588620323,71.1283861449312,73.47939677730547,1623800
2022-08-31,69.52519989013672,71.96500915599314,68.94095451290869,71.96500915599314,3331800
2022-09-01,68.66986846923828,69.08117952497035,67.5668128367858,69.00639439994596,2268000
2022-09-02,68.16507720947266,70.56749399533346,67.66028833091528,69.07649860190881,1925200
2022-09-06,65.90288543701172,68.58106452911508,64.88396481597954,68.58106452911508,2954600
2022-09-07,68.48292541503906,68.78205883838692,65.77202475425342,66.27681374338482,2191400
2022-09-08,69.63269805908203,69.7215044962706,66.77690641025215,67.25365262826884,1411600
2022-09-09,70.26837921142578,70.67501896469275,69.17467325140505,69.40837147184898,1823400
2022-09-12,71.82013702392578,72.36698999027199,70.29174870347907,70.29174870347907,1866000
2022-09-13,67.04332733154297,69.55792174219935,66.52918854173907,69.55792174219935,2400800
2022-09-14,66.8797378540039,68.30529805930149,65.87951001243314,68.15573494518439,1598000
2022-09-15,64.68766021728516,66.92181448397872,63.42569133810854,65.43549732519149,3122400
2022-09-16,62.790035247802734,64.11743940904199,62.21046823391428,63.64537157806775,5399800
2022-09-19,64.2950439453125,64.71570496026229,62.3880658871537,62.570350187394475,2160600
2022-09-20,61.62620162963867,63.77154881738225,60.59325272522445,63.44904424695651,2717000
2022-09-21,61.724369049072266,64.06602963842437,61.453278274189636,62.36937838006553,1609400
2022-09-22,60.29880142211914,61.90197463450145,60.2333662174445,61.252293983838086,1557000
2022-09-23,58.65357208251953,59.976308290251936,58.069326594024574,58.99477301681923,2913200
2022-09-26,56.643768310546875,59.401404093809454,56.61105070665583,58.65357060062043,2398000
2022-09-27,57.634639739990234,58.64889247616094,56.87745997510313,57.74681742556319,2223800
2022-09-28,59.69118881225586,59.934233350863096,57.57855883037339,57.98051998595367,2135400
2022-09-29,57.23268127441406,58.43856470572661,56.12962561001282,58.36845454047335,3175000
2022-09-30,55.08265686035156,56.54560965766573,54.55917525217101,56.48952081423881,3558600
2022-10-03,57.120506286621094,57.466378579773775,55.49396902026442,55.65755702608318,2344000
2022-10-04,60.09314727783203,60.17260379507117,58.33573257969016,58.789107573038315,2127200
2022-10-05,59.44346618652344,60.228692174056334,58.536716153100045,59.163029097965484,1885600
2022-10-06,58.91998291015625,60.289457928202815,58.84520134823475,59.31259769958539,1851400
2022-10-07,55.36309814453125,57.87301791451935,55.31635922110613,57.75149386085302,2585200
2022-10-10,56.22311019897461,56.84941962783855,54.7928784370992,55.629514807667874,2426000
2022-10-11,57.84029769897461,58.335736683615,55.81647066911353,56.26517073243993,3212800
2022-10-12,57.93844985961914,58.45726008212629,56.816697930794206,58.382478522045204,1242200
2022-10-13,57.134525299072266,58.16747074090259,55.1387445767745,56.21842893752977,1534800
2022-10-14,54.82091522216797,58.23758120653042,54.79754397960792,57.99920808303159,1866600
2022-10-17,56.76528549194336,57.555186467481384,56.101583528306676,56.101583528306676,1919200
2022-10-18,56.52690887451172,58.91062925806689,56.04081630137898,58.279644975059746,2382200
2022-10-19,54.18525695800781,55.81646915962468,53.83470970870627,55.48461819153335,2723200
2022-10-20,53.413536071777344,55.996922499508166,53.333537739726054,54.65111382281571,2120200
2022-10-21,55.34284210205078,55.41813021640789,52.524174435646216,53.30059949481287,2020200
2022-10-24,54.91462326049805,55.05579339755972,51.39481899220728,53.57352131883504,4647400
2022-10-25,57.1827392578125,57.705063790656105,55.40401402276933,55.5216546186331,3608800
2022-10-26,57.907405853271484,60.46726637226188,56.4533698092828,57.16392001468461,2115000
2022-10-27,57.75212478637695,58.57560898430556,56.82511628629176,58.321504858131995,1814800
2022-10-28,57.76153564453125,59.008526745102465,55.76164540836621,57.28626660670698,1600800
2022-10-31,58.269737243652344,58.53325101344833,57.41331390170955,57.54507078660754,1990200
2022-11-01,58.726192474365234,60.14258279834559,57.530963475945576,60.020239151892376,1743200
2022-11-02,54.36406326293945,58.683825425300114,54.298184826550305,58.683825425300114,1769400
2022-11-03,55.112266540527344,55.69105625014269,52.98061597041682,53.57823219591267,1524800
2022-11-04,56.0580940246582,57.01333865449737,54.00173875885998,56.48630750597638,1467800
2022-11-07,58.1003303527832,58.1003303527832,55.535763549071376,56.599235399843245,1485800
2022-11-08,55.98280715942383,57.56860008905252,55.399310810989505,57.465079380704445,1799200
2022-11-09,54.222904205322266,56.26984982438072,53.94056390743336,55.38989688818647,1352400
2022-11-10,60.56608581542969,63.85531218712375,56.698058968648645,56.698058968648645,3981200
2022-11-11,63.681209564208984,64.09059654882323,59.85083196891523,59.85083196891523,2743000
2022-11-14,62.86713790893555,64.6882120528291,62.86713790893555,63.48827652738569,2222600
2022-11-15,63.69532775878906,65.92579615494876,63.403581363841965,64.57057412384286,2172800
2022-11-16,59.6202507019043,61.10722951083718,58.91911377749276,60.57549173632737,2578400
2022-11-17,61.35661697387695,61.45072799624585,58.095620146329786,58.735585150733364,4823000
2022-11-18,57.58271789550781,59.03204725117746,54.58994096700226,54.98521163033782,9330200
2022-11-21,56.08633041381836,56.94745682834411,55.10285318691779,56.70276597391245,3175800
2022-11-22,58.269737243652344,58.43913997855144,56.4721891923172,57.107447653135864,2453800
2022-11-23,58.21798324584961,58.26974539931949,57.14510150139444,58.26974539931949,1669400
2022-11-25,57.60624313354492,58.64618551623758,57.28626058578519,57.94504860647945,683800
2022-11-28,54.8158073425293,56.156909326809725,54.67934382972801,55.28166665557342,3073000
2022-11-29,54.37818145751953,54.90991918565772,53.43235376341698,54.81110152762189,3044200
2022-11-30,55.00873947143555,55.20166816821525,53.027672407364804,54.7122828930608,2620000
2022-12-01,54.924049377441406,55.949875655303664,53.56882723268008,55.29579414131099,2869200
2022-12-02,54.7969856262207,55.21108280250413,53.258248281920544,53.76645649457425,2694800
2022-12-05,53.37118148803711,54.19466560999011,52.895916093957595,54.00643994980825,2689400
2022-12-06,52.5665168762207,53.59704951643758,51.64892177883967,53.244127772813236,2501800
2022-12-07,52.60886764526367,53.145308390957844,51.884201257722914,52.303001426026164,2192800
2022-12-08,53.30059814453125,53.96409281040674,52.015964883100374,52.66533966216717,2503600
2022-12-09,54.21819305419922,55.14990447118289,52.08654624158772,52.08654624158772,2327800
2022-12-12,54.924049377441406,55.234618725544834,52.97592113445356,54.04880293898523,2181800
2022-12-13,55.389896392822266,58.10504329048214,55.02285831697642,57.65330025394234,2690600
2022-12-14,54.702877044677734,55.84634377940944,53.73351968416083,55.16402975984083,2211000
2022-12-15,54.82992935180664,54.9334536543812,53.31472143718965,53.752344613459975,2257200
2022-12-16,52.5665168762207,55.21578147258939,52.39240752359467,54.5899363090425,4985600
2022-12-19,54.387596130371094,54.82992228879309,52.585341506163125,52.684159166771416,3301400
2022-12-20,54.274662017822266,55.10755942295561,53.33353727807763,53.869981682629565,2538200
2022-12-21,55.82281494140625,56.015747244239726,54.208785802757866,55.17814676583496,1816400
2022-12-22,55.52165985107422,55.54989603801467,53.90292754070927,54.73582145827118,1469800
2022-12-23,56.571006774902344,56.589829699875914,54.88639268587936,55.54988732830072,1453200
2022-12-27,55.074623107910156,56.71217823104862,54.8016960573517,56.42043184399509,1620000
2022-12-28,54.081729888916016,55.09343963810762,53.49352696381691,55.055793789275896,1569600
2022-12-29,54.84403991699219,55.36636438020968,54.34994804418463,54.66993056588449,1235200
2022-12-30,54.0770263671875,54.72169810257268,53.69116536975775,54.10055592158562,1862400
2023-01-03,53.67704772949219,54.84874698904742,52.29829988475556,54.84874698904742,2464200
2023-01-04,55.606353759765625,56.30278763897776,54.06290977838869,54.50523954991962,1791000
2023-01-05,54.966392517089844,55.582831699243485,54.17114450638524,54.56641519713458,1288800
2023-01-06,58.23680114746094,58.54737045137077,55.63929479969454,55.94986769371041,2331000
2023-01-09,57.488609313964844,59.676725259263634,57.1921562852881,58.316800168658794,1937200
2023-01-10,59.15439987182617,59.16381313044456,57.10274748598187,58.086224785440066,1518400
2023-01-11,61.22016143798828,61.23427773334061,59.55907341278656,59.64377477500618,2020200
2023-01-12,60.51432418823242,61.41309286590459,59.65319059179996,61.35192463980879,1823400
2023-01-13,60.471961975097656,60.57548626131282,59.290853120820856,59.413200330902924,1056800
2023-01-17,59.686134338378906,61.01312378057469,59.66731500127961,60.13787741110009,1465800
2023-01-18,58.537960052490234,61.10252714524239,58.170921975131584,60.05317147141676,1302000
2023-01-19,56.4260139465332,58.21122606991695,56.20345356872822,57.993402018572944,1754400
2023-01-20,58.57583999633789,58.580576322497244,55.924064550158185,56.50650983397534,1527000
2023-01-23,58.59952163696289,59.59867336561179,57.955518524295584,58.935728559894436,1977600
2023-01-24,57.05580139160156,58.64213097073997,56.738536198325505,58.64213097073997,1705400
2023-01-25,58.90731430053711,58.97360841586466,55.76779841102416,56.26027156257047,1658600
2023-01-26,59.712318420410156,60.36579416966745,58.84102223841169,59.97749850373189,1813800
2023-01-27,59.98222732543945,60.36105392688601,59.03990076060789,59.71231454605521,1392200
2023-01-30,61.37914276123047,62.264651464793346,59.11566306268767,59.11566306268767,2864400
2023-01-31,63.89834213256836,63.90307484640929,61.6253894744285,61.65854014786693,2235000
2023-02-01,66.0387191772461,66.38439521719101,62.73820339408353,63.30643986090881,2300400
2023-02-02,67.98017883300781,69.25397968378721,66.8105554869736,67.06626653517252,3048000
2023-02-03,66.52645111083984,67.96125115194744,66.32282878385618,66.6069506085484,1722400
2023-02-06,63.75628662109375,65.65988544592223,63.505315481500304,65.27158611265361,2272600
2023-02-07,63.33009719848633,63.76574525492905,62.26938417485426,63.25433043418768,1250200
2023-02-08,61.038204193115234,63.306424003013014,60.872472512295325,62.5156273073974,1867400
2023-02-09,59.9727668762207,62.02789552237931,59.75967552760098,61.55909672307117,1782000
2023-02-10,58.713165283203125,59.47081490399883,58.064429488877295,59.191433074013496,3042200
2023-02-13,61.80058288574219,61.81952818878909,58.4053634789456,58.71789594957526,2704200
2023-02-14,61.27022933959961,61.89055433556507,59.825957082476236,61.08081966429515,1476800
2023-02-15,62.14626693725586,62.72397585490402,60.14322741605456,60.597817151394565,1233800
2023-02-16,62.65768814086914,63.576333131477924,60.98611538929482,61.213415699306466,2252000
2023-02-17,61.838478088378906,62.652952862719445,60.80144292654314,62.387776373495534,1412000
2023-02-21,60.69253158569336,61.17079580027746,59.66496909610037,60.2237364115107,2252600
2023-02-22,60.919822692871094,61.67274324588157,60.01064672092711,61.06188358356272,1420200
2023-02-23,59.79281997680664,61.21815078100536,59.24826165056159,60.67359245476031,1202000
2023-02-24,59.0399055480957,59.67917232871083,58.48113825266917,58.765256420413834,1739200
2023-02-27,60.110084533691406,60.195320340782246,58.99728271535035,59.75019961344582,1624600
2023-02-28,59.15355682373047,60.19532833912625,58.91205834884968,60.086414499521325,2199400
2023-03-01,58.485870361328125,59.01622327280244,57.97445552861368,58.79366652617062,1353000
2023-03-02,58.395904541015625,58.69896441254259,57.58142978150242,57.875020612626074,1263000
2023-03-03,58.201759338378906,59.091997272152376,58.16860866459563,58.836289824494756,1502600
2023-03-06,57.231014251708984,58.49060609424579,56.79062983626285,58.017074620121285,2194400
2023-03-07,59.03042984008789,59.42819450744811,57.401480563641776,57.685598699293095,2064000
2023-03-08,58.66579818725586,59.129860496110005,58.026531592485746,59.04935742156643,1841800
2023-03-09,58.62320327758789,59.43294173851199,58.41958458067069,58.73211350340478,2288800
2023-03-10,57.10789108276367,58.812603548430396,56.032976300917355,58.812603548430396,2498000
2023-03-13,56.00455856323242,57.59089168521383,55.04329037395927,55.403175259008826,2587200
2023-03-14,56.32183074951172,57.297304361904494,55.819884965368225,57.04633327621185,2699000
2023-03-15,56.16557312011719,56.5065163879688,54.726036885165236,55.40318709415976,2877200
2023-03-16,56.80010223388672,58.968877380646795,55.663629519011714,57.33519514344499,5681200
2023-03-17,55.336875915527344,57.415678330600215,54.76863971942033,57.415678330600215,8228600
2023-03-20,56.38813018798828,57.614575001909195,55.384242137644094,55.512097661936416,2143000
2023-03-21,58.34854507446289,58.774724096371614,56.9563614738138,56.9563614738138,2676800
2023-03-22,56.35498046875,58.500077419832394,56.2460666425583,58.348547496060256,2397600
2023-03-23,56.30762481689453,57.240478711561735,55.355825618488765,56.672242433182326,2830000
2023-03-24,55.734649658203125,56.018771415546354,54.953325663783914,55.94300465018597,1665800
2023-03-27,56.28868865966797,56.65804263820168,55.696774306182284,56.13715872968597,1649000
2023-03-28,56.14662170410156,57.19312573447741,55.80567849528519,56.2934152918249,1732200
2023-03-29,55.94773483276367,56.918472021232,55.47893976503743,56.10873377233837,2508000
2023-03-30,55.971412658691406,56.279208805671665,55.024349814295554,56.04717942036693,2927400
2023-03-31,57.60983657836914,57.695068769105056,56.0992701325188,56.18450593601288,2117800
2023-04-03,57.510398864746094,57.66666512581599,56.7906325789299,57.39201599049774,2860600
2023-04-04,56.39285659790039,57.9886588270257,55.61153262398866,57.77083480146917,1969400
2023-04-05,55.800941467285156,56.03297446705116,55.403176803842975,55.66835324613776,1968000
2023-04-06,55.384239196777344,55.895654041273794,55.02435427515855,55.47421133037163,1758800
2023-04-10,56.02824020385742,56.29815298191783,55.23270723492808,55.23270723492808,2305000
2023-04-11,56.587013244628906,56.8095736237161,55.6399502614552,56.416541618636955,2252200
2023-04-12,55.867244720458984,57.453574430932655,55.862508394161175,56.98004295838777,2714200
2023-04-13,55.96669006347656,56.250808245607416,55.35583398487793,55.98563175731978,1545000
2023-04-14,56.10874557495117,57.178927760340294,55.739391588577924,55.98089366149835,1792600
2023-04-17,56.16083526611328,56.48283683113199,55.715718112086414,56.26501277431913,1513800
2023-04-18,57.297306060791016,57.46777767362891,56.58227255209643,56.74800783881152,1384200
2023-04-19,57.908164978027344,58.159136083758845,56.81430841804344,56.904276942342854,1579000
2023-04-20,58.270713806152344,58.8908665712736,57.245072201303586,57.33093995518729,1640000
2023-04-21,57.85091781616211,58.54263133126029,57.7555108124801,58.38997794164274,1414200
2023-04-24,57.42634963989258,58.2277808337898,56.7966539617979,57.76504922951874,1496000
2023-04-25,56.042930603027344,57.05425794245821,56.03338771895127,56.75372260585177,1638000
2023-04-26,55.947513580322266,56.768026819195576,55.89027084056871,56.07154558236075,1276200
2023-04-27,58.32319259643555,58.399517471845705,56.11448441890896,56.26713780927319,1699400
2023-04-28,57.7411994934082,58.24209171656801,56.49134737741848,58.24209171656801,1639200
2023-05-01,56.55813217163086,57.65055944154154,56.2146611439418,57.5742345684683,1624800
2023-05-02,56.042930603027344,56.310073124455286,54.75968566058662,56.1287983619926,1808600
2023-05-03,55.06499099731445,56.66785336299777,54.97912324059771,56.07632194980677,1566400
2023-05-04,54.90279769897461,55.56111841593954,54.26833419286607,54.70721224448003,1494800
2023-05-05,56.44841766357422,57.044720553691725,55.67083636555282,55.785329140927075,2071000
2023-05-08,55.59450912475586,56.84912904199105,55.231955963904895,56.62969002450185,1016200
2023-05-09,54.94095993041992,55.83303032725215,54.6451960385035,54.936192127968525,1308200
2023-05-10,53.986873626708984,55.60404665493822,53.6577169303949,55.50863965533432,1566200
2023-05-11,54.034576416015625,54.36850818932594,53.26177026657183,54.14906918148735,1351800
2023-05-12,54.349422454833984,54.397125950842835,53.67202334869536,54.14906558787075,1285200
2023-05-15,55.54680633544922,55.60404908189255,54.04412236906565,54.38282196384962,1614000
2023-05-16,53.26654052734375,54.4973067927552,52.827658881853615,54.273096348107146,2710200
2023-05-17,54.7978515625,55.12224047948891,52.71794679584356,53.31424968445965,2271800
2023-05-18,56.33869552612305,56.376859784036306,54.44483699181882,54.84078297869503,1744000
2023-05-19,54.75969314575195,56.29099869032827,53.943951143849304,56.033395378220426,2390000
2023-05-22,53.50506591796875,54.874174984619415,53.00894149105027,54.43052550167123,4381800
2023-05-23,53.357177734375,57.08764817954032,53.271309979287565,55.62312854077507,7251400
2023-05-24,54.47346496582031,54.85986808944838,52.53190282336682,52.8753702446228,3203200
2023-05-25,53.02802276611328,54.95527041719464,52.63684459388843,54.42575318350472,2317800
2023-05-26,54.196773529052734,54.2730984010183,52.20750810202393,52.44125779931966,1965000
2023-05-30,55.21764373779297,55.31782217953529,53.65294564659979,54.764455029023836,1839600
2023-05-31,54.14907455444336,55.15086269468959,53.018482950146804,54.85986658944294,1630400
2023-06-01,54.35420608520508,54.59749506127069,53.257007233237935,54.096602781537726,1546400
2023-06-02,56.55813217163086,56.67739274293713,54.76445579965611,55.098383943496145,1888200
2023-06-05,56.104949951171875,56.42933888825782,54.902801215099885,56.42933888825782,2209200
2023-06-06,59.096004486083984,59.138940189768,55.68515462532928,56.05724707271749,2313000
2023-06-07,61.81990051269531,62.81214921935283,59.4633143838129,59.69229261486103,4743000
2023-06-08,60.183650970458984,62.36373023028697,60.10255102330265,61.72926317522372,2260000
2023-06-09,59.897422790527344,61.25222101194975,59.78770511292072,60.68454321838864,1569600
2023-06-12,59.654144287109375,60.30768994403761,59.081691312518856,60.01669383418485,2076200
2023-06-13,61.75312042236328,62.0441164983525,60.054851105083515,60.0643939886321,2485800
2023-06-14,59.921287536621094,62.43052757924226,59.654144995698786,61.81991397739461,1865200
2023-06-15,60.70363235473633,60.803810800462536,59.39176603665755,60.050083096948555,1699000
2023-06-16,59.45854949951172,61.23314736378121,59.033982161393276,60.956461967837306,2785800
2023-06-20,58.046504974365234,59.09122873578975,57.80321239166149,59.062603724002166,2413600
2023-06-21,57.70780563354492,58.39951548899686,57.69349494736291,58.17053723099701,1652200
2023-06-22,57.264156341552734,57.8222949416429,56.65354279893678,57.8222949416429,1212000
2023-06-23,57.32140350341797,57.54084252080021,56.23851546338333,56.83481832786025,3690000
2023-06-26,58.92426681518555,59.54919474041337,57.38342213226833,57.45974701226573,2133000
2023-06-27,60.283836364746094,60.946924866221416,58.46630273881024,59.024444992192684,1787600
2023-06-28,59.81632995605469,60.85151080867046,59.568269577004486,60.178883100399155,1808800
2023-06-29,58.70960235595703,60.43172554490684,58.49970255556158,59.83542260246007,2018000
2023-06-30,59.69707107543945,60.02145997385235,58.657118751663724,59.29635730421729,1721800
2023-07-03,60.603450775146484,61.22837862742369,59.23433814193207,59.8163302970932,1480800
2023-07-05,60.741798400878906,60.794273346310966,59.20572157541835,60.34585240881666,1892600
2023-07-06,59.267730712890625,60.44125426246725,58.6141851311169,60.44125426246725,1869800
2023-07-07,57.68872833251953,58.991055477211255,57.617171256078166,58.2754919918858,2560000
2023-07-10,60.269527435302734,60.32200238381986,57.598091061574806,57.598091061574806,2342800
2023-07-11,61.69111251831055,62.66904339083312,60.43648896464403,60.46511033742783,2238200
2023-07-12,62.26355743408203,62.87417094083566,61.83899011643166,62.49253567934285,2496400
2023-07-13,61.92009735107422,62.621350175050196,61.76744030790928,62.144307833792446,1446400
2023-07-14,60.50327682495117,62.716752843925455,60.21705216792836,62.09182858481218,1980400
2023-07-17,59.69707107543945,60.20273473137517,59.25819304804076,60.026231415760364,1920600
2023-07-18,61.49552917480469,62.091832093777455,59.69707753303808,59.69707753303808,2010600
2023-07-19,62.85032272338867,63.02205824172805,61.552767091288466,62.17292353412997,1639800
2023-07-20,62.70622634887695,62.95118866396522,61.769597109828865,62.79268104979492,1716800
2023-07-21,61.85124969482422,63.11930324786934,61.67352504315939,63.11930324786934,1150600
2023-07-24,62.60535430908203,63.316238264765175,61.71195243323499,62.07700293187064,1179600
2023-07-25,64.71878814697266,64.8628793272332,62.120236368672735,62.494888095659434,2007200
2023-07-26,65.78990173339844,65.79470232927162,64.53625727002097,64.53625727002097,1752400
2023-07-27,66.05887603759766,67.84567965629391,65.65540614412518,66.26541890895002,1952000
2023-07-28,67.56229400634766,67.8697007019367,66.4191219215851,66.89464474581114,1499200
2023-07-31,66.59203338623047,68.33080168371316,66.01564679367048,67.93694032163923,1878600
2023-08-01,66.50558471679688,66.87062788166634,65.91478162646564,66.29904183268046,1666000
2023-08-02,66.37107849121094,66.5247854846924,65.14625978423743,65.91958068845304,1233600
2023-08-03,68.15788269042969,68.56616048311113,65.59295767548724,66.462341795113,1951600
2023-08-04,66.92826843261719,68.56137257642445,66.62566963991908,68.42688259541322,1509600
2023-08-07,67.03394317626953,67.46143077698807,66.8225996740438,67.29812255405169,1276200
2023-08-08,67.03874206542969,67.12039616589159,65.83312561182758,66.06848672197327,1425800
2023-08-09,65.9003677368164,67.16362059965977,65.73225894756693,67.16362059965977,1064200
2023-08-10,65.14146423339844,67.36056356609312,64.65153958921044,66.64487898391448,2053600
2023-08-11,64.42578887939453,65.203910549462,64.17121802859087,64.82925883208475,1810000
2023-08-14,63.97908401489258,64.26728102529634,62.99922737199773,64.10877340248972,2386400
2023-08-15,63.647647857666016,63.887809545448675,62.22108684590476,63.301814440926734,2611600
2023-08-16,63.73891067504883,64.50743101006655,63.34024139255927,63.50835750620474,2279200
2023-08-17,63.21536636352539,64.05113176292363,63.19615665132083,63.71009890577351,3412400
2023-08-18,64.56507873535156,64.66114196170169,62.72543900058689,62.72543900058689,2333200
2023-08-21,61.88006591796875,64.32491032093581,61.64951273285421,64.09915773143594,3682400
2023-08-22,60.11248016357422,61.678335627881516,59.982790780637764,61.678335627881516,3297600
2023-08-23,68.21553802490234,68.32601036559744,62.66300014782145,63.16253330809184,8015400
2023-08-24,67.02433776855469,70.26652138404368,67.0003274569491,69.15697527496334,4103200
2023-08-25,67.47103881835938,68.2251428595823,66.30384896815988,67.07236945639067,3046800
2023-08-28,68.13868713378906,68.45089445481588,67.27410342974359,68.00419714973248,1575400
2023-08-29,68.39805603027344,69.63729140500925,67.95135874184469,68.35482867897147,1681000
2023-08-30,68.39323425292969,69.03686571460722,67.91771154841467,67.91771154841467,1496400
2023-08-31,67.82166290283203,68.75349147546264,67.64394558940474,68.41726655986228,1673800
2023-09-01,69.40193939208984,69.5700482056413,68.39805779026936,68.4653027815208,1174000
2023-09-05,69.14735412597656,69.55082398935392,68.02819981775025,68.79191220110442,2123800
2023-09-06,67.6247329711914,69.46437260081953,67.38457125446429,68.47010690472935,1874000
2023-09-07,69.16177368164062,69.37791776042693,67.3365431723766,67.62473283437369,2252000
2023-09-08,68.99845123291016,69.08011265790766,67.48543550380987,67.61992546510086,1998600
2023-09-11,68.79193115234375,69.38272699569913,68.33562530049764,69.04170142049877,1388400
2023-09-12,66.79376983642578,69.04168712610229,66.47675463815098,68.80152542967956,1593800
2023-09-13,68.42687225341797,68.46049107901251,66.93306624160158,66.93306624160158,2054800
2023-09-14,69.70935821533203,69.80062086126435,67.7736549213082,68.1194884589698,1937000
2023-09-15,69.16177368164062,69.50760713936029,68.27317239988655,69.17137487329944,3606400
2023-09-18,69.35870361328125,69.83422646977881,68.55656432705916,68.79192545729306,2587400
2023-09-19,68.82073974609375,69.14736348624628,67.90812817027616,69.14736348624628,2416600
2023-09-20,68.5757827758789,69.97832640652432,68.47011102782338,69.25784121295722,1480600
2023-09-21,67.8456802368164,68.68624618665307,67.60551853686307,67.9225337397983,3012800
2023-09-22,67.25008392333984,68.4557004793668,67.19244745438864,68.27797581817687,2069200
2023-09-25,75.06493377685547,75.58368388282067,69.44995255104497,69.44995255104497,10769600
2023-09-26,73.81129455566406,75.63652490581579,73.61436020651685,74.86320395376626,3707200
2023-09-27,75.49723052978516,75.68456369682389,73.9986238267044,74.25800257402447,2136400
2023-09-28,74.166748046875,74.98809706833228,73.50869991549223,74.40690977956031,2550000
2023-09-29,74.64226531982422,76.25135189783406,74.62785620186094,74.85360882215855,2248600
2023-10-02,74.07067108154297,75.02650990968964,73.20608753840162,74.80075733650403,1982600
2023-10-03,72.37513732910156,74.08509504794645,71.75552327431214,73.98902449010848,2079200
2023-10-04,72.841064453125,73.39344094090868,72.17341500237528,73.22052416730378,1293200
2023-10-05,72.57687377929688,73.0427880964181,71.7939442368687,72.37513148744412,1388000
2023-10-06,74.65666198730469,75.28589179310153,71.84197392028062,72.37993377894006,2332200
2023-10-09,76.90457916259766,77.13513234032246,74.1571287534364,74.1571287534364,2741000
2023-10-10,76.49150848388672,77.37050126621418,75.92473033776147,76.22732912376303,2114400
2023-10-11,78.01893615722656,78.33595140009756,76.53954634880398,76.54434694491256,1881800
2023-10-12,78.086181640625,78.45122480008254,77.45215121039726,77.84601993144547,2229400
2023-10-13,77.58184814453125,78.78265680742699,77.31286817670731,78.40319716562544,1919800
2023-10-16,77.9468765258789,78.99878588732663,77.5626163609494,78.15341938780415,1638600
2023-10-17,78.513671875,78.76824270910443,77.56743412213862,77.56743412213862,1564000
2023-10-18,77.01025390625,78.31192625488033,76.23693291594003,78.31192625488033,2161200
2023-10-19,76.31468963623047,78.05844599161271,75.87995378607297,77.18898166182568,1416600
2023-10-20,75.8992691040039,76.52720851891095,75.41623424913574,76.21806650661641,1263200
2023-10-23,75.57564544677734,76.46442791442801,74.87523892913924,75.21819695911165,1195200
2023-10-24,75.50320434570312,76.30021656736983,74.59993119834382,75.83649969562468,1214400
2023-10-25,73.7932357788086,75.14089976144294,73.76908256230777,74.90904509819413,1160800
2023-10-26,69.66812896728516,73.6531673157981,69.13195987648227,73.27640064339916,2941000
2023-10-27,70.43616485595703,71.3346028498671,69.93863204189496,70.0255821716298,1622000
2023-10-30,71.5954360961914,71.87559723294054,70.03040030934285,70.71148131227464,1597200
2023-10-31,72.5711669921875,73.00106776406986,71.4456947757926,72.45523596125949,1562200
2023-11-01,72.23303985595703,72.66294064685277,71.17519955538044,72.54701698132551,1856400
2023-11-02,73.67247772216797,74.31491496006484,72.88512855450399,72.88512855450399,1292600
2023-11-03,74.537109375,76.09248224112974,74.29076424546784,74.29076424546784,1448600
2023-11-06,73.49859619140625,74.71583889950938,73.1218295383465,74.39704144959364,1155000
2023-11-07,72.42141723632812,74.33423863627182,72.3731181698337,74.02026890721196,1286200
2023-11-08,72.36830139160156,73.45513005380242,72.36346632485349,73.31021809140326,1103000
2023-11-09,71.25731658935547,72.45524117977992,70.98198313501874,72.45524117977992,1292800
2023-11-10,71.6630630493164,71.69204396605016,69.47974308552594,71.2234994907793,1981400
2023-11-13,71.85626220703125,72.29582569297158,70.91918078178277,71.24764094455558,1642400
2023-11-14,76.38714599609375,76.75424990132942,73.6048673630563,73.6048673630563,2495400
2023-11-15,77.95699310302734,78.79264131859256,76.48857042171772,76.57551315570088,4057600
2023-11-16,82.81632995605469,83.2607211679212,77.75895409622423,77.83141375163795,4811000
2023-11-17,86.39079284667969,87.65151420180273,83.05301999473146,83.63266038743146,4298400
2023-11-20,87.8882064819336,87.91235970321047,85.24117705571673,86.1202968200741,2046400
2023-11-21,86.91730499267578,87.39067715220862,85.62276756980512,87.12984153751485,1777800
2023-11-22,87.6563491821289,88.24565238533171,86.82070081845073,87.42932217578709,976600
2023-11-24,88.65623474121094,88.67073257113039,87.24094582350278,87.77228723625969,507600
2023-11-27,88.64655303955078,89.07161867307396,87.91716573755407,88.39537286710994,1381400
2023-11-28,88.8880844116211,89.33730333101987,87.78676542864538,88.71901924831518,1676800
2023-11-29,90.39515686035156,90.91683547126351,89.06198310170643,89.36146240091347,1475600
2023-11-30,90.58837127685547,91.09555944844374,89.40977219013983,90.99895393255274,1551400
2023-12-01,94.60238647460938,94.69899197883055,90.53039850546564,90.75742549417554,2223600
2023-12-04,95.78582763671875,96.27852532671909,93.95995619966067,93.96961159143441,2330200
2023-12-05,94.3077392578125,95.50083608497226,93.91647478624958,94.49128751316394,1632800
2023-12-06,93.6556396484375,95.39939599150846,93.2257388676513,94.76662143029229,1606600
2023-12-07,94.34637451171875,95.26413781811745,93.78121722676364,93.8633396408716,1347200
2023-12-08,94.10003662109375,94.57340880427549,92.96490892067122,93.12430396673567,1309800
2023-12-11,94.29325103759766,94.65552723167544,93.11947233611106,94.29807873346194,1221000
2023-12-12,91.58824920654297,94.17731660840921,91.41435634483076,93.8295308849848,2529000
2023-12-13,95.43321228027344,95.89692167402455,91.79595256710843,91.90222083870306,2082400
2023-12-14,99.72738647460938,101.08471333407695,96.05149067270553,96.72290887392188,3753000
2023-12-15,98.90623474121094,99.51969119786351,97.58755137769157,99.35546108207573,3148000
2023-12-18,96.49104309082031,98.86757376954044,95.56845208964045,98.86757376954044,1908800
2023-12-19,98.15753936767578,99.30232988650143,96.2688708685321,97.3460367864678,1612600
2023-12-20,97.32186889648438,99.05596977675933,96.97408318131424,97.17212925783315,1051600
2023-12-21,98.90623474121094,98.98352210294466,97.742126101159,98.61158312381359,953800
2023-12-22,98.3314208984375,98.73233339065705,97.44263105582108,98.49565100013321,872000
2023-12-26,97.94497680664062,98.62605033108201,97.62134434752373,98.46665531956133,717800
2023-12-27,98.24930572509766,99.19605746862025,97.33636996587477,98.14787251325534,996800
2023-12-28,98.20581817626953,98.4763165240085,97.32186348028364,97.81456111110944,660400
2023-12-29,97.46678161621094,98.75648391585717,96.97891902018117,97.89185468714548,976000
2024-01-02,98.20581817626953,98.82893728565774,96.41859063254235,97.0900088065827,1302000
2024-01-03,93.97444915771484,97.25425316100318,93.45759823347494,96.9402833978583,2113600
2024-01-04,94.28359985351562,95.16755476007984,93.25956804440536,93.84403624846209,1626000
2024-01-05,94.7376480102539,95.33660663685752,93.43828280301324,93.43828280301324,1124000
2024-01-08,96.3219985961914,97.04655100199301,95.09025803222305,95.18203584957577,928800
2024-01-09,95.98870849609375,96.54903082244556,95.37525202895809,95.37525202895809,839600
2024-01-10,95.67955017089844,97.16729848974289,95.59260005959155,96.60697625851692,881200
2024-01-11,97.73728942871094,99.32164346557975,94.68451239566923,99.32164346557975,1617800
2024-01-12,98.5197982788086,98.77097111195141,96.92094661998162,97.84838008422132,987600
2024-01-16,98.05608367919922,98.40386939322084,96.51520118495596,97.02721699434126,1580800
2024-01-17,98.50048065185547,98.85792914840403,96.82434887875391,96.99824174592239,1265200
2024-01-18,100.37811279296875,100.91665871976481,98.78673530541323,99.37865091516032,2373000
2024-01-19,100.15008544921875,100.57704293876039,97.82123785666812,100.50426205584175,1573600
2024-01-22,101.68807983398438,102.05196199061429,99.77163528970709,100.89724764775232,1938200
2024-01-23,102.17326354980469,102.83796003892958,100.96517943908066,102.24118792790482,1353000
2024-01-24,100.78080749511719,103.10965488916854,99.94630378388877,103.10965488916854,921800
2024-01-25,101.9549331665039,102.32366443792498,100.78565666981093,101.20290852574611,1154200
2024-01-26,101.18350982666016,102.73607236763212,100.96032549114443,102.29456019721758,939800
2024-01-29,97.7581558227539,101.16408743803612,95.62337608730267,100.9457596272926,2667600
2024-01-30,97.31665802001953,97.93283396148325,96.37541486305041,97.2050695497899,1425600
2024-01-31,93.82823181152344,97.03039792452091,93.62930777836048,96.9527679501351,2657800
2024-02-01,95.57001495361328,95.88052745521577,92.92580589107936,94.90532586499594,1639800
2024-02-02,97.2002182006836,97.86005826505237,93.40128688191365,94.61422763235605,1539600
2024-02-05,96.88484191894531,96.99158128110267,94.68213770337258,95.99696853547366,1133600
2024-02-06,99.31072235107422,99.64063862944549,96.84117715076606,96.90424502563017,1027600
2024-02-07,99.71340942382812,100.58672801828534,98.67027620707057,99.25249353884264,968600
2024-02-08,104.73014831542969,104.84173678290385,100.43633543118567,100.91666259619538,1923200
2024-02-09,106.73392486572266,107.99537866154628,104.9145139458984,105.07462299522717,2007800
2024-02-12,110.02340698242188,112.15333016626391,106.68054332023695,106.68054332023695,3069400
2024-02-13,107.72852325439453,108.47569876943695,104.98728060771401,106.62232207919023,2406200
2024-02-14,107.90318298339844,109.18890434417439,107.2045354801435,108.73283753561545,1537200
2024-02-15,108.1554946899414,109.27625070436106,106.9425539984565,108.67948595704718,834800
2024-02-16,109.69834899902344,110.70265994943868,106.47677911518419,107.3161319235141,1568600
2024-02-20,108.5921630859375,109.3199275363825,106.77275195982499,108.92207941660187,1649200
2024-02-21,106.71937561035156,107.81587131543716,105.51128403285635,107.39861942709445,1397400
2024-02-22,109.4072494506836,109.9215351150303,107.63635901730825,108.04390530944688,1257000
2024-02-23,109.9457778930664,110.85791150908892,108.76679588903718,110.013702264268,1504400
2024-02-26,111.45954895019531,112.56090122037769,109.88758248154672,109.89243157937734,1766600
2024-02-27,113.2595443725586,114.43851910015148,112.04174725358916,112.36196535362748,1413400
2024-02-28,112.919921875,114.20078686508829,111.9883843734087,111.9883843734087,1333400
2024-02-29,114.2735595703125,114.7247773245807,112.35711489699311,113.62827428072157,10190000
2024-03-01,114.81211853027344,115.20996664701923,113.46332901799367,114.65686596502826,1201400
2024-03-04,115.3021240234375,117.19916479246442,113.91451975854743,114.02125911763139,2289200
2024-03-05,116.60240173339844,118.1840735439865,114.01156249775732,114.01156249775732,1985400
2024-03-06,116.30160522460938,118.14526910086849,115.50105994898946,116.88381525938605,1204400
2024-03-07,120.0762710571289,120.82828831129191,117.0633233303913,117.5727598662322,2363200
2024-03-08,113.96790313720703,116.1997169458828,113.68165091398366,113.95820494208928,4559200
2024-03-11,114.6714096069336,116.37922467600488,113.65738561837009,115.16143495410203,3574400
2024-03-12,116.95172882080078,118.14040907417163,115.22935176638917,115.22935176638917,3482000
2024-03-13,137.72698974609375,140.6040815645319,126.73289334386774,127.6547253247036,10198600
2024-03-14,138.59059143066406,141.8655310845959,135.37387055711082,139.73075856775816,4011800
2024-03-15,137.678466796875,138.80407931307582,135.1410043442109,137.6008368157848,7121000
2024-03-18,138.40138244628906,140.54585318951456,136.5625603045826,137.4601393324702,2506800
2024-03-19,142.33131408691406,142.33131408691406,138.338322562787,138.5372466251077,2169400
2024-03-20,143.15121459960938,143.64610373994114,141.0843743055676,141.67143329087799,1354000
2024-03-21,151.92323303222656,152.00086300465208,144.38359038323637,144.98520416152996,3246000
2024-03-22,151.68064880371094,153.39817682238498,150.40463293590753,150.40463293590753,1924000
2024-03-25,151.0062713623047,154.11625331451125,150.0262205374807,152.34536272815626,1936800
2024-03-26,149.63320922851562,152.78685485750418,149.63320922851562,150.80248576926294,1254600
2024-03-27,152.35504150390625,152.96151181962742,150.1280842813466,151.831057665941,1202400
2024-03-28,154.05799865722656,155.11567922287196,152.40354603348084,153.55341126191578,1693800
2024-04-01,152.7965545654297,155.14966236549057,152.40841948365656,153.5291754491611,2015800
2024-04-02,150.55020141601562,151.87959455916274,148.10006700000295,151.75344398189912,1822000
2024-04-03,149.9097442626953,151.2100128961573,148.2601333743664,150.30757748495603,1865600
2024-04-04,148.64830017089844,151.6952063943475,147.6488382916603,151.03051730835364,1571000
2024-04-05,150.11837768554688,150.14263057425677,147.9787487546538,148.4639249800789,1082400
2024-04-08,149.55557250976562,151.355572172606,149.27417681191272,150.6860266079173,1407800
2024-04-09,149.91458129882812,151.48656217128337,148.7307502494984,149.72051379046627,1336400
2024-04-10,142.27305603027344,146.39221180154252,141.5501482715794,145.98950728693984,2619000
2024-04-11,142.86984252929688,144.71350624833153,141.8655241973118,144.47091813759522,1719600
2024-04-12,140.1431427001953,143.03964509006718,139.13396795315947,142.36524309209207,1595400
2024-04-15,139.9879150390625,144.63105571037514,139.22618470653802,144.63105571037514,2180800
2024-04-16,137.08656311035156,140.71568730941092,135.45152128316025,138.88172141451653,2462200
2024-04-17,136.9021759033203,140.21106635945802,135.99004227140335,138.55177203450498,1405200
2024-04-18,136.16661071777344,140.19028452449393,136.11789504422757,137.86667920318914,1555400
2024-04-19,136.005859375,136.80473989551194,134.9682765243766,135.6307620845116,1489800
2024-04-22,136.5027313232422,137.76438849510413,134.88546608237849,137.5208249901284,1598200
2024-04-23,138.86529541015625,139.31831994565135,136.52221576398154,136.80961890583123,1349800
2024-04-24,139.0796356201172,140.19514575540978,137.04830947314116,138.6704507208138,1505400
2024-04-25,137.21392822265625,138.67044804483254,135.6697439752437,136.40529562799344,1845400
2024-04-26,137.44775390625,139.78595752248978,136.9606269140387,137.51594395487282,969000
2024-04-29,139.51319885253906,140.59462161216655,137.99336467488732,139.1965692098515,1175600
2024-04-30,139.6982879638672,141.6321828523092,138.00795658849879,138.37817788547056,1531800
2024-05-01,138.15406799316406,139.87364040840816,135.23618230203647,139.12346073838896,1962400
2024-05-02,142.35800170898438,142.42133060286628,137.40878918836432,139.31833373015377,1570800
2024-05-03,148.4276123046875,149.8402777215201,144.46239113636068,146.177072933889,2208400
2024-05-06,150.17637634277344,151.32598884559977,148.22299245419714,149.02188781319327,1397800
2024-05-07,146.92726135253906,151.7108526461095,146.8590712944761,150.39560363868412,1527400
2024-05-08,148.5347900390625,148.5737536629449,145.88481763691394,146.138118356995,968000
2024-05-09,155.12559509277344,155.4227354194552,148.4860518755821,148.93907640606537,1510400
2024-05-10,153.9029083251953,156.59672008879562,152.7191932618234,155.88064279133545,994800
2024-05-13,153.7470245361328,156.87438648172085,152.89455226853033,154.95996603407892,1327200
2024-05-14,154.49232482910156,155.91474220783286,153.22579165794505,153.44500475396808,1698600
2024-05-15,155.99754333496094,156.4505827361376,153.99058250423238,156.12907713714668,2233000
2024-05-16,152.49996948242188,155.88063187549653,152.48535626782095,154.97944399927923,1262400
2024-05-17,150.7658233642578,153.44502216394577,149.54800572803603,153.06018762843703,1711400
2024-05-20,154.2146759033203,154.38031218337167,150.82915180441026,150.9655467846177,2606400
2024-05-21,153.14300537109375,154.34133375956205,151.74981426858557,153.03583682474698,2698200
2024-05-22,136.3614501953125,169.76862638032975,135.24594012888792,168.35594626369289,8580400
2024-05-23,138.61685180664062,141.0135230817678,134.617543475792,136.64885465112448,4035200
2024-05-24,140.20001220703125,140.7553440891164,137.72053771080314,140.48255417487871,2009000
2024-05-28,138.4999542236328,141.90496724609173,137.87643224919515,140.46307546756776,2393000
2024-05-29,137.64260864257812,139.19166898778164,135.18262315474112,135.2995288816435,2024000
2024-05-30,140.4533233642578,140.79431821547647,137.37469197863456,137.49647373036458,1957000
2024-05-31,142.8354034423828,143.11793060866015,138.98710247144265,140.4630969338567,6965800
2024-06-03,145.0079803466797,147.76024527565866,143.3225248734793,143.3907149319177,2095400
2024-06-04,137.7351531982422,143.22506889529117,135.5576950092771,143.22506889529117,2854200
2024-06-05,145.18821716308594,145.67048307087848,138.10052424604018,138.2223060134529,2131800
2024-06-06,144.43804931640625,147.08802171205755,142.30930644277544,144.63777319491703,1665400
2024-06-07,142.494384765625,144.8569536900949,141.38373579965946,142.43593190414308,1778200
2024-06-10,144.64749145507812,145.31485306138774,140.26822451591053,141.38861066090587,1301000
2024-06-11,145.82147216796875,145.93350186511,140.750478253381,144.13114086310617,1376800
2024-06-12,151.4965057373047,155.6565747196918,148.7685914067896,148.7685914067896,2601600
2024-06-13,156.52850341796875,157.79017535784448,151.9836153088783,151.9836153088783,2280000
2024-06-14,146.92726135253906,153.63013445039843,145.25641910577087,153.28427840051089,2658800
2024-06-17,148.64195251464844,149.13881674502596,144.77902377911224,146.32809906852455,1321000
2024-06-18,155.8075714111328,156.33853804865979,146.9418542076985,148.04764199406932,2307200
2024-06-20,148.057373046875,157.10332448400143,147.32180656211568,155.8221781691963,1969400
2024-06-21,147.7748260498047,148.7198535325255,143.88756246003442,147.54101462541846,3669200
2024-06-24,149.81590270996094,150.166634744145,146.3962765261185,147.5994808092006,1893400
2024-06-25,143.4442901611328,150.12767328320027,139.81518801728348,150.12767328320027,2391600
2024-06-26,144.52572631835938,146.7567616766059,141.52989792027097,142.51876524168065,1460000
2024-06-27,139.9515838623047,145.65097581898752,139.2208933481626,144.69133501577681,2000400
2024-06-28,137.550048828125,141.36426156905765,136.48811553427691,139.4449799967594,4462600
2024-07-01,134.88058471679688,140.46305525215735,134.50061143465336,137.3113433752417,1886200
2024-07-02,136.16661071777344,136.7609062567859,132.26471866194947,133.95992598616604,2533600
2024-07-03,136.8534698486328,139.50344209758924,135.50899448037097,136.78040376686582,906800
2024-07-05,136.35659790039062,137.61337903338259,135.53335207194255,136.95089344165012,954400
2024-07-08,138.9188690185547,142.2313414123688,137.2529030667222,138.1687041705065,1591000
2024-07-09,138.5584259033203,140.55564987681592,137.60366100222126,137.8179981037245,1379700
2024-07-10,142.4749298095703,143.634279740842,138.99683541794028,141.75397639917006,1502000
2024-07-11,149.6259307861328,149.98640000826762,145.16384569169716,145.3684455722746,1645100
2024-07-12,154.51670837402344,156.94259160285492,149.69413861861943,150.434581259207,1958600
2024-07-15,150.8827362060547,154.68233632957154,149.6259548872984,154.30237780381373,1335800
2024-07-16,158.79367065429688,159.91405684914517,152.1297617509974,153.5814056161454,1560000
2024-07-17,146.21603393554688,155.53963646439652,145.68992848001346,155.53963646439652,2004500
2024-07-18,144.9397735595703,150.10332279749292,143.80963533757708,145.90427551746305,1164300
2024-07-19,143.6488037109375,146.98377605925646,143.23804504723842,144.5583375541757,1057200
2024-07-22,148.8517608642578,149.40922864097755,145.17448218880034,145.5069989732759,1045100
2024-07-23,152.60731506347656,152.8127019010023,147.38479174485562,148.6757606136107,981500
2024-07-24,147.8248748779297,153.80046278531563,147.11093818297493,151.27721790763684,1414800
2024-07-25,147.35545349121094,149.62442366123676,138.32850570676618,146.70019441360404,1619100
2024-07-26,152.0791778564453,153.13542088249196,147.92267299541706,149.98625600569915,1135000
2024-07-29,150.37747192382812,153.27236228810372,148.617081552662,153.27236228810372,836000
2024-07-30,145.93736267089844,151.95206500539038,145.3505558915311,150.778466369772,1167100
2024-07-31,151.27723693847656,154.46553079086837,145.84934155369714,148.93981438177593,1365900
2024-08-01,141.75149536132812,149.63418259255812,138.59255568506825,148.65618139914272,1776800
2024-08-02,136.74412536621094,137.69277273447972,133.03749272096977,135.45315670956705,1976100
2024-08-05,131.443359375,135.46294502821067,125.2232709537495,125.56557735357927,2547800
2024-08-06,136.01063537597656,139.53143077650782,131.10106512553605,132.372469682581,1353700
2024-08-07,134.7587890625,140.62679671016693,133.71233545868594,139.14024551740087,2230500
2024-08-08,136.48007202148438,136.57786318874582,128.70496537627525,129.70251586715867,2472200
2024-08-09,137.88839721679688,139.57056050705356,136.34315350025344,136.54852539926617,1263300
2024-08-12,135.77589416503906,139.65855971620158,134.97392610194584,137.86881591689314,1307800
2024-08-13,139.50210571289062,140.61702660498162,136.55832715368854,136.92995750230844,1757500
2024-08-14,135.57052612304688,140.57790258298542,134.88592824467085,140.3822903979227,1386900
2024-08-15,137.92750549316406,145.42877276776224,136.65610097203762,142.34807501394107,1439000
2024-08-16,134.81747436523438,137.42873583610222,133.2624410813416,136.79302608820103,1468200
2024-08-19,137.2820281982422,137.51675386630802,133.65365198346728,134.91526700692427,1585100
2024-08-20,134.602294921875,138.39692900701726,133.95681062030567,136.43115218654236,1246500
2024-08-21,140.68544006347656,141.50695726496218,136.42135540224314,136.70496910640725,2948900
2024-08-22,127.62915802001953,132.05950231146304,126.16215620369746,129.57538580199457,6183000
2024-08-23,136.44093322753906,136.6267558312358,128.127923564441,129.21350542325246,2482800
2024-08-26,131.93234252929688,137.46783234139798,131.003244468155,136.50939544108095,1927500
2024-08-27,131.37490844726562,132.84191030824036,128.58759894216774,129.37000291931054,2017100
2024-08-28,132.09861755371094,133.4580385044503,130.20129300596406,131.45313323730193,1570700
2024-08-29,129.937255859375,133.85903577685028,129.32111025291258,133.4482770135806,1354800
2024-08-30,131.37490844726562,131.69765064745383,128.2061790552389,131.33578004069543,2084500
2024-09-03,128.2355194091797,131.30644274407,127.17927626606193,130.12306958588817,2147000
2024-09-04,128.86141967773438,129.87854917957762,125.18414091080012,126.85652935944985,2352800
2024-09-05,125.6438217163086,130.15240807339927,124.55823973244595,128.86143926097247,2094200
2024-09-06,127.5606689453125,128.54845955007534,125.6046668582404,126.23060185229063,1717700
2024-09-09,129.4188995361328,132.63651689184158,127.56068831734962,127.88343050150324,2179600
2024-09-10,127.46290588378906,130.9641521819901,126.79785726760994,129.61450566909343,1300600
2024-09-11,131.28688049316406,132.949479472974,127.91276456803074,130.55337962650262,1581900
2024-09-12,132.87123107910156,133.04726411538033,130.55337322942208,131.69763273457193,1502700
2024-09-13,141.33094787597656,142.57301357700982,135.98128012432392,136.4996344889884,2099700
2024-09-16,141.8297576904297,143.96179343628492,140.0889165090805,142.269855306278,1402800
2024-09-17,143.98133850097656,145.19406536671454,142.152481024204,143.86398313184884,1027000
2024-09-18,144.30406188964844,149.40922870521368,142.12312366650542,143.21848009730152,1653000
2024-09-19,146.77841186523438,148.85176949227596,144.9886680006584,148.44101080709487,1188900
2024-09-20,145.53634643554688,146.48500872984982,142.70992375379942,142.8468433157033,2656100
2024-09-23,150.05471801757812,150.49483049919203,143.71727437508443,146.6806168382609,1956200
2024-09-24,149.4190216064453,152.03028301030957,148.36277852345853,151.10118485826345,1006200
2024-09-25,145.62435913085938,149.64394428494592,144.94955090120297,149.64394428494592,1401000
2024-09-26,147.9226837158203,151.47283290039655,144.74417976820763,149.3701213350304,1316600
2024-09-27,150.95448303222656,153.0082764873788,148.24541567614256,149.4483529086684,1055900
2024-09-30,151.51193237304688,152.4116916165537,149.6146078043663,150.18185024718616,1455600
2024-10-01,147.71730041503906,152.26501512541356,144.7832967011644,150.62196528562416,1790700
2024-10-02,149.16473388671875,149.9080093600464,146.3383112679546,146.36765010748644,886500
2024-10-03,148.79310607910156,149.5363816393016,147.1011681348608,148.27476662263985,935100
2024-10-04,148.15740966796875,151.70754393633925,145.65371401817652,150.983832586883,1180100
2024-10-07,146.32855224609375,147.38479545902518,144.4018884581238,146.88602015977247,1308400
2024-10-08,146.24049377441406,148.48989914268518,145.1940404255172,146.08401002704827,1048200
2024-10-09,141.51675415039062,146.61214637428924,140.90062361396696,146.61214637428924,1076300
2024-10-10,138.6219024658203,140.0889043399578,137.51675627857335,138.99353279288377,1486900
2024-10-11,141.1744842529297,142.3969857967787,138.30893287412803,138.30893287412803,1395300
2024-10-14,142.905517578125,144.32363112770605,140.294256402269,140.94951535593063,972800
2024-10-15,144.8615264892578,148.2747558969124,142.49476548189165,143.21849170984197,1638700
2024-10-16,147.60971069335938,148.80287332486085,144.71483556222842,145.87865935222686,975400
2024-10-17,139.25758361816406,147.33586777190993,139.22824477741483,147.33586777190993,1420800
2024-10-18,141.42767333984375,141.4767729394406,138.73717410273423,140.51448371633774,1005900
2024-10-21,137.2348175048828,142.18376341265883,137.07771976450272,141.61424102738573,1615900
2024-10-22,137.37228393554688,137.67669544827848,132.5411801834851,135.62444613438566,1984100
2024-10-23,135.8699188232422,139.28705278943153,134.99599998901908,137.36245957917228,1636400
2024-10-24,135.03529357910156,136.84204487311158,134.29884457504488,136.783131350082,825000
2024-10-25,132.32513427734375,136.70455703889922,132.03056670087994,136.70455703889922,1617300
2024-10-28,130.1060028076172,135.63428530641042,129.8310630191996,134.13193039716626,1776400
2024-10-29,130.07652282714844,131.1959246182263,125.7560283662039,127.3663961179842,2328500
2024-10-30,130.03724670410156,132.50190559690517,126.74778351581388,127.65115915184035,1636700
2024-10-31,131.70652770996094,132.55098972512906,128.34832248213178,129.07494248333109,1621500
2024-11-01,129.81141662597656,133.78824450513335,129.47756331819997,132.12877690993972,1563000
2024-11-04,132.76702880859375,136.7340273913363,129.68376300929057,129.81140397741848,1378500
2024-11-05,132.3938751220703,132.72772836014306,129.77211884116159,130.43001139257242,1411600
2024-11-06,127.1307373046875,127.7984438731496,123.0655394218995,127.48423342419487,4627600
2024-11-07,131.49050903320312,132.25641474398046,125.94258460969438,126.39427989242853,2490300
2024-11-08,127.45475769042969,132.3055034481821,127.10126162354231,131.7948946886579,1665300
2024-11-11,127.49404907226562,129.06514628753885,126.99326913915536,128.38761080074093,2289600
2024-11-12,126.79689025878906,130.85225943191406,126.0997119115651,128.77056828300454,1780500
2024-11-13,127.16999053955078,129.7132054589962,126.05058881191783,127.6511425476818,2022500
2024-11-14,128.45632934570312,129.1534925553039,126.48263677587092,127.70023764043589,1864900
2024-11-15,128.28939819335938,129.21241658709803,127.02271262058719,128.40724021119516,1885100
2024-11-18,131.4708709716797,132.9339550020917,128.09302259481765,129.8997738251555,2762100
2024-11-19,134.76034545898438,135.86010444225022,130.4005652280484,130.4005652280484,4079900
2024-11-20,171.8773651123047,178.14209586368736,163.98263868094458,168.9119413563204,8432900
2024-11-21,169.37344360351562,173.31098523969408,166.33926255976132,172.87893279420973,3253100
2024-11-22,168.8726348876953,173.16368724849937,166.9186001009281,173.16368724849937,2481600
2024-11-25,174.63661193847656,178.0831878595351,170.88562451206374,171.83809974932174,3840200
2024-11-26,170.85614013671875,173.8903059259635,169.91347897788722,172.5352501754499,1750600
2024-11-27,168.29331970214844,170.85616274261133,168.04783670970215,169.56000535061042,2038600
2024-11-29,168.9119415283203,172.2799609906177,167.6452408975858,167.6452408975858,859500
2024-12-02,174.17507934570312,175.91308796229436,169.57963041739336,169.57963041739336,1523300
2024-12-03,178.70181274414062,179.26150620129528,174.18491948341025,176.27643946925235,2130400
2024-12-04,183.61148071289062,183.9944336157563,178.17156872715427,178.37778105166382,2257200
2024-12-05,179.62481689453125,183.48381751720336,178.28940373357068,181.20572804313136,1428100
2024-12-06,185.4083709716797,186.64559965446745,182.0501510069452,183.24810901001652,1561500
2024-12-09,186.7241973876953,189.34595409531926,185.17274299090744,185.65389507685921,2252700
2024-12-10,183.37579345703125,186.09574918041486,182.4626039264791,183.72928956181428,1720600
2024-12-11,187.1267852783203,188.85498017528224,183.8274932145981,186.19393790756658,1903200
2024-12-12,187.92214965820312,188.59968513082404,183.42489933125637,186.14485514775876,1173800
2024-12-13,192.09535217285156,195.10987546813973,188.06942518461955,190.91702184637901,2394900
2024-12-16,190.52426147460938,193.52897094548007,189.39504568732684,190.18057928730096,1870600
2024-12-17,194.62875366210938,195.81688302423396,188.50149241978244,190.13150318052715,3328500
2024-12-18,182.7080841064453,193.4405930680309,182.1385617806597,193.4405930680309,2220500
2024-12-19,176.34515380859375,183.0517507681717,175.42213538612904,181.65740920897125,3512100
2024-12-20,180.3612518310547,182.74735424021645,173.81176757892231,174.48930301588297,6985100
2024-12-23,183.1499481201172,183.86675423508694,178.9178238912265,180.40053571437593,1461400
2024-12-24,184.3380889892578,185.0254383882561,182.43313852411026,183.17941642853114,586900
2024-12-26,184.23989868164062,185.3003869977486,182.68844438491377,183.0321115814914,1227200
2024-12-27,182.68844604492188,185.5556855998185,181.80469828192201,183.9158610076221,772200
2024-12-30,183.14012145996094,185.4280246871826,179.73281641603478,180.82276147307013,2909100
2024-12-31,181.83416748046875,184.93707631436698,180.11578641514518,182.80628559133703,996100
2025-01-02,184.16136169433594,185.7619007709733,181.37267822708733,183.57219646239588,1354600
2025-01-03,189.21827697753906,189.21827697753906,184.711213084735,185.42801918724368,1010400
2025-01-06,196.70062255859375,196.93627664597176,191.15269784977875,191.91860359994337,1678200
2025-01-07,191.84005737304688,196.49442062474128,189.08083074494874,196.49442062474128,1716200
2025-01-08,191.0741424560547,191.2803547666429,187.7453936072245,190.49480617753957,1572200
2025-01-10,193.41114807128906,194.95277352671732,188.55058764698282,189.5128768158594,1490900
2025-01-13,191.73202514648438,192.72378599473242,187.78466953682855,191.5258278296849,1037400
2025-01-14,189.1201171875,194.21633189712284,186.48853152505222,193.3129562169076,1348000
2025-01-15,194.94296264648438,196.79881356414697,193.20493877658018,194.4912823080148,1489300
2025-01-16,195.53211975097656,197.221043953315,193.3915002457878,195.18843756512786,1006900
2025-01-17,199.73699951171875,201.55877941170422,196.98953646215017,198.69316610476739,1452300
2025-01-21,206.62042236328125,207.69379714093714,202.77988518496494,202.77988518496494,1851400
2025-01-22,208.87547302246094,209.6731186908003,206.6794831535841,207.48697091959437,1452100
2025-01-23,208.51112365722656,209.38755120032414,206.4135998072758,207.84148535149947,1085000
2025-01-24,210.3427734375,211.15026126667,207.68393430026316,208.81640671733555,1177100
2025-01-27,208.41265869140625,209.70267983510848,204.79862505887783,206.3840744477733,1348500
2025-01-28,211.42599487304688,211.72142311983038,207.97936705481706,209.9685678886476,990300
2025-01-29,213.39549255371094,214.3211606977372,211.16996118432138,212.21379461444306,1488400
2025-01-30,214.22267150878906,216.6254657425762,212.14484682558174,215.11879829740877,1119100
2025-01-31,208.14675903320312,213.33639963851098,207.13246697344348,213.33639963851098,1486600
2025-02-03,201.36183166503906,203.02606285747996,196.43807785360644,201.59817725738532,1620200
2025-02-04,205.01527404785156,206.04926540614358,201.24367663304082,201.56864620428144,1106700
2025-02-05,206.2954559326172,207.78242427036747,205.38948697589797,206.79767344444156,900300
2025-02-06,207.78240966796875,209.64358799712582,206.40376461900206,207.69378570612892,875800
2025-02-07,204.0797576904297,208.9838123827515,201.20428720703157,207.38852092255024,1109000
2025-02-10,206.16741943359375,206.52193030775464,203.14422739198503,205.63566063540446,733900
2025-02-11,203.25254821777344,206.97490484021347,202.3071959150511,205.71442508584775,706100
2025-02-12,200.76113891601562,201.55878465240266,197.5902401674885,198.61438940455935,922300
2025-02-13,203.90249633789062,204.08960139231846,200.7119133924209,202.42537015169773,1071600
2025-02-14,211.32752990722656,212.14485985682802,206.32499398761837,206.51209904575782,1126800
2025-02-18,214.39010620117188,214.4984293916923,208.67854847811444,210.8646964859954,1396500
2025-02-19,210.39199829101562,211.88882368502377,203.94189269816388,210.87453158296748,2313300
2025-02-20,206.13787841796875,211.41614309322836,204.06989581128596,210.39199388809064,828100
2025-02-21,192.2036590576172,208.60961142943555,191.33708854825662,208.60961142943555,1703700
2025-02-24,191.70143127441406,195.02989369720268,187.62456367316182,193.55276753695034,1465700
2025-02-25,193.36566162109375,195.69951613550222,190.3917100911091,191.71127251543518,1553000
2025-02-26,195.3056182861328,200.64296555443613,194.9806487351085,195.9653994862959,1322300
2025-02-27,189.34786987304688,198.41743074187593,189.00320110581166,196.93044751728806,1111100
2025-02-28,191.61280822753906,192.02640175125538,187.84121094385623,188.39266897547802,1815900
2025-03-03,184.827880859375,191.41586614418085,183.40983729703592,191.199219765151,1475700
2025-03-04,180.74114990234375,184.70970933358828,173.9168342716743,180.39649614814778,2060000
2025-03-05,184.75892639160156,185.26115887853481,178.73225675723154,181.19413357206943,1292600
2025-03-06,179.6480712890625,187.31928801112687,179.34280096213408,181.6471291264434,1355400
2025-03-07,185.5369110107422,187.07311993054483,176.64461204902602,178.9883088511918,2239400
2025-03-10,182.39553833007812,189.8599509497,180.19954832620377,187.10264579590788,3573400
2025-03-11,172.2526092529297,184.5127537874296,170.51945324305765,181.8440875166954,2382100
2025-03-12,172.23289489746094,181.31229773688975,170.9724151780963,176.9301600386218,1836700
2025-03-13,162.55282592773438,172.203371993777,160.8688954051619,169.30820216352217,1970500
2025-03-14,164.9457550048828,169.3475921763552,163.90192158634204,165.98958842342358,1547300
2025-03-17,172.33139038085938,173.79867448549984,164.69957166399274,165.53661585628453,2080500
2025-03-18,169.65286254882812,173.5623243330568,168.49086384525606,168.54008936319045,2394800
2025-03-19,163.73452758789062,164.61095524094344,146.78695889437017,155.39368670917068,7371000
2025-03-20,162.47402954101562,167.73259487143076,159.6970252495649,162.54295427904609,3047700
2025-03-21,161.15444946289062,162.7694400441029,154.7437276793066,158.68273056285886,31888900
2025-03-24,167.70306396484375,168.4711683854712,162.6414454623503,164.03978979287987,2403100
2025-03-25,166.59027099609375,168.67793763264453,164.34504064422896,167.40761586491953,1902400
2025-03-26,162.83839416503906,167.28947202322684,161.29232818439388,166.71831475161872,1278600
2025-03-27,161.9127197265625,165.3002647779971,160.3371275109423,161.38096092249046,1334000
2025-03-28,156.55567932128906,161.843801380458,155.66940960411912,160.61286286988593,2284200
2025-03-31,155.68911743164062,157.28440902115108,151.39560306844317,153.0893757546838,2071800
2025-04-01,156.44735717773438,158.27899429476096,153.2961575748136,155.11795259308755,1604700
2025-04-02,162.4937286376953,163.80344904141356,154.143045827737,154.24152692092986,2217300
2025-04-03,136.74249267578125,140.98676609503906,132.22249024270417,140.17927827631254,5651700
2025-04-04,139.51947021484375,148.26406112959899,128.08652915619427,129.55379806409863,6801000
2025-04-07,142.8774871826172,150.5880875995546,134.90101487365413,138.39686812467446,5079600
2025-04-08,137.087158203125,150.4797593566049,134.43817628755184,147.22023678579177,4344900
2025-04-09,155.83682250976562,158.43656416101703,131.53317866674485,135.90545983276792,4827400
2025-04-10,145.63479614257812,150.88351974328666,140.91784639188998,150.88351974328666,2882900
2025-04-11,145.9893035888672,147.03313701473567,139.99217492628773,145.6347927059209,1802900
2025-04-14,143.04489135742188,153.3355489188069,142.001057946007,149.6230343107617,1678200
2025-04-15,140.7208709716797,144.75835490813012,140.0709469205022,142.64114688420088,1565100
2025-04-16,135.52139282226562,140.14973334819098,134.17228910893635,138.98771965462763,1714400
2025-04-17,137.74777221679688,138.6778859591516,135.05634135328913,136.75827601987532,1236800
2025-04-21,136.4218292236328,137.4113253725786,133.02786468003498,135.6302443832866,1634000
2025-04-22,140.43917846679688,143.27904262654548,137.95554861625885,137.95554861625885,1870000
2025-04-23,144.3477020263672,154.8660357488299,143.7935866026097,146.88080973412306,1816500
2025-04-24,149.80972290039062,150.09668526171805,143.45715892757897,144.28834723408406,1288300
2025-04-25,149.60194396972656,151.6205097238275,148.04842757342345,150.94765950529882,1391800
2025-04-28,150.93775939941406,152.7386499179603,148.18696088526255,151.71946993386535,1260400
2025-04-29,151.78871154785156,152.24388644471878,149.22592000493037,149.47329405575707,1170100
2025-04-30,152.8474884033203,153.26307502046265,146.65324725470165,148.94887072537094,1631800
2025-05-01,154.1833038330078,157.40905598238086,153.90623100870818,156.33050875710592,1610300
2025-05-02,158.87350463867188,160.39733721481497,155.88522194008416,156.79557171463156,1485400
2025-05-05,156.72630310058594,158.1610695762526,155.4498596411551,156.7164135740139,1219200
2025-05-06,152.78810119628906,155.627950260455,152.46156566126973,154.193183890349,1335300
2025-05-07,155.9841766357422,156.8054602739336,153.07505546151347,154.06455163786265,1434500
2025-05-08,159.20004272460938,160.43691297236055,155.92481272432644,158.35896491673307,1535100
2025-05-09,158.62612915039062,160.2884905730176,157.36946478252236,159.49689061455302,989000
2025-05-12,171.97445678710938,178.17860270123927,170.0251479041891,171.44012033979826,2165200
2025-05-13,172.6077117919922,174.33933006422563,171.16304076152593,174.2304848831733,1779200
2025-05-14,169.8173370361328,174.06228428988044,169.4413387382133,171.26200816570898,1689000
2025-05-15,169.86680603027344,170.77714069666425,166.51241461123556,166.51241461123556,895600
2025-05-16,172.01400756835938,173.21130455651831,168.94657855397892,170.3912344818093,1394000
2025-05-19,172.44940185546875,173.44878761287706,166.8290705131307,167.63056004412832,1533500
2025-05-20,170.7078857421875,175.42777166481596,170.12407151926703,172.04369653031284,2096400
2025-05-21,166.1562042236328,169.6689188406788,165.522927243827,168.50130544441907,2063100
2025-05-22,158.70529174804688,160.92176862729534,145.8418414046599,154.85615221077393,6667400
2025-05-23,156.1919708251953,159.90258132850042,155.56858342911596,156.4690285348944,2125100
2025-05-27,165.07763671875,165.07763671875,157.0330285677192,158.9526534238063,2573300
2025-05-28,162.78201293945312,166.56189563620893,162.46538200957286,165.29534171966054,2083600
2025-05-29,162.78201293945312,164.91932833557118,160.64471264184874,164.0881551588076,1978400
2025-05-30,160.06088256835938,162.6632621244756,159.46719397166615,161.82218440602,2532700
2025-06-02,156.55809020996094,159.57605664425316,152.57042172577795,159.20004325615693,2714100
2025-06-03,159.8432159423828,160.7733448236062,156.577890429682,156.6867356200063,1369100
2025-06-04,158.28970336914062,160.7238554898105,158.21054186379587,159.47709575228544,1524200
2025-06-05,156.32061767578125,159.14068810577209,154.72752806522956,157.9236119121565,1849400
2025-06-06,156.1425018310547,158.82402805129112,155.5092248732762,157.82464233466817,1291900
2025-06-09,155.09364318847656,157.5574791168847,155.07384903646323,157.5574791168847,1629300
2025-06-10,156.43934631347656,157.35957047956725,154.757190790859,157.35957047956725,1230700
2025-06-11,153.94580078125,160.8524791401599,153.8072719350316,158.61622345163065,1393100
2025-06-12,153.1839141845703,154.30204979419966,151.38303883566488,153.89635270239427,1157900
2025-06-13,152.34283447265625,159.50677696266197,150.6013115790312,152.20430561507362,2159000
2025-06-16,156.4888153076172,156.69661614940054,153.6687602450749,154.51972756642573,1672800
2025-06-17,155.28163146972656,159.43752758990288,154.43067923202025,155.30142562131692,1659800
2025-06-18,158.75477600097656,161.2878839091868,154.20308734818283,155.79617686680922,1984200
2025-06-20,157.17156982421875,160.9514524843158,156.7955715422896,159.27920152204845,3326700
2025-06-23,156.23155212402344,156.90441738138776,152.49125775072963,155.40037895185006,1528500
2025-06-24,156.2216796875,157.89393083968628,154.26246615496004,157.5179174165395,1150100
2025-06-25,157.23094177246094,157.4486321466014,155.05405312957024,156.9044213097642,1409900
2025-06-26,160.22909545898438,160.55563098224331,156.74608007458016,157.80483304528744,1221500
2025-06-27,162.4950714111328,163.67257433561429,160.26870490305026,160.95145971462452,2786500
2025-06-30,161.65399169921875,163.63298412782552,159.93227794937985,163.00961177980392,1697300
2025-07-01,167.41287231445312,170.8266313442241,160.69418434742195,161.6539969141407,1425900
2025-07-02,171.36093139648438,172.44938317158724,167.44253520313933,167.8581217631297,1608800
2025-07-03,171.370849609375,172.12286128729502,170.14386888365033,170.78705047394314,746300
2025-07-07,167.4326629638672,170.94536248565774,166.3738947552722,170.67820937569712,1025200
2025-07-08,167.4326629638672,169.02575249089764,163.45488390968612,167.8482495667646,1293000
2025-07-09,171.90518188476562,172.24162208972493,166.67075328644788,168.96637676993873,921400
2025-07-10,174.64608764648438,176.29854456763505,171.96454617298517,172.31087589894207,1202300
2025-07-11,172.98373413085938,174.53723532440512,172.56813243728521,172.56813243728521,837600
2025-07-14,168.66954040527344,173.83469703110853,168.20447595165658,172.06350535558934,1006300
2025-07-15,161.9013671875,170.39124659327862,161.81231615106694,169.20385414529517,1537300
2025-07-16,163.27676391601562,163.8011956985974,160.0609012386487,162.80180996355764,1084800
2025-07-17,168.41224670410156,169.52049269195243,163.84077918707138,163.84077918707138,1346000
2025-07-18,169.25660705566406,169.99169021444195,168.2334595747101,169.99169021444195,1082300
2025-07-21,171.05455017089844,173.57766298612364,169.09765308253915,170.5876753229778,966900
2025-07-22,177.4219207763672,178.13713268556572,172.04790343210547,172.75318731603113,1054000
2025-07-23,182.4283905029297,184.0475529160306,180.004633631892,181.87211793720658,1379500
2025-07-24,179.33908081054688,182.73634505835008,178.06759630265776,180.7893758796687,1051600
2025-07-25,180.50131225585938,181.27612265715308,179.01128992148054,180.6900356860896,818200
2025-07-28,186.97793579101562,187.65342047896894,180.11391094205973,181.6635317780879,1232400
2025-07-29,185.86538696289062,187.305738857503,183.03433845907682,187.305738857503,1173300
2025-07-30,189.26263427734375,191.10033453884492,185.47798000164101,187.03752881810823,1949000
2025-07-31,185.80580139160156,190.05733087659323,184.80250991417043,188.62690690831715,1328400
2025-08-01,186.42166137695312,188.18982002203794,180.30263261379002,182.97474179015165,1407300
2025-08-04,199.18618774414062,199.7623315260619,190.44472044577205,190.44472044577205,1712900
2025-08-05,202.42449951171875,203.22910914655162,197.65642501359724,200.31860613094221,1225700
2025-08-06,199.41465759277344,203.98406552332008,199.1464493260667,201.47089570870676,1187800
2025-08-07,198.27230834960938,204.99726480349887,196.25581270025884,203.17943576426,1261400
2025-08-08,198.093505859375,199.82193726806165,196.46441533843603,199.70272517130613,1075600
2025-08-11,198.66964721679688,199.66299545288086,195.9180683588027,198.818643389293,1061700
2025-08-12,205.59329223632812,205.97076942849372,200.32854338457773,200.87488796342487,1394400
2025-08-13,208.80178833007812,209.18919352126986,204.93766444352306,206.31841783339001,2179700
2025-08-14,204.07347106933594,205.46415258479655,201.58015721029275,203.69599387630015,1340400
2025-08-15,201.87815856933594,205.10654034930678,201.41128368395684,205.10654034930678,1036500
2025-08-18,200.30865478515625,201.70927935916075,198.51069700137148,201.07353712913812,1179900
2025-08-19,201.3417510986328,204.63965927385433,200.14973627815868,201.2523533974877,1410300
2025-08-20,197.9445037841797,200.72588182799493,196.613405651582,199.16631784913793,1212300
2025-08-21,195.89820861816406,196.70281824907303,193.01748969339565,195.78893970796094,1093100
2025-08-22,202.06689453125,203.15958364394098,196.29554375715284,196.93128601618457,1771000
2025-08-25,196.64321899414062,199.33518416437542,192.61021251560678,194.79559071092245,1647000
2025-08-26,196.61341857910156,199.08686126291786,192.5903701546843,197.41804342127693,2974300
2025-08-27,190.8917236328125,203.63638298171367,190.06724279991408,202.65296279751877,2773400
2025-08-28,186.80906677246094,193.2161598609894,185.0905785688161,192.21288359960081,1694700
2025-08-29,186.93820190429688,187.46467524256084,184.77269492656802,186.1931907474376,1613100
2025-09-02,190.68312072753906,190.68312072753906,184.76275898546385,186.20311079555918,1288600
2025-09-03,190.85198974609375,192.8486141215646,189.4116227662624,189.4314939738071,920700
2025-09-04,201.56028747558594,201.90795025220478,191.12018816309367,191.12018816309367,1333600
2025-09-05,201.07354736328125,205.02706908379352,198.61997601691706,202.99071733341154,1122300
2025-09-08,201.907958984375,203.00064811766987,200.44773585046792,201.1331485652355,1193800
2025-09-09,201.2920684814453,201.70927288551195,198.69942920401775,200.83512166330192,687200
2025-09-10,201.32188415527344,202.56356944400727,199.6629944284,200.73581233674093,796200
2025-09-11,202.16622924804688,203.80524770977985,201.6099566830294,202.1860852987328,850700
2025-09-12,195.63992309570312,201.8781485197209,194.47770753164434,199.5636454168842,741300
2025-09-15,199.73252868652344,200.05039222688148,194.79558694868635,195.7789919602943,893800
2025-09-16,194.755859375,200.04047944646496,192.33208717123287,199.6630022535627,958600
2025-09-17,195.30218505859375,201.74902016322923,194.6465716261311,196.08692344669402,918600
2025-09-18,198.29217529296875,198.7093797443081,194.64658898878034,195.6002099899071,978500
2025-09-19,196.93128967285156,198.91798616387655,193.84197602301606,198.66964910249843,2629100
2025-09-22,195.35186767578125,196.53395450146274,193.78237564445797,196.26574623377496,888400
2025-09-23,199.047119140625,200.64641036477954,195.98760483540366,197.27896053967038,1557100
2025-09-24,199.0570526123047,199.94113193697044,196.69287895783827,196.81209105323998,1117100
2025-09-25,199.7722625732422,200.96427741439268,194.93466155723826,196.62335051197573,1216500
2025-09-26,200.0106658935547,201.10333981787267,194.69624696699844,195.75913681522593,880800
2025-09-29,190.70298767089844,196.19620213333138,190.1069878312749,195.6598007619411,1542800
2025-09-30,194.14990234375,195.92800410694977,190.7228540907647,190.7228540907647,1118800
2025-10-01,194.0009002685547,196.03726704469292,191.53740105561693,194.9346499717696,849700
2025-10-02,194.83531188964844,194.8651111225372,191.68639997031522,194.1002287780479,823700
2025-10-03,198.1034393310547,202.35498389540942,195.16313692330797,195.19293615899318,987800
2025-10-06,194.84524536132812,197.77563470715322,194.20950311311293,197.67629382322022,969500
2025-10-07,187.8024139404297,194.78565078481319,187.5838761172443,194.5671129616278,1512600
2025-10-08,189.83877563476562,190.196381594049,187.0673408182876,188.6169615894186,982400
2025-10-09,188.03086853027344,189.91823914865313,186.19318350916845,189.67983013110165,1271300
2025-10-10,180.24302673339844,190.99106146580476,179.9251631931738,189.6003649001116,1936600
2025-10-13,188.7361602783203,189.29243285186882,182.80587024014983,183.65022228325864,882400
2025-10-14,190.22618103027344,191.44799507692258,183.8786866141972,186.42165559079308,968600
2025-10-15,188.79576110839844,192.50094574144944,188.74609066571915,191.33873013775113,597000
2025-10-16,186.25279235839844,190.31558296462646,184.52436098868773,190.31558296462646,901500
2025-10-17,184.77745056152344,188.05710404541645,184.13946256416278,186.09329415134007,752900
2025-10-20,189.2333984375,190.23025560766382,185.59486063990204,185.59486063990204,911500
2025-10-21,190.3100128173828,190.84830901576916,186.71135769586957,188.14683450601157,848000
2025-10-22,187.39918518066406,190.7187213876698,186.31259930329583,190.55922058960047,809200
2025-10-23,187.43905639648438,188.0172353925324,184.5481766270779,186.7711639038514,684600
2025-10-24,188.49571228027344,191.30685670625536,188.40599878859302,189.61220261646102,560200
2025-10-27,192.25387573242188,194.31736217883255,190.59908916827928,190.76855306304086,720800
2025-10-28,199.00259399414062,203.1395450048118,194.1279632303882,196.47056836250545,1126600
2025-10-29,194.8756103515625,202.9900269700354,193.79900280082535,197.2680614348675,1302500
2025-10-30,197.65684509277344,200.57764460865698,190.8582868745487,193.68935768188373,1340300
2025-10-31,193.72921752929688,198.41444315619225,193.11117095531276,196.7596718247993,1022100
2025-11-03,192.01461791992188,193.23078485063243,188.66517731270534,192.94170297207532,930700
2025-11-04,193.3803253173828,194.16783577846323,188.81471771408403,189.53245608382383,912200
2025-11-05,198.33470153808594,201.1159262416728,192.4532353368608,192.4532353368608,909300
2025-11-06,191.26698303222656,199.26178190717457,190.61903194694094,197.45747283781498,1041900
2025-11-07,196.3310089111328,197.47740373829907,191.34672325606047,191.446415053495,752100
2025-11-10,194.03823852539062,198.85306039417873,188.8346429758101,196.52041830942414,782300
2025-11-11,190.88818359375,194.1778000625523,190.3598505142959,194.0183144767264,664200
2025-11-12,191.28692626953125,193.79901065641118,190.66887967697227,192.24391586814434,910400
2025-11-13,185.8839569091797,193.8787556373091,185.62477952199174,190.65889604022485,777500
2025-11-14,181.66725158691406,185.68458466453484,181.15884470801362,183.73073796750154,1476300
2025-11-17,180.75015258789062,183.64103234809394,179.16513809910077,180.49095998413662,1403600
2025-11-18,180.1819305419922,181.5575982816466,175.58641845472852,177.14151318085973,1853800
2025-11-19,174.07119750976562,187.7281531704041,169.59531846521352,179.43429405510153,3348500
2025-11-20,172.00770568847656,180.02243054758674,171.90801388832398,175.6163237336709,2014400
2025-11-21,177.37078857421875,181.55760084785223,172.4164224439745,172.94475552606795,2077400
2025-11-24,173.18399047851562,177.90909890183963,172.60581149931144,177.64992151564456,2518300
2025-11-25,179.01560974121094,181.09903754480553,174.0811698655484,174.97833522082047,1414200
2025-11-26,180.55076599121094,183.44166091436597,179.0156126402366,179.0156126402366,968900
2025-11-28,179.4442596435547,181.1289507504278,177.73964234442107,179.75329815359785,431500
2025-12-01,181.8666229248047,184.1394560354958,175.9652303557441,177.07174241312003,1187200
2025-12-02,177.50038146972656,182.98309578775996,175.8455949522293,182.0360845386299,1349900
2025-12-03,177.77951049804688,180.64050102312643,177.59010519514084,178.43743990472026,1233000
2025-12-04,176.10479736328125,179.01561857455442,174.66932055534733,177.63995076514547,1131800
2025-12-05,178.79629516601562,181.02926060962827,176.2742478479208,176.61317562099168,1006000
2025-12-08,178.88601684570312,181.40806427924778,177.94896866833872,179.07542214251083,1080300
2025-12-09,179.91278076171875,181.80681854258182,177.92904469550362,177.92904469550362,1183300
2025-12-10,186.51197814941406,188.40600064297323,179.88286900029118,180.2616795833362,1494100
2025-12-11,188.68511962890625,190.37977373719303,186.09328496152676,188.65521513135312,1203700
2025-12-12,187.00042724609375,191.20716559385247,182.60428360799764,189.3729521068122,1551000
2025-12-15,184.8472137451172,190.1305596743327,184.67774985517218,188.15678677933633,1244300
2025-12-16,184.92697143554688,186.55185351915108,183.3718766562898,185.8739979326374,1388800
2025-12-17,185.10641479492188,187.33936517463675,183.3320102063983,186.1630809868703,1090700
2025-12-18,188.76487731933594,196.22136481039524,188.29635322512385,188.5455675215842,1532900
2025-12-19,190.2801055908203,191.56604467515498,186.65154602200613,188.72501080573332,3556200
2025-12-22,190.4894256591797,190.62898504919409,187.5287587609585,190.1903654774824,955800
2025-12-23,187.518798828125,191.3866094320883,185.84407090887473,190.42961987668343,1005900
2025-12-24,188.87452697753906,189.53245635253887,186.8110253589032,186.8110253589032,370000
2025-12-26,187.99728393554688,188.68511779424668,186.02351106206737,188.1069388291198,498900
2025-12-29,186.55184936523438,188.1268855122101,185.4951832034131,186.41228997048125,703200
2025-12-30,180.8298797607422,186.31259405042198,180.71026177097934,186.11322566387292,711300
2025-12-31,178.02871704101562,181.37815771621544,177.9589449492579,180.33145465318427,867100
2026-01-02,187.25962829589844,188.39604487842163,180.86977008913055,182.1058632636586,1687700
2026-01-05,191.15731811523438,195.38399782990348,184.9469024432456,186.93065361139796,1278600
2026-01-06,196.380859375,197.14844364275788,188.6651795256864,189.66203667987423,1422900
2026-01-07,191.23707580566406,199.02252786814333,190.94799391918593,196.92913693804323,881300
2026-01-08,197.1883087158203,200.31843953152935,188.1567854480473,189.2932019808631,1106700
2026-01-09,198.41444396972656,201.64426666903125,192.88189885756097,199.38139663927922,1118800
2026-01-12,205.61175537109375,205.96066146656085,194.33730315933354,196.48055521136945,1089900
2026-01-13,207.42604064941406,211.53308730037952,206.13012329317903,206.329491683946,1178500
2026-01-14,206.0005340576172,208.24346275502532,203.27911816379543,204.5152265662672,1086300
2026-01-15,209.3400115966797,210.26708148969337,203.9470105044699,205.3924503995183,1283000
2026-01-16,211.50999450683594,212.10000610351562,208.3300018310547,209.9600067138672,1031100
2026-01-20,205.88999938964844,211.5500030517578,205.24000549316406,208.10000610351562,1004100
2026-01-21,215.5399932861328,217.16000366210938,205.7100067138672,207.0,1062700
2026-01-22,210.0,219.5399932861328,209.52000427246094,216.47999572753906,1163400
2026-01-23,204.5,208.6999969482422,202.22000122070312,208.1300048828125,950600
2026-01-26,204.6699981689453,205.5399932861328,201.27999877929688,204.25,633200
2026-01-27,208.25,210.3000030517578,205.99000549316406,207.8699951171875,795600
2026-01-28,205.72000122070312,210.61000061035156,202.77000427246094,208.99000549316406,646200
2026-01-29,205.66000366210938,209.8300018310547,204.11000061035156,207.24000549316406,719900
2026-01-30,204.64999389648438,208.75999450683594,201.52999877929688,205.2100067138672,1050200
2026-02-02,214.02999877929688,214.3800048828125,203.6199951171875,204.69000244140625,1304600
2026-02-03,216.02999877929688,220.92999267578125,212.8000030517578,214.0500030517578,1048100
2026-02-04,215.8300018310547,221.80999755859375,212.57000732421875,218.27999877929688,968000
2026-02-05,212.49000549316406,215.7899932861328,209.0,215.33999633789062,963600
2026-02-06,220.6699981689453,221.19000244140625,213.4600067138672,214.2899932861328,794000
2026-02-09,217.57000732421875,221.67999267578125,217.52999877929688,218.6999969482422,884700
2026-02-10,216.77999877929688,220.50999450683594,215.5,217.47999572753906,788400
2026-02-11,213.16000366210938,221.0,213.14999389648438,218.22000122070312,1321500
2026-02-12,206.7899932861328,219.17999267578125,206.67999267578125,214.60000610351562,1076100
2026-02-13,214.57000732421875,214.5800018310547,204.4199981689453,211.13999938964844,1258300
2026-02-17,211.82000732421875,216.2899932861328,206.77999877929688,216.14999389648438,1038300
2026-02-18,213.9600067138672,216.61000061035156,210.22999572753906,211.0,769000
2026-02-19,210.82000732421875,211.75999450683594,203.7100067138672,209.39999389648438,900400
2026-02-20,214.86000061035156,222.0,210.16000366210938,210.16000366210938,1206000
2026-02-23,201.8800048828125,211.77999877929688,201.7899932861328,211.77999877929688,1085200
2026-02-24,208.97000122070312,209.92999267578125,201.35000610351562,202.77999877929688,680300
2026-02-25,209.22000122070312,209.6999969482422,203.55999755859375,209.4199981689453,736600
2026-02-26,211.3800048828125,214.24000549316406,209.5800018310547,211.0,704800
2026-02-27,205.64999389648438,208.55999755859375,202.67999267578125,207.3000030517578,1337500
2026-03-02,201.33999633789062,203.9499969482422,196.69000244140625,201.02999877929688,936600
2026-03-03,199.5800018310547,199.77999877929688,191.00999450683594,195.30999755859375,1026100
2026-03-04,196.33999633789062,203.05999755859375,196.1199951171875,201.6999969482422,817200
2026-03-05,193.58999633789062,197.5399932861328,187.25999450683594,193.8300018310547,1637800
2026-03-06,186.52000427246094,189.16000366210938,183.19000244140625,188.75,1193200
2026-03-09,188.3000030517578,189.24000549316406,176.60000610351562,181.9199981689453,1521400
2026-03-10,188.38999938964844,193.5800018310547,185.97999572753906,187.19000244140625,955400
2026-03-11,185.77000427246094,187.66000366210938,182.5,187.42999267578125,1415100
2026-03-12,179.3000030517578,185.00999450683594,175.35000610351562,182.58999633789062,1634700
2026-03-13,179.99000549316406,183.30999755859375,175.77000427246094,181.3699951171875,1066000
2026-03-16,182.36000061035156,186.00999450683594,180.8699951171875,181.14999389648438,1513000
2026-03-17,182.1699981689453,188.3699951171875,180.0399932861328,184.8699951171875,2181300
2026-03-18,184.10000610351562,194.80999755859375,181.0,185.99000549316406,3114700
2026-03-19,182.5800018310547,184.38999938964844,175.5,180.19000244140625,1497600
2026-03-20,178.4199981689453,182.32000732421875,177.3699951171875,182.0800018310547,3121300
2026-03-23,183.72000122070312,186.1300048828125,181.92999267578125,181.94000244140625,1597600
2026-03-24,181.08999633789062,185.42999267578125,179.1199951171875,181.33999633789062,1158000
2026-03-25,181.92999267578125,185.2899932861328,176.3000030517578,182.57000732421875,946900
2026-03-26,180.55999755859375,183.6199951171875,178.5399932861328,179.67999267578125,1428200
2026-03-27,175.2899932861328,179.08999633789062,174.50999450683594,177.89999389648438,1916200
2026-03-30,176.83999633789062,180.41000366210938,175.24000549316406,178.0,1596500
2026-03-31,182.3300018310547,185.19000244140625,178.22000122070312,180.80999755859375,966900
2026-04-01,180.3699951171875,182.75999450683594,177.7899932861328,179.9499969482422,1113500
2026-04-02,180.1699981689453,184.05999755859375,176.4499969482422,176.55999755859375,999300
2026-04-06,182.6199951171875,182.8300018310547,176.4499969482422,180.1699981689453,861400
2026-04-07,179.92999267578125,182.66000366210938,177.50999450683594,181.58999633789062,1171000
2026-04-08,187.52999877929688,194.7899932861328,186.4499969482422,187.2899932861328,1360300
2026-04-09,191.30999755859375,192.60000610351562,184.8800048828125,186.42999267578125,974100
