Price,Close,High,Low,Open,Volume
Ticker,XOM,XOM,XOM,XOM,XOM
Date,,,,,
2021-04-12,45.82559585571289,46.89073208289227,45.66871657137584,46.86595934871212,20238800
2021-04-13,45.99899673461914,46.221932480070954,45.487071957883984,45.66046537665399,19370600
2021-04-14,47.328338623046875,47.898061038053605,46.44485453105777,46.576964213511935,28051100
2021-04-15,47.047603607177734,47.41090443454546,46.88246572210398,47.41090443454546,23250300
2021-04-16,46.783390045166016,47.6255905285814,46.60173803411263,47.361371139636596,22752000
2021-04-19,46.634765625,47.1797185011696,46.20540833623856,46.85770132203441,21123300
2021-04-20,45.652198791503906,46.62650893102122,45.23109699150834,46.62650893102122,21782100
2021-04-21,46.23843765258789,46.34577776478103,44.834770165328464,44.99990807260785,16625600
2021-04-22,45.635684967041016,46.230180147279015,45.42926337942987,46.230180147279015,21600100
2021-04-23,45.883392333984375,46.188895415648155,45.56137514658964,45.63568704750716,15337900
2021-04-26,45.97421646118164,46.47788564128308,45.77605035025485,45.800823082710366,16083800
2021-04-27,46.57696533203125,46.75861733092173,46.081554798366945,46.246689543092806,19278600
2021-04-28,47.98063659667969,48.26962557310048,46.89073081454472,46.989812299354185,24729800
2021-04-29,48.665958404541016,49.11182984508698,48.013668500494724,48.64944429751222,27318400
2021-04-30,47.26228713989258,48.62466770102678,47.19623072130155,48.1622853698632,30518400
2021-05-03,48.566871643066406,48.707239962710624,47.67513200846364,47.873294971822695,20509600
2021-05-04,48.87238693237305,49.12835090291805,48.31091981293159,48.71550761801958,23522200
2021-05-05,50.34210205078125,50.408155326534796,49.04577462296256,49.35127771652816,31526200
2021-05-06,50.82099533081055,50.89530722993543,49.5659516732255,50.25127287068209,26836800
2021-05-07,51.54759979248047,51.58062800287382,50.243013829634634,50.42466583705456,33610600
2021-05-10,51.67144775390625,52.86043168675484,51.63016092103886,52.216400560478675,31956600
2021-05-11,50.0283317565918,51.51456642842701,49.8631938708894,50.88704624244972,34563800
2021-05-12,50.296409606933594,51.670261702188085,50.05347148882346,50.27127598378587,34426500
2021-05-13,49.676490783691406,50.6398641553027,49.21574824773197,49.42517696367977,24268200
2021-05-14,50.90793228149414,51.00008142713373,50.204251673261965,50.204251673261965,20735400
2021-05-17,52.097496032714844,52.14776008442755,50.6231190010633,50.715268164722,25282500
2021-05-18,50.623111724853516,52.18963769500234,50.59798130042383,51.938323863819285,25170800
2021-05-19,49.40842819213867,50.14561825521829,48.93930666188274,49.50895309304031,28889800
2021-05-20,49.2911376953125,49.55083042707656,48.788510106458226,49.38328683224905,20692500
2021-05-21,49.3581657409668,50.12048945066024,49.29952594724101,49.77702323651049,20792700
2021-05-24,49.93619155883789,50.09535625808482,49.16549209869212,49.49220363235021,18400300
2021-05-25,48.80527114868164,49.877548448212735,48.68799156802095,49.84403908355856,25616100
2021-05-26,49.37492370605469,49.52571267012319,48.50370248609467,48.7969014742116,21698700
2021-05-27,49.05659484863281,50.01158950153901,48.60422795126799,49.61786240246636,33556000
2021-05-28,48.89742660522461,49.257644332607015,48.67962209816119,49.199004534719585,19246800
2021-06-01,50.64823913574219,50.84929210610334,49.8021485421211,49.8021485421211,28474200
2021-06-02,51.05035400390625,51.360310873303874,50.40531303183808,50.89118929480994,22978300
2021-06-03,51.25141143798828,51.44408553264182,50.556106352576755,50.72365001616275,20272800
2021-06-04,51.47758483886719,51.68701357849184,50.916314154946036,51.48596058237543,20427800
2021-06-07,51.14249801635742,51.71214444867815,51.11736758998794,51.37706037977883,15477900
2021-06-08,52.04722595214844,52.340424879435055,50.824159808940436,51.51946468740389,28953400
2021-06-09,52.482845306396484,53.127883035370935,52.09749398301852,52.499596794012454,29133000
2021-06-10,52.56661605834961,53.59700512111746,52.147758559876706,53.287051467023666,27488700
2021-06-11,52.08073806762695,52.935207719134596,52.055607641168464,52.78441876912566,17631700
2021-06-14,51.996971130371094,52.59174802870243,51.57811361960888,52.18964520184621,16997200
2021-06-15,53.89020538330078,53.94884517536472,52.23152693580124,52.340430776332404,30717100
2021-06-16,53.697532653808594,54.28393701512287,53.24516896199834,53.88183098475712,24803200
2021-06-17,51.92994689941406,53.99910048325935,51.32679116225888,53.4964728327158,28491800
2021-06-18,50.59798812866211,51.56135847747619,50.46395385423453,51.10061585885822,39590700
2021-06-21,52.43258285522461,52.52473201806728,51.01684563196035,51.04197605977956,33145400
2021-06-22,53.43783950805664,53.62213782683356,52.13100298474846,52.650385379194546,25140400
2021-06-23,53.831573486328125,54.20016377996364,53.26192696933622,53.65565408433548,20701600
2021-06-24,54.04936599731445,54.08287536241138,53.454592342803174,53.739415554869176,19568400
2021-06-25,54.166656494140625,54.39283673836042,53.91533943055558,54.124768186456976,18438300
2021-06-28,52.78443145751953,54.08288933194023,52.5666269193888,54.08288933194023,20570000
2021-06-29,52.45771408081055,53.42108763983395,52.43258365260915,52.95196607442294,19579300
2021-06-30,52.843055725097656,52.96871103867608,52.31529446030811,52.52472317856745,17875500
2021-07-01,52.99384689331055,53.965596117797894,52.58336835300662,53.89020483930159,22530300
2021-07-02,52.91845703125,53.04411556428676,52.29017075732465,52.78442275397109,14555300
2021-07-06,51.41056442260742,52.57498766544015,51.01684057805039,52.56661192220653,22110800
2021-07-07,50.60636520385742,51.77916753266956,49.944569558375875,51.25140616514117,21671400
2021-07-08,50.38018035888672,50.85767766053613,49.68487855998443,49.802158150476686,18935900
2021-07-09,51.29328918457031,51.47758750759577,50.463953122213994,50.84930125614984,20086000
2021-07-12,51.24302291870117,51.519470391288046,50.39693220940881,50.614736694417175,21809400
2021-07-13,51.00008010864258,51.5278381544513,50.690123318481085,51.10060499418303,17147300
2021-07-14,49.86918258666992,51.71215658276542,49.726772542988186,51.24303494147373,21573600
2021-07-15,49.38330078125,50.011587042600176,49.23251182287562,49.56759591155154,15851100
2021-07-16,48.017818450927734,49.642984228114095,47.87540844993565,49.575968696949815,27049500
2021-07-19,46.36752700805664,47.07958672206228,45.73924071691425,46.61046514091607,37969100
2021-07-20,46.87852478027344,47.414661802036164,46.0994496718905,46.493176695335066,26756100
2021-07-21,48.38641357421875,48.83878040919876,47.607341619258364,47.632472044880956,20908700
2021-07-22,47.84189987182617,48.36966116928358,47.46492751649945,48.36128223048252,13493800
2021-07-23,47.78326416015625,47.99269290924989,47.305766867873075,47.99269290924989,14088200
2021-07-26,48.989559173583984,49.13197234565095,47.74974170233215,47.88377593718023,18387600
2021-07-27,48.44505310058594,48.595838839182754,47.92566757352987,48.595838839182754,16861400
2021-07-28,48.77177429199219,49.11523735620497,48.26914331309551,48.58747594683379,16855300
2021-07-29,49.366539001464844,49.701626237604096,49.05658538519471,49.4251787884449,18607800
2021-07-30,48.22724914550781,49.32465687428262,48.01782040918179,49.32465687428262,28652800
2021-08-02,48.235633850097656,49.47545173386718,48.08484488626886,48.21050022570666,20873800
2021-08-03,48.7550163269043,48.93093571965144,47.69111783477794,48.22725495303359,18208200
2021-08-04,47.61572265625,48.48694705848536,47.59059222783355,47.908921639872844,20868300
2021-08-05,47.91729736328125,48.336154852128765,47.60734371631022,47.85865757049292,15180200
2021-08-06,48.47018051147461,48.646099858592855,48.193733084035834,48.30263690656885,14888500
2021-08-09,47.91729736328125,48.18536590049334,47.60734371631022,47.85865757049292,17828200
2021-08-10,48.738258361816406,48.8890473156295,48.00106827602228,48.10159318002132,16340200
2021-08-11,48.88066101074219,49.006319518528315,48.35290294754909,48.746626760397,18278600
2021-08-12,48.77011489868164,49.144290490556614,48.36192599808832,48.812637211574355,19225500
2021-08-13,48.276885986328125,48.5320036337964,47.8771996174298,48.49798708240146,20063000
2021-08-16,47.5710563659668,47.69861680961614,47.00129373739258,47.639089467645604,16959500
2021-08-17,47.24790954589844,47.87719952551224,46.77168755927423,47.19688471890399,16243700
2021-08-18,46.252960205078125,47.46052218297093,46.18493032626608,47.12886557526947,21890500
2021-08-19,44.8412971496582,45.67468328774738,44.305547759459,45.47059044462204,30923500
2021-08-20,44.84980010986328,45.18995590849732,44.31405075311828,44.45011372137131,16918300
2021-08-23,46.69515609741211,46.822716554254754,45.87877825681126,45.87877825681126,21632600
2021-08-24,47.07783508300781,47.49452652750275,46.78019509294276,47.018307733794245,17915600
2021-08-25,47.16287612915039,47.426499580462064,46.66114326632975,46.97579155324939,13270300
2021-08-26,46.52507400512695,47.230902871155386,46.45704414415865,46.941768663046886,11842600
2021-08-27,47.42649841308594,47.800670799675345,47.111853377908545,47.111853377908545,15822500
2021-08-30,46.90776062011719,47.911226392415365,46.87374406146358,47.82618823977894,14086100
2021-08-31,46.363502502441406,47.03531484867126,46.31247767123505,46.71216407235863,27104100
2021-09-01,45.725711822509766,46.567600545556814,45.5811430732608,46.33799688945127,21644100
2021-09-02,46.8397216796875,47.31594043266232,46.1509010982814,46.167909374315784,23293300
2021-09-03,46.661136627197266,47.04381472981445,46.43152976562695,46.873735212651596,13840000
2021-09-07,46.38901901245117,47.00130408638925,46.32098913979003,46.49106544344167,14354400
2021-09-08,45.96381759643555,46.924764196098266,45.92980104119148,46.59311089246176,18756700
2021-09-09,45.99782943725586,46.7716881477589,45.32601713802879,45.59814306409599,19110800
2021-09-10,45.904293060302734,46.967286146852906,45.87878226430472,46.93326958952391,15123700
2021-09-13,47.086334228515625,47.56255623212532,46.44853846632263,46.47405250272831,22052300
2021-09-14,46.41452407836914,47.42649216300896,46.269955355422354,47.358459059505314,19940300
2021-09-15,47.97925567626953,48.0727995894189,47.035320515210785,47.086342108566775,23240900
2021-09-16,47.46902084350586,48.013272805762135,47.19689486237772,48.013272805762135,17907200
2021-09-17,46.90776062011719,48.25988800862083,46.85673578213679,47.06083189006081,30000400
2021-09-20,45.657676696777344,46.06586564210403,45.03688913967651,45.73421232677593,27555100
2021-09-21,45.615150451660156,46.3549925959978,45.283497188474215,46.23593791116149,19696800
2021-09-22,46.95027542114258,47.54555216738437,46.235943974451885,46.28696880778597,25690600
2021-09-23,48.5405158996582,48.67657887947796,47.0098033216893,47.12885802353192,23069400
2021-09-24,48.974212646484375,49.169802965293734,48.20035388771814,48.21736216465771,22328600
2021-09-27,50.428382873535156,50.85358003645535,50.02019398641141,50.045704778107606,32972200
2021-09-28,50.955623626708984,51.43184559065835,50.60696210217364,50.938618595850734,37619300
2021-09-29,50.9216194152832,51.18523961262457,50.21579048072996,50.88760285949809,23422800
2021-09-30,50.020198822021484,51.16822997529101,50.01169630529975,51.125710903687924,31289600
2021-10-01,51.81453323364258,51.86555806763044,50.521933301926225,50.521933301926225,24407300
2021-10-04,52.48634338378906,52.78398012606378,51.831539306787484,52.14618432633464,33946700
2021-10-05,52.40130615234375,53.31973373389479,51.89107076970259,53.16666247030295,29641600
2021-10-06,51.440364837646484,51.976111038064786,50.81107147899952,51.42335655833196,25284900
2021-10-07,51.58492660522461,51.942093956934976,51.14272110710563,51.5424075320203,19513600
2021-10-08,52.87752914428711,53.08162200330538,52.08666201659694,52.08666201659694,22186900
2021-10-11,52.35028839111328,53.62588018505271,52.29926355151653,53.60036614325549,22121500
2021-10-12,52.078155517578125,52.70744556943676,51.74649897003412,52.358783988272585,20198600
2021-10-13,51.933589935302734,52.205715905721426,51.20225017330347,51.686974760861595,14991700
2021-10-14,52.724449157714844,52.91153695086964,52.01862029735592,52.47783402019207,18594500
2021-10-15,53.2261848449707,53.63437376170321,53.09862438924304,53.34523954018471,16092600
2021-10-18,53.20067596435547,53.69390303997657,52.95406080454629,53.65138396787088,18282800
2021-10-19,54.00004196166992,54.093585860485575,53.29421308442243,53.464292605542056,18933200
2021-10-20,54.297672271728516,54.31468054622952,53.33672909239688,53.4812945596604,14305200
2021-10-21,53.31122589111328,54.119101252083816,53.022091653839524,53.9745357554456,16564600
2021-10-22,53.6768913269043,53.76193270967012,53.022087277594196,53.379254597216544,14266800
2021-10-25,54.72288131713867,54.782408668854806,54.068080448261206,54.187135151693475,17939800
2021-10-26,55.989959716796875,56.07500434041043,54.73137973844024,54.84192866594645,25585100
2021-10-27,54.53579330444336,55.48823741646538,54.40823608436714,55.41170503081806,21764500
2021-10-28,54.688865661621094,54.82493188949638,54.110600413138215,54.27217419274399,16626400
2021-10-29,54.82493209838867,55.581782651842886,54.705877392541595,55.318162444323626,23966300
2021-11-01,55.81138610839844,56.19406750843037,55.29264496844027,55.33516728666432,19656400
2021-11-02,55.12255859375,55.658304670253095,54.98649887869888,55.30114061925103,16300000
2021-11-03,54.365718841552734,54.807921112169815,54.13611194488764,54.45926275249008,17372800
2021-11-04,54.773902893066406,55.1820885455193,54.28067261569136,55.00350651157191,17720100
2021-11-05,55.292640686035156,55.55626736021571,54.901460043051166,55.318157967790185,18565100
2021-11-08,55.887916564941406,56.449173450584006,55.59877911816066,55.74335108554797,17696000
2021-11-09,56.43217468261719,56.44068044352384,55.539257939261475,55.930438597037956,18781300
2021-11-10,55.320430755615234,56.57869178044628,54.95846331879313,56.294288559543595,20177200
2021-11-11,55.42383575439453,55.87198740238984,55.173906292087096,55.32042120115543,13319300
2021-11-12,55.00154495239258,55.475550244148536,54.794709268348086,55.122199649350854,18158900
2021-11-15,55.475547790527344,55.82027172362546,54.48445004490138,54.94983195721512,18849200
2021-11-16,56.035728454589844,56.33737176413533,55.449688552757095,55.449688552757095,17028700
2021-11-17,55.42383575439453,56.22533141793637,55.31180112998958,55.48416310217993,15497000
2021-11-18,54.820560455322266,55.613436021357785,54.38964896397415,55.29456572588021,16948200
2021-11-19,52.28680419921875,53.45888410313193,52.062731647044345,53.338229399069235,32035500
2021-11-22,53.01073455810547,53.89841453850418,51.98516630828654,51.98516630828654,21994400
2021-11-23,54.40689468383789,54.622350464620844,53.364086206276724,53.59677884403363,21185900
2021-11-24,54.708518981933594,55.027392544225364,53.932880320608184,53.932880320608184,15869700
2021-11-26,52.78666305541992,52.933171399324486,51.31294639424221,52.157532608617636,24979600
2021-11-29,53.079681396484375,54.41550645678859,52.82113514087614,53.924267584854746,18946400
2021-11-30,51.57149124145508,52.734951039359224,51.41636283005533,52.105820609835334,34979800
2021-12-01,51.52839660644531,53.458878234719236,51.493922898327696,52.48502063734975,30630600
2021-12-02,52.81251907348633,53.071068636291095,50.968218146032,51.48531398404727,29216000
2021-12-03,52.47640609741211,53.63124914031992,52.01102085155506,53.36408280564034,22014700
2021-12-06,53.0710563659668,53.570911944125136,52.933161544302706,53.19171104732938,19210500
2021-12-07,53.66571807861328,54.32070210565346,53.51920646050022,53.72604542501459,19800400
2021-12-08,53.82085037231445,54.458597591132865,53.72604931037262,53.95874192943146,18214400
2021-12-09,53.958740234375,54.0966317871603,53.26928247044853,53.4761181558295,16910300
2021-12-10,54.303470611572266,54.59649058912838,53.63124966383523,54.52754645254736,17942400
2021-12-13,53.11415481567383,54.05354205971548,52.87284212918274,53.83808629995909,17793700
2021-12-14,53.036590576171875,53.83808626495205,52.760807466870524,52.795277889837706,22551100
2021-12-15,52.803897857666016,53.002116761612804,51.717998990277906,52.73495043667897,19961900
2021-12-16,52.890071868896484,53.82084220386784,52.82974452728836,52.95039921050461,21187800
2021-12-17,51.735225677490234,52.81250426172978,51.44220577107334,52.528104425039075,44338100
2021-12-20,50.98545455932617,51.06301876997421,49.951266179883795,50.66658093225947,21819300
2021-12-21,52.14029312133789,52.29542152916922,51.468072212464755,51.49392585123866,19798900
2021-12-22,52.562583923339844,52.890074281984525,51.68352410718022,52.00239768274212,14058300
2021-12-23,52.588443756103516,53.29513840552644,52.571206900313435,52.717715243138,13543300
2021-12-27,53.33822250366211,53.38993306483004,52.07134169959423,52.510873250537394,12593700
2021-12-28,53.165863037109375,53.700195697851896,52.915936849929736,53.355465161088595,12781000
2021-12-29,52.70048141479492,53.08829916157806,52.502259217984516,52.98488131494216,12733600
2021-12-30,52.39021682739258,53.08829129828054,52.372979974240664,52.76080095117485,11940300
2021-12-31,52.734954833984375,52.97626753996692,52.312663351804865,52.34713706517298,14072000
2022-01-03,54.760231018066406,54.8119382909933,52.75218196703322,52.77803889109032,24282400
2022-01-04,56.81999588012695,57.04407172179322,55.242858066994124,55.26871170734248,38584000
2022-01-05,57.52668762207031,58.267855958646855,57.29399829555812,57.31123186318615,34033300
2022-01-06,58.8797492980957,59.01764413934072,57.80247050782376,58.6039661907936,30668500
2022-01-07,59.362369537353516,59.62091908338878,58.58673404962392,59.05211271218644,23985400
2022-01-10,59.00904083251953,59.61231449638757,58.5608890463406,59.43995247105093,22760300
2022-01-11,61.491058349609375,61.53415212170544,59.103811974701635,59.37097495117512,32936100
2022-01-12,61.31008529663086,61.88750510600748,60.87917381348041,61.31008529663086,23045100
2022-01-13,60.870548248291016,61.68928393748623,60.594765186975756,61.292846197794724,21043200
2022-01-14,61.93921661376953,62.18052598318214,60.84469780583597,60.88779158259701,23012900
2022-01-18,62.98202896118164,63.67148344390836,62.05987857695386,62.75795313108119,32841200
2022-01-19,63.00790023803711,63.65426769507467,62.52528130750979,63.55946660869398,26431600
2022-01-20,63.1457633972168,64.09377388350723,62.27532696916782,62.48216263200066,26774600
2022-01-21,62.19777297973633,63.068216171812544,61.223915221401796,63.068216171812544,35995200
2022-01-24,62.73208999633789,62.98201942762055,60.163854848305775,61.08600509294808,41507000
2022-01-25,64.57640075683594,64.84356379561693,61.525546401175816,62.55973142080827,39278400
2022-01-26,63.921424865722656,65.49856289236041,63.33538482946765,65.00732393367528,35252400
2022-01-27,64.74014282226562,65.5071647270963,63.76627867385852,65.03315947121786,29174700
2022-01-28,64.87803649902344,65.17105974765566,63.73181029368157,64.61087346439032,30595700
2022-01-31,65.46408081054688,65.86051864100561,64.00759769143562,64.61087779662891,36085500
2022-02-01,69.66117858886719,70.24721869311391,65.73125988825211,65.88638834452888,61033100
2022-02-02,69.48018646240234,69.64392839388005,68.21330534810292,68.99756101517129,30299300
2022-02-03,68.67005157470703,69.21299765551076,68.1012452827522,69.02339555819249,28529400
2022-02-04,70.16101837158203,71.12625598929814,69.69563313081684,69.69563313081684,32197500
2022-02-07,71.00560760498047,71.600267672512,69.497417117916,69.92832868564871,34949200
2022-02-08,69.16992950439453,71.10041156523403,68.87690620733045,70.90218934293871,34356300
2022-02-09,68.83880615234375,69.73632370051044,68.5861059395844,69.34420657786247,40106100
2022-02-10,68.17655181884766,69.43133714280357,67.78443472915173,68.5948158095265,28527700
2022-02-11,69.89315795898438,69.98900997397804,68.16783498525812,68.50767153002481,42002100
2022-02-14,68.82138061523438,69.5707589610594,67.13962219608435,69.34420565449696,34652800
2022-02-15,67.95869445800781,68.13297385734258,66.59063275160675,67.00889666193083,25075100
2022-02-16,68.27239227294922,69.47489688728025,68.00226750796968,68.65580031207847,21733800
2022-02-17,68.16783142089844,68.94335648487481,67.9238402558034,68.38567568938797,23738800
2022-02-18,67.40972900390625,68.11554228580692,67.00018072741796,67.2354562534377,23394800
2022-02-22,66.62548828125,69.52717544614733,65.6234033466005,69.42260780709614,35947800
2022-02-23,66.89561462402344,67.50558256082506,66.33793383202618,66.62548986017211,25385000
2022-02-24,66.05037689208984,68.86492077829682,64.50803593444073,68.83878053292626,46199900
2022-02-25,67.82799530029297,67.9587032045969,66.45122443278808,66.82591687948324,28310300
2022-02-28,68.3333969116211,68.7778011352189,66.39893850686862,66.66906995356705,32204600
2022-03-01,68.9869384765625,70.27657979134446,68.25498474379951,68.63838623083107,40002300
2022-03-02,70.17198944091797,71.5836225881997,69.55331256256335,70.2329855655986,44321400
2022-03-03,70.61641693115234,71.25251863489729,69.38777175157301,69.58819145499474,30196600
2022-03-04,73.27409362792969,73.43965739636171,70.28527670066505,70.62511322149338,42802200
2022-03-07,75.91436767578125,76.01021967894383,73.10853263355828,73.99733426060877,55207900
2022-03-08,76.48948669433594,79.73972645404861,74.44175168046408,77.59613941991175,72082300
2022-03-09,72.14131927490234,75.43512403127906,71.10437827823543,73.22182514277482,65466700
2022-03-10,74.3807601928711,74.65960063795453,72.23717302477712,73.20440227292791,44644200
2022-03-11,73.99735260009766,75.13886128937804,73.16954689279841,73.25668328597507,35303400
2022-03-14,71.34835052490234,72.71641222871038,70.14585258812869,72.37657571075088,37462600
2022-03-15,67.2877426147461,68.98692534821751,66.5470733885683,68.68194468427134,47957900
2022-03-16,67.03504180908203,68.50767126271141,66.44250510419683,67.80185127795944,37812300
2022-03-17,68.82138061523438,68.96951315754391,67.15704681655797,68.12427613083022,34041900
2022-03-18,68.55123901367188,69.17863162736637,68.05455430251041,68.89107557140971,41461500
2022-03-21,71.62720489501953,71.90604533976979,69.48361772948678,69.81474532818312,33089300
2022-03-22,71.31351470947266,71.62721106786117,70.39857253757381,71.13052627509289,23132200
2022-03-23,72.43757629394531,73.43094566109411,72.36787117813536,72.62056468809591,27716300
2022-03-24,72.6554183959961,73.76207100837154,72.10645322997081,72.72513015779981,19871600
2022-03-25,74.2413330078125,74.49403318754743,72.14131746296475,72.25459410295063,22398300
2022-03-28,72.15872955322266,72.59441806717392,71.47034090341016,72.4724258151139,21552400
2022-03-29,71.77534484863281,71.87990586149064,69.50104974584555,70.41599184875494,27036300
2022-03-30,73.00396728515625,73.20438692933993,72.07159411907574,72.37657475319942,22079000
2022-03-31,71.96704864501953,73.5442460925018,71.93219940302636,72.21103987554059,27861500
2022-04-01,72.42887878417969,73.31768064630384,71.44421824546089,71.44421824546089,18671100
2022-04-04,72.46373748779297,72.89942612594061,71.49650817925874,72.81228307984625,20869400
2022-04-05,72.08903503417969,74.12805438794733,71.94089586513289,72.75999251908063,21753100
2022-04-06,72.89070129394531,73.80564332975405,72.27202430361363,72.69028162053186,24768200
2022-04-07,74.11064147949219,74.45047809214776,72.07161515547755,73.04756011761323,26122000
2022-04-08,75.67037963867188,75.9927915396613,74.21518156440801,74.21518156440801,24866500
2022-04-11,73.06498718261719,74.87745360946793,72.76000644927244,74.74674568143979,21800100
2022-04-12,74.58988952636719,75.65297081020378,74.39818547215657,74.6857415534725,22444200
2022-04-13,75.64424896240234,75.90566476904755,74.23262222114256,75.46997619002562,19306800
2022-04-14,76.53305053710938,77.08201570423783,75.1388485386311,75.52224993316291,24566400
2022-04-18,77.16044616699219,77.45671119491601,76.46334181599056,77.11687465202466,19032300
2022-04-19,76.47206115722656,77.25630192811637,76.04508156369315,76.68990544646928,20382600
2022-04-20,76.64633178710938,77.11687623649146,76.07122633658456,76.65504741989791,20689400
2022-04-21,75.83592987060547,78.24964758511837,75.62680127792243,77.508971908226,29010900
2022-04-22,74.18032836914062,76.78575062292249,74.06705174213775,75.51354088488591,23591600
2022-04-25,71.67948913574219,72.02804133953418,69.09149783129307,71.775341157987,37698300
2022-04-26,71.70563507080078,73.82308206516569,71.609783040959,72.08904319016786,28941500
2022-04-27,73.75336456298828,74.48532485694258,71.69691387018001,72.66414307942799,32773000
2022-04-28,75.98408508300781,76.80318173422033,73.25667698740368,73.96249035395398,33683800
2022-04-29,74.2848892211914,76.80316821836847,73.8056292121457,76.80316821836847,34656500
2022-05-02,75.29570770263672,75.84467295013646,73.74465068866255,74.07577828233457,36335200
2022-05-03,76.84675598144531,77.36086532890735,75.0430054765566,75.16499775046557,33908100
2022-05-04,79.90528869628906,80.0621368623649,77.47415209423464,77.98826146476725,46188400
2022-05-05,78.6940689086914,80.21026994824646,77.02102636305837,80.20155431521543,41013400
2022-05-06,79.89656829833984,80.00984492784963,77.85754243060624,79.27789135610092,29619300
2022-05-09,73.5965347290039,78.04055815887774,73.21312654393616,77.93599712519163,45851600
2022-05-10,74.08448028564453,75.71395790365565,72.7774145973806,74.62473649676905,34483200
2022-05-11,75.62682342529297,77.50028562193484,75.18241921862906,75.31312712036316,33020600
2022-05-12,75.97013854980469,76.04055767342463,73.41725894464948,75.66202717973427,29491500
2022-05-13,78.22370147705078,78.30292549934236,76.01413973427965,76.90324737610959,25798400
2022-05-16,80.06353759765625,80.97025513031346,78.32054180112823,78.32934670972652,26101200
2022-05-17,81.08470153808594,81.3840013035753,80.21320353813832,80.75018885027225,23120700
2022-05-18,79.7994613647461,81.79774604612878,79.07761323606682,81.4368253398783,25451200
2022-05-19,80.2308120727539,81.25196674075552,78.34696425602688,78.34696425602688,24387400
2022-05-20,80.86460876464844,82.38752871612289,79.5793675935383,80.9262296866819,28795000
2022-05-23,82.65164184570312,83.4263060089529,81.47203913919698,81.5688729991255,27239300
2022-05-24,83.10059356689453,83.44391115425312,81.26956195686338,81.709713398726,24293300
2022-05-25,84.77317810058594,84.97564402120032,83.16222206494575,83.25905592825825,29947800
2022-05-26,85.07247924804688,85.7679194065382,84.68514378858875,85.03726632298898,24314800
2022-05-27,85.90875244140625,86.208058904678,83.89286481261983,84.46505629573213,25588800
2022-05-31,84.50907135009766,87.83661495991933,84.25378272445292,86.76264443692344,44888100
2022-06-01,86.12882232666016,86.89468817691316,85.0548585572565,85.40697430267286,25815400
2022-06-02,85.97918701171875,86.35771754665184,85.20452283807408,85.64467431049961,19089100
2022-06-03,87.22920227050781,87.73098132003368,86.18164649299152,86.18164649299152,21038200
2022-06-06,87.00912475585938,87.83661152969059,86.85947489307038,87.30843119761468,20682100
2022-06-07,90.99691009521484,91.0497261182411,87.58133066105489,87.7661934578247,37810200
2022-06-08,92.07089233398438,92.93359227396408,90.65361060916932,91.10256032686621,31613200
2022-06-09,90.08140563964844,92.05328243616515,89.93175574479118,91.04093266498128,26607000
2022-06-10,88.43523406982422,90.97930907295361,87.84543270174726,89.73808539858535,30950500
2022-06-13,84.37702941894531,86.06720933093727,82.67804459765334,85.84713361168276,33421000
2022-06-14,84.59709930419922,86.85947727346999,83.86644635477894,85.75030056056661,31264000
2022-06-15,83.53194427490234,85.01085346213405,82.1058511141573,84.50027615216848,29620800
2022-06-16,80.45089721679688,81.982622681623,79.4737602695338,81.34881011134213,35696700
2022-06-17,75.81169128417969,80.41567187949506,75.40675273946476,80.07235427166766,64610200
2022-06-21,80.53011322021484,81.45442724667704,77.92441069449173,77.97723343613114,35951500
2022-06-22,77.34341430664062,79.01599118096844,77.05291273409448,77.06171764373539,29727200
2022-06-23,75.0105972290039,78.39096331329708,73.52288341829623,78.04764577485332,35757200
2022-06-24,76.49832153320312,77.81877585178714,75.53878790261953,76.54233264744914,26639000
2022-06-27,78.37335968017578,79.26246741673506,77.1761472971388,77.29938915572988,25478700
2022-06-28,80.54771423339844,82.07943937763484,79.53536456919662,80.21320155385978,33096900
2022-06-29,77.5722885131836,82.04422182655117,77.25537895416527,81.85056084375343,25400900
2022-06-30,75.3891372680664,77.11453008774984,74.53524240936771,75.82928870317477,39948100
2022-07-01,77.07051086425781,77.36100567656702,74.57044748349713,76.35746104741143,26327900
2022-07-05,74.65847778320312,76.3222495259726,73.07393678427748,76.005339982952,34591100
2022-07-06,73.31161499023438,75.02820945373522,71.31333061985828,73.73416328290178,33375700
2022-07-07,75.65323638916016,76.37508452727106,75.08984304800913,75.1602621785192,23817400
2022-07-08,75.7764663696289,76.85043685644371,74.7641168099505,76.54232550458441,17673800
2022-07-11,75.3891372680664,75.81168560088871,74.26235066877746,74.97539384447607,15603800
2022-07-12,74.3855972290039,74.8697665246581,72.94190096800745,73.75177804784872,21013000
2022-07-13,74.68489837646484,75.97894477580986,73.32923775600463,73.3996568870699,19928600
2022-07-14,73.18838500976562,73.33803489587416,71.03164551930293,72.05279342494875,26343000
2022-07-15,74.42080688476562,74.7201066426278,72.9771106871501,74.6496875159519,17243700
2022-07-18,75.79408264160156,77.41384356179721,75.48597795237858,76.21663101266346,19395800
2022-07-19,77.70433044433594,77.92440615918655,75.92612162346123,76.07577149767697,18248900
2022-07-20,78.55821990966797,78.91914728105726,76.80641922002177,77.09692075560184,16584400
2022-07-21,77.24658203125,77.29059986417789,75.01061178531572,76.52473389800967,21375700
2022-07-22,76.65677642822266,77.88039689454247,76.26063610238181,77.07051985655113,15479500
2022-07-25,79.20966339111328,79.34170346232911,76.95608324380348,77.60751227063496,17536400
2022-07-26,78.90155029296875,80.35405149086034,78.3469618571971,80.2220047062923,15141200
2022-07-27,80.6093521118164,80.98788270178716,78.69909605562471,79.47376034190417,18047000
2022-07-28,81.55126190185547,82.08824721989112,80.11637056130515,81.14632336494272,20353100
2022-07-29,85.32776641845703,85.84714194253395,82.83650742285435,83.14461211647443,29825800
2022-08-01,83.17102813720703,83.93688742806114,82.0706494170799,83.44391991062137,20793200
2022-08-02,82.81009674072266,83.80483663841441,82.59002100720143,83.35588697767953,16722500
2022-08-03,80.12516784667969,83.11819908143492,79.92270193860728,83.11819908143492,23580800
2022-08-04,76.75361633300781,79.5265652516015,76.08458421071029,79.50015723769923,31821500
2022-08-05,77.86280059814453,78.95438119493454,75.95254462803072,76.02297048256798,17408000
2022-08-08,78.30294036865234,78.87513859761962,77.6603230118904,78.00364060603513,14458500
2022-08-09,79.74663543701172,80.64454814424641,79.18324212572557,79.2712777875087,19083400
2022-08-10,80.50370025634766,80.80300674493928,78.51422047033647,79.82586995541396,18302000
2022-08-11,82.83250427246094,83.81913511150604,81.27700605721034,81.63254308126324,18797900
2022-08-12,83.5524673461914,83.57024148307268,81.87252998142627,82.20140915591347,15058200
2022-08-15,82.05919647216797,82.42363073532393,79.69484272666018,80.46814320853962,20755200
2022-08-16,81.29479217529297,82.56585688974262,81.14368823966068,81.8014399688045,14038200
2022-08-17,81.95254516601562,82.85029189515777,80.81481022843576,81.12590856583101,13678000
2022-08-18,83.89024353027344,84.71688004600611,82.74361824835815,82.79695423034488,17770400
2022-08-19,83.62360382080078,84.61911855441129,83.37472513739816,83.69471395361168,16128600
2022-08-22,83.56136322021484,83.98801034734628,81.65032126355537,83.03693459888326,16019900
2022-08-23,87.10789489746094,87.47232914140581,84.84130920541273,84.93020023759787,23764700
2022-08-24,87.62344360351562,87.97009697021804,86.53903798196059,87.11679585360945,17050300
2022-08-25,88.07675170898438,88.76117473478749,87.19678602867168,87.92564779264026,15305700
2022-08-26,86.99234771728516,88.80561494939764,86.5923584090851,87.79231277081774,15531400
2022-08-29,88.99227905273438,90.2722272811558,87.23234091418293,87.26789597350493,23059200
2022-08-30,85.60572814941406,87.65899033568245,85.17019056263209,87.42788585269385,17086800
2022-08-31,84.96575927734375,86.07682950608672,83.188046911355,83.57914580193157,18340900
2022-09-01,83.43692016601562,84.50354471742048,82.03252597423354,83.92578692647889,16423000
2022-09-02,84.96575927734375,86.0323907657977,84.53911210710977,85.64129187522114,18206800
2022-09-06,84.39689636230469,85.85462003761825,84.00580423231182,85.47241836873096,19201500
2022-09-07,83.67691802978516,84.07690058763352,82.04142595692555,82.83250739369004,16274700
2022-09-08,84.36134338378906,84.81465515341245,83.30360235846553,84.13912933856543,18759200
2022-09-09,85.7746353149414,86.21906347719498,84.72578458076552,85.79240945759989,17158000
2022-09-12,86.7612533569336,88.16564776643446,86.1123853535908,86.79680841835021,16118900
2022-09-13,84.73465728759766,86.912352113754,84.36133933707386,85.87239205953733,18229100
2022-09-14,86.8145751953125,87.605656595793,85.46351688324152,85.4990719416426,22655700
2022-09-15,84.29022979736328,85.81017299044967,83.59692308979064,85.5257392955113,21092300
2022-09-16,82.85027313232422,84.74353411237047,81.77475810579182,84.50354595828209,37874700
2022-09-19,82.84140014648438,83.09916927387383,80.88591910058277,80.8948095619231,15342100
2022-09-20,82.1658706665039,82.60140831295594,81.45478298208712,82.42363978256911,14712500
2022-09-21,80.8414535522461,83.44580200223812,80.77035022343962,83.17025880185048,17332400
2022-09-22,80.50369262695312,82.3614053081761,80.45924711163144,81.95252555523055,16139400
2022-09-23,76.21942138671875,77.77491978236607,75.41944942695602,77.77491978236607,27738800
2022-09-26,74.64614868164062,76.63718472476663,74.56614809512779,75.46389478024517,22043400
2022-09-27,76.21052551269531,77.29493111652614,75.38388900989266,76.09497665282792,17307300
2022-09-28,78.9837646484375,79.37486355726107,76.3705251784525,76.5483004922063,19543300
2022-09-29,78.82376861572266,79.42819110703233,77.44603878391197,78.37934051274304,17896000
2022-09-30,77.60604095458984,79.14376532893387,77.60604095458984,78.37045791088543,21357600
2022-10-03,81.70365905761719,82.09475794984193,79.74817815936251,80.032611867862,23881300
2022-10-04,84.68132019042969,84.76132076816286,82.40585067657857,82.87694333860861,22133700
2022-10-05,88.10342407226562,88.87672458302468,85.0279826055385,85.10797640398906,34857700
2022-10-06,90.71665954589844,90.8233247287974,87.4012297926442,87.52566911530907,29124700
2022-10-07,89.80113983154297,91.83662132134155,89.045613425986,90.83221626750084,24507600
2022-10-10,87.85452270507812,90.68997548028571,87.74786432650626,90.20999243241329,16786100
2022-10-11,87.10789489746094,88.67228348013512,85.99682480948312,86.41458824759216,17804100
2022-10-12,87.49010467529297,87.9167585797165,86.42348008638479,86.6634682453873,12635800
2022-10-13,90.54779815673828,91.06332968209465,86.57460921612858,86.70793902394524,22019100
2022-10-14,88.16563415527344,90.8766410507737,88.03230439090345,89.88112661053587,15222000
2022-10-17,89.43671417236328,90.63666869797768,89.3300489859889,89.83669675375651,14283200
2022-10-18,89.59671020507812,90.9744332851595,88.20120620289076,90.25446191286818,14065400
2022-10-19,92.25438690185547,92.43215543138214,89.97891717302747,89.99669131340625,20921700
2022-10-20,92.37882232666016,93.32989816046658,91.91662010055376,92.72547569159856,17649000
2022-10-21,94.09432220458984,94.57430538845009,92.36105524740142,92.84103164982673,22814100
2022-10-24,94.75205993652344,95.71202616253133,93.43655669178725,93.91653980479119,17024200
2022-10-25,94.11209869384766,95.4009443441782,93.39212729081015,94.58319820968683,15719800
2022-10-26,95.23204040527344,95.84535327398795,94.21874501087869,94.44984949178229,17383800
2022-10-27,95.59648132324219,97.40085821663816,95.4809256840133,96.36089815218347,18214000
2022-10-28,98.39637756347656,98.84969611937657,96.1031337461635,97.29419778619602,28169400
2022-10-31,98.49414825439453,100.36075160293652,97.276419663536,97.32974886271688,26401800
2022-11-01,99.47189331054688,100.05853483322804,98.35193268178483,99.88076631882385,22213100
2022-11-02,97.42752075195312,99.64077061231134,97.1608612009265,99.17856840949051,20654200
2022-11-03,98.75190734863281,99.39188479970667,96.27199811643841,96.5119930513079,17103700
2022-11-04,99.82744598388672,100.88518712022855,98.48527789249763,100.44075898313504,17541500
2022-11-07,101.00961303710938,101.32071133545881,99.6674383425912,99.91632376270503,16008000
2022-11-08,101.32960510253906,101.91625343980023,100.08520508709817,100.86740287011305,14661000
2022-11-09,96.79644012451172,100.68962778241314,96.50311595524553,100.52963339748928,19522800
2022-11-10,98.21861267089844,98.39638120297772,95.61426366547151,97.9430694117451,20146700
2022-11-11,101.28516387939453,101.77403751452732,99.98743460782863,100.06743519422982,20518900
2022-11-14,101.5808334350586,102.71876511307737,100.79233888396615,100.91777995599891,20858300
2022-11-15,102.2618179321289,102.6202239971109,101.13284805607223,101.96613925184384,19373800
2022-11-16,101.16868591308594,102.37830035982903,100.2278708789375,101.64357102776066,13591000
2022-11-17,101.30307006835938,101.42851114641824,99.23328544436197,99.71713253231448,12425900
2022-11-18,100.42499542236328,100.78340147829714,98.21184537570068,99.36770131717321,15415000
2022-11-21,99.43042755126953,99.63650643090018,96.30334837734517,98.55233300580956,20973000
2022-11-22,102.30661010742188,102.56645430532302,99.84257807866511,100.54146606942099,17719100
2022-11-23,101.7958755493164,102.10051620342432,100.44289615742198,100.6400197976216,11546700
2022-11-25,101.43748474121094,102.69190250083878,101.3030816176746,102.03781094550953,7136000
2022-11-28,98.39102935791016,99.8694498312985,98.22079180630179,99.15264466931004,23015500
2022-11-29,99.04512786865234,100.17410445327432,98.37311913619128,99.10784841024099,14453200
2022-11-30,99.76193237304688,100.26370353821827,98.36415640698475,99.94113880204604,23158100
2022-12-01,99.27809143066406,100.41602319396995,98.72256175857841,100.03073791927088,14398300
2022-12-02,98.43584442138672,100.09346467413253,97.84447342703027,98.12224169833102,15248400
2022-12-05,95.73884582519531,99.77986038165736,94.92347875807526,99.18848939660248,19287700
2022-12-06,93.07769012451172,95.90909029230929,92.42360543143707,94.88763753203462,21197000
2022-12-07,92.87162017822266,93.94683155450372,91.72472622058227,92.98809924591116,20061700
2022-12-08,93.56153106689453,95.6940430826709,92.92536364145676,95.22811321534745,21128800
2022-12-09,92.77304077148438,94.93242514684843,92.55799990415113,93.71384883858352,21298200
2022-12-12,95.0578842163086,95.19228734734324,92.8178548191552,93.03290256322151,20413200
2022-12-13,96.09724426269531,97.25310004897533,95.89115858649495,96.59005337794005,24305300
2022-12-14,95.38941192626953,97.03807713283287,94.75324439181091,96.7603088364718,17597300
2022-12-15,94.47547149658203,95.1295561793671,92.91640628824548,94.37690966722651,15365100
2022-12-16,93.81242370605469,94.600918389303,92.40568558874571,92.90745679700196,54596600
2022-12-19,94.2335433959961,95.15643429983331,93.52569337362912,94.31418799906392,13611100
2022-12-20,95.59547424316406,96.33020343907931,94.14393307444219,94.23353286203661,14680000
2022-12-21,96.82301330566406,97.29789836969547,96.01660831785094,97.02909898576648,13565400
2022-12-22,94.86971282958984,96.93950442860914,93.27481315628575,96.67069819413084,13213000
2022-12-23,97.37855529785156,97.43231381423776,95.78365550880902,95.82845199378852,11539400
2022-12-27,98.73152923583984,98.98241141254955,97.51295280379841,97.90719329461656,11962100
2022-12-28,97.1097412109375,98.56128256052567,96.67965944248456,98.48064479245068,10702100
2022-12-29,97.84447479248047,98.31040470411683,96.760301457057,96.760301457057,10534000
2022-12-30,98.83008575439453,99.00928534640286,97.31582390862704,97.31582390862704,11799600
2023-01-03,95.43419647216797,98.5791922346614,94.52026082116703,98.36415136690715,15146200
2023-01-04,95.71196746826172,96.01661499446325,93.86618559336834,93.90202688092302,18058400
2023-01-05,97.85343170166016,98.51647841010062,95.25499654346731,95.28187579926502,15946600
2023-01-06,99.03617095947266,100.34434720598856,98.26560035952092,98.63296843355621,16348100
2023-01-09,97.19039154052734,100.03074702826883,96.59902052903382,100.03074702826883,17964600
2023-01-10,98.64192962646484,98.85697736698789,96.77823039412142,98.37313020485168,15104600
2023-01-11,99.788818359375,99.86049409487293,97.74590608709259,99.44832956264813,16710400
2023-01-12,101.44644165039062,101.91236470762857,100.12034138036084,100.1920239540979,15357300
2023-01-13,101.38372802734375,101.68836873247986,100.49667833388789,101.34788673802886,12011400
2023-01-17,101.18660736083984,102.21702224217357,100.95364239138411,101.61669600937144,16542200
2023-01-18,99.10784912109375,102.25285192565653,98.91968749497822,101.48228136002545,16399700
2023-01-19,99.7440185546875,100.46978581784877,98.18496016729321,98.62400397028972,12928000
2023-01-20,101.56291961669922,101.64356422029533,99.10784959875399,99.77985833927387,16515600
2023-01-23,101.03427124023438,102.67396729411713,100.92674738587071,101.82275899748961,16584400
2023-01-24,101.9750747680664,102.16323637776418,93.96473596710418,97.80862642928213,13583000
2023-01-25,101.43748474121094,101.83173208064373,99.80674370450281,101.45540880356343,11914700
2023-01-26,105.51432037353516,105.53223759640055,102.44995572561405,102.79044448428613,21019700
2023-01-27,103.58790588378906,105.43368766818374,103.39078222991657,104.78855819588331,15179200
2023-01-30,101.75109100341797,103.48039393500036,101.38372974476451,103.12198787180711,18672100
2023-01-31,103.94631958007812,104.2957635973692,98.94657263664548,100.44291054002288,27861800
2023-02-01,102.8083724975586,105.17384265354163,101.55395484853094,103.78502872885397,19464900
2023-02-02,99.59171295166016,103.10407756752333,98.40897764892959,102.90695387773032,24562100
2023-02-03,100.28162384033203,102.24389157292254,99.95905909426163,100.26370661489545,20226600
2023-02-06,100.11138916015625,101.32995876975988,98.84800939560246,100.67587406404793,13855200
2023-02-07,102.96965789794922,103.31910189701256,100.37122272755974,100.7027495013493,16013300
2023-02-08,102.07364654541016,103.78503209527175,102.01092600272565,103.08614409506544,18459700
2023-02-09,102.45893859863281,104.1524001989779,102.30661824720063,102.70086559069749,17439300
2023-02-10,106.7777099609375,107.18987451224079,104.08071973375549,104.39432245365728,24918600
2023-02-13,106.36237335205078,106.70547529342372,104.64684986792822,106.29013918903681,14536200
2023-02-14,105.1163558959961,106.37139517477593,104.75519197730051,105.64907422601355,12079000
2023-02-15,104.80033874511719,104.81839384094414,103.0577292310963,104.48432290343023,13663400
2023-02-16,104.49335479736328,105.44140233060514,103.65365161727547,104.11412889543777,11360600
2023-02-17,100.47541809082031,103.10287889063706,100.2045503174744,103.10287889063706,20758300
2023-02-21,100.3760986328125,101.46861450444241,100.0510517913292,100.0510517913292,14469400
2023-02-22,99.07592010498047,100.19552208732574,98.09174856872733,99.75309988995711,13973800
2023-02-23,99.98785400390625,100.97202557377264,99.22941592537074,99.97882989961123,11289400
2023-02-24,99.99687194824219,100.18648144313393,98.43484103037927,98.71474666547232,14351000
2023-02-27,99.8163070678711,100.45736979674727,99.28358870021782,100.04203367192451,11710500
2023-02-28,99.23845672607422,100.54766839568205,98.6154490366842,100.43931713577032,18107000
2023-03-01,100.12328338623047,100.99910363729015,98.63348654907125,98.69668971725964,13200000
2023-03-02,100.58377838134766,100.85464617905946,99.4732004337039,99.87951246321575,10339900
2023-03-03,101.85687255859375,102.36250484562085,99.27455960769795,99.36485576195132,13006700
2023-03-06,102.759765625,102.78685171230087,101.00813205613532,101.11647640533877,14347400
2023-03-07,100.77338409423828,102.18191587721958,100.37610307293416,101.85686902135787,11525300
2023-03-08,99.30164337158203,101.50473018059532,98.47999528680843,100.43027630871362,13509800
2023-03-09,98.5341567993164,101.33317169137514,98.44386755184343,100.10521863758406,12961200
2023-03-10,97.31523895263672,100.25871539044044,96.74641046914957,98.92241104861517,15795700
2023-03-13,96.19564819335938,97.38748435975222,93.64945243385516,95.1121563856928,20745600
2023-03-14,96.55680847167969,98.42582436382996,94.76905084549605,96.02409013648143,18263500
2023-03-15,91.75335693359375,94.08285036474295,90.48928651202644,92.83684193000596,25733800
2023-03-16,91.22062683105469,91.80751733237345,88.50287680683095,89.48704830386619,27465200
2023-03-17,90.14616394042969,91.74431198903864,89.51413227007102,90.83237467441093,43199500
2023-03-20,92.50275421142578,92.52984718878675,89.83918319379497,89.95655854117695,32042100
2023-03-21,96.64710998535156,96.86380561070277,94.01964883452806,94.05576592019155,31592300
2023-03-22,94.43498992919922,96.7735214057373,94.40790383569141,96.43041940692167,14952700
2023-03-23,93.36954498291016,96.0150538626395,92.49372475853563,95.13020953496209,14385900
2023-03-24,93.47789001464844,93.76681976090747,91.11227986984909,91.61790520364525,13401600
2023-03-27,95.52749633789062,96.1414729426991,93.82100385617555,94.57041090506546,14805900
2023-03-28,96.7193374633789,97.19787676020158,94.97672781033091,95.20245441363438,11047600
2023-03-29,98.38066101074219,98.56124638811374,97.05338776372928,97.5680440341396,14219100
2023-03-30,98.85920715332031,98.93144130934543,97.98338695524362,98.91338621465329,11578200
2023-03-31,99.01271057128906,99.47318783566966,98.4619371638109,99.03076566673145,14418000
2023-04-03,104.8545150756836,105.50460876927063,102.13677184086694,102.38055353164759,28087700
2023-04-04,103.85227966308594,105.3691625236255,103.0848106853085,104.97188843563237,16365500
2023-04-05,105.63101959228516,105.64005058525393,103.21123012384699,104.15025362235141,16479500
2023-04-06,103.87938690185547,105.80257510627607,103.62656731652812,105.51364532595989,15778000
2023-04-10,103.41889953613281,104.89966547608121,103.08482168934565,103.63559514259062,13006600
2023-04-11,104.15025329589844,104.91772236873679,103.27443297366214,103.79812034614167,11758500
2023-04-12,104.0418930053711,105.2698392007252,103.77101836766423,104.88159611590858,10919000
2023-04-13,104.52945709228516,104.63780832588222,103.04869134293332,103.4730583970698,12399700
2023-04-14,104.78227996826172,105.33305336812248,103.94257682491896,104.64684264411706,11530800
2023-04-17,103.5633544921875,105.19761965263834,103.31054181904692,104.27665132776484,13260400
2023-04-18,105.58587646484375,105.82965816148786,103.20220412344499,103.2834623927833,17436100
2023-04-19,105.2518081665039,105.54976895836882,104.52948022658224,104.80938591983251,10682600
2023-04-20,104.41209411621094,104.44821119835224,102.23609330407291,103.9516099296957,17038700
2023-04-21,104.74617004394531,105.53169417810844,104.06899026559563,105.17956124445692,14315300
2023-04-24,106.72351837158203,107.34652590231913,104.62877610047134,104.66489317791114,15831300
2023-04-25,105.20664978027344,106.30819668085564,104.40306364236591,106.13664915061827,12179800
2023-04-26,104.24052429199219,105.7212899977907,103.54528950725417,104.76421157269918,15566100
2023-04-27,105.48655700683594,105.64908043536957,103.72588538295011,104.3940410828268,16279200
2023-04-28,106.84992980957031,108.27652343785769,105.4865462362974,105.86576523461324,24381900
2023-05-01,103.53629302978516,105.91094167864495,103.33765248546362,104.72812940708405,17355000
2023-05-02,99.40999603271484,102.87716028742783,98.67864403269425,102.87716028742783,24324100
2023-05-03,97.45068359375,99.14814506861268,97.29719116600457,98.48902728423344,16212300
2023-05-04,95.74420166015625,98.19107733539586,95.62682630048957,97.42360822360374,17177200
2023-05-05,98.12787628173828,98.80505614008061,97.08953245455409,98.01050091953232,14968200
2023-05-08,98.51612091064453,100.19552741782297,98.45291773622941,99.77116029448023,11187800
2023-05-09,98.54319763183594,99.52736912687311,97.70349445808553,97.8208698026595,11370800
2023-05-10,97.27912902832031,99.32873031747927,96.3491365822751,99.0849417433219,14884800
2023-05-11,95.51846313476562,96.44845556862221,94.74196312640156,96.15049482128114,17165900
2023-05-12,95.50944519042969,96.62002317831757,94.60653872141276,95.98798451682791,12613300
2023-05-15,95.69158172607422,96.47481974766893,95.24532046441351,96.09231009481688,13715600
2023-05-16,93.36919403076172,95.45479241950255,92.91382338558,95.29085870930095,14795200
2023-05-17,95.46390533447266,95.83731261266719,93.66974381387035,94.16154496279724,14064700
2023-05-18,96.3291015625,96.45661173348323,94.83548642794531,95.218003044086,12005600
2023-05-19,96.77536010742188,97.49484647621883,96.37463176317958,97.05768765082688,13359600
2023-05-22,95.60050964355469,97.48574374363935,95.5185393182966,96.39285008009196,12882000
2023-05-23,96.90287017822266,98.56041897166943,96.31088697733361,96.52946293130343,14394400
2023-05-24,97.98664855957031,98.82453579726088,97.2034174706493,97.7953937293031,16340300
2023-05-25,96.22891998291016,96.93018766022065,95.3637116607796,96.48392641102306,14316500
2023-05-26,95.60050964355469,97.40377341838126,95.47300642506814,96.96662151168573,12370300
2023-05-30,94.7535171508789,94.82637811593308,93.45115693125291,94.07046123740521,11938000
2023-05-31,93.05953979492188,93.84277781394363,92.65881142749562,93.15972188677844,24926100
2023-06-01,94.13420867919922,96.15605520535738,92.22165359578607,92.66791482728826,13551900
2023-06-02,96.31999206542969,96.65696186527748,95.19977732273624,95.77354873052722,14112000
2023-06-05,95.89196014404297,97.62237014507785,95.70980770012046,97.62237014507785,10628000
2023-06-06,96.67517852783203,96.78446302344969,94.69887181683578,94.85369615123003,12209800
2023-06-07,98.8427505493164,99.17061796778881,97.20342040535897,97.25806265896951,16027100
2023-06-08,98.53309631347656,99.39829770627024,96.44749805415674,99.06132094832107,13517100
2023-06-09,97.80450439453125,98.91560985527953,97.59503779361249,98.77899727514738,12251600
2023-06-12,96.92108917236328,97.50396305867834,96.13785108480153,96.36553641378099,14112000
2023-06-13,96.93929290771484,98.66969558179933,96.79357098445514,97.79538488745241,13533800
2023-06-14,95.77355194091797,98.46023581415011,95.0722772964227,97.8591432617256,16627700
2023-06-15,96.43839263916016,97.47663713232299,96.02856184653436,96.08320409930994,16224100
2023-06-16,95.74622344970703,97.2398385179178,95.59139910751054,96.86643822506721,43128900
2023-06-20,93.55133819580078,95.4183535071158,93.0048948595233,95.33639013345598,17514100
2023-06-21,94.59869384765625,95.29085217804042,93.19615152281862,93.3509758639516,13285700
2023-06-22,94.07955932617188,94.61689324517471,93.48757621572233,93.66061230149442,12455300
2023-06-23,93.25990295410156,93.6424126014949,92.54952590939848,93.43293906216762,17933600
2023-06-26,94.98120880126953,95.54587089555955,93.07775591537894,93.07775591537894,14283400
2023-06-27,95.21800231933594,95.27264457190962,94.05224765999647,94.76263168547666,13227500
2023-06-28,95.99212646484375,96.37463611156801,93.98849160163279,94.99941491683558,13084100
2023-06-29,97.17610931396484,97.20343739395092,95.74624552454847,96.22894432662136,11364400
2023-06-30,97.67699432373047,98.25075878196891,97.27626596968231,97.74074593020141,13544700
2023-07-03,97.86824798583984,98.77898918088589,97.5130594756442,97.89556910994659,7397000
2023-07-05,97.36735534667969,98.28719905331818,96.62965017157958,98.02308324351749,12491200
2023-07-06,93.7334976196289,96.28357616661907,93.28723630584739,95.70980467192351,17961400
2023-07-07,93.95207214355469,94.71709147019521,92.49488056221276,92.82274797317426,21929200
2023-07-10,95.34550476074219,95.40014701286874,93.57866449233664,93.77902868133988,14877600
2023-07-11,96.51123809814453,96.68428113533008,95.45477505823767,95.86461273340294,12576500
2023-07-12,96.98482513427734,98.04128822547509,96.65695775758864,97.44930507598694,13238200
2023-07-13,95.20889282226562,96.7480477859549,94.09778736552457,96.51125311114014,26826800
2023-07-14,91.93022918701172,94.76263519024445,91.55682191820262,94.76263519024445,28181900
2023-07-17,92.3309555053711,92.59507133051893,91.27449915318482,91.72986982790762,18051300
2023-07-18,91.91200256347656,93.07775021724716,91.38377098648547,91.91200256347656,24617800
2023-07-19,92.54952239990234,93.25989941766778,91.80271490066126,92.03040019858115,15556500
2023-07-20,94.17977142333984,94.4074567731322,93.22349017484983,93.38742390463653,15740200
2023-07-21,94.61690521240234,95.0631664666418,94.0431407426659,94.86280923400662,17121500
2023-07-24,96.10140991210938,96.68429068201429,94.68065584075148,95.04495371629055,15090900
2023-07-25,96.24714660644531,96.62054694856127,95.20890201835009,95.68248446531777,14116100
2023-07-26,95.70978546142578,96.28355684095617,95.29995471753577,95.72800417578745,15159600
2023-07-27,96.01034545898438,97.44020901133432,95.39104110168859,96.53857707664349,17677900
2023-07-28,94.86282348632812,95.77356484722573,93.18705576910587,95.72802499981879,17566400
2023-07-31,97.66788482666016,98.23254687488503,95.8008695264463,95.8008695264463,24197000
2023-08-01,97.10322570800781,97.74074174542187,96.1105142230017,97.40376501227234,14177400
2023-08-02,95.89196014404297,96.88466490690091,95.23622524273247,96.77538038895267,13484100
2023-08-03,97.55860900878906,98.25076738295043,95.90106014703704,96.4383941702732,16280400
2023-08-04,97.83182525634766,99.4893740847382,97.74986187753267,98.32362637445094,14279600
2023-08-07,97.6314697265625,98.742575282871,97.00306292135585,98.26899283920766,12410800
2023-08-08,98.1141586303711,98.1323703982051,95.48211000627701,96.57500368323467,14065600
2023-08-09,99.78080749511719,100.56404551318377,98.6423809512302,99.00667883495487,19919600
2023-08-10,100.29083251953125,101.66604685310696,99.67152816956173,100.35458413136321,15837200
2023-08-11,101.84819030761719,102.06676625058773,100.22707207947806,100.51850898624011,14047000
2023-08-14,101.93016052246094,101.98480972317476,100.89191603815559,101.71158456481886,12973400
2023-08-15,99.31326293945312,101.79241879908291,99.13880138450102,101.69141547835936,14909600
2023-08-16,97.64212036132812,100.38756409180276,97.58703018792825,99.42344402512784,13695100
2023-08-17,99.53364562988281,101.14050796752504,98.63379963844307,98.63379963844307,16709500
2023-08-18,101.03948974609375,101.18639920967433,98.81743069354596,98.83579174948248,16224000
2023-08-21,99.81828308105469,101.90261691393091,99.29490536627918,101.33332604657227,11092400
2023-08-22,99.2581787109375,100.74567662400123,99.12044625513023,100.24065995449585,10518800
2023-08-23,98.3858871459961,98.52361960504123,97.07285077977836,98.28488380972058,11435600
2023-08-24,97.65130615234375,98.9551583189725,97.39420933135926,97.71558035758987,10818500
2023-08-25,99.39590454101562,100.0202855610721,97.89922970126644,98.6429751055384,13579300
2023-08-28,100.2314682006836,101.03948774780338,99.57035811423891,99.57953513934427,10382100
2023-08-29,100.82830810546875,101.02113073420779,99.5520009399841,100.69058266020046,9665000
2023-08-30,101.810791015625,102.049526800357,100.98441030873438,101.40678469380573,11922100
2023-08-31,102.09542846679688,102.30661213289137,101.57205080881285,102.03115426337297,17479800
2023-09-01,104.23484802246094,104.51031290469285,103.02281515029382,103.02281515029382,14843500
2023-09-05,104.2440414428711,106.35592038257116,104.21649635323942,104.76741916196356,18304000
2023-09-06,105.14389038085938,105.2173416201708,103.96858648751116,104.19813824809835,13325500
2023-09-07,104.62967681884766,106.37427138604474,104.40012508646285,105.27242587274286,13248500
2023-09-08,106.15391540527344,106.55792874059533,104.96942749474096,105.16225013059085,14283200
2023-09-11,104.822509765625,107.13638821914195,104.28076401721424,106.67728473980132,14383600
2023-09-12,107.88013458251953,108.04541211678057,105.84171399508786,105.90598820255808,20145800
2023-09-13,106.91602325439453,108.31169478504799,106.4201906433383,107.8066851480309,13472800
2023-09-14,108.82587432861328,108.95442973437642,107.73321292520727,107.9352195559405,15210700
2023-09-15,107.1547622680664,108.81672182843273,106.97112365620994,108.25661495529728,34568400
2023-09-18,108.01787567138672,108.56879849454968,107.15475881170103,107.9168723365144,14045300
2023-09-19,107.73323059082031,109.11971813754403,107.07212042014655,108.91771847905021,12562900
2023-09-20,106.8792953491211,108.36678619383146,106.80583710841941,107.00784376766734,11879900
2023-09-21,105.3734359741211,107.76995677481625,105.22651949336944,107.41185660968831,14400600
2023-09-22,105.53870391845703,107.1363819718983,105.41933253735674,106.24572015305489,13197300
2023-09-25,106.72320556640625,107.10885083550441,105.4377143307154,105.67644311328264,11316000
2023-09-26,106.88847351074219,107.18229945205,105.93353745015108,106.05290183071384,11805400
2023-09-27,110.36847686767578,110.64394176550287,107.79750151119747,108.24742097264259,23976200
2023-09-28,109.69819641113281,110.82758714960929,108.52289251841815,110.16648396398011,16808100
2023-09-29,107.96278381347656,109.43191365420942,107.18230924234007,109.35845541083187,18813600
2023-10-02,106.17227935791016,108.15560996134322,105.18062106155752,107.91687416529356,14395000
2023-10-03,106.35591888427734,106.91602571677605,105.6213504794177,105.99781871338323,13297100
2023-10-04,102.38007354736328,104.75822615328835,101.46186660971877,104.721504040502,19622200
2023-10-05,100.07537078857422,101.82914937779897,99.80908993969578,100.81912316142882,20128800
2023-10-06,98.40423583984375,99.41426207032143,96.51273178974755,97.08202261309748,25367500
2023-10-09,101.84751892089844,102.90345837365265,100.56202771777869,101.40678348320014,22369900
2023-10-10,101.41596221923828,102.33416923618155,101.11295922772334,101.9393399386814,13892000
2023-10-11,97.77986145019531,98.40424249029297,96.25564147326962,98.21141986097268,57939000
2023-10-12,97.76148223876953,99.01942111150886,97.41255916019539,98.78986940417836,31183000
2023-10-13,100.88340759277344,101.18641058464667,99.01944146166922,99.19390303681107,30276500
2023-10-16,100.95685577392578,101.62714995915545,100.20392632214961,101.46187242069905,18452000
2023-10-17,102.2790756225586,102.65554384943881,100.7089425169511,100.75485566840203,19775400
2023-10-18,103.71147918701172,104.11549251394479,102.56372042219148,102.6739077855451,23380300
2023-10-19,103.77574920654297,104.64805003579578,102.22398418282276,103.50029131732889,20972500
2023-10-20,101.99444580078125,104.0512277322183,101.72816490256955,103.68394349312064,22445300
2023-10-23,100.49774932861328,101.8842438046645,99.79073304924916,101.58123382549564,18185000
2023-10-24,99.52445983886719,100.83749617749112,99.27654702208699,100.72730881149785,16786100
2023-10-25,99.70809173583984,100.54366344300907,99.28571736932558,99.64381752800861,22047300
2023-10-26,98.79907989501953,99.47855116919705,97.7890535133256,98.66134743266035,18768300
2023-10-27,96.91675567626953,100.87422576887312,96.37500988098647,99.9835638210334,23092000
2023-10-30,97.2197494506836,97.71558204487091,96.6045524747961,97.09120103797167,19379900
2023-10-31,97.19220733642578,97.47685626359313,95.98935843552397,96.94429453442923,22185200
2023-11-01,96.99939727783203,98.404253016994,96.83411971996802,97.81660103466957,28984900
2023-11-02,100.1855697631836,100.25902800698779,96.8708418191788,97.2197579692032,25212700
2023-11-03,98.96434783935547,99.88255482544021,97.82577313811213,99.53363869265881,30555600
2023-11-06,97.2105712890625,99.41426234143702,97.11874499074439,99.32244304848193,19097300
2023-11-07,95.68634796142578,96.28318389585746,94.84159922626633,95.9250837362711,20272500
2023-11-08,94.51104736328125,96.31991628510745,94.47431824241492,95.24561576988069,19184100
2023-11-09,94.5385971069336,95.4659881897161,94.44677780292908,95.1905232723387,18380500
2023-11-10,95.26396179199219,95.8699816825923,94.49267139162374,95.4292393071229,17825500
2023-11-13,96.26482391357422,96.54028883116086,95.31907177141801,95.53944650763286,15308400
2023-11-14,96.63545227050781,97.12655085417408,96.2462806082917,96.6447202823001,18260500
2023-11-15,96.05171203613281,97.43234912555207,95.90345209850294,96.32968881505442,20137600
2023-11-16,94.93977355957031,95.69031997264703,93.72592549507888,95.34748127503035,22469100
2023-11-17,97.25627899169922,97.69178366248674,95.20848660025788,95.49573135357647,22984900
2023-11-20,96.83004760742188,98.10875765284364,96.7651856573517,97.64545598965022,17458800
2023-11-21,96.79298400878906,97.01536683086053,95.64399784709363,96.56133317388307,14989000
2023-11-22,96.37600708007812,96.47793400426153,94.45793861409695,95.05096413511573,18072000
2023-11-24,96.8949203491211,97.7288648496339,96.2833657616938,96.38528563507907,9480800
2023-11-27,96.3296890258789,96.73739678583041,95.60693950190883,96.45941293687748,18013500
2023-11-28,96.27408599853516,97.20995732764132,96.25554997332863,96.58912773282346,20629500
2023-11-29,94.82857513427734,96.90417154634264,94.17995567389562,96.61691972581195,26802100
2023-11-30,95.19922637939453,96.8115213014244,94.33748497948979,95.54207216453429,29254700
2023-12-01,95.4308853149414,96.57061064484954,94.71740378409841,94.97685161349585,17845300
2023-12-04,94.91197967529297,95.77372105769926,94.13362919952804,94.63399584764355,21523900
2023-12-05,93.06803131103516,94.82857180437037,92.92903941171352,94.76370986060982,22250300
2023-12-06,91.83566284179688,93.32749487001594,91.12217427034105,92.66033929597725,31154800
2023-12-07,91.19629669189453,93.43867502063763,90.89051590085985,92.53060772955693,29990700
2023-12-08,92.24337005615234,92.4657528897206,91.50208451836106,91.7522643224475,22074900
2023-12-11,92.30823516845703,92.53061800963323,91.34456676412944,92.47502406669494,22252300
2023-12-12,90.85345458984375,91.4372121122675,90.32529100210168,91.4372121122675,26084000
2023-12-13,91.65959930419922,91.76152623560515,90.49208420351323,90.84419092237405,19915400
2023-12-14,94.12438201904297,94.64327769914419,92.4008990022228,92.52135490812533,26165700
2023-12-15,93.4942855834961,93.5869445107112,92.94758589490783,93.20703371887934,55527000
2023-12-18,94.18922424316406,95.5420641752638,94.06876129307925,94.63398985593611,21610400
2023-12-19,95.4308853149414,95.6162102426704,94.31896402625998,94.51354989830807,18904700
2023-12-20,93.83712005615234,96.31115642382899,93.70739615006265,95.90344867930558,20988900
2023-12-21,94.26335144042969,94.52279921851682,93.41087108031545,94.02243261673947,19250900
2023-12-22,94.4301528930664,95.38455323369595,94.34675491361094,94.8007885857757,12927800
2023-12-26,94.64326477050781,95.46794117919617,94.62473581421679,95.1992253617304,16835100
2023-12-27,94.1985092163086,95.02318571334038,93.9019893285079,94.55061597893706,14558800
2023-12-28,92.83638763427734,94.15216263417582,92.78078662862404,93.94830877543225,16329300
2023-12-29,92.64180755615234,93.20702910501225,92.30822977915206,93.00318230299888,17746400
2024-01-02,94.84712219238281,95.53280671161437,93.44794911430716,93.51281106789092,23483000
2024-01-03,95.64400482177734,96.01464759853994,94.19850576876847,94.7637273432883,23490800
2024-01-04,94.81006622314453,96.89492401867153,94.55988639822759,96.44089030041754,19395200
2024-01-05,95.09730529785156,95.81079388148719,94.63400359346278,95.59767198692222,15827400
2024-01-08,93.5128173828125,93.6240123405034,91.64108154626659,93.33676753658092,23370100
2024-01-09,92.35454559326172,93.85564542539792,91.90977998557669,93.85564542539792,19496600
2024-01-10,91.44648742675781,92.47501771703188,90.95538877939539,92.47501771703188,18206100
2024-01-11,91.42794036865234,92.19702275766392,91.3260134462811,91.77078611384854,15833400
2024-01-12,92.61400604248047,93.26263265741257,91.89125652907792,92.79006294887134,18041700
2024-01-16,90.5198745727539,92.66959384940431,90.37161465809162,92.49353696809828,20235700
2024-01-17,89.86200714111328,90.7700745778843,89.49136434124976,89.50989330000242,18384000
2024-01-18,89.6951904296875,89.96389913013151,88.78711620499051,89.88050823746016,20940300
2024-01-19,89.83418273925781,89.89904468432717,89.33382320267809,89.62106794949642,20088400
2024-01-22,89.7137451171875,89.97319295026064,88.74080867374,89.60255015897476,19955900
2024-01-23,90.72374725341797,91.27043989602019,89.63035489879024,89.70447780208622,15863400
2024-01-24,92.28968811035156,92.33602110354427,90.56620539103194,91.1036370066095,17330600
2024-01-25,94.63399505615234,94.68032805018053,92.30822579992207,92.94757728709253,22089500
2024-01-26,95.44013977050781,95.51426973106855,93.76299006199845,94.48573950391028,20817200
2024-01-29,95.56060791015625,95.62546986661002,94.38382468037427,95.42162305305752,18317500
2024-01-30,97.15435791015625,97.18215487899832,94.60619874810463,94.89345058812495,19610900
2024-01-31,95.26408386230469,97.18215242767249,95.22701888164272,97.05242853006673,22415300
2024-02-01,94.87491607666016,96.37601604288858,94.16143461044558,95.96830830823882,19240700
2024-02-02,94.48574829101562,96.36675203128793,94.15217050689196,96.13510118505887,21973400
2024-02-05,94.09656524658203,94.86564059078457,93.12362898169111,94.00389926369951,17190900
2024-02-06,94.74518585205078,95.47720329522856,94.1150953357346,94.5783969780429,13347900
2024-02-07,94.71739196777344,95.18996163774874,93.75372367207305,94.74518893610923,13826800
2024-02-08,96.33895874023438,96.75592745160247,94.61547581291295,94.82859064070621,19636900
2024-02-09,94.30042266845703,97.1450947561384,94.23556071477398,96.45941023585718,20410500
2024-02-12,95.59766387939453,95.81078575588487,94.51353967972959,94.66179960588327,18173100
2024-02-13,94.77467346191406,96.41129951827733,94.08261644162928,96.10268402748544,18917400
2024-02-14,94.30706787109375,95.97175640036501,93.91427932227488,95.27034521956409,17651300
2024-02-15,97.00984954833984,97.20624383090708,94.08262219906094,94.08262219906094,23196300
2024-02-16,97.00984954833984,97.85153729216404,96.81344813064882,97.27170859176283,20151400
2024-02-20,96.09332275390625,97.37456962593588,95.99980269893187,97.11270348283568,17650000
2024-02-21,98.05726623535156,98.17884872072459,96.31776620958689,96.34582151078916,20991300
2024-02-22,97.97310638427734,98.58099744332928,96.74797012015404,97.41197892019972,20470700
2024-02-23,97.11270904541016,97.34651276379967,96.21490362300919,97.15011849656726,15975900
2024-02-26,97.49615478515625,98.14145535906013,96.37389974239812,97.00049202235269,13360800
2024-02-27,97.2904052734375,98.3378485340445,97.12206630539572,97.89829638776189,16360000
2024-02-28,97.5616226196289,98.59971177771439,97.26235412311658,97.7019062881774,14810500
2024-02-29,97.74864959716797,98.26302060090273,97.46808943295859,97.89828739284457,17566100
2024-03-01,98.98314666748047,99.49751774290931,98.55294864763263,98.87092544020422,18460100
2024-03-04,97.5990219116211,98.99249003450156,97.29039929997283,98.81480406562292,18138000
2024-03-05,98.79609680175781,99.38527959230241,97.56161347743357,97.75800774094843,19952700
2024-03-06,99.85289764404297,100.60107246237834,99.27306893820072,99.71262110883846,20472800
2024-03-07,100.41401672363281,100.98449832857267,99.69389732422614,99.69389732422614,15195400
2024-03-08,101.35858154296875,101.37728983539192,99.85288508343686,100.28309018769423,16281500
2024-03-11,101.95712280273438,102.05064999858037,100.38596152317353,101.23701048653382,17577300
2024-03-12,101.30247497558594,102.20028039937992,101.0312618056185,101.99453198525819,14957200
2024-03-13,102.43408966064453,103.2009656142413,102.04130110431724,102.06935641046582,17122200
2024-03-14,104.24840545654297,104.32322436055054,102.58372408555337,102.71465360000491,22121000
2024-03-15,104.06135559082031,105.02463290176952,103.66856705730116,103.66856705730116,38264400
2024-03-18,105.02462768554688,105.54834570422777,103.90236561464415,104.54766612703514,16770500
2024-03-19,105.76345825195312,106.13754566952285,104.8001879679198,104.9498257889973,14878800
2024-03-20,105.66992950439453,106.05337103807682,104.86564411995587,105.41742462096539,16119700
2024-03-21,106.13754272460938,106.53033842647721,105.27714668265854,105.60447048827855,14878000
2024-03-22,106.13754272460938,106.32458999576639,105.51095042026195,106.12819571239439,14701900
2024-03-25,107.22239685058594,108.27918718929958,106.45552086693445,106.45552086693445,14011700
2024-03-26,106.41810607910156,107.53101411166209,106.06272697989564,107.23174562414037,13152300
2024-03-27,107.52165985107422,107.60582576851161,106.06272686783774,106.12819162644134,12415700
2024-03-28,108.70938110351562,108.90577538194707,107.60582720438397,108.04537936164067,18482100
2024-04-01,109.41079711914062,109.6446008611634,107.90510044970408,108.86837786034202,13817000
2024-04-02,111.55242919921875,111.85169767395021,109.72876304618694,110.28053639782924,19919600
2024-04-03,111.5711441040039,111.99198796883523,111.0380718788265,111.73948307696116,16504300
2024-04-04,111.96392822265625,112.11355889539381,110.95389442496503,111.33733595626616,18467400
2024-04-05,113.50702667236328,114.23649309934295,111.88910187434915,112.20707862733585,21720600
2024-04-08,112.74016571044922,113.85306665532248,112.42218891539694,113.23582849511635,17513900
2024-04-09,113.32933807373047,113.7688902036363,112.54375387376354,113.16099911196063,14132300
2024-04-10,114.28326416015625,114.53577619260003,112.90850417566614,113.36675750382952,17409200
2024-04-11,113.89982604980469,114.74152090547076,112.54376013369723,114.74152090547076,17555900
2024-04-12,112.57182312011719,115.73284699879325,111.91716839137305,114.98467220454957,21556200
2024-04-15,111.926513671875,113.80629752053504,111.71141111665474,113.24516290174238,15029500
2024-04-16,111.00065612792969,112.43153374932602,110.28053667636368,111.81428850512658,18082200
2024-04-17,110.94454956054688,111.61790548201176,109.53238009010556,110.86973778548055,14538600
2024-04-18,110.84165954589844,111.96392163343884,110.32729566567504,111.2905658079392,13821400
2024-04-19,112.11355590820312,113.09553437453711,111.2438057947746,111.44020719613997,21572400
2024-04-22,112.74950408935547,113.69407311967441,110.75749895582976,111.53372902168714,16340700
2024-04-23,113.18905639648438,113.21711170141626,111.71141516566921,112.22578620649833,13929800
2024-04-24,113.20777130126953,113.40416558238567,111.65531107655565,112.50636009651599,12101200
2024-04-25,113.46961212158203,113.8717547664688,111.66464729245615,113.18904483068516,16041000
2024-04-26,110.31793975830078,111.38408408661394,108.69066796273694,111.29056403125931,27289500
2024-04-29,111.88910675048828,112.27254827298813,110.13090535921924,110.13090535921924,17309900
2024-04-30,110.60786437988281,112.41282944344215,110.33665833461288,111.39344861535415,21083300
2024-05-01,108.51297760009766,110.79490411094878,108.16695267304512,110.61721100670684,27777700
2024-05-02,108.70938110351562,109.66330432460965,108.39141145323339,108.72808939772261,25513600
2024-05-03,108.48493194580078,108.55039670553555,106.7360774569955,108.48493194580078,28023300
2024-05-06,109.18634033203125,110.67332860848187,108.85901654178647,109.11152142708288,31401300
2024-05-07,108.64391326904297,109.96256970349056,108.41946369077739,109.682002379316,30122000
2024-05-08,108.62521362304688,109.37338127272452,107.93315658493609,108.21371677789388,18957200
2024-05-09,110.76686096191406,110.85102688255513,108.66262732440124,108.67197433661215,17564000
2024-05-10,110.31793975830078,110.97259441602897,109.96256069390401,110.86036606852969,13648100
2024-05-13,110.27120208740234,111.32799244971072,109.53238139450346,110.74815659151659,15060600
2024-05-14,110.94058227539062,111.00657876577681,109.81864193882559,110.11091108295324,15079100
2024-05-15,111.79853820800781,112.04366390675575,109.44151053720182,110.88401032084268,18244300
2024-05-16,111.12914276123047,112.47736287117775,110.81801338360935,111.76082444810179,15745200
2024-05-17,112.79792785644531,112.97706428061471,111.21400480237666,111.5345643407283,15104500
2024-05-20,111.88339233398438,113.03362303534111,111.77025960472169,112.88277699863156,11551300
2024-05-21,111.11029052734375,112.61878690073947,111.04429403579138,111.62883952745388,14495000
2024-05-22,108.87583923339844,110.74260135885532,108.38557338716231,110.74260135885532,17879300
2024-05-23,107.01849365234375,110.78973818192817,106.87707054386871,108.98896546637413,15979800
2024-05-24,106.93363189697266,108.49870175605712,106.57536627296577,108.27242191587384,12212900
2024-05-28,108.29129791259766,108.5270007189209,106.60366495615376,107.02792713030409,13978300
2024-05-29,107.13162994384766,107.99902168120839,106.35852507732146,107.98016142981015,13902000
2024-05-30,107.4710464477539,107.60303944002982,106.49995206469025,106.79222123428998,14683700
2024-05-31,110.55403137207031,110.77087389649952,107.47103505330466,107.59360509962171,29037400
2024-06-03,107.90472412109375,109.70549671808556,107.25418937386452,109.6489303556511,19589300
2024-06-04,106.22652435302734,106.62250328660997,104.57660493668855,106.53765374073275,19412200
2024-06-05,106.65078735351562,106.71678383854253,105.10457782453312,106.43393764952584,14863500
2024-06-06,107.45219421386719,107.51819071051193,105.69856479664557,106.30196339256283,13154100
2024-06-07,106.30195617675781,108.32900156907658,106.22652955911848,107.28248062683475,13289200
2024-06-10,106.61308288574219,107.68788698417038,106.25481005754746,106.59422263526984,15239700
2024-06-11,105.755126953125,106.22653253696856,104.94430877346781,106.05682623906173,12462400
2024-06-12,104.58602905273438,106.82049380913196,104.21833332223669,106.82049380913196,13606800
2024-06-13,103.74694061279297,104.5200454740583,103.44524133017914,104.50118522278841,14466900
2024-06-14,102.8701171875,103.90720793359034,102.37985139933372,103.72807152717448,13313400
2024-06-17,102.16300964355469,103.20010039739871,101.99330336070183,102.92668431985368,21147900
2024-06-18,103.12467956542969,104.3880502292863,102.57785457276275,102.7946971061277,17762900
2024-06-20,105.3497085571289,106.17938691497329,103.32266328704692,103.6243697394105,17433200
2024-06-21,104.42576599121094,106.2548147484882,104.42576599121094,105.50057013708961,52212500
2024-06-24,107.5276107788086,107.98015608687746,105.25543253399788,105.25543253399788,16266700
2024-06-25,107.82931518554688,107.99902148242701,106.9713535754644,107.58418226936926,14188900
2024-06-26,107.86702728271484,108.25357611438228,106.66965309233119,107.8481670315633,15771800
2024-06-27,108.32899475097656,108.41384429567186,107.58417313309214,108.41384429567186,16812700
2024-06-28,108.53643035888672,109.87522056646475,108.12159111983148,109.23410864841517,24565900
2024-07-01,108.38557434082031,110.06377712053927,107.98016523839888,109.0926827385499,11972900
2024-07-02,107.65018463134766,109.3095343809569,106.9996425923309,109.27182106925228,13326700
2024-07-03,108.19700622558594,109.04553767283147,107.7350235974268,107.7350235974268,7732900
2024-07-05,106.88648986816406,108.07442659592357,106.2453780751972,108.05557354013516,12631000
2024-07-08,105.76455688476562,107.05621077163475,105.04801838457647,105.96254636644717,13350500
2024-07-09,104.59546661376953,106.10396294781643,104.29376734696015,104.75574277577621,11727000
2024-07-10,105.51941680908203,105.55713011633122,104.10520015608765,104.57660570708578,10004100
2024-07-11,106.77336883544922,106.83936533199523,104.58604713025191,105.05745273217443,13082700
2024-07-12,106.79222106933594,107.62189952587856,106.18882247898416,107.47104628175133,11684900
2024-07-15,108.62127685546875,109.5169518060933,107.08449719793788,107.73503203085122,13032500
2024-07-16,109.40380096435547,109.69607010372333,107.20704937386853,107.8104479027377,13614100
2024-07-17,110.91230010986328,111.42141898025865,109.8846394368438,110.06376865920433,13602800
2024-07-18,112.00596618652344,113.06191005859658,110.72374246208193,111.20457096393888,13033600
2024-07-19,109.43209075927734,112.08138780996985,109.24353140501559,111.80797171113552,16157700
2024-07-22,108.67784118652344,109.30953014172918,108.02730636581435,108.59299163328774,12065900
2024-07-23,106.92420196533203,108.58354419291433,106.69792213996212,108.24413164793674,11251700
2024-07-24,108.43270874023438,108.61183796143567,106.60365286877048,107.26361777441313,14925200
2024-07-25,110.71430969238281,111.27999492363689,108.00843919866479,108.5835545551452,17021700
2024-07-26,110.62003326416016,111.27999818780226,109.80921510478373,110.09205413216827,11252500
2024-07-29,109.46037292480469,110.67660016978985,108.7815477468522,110.61060367710436,8861800
2024-07-30,111.4119873046875,111.8173963703013,109.58293863991558,109.70550149488611,12483900
2024-07-31,111.80796813964844,112.91106262538618,111.77968495672046,112.79792270059619,15137700
2024-08-01,110.26176452636719,112.65650578462116,109.70550938333622,111.58170161581688,15051500
2024-08-02,110.19576263427734,112.07196196794222,108.81925924328239,109.33780824365772,20403800
2024-08-05,108.20642852783203,109.39437254705994,106.77335879766535,108.93239711466829,18025900
2024-08-06,107.63131713867188,109.01724339430027,107.13162122040407,107.9047260239784,13647800
2024-08-07,109.06438446044922,110.42203469799412,108.66840553885783,108.84753475020007,13660700
2024-08-08,111.14800262451172,111.35542222229529,109.11153434089066,109.44151679505634,13851000
2024-08-09,112.05309295654297,112.48678518064142,110.64830649228085,111.14799520280565,12151900
2024-08-12,112.19451904296875,113.2976062853719,111.27056101530775,112.71306801661693,13228900
2024-08-13,111.11971282958984,111.73254146119021,110.78030027033665,111.51569175102604,11585100
2024-08-14,112.14737701416016,113.04305187138408,110.902866654917,111.34598902101715,12194500
2024-08-15,112.84117889404297,113.69653448576678,112.26143337014851,112.38498296093368,11579400
2024-08-16,112.30895233154297,112.6035817503446,111.82425274920314,112.13787975807344,10056000
2024-08-19,112.65110778808594,114.52340022157621,112.30896260983445,112.52755818243538,12417500
2024-08-20,108.89701080322266,112.76514480264333,108.83048298508966,112.76514480264333,15632000
2024-08-21,108.20321655273438,109.83790840208923,108.11768389249508,109.30568584685314,11752400
2024-08-22,109.03956604003906,109.3056772968416,108.00362464635731,108.13668027475856,10609500
2024-08-23,110.55071258544922,110.93087467139486,109.32469366504361,109.32469366504361,10381400
2024-08-26,112.91720581054688,113.04076265265249,111.12094746151787,111.91928853385764,13671000
2024-08-27,111.84325408935547,113.48745195240096,111.57714281695235,113.05976690662021,9991600
2024-08-28,110.74078369140625,111.74821424939334,110.49368451296505,111.19697961873848,10742900
2024-08-29,112.27093505859375,112.89820357641275,110.57922142106521,111.38706130684149,10753900
2024-08-30,112.09037017822266,112.16639679761037,110.5222060439012,110.99740685727201,13284700
2024-09-03,109.74286651611328,110.33211082776874,108.38379202966762,110.09451044378166,15725100
2024-09-04,108.40279388427734,110.38913681021462,108.32676727424654,109.57179093173166,12620600
2024-09-05,107.55693817138672,109.56228595667498,107.4618994696787,109.3627025077917,17200800
2024-09-06,107.05323028564453,108.51684954650545,106.18836864344713,107.95610886005774,13467700
2024-09-09,109.3056869506836,110.38914416392043,107.07224470413358,107.27182816436262,21645300
2024-09-10,105.3235092163086,109.67635045789116,104.70574670150938,109.39122706614104,20913400
2024-09-11,104.2780532836914,105.447043063021,102.42476601621118,105.28547654896535,19571900
2024-09-12,105.71317291259766,105.80821162217889,104.31608140368841,104.44913704729989,15919500
2024-09-13,105.63713836669922,106.89166817769235,105.42804885636892,105.94126658600094,10035400
2024-09-16,107.11975860595703,107.48090858721604,106.15035220837316,106.49249734892946,11729000
2024-09-17,108.51686096191406,108.69743959618799,106.55903587827139,106.7491133083572,12202600
2024-09-18,108.89701080322266,109.89492807521766,108.1651975527713,108.45032091676322,12569900
2024-09-19,110.24658203125,111.74821825087841,109.47675908048605,110.39864976280208,12660600
2024-09-20,109.55278778076172,109.78088938243208,108.58338135212308,109.73336640267024,36206200
2024-09-23,111.53912353515625,111.94779648087645,109.41022614979411,109.60980959989168,16066300
2024-09-24,111.2445068359375,112.29945316030067,111.03541733006537,111.995317696495,11984900
2024-09-25,109.07757568359375,111.24449716897605,108.38378665729466,110.71226740455454,13816000
2024-09-26,107.20529174804688,107.85156505596231,105.62762178275791,105.62762178275791,16887900
2024-09-27,110.07550811767578,110.33211334780798,107.63297640453946,108.11768322922077,15964000
2024-09-30,111.40606689453125,111.56763341205595,109.25815743753829,109.73335819566137,13247600
2024-10-01,113.9816665649414,114.61843391003872,110.18006008533158,110.28460484359996,23235900
2024-10-02,115.4927978515625,116.72832281708796,114.23826804470082,115.88246598334729,17129700
2024-10-03,116.50022888183594,117.06096234061363,114.93206480491574,115.85395550926835,16524300
2024-10-04,118.63862609863281,118.98077123345851,116.35766095012426,117.0894669462308,19752300
2024-10-07,119.15184020996094,120.0737235860817,118.66713340840089,119.03778941812678,15714400
2024-10-08,115.98700714111328,117.86879816755228,115.24569508518347,117.73574252935917,14818500
2024-10-09,116.03451538085938,116.50021733547239,114.80850382962036,114.90354252919862,11144900
2024-10-10,117.0324478149414,117.56467036957402,116.22460793709162,117.05145990674313,10243300
2024-10-11,117.47913360595703,117.87830050798883,116.84236632162225,116.99442679578227,8294800
2024-10-14,117.92583465576172,118.0969072372648,116.53824916178733,117.12749352508436,9808100
2024-10-15,114.38082885742188,115.90146993727976,113.83910024612912,114.82751876078389,15771300
2024-10-16,114.67545318603516,115.41676522636052,114.61842416301823,114.89404147947043,8426800
2024-10-17,114.38082885742188,115.54982599283711,113.77257242547873,114.77049698622316,11204900
2024-10-18,114.05769348144531,114.6564438551261,113.24034755807814,114.4663664431289,12898600
2024-10-21,114.12422180175781,115.45478544454487,113.78207665787005,114.97958466147725,10177800
2024-10-22,114.71346282958984,115.17916480430054,113.99116288083341,114.29529108320146,9201400
2024-10-23,114.30479431152344,114.76099025826456,113.47794958135124,114.01967818942525,8320300
2024-10-24,113.65852355957031,114.4663707182009,113.22133969485812,114.04819169500283,9905600
2024-10-25,113.5634765625,114.45685631923108,113.40191004296003,114.23826077733305,10714600
2024-10-28,113.00274658203125,113.10729133338452,110.97838662490743,110.99739871660172,11844500
2024-10-29,111.46308898925781,113.25934728010643,111.26350554038443,112.69861386436521,14731000
2024-10-30,110.90235900878906,112.40398794458676,110.70277555373346,111.8242496709424,12303700
2024-10-31,110.9878921508789,112.78415050518808,110.89285344581795,111.33954333569169,20512000
2024-11-01,109.2486572265625,114.0006650615759,109.14411247411313,113.98166022067079,20939300
2024-11-04,112.72713470458984,112.81266736837966,110.18005811867567,110.31311376300792,14965400
2024-11-05,113.05977630615234,113.2973767121213,112.15689766386586,113.17382711137347,10436700
2024-11-06,114.99858856201172,115.86345746059717,113.38290881318875,115.14115024596397,20807700
2024-11-07,115.14115142822266,115.47379052686777,113.67753214319558,115.28371311363871,12184400
2024-11-08,115.10314178466797,115.39776396912751,113.72506232401449,114.97959218334374,12836000
2024-11-11,114.494873046875,115.58783625244514,114.11471098611301,114.99858469571464,11969700
2024-11-12,114.38082885742188,115.2932135053366,113.89612202068984,115.12214093066581,11972800
2024-11-13,115.44527435302734,115.99650897753111,112.90770402258894,114.58991153069186,15127900
2024-11-14,115.52192687988281,116.78676522854684,115.3015424227038,116.57596492924489,13041800
2024-11-15,114.32417297363281,116.1735208341901,114.15169466967411,115.3686269560969,19051700
2024-11-18,115.28237915039062,115.57942957301114,114.28583869412319,114.7841125775423,14239700
2024-11-19,113.6725845336914,114.74578363877816,113.26055345241951,114.74578363877816,11584400
2024-11-20,115.2919692993164,115.43570243894695,113.68217421871104,114.1900249762439,11360900
2024-11-21,116.8346939086914,117.42878749466824,115.24405978038473,116.0202158368614,14675400
2024-11-22,116.70053100585938,118.06118901634912,116.55679787842554,116.72927616923202,13323400
2024-11-25,114.95659637451172,116.786775925863,114.61163976504541,116.35558381931568,26580300
2024-11-26,113.04017639160156,114.6787166657229,112.9251884158387,114.53498352366216,14827300
2024-11-27,112.74312591552734,113.76841153994036,112.52273413731335,113.15514968638817,11079100
2024-11-29,113.03058624267578,113.5480211403306,112.06279093536375,112.53231966191792,9426500
2024-12-02,112.92518615722656,113.26055860827967,111.93822981102554,113.11683277966486,12687300
2024-12-03,112.7527084350586,113.75883310398899,112.35984565052914,113.75883310398899,11756600
2024-12-04,109.5043716430664,112.63772627161798,109.10192470508196,112.58981278875603,19520600
2024-12-05,109.98347473144531,110.78837589970429,109.29356153310073,109.91640024330464,15751200
2024-12-06,108.82404327392578,109.97389376415201,108.75696878383877,109.75350928696803,16171100
2024-12-09,108.1820297241211,110.13678115634518,108.03829660355443,109.84931491521186,17412600
2024-12-10,107.9616470336914,109.1210816320043,107.08009454233179,108.843199525051,20990900
2024-12-11,107.24298095703125,107.69334132860274,106.4668323314712,107.31963959699453,32392200
2024-12-12,107.14716339111328,107.68375926012621,106.15062298396755,106.9267716245856,14543300
2024-12-13,106.2081069946289,107.22381565702837,105.64276599632984,107.22381565702837,13106100
2024-12-16,103.9371566772461,105.78650434801851,103.64011358280044,105.59485774630329,20256100
2024-12-17,103.49639129638672,103.64970128324182,102.32737249051073,102.75856459602251,17554000
2024-12-18,101.97281646728516,104.28210856792606,101.86741266871657,103.0747606183213,17114500
2024-12-19,101.10086059570312,103.17059288050409,100.81339432615562,102.90229492789757,20565600
2024-12-20,101.44581604003906,101.7045298312298,100.45885242479969,101.04336180514004,40141200
2024-12-23,101.85784912109375,102.14530808243752,100.53551304297109,100.90921481011767,12285100
2024-12-24,101.95366668701172,102.7106543643523,101.28291450313701,102.06864734496621,7807000
2024-12-26,102.03990173339844,102.55733662363897,101.51288999541752,102.06864689776111,9652400
2024-12-27,102.03031921386719,103.47721268387593,101.34998291243956,101.85784092670829,11943900
2024-12-30,101.34040832519531,102.10697282144176,101.10085554938632,101.8578431982112,11080800
2024-12-31,103.07476806640625,103.39097948496116,101.35956931461604,101.73327105997346,12387800
2025-01-02,102.82563781738281,104.44501702625519,102.41360672384722,103.7551038174913,12685400
2025-01-03,103.35264587402344,103.95631621210673,102.96935998658331,103.48679483804194,14237900
2025-01-06,103.23766326904297,105.19241481685764,103.02685565448886,103.7167688255494,15623700
2025-01-07,104.20545959472656,105.4607138260942,103.75509919736149,104.38752204742411,12625900
2025-01-08,102.46151733398438,103.20892085233585,101.57996484108627,102.82563493481513,17858100
2025-01-10,102.08781433105469,105.4990436032309,101.35957182769468,104.15754656353744,19304500
2025-01-13,104.72289276123047,105.04868102853638,102.65315326103794,102.65315326103794,17073400
2025-01-14,105.13492584228516,105.17325516456734,103.32390740023322,104.24378920329367,11191200
2025-01-15,106.85012817382812,107.06093579807882,104.89537653610036,105.45114076174835,14521100
2025-01-16,106.66806030273438,107.0226010446746,105.93024096586161,106.54349549043836,10366600
2025-01-17,107.62627410888672,108.15329315598468,106.18895741015127,106.39018087070575,19298500
2025-01-21,106.81179809570312,107.49212713516081,106.48600250309794,107.36756231742493,20416300
2025-01-22,104.9528579711914,106.90760944325032,104.82829316313263,106.55306871337025,15718000
2025-01-23,105.54695892333984,106.49558590848726,105.0295240285583,105.70026890480983,13726800
2025-01-24,104.11922454833984,106.08355297195963,103.87967176663713,105.63319257266721,14235900
2025-01-27,105.56611633300781,105.83441427436773,103.86050172530209,104.45459524586377,15926700
2025-01-28,103.5251235961914,106.23686264519839,103.28557083166224,105.79608643573314,15862000
2025-01-29,104.1288070678711,104.23421088240727,102.97895657729426,103.2089252132954,12345500
2025-01-30,104.9911880493164,105.25948598280748,104.15754177548028,104.67497663745749,14346300
2025-01-31,102.3656997680664,105.9302464456706,101.66620240604519,105.9302464456706,20376500
2025-02-03,102.61482238769531,102.81605315042418,100.91879197060571,102.18363032029454,14623200
2025-02-04,105.36489868164062,105.6715259615973,102.07823409777491,102.25071239966123,14835700
2025-02-05,105.28823852539062,105.41281065365033,104.54083499811607,105.15408954924241,13364400
2025-02-06,103.89883422851562,106.40935004774677,103.47721898742789,106.1410447876004,13411400
2025-02-07,104.33960723876953,105.14450837309604,103.7934271982007,104.2342034317676,10051600
2025-02-10,106.33268737792969,106.39017770478569,105.28823347309894,105.412805595381,12142200
2025-02-11,107.0034408569336,107.80834205069024,106.18896281497555,106.93636636666814,12713100
2025-02-12,103.78404998779297,106.56838696936224,103.61969881206466,106.39436590801415,18244100
2025-02-13,104.53813934326172,104.80884451030418,102.98161966858515,103.5906970744787,15460000
2025-02-14,104.64448547363281,106.56838703527133,104.50913657871855,104.91518326346134,15733500
2025-02-18,106.48136901855469,107.30313224435513,104.72182607146758,105.02152613152201,20060300
2025-02-19,106.63606262207031,108.40526816048438,106.40402962034253,107.0807814781061,10964700
2025-02-20,108.27959442138672,108.68564113023604,106.29768818025332,106.89709573328946,16325800
2025-02-21,107.01311492919922,108.1345783498188,106.8874285333286,107.62218500778003,14710000
2025-02-24,107.5738296508789,108.14423486508659,106.65538970334406,107.24512731208497,13153500
2025-02-25,106.08499908447266,108.40527013634808,105.27289831554684,107.60284662928936,14497000
2025-02-26,105.82395935058594,106.22034352047041,104.9151818886744,106.0946571368673,10446400
2025-02-27,106.49104309082031,107.59317402540808,105.64994006138792,106.3556941954121,15293200
2025-02-28,107.63184356689453,107.87353907079434,105.70794204515981,106.45236832770962,18821700
2025-03-03,104.18042755126953,108.43426971074535,102.9719500841435,107.98954351199721,18706900
2025-03-04,103.96774291992188,105.34057166567978,102.42089310949315,102.82693980173786,19394900
2025-03-05,101.93750762939453,102.79794311376263,100.22629917102681,102.32421457107206,24822200
2025-03-06,104.04508972167969,104.51881087386532,100.89337808722017,101.92783461397111,17150200
2025-03-07,105.3985824584961,106.73274649181971,104.70250553463065,104.80885215687998,19625000
2025-03-10,108.08623504638672,108.83065397192892,105.45658671684892,105.64994017450721,22749100
2025-03-11,105.53392791748047,108.37626201568195,105.17621591787368,108.20224095857073,19904700
2025-03-12,105.50492858886719,106.47171069501778,104.81851417861573,105.42759162610635,14051500
2025-03-13,105.06021118164062,107.13879421426864,104.05475689199818,104.73150880139175,17767800
2025-03-14,108.18292236328125,108.45362018088122,104.71217066372151,105.32124812928375,15890100
2025-03-17,109.98113250732422,110.69654918789806,108.01856604685427,108.0862404980442,19908800
2025-03-18,109.86510467529297,110.73520994086566,108.83064824176802,110.3001536200987,15998700
2025-03-19,111.5763168334961,111.9726936274922,110.04879946667063,110.40650409462492,17315000
2025-03-20,112.05004119873047,112.60110667282414,110.41617717204844,110.90923808338333,16230800
2025-03-21,111.663330078125,112.13705123136893,110.55152921254437,111.663330078125,41102800
2025-03-24,111.953369140625,113.02649785221462,111.74067590035145,111.83735263430434,14207500
2025-03-25,112.71710968017578,113.7322337291251,112.10803967638297,112.56242839589436,12081800
2025-03-26,114.34130859375,115.22108379036823,113.77091073076934,113.77091073076934,14110800
2025-03-27,113.97393798828125,115.11474112938355,113.3648679376782,114.17696133848227,12740800
2025-03-28,113.81925201416016,114.52499876785832,113.34552350719942,114.17695664582908,10233400
2025-03-31,114.97938537597656,115.92683499640438,113.87725446859893,113.87725446859893,21652300
2025-04-01,115.08573913574219,115.3177647685588,114.01261044201776,115.25976020434511,12425400
2025-04-02,114.72801971435547,114.89237088633742,113.75157519190171,114.45732193086486,12614600
2025-04-03,108.6953125,111.61499121543217,108.50195902913613,110.57087214642034,21204600
2025-04-04,100.87403869628906,107.14845970677571,100.38098514613496,106.22034979500326,30841300
2025-04-07,99.52055358886719,102.28555103646971,95.18936645473248,97.0552562375417,35068500
2025-04-08,97.4226303100586,102.0921896874442,95.72109910137408,101.95684078166163,27147800
2025-04-09,102.2855453491211,103.03963417909021,94.87032131051387,96.0691363808891,30063300
2025-04-10,96.61053466796875,100.33264424386992,94.55129146907367,100.26496979252488,33999300
2025-04-11,99.71390533447266,100.47766407958805,95.50840466915905,96.96824770733971,22884600
2025-04-14,99.95559692382812,101.59912348087778,99.30785471171718,101.54111891739375,18020000
2025-04-15,99.67522430419922,101.90849577523994,99.57854757785961,100.19728747758687,13164900
2025-04-16,100.7290267944336,102.0825157991999,100.2552982668035,100.49699378564918,13607000
2025-04-17,103.36833190917969,104.94419132393493,100.99004902277103,101.21241213301136,17916500
2025-04-21,101.8504867553711,102.1211845472586,100.66134897301362,102.10185215182162,16926500
2025-04-22,104.70249938964844,105.3212393140787,102.61424661272504,102.61424661272504,13147000
2025-04-23,103.80339050292969,105.66928013899299,102.93328518995376,105.19555162772954,14235700
2025-04-24,105.02153015136719,105.2632256609104,103.40700591784936,104.38345784167315,9849600
2025-04-25,104.96353149414062,105.14722245203477,103.85173061250485,104.54781489930159,11245800
2025-04-28,105.02153015136719,105.6209376703805,104.10309016548764,105.1375466512941,13890900
2025-04-29,104.76050567626953,105.21489442924099,103.94840490211672,104.16109813763202,9483100
2025-04-30,102.12118530273438,103.85172605763076,100.6903519990406,103.85172605763076,20379300
2025-05-01,102.2662124633789,103.36834350077051,101.49279118546954,101.60880032037669,18610300
2025-05-02,102.68192291259766,105.37924577676985,101.07706850966261,104.14176590560021,16581900
2025-05-05,99.8395767211914,101.18341052512184,99.64622326610179,101.1737406395789,19624000
2025-05-06,101.23174285888672,102.45956013578055,100.04260512326975,100.43898190982163,16303400
2025-05-07,101.13506317138672,101.79247521057286,100.61300001885998,101.50243766718206,12332200
2025-05-08,102.54656982421875,103.82272181123383,101.84081569553878,101.84081569553878,19196500
2025-05-09,103.7453842163086,104.17077069826132,102.846276573248,103.58103303044942,10992100
2025-05-12,105.53392791748047,106.77140771206633,104.72182719230763,106.60704916437807,14244600
2025-05-13,105.82395935058594,106.8390834251025,105.39857290016582,105.68861045744525,13350800
2025-05-14,104.87652587890625,105.24390042305033,104.34479277136418,105.24390042305033,15494900
2025-05-15,105.94001770019531,106.00831544180177,103.39347592274727,103.9008295112673,15004300
2025-05-16,105.55950164794922,106.24247907048462,104.83748843681681,106.00831644617186,14042500
2025-05-19,103.88131713867188,104.95457053429604,103.14955244476057,104.95457053429604,16802700
2025-05-20,102.39826965332031,104.12523849609568,102.23240477623206,103.80326024488056,12429300
2025-05-21,101.1396484375,102.41779514644696,101.12013054233822,101.98849077963902,16716100
2025-05-22,100.46642303466797,100.95426620182172,99.41268000708081,100.55423123168556,13417400
2025-05-23,100.52495574951172,100.9542600926748,99.58829781852495,100.10541035339202,12061600
2025-05-27,101.00304412841797,101.3347813465899,100.39812337676253,100.97377472996959,13043600
2025-05-28,99.62732696533203,101.89091884442455,99.31510765248808,101.75432336029878,14292400
2025-05-29,100.19322967529297,100.3493356142531,99.27608216075384,99.79319471464648,13825300
2025-05-30,99.81270599365234,99.90051418276684,98.729693664535,99.67611051465514,28645800
2025-06-02,100.54447937011719,101.32502396844771,99.73465792898901,101.22745682414339,17290500
2025-06-03,101.2762451171875,102.1153359654938,99.72489996503198,100.39812592199532,19194300
2025-06-04,99.81270599365234,102.36899919536742,99.81270599365234,101.39331294887579,15648500
2025-06-05,99.35413360595703,100.54447203374446,99.25656646877184,100.47617429332529,13924800
2025-06-06,101.73480224609375,101.95921335942366,100.1834646780967,100.26152136481105,15487800
2025-06-09,102.41779327392578,103.27639454794776,101.3055114747103,101.79335463029238,17087300
2025-06-10,104.61308288574219,105.03262827889746,103.35444670627638,103.5008011353111,17634800
2025-06-11,106.65225982666016,106.73031651189318,103.87155554931704,105.13995063072032,22648200
2025-06-12,107.06206512451172,107.51087994664228,105.58877667010975,106.27175412902669,17469400
2025-06-13,109.39395141601562,109.7939789310429,107.9889607519484,109.6183550980345,28540200
2025-06-16,109.74520111083984,110.40866810959282,108.42801861697882,109.1012445632726,22986100
2025-06-17,111.22823333740234,112.1356218544896,110.35987316387636,111.1794460469769,19451700
2025-06-18,110.43793487548828,112.43808732770862,110.19401330005441,111.82340763741772,17968900
2025-06-20,111.91121673583984,112.24295395193641,110.4281768205318,110.69160884881502,36273300
2025-06-23,109.02317810058594,114.10650250500248,108.45728574016194,113.86258094561266,26631100
2025-06-24,105.70584869384766,108.24263899356436,105.28631073684204,106.59372678752763,24828300
2025-06-25,105.7351303100586,106.58397265345178,105.08141481129995,105.4814497798522,17483200
2025-06-26,107.31573486328125,107.754798167935,105.91075164251828,106.29126870688073,18304800
2025-06-27,106.72056579589844,107.42306112938387,105.73512798343852,107.26695519077366,22002100
2025-06-30,105.17898559570312,106.19369279204032,105.10092890555543,105.9985585105668,19199000
2025-07-01,106.58396911621094,106.97424512421564,104.5447883263273,105.50095672984834,15536900
2025-07-02,108.34996032714844,108.65242068061183,106.18393567537696,107.32548679383102,11892200
2025-07-03,109.47200012207031,109.73543959222857,107.93042142205663,108.16458405027839,11223600
2025-07-07,108.40850067138672,109.32564813552597,107.5401404976829,108.82804605988709,15415900
2025-07-08,111.41361999511719,111.67705201847662,108.15482391107088,108.1938522559937,17913400
2025-07-09,111.0331039428711,111.49167025110323,110.5159839508808,111.15018153480453,10652100
2025-07-10,112.13562774658203,112.46735751844028,110.32085061705125,110.94528925905155,14901700
2025-07-11,112.62347412109375,112.94545239867706,111.72584447803968,112.05757425938297,11683900
2025-07-14,111.15017700195312,112.42833106496879,110.46719959720843,112.42833106496879,13220300
2025-07-15,110.16474914550781,111.28678249079218,109.86228131572423,110.89651390663906,10959300
2025-07-16,109.50127410888672,110.74039240497638,109.37443012882311,110.13546423362257,11158900
2025-07-17,108.94513702392578,109.50127792325922,108.38898868069654,108.77926469374889,13151400
2025-07-18,105.14971160888672,109.01343599324838,104.73016619282146,108.40850779402297,32366600
2025-07-21,105.42291259765625,106.12540051346907,104.82774333145267,104.98384927589017,17010400
2025-07-22,105.90099334716797,106.7791125179861,104.99360477797187,105.35461139372372,13970900
2025-07-23,107.25719451904297,107.32549226181739,106.20345153575562,106.28150822575371,12002700
2025-07-24,108.0962905883789,108.25239653207791,106.47664768961259,106.99376770309911,15647200
2025-07-25,107.71576690673828,108.2816667362299,107.0327820437291,108.03774516598995,10548900
2025-07-28,108.73048400878906,109.38419204538687,108.1450662717625,108.30117965334179,12353000
2025-07-29,110.13546752929688,110.2525525658064,108.70121491250794,109.17929911810425,15928000
2025-07-30,109.1792984008789,109.87203478024404,108.55485976472171,109.67690049790582,12996900
2025-07-31,108.92561340332031,109.76470418191144,107.67673618231827,107.67673618231827,17233700
2025-08-01,106.9742431640625,109.80373486538052,106.21320905654085,109.2768633808127,19652000
2025-08-04,104.75943756103516,107.24743308489198,104.48623915237691,106.56445567298512,19129500
2025-08-05,104.63259887695312,105.19849872911217,103.49104766903966,104.61308842586648,21314300
2025-08-06,103.92034149169922,106.39858538651407,103.78374601625939,105.67657222330915,15321800
2025-08-07,103.37396240234375,105.4326611285925,103.31542360531733,104.53503150267342,13468300
2025-08-08,104.20330047607422,104.89603686018451,103.37396116071662,103.91059160666616,14417700
2025-08-11,103.25688171386719,104.91554542700594,102.96417284971534,104.50575897230986,13570700
2025-08-12,103.5495834350586,104.67162415904068,103.20809472181944,103.75447666300208,14109400
2025-08-13,104.98384094238281,104.98384094238281,103.16906388848864,103.42274440244574,17958700
2025-08-14,104.7691879272461,104.97408114859478,103.85204790462278,104.93506024881967,13683500
2025-08-15,104.86766815185547,105.92136685755888,104.3358939200289,104.5722430318389,19271900
2025-08-18,105.09416961669922,105.59640209792867,104.06016289296167,104.48361233533863,13040000
2025-08-19,105.78350067138672,105.82289219016042,104.53285188126867,104.58208564486281,16113600
2025-08-20,106.8765869140625,107.66440223383027,106.03953783253654,106.23648790589664,18959700
2025-08-21,107.56593322753906,107.90074987365453,106.31527690078036,106.76826810543525,12194900
2025-08-22,109.58470153808594,109.7127258590581,107.93029522926028,107.93029522926028,13586700
2025-08-25,110.03768157958984,110.21493964871304,108.85596612754429,109.21048226579067,9744900
2025-08-26,109.79148864746094,110.10661326432938,108.67870648764875,109.67332161186246,18143900
2025-08-27,111.03230285644531,111.25880221241029,109.72256302402589,109.72256302402589,15262600
2025-08-28,111.62316131591797,111.9185939536985,110.36266275262726,111.150478111266,14189800
2025-08-29,112.54883575439453,113.0412184425248,111.84965323882919,111.98751979045258,14597900
2025-09-02,112.9427490234375,113.48436549941368,111.60346744407637,112.44051655288608,15206700
2025-09-03,110.2051010131836,112.68670654900797,109.76195206928233,112.23371536045128,14920100
2025-09-04,110.68763732910156,111.40651189533574,109.68317236956777,110.40205444896604,12864400
2025-09-05,107.56593322753906,110.07708061289752,107.35912587180405,109.89982253167047,16826700
2025-09-08,108.17648315429688,108.37344075214881,106.69933497964604,108.05831610874986,15440500
2025-09-09,108.96429443359375,110.79595870253287,108.84611987931373,108.84611987931373,14899500
2025-09-10,110.7861099243164,110.84519344539693,109.1513957182256,109.46652786575879,15837600
2025-09-11,110.43159484863281,111.05199436552122,109.18094605685853,109.70287053326427,11534500
2025-09-12,110.4512939453125,111.49514289416113,110.17555331457825,111.1406267392382,11105700
2025-09-15,110.63839721679688,110.74672201775333,109.62409000162666,110.47098889283298,12880500
2025-09-16,112.93289947509766,113.56314874735921,111.06184366106196,111.23910173845827,17208000
2025-09-17,113.53359985351562,113.73054992128681,112.31249290437461,112.78517607229085,13302000
2025-09-18,112.19432830810547,113.59269344754908,111.67240382036694,113.4154353655658,14628700
2025-09-19,111.10123443603516,112.24356593009016,110.92397635982539,112.16478289329383,38746500
2025-09-22,110.31341552734375,111.08153884152429,109.8604243501585,110.7368649449766,15611500
2025-09-23,112.2140121459961,113.00182745596544,110.76641334716011,111.00275493488547,25369100
2025-09-24,112.81472778320312,113.99645083356756,112.72610249883698,112.82457754140964,14756100
2025-09-25,113.82903289794922,114.13431529140912,112.66701689858705,112.89350874101174,15012600
2025-09-26,115.4342041015625,116.55683608287912,114.15400604622617,114.1933975647311,18568900
2025-09-29,112.47990417480469,114.72516806443159,111.93828020442817,114.29186888813037,19189300
2025-09-30,111.03230285644531,111.76102717505447,110.23464525787536,111.62316061513285,18076200
2025-10-01,110.28387451171875,111.29818166673253,109.59454174030076,110.8451904864916,16614000
2025-10-02,109.59454345703125,111.36711668837108,109.33850234656653,110.26418423682554,13062600
2025-10-03,111.53453063964844,112.01706357907244,110.19524910261698,110.19524910261698,12950100
2025-10-06,112.460205078125,113.02152105262063,111.45574768124577,111.5640724757242,12036800
2025-10-07,112.51929473876953,112.76548608446156,110.03768176682227,112.33218691183123,11945000
2025-10-08,112.28295135498047,113.2578745430427,111.68225135301425,112.63746751188236,12301000
2025-10-09,111.18986511230469,113.75025365409283,111.02244928401116,112.68670521709716,10976200
2025-10-10,109.04307556152344,110.90428155817044,109.02337604623959,110.54976541469829,13811600
2025-10-13,110.53006744384766,110.58915847736117,109.62408507038785,109.84073466255515,10296500
2025-10-14,110.57930755615234,111.2390985703282,109.02337642256091,109.07261769777679,11167200
2025-10-15,109.90966796875,111.83980727002569,109.27941870764626,111.08154121041032,12182900
2025-10-16,108.9544448852539,110.48083428335909,108.7082535315701,110.17555189583973,11782200
2025-10-17,110.53006744384766,111.18986597812913,109.48621851412935,109.92935994307969,13460100
2025-10-20,110.9830551147461,111.42620404282175,110.27403035351949,110.29372235529097,9523600
2025-10-21,110.99291229248047,111.63301133371802,110.28387997068897,111.17017037292834,9202300
2025-10-22,112.96244049072266,113.42528144049153,111.35727555995079,111.72163395713265,12938800
2025-10-23,114.21309661865234,115.06983772488677,113.60253935404117,114.85318813056784,15001100
2025-10-24,113.632080078125,114.69562852426475,113.42528024356957,114.57745397030573,9919400
2025-10-27,114.1737060546875,114.22293981815812,113.34649918884276,113.93735694263816,10975400
2025-10-28,113.2775650024414,114.41004673749381,113.23817348408193,113.73055619382959,9535200
2025-10-29,114.67593383789062,115.26679911940428,113.06091909825868,113.16924389899191,12570600
2025-10-30,112.9427490234375,114.74486404159735,112.78518294908257,114.65623875964566,16172900
2025-10-31,112.6177749633789,113.47452359060154,110.90428522209764,112.24356680542397,20213400
2025-11-03,112.02691650390625,113.23817376552417,111.90874194853409,112.75564081245807,12290300
2025-11-04,112.40113067626953,112.60793052436773,110.79596565731816,111.65270681184438,16860700
2025-11-05,111.94813537597656,113.4252835340798,111.93828561790328,112.3518852990128,12400900
2025-11-06,112.7556381225586,113.18893730208913,111.90873927883824,111.90873927883824,14219700
2025-11-07,115.4342041015625,115.71978697585025,113.14954862042434,113.45482349738259,17181100
2025-11-10,116.4189682006836,116.64546003805616,113.70101356006596,115.650852381483,13048000
2025-11-11,117.9552001953125,118.96950737055927,117.01967605641752,117.01967605641752,16077100
2025-11-12,116.32048797607422,117.46281189614037,115.9955136014661,117.285553829369,13790900
2025-11-13,116.98028564453125,117.93550930812972,116.47805317449375,116.82271957033755,17291900
2025-11-14,118.50015258789062,118.68889697657293,115.88756919075867,117.66571049271275,17064300
2025-11-17,116.90081024169922,118.70875924248826,116.33458466394876,118.18226972374043,16034900
2025-11-18,118.24187469482422,118.68889969210812,115.70876335906323,116.48359759303432,15808500
2025-11-19,116.572998046875,117.39750425129373,115.16240200147725,116.07630865802689,15919200
2025-11-20,116.24517822265625,118.22200739590019,115.96703338472082,117.1988284939755,14401000
2025-11-21,116.3047866821289,116.60279576188553,114.88425475654147,116.215378652987,15667600
2025-11-24,115.20213317871094,116.42398477931181,113.98027399923178,116.42398477931181,18034900
2025-11-25,113.75180053710938,115.13259636601772,113.4339196465451,114.41736246752856,14434600
2025-11-26,114.01007843017578,114.97365705250216,113.55312510411062,113.65246904450274,11650600
2025-11-28,115.1524658203125,117.95379366366068,114.05975068319684,114.1888871955968,7240800
2025-12-01,115.8577651977539,116.6326070178609,115.33127565327204,115.33127565327204,12658100
2025-12-02,114.61603546142578,115.82795872805552,113.93060928943486,115.66902207182511,14607700
2025-12-03,117.02001953125,117.19882800902268,115.11272657538204,115.18226278457817,16819100
2025-12-04,116.36438751220703,117.55643899441883,115.8875699508737,116.72200447264626,13686900
2025-12-05,115.76836395263672,117.99353029817301,115.63922743960852,115.97697258701088,12516900
2025-12-08,115.21207427978516,116.22531730103631,114.2782958010143,115.06306594695681,14904200
2025-12-09,117.467041015625,119.67234312511398,116.11604526528723,116.12598117519698,23790800
2025-12-10,118.74849700927734,119.07631381660484,117.58624568752907,117.94386264481753,19845200
2025-12-11,118.74849700927734,119.5630672833503,118.28160778287973,118.32134384245383,14781800
2025-12-12,118.03326416015625,119.12597928223312,117.52663886961135,118.64916172079668,14459500
2025-12-15,116.98028564453125,118.24187334305759,116.07630732931369,118.22200910243764,16358700
2025-12-16,113.9206771850586,116.0663713785457,113.85114097459555,115.99683516808265,17638700
2025-12-17,116.63260650634766,116.84121514123433,114.40743257646578,114.44716863723637,18502200
2025-12-18,115.76836395263672,116.2153813721701,114.86438562480342,116.2153813721701,13705600
2025-12-19,115.91736602783203,116.79153657881096,115.1921962227349,115.97696632618475,45412800
2025-12-22,117.3676986694336,117.67564365102822,116.56305674309674,116.56305674309674,11768600
2025-12-23,118.62928771972656,119.23524935952017,117.53657261774538,117.68558094503335,12567600
2025-12-24,118.43061828613281,119.2551244849581,118.33128192481281,118.53989055724838,6137400
2025-12-26,118.32134246826172,118.758431539622,117.74518097944652,118.10279793258158,8066100
2025-12-29,119.73194122314453,120.49684711566579,118.60942594811912,119.35446002118661,14782500
2025-12-30,120.18889617919922,120.99353814268906,119.83127921295453,120.29816845104502,11150500
2025-12-31,119.54319763183594,120.45711186085562,119.07631597585063,120.37763974026633,10559900
2026-01-02,121.83790588378906,121.86770603383496,118.81803355745646,119.29485111594778,14175100
2026-01-05,124.52996063232422,125.09618621633267,121.57962453395653,124.38095230413707,30112200
2026-01-06,120.24850463867188,124.96705385497772,120.19883266800142,124.52002885557945,23328600
2026-01-07,117.7054443359375,119.32465652650383,117.48689980134242,119.00677563405961,20353000
2026-01-08,122.09618377685547,122.81141009874412,117.87432415932456,118.19220505090117,20232700
2026-01-09,123.78492736816406,124.0332720571173,122.28492332480052,122.4140674135384,16137700
2026-01-12,123.2087631225586,123.67565233999679,121.74849517146582,123.6359162811852,15314900
2026-01-13,125.7021484375,126.29817417410949,123.98359985841621,124.17234424691262,21619700
2026-01-14,129.33790588378906,130.8478457773565,126.2882335266516,126.5067780569478,27593900
2026-01-15,128.27500915527344,129.337916588086,127.45050293323732,128.27500915527344,17400000
2026-01-16,129.02996826171875,129.29818477469024,128.0167176687486,128.0564613080259,16592400
2026-01-20,129.59620666503906,131.0664030646928,129.20878953412497,130.6392422928985,16477300
2026-01-21,132.725341796875,132.84454240214342,131.0366008719565,131.0366008719565,18879900
2026-01-22,132.75514221191406,133.29156009444506,130.9770008295119,132.1690523578367,16600100
2026-01-23,134.0763397216797,135.07964686690326,133.58957864608686,134.1955403288625,17758200
2026-01-26,133.9471893310547,136.03329080527234,133.28162737596318,136.02334731663586,16056100
2026-01-27,135.92401123046875,136.02334000719668,133.81805320765937,134.35447104370763,14517000
2026-01-28,136.66905212402344,137.09619771667622,135.7650738112262,136.77832439433692,15637300
2026-01-29,139.57965087890625,141.3975359167848,138.18892661057401,139.39092163787078,35760600
2026-01-30,140.4637451171875,141.2683946138898,136.9173909644709,137.82136923864124,29657700
2026-02-02,137.48361206054688,139.39091258721533,137.14586692556136,138.9041515460256,27735600
2026-02-03,142.7783203125,144.04984387155233,137.39420942637852,137.7220262255062,37577800
2026-02-04,146.61276245117188,146.86110713253416,143.16573706124296,143.16573706124296,29426200
2026-02-05,145.11277770996094,145.75846787035985,142.84787524629766,145.60946711265478,18431700
2026-02-06,148.0631103515625,148.57967156189628,145.12270249015177,145.64919203150373,17216000
2026-02-09,150.20880126953125,150.54654639275728,147.64588238117187,148.27170066061862,21297300
2026-02-10,150.58628845214844,150.77503284913647,148.82801889209236,150.34788724143306,15800300
2026-02-11,154.52999877929688,155.89092284145423,152.55318473124476,152.95053017548196,23091500
2026-02-12,149.92999267578125,155.25,149.8800048828125,153.88999938964844,30652500
2026-02-13,148.4499969482422,151.66000366210938,147.97999572753906,150.5500030517578,20166000
2026-02-17,146.19000244140625,149.1300048828125,145.14999389648438,148.1999969482422,19766600
2026-02-18,150.67999267578125,150.97999572753906,147.61000061035156,148.14999389648438,19849700
2026-02-19,150.97000122070312,153.3800048828125,150.83999633789062,152.1999969482422,20305000
2026-02-20,147.27999877929688,150.80999755859375,146.4600067138672,150.49000549316406,25908600
2026-02-23,150.75999450683594,151.27000427246094,148.1300048828125,148.14999389648438,16073100
2026-02-24,149.25999450683594,150.72000122070312,148.02999877929688,150.4199981689453,14185500
2026-02-25,149.05999755859375,150.17999267578125,147.3300018310547,149.91000366210938,15225700
2026-02-26,148.5399932861328,150.9600067138672,146.77000427246094,147.80999755859375,15632100
2026-02-27,152.5,153.64999389648438,149.25,151.0,30275100
2026-03-02,154.22000122070312,159.61000061035156,153.02999877929688,159.35000610351562,31493100
2026-03-03,151.8300018310547,156.0500030517578,150.3000030517578,155.42999267578125,25198900
2026-03-04,149.82000732421875,151.16000366210938,147.86000061035156,150.72000122070312,16764800
2026-03-05,150.75999450683594,152.3300018310547,149.47000122070312,151.0,22969300
2026-03-06,151.2100067138672,153.8000030517578,149.9600067138672,153.14999389648438,21136400
2026-03-09,150.44000244140625,153.88999938964844,149.47000122070312,152.02000427246094,25532700
2026-03-10,148.1300048828125,150.39999389648438,147.6999969482422,149.25,19617600
2026-03-11,151.5800018310547,151.80999755859375,147.66000366210938,147.99000549316406,15297400
2026-03-12,153.52999877929688,155.0,151.6300048828125,152.27000427246094,26054000
2026-03-13,156.1199951171875,156.88999938964844,152.97999572753906,154.3000030517578,22414100
2026-03-16,157.22999572753906,157.77999877929688,154.75999450683594,156.0,22835600
2026-03-17,158.80999755859375,160.4499969482422,156.8000030517578,158.25,21592200
2026-03-18,157.58999633789062,160.17999267578125,157.52999877929688,159.66000366210938,18947100
2026-03-19,158.16000366210938,159.55999755859375,154.83999633789062,158.25999450683594,27082700
2026-03-20,159.6699981689453,162.44000244140625,159.10000610351562,159.35000610351562,53942100
2026-03-23,161.1300048828125,161.4199981689453,155.02000427246094,156.1199951171875,25021300
2026-03-24,165.3800048828125,167.47999572753906,161.25,161.7100067138672,26131800
2026-03-25,163.25999450683594,165.0,162.92999267578125,163.8699951171875,17192300
2026-03-26,165.42999267578125,165.67999267578125,162.05999755859375,164.08999633789062,18625200
2026-03-27,170.99000549316406,171.22999572753906,164.8000030517578,165.5800018310547,30338300
2026-03-30,171.47000122070312,176.41000366210938,171.0500030517578,172.50999450683594,29813500
2026-03-31,169.66000366210938,174.3800048828125,165.97000122070312,172.6699981689453,32006700
2026-04-01,160.77999877929688,168.0,159.52999877929688,165.77000427246094,37927600
2026-04-02,160.69000244140625,166.89999389648438,159.58999633789062,164.49000549316406,25377700
2026-04-06,163.3699951171875,163.75,159.52999877929688,160.57000732421875,16344300
2026-04-07,163.91000366210938,166.24000549316406,161.77000427246094,164.22000122070312,25227500
2026-04-08,156.22000122070312,156.35000610351562,150.97999572753906,153.52000427246094,31311200
2026-04-09,155.0399932861328,159.22999572753906,154.30999755859375,156.86000061035156,25849000
